sample_idx,video_id,gt_music_id,difficulty_bin,cluster_k3,cluster_k4
0,0rSMOxkWQV4,0rSMOxkWQV4__t8g161sRIU,Easy,0,3
1,9VqBjf-GiLk,9VqBjf-GiLk_j-29VKDMZJk,Medium,1,1
2,3ZkICTJQKJ8,3ZkICTJQKJ8_hM9nzszc1h0,Easy,2,2
3,uIC-nr1Z7B8,uIC-nr1Z7B8_PKToZOVRlVc,Hard,0,3
4,3chzY1LeVcE,3chzY1LeVcE_xWdXobEN3Wk,Hard,2,0
5,ob8bjBMuNKo,ob8bjBMuNKo_IU_J-B9fEiw,Hard,0,0
6,NgnvptGCdvw,NgnvptGCdvw_ZTgb2R8NnPo,Easy,1,1
7,_LJfKHOx4O4,_LJfKHOx4O4_AsUAZilovK8,Hard,0,3
8,2ZURBj-tqOk,2ZURBj-tqOk_IeYNMsaDhoE,Hard,1,2
9,ZUpjp63sM_o,ZUpjp63sM_o_-xHu73hcdts,Medium,1,0
10,AwHYiS9aQrQ,AwHYiS9aQrQ_EZavar0S0JA,Hard,1,1
11,FM3zPkIULME,FM3zPkIULME_ErEUbARnZFw,Medium,1,1
12,llDRxMRRP4Q,llDRxMRRP4Q_dkjl0oloZMA,Hard,0,3
13,tu-n5fUfjc4,tu-n5fUfjc4_8fCX0dDDWnM,Hard,2,2
14,xFWlPUODPH4,xFWlPUODPH4_qw2-UUwDRsc,Medium,2,2
15,JNKpf4DLzJ0,JNKpf4DLzJ0_S0NI5pfSghk,Medium,2,2
16,BjTyDzn5Y8Y,BjTyDzn5Y8Y_pkalu_UHEB0,Easy,0,3
17,KbvUKtiKtsc,KbvUKtiKtsc_rMGdjrzHVak,Hard,1,0
18,L-wrbqdXVLE,L-wrbqdXVLE_cd4dXl2zwtE,Medium,0,3
19,0nj2dvnGY1s,0nj2dvnGY1s_mGKERwrGOjk,Easy,1,0
20,wunrK8XPH2I,wunrK8XPH2I_rWJBTDq84Ps,Hard,0,3
21,EyE0vY_oGkI,EyE0vY_oGkI_324Zrj2uwuA,Medium,0,3
22,HFeNn5AQHbs,HFeNn5AQHbs_n_PJKjj9FlU,Hard,1,1
23,Ynt605Qt2TA,Ynt605Qt2TA_o-vPRe3igLY,Medium,1,1
24,kMYVLDtllQ8,kMYVLDtllQ8_VJ9v2E5jrgA,Medium,1,0
25,XD8I3CtAtvY,XD8I3CtAtvY_zYSy1Io3KzA,Easy,1,0
26,ByMDg0Fh5mw,ByMDg0Fh5mw_oe9dE8k-018,Easy,1,0
27,ezgcVa7BisQ,ezgcVa7BisQ_g3EePCPLLPY,Easy,1,1
28,VwCNzKFiPT0,VwCNzKFiPT0_R1bM4EjMRoU,Medium,0,1
29,nZHpYFQ9v1s,nZHpYFQ9v1s_YQqfeXRcBJs,Medium,0,3
30,ucCa0i4bFEs,ucCa0i4bFEs_iNJnr3dobwY,Medium,1,0
31,nBqXV3fAMNo,nBqXV3fAMNo_eaj-oJ9xpi0,Hard,1,0
32,h84_FdjNQ58,h84_FdjNQ58_N_9a8tAqBWU,Medium,1,0
33,RCOcdMVmKBE,RCOcdMVmKBE_NgHm5NqfOsg,Hard,0,3
34,RsBX4yOrKBw,RsBX4yOrKBw_TCL4rxPGgcY,Medium,1,0
35,y1tZEXhgzBA,y1tZEXhgzBA_254cfdAD7TA,Medium,1,1
36,5C70IZwHA5g,5C70IZwHA5g_mgdqD5ZXqAY,Medium,1,1
37,FAQ5V-TcNac,FAQ5V-TcNac_CO1Qanz8Usk,Medium,1,1
38,SdtFUTwnYIA,SdtFUTwnYIA_lDAcax4vCOM,Hard,0,3
39,tnKOzmfwE4g,tnKOzmfwE4g_kO0T_w3PErM,Hard,0,1
40,ldHV3ewjZxQ,ldHV3ewjZxQ_rzU0jyR6Juk,Easy,1,1
41,aBMjRj9WNqI,aBMjRj9WNqI_o1r8tNnAB08,Hard,0,3
42,8xlw3-_0nS0,8xlw3-_0nS0_q3h-KxwVG5A,Medium,0,0
43,BWA8uWzFeA0,BWA8uWzFeA0_tCWFZJl4ktw,Hard,0,0
44,TDKfKz4vqZM,TDKfKz4vqZM_iuohFaRns-c,Easy,0,3
45,XNQ5IJ6FjQQ,XNQ5IJ6FjQQ_oZ4ITzMCQBg,Hard,1,1
46,KnmWg7aEyiE,KnmWg7aEyiE_xO1RNAzIvK0,Medium,2,2
47,N0NNTCkktwo,N0NNTCkktwo_zmcap1VlEek,Easy,1,1
48,-ON3YEfPhMk,-ON3YEfPhMk_x0icudtLuTY,Easy,1,1
49,0fbElx-VPaY,0fbElx-VPaY_f4CK8gh22gc,Hard,0,3
50,HU2OqrDsYUI,HU2OqrDsYUI_PPWQqs1P5pg,Hard,0,3
51,oDpiCTAJQac,oDpiCTAJQac_POJ7ewxKmDo,Easy,2,2
52,U9Ei3aEZtcw,U9Ei3aEZtcw_gzxzEfba-6Y,Easy,1,1
53,0K9bQejW08U,0K9bQejW08U_sero9EK_L8c,Easy,0,3
54,_8YWB9SlUFU,_8YWB9SlUFU_QP5qHCe9FP4,Easy,1,1
55,IHMI8rEJq_I,IHMI8rEJq_I_6CKh-KjtuVU,Medium,1,1
56,oVK_qUolRb8,oVK_qUolRb8_dPHUlMwXSoE,Easy,1,1
57,2aXypurqNlA,2aXypurqNlA_Ap-A0RKhi2s,Medium,1,1
58,-RLE3YTvwAs,-RLE3YTvwAs_o_IZLsjsIDA,Medium,1,1
59,a9UhWisbwR0,a9UhWisbwR0_Q_WMic0ZLCY,Easy,1,0
60,j6cpRC-CWvo,j6cpRC-CWvo_YVOukDyaGsY,Medium,1,1
61,eWb4SiYu10I,eWb4SiYu10I_0oLBdWDPi1I,Medium,0,3
62,c4J5OkGzYi0,c4J5OkGzYi0_xJsPZNKfy3U,Medium,1,0
63,eZ2L7APE2Fs,eZ2L7APE2Fs_HKo7DEOjXng,Medium,1,0
64,ezptTfTjBOU,ezptTfTjBOU_jOe-RZwrX7g,Hard,2,0
65,BYfoU85pdr0,BYfoU85pdr0_FGt5fHUVzxk,Easy,1,1
66,7R9BibXk2gY,7R9BibXk2gY_NMrFpWsxTyA,Easy,1,0
67,kIbZlbFDQzo,kIbZlbFDQzo_ZjIlkuFlGcQ,Hard,0,3
68,ELuMMvFSWgM,ELuMMvFSWgM_cthIahPnrh4,Medium,1,0
69,sao9iC8pAUI,sao9iC8pAUI_zKMO7kWAGzs,Hard,0,3
70,FKCNx_ynEHU,FKCNx_ynEHU_ELq9urWGe3Y,Easy,1,1
71,JDI1C3TInIg,JDI1C3TInIg_NLV_wabESxs,Medium,1,0
72,PVRMxRmnDvY,PVRMxRmnDvY_oOHpaYYPdP8,Medium,1,1
73,gkGuNNWcx84,gkGuNNWcx84_VHuKfcxDJcE,Easy,0,0
74,-RlYtFtLV4Q,-RlYtFtLV4Q_shl1OAav0kY,Easy,1,1
75,4Uc09lQ4Es8,4Uc09lQ4Es8_nbBOO1ocOPs,Medium,1,1
76,TLNdscrZ5wU,TLNdscrZ5wU_c3MQMyPfDxk,Easy,2,2
77,G7Ss-uaB7bQ,G7Ss-uaB7bQ_sg4wWtZ-s2A,Hard,2,2
78,VLaI4S6DmWA,VLaI4S6DmWA_FpJ-GHbKMFY,Hard,1,0
79,k5VHKqb9o1k,k5VHKqb9o1k_FadxV4C7eYM,Medium,0,3
80,6hwHFZJmuQ8,6hwHFZJmuQ8_mIUsmyGXDc4,Medium,1,0
81,GSYFI7_VIG8,GSYFI7_VIG8_Y7t8yYZp9XA,Medium,0,3
82,TbMKTZbUxzI,TbMKTZbUxzI_YxVvA5-Ndmg,Easy,0,3
83,CqyQfRc-1B0,CqyQfRc-1B0_aa-k5lVELL8,Hard,1,0
84,hI3v8ebuS4M,hI3v8ebuS4M_MUmxgjRqGnM,Medium,0,3
85,rv0XpKrMYKI,rv0XpKrMYKI_zp-B-mSEUDE,Medium,0,3
86,ccW-5IQ6TS8,ccW-5IQ6TS8_ADTrun53E0c,Hard,1,1
87,XCfdu5SAhiE,XCfdu5SAhiE_htxmwgi-ufg,Hard,2,0
88,IM4VAiWFOxU,IM4VAiWFOxU_RYuhf0ucfiw,Medium,0,3
89,CIi0Stbf8sY,CIi0Stbf8sY_N6RMg8iZbbQ,Medium,0,3
90,D_oNccaFno0,D_oNccaFno0_8B2A8XD_kfc,Hard,0,3
91,48UhQ6rAvac,48UhQ6rAvac_EBVuwhnqFEM,Easy,0,3
92,d-N5LNlfCkw,d-N5LNlfCkw_rLWhFcpLpek,Easy,1,0
93,Rt-jn_fCdro,Rt-jn_fCdro_EyS8E0iUQA8,Hard,2,2
94,o5Y6dgFL1a8,o5Y6dgFL1a8_fZnXTA6Maso,Easy,1,1
95,a-pYG7ZCLj0,a-pYG7ZCLj0_fS_hoy6Zhos,Medium,1,1
96,Ac1Vsq_TOMU,Ac1Vsq_TOMU_qw2-UUwDRsc,Easy,1,1
97,lMlz26OJbsc,lMlz26OJbsc_Mi24tLiQ804,Easy,1,1
98,Hs05RNtQ08s,Hs05RNtQ08s_ooE-C9r-tgM,Medium,0,3
99,zEFEOnXKWuc,zEFEOnXKWuc_EyS8E0iUQA8,Medium,2,2
100,5mb6MdC5CQw,5mb6MdC5CQw_7V6b7HFxdV0,Medium,0,3
101,szjA8MxsM2w,szjA8MxsM2w_EdUf-KOcK6g,Easy,1,1
102,tJAgpHSJPKA,tJAgpHSJPKA_aBgzFGSgVxo,Easy,1,0
103,45q3gsE4PeE,45q3gsE4PeE_MiXWnF3jOrM,Easy,1,1
104,iV3xE72xNJg,iV3xE72xNJg_K124ajZigxc,Easy,1,1
105,ARjCqWUhS2Q,ARjCqWUhS2Q_gHh9sZ3Eiv8,Easy,1,0
106,hsFWIjoPcFw,hsFWIjoPcFw_ZM1W_IXdeV8,Hard,1,1
107,RVNvBnar_rI,RVNvBnar_rI_JaqRsPHA-7s,Easy,0,3
108,tUs74oXu4a0,tUs74oXu4a0_B0oBkKWqKpo,Easy,1,0
109,OBTX0K4iymE,OBTX0K4iymE_MY46Ue0QDrE,Hard,1,0
110,_-amj6C246Q,_-amj6C246Q_ssN4VIrWIdQ,Medium,2,2
111,VDFKfp_7BBA,VDFKfp_7BBA_8VWOgUfnjbM,Easy,1,1
112,dgBg7fQ2q6o,dgBg7fQ2q6o_UZkGESioXjo,Medium,1,1
113,Sjhr70ogBeI,Sjhr70ogBeI_1IxAV-8pz78,Medium,1,1
114,KW9L4ZWFlHw,KW9L4ZWFlHw_eiVVclfASCE,Medium,0,0
115,YR0W4NdY5Qk,YR0W4NdY5Qk_YxVvA5-Ndmg,Easy,1,0
116,KPFDz3VoOVQ,KPFDz3VoOVQ_eJ6Lmqz-ytM,Medium,0,3
117,7Z8QPHQnVO0,7Z8QPHQnVO0_lIDWbCDR4zs,Hard,0,3
118,VhxFY_TjyJ0,VhxFY_TjyJ0_bOwH_4JgTqE,Hard,1,1
119,GiB-vZURdcQ,GiB-vZURdcQ_WzHXRZq8jCg,Hard,0,3
120,qxj8OQg4ukw,qxj8OQg4ukw_o_IZLsjsIDA,Hard,2,2
121,O-03fJbwfiE,O-03fJbwfiE_iZwlrqHqBqM,Hard,2,2
122,BPddhcPVqsw,BPddhcPVqsw_RHxyakfq0Us,Medium,1,1
123,iWKoFZAX4MM,iWKoFZAX4MM_dVoN7QajNz8,Medium,1,0
124,8TEcifhiCGE,8TEcifhiCGE_LxzgtjBjdGc,Hard,2,1
125,RTh_BZHs_h8,RTh_BZHs_h8_tL2oeZKfjPA,Medium,1,0
126,GWqkb5gbAvI,GWqkb5gbAvI_XOkxT08eD4w,Hard,2,2
127,qsoIC7kfYI0,qsoIC7kfYI0_n62BeZmncHs,Easy,1,0
128,z86_x_TFkdM,z86_x_TFkdM_VieZhgZDxxg,Easy,1,0
129,S2ekuXI4xuk,S2ekuXI4xuk_1TF9IP_YHPQ,Easy,2,2
130,yMGG591ZnnE,yMGG591ZnnE_hteJeQMTlF0,Easy,1,1
131,YipOYNsvP_k,YipOYNsvP_k_i9wsaxTl-2Y,Medium,0,3
132,ixYcnimo318,ixYcnimo318_9_VeEd9Nk60,Easy,2,2
133,oaNmXGIwGnA,oaNmXGIwGnA_h3KyP63PGPU,Hard,0,3
134,KQY4tyoQMbg,KQY4tyoQMbg_Rx1JjJ2wBkY,Medium,2,2
135,XFk7hj73yRM,XFk7hj73yRM_h09MG5uReEo,Hard,1,1
136,HQQwHz6X-eg,HQQwHz6X-eg_bf7L6ZcSiWQ,Hard,1,0
137,sAelu_dNL8o,sAelu_dNL8o_vAxuuiIHf5M,Medium,0,3
138,tFGqDmSBGDY,tFGqDmSBGDY_qgOL13i-RTs,Easy,1,1
139,2Myk6X_glgk,2Myk6X_glgk_z486zUrUJSc,Easy,1,0
140,adGqUaCDels,adGqUaCDels_S5lEMkBG5a8,Hard,0,3
141,cB1YP533mVw,cB1YP533mVw_-y-Jyc_NF8o,Easy,0,3
142,dW-MIzrtFL0,dW-MIzrtFL0_vm37YxPGqW0,Hard,2,2
143,O4YW7Otc8Hc,O4YW7Otc8Hc_nD50b6eQM-4,Medium,1,0
144,RcxlexAJycY,RcxlexAJycY_l1MJvUPJ10U,Medium,1,2
145,yQTJIlZ795Y,yQTJIlZ795Y_pmS02POSG3Y,Easy,1,1
146,1OZV60Dx7yU,1OZV60Dx7yU_jPIiWawpf8g,Hard,2,2
147,CX5a4IWs26Q,CX5a4IWs26Q_J0Jerke72GU,Easy,1,0
148,TureqakUt_w,TureqakUt_w_eaUzZvS3EaI,Hard,1,0
149,c8WaDbQVbb0,c8WaDbQVbb0_hjMdOojLoX8,Easy,0,0
150,v4_n5CIlLPc,v4_n5CIlLPc_0n7YhYukazE,Medium,0,3
151,4NwNJGEQqDc,4NwNJGEQqDc_3rq5zE9DkBs,Medium,1,1
152,MCyukZeUAZQ,MCyukZeUAZQ_8KmvFFBfh-8,Hard,2,2
153,mvxX8bieRS4,mvxX8bieRS4_O6vFtQR4TGs,Medium,2,2
154,DUbQZl7_OI0,DUbQZl7_OI0_VpqizRgPJs8,Hard,2,2
155,HFAUlpS1EbY,HFAUlpS1EbY_o1iI515pbu4,Easy,1,1
156,RvYL2iai7ks,RvYL2iai7ks_ji18GR7u2Ng,Medium,0,3
157,OFuC66nlNTQ,OFuC66nlNTQ_Ri-bxNP4CHU,Easy,0,3
158,PnIqyJEiSzY,PnIqyJEiSzY_OJAEqujMe_A,Medium,1,1
159,UQ0c0BgZgCQ,UQ0c0BgZgCQ_37MBv4hW2R0,Hard,2,0
160,Pl5HThRM9Jw,Pl5HThRM9Jw_1cbb1aL2oVU,Easy,2,2
161,VmCOPbR8xIg,VmCOPbR8xIg_pMWHhrBdWDQ,Easy,1,1
162,53GxtCLA3iA,53GxtCLA3iA_mAPm8yeZJJw,Medium,1,1
163,jY7qdetOpGs,jY7qdetOpGs_evzxOqu6qRs,Easy,1,1
164,9VoGNx0w-5I,9VoGNx0w-5I_-0-38moziws,Easy,0,3
165,RtZbYbdD6gQ,RtZbYbdD6gQ_dMXeOFcw3HE,Easy,0,3
166,QKvUGxF7qzA,QKvUGxF7qzA_scdO5HE8so4,Hard,2,2
167,wXFOKX-VklI,wXFOKX-VklI_O-EevC0Kirs,Easy,1,1
168,uH4vA58E6BU,uH4vA58E6BU_wwI2yKTidQA,Easy,0,0
169,rC-5Qp7JReA,rC-5Qp7JReA_hM9nzszc1h0,Medium,0,3
170,_EufnmcMDI8,_EufnmcMDI8_tKnkkMJ4taM,Medium,2,2
171,mO1ys3fATMU,mO1ys3fATMU_QPKS8Uoyda8,Hard,0,3
172,-hqbkY1-iLQ,-hqbkY1-iLQ_xV5Mc3UeAyQ,Hard,2,2
173,8uutmBRg5ig,8uutmBRg5ig_wXi_Y0t6ThM,Easy,1,1
174,tOVs4LF4o68,tOVs4LF4o68__IroN3PMLZY,Easy,1,1
175,bUQ8ljkfPVc,bUQ8ljkfPVc_N8jVfbqRNY8,Medium,2,2
176,nE3ES0Q_37s,nE3ES0Q_37s_jIHtAEZo7Tk,Easy,0,3
177,SF54rvmCkMA,SF54rvmCkMA_o_IZLsjsIDA,Medium,1,1
178,i7wXOkFbA5c,i7wXOkFbA5c_DmUknYOVte4,Hard,1,1
179,JzSLIe2liYc,JzSLIe2liYc_XxUJN4wkCEs,Hard,0,3
180,ylSOuQj4XO8,ylSOuQj4XO8_NbnNAGtoEbo,Easy,2,2
181,xzMNJ9Doi7w,xzMNJ9Doi7w_kNAGiATVXYg,Medium,0,3
182,Xoaqn3up9lY,Xoaqn3up9lY_nF_cogmD1uc,Hard,2,0
183,_TjrsHawUsM,_TjrsHawUsM_VQ3dHgd0kZ4,Hard,1,1
184,e-xrcish6UE,e-xrcish6UE_BUVt_VQFRhM,Hard,0,3
185,PejSVjDnqxM,PejSVjDnqxM_3AfKMyLHcGY,Medium,0,3
186,S_pV5QwV7E0,S_pV5QwV7E0_uCLJasQ4YRY,Medium,0,1
187,vwV9e9ytmuA,vwV9e9ytmuA_Tka6l8RuT2o,Medium,1,0
188,NMoQOY0Ffv8,NMoQOY0Ffv8_okIL9UR2lZk,Easy,0,3
189,KYllMZlAeV8,KYllMZlAeV8_buIG2WNGPr4,Easy,1,1
190,-oFLjtfAmiE,-oFLjtfAmiE_uR9HHIZS-30,Hard,1,1
191,vB25lIFjuns,vB25lIFjuns_x3YJAzhKF6Q,Easy,1,1
192,FloyolxkLT8,FloyolxkLT8_KoeO7Legs0M,Medium,1,0
193,zqAwunWnqOY,zqAwunWnqOY_6kq9LyqL-Nc,Medium,0,3
194,iohldJbFGaE,iohldJbFGaE_Ef9Y_6eL8ZM,Hard,1,1
195,-qRCsOwwfpY,-qRCsOwwfpY_-998yE4uFLQ,Easy,1,1
196,0tVHFW6iwrc,0tVHFW6iwrc_K4Z9k4qBtrc,Hard,1,1
197,mZFWgjfuW9o,mZFWgjfuW9o_i267Lpb-uX4,Medium,0,3
198,ceTAxiKn39w,ceTAxiKn39w_ZvuuusORYns,Hard,1,1
199,P1dUHOx1yDU,P1dUHOx1yDU_iymbOpOPdwA,Medium,1,0
200,IyPEZgy1SXI,IyPEZgy1SXI_gssFud8RmZE,Easy,1,1
201,Kgo4EU1nLkM,Kgo4EU1nLkM_okg3VGQ1nyM,Hard,0,3
202,KIx8L7odnQs,KIx8L7odnQs_iPrCrtrbiqI,Medium,1,1
203,JdgteG_bMJM,JdgteG_bMJM_X3elYVehS4w,Easy,0,1
204,sCXisjAoIhc,sCXisjAoIhc_0hMrj3zZxB8,Hard,1,1
205,EmZntsGZG8g,EmZntsGZG8g_MJ7utwnwcyM,Easy,0,1
206,3iJ7-4Tn5hk,3iJ7-4Tn5hk_g6z4YxJTGqU,Hard,0,0
207,yleB8fUXudw,yleB8fUXudw_zCeHQe_AtVk,Easy,1,1
208,1abALO45FCE,1abALO45FCE_qUJhMud2MMc,Medium,1,0
209,QZbcXlOrGLI,QZbcXlOrGLI_lkL8adbEIRg,Easy,0,3
210,7ffHe6ZgtOg,7ffHe6ZgtOg_DEOBq9CH_nE,Medium,0,3
211,O-564Yyt2vg,O-564Yyt2vg_GgxkiGb_W4I,Hard,0,3
212,EpuOnyooHFQ,EpuOnyooHFQ_qYV8jl5wTrM,Easy,0,3
213,XMy53Oz2JYU,XMy53Oz2JYU_DFZ_BkyMm_M,Medium,0,3
214,XvXaUg5Yl_4,XvXaUg5Yl_4_fKThmDQzYKY,Medium,0,3
215,yyaNJKJ6y6k,yyaNJKJ6y6k_0hMrj3zZxB8,Easy,1,1
216,tcQMLswsRWU,tcQMLswsRWU_Kp-1-icWRpc,Hard,1,0
217,ir9yLsrdxxQ,ir9yLsrdxxQ_N8gZTKu-gAo,Medium,1,0
218,GC2BbFsFSRI,GC2BbFsFSRI_l9SI54CXP2A,Hard,2,2
219,gC5dMDQ3gnw,gC5dMDQ3gnw_GO23CucfmCI,Hard,2,2
220,uIvktbjbrVc,uIvktbjbrVc_rIdeeIS1208,Medium,0,3
221,kDCy2JyPRUM,kDCy2JyPRUM_fOSoIM3IRDg,Easy,1,0
222,_4nG1DGesGA,_4nG1DGesGA_0hl8fH7zeJM,Easy,1,0
223,yeAnxWLmuLA,yeAnxWLmuLA_EWH98W-YaGg,Easy,1,0
224,1vMzgFjCFXo,1vMzgFjCFXo_swHmydviuxc,Hard,2,2
225,B-xfUgCXD3g,B-xfUgCXD3g_neqyMe4ZCRk,Hard,0,3
226,bSuFhV9X-PA,bSuFhV9X-PA_rNXvMajnoQ4,Hard,2,2
227,lndobOAB3QY,lndobOAB3QY_CeN4k8JHDdM,Easy,0,3
228,huag5x5X88w,huag5x5X88w_ztCgSVwjOmI,Hard,2,1
229,ZfNcFf4e_fM,ZfNcFf4e_fM_10AlEb4dc3w,Medium,1,0
230,PYbc-3wnA8I,PYbc-3wnA8I_GFfJT6L6vZg,Hard,1,0
231,IFdB-23V8gk,IFdB-23V8gk_Y4GZppDWDeY,Hard,0,3
232,YuHgyJXc2d0,YuHgyJXc2d0_wy_Z4ksDanM,Medium,1,1
233,3nF_J0lLhV4,3nF_J0lLhV4__Reka1uV_cI,Easy,0,3
234,hBOdgHE8yhw,hBOdgHE8yhw_PnIqyJEiSzY,Easy,1,1
235,29caU6DI9kQ,29caU6DI9kQ__LZvHatk9I8,Medium,1,1
236,N59Jouw_QJM,N59Jouw_QJM_BRn8hZElr-E,Easy,1,1
237,4SV5SW58SjQ,4SV5SW58SjQ_AQ3rU8cLNfo,Medium,1,0
238,IOVq3r52-Qs,IOVq3r52-Qs_l8wcAtDQDCA,Medium,2,2
239,HgKH0MLqG3I,HgKH0MLqG3I_nAC2IWBYg9E,Easy,1,1
240,FoSEELvd-9A,FoSEELvd-9A_u-tOstQn_28,Medium,1,1
241,yvdL2Hpx1ok,yvdL2Hpx1ok_Bzohm4QBB88,Medium,1,1
242,rpyKBphjkkc,rpyKBphjkkc_P7godOh946M,Hard,1,1
243,n__r6ffjnHg,n__r6ffjnHg_iyexM57MRas,Medium,1,1
244,C8ZKwUYMkKw,C8ZKwUYMkKw_Ya69npetvcg,Hard,1,0
245,c4H_5veYRBM,c4H_5veYRBM_AZMA-U8wWnI,Easy,1,1
246,lxS9fqZ5S3o,lxS9fqZ5S3o_EbGZDf56DbI,Medium,1,1
247,T7IJORMqVqU,T7IJORMqVqU_vNXbYItuLX8,Hard,2,2
248,5Dyn5tjUUHY,5Dyn5tjUUHY_BoyCect-ZOY,Medium,0,3
249,EP0wUgwGm8g,EP0wUgwGm8g_6uvzhbTop-g,Easy,1,1
250,mjkjaFAeYz8,mjkjaFAeYz8_k4f-LnU67mM,Hard,1,0
251,4KerfyCG8oM,4KerfyCG8oM_fULqsoCzpWA,Hard,0,3
252,zssll8nKbrc,zssll8nKbrc__gTY4pzdNEk,Easy,1,1
253,mrVP6AxTegg,mrVP6AxTegg_X-yj3eLt8iU,Medium,1,1
254,jngzLytS9g8,jngzLytS9g8_qfzZKhOyEME,Medium,1,1
255,cQWNJbYmG7k,cQWNJbYmG7k_9fIy3WtdYwI,Medium,0,3
256,JOUczfMaLTE,JOUczfMaLTE_F91pQy19-j0,Medium,0,3
257,fkThnWqOCWk,fkThnWqOCWk_YFsT-axGsjg,Hard,1,0
258,HC5L8eGK2tQ,HC5L8eGK2tQ_aw1Lk5E__ag,Medium,0,2
259,7Z7BObaFOCM,7Z7BObaFOCM_3ELiPdHxRyk,Medium,1,1
260,vc_WTzYu3io,vc_WTzYu3io_oNFTgbOdnPU,Easy,1,0
261,dLkm-Bpkgv4,dLkm-Bpkgv4_Hwl1Bf4gLvI,Hard,2,2
262,P3jifWfHfig,P3jifWfHfig_LBgl_D4zPFY,Medium,0,3
263,U16JJVWpGko,U16JJVWpGko_n6mU7aN1Kq4,Medium,0,0
264,yu729ptnt2A,yu729ptnt2A_o-dlOQr3HPQ,Hard,2,2
265,S4VqT3KJBVY,S4VqT3KJBVY_--s1FqX3wFg,Hard,1,1
266,C17TQQChANM,C17TQQChANM_UKUdw0zDC5w,Easy,0,3
267,KyKn6hdF_ok,KyKn6hdF_ok_oe9dE8k-018,Hard,2,2
268,8XxeXp3iEWk,8XxeXp3iEWk_nsdvAspK3k8,Medium,0,3
269,kWEZqFah37k,kWEZqFah37k_5AnT1Zr_G1U,Hard,0,3
270,Q6pOC46ObzE,Q6pOC46ObzE_Es1F1ZJK31s,Hard,2,2
271,T6KPb4tsHBI,T6KPb4tsHBI_DvrCeS60ctQ,Hard,0,3
272,SL43xOqNcw0,SL43xOqNcw0_OD82acMDVQM,Medium,2,2
273,VwVkRMWOsZc,VwVkRMWOsZc_c-Q9Z7ThsyE,Hard,2,2
274,0uqywaQZvK0,0uqywaQZvK0_EkR9uXQFMZ0,Hard,1,1
275,_4bveDOu8M4,_4bveDOu8M4_V73sj2V_lkg,Hard,0,3
276,OzVLTg0H980,OzVLTg0H980_c-8S3LqKc7c,Medium,0,3
277,iupAvUSdG4k,iupAvUSdG4k_x3vctJ0BkAA,Hard,1,0
278,3gh7a-SgPHQ,3gh7a-SgPHQ_5IWUN9QJ4bE,Medium,1,1
279,Lx1m-fnlJ2A,Lx1m-fnlJ2A_WzHXRZq8jCg,Hard,0,3
280,VETkbKAF23k,VETkbKAF23k_f5dHA4akHd8,Hard,2,2
281,bMlOkETY0NQ,bMlOkETY0NQ_r35mdpmBfGQ,Easy,0,3
282,2hmtOxkXNZ8,2hmtOxkXNZ8_4RtFJTD75fI,Easy,0,3
283,bvDTAQ42WpU,bvDTAQ42WpU_hqy8K6RnxvQ,Easy,1,1
284,wUcCgDg1hNU,wUcCgDg1hNU_eWmNDNIoXpY,Easy,0,3
285,CuItvq5HYqg,CuItvq5HYqg_Uajg_Uumtrg,Hard,2,2
286,c1vEI14A5_E,c1vEI14A5_E_RE3Tn_WLg2o,Medium,0,3
287,Pf1kAw78Bmg,Pf1kAw78Bmg_MkQODlgZAho,Hard,1,1
288,Ff4IIKMGH4s,Ff4IIKMGH4s_0ZSiwez2hX8,Easy,1,0
289,yFTqDmlMQrw,yFTqDmlMQrw_uf5bt-RvmY0,Medium,1,1
290,iid2rN5xffs,iid2rN5xffs_JbCqG-E6Mm4,Medium,1,1
291,wWs1Am7nxD8,wWs1Am7nxD8_guyTMxG8bk0,Easy,2,2
292,sAYTsvBLyt8,sAYTsvBLyt8_3yGQR3DK-7A,Medium,0,3
293,jv2e8BXi9XU,jv2e8BXi9XU_pTirGIN2yWA,Hard,1,1
294,a7zMsx9Mmh0,a7zMsx9Mmh0_FXrTub8TVJ0,Hard,1,1
295,OXVZTU5NxHk,OXVZTU5NxHk_r81-X_pjiVo,Hard,2,2
296,cmDBrFtau5s,cmDBrFtau5s_Qu3JeukX1Hw,Hard,1,1
297,XKvLP1cMztc,XKvLP1cMztc_-9qMmS5Cgl4,Easy,1,1
298,y4QnPrHfT8w,y4QnPrHfT8w_5Z0hzmdMlQs,Hard,1,1
299,QfHTaVIZwNY,QfHTaVIZwNY_Fw_1yZAsMqg,Medium,1,1
300,8nlpzw_PxXE,8nlpzw_PxXE_XkOjpXUfiI8,Easy,1,0
301,rIKyRNWDdEU,rIKyRNWDdEU_j3nXBMZkYPM,Easy,1,0
302,9EmicnL1PVg,9EmicnL1PVg_F6LFNCryryA,Hard,1,0
303,yGd2ojmUoSs,yGd2ojmUoSs_uIHbjJezjgE,Medium,0,3
304,tDFmih3aa9A,tDFmih3aa9A_mNyLyGeG3e0,Easy,1,0
305,ticxoD9rG0c,ticxoD9rG0c_h0p7kA-SRhk,Hard,1,0
306,rdjEXXHPft4,rdjEXXHPft4_NQrvTJtSJQI,Easy,0,3
307,DL3dhkazIc8,DL3dhkazIc8_tQjxTUSkOqs,Medium,0,3
308,DSuXZI3FX4o,DSuXZI3FX4o_l-ZI6mcynGo,Easy,0,1
309,zb0QgGrsKgE,zb0QgGrsKgE_PM_EpGPPoKY,Medium,0,3
310,9wVRNILwL4I,9wVRNILwL4I_yp0PNekX4vI,Hard,0,0
311,dbJrb9ycYe0,dbJrb9ycYe0_7Utvk3qZIWE,Easy,0,3
312,nQZ9SRc98nk,nQZ9SRc98nk_ebNIqJn-yBY,Hard,0,0
313,z7Dy7s5tg2o,z7Dy7s5tg2o_ziYVQWdqAEM,Medium,1,0
314,09MT0GCDw7Y,09MT0GCDw7Y_nPoa5m9GPWk,Hard,0,3
315,hLGkBwfE3VQ,hLGkBwfE3VQ_1C5QcOAW3Dk,Hard,1,1
316,n8UI5I-4AQQ,n8UI5I-4AQQ_NF58qogyz1o,Hard,1,0
317,Pjfn4DtPtp4,Pjfn4DtPtp4_RJqf60x9Un8,Hard,2,2
318,Uaxis6Qa1J4,Uaxis6Qa1J4_8i-03ZurEe8,Medium,1,0
319,qKF1cdFdlgo,qKF1cdFdlgo_uASCrVnpPG0,Medium,1,1
320,bVRoKHw_84A,bVRoKHw_84A_8Ht9RnPidtc,Medium,1,0
321,qhubfQBHlbQ,qhubfQBHlbQ_bG9A012N3f8,Hard,2,2
322,acVSNozfuOg,acVSNozfuOg_xOXXnVzv5pw,Medium,0,3
323,7KnEzXBwovQ,7KnEzXBwovQ_VdzigTcir9U,Easy,1,0
324,5NJk1JT5KHw,5NJk1JT5KHw_zPm8Fh_dDhw,Easy,1,1
325,Tw534npYqtw,Tw534npYqtw_6Ebd8mapElY,Medium,1,0
326,Nun6L-ahGL8,Nun6L-ahGL8_nbchhRSriRg,Hard,0,3
327,uOhDK7xRT9A,uOhDK7xRT9A_eB9dsFRrv1w,Easy,1,1
328,DJFPvL86sxQ,DJFPvL86sxQ_oOHpaYYPdP8,Medium,2,2
329,IWLja3DfWIs,IWLja3DfWIs_5NpH4pvYskM,Hard,2,2
330,f9aQTseSSPc,f9aQTseSSPc_6Ey27DogimE,Hard,2,2
331,6TEo-6L1nVw,6TEo-6L1nVw_uIp3dHFTzFA,Medium,0,0
332,dy32-cMxFDw,dy32-cMxFDw_-s-L7qpZPNo,Medium,1,0
333,34nDHOcPWnw,34nDHOcPWnw_qdbQq2lOP8o,Medium,1,0
334,BFBx06LJwVY,BFBx06LJwVY_N9C3tZRNono,Hard,0,3
335,HgABvzJnlJg,HgABvzJnlJg_-0-38moziws,Medium,0,3
336,JRWzUJMYxpw,JRWzUJMYxpw_728v1Q1ezAs,Easy,1,0
337,FBJWk1W65Rc,FBJWk1W65Rc_TCbmNy8HjhA,Easy,2,1
338,FjdYI2onZ9A,FjdYI2onZ9A_awZOA0pleGw,Medium,0,3
339,gTPzi4Isqs4,gTPzi4Isqs4_OBsuZx3xPcQ,Hard,2,2
340,AeyO2D2_Qsw,AeyO2D2_Qsw_1WpKVx8lnrQ,Easy,1,0
341,DG_SMqFoKB8,DG_SMqFoKB8_7C2ssSnvfek,Medium,1,1
342,s6jm9igtHdw,s6jm9igtHdw_psnWYZjKCL0,Easy,1,0
343,mt5yUTv1kOg,mt5yUTv1kOg_hHR7SjajfzQ,Medium,1,0
344,s5cdMYxHL1Q,s5cdMYxHL1Q_m4TmNYNY0z8,Hard,1,1
345,lWuKRniZWbI,lWuKRniZWbI_g78yvB_TZec,Medium,0,3
346,2IhQLDEfq58,2IhQLDEfq58_EgWoRBjclAo,Hard,0,3
347,bHBRQSAYq70,bHBRQSAYq70_iDczY7m-4z8,Medium,0,3
348,6WpF3T7_-WY,6WpF3T7_-WY_334K3xDT5OU,Hard,0,3
349,RvkQSSNfk8k,RvkQSSNfk8k_cZf-ocrbFTA,Hard,2,2
350,j-9nscEQ3CA,j-9nscEQ3CA_IzBysXUNP-E,Medium,1,0
351,LlPgV1v2w34,LlPgV1v2w34_b121mDiErXA,Easy,2,0
352,xgozoaKfPqw,xgozoaKfPqw_LBARdHIVzGA,Easy,1,1
353,isTw9TZf93Y,isTw9TZf93Y_kYa2ko1MLsU,Hard,2,2
354,ohDk771Jgvs,ohDk771Jgvs_2GCm4cqhJ1I,Hard,2,2
355,dWIVba3XXCA,dWIVba3XXCA_lNJu9YEuayU,Hard,2,0
356,nQbJrkGidTY,nQbJrkGidTY_MYuU2_9Ld00,Medium,1,0
357,aXgXFr89wpY,aXgXFr89wpY_5cdy3zeBS0w,Hard,0,3
358,4ldBWUbiDTM,4ldBWUbiDTM_bs9xnYfKAQA,Medium,1,0
359,qTTjjEAL_e0,qTTjjEAL_e0_nsWCK3S48XI,Medium,1,0
360,KvXL8liNk50,KvXL8liNk50_bNV6WZHbJTw,Easy,1,0
361,tu9urROAAPI,tu9urROAAPI_XGnWMzgiu-4,Easy,0,0
362,d4DEekjdB0I,d4DEekjdB0I_yku2pMZ8PuQ,Easy,0,3
363,pGK_sukBKh4,pGK_sukBKh4_Zm4D9z1D0FE,Medium,0,3
364,XKMGhFjOoXg,XKMGhFjOoXg_Mbau7DWaexI,Medium,1,1
365,7C2ssSnvfek,7C2ssSnvfek_CGR7Nmhn4C0,Easy,1,1
366,8N4kllZBzH8,8N4kllZBzH8_HmO-dkg9vZs,Medium,2,1
367,Dc9cvHfK5T4,Dc9cvHfK5T4_e4q_aryI3AM,Hard,1,0
368,4pYwUVwudJY,4pYwUVwudJY_Kbt-s0jbWCc,Hard,1,0
369,rQUeksYfFQU,rQUeksYfFQU_Nv_XxIVG_Lo,Medium,0,3
370,OzRk4PJEN8o,OzRk4PJEN8o_YQqfeXRcBJs,Medium,0,3
371,KnPKDeUjiI4,KnPKDeUjiI4_zp381W6bARE,Medium,1,1
372,OSudNt22cVU,OSudNt22cVU_kBx9CgeMEd8,Hard,0,3
373,i-HtUuzHKTE,i-HtUuzHKTE_mFFH3HM3Rzg,Hard,2,2
374,yanevL11sIU,yanevL11sIU_SNArTXVWZns,Hard,2,2
375,OSEmYHghm-0,OSEmYHghm-0_ZT6QnwRfGpA,Medium,2,2
376,3GcS9vVL2us,3GcS9vVL2us_7KI2WldkuyY,Hard,2,0
377,gA7v-U09Zd8,gA7v-U09Zd8_BKPLwPSwODM,Hard,2,2
378,H3cgdx8Uym8,H3cgdx8Uym8_tVZlAvVvnQE,Medium,1,1
379,Zm7Wb0ZjPRc,Zm7Wb0ZjPRc_rQM-OZ66VNg,Medium,0,3
380,_zIiyK_XXcQ,_zIiyK_XXcQ_PqypvhXD2-Y,Medium,1,0
381,ZvzHyHgc4lA,ZvzHyHgc4lA_kSjyb634Zks,Hard,2,2
382,GtEiIq1POZI,GtEiIq1POZI_oe9dE8k-018,Hard,2,2
383,a_7lCaSuMhU,a_7lCaSuMhU_YkzYWriiACU,Hard,0,3
384,pY7xvqqyFTQ,pY7xvqqyFTQ_JBT6bQhJE-Y,Medium,1,1
385,7k3fHjgdAU4,7k3fHjgdAU4_JW_YK6CdjAY,Medium,2,2
386,Oc6QvJdMPrU,Oc6QvJdMPrU_RbJOWrv7rzI,Easy,0,3
387,kFPBPdSlO0c,kFPBPdSlO0c_FMI2NnkpXAA,Medium,0,3
388,iWx0PUrHLBQ,iWx0PUrHLBQ_X7DaliQMjUw,Medium,1,0
389,bW0qgCYZVjI,bW0qgCYZVjI_hPqCPG0SDz4,Medium,1,0
390,SrAryi6PJtM,SrAryi6PJtM_8i6Ye7Q156Q,Hard,0,3
391,ACH0CU0gxBw,ACH0CU0gxBw_JEjE-7CckYQ,Medium,0,3
392,ilgzgtS8NjE,ilgzgtS8NjE_6aYynspMku0,Hard,0,3
393,6pT-J4GSyB8,6pT-J4GSyB8_YUOjCUcP-xE,Hard,1,0
394,RIQx2t6ixks,RIQx2t6ixks_dJuKRp8pM9I,Easy,0,3
395,FXV9ZBhzZs0,FXV9ZBhzZs0_PdhuLOyz1Hs,Easy,1,0
396,Izug2BFmZn0,Izug2BFmZn0_0hGxtrZl074,Hard,2,2
397,1QV2tJM5ONs,1QV2tJM5ONs_nU4uR4pAwV4,Medium,0,3
398,8PHqiJ76Q5s,8PHqiJ76Q5s_HcORH0WC1cc,Easy,0,3
399,IIEcdkjqs-U,IIEcdkjqs-U_hwdrAZBB27M,Easy,0,3
400,jOs6lmQiAH8,jOs6lmQiAH8_0cMEFSMl2iI,Medium,1,1
401,v5amLhJLNYU,v5amLhJLNYU_uzxmCvUNwzg,Hard,2,2
402,RYnJQ3Fsvgw,RYnJQ3Fsvgw_MhlVkQhJHTI,Hard,1,1
403,7Ob0KtA0xnQ,7Ob0KtA0xnQ_xb-g_7kxrvw,Easy,1,0
404,eN4vqmAdCkA,eN4vqmAdCkA_GSYV8t28A6g,Easy,1,0
405,-MLZuYZJ6Bw,-MLZuYZJ6Bw_Bcxdb5LaqTg,Easy,1,1
406,YwnfhghffYc,YwnfhghffYc_y-E5SywuDWQ,Medium,2,2
407,4B6QifTAbSw,4B6QifTAbSw_1_ZP5l3VmPc,Hard,2,2
408,DtuVkHfB7qs,DtuVkHfB7qs_PyQDeAynxgY,Medium,2,2
409,kRPECqv-Nds,kRPECqv-Nds_9kacJYEj2aU,Easy,2,2
410,q5bry6xHfxc,q5bry6xHfxc_TxqJOm0601k,Medium,0,3
411,s8qSNMGvjh4,s8qSNMGvjh4_Np_rZzdcKGI,Easy,1,0
412,b5QuBBHUgSQ,b5QuBBHUgSQ_51EjCZjDzWA,Easy,0,3
413,3iBNLSY-MoI,3iBNLSY-MoI_mmf7-7c5yJ0,Easy,0,3
414,8I4Tbl-83sQ,8I4Tbl-83sQ_gJB-s-cMSgg,Hard,2,2
415,Lwt3y5UMgnk,Lwt3y5UMgnk_CAC8hnePoMI,Easy,2,2
416,Ro5ndTOgug8,Ro5ndTOgug8_GZiLP8RUCZc,Hard,2,2
417,QEI3glI-NZg,QEI3glI-NZg_BL-rVdOP-Ao,Easy,1,1
418,OdsKCY4_gc0,OdsKCY4_gc0_Erz11-M8VDM,Easy,1,0
419,p8IsKhfZp3o,p8IsKhfZp3o_ivQRUhMx0-c,Easy,0,0
420,qWjC6zD_DyM,qWjC6zD_DyM_JbCqG-E6Mm4,Medium,1,1
421,ccx6zlTPGvY,ccx6zlTPGvY_n8Z-CHznq84,Medium,1,0
422,HQdmbzK4pUk,HQdmbzK4pUk_WzHXRZq8jCg,Easy,0,0
423,Is2F6UZ9A4g,Is2F6UZ9A4g_dLdDr-O8nWo,Easy,1,0
424,VBwEjALgIWE,VBwEjALgIWE_VhxFY_TjyJ0,Medium,0,3
425,8ovmGJ__sow,8ovmGJ__sow_R2rAKZxMvb0,Easy,1,0
426,459Za9SMeQY,459Za9SMeQY_mgQ6ntRjSlY,Easy,1,0
427,EE-QljIQPXs,EE-QljIQPXs_STB0NHEydZw,Medium,0,3
428,f2NCjjVY-RI,f2NCjjVY-RI_4rEzUJl0H8E,Medium,1,1
429,vq1EvYUGcbs,vq1EvYUGcbs_fSafcmNUZiM,Hard,1,0
430,Eyxs83_MsMI,Eyxs83_MsMI_e5ZR-wIhqZY,Hard,2,2
431,ekQJ3VmZdA8,ekQJ3VmZdA8_REbvxn73NvU,Easy,0,3
432,1xSv3hgNGFc,1xSv3hgNGFc_sHgYmDt9Vss,Easy,1,1
433,jdXCuR5Hvjs,jdXCuR5Hvjs_H2E1uqIpDNI,Hard,0,1
434,uIp3dHFTzFA,uIp3dHFTzFA_mZNcfI-x-e4,Medium,0,0
435,WTEminD5hCI,WTEminD5hCI_d_PI3rZCLeM,Hard,1,1
436,7xX5KbPwkc8,7xX5KbPwkc8_5in0DRyK9lo,Easy,0,3
437,ppFEqjMHC_M,ppFEqjMHC_M_ZrZqngJhrEc,Hard,1,0
438,69MvwecUupk,69MvwecUupk_6qjXMJmhi0A,Medium,1,0
439,Ea4tqbGn4TY,Ea4tqbGn4TY_fUBaGcWz5Eo,Easy,0,3
440,_N3bWClL4U8,_N3bWClL4U8_RXpXwBOP81c,Easy,2,2
441,FTBYc3lAnMU,FTBYc3lAnMU_sJUY-aFWWUE,Medium,0,3
442,X7ylEQWdDlM,X7ylEQWdDlM_Mq7tGXPWOAo,Medium,0,3
443,64j-Enl_uLM,64j-Enl_uLM_T5V0hhZ3IVg,Hard,1,0
444,99D-wuKhT34,99D-wuKhT34_VnzQqxT2D4s,Easy,0,3
445,OFoIDiY0Sv8,OFoIDiY0Sv8_s-9rKnKAgwg,Medium,0,0
446,Tpr0j0rj7dY,Tpr0j0rj7dY_GSh9VMgxCnw,Medium,0,3
447,0ti35W6-dMA,0ti35W6-dMA_97aXOzqjMA4,Medium,1,1
448,R_R2JC4Ekw0,R_R2JC4Ekw0_47xbkT3calM,Hard,1,0
449,2BHqOpYyQY0,2BHqOpYyQY0_aAV_itgeW4w,Easy,0,3
450,61TYFuSJqf0,61TYFuSJqf0_0NvT1iCJvZA,Medium,1,1
451,ggHIsQy7Db8,ggHIsQy7Db8_Z18Cnx5YJX8,Medium,1,0
452,zx23rzUieOo,zx23rzUieOo_Bt2ha5B3X3c,Easy,0,1
453,KjUuk-7Sr8M,KjUuk-7Sr8M_JrOuSb4ONvg,Medium,0,3
454,sliGVW57LNc,sliGVW57LNc_A25nDMGWyVA,Medium,0,3
455,jJDaDfe7zPY,jJDaDfe7zPY_IXZPc6ggzGA,Hard,1,1
456,8pXrz4FLXHI,8pXrz4FLXHI_bGcy7F_iH8I,Easy,1,0
457,_MV0BuKm0VE,_MV0BuKm0VE_xbzDeFsKwfY,Easy,1,0
458,pjPt3wst5kU,pjPt3wst5kU_NdYEr_y9tSM,Hard,1,1
459,Y478fupQvFo,Y478fupQvFo_JTxEvYcv6jQ,Easy,1,1
460,_hit-AU_1Y0,_hit-AU_1Y0_JjE4zBFDIM4,Hard,1,1
461,kezZLFfdRns,kezZLFfdRns_Ldw3ShUOEA4,Medium,2,0
462,d4L4l62bWZU,d4L4l62bWZU_DiBl73OU-Q4,Easy,1,1
463,xoK_M8O7wPU,xoK_M8O7wPU_9YhLP-WJ7U8,Hard,2,2
464,dbqdq02F_xs,dbqdq02F_xs_IxITxPwrNSo,Hard,1,0
465,fPMywr9Laa0,fPMywr9Laa0_y3NlUq7Rtn0,Medium,0,3
466,aRGFeCLy-r0,aRGFeCLy-r0_f-MAdqgnBOE,Easy,1,1
467,3_yLrB23dMY,3_yLrB23dMY_igzF30oHyvE,Hard,2,0
468,-7E7dmV2W_s,-7E7dmV2W_s_U7qaAyODuQs,Hard,0,3
469,9VPArO0tmT8,9VPArO0tmT8_QZJkSWM4K0s,Medium,0,0
470,NmLkKwPHo2Y,NmLkKwPHo2Y_Um4W9EF1vfY,Hard,0,3
471,Xzz-X02GrEo,Xzz-X02GrEo_IDg4jIzNg6g,Easy,0,3
472,5SKS_xcBS5w,5SKS_xcBS5w_EQua4Jef9bk,Hard,2,2
473,N5Hsnc0tfVk,N5Hsnc0tfVk_xnBxnUqgKV4,Medium,0,3
474,JEro3uv27js,JEro3uv27js_fKThmDQzYKY,Easy,0,3
475,OdNoAfttJ_4,OdNoAfttJ_4_8pOIIpvoeB0,Hard,1,0
476,03EQPyWENj4,03EQPyWENj4_gLhcjzORoRg,Medium,1,1
477,gExoryMDHhY,gExoryMDHhY_QkVMlXfLIkw,Medium,1,0
478,VijAoafq8RQ,VijAoafq8RQ_V3ly7TRVkYs,Medium,1,1
479,7VtYJlkdk4o,7VtYJlkdk4o_a8OT0eiRLas,Easy,0,0
480,FF_w3nCvADU,FF_w3nCvADU_mndL0_dy5UQ,Medium,2,1
481,TuXywvsNEkI,TuXywvsNEkI_TWxAZL4YcuI,Hard,1,1
482,Xc_3mOLzHvI,Xc_3mOLzHvI_CFJLhA0TDno,Hard,1,1
483,Lzq3ykD2cBs,Lzq3ykD2cBs_crN1No-flSg,Medium,0,3
484,6PrE7Z03qQM,6PrE7Z03qQM_h_1_WZ9rP1U,Medium,1,1
485,VCHZy3zbPK0,VCHZy3zbPK0_RT9WIVkurWI,Hard,0,3
486,Cat4CiKFNCE,Cat4CiKFNCE_b_TgtCLmTgc,Easy,2,2
487,kxSS52PVBfc,kxSS52PVBfc_vg-QdYmQRZQ,Easy,1,1
488,95dWbTAa5wc,95dWbTAa5wc_Bt2ha5B3X3c,Medium,1,1
489,rZ1OT-hCNoI,rZ1OT-hCNoI_f5ogUi8p4wQ,Medium,2,1
490,KFmPkCVdq5Q,KFmPkCVdq5Q_Ny35OjqqAiI,Hard,1,1
491,x3YJAzhKF6Q,x3YJAzhKF6Q_4fH8ZmsK19Q,Medium,0,3
492,Tmh_4zLMZeU,Tmh_4zLMZeU_GAx3TcfXbGI,Medium,0,3
493,vI_CFPV8mu0,vI_CFPV8mu0_1B6jx7_fICo,Easy,1,1
494,GbbtE4d3Ui8,GbbtE4d3Ui8_wygLNFdUgtw,Medium,1,0
495,yZr-y1TQpik,yZr-y1TQpik_VC9Rz_qGNow,Easy,1,0
496,rjtqA3nysoY,rjtqA3nysoY_kr1XRt70GsE,Medium,0,0
497,aytETKdCr6k,aytETKdCr6k_f8wGQ-XyRqM,Easy,0,3
498,sGIAarXK0pk,sGIAarXK0pk_ns3WOoBX2-w,Medium,1,1
499,-ASLyA2Fm0E,-ASLyA2Fm0E_XPYTZMMr7EA,Medium,1,1
500,GCsTlblqGC8,GCsTlblqGC8_TWDhvIb7BQs,Hard,1,0
501,y8OpETGW35s,y8OpETGW35s_A14mc_dJrLo,Medium,0,1
502,RYbkuOtMycQ,RYbkuOtMycQ_zW7LUIF--f8,Easy,1,0
503,Si4gqXLT1NY,Si4gqXLT1NY_ThSfb-wTQTY,Medium,1,0
504,_fcY9AH4VHw,_fcY9AH4VHw_xCgc71n5-Kc,Easy,1,1
505,FyzZOGay-20,FyzZOGay-20_dj7tjZlwano,Hard,1,1
506,togUkmvssOw,togUkmvssOw_kzEKUKDPWUs,Medium,1,1
507,KVkCNazp81U,KVkCNazp81U_jB0CXszaO9I,Medium,1,1
508,YZtkC8pQZks,YZtkC8pQZks_Q1cw0DBBZ0E,Easy,1,0
509,rES7MFGVrVs,rES7MFGVrVs_9YPMftEqCfo,Easy,0,3
510,FrXVrMcuoQ4,FrXVrMcuoQ4_PNp1SV6ZY7o,Easy,1,1
511,Tg5y66eQIiA,Tg5y66eQIiA_DvrCeS60ctQ,Hard,0,3
512,k3DP1RijqII,k3DP1RijqII_toNy7VhxPk4,Medium,1,0
513,fHoyyMNGYFs,fHoyyMNGYFs_Rh631Qcziuo,Easy,1,0
514,yXPDBMMtXN8,yXPDBMMtXN8_sLYxn-iZ4lo,Hard,1,1
515,CDMg9t8quPQ,CDMg9t8quPQ_K44Et3u0p7U,Hard,2,2
516,UB0yuWs2qD8,UB0yuWs2qD8_QYHfsuJm2jw,Medium,1,2
517,y6bA4iBzN6o,y6bA4iBzN6o_XVp4RI_5INE,Hard,2,2
518,Vo9UX-qCSYo,Vo9UX-qCSYo_BoTeKIIZglo,Medium,0,3
519,8nynhOhU6_I,8nynhOhU6_I_5xaOEgrlL1g,Hard,1,1
520,tY44u9s2SbY,tY44u9s2SbY_D6DhHIYtyBk,Easy,1,1
521,bLR_-gWJTsg,bLR_-gWJTsg_Pd6Z7qIiniI,Hard,0,3
522,_Bf1p13wTi4,_Bf1p13wTi4_i7bF6juidKQ,Hard,0,3
523,5v7lbJOcd_U,5v7lbJOcd_U_NcaNLnutajo,Easy,1,1
524,ZKdndw2-Sxw,ZKdndw2-Sxw_72l6SE6LkOo,Easy,0,3
525,nlRaeteaGbU,nlRaeteaGbU_E27DLrxGy9E,Hard,1,1
526,9nPqW7GEzug,9nPqW7GEzug_G_PjcAfVJkY,Hard,0,3
527,CgsK7jE8orE,CgsK7jE8orE_bgxURjh18Ho,Easy,2,2
528,taTwJKX6DyY,taTwJKX6DyY_goiid7oO10o,Easy,1,0
529,DIHGs-w5lJ8,DIHGs-w5lJ8_LBkRGfjszr4,Hard,1,0
530,13nsZZ4r5bc,13nsZZ4r5bc_obKLZ5AfEbI,Hard,1,1
531,4dR0tnJ15x4,4dR0tnJ15x4_YKIHHIGe3Tk,Easy,0,0
532,UGc7w6f9IRk,UGc7w6f9IRk_zN92YWz_mQg,Hard,1,0
533,GB-IPVqnCRg,GB-IPVqnCRg_-UN8YOrcuUg,Medium,1,1
534,X1eEbZv-Rdw,X1eEbZv-Rdw_alKvUEQFk0w,Hard,0,3
535,Bf83SCVm1kc,Bf83SCVm1kc_mx0ZJDVr20g,Easy,1,0
536,ITEDSbt8zL8,ITEDSbt8zL8_IMIpkxQRlzU,Easy,0,3
537,VGDWx2M2BLU,VGDWx2M2BLU_KCObyLnTVyo,Hard,0,0
538,-3RHu1ceP2M,-3RHu1ceP2M_TdPA3e_WVwI,Medium,2,2
539,j9znA8_UMbw,j9znA8_UMbw_Uf0v56xKJtU,Medium,0,3
540,nmGJo8pyBQM,nmGJo8pyBQM__4fc7Et6GzM,Easy,0,3
541,0scw7Bvs6XQ,0scw7Bvs6XQ_zEFEOnXKWuc,Easy,2,2
542,K2GU255fB8w,K2GU255fB8w_aGuEqYMy1GM,Medium,0,3
543,vEPcIGRhBvE,vEPcIGRhBvE_vOTh4MTA0HI,Easy,0,3
544,LRCgcOvGykU,LRCgcOvGykU_-8XLG-7Z4l4,Easy,1,1
545,yoPKrmDw87Y,yoPKrmDw87Y_t41SOqDZaDI,Hard,0,3
546,7ehCZU1UPCA,7ehCZU1UPCA_E7KpR8WCzfE,Hard,2,2
547,2cQ5vk6q-nM,2cQ5vk6q-nM_zMZpb2-ofPA,Easy,1,0
548,kO6V1SP8WZw,kO6V1SP8WZw_IV4XVllkmjw,Medium,0,3
549,G-DSx8hixKs,G-DSx8hixKs_XFCQlZlXhmc,Medium,1,0
550,SvZcJNi6haU,SvZcJNi6haU_6Ebd8mapElY,Hard,1,0
551,pKkmp-Q2Ul8,pKkmp-Q2Ul8_XbpldOkhFh8,Medium,2,2
552,k_dH6Qo5_fs,k_dH6Qo5_fs_wWfJcJ8gtKw,Hard,0,3
553,ynVK3EsW9Ws,ynVK3EsW9Ws_7i6N8WLd2zU,Hard,1,1
554,rKR3KGAv_Kc,rKR3KGAv_Kc_CiNm67bt6Sk,Easy,1,1
555,CjbMfSYrXJc,CjbMfSYrXJc_ylt23Hk65kM,Hard,0,3
556,rMt_IjzscXo,rMt_IjzscXo_V4a5-lBR6bo,Medium,1,0
557,rkTvSLBxbi8,rkTvSLBxbi8_PqypvhXD2-Y,Easy,1,0
558,Y6WjB4Y8FYU,Y6WjB4Y8FYU_1y5n22RsrXo,Hard,0,3
559,1fMjQttld5U,1fMjQttld5U_-_Q9D5vl8lQ,Easy,1,0
560,u3cz-9E27H0,u3cz-9E27H0__OigrP_j3TE,Medium,1,0
561,Yk_R4Rg-4U4,Yk_R4Rg-4U4_6wln7K-FiCk,Medium,1,1
562,Tl7ZXX6wbRE,Tl7ZXX6wbRE_rKoU3ekYQ-I,Medium,0,3
563,u9IwA1MpbG4,u9IwA1MpbG4_K8DCq20CQ7M,Easy,1,0
564,Lqg_-OoC7wQ,Lqg_-OoC7wQ_hJMQAtQwuEw,Hard,2,2
565,G2EwBVzXmlg,G2EwBVzXmlg_fUBaGcWz5Eo,Medium,1,1
566,FoNAqzVPv50,FoNAqzVPv50_gp4p_uhb34g,Medium,1,1
567,YNtG-fFokOo,YNtG-fFokOo_HtMIwtQqL60,Easy,1,1
568,aeP4mXpdHAY,aeP4mXpdHAY_0SUE3PRNYpM,Easy,0,3
569,sY9hFX39cM0,sY9hFX39cM0_mGDm8yiDZ34,Hard,1,0
570,K7BQbKzcOQo,K7BQbKzcOQo_iqM0kYWYpzc,Easy,2,2
571,4IdyMH-rTEI,4IdyMH-rTEI_NhqjHoEaJUg,Easy,1,1
572,oUeRPjVuj8I,oUeRPjVuj8I_9_O8-P2ubxw,Hard,0,0
573,OmWlaThE5_Q,OmWlaThE5_Q_9vpqGFGChas,Hard,0,3
574,MItDP6_js7I,MItDP6_js7I_yfyqu73Ij2Y,Hard,2,2
575,Mvgk0_iXSzU,Mvgk0_iXSzU_zFxtM8chCd0,Medium,1,1
576,8ibqzok0ed0,8ibqzok0ed0_m397TriBDro,Easy,0,3
577,ET1P16PNTCw,ET1P16PNTCw_Q11VPwrkOEE,Medium,0,0
578,LSH_0cwbC8I,LSH_0cwbC8I_az977Gwq1L8,Easy,1,1
579,tLp253ECJGg,tLp253ECJGg_69YUYac2zsY,Hard,2,2
580,YclmCZxHj9Y,YclmCZxHj9Y_JbyvczwhZVE,Hard,2,2
581,o3IrlF6NpGU,o3IrlF6NpGU_pm1Y2q7DZso,Medium,1,1
582,i_i0kNT5Vqk,i_i0kNT5Vqk_uRUoPtEg-Nk,Hard,0,1
583,4YKBZ7ep5S0,4YKBZ7ep5S0_DLMMZS1ykBQ,Easy,1,1
584,QAxcdOOWCLk,QAxcdOOWCLk_uPpnUO3bvGE,Hard,0,3
585,1mKOpk7usng,1mKOpk7usng_guyTMxG8bk0,Hard,2,2
586,K4MocBFO82s,K4MocBFO82s_bmrD_Pc7nsk,Easy,1,1
587,uh4j6lGVwYk,uh4j6lGVwYk_0n7YhYukazE,Easy,0,3
588,TqaOI69_l2k,TqaOI69_l2k_DlxoPJzLk-c,Easy,1,0
589,1SjvICJtG0s,1SjvICJtG0s_RGQHa4L6HzM,Easy,0,3
590,GPgQJ0ueI6g,GPgQJ0ueI6g_G275RHXQG6E,Easy,0,3
591,PB1RTCJL44k,PB1RTCJL44k_Ee58Gwa_lm4,Hard,2,2
592,aeA4HbO6Las,aeA4HbO6Las_kg74aaLX0J4,Hard,2,2
593,U5p1VMH4Vwc,U5p1VMH4Vwc_oqkmvza94uM,Medium,1,1
594,lYdXLorFpz8,lYdXLorFpz8_-yCef96rVJk,Hard,1,1
595,rZcOV4Y7qG8,rZcOV4Y7qG8_M_1g1N4ilQM,Easy,1,1
596,XL_zQ2eTFTg,XL_zQ2eTFTg_e4q_aryI3AM,Medium,1,0
597,joodDiK-gj0,joodDiK-gj0_334K3xDT5OU,Hard,0,3
598,pa3ghiRT-6Y,pa3ghiRT-6Y_I4zvQn-KqXU,Hard,0,3
599,jKUGSFoe09w,jKUGSFoe09w_xyQk3JgZOr4,Easy,2,1
600,YmgECFuDKCg,YmgECFuDKCg_YOHoVCvBnE8,Medium,1,0
601,a4m2LVaNFKg,a4m2LVaNFKg_V3ly7TRVkYs,Easy,1,1
602,0pyxKqdtrH8,0pyxKqdtrH8_IWjM25CkE34,Easy,1,0
603,pUfHfZOW1gc,pUfHfZOW1gc_m5PSm2meBxk,Hard,0,3
604,N2kl7tqpnY4,N2kl7tqpnY4_iymbOpOPdwA,Hard,1,0
605,nhxrFPjD5cw,nhxrFPjD5cw_E4EMKzpDQNA,Hard,0,3
606,yGGALVntcSM,yGGALVntcSM_ITDv1A_RavE,Easy,1,1
607,d_L8a10BqIY,d_L8a10BqIY_m_AFPmFIS0w,Medium,1,1
608,ysm_dx0a7pg,ysm_dx0a7pg_ht_q-xaqshQ,Hard,2,2
609,a7xh5eHOaKA,a7xh5eHOaKA_0RA5a-_JM3M,Easy,1,1
610,Q2pwY6QNNNA,Q2pwY6QNNNA_xMuquYoOV4w,Hard,1,0
611,7PM0pvuPQE4,7PM0pvuPQE4_EdQdCurt_fE,Hard,2,2
612,4lbkVDoKnj8,4lbkVDoKnj8_v-2n5erwPM8,Easy,1,1
613,jGCyuexh7xw,jGCyuexh7xw_uzxmCvUNwzg,Easy,1,1
614,qCBykYq__8E,qCBykYq__8E_KV_4SqezoMA,Hard,2,2
615,ctIUW7oAIEM,ctIUW7oAIEM_ZtS0kHjSDIY,Hard,2,0
616,lCyorQf7ZD0,lCyorQf7ZD0_sW9JZl_i63Y,Hard,2,2
617,z5EHpGq7hzc,z5EHpGq7hzc_NogiyziVXXw,Hard,1,0
618,Mj9C1iVu3Lg,Mj9C1iVu3Lg_zp381W6bARE,Easy,1,1
619,xl48zwJRPSw,xl48zwJRPSw_A25nDMGWyVA,Medium,0,3
620,2IOLUuevQWk,2IOLUuevQWk_ctsQd66AQEs,Medium,1,0
621,DNcMf8PEQRQ,DNcMf8PEQRQ_4fH8ZmsK19Q,Hard,0,0
622,gBNjL3OCJoM,gBNjL3OCJoM_AEfpGj36xvo,Medium,0,3
623,Q3Px7VzcS1o,Q3Px7VzcS1o_e4q_aryI3AM,Medium,1,0
624,Pcg6Slc87ag,Pcg6Slc87ag_V3elL9vEcNs,Medium,0,3
625,H7seV1T8TxY,H7seV1T8TxY_aJWDksgHMe8,Easy,1,1
626,Jfi-SWjJsgU,Jfi-SWjJsgU_zEwYkxx0pNQ,Medium,1,0
627,YIyiT96Ojqg,YIyiT96Ojqg_ijpcMBW6eeE,Medium,0,0
628,FjMNZBRq7WQ,FjMNZBRq7WQ_OgKeUnbb-UY,Medium,1,1
629,eGotRpT9cqI,eGotRpT9cqI_u2LwBrFaYzw,Medium,2,2
630,a6JpbKFDG4g,a6JpbKFDG4g_CFJLhA0TDno,Medium,1,1
631,1nHF--liLkc,1nHF--liLkc_sEXRr9nhdUo,Easy,2,2
632,kxDkq6rubqo,kxDkq6rubqo_xF-xFNjLNX4,Easy,2,2
633,bIFJO1BcMwY,bIFJO1BcMwY_bmrD_Pc7nsk,Medium,1,1
634,evoDmgKtnTw,evoDmgKtnTw_GIGZ4WO9omA,Hard,1,1
635,sMJl4-daX3s,sMJl4-daX3s_iGT3ICV7BQE,Hard,0,3
636,FG496geoqRY,FG496geoqRY_b_zIT9wV9UU,Easy,1,0
637,3nsw-Ab9y6M,3nsw-Ab9y6M_oe9dE8k-018,Medium,2,2
638,hbV1tHYp8D4,hbV1tHYp8D4_tPIbHju_91A,Medium,0,3
639,34za8FQKfek,34za8FQKfek__BnNJkJUDbQ,Medium,2,2
640,yRgpPm4N2ak,yRgpPm4N2ak_PxPPOdZlsrU,Medium,1,1
641,VF30B3ZTgeY,VF30B3ZTgeY_jMG0Y8EGv90,Medium,2,2
642,7prVWQbGQUA,7prVWQbGQUA_lyH0QIwbN_4,Medium,1,0
643,BUygSrfj0Wk,BUygSrfj0Wk_gPChR7oFI8A,Medium,1,1
644,fuv6dFEbTZQ,fuv6dFEbTZQ_HmtlSSm6_zg,Easy,0,3
645,I7w5sGxzwoA,I7w5sGxzwoA_JqucOrjMBSg,Medium,0,0
646,57A7jXSEd2g,57A7jXSEd2g_8OTXtLhiXgc,Hard,0,3
647,13LiHeEApr4,13LiHeEApr4_uCLJasQ4YRY,Medium,0,3
648,69KDhvYkeS0,69KDhvYkeS0_yLRH4uhSZc0,Hard,2,2
649,O0GgnNHXMpc,O0GgnNHXMpc_ZBndWvtcGwo,Hard,1,0
650,tYkwziTrv5o,tYkwziTrv5o_gJ9WtpsBDjI,Easy,1,0
651,tAm4gIZiPW4,tAm4gIZiPW4_9lJci0Y4zg0,Medium,1,0
652,71gKzbaJ-Ms,71gKzbaJ-Ms_4YlzJGC-Wvo,Hard,0,3
653,_3TQRrbz4yE,_3TQRrbz4yE_m0YLOxKlURQ,Hard,1,1
654,yOsE45D7cDQ,yOsE45D7cDQ_B0ILuVRVHlM,Hard,2,0
655,IAEdNB1dzas,IAEdNB1dzas_qGSZd0D6Ia0,Hard,1,1
656,Bg6ey295E0U,Bg6ey295E0U__fZ8F1cfZDU,Medium,0,3
657,KPcxj3DQ1Pw,KPcxj3DQ1Pw_BulH00WE5D4,Medium,1,0
658,4piqHmJJ-sc,4piqHmJJ-sc_7GSaTdVsZQc,Easy,1,0
659,06wz_YGuSP8,06wz_YGuSP8_uz5c1J5qEPA,Easy,0,3
660,Alh52otJVBM,Alh52otJVBM_Q9hRP9td9qI,Easy,2,2
661,CWHHiEdJH4c,CWHHiEdJH4c_2o5vamgcG2o,Hard,1,1
662,8shUjTKagp8,8shUjTKagp8_2xsiRHpjszY,Medium,1,1
663,hi-I55-0uO0,hi-I55-0uO0_V9Pp6ObWcBQ,Medium,0,3
664,8B3upLlVK8I,8B3upLlVK8I_gNJNKfouDCo,Hard,1,1
665,N7JxUAQqAWU,N7JxUAQqAWU_C4A1x-TYLdg,Hard,1,1
666,q8kz-qrSWKU,q8kz-qrSWKU_n-7HR-mSIQY,Easy,1,1
667,qfiMneDrTpM,qfiMneDrTpM_sWfwzGEmehc,Hard,1,0
668,glKPhzI3Qa4,glKPhzI3Qa4_Q7XmuQHGpgo,Hard,1,1
669,c9wHtRSpyN8,c9wHtRSpyN8_k5NcqUDRZx0,Hard,1,1
670,1y6tSsTd7S8,1y6tSsTd7S8_VdzigTcir9U,Medium,1,0
671,FpM9vyguRcQ,FpM9vyguRcQ_4FxEW-5Wq4Y,Hard,2,2
672,O8mLdV3ZkvY,O8mLdV3ZkvY_Ya69npetvcg,Medium,0,3
673,RvjML3-66SA,RvjML3-66SA_uJuoPG6fUsE,Medium,1,0
674,3f1j6ytMj7k,3f1j6ytMj7k_mZf_Pg9CNo4,Hard,0,1
675,m_8jtwXLjsc,m_8jtwXLjsc_r-vvv1oe018,Easy,0,3
676,bP22zkr6ZYU,bP22zkr6ZYU_-amwINDtBN4,Easy,0,3
677,YTbCoZixgNc,YTbCoZixgNc_bARmUo_OhbM,Medium,2,2
678,MyEFRYjJ3QE,MyEFRYjJ3QE_dxVRMTdkD7Q,Medium,0,3
679,7kp4EuSQVdc,7kp4EuSQVdc_JhoGX3Trqzo,Easy,0,3
680,DLl05qlA5fA,DLl05qlA5fA_AANOAdT_SZU,Easy,0,0
681,Ul8OCi9nGOA,Ul8OCi9nGOA_tuP5rCmHIaA,Hard,0,0
682,yy_o60rfSzE,yy_o60rfSzE_-wNRxAdrLH8,Medium,1,1
683,2rP4fsM04gU,2rP4fsM04gU_KO1pzSzq5qE,Easy,1,1
684,vOWesKtsPVE,vOWesKtsPVE_nPoa5m9GPWk,Medium,0,1
685,SSmTgwp15FQ,SSmTgwp15FQ_SH8esP19qww,Hard,1,1
686,EH2Sz-HuzYc,EH2Sz-HuzYc_fw6MmGFK0n4,Medium,0,3
687,7fznY-_7Esk,7fznY-_7Esk_c1k-JG7o83o,Hard,2,2
688,AcbsSt-FHkg,AcbsSt-FHkg_gtz7y2oKrZE,Hard,0,3
689,Oc8llfKOSi8,Oc8llfKOSi8_pEThuBRouuE,Medium,0,3
690,hq3vJaxYWEY,hq3vJaxYWEY_l-i53lNClN8,Medium,0,3
691,Sr54lSdM8tE,Sr54lSdM8tE_xNVDkH0MKwQ,Hard,2,2
692,yo32B3aYXPQ,yo32B3aYXPQ_bjXsgmwyWFo,Hard,2,2
693,J3Csj_RfH8U,J3Csj_RfH8U_DSiiP8Vps3M,Easy,1,0
694,YhbJ6mN_YpA,YhbJ6mN_YpA_2UNawIQyYds,Medium,0,0
695,ojtrc7TzVi8,ojtrc7TzVi8_PVUkPUPQ9NU,Easy,1,1
696,Ai-xRhuN0M4,Ai-xRhuN0M4_y3NlUq7Rtn0,Hard,0,3
697,cN-rIG1RUVE,cN-rIG1RUVE_SpelgBMZaB4,Hard,2,2
698,TOiQS575qcA,TOiQS575qcA_Zt9geSbUS78,Medium,1,1
699,i4fpvBDdAaQ,i4fpvBDdAaQ_FJ6F_exTQuY,Hard,1,1
700,gWeYV1nV-qE,gWeYV1nV-qE_N6lbdGENDzw,Medium,1,0
701,Ev5xH3Q0EQg,Ev5xH3Q0EQg_nFv8o2wEPz0,Easy,0,3
702,9Et9pYygOZw,9Et9pYygOZw_VJKrkY-khrE,Easy,1,1
703,E3_g-zObunU,E3_g-zObunU__BfdWPh2vKY,Easy,1,1
704,9aLGFNwYYSE,9aLGFNwYYSE__Reka1uV_cI,Hard,0,3
705,tPiyos5Hfug,tPiyos5Hfug_56I93ipCcCs,Medium,0,3
706,CAmrsSd3D0g,CAmrsSd3D0g_cRk5VP2OntI,Easy,1,1
707,I_vzfFZSOoA,I_vzfFZSOoA_pYJcSkZmCQU,Easy,1,1
708,67tna4Sc9SI,67tna4Sc9SI_grvqWGOcJSw,Easy,1,0
709,LXzLOobPWpg,LXzLOobPWpg_GSlCkqhzgP0,Easy,1,0
710,PLMjRzsuJR0,PLMjRzsuJR0_ZklYPJBJoAs,Hard,2,2
711,gpGL_YTxYv4,gpGL_YTxYv4_vhWeEAcucP8,Medium,1,1
712,TlV9geK28z4,TlV9geK28z4_FLO6-hqexTg,Easy,1,1
713,Ub_ngZzwfrc,Ub_ngZzwfrc_TRKwcvybqwk,Hard,0,3
714,yMWBAQ_4D-k,yMWBAQ_4D-k_9RL6aWUD9Fg,Easy,1,1
715,TUVPhSNq9kw,TUVPhSNq9kw_Zr25hVIpK9k,Medium,0,3
716,OECk_qcMBqY,OECk_qcMBqY_E9_xR4SlGO8,Easy,0,3
717,RHs7VJAZbEM,RHs7VJAZbEM_OR82-WVV2RM,Hard,0,3
718,LsK5EGSX3AU,LsK5EGSX3AU_0I7_ARcXCH4,Medium,0,3
719,Bg5FXpUmxJs,Bg5FXpUmxJs_17ooVcrPW7A,Hard,2,2
720,f7UBUupzSJM,f7UBUupzSJM_p3_Ums-KGdQ,Medium,0,0
721,yKJ5xhE917A,yKJ5xhE917A_UJ97inmfDsI,Easy,1,1
722,rle6N6iERK8,rle6N6iERK8_erQQB7a1N5c,Hard,1,1
723,zXm2ygCiZzo,zXm2ygCiZzo_JSZ0KL85iPg,Hard,1,0
724,68cD9ucurEM,68cD9ucurEM_IDtD3bz5IuM,Hard,1,0
725,bDpWpJsNYt8,bDpWpJsNYt8_o24XROiL0g0,Easy,0,0
726,Bx8A-m8koJw,Bx8A-m8koJw_scdO5HE8so4,Easy,0,3
727,lpPiZh0rbJA,lpPiZh0rbJA_HpUSHq5nwZc,Easy,2,2
728,8G6PaaQhZlI,8G6PaaQhZlI_p6md5DJ5flI,Hard,2,2
729,t1bow2d2Yk8,t1bow2d2Yk8_S90WC_dkWb8,Medium,0,3
730,76CnuYbnQLg,76CnuYbnQLg_z1B_horxnNI,Easy,1,1
731,hMqk8TRkxnA,hMqk8TRkxnA_mcHA1TXZLX0,Medium,1,0
732,_51FUqNUvXo,_51FUqNUvXo_Y_m-cdezzh0,Hard,2,0
733,czthLeDtnNQ,czthLeDtnNQ_QYHfsuJm2jw,Medium,2,2
734,n8pq8cj4CGM,n8pq8cj4CGM_n9yHvVzdWyE,Easy,0,3
735,LJVv4UgjTH4,LJVv4UgjTH4_RDvtRgtrhvk,Easy,1,1
736,3C7X3muGx0U,3C7X3muGx0U_v4wXE1H4WWg,Easy,0,3
737,7x-d4L_JjLI,7x-d4L_JjLI_07UGS0Z8NWo,Hard,0,3
738,Q30Y89RQTus,Q30Y89RQTus_OlZpHT8j0To,Hard,0,3
739,ClJYmU_qR-o,ClJYmU_qR-o_pCYko0tHn3E,Medium,1,0
740,4f6TJkutA50,4f6TJkutA50_OHiMTiw6Qw8,Easy,1,1
741,kYlzKd-rS4k,kYlzKd-rS4k_I9sVgYuZCqk,Medium,2,2
742,dchYN5lZwQU,dchYN5lZwQU_GSFfIxmvsvE,Medium,0,3
743,M-yf2nBfEik,M-yf2nBfEik_dT_wLeQfTgM,Medium,0,3
744,o5SPv60H68s,o5SPv60H68s_Ncv_lR9315k,Easy,0,1
745,IqIRpnsUvP4,IqIRpnsUvP4_j7PzZHhFAqs,Hard,1,0
746,94bRnqqGY2o,94bRnqqGY2o_9LPm9NMZI0w,Medium,2,2
747,zsZEjiC0TAU,zsZEjiC0TAU_ryXgd_5lgHc,Hard,2,2
748,_SNjnx65Qmk,_SNjnx65Qmk_2F-xrMDQObc,Easy,1,1
749,-8XLG-7Z4l4,-8XLG-7Z4l4_TgiowjN7lyA,Hard,2,2
750,VeKoMbsC7EQ,VeKoMbsC7EQ_JJ3jiuNyerc,Hard,1,0
751,-uTqqHE0es0,-uTqqHE0es0_tma5ZQby_Rw,Hard,1,0
752,XaTVkQoIvtM,XaTVkQoIvtM_4yRl9eBsrzQ,Medium,1,1
753,pGhPm_OWQXY,pGhPm_OWQXY_mFFH3HM3Rzg,Medium,1,0
754,z0hqJvfsoOE,z0hqJvfsoOE_jt7C1JysZFw,Medium,1,0
755,1FXEMzzs0QQ,1FXEMzzs0QQ_ZLVV_P7xwFY,Medium,1,1
756,chsaVZPsCGE,chsaVZPsCGE_ng-P9fSCWTs,Medium,1,1
757,-bf_PAlcJ24,-bf_PAlcJ24_e3BMCb2z8yg,Hard,0,3
758,DZ-kih_N3JY,DZ-kih_N3JY_IT79_cp1q3A,Medium,1,0
759,MeuLjMrfQLg,MeuLjMrfQLg_EAj_e8bq4Z4,Medium,2,2
760,pmHbX26xln4,pmHbX26xln4_EmEkO99YXYs,Hard,1,1
761,HwTjBCcc9bI,HwTjBCcc9bI_-KtNcFzlUIM,Easy,2,2
762,kgHt4gHkOvo,kgHt4gHkOvo_CnU6aF3M4Vk,Medium,1,0
763,u4PJLPa7nKE,u4PJLPa7nKE_zfWUbAcgPN8,Hard,2,2
764,ZerXaRtDY0Q,ZerXaRtDY0Q_CFbrc2h-qYM,Hard,1,1
765,htHom52rcho,htHom52rcho_bfhO-QLi4lc,Hard,1,1
766,MRWP6wsKok8,MRWP6wsKok8_fKvNFRCHIiM,Easy,1,1
767,SQguKdvJpzg,SQguKdvJpzg_g-qzTv3LeJQ,Hard,1,0
768,rNpymceTDt0,rNpymceTDt0_4IUqQ5GT4y0,Hard,2,2
769,RHHR4CwSTOY,RHHR4CwSTOY_pjrKKgxXUPs,Hard,2,2
770,IOI610OJxoo,IOI610OJxoo_8YqjXgdxGh0,Easy,1,1
771,ZjGQnhHNeHA,ZjGQnhHNeHA_E7KpR8WCzfE,Hard,1,1
772,-lF4V40ggvU,-lF4V40ggvU_9EmicnL1PVg,Hard,1,0
773,hDM-XA0-8g4,hDM-XA0-8g4_4AWWD-NzGdc,Easy,0,3
774,qQsD2dAkjX8,qQsD2dAkjX8_hrZXm4zU77E,Medium,1,0
775,7GbN9_QsFM0,7GbN9_QsFM0_I7xRc_06nxw,Hard,1,0
776,Uhy4b3MtaDM,Uhy4b3MtaDM_EvOfwAvK5CA,Easy,0,3
777,T56LFxaEJV8,T56LFxaEJV8_H5Nn-SIDfWo,Easy,1,1
778,QIONa5fUB5Y,QIONa5fUB5Y_vQpN1eH52wc,Easy,1,0
779,i-ORG7W-5nA,i-ORG7W-5nA_zMZpb2-ofPA,Medium,1,1
780,5ZVQ6_Hd4zc,5ZVQ6_Hd4zc_58ip325ZOu8,Easy,1,1
781,bqzAothNuZs,bqzAothNuZs_7Exf7LE_ef0,Easy,0,3
782,3Ns4KX569ak,3Ns4KX569ak_FyoOyXH9ddo,Hard,1,0
783,mmFx0r348dc,mmFx0r348dc_IU_J-B9fEiw,Medium,0,3
784,KVS4FrLsybs,KVS4FrLsybs_VvCBhdq3Y54,Easy,1,1
785,GN2PSVc7wzI,GN2PSVc7wzI_bCqvGqN4Z0Y,Hard,0,3
786,40C-PDoU2MA,40C-PDoU2MA_pqZbwsKs-uw,Easy,1,1
787,lWXHOj5fxlw,lWXHOj5fxlw_rMGM8ACNrU0,Medium,1,0
788,A_jOjhJnHmA,A_jOjhJnHmA_2wOMJu7M1mE,Hard,0,3
789,_73xaU2IQ9I,_73xaU2IQ9I_9dgFY_so2cI,Hard,0,1
790,s72vBTKQdK4,s72vBTKQdK4_i86Zmbil7gQ,Medium,0,3
791,6QFeVLjIeMk,6QFeVLjIeMk_5TOuZfde4YE,Medium,1,1
792,PGOopALCKY0,PGOopALCKY0_FNtrpA-n2CU,Hard,0,3
793,Tx0QVjiXK9w,Tx0QVjiXK9w_NPrGd_TQr58,Hard,2,2
794,dIWai_vP8Rw,dIWai_vP8Rw_mPfa3IbjTvE,Easy,1,0
795,MyORWCEvcE8,MyORWCEvcE8_IUlo4j3DM5I,Easy,0,0
796,U7LOFgFadoM,U7LOFgFadoM_jMmCQI-9IUk,Hard,1,1
797,KdPrSCEBR2U,KdPrSCEBR2U_s0hSv5IBzRc,Medium,0,3
798,daD4Mam6rkc,daD4Mam6rkc_s_SpvRygUbY,Easy,0,3
799,qPGJ5T2Nfts,qPGJ5T2Nfts_rLdvAQ6Db_A,Medium,2,2
800,2NDgbLNNWTI,2NDgbLNNWTI_KOSv-bV8qDU,Hard,1,0
801,GKOlrqVcog0,GKOlrqVcog0_Ug-hcDXRiIw,Medium,0,3
802,DVeLy1-TYYU,DVeLy1-TYYU_BR2l2scZiMg,Medium,0,0
803,a7jQtV9j4lw,a7jQtV9j4lw_4KkGIPzyrYw,Hard,2,2
804,ZFsyGCrh53k,ZFsyGCrh53k_pMmAi-kdrQo,Easy,1,0
805,iaFA_F3Idgc,iaFA_F3Idgc_C_nNnIl9ZUM,Easy,1,1
806,3O3gFRSiBC4,3O3gFRSiBC4_ygio6cVZmec,Easy,1,1
807,MbQSUj0suMs,MbQSUj0suMs_rMfe306QFr4,Hard,2,2
808,08k2pHVgooY,08k2pHVgooY_pgH4KjfhCLI,Easy,2,2
809,3DFHpD2t-HI,3DFHpD2t-HI_ABT27kosMTI,Hard,0,3
810,zCkQpRv8amI,zCkQpRv8amI_GCn-zkRVZLM,Easy,1,1
811,m8MUgVOg63w,m8MUgVOg63w_tvF7wZhWPLc,Medium,0,3
812,L-vr1pji-0I,L-vr1pji-0I_h9MD3ZMI3Xg,Easy,1,1
813,ABKP6jWjGik,ABKP6jWjGik_btPidXbYGx0,Medium,1,1
814,sMU8LDeP55U,sMU8LDeP55U_ZOsx4ZU5mh4,Medium,2,0
815,8yfn5dKnCI8,8yfn5dKnCI8_aPqISLFqZkQ,Easy,1,0
816,NcLC-renYBs,NcLC-renYBs_-rG1WiDEuXY,Hard,1,1
817,EF-SAISlItE,EF-SAISlItE_QOE9J9GUfdk,Medium,2,2
818,ZaaTyzQDRkg,ZaaTyzQDRkg_E1aJRhmiZkg,Hard,2,2
819,F9Uol-yc9Pk,F9Uol-yc9Pk_P5eb27gpqo4,Easy,0,3
820,rfXNrJeR0Xc,rfXNrJeR0Xc_DcqyR7X2GuU,Easy,0,1
821,lHfLWwE6_UU,lHfLWwE6_UU_lcXEGHDMd5M,Hard,2,2
822,4GV6TJxqLXs,4GV6TJxqLXs_lcXEGHDMd5M,Medium,2,2
823,Yt-71z8zExo,Yt-71z8zExo_lpzkpHh07Zs,Medium,1,0
824,mJevk3zJt64,mJevk3zJt64_zhGeczgyQQE,Easy,1,0
825,h3uoE-aUzJo,h3uoE-aUzJo__bO5QJ3XN2Q,Medium,0,3
826,kxN-VHNaNKE,kxN-VHNaNKE_o0v2WeIpRLE,Easy,1,1
827,6M34BF_hNV0,6M34BF_hNV0_Ye1ABu5ccXM,Medium,1,0
828,sclF4XTRzhU,sclF4XTRzhU_FBffrTHwdWg,Easy,1,1
829,OQXU0IqDU8k,OQXU0IqDU8k_VsQwcUm10TM,Easy,1,1
830,53TaBQplgc4,53TaBQplgc4_xzxcoMyBXRo,Easy,1,1
831,nY57ZPTlCiQ,nY57ZPTlCiQ_L5JSm-kA3Vg,Hard,1,0
832,PLXn2wK0zK4,PLXn2wK0zK4_6sbXqAdkiFM,Easy,1,0
833,eYQv8TL4a-Y,eYQv8TL4a-Y_zcWPEqSOPHc,Hard,0,3
834,VeIbGVlXW88,VeIbGVlXW88_LSusfBspzoQ,Medium,0,0
835,1mcGPb8cp1o,1mcGPb8cp1o_Pd6Z7qIiniI,Hard,0,3
836,ATMESXoLsI8,ATMESXoLsI8_NogiyziVXXw,Hard,1,0
837,P-VyUCvOreE,P-VyUCvOreE_qxmaOVJPJAU,Medium,0,3
838,BJLtiWpZ_kw,BJLtiWpZ_kw_dRSkH6p9Ba0,Easy,0,3
839,_0kWPBMmYEU,_0kWPBMmYEU_p21n2iGmd_s,Medium,0,3
840,FABws2p5uLc,FABws2p5uLc_WtoHUpSRW_k,Hard,0,1
841,O3GdXhG-4Ns,O3GdXhG-4Ns_AvryJ4JN3qU,Medium,2,2
842,mvfrspgdouo,mvfrspgdouo_PAEcbpzOMkI,Hard,1,0
843,nSlVfa4C0WU,nSlVfa4C0WU_zv2TFtkAm3E,Hard,0,3
844,XbzFYidFiFQ,XbzFYidFiFQ_ZLOoMScxmpM,Hard,0,3
845,kyWRrUnAnBQ,kyWRrUnAnBQ_lhykhuB3VN8,Medium,2,2
846,ErozDMca7Ss,ErozDMca7Ss_psZQ3T8OqVI,Medium,0,0
847,03-L-cCZvVI,03-L-cCZvVI_15YA66mzpgE,Easy,1,0
848,CHSfR7JGd5Q,CHSfR7JGd5Q_fD_AOyMCXgs,Hard,0,3
849,0BAazDthkPg,0BAazDthkPg_ogA80c8Rb0Y,Easy,1,0
850,A_x4eZ9HA2s,A_x4eZ9HA2s_2j5XKpc_-tM,Easy,2,0
851,G-j4OOn745U,G-j4OOn745U_Oqp70PKs7VU,Hard,1,1
852,yWUYG4jpwvI,yWUYG4jpwvI_UDgPyoZqut0,Medium,1,1
853,4EE8UfBo8Tk,4EE8UfBo8Tk_M40jZTk9Xzg,Medium,1,1
854,wVnx_C8FlwY,wVnx_C8FlwY__qsn0o13c6U,Medium,0,3
855,x9C_vVk59Yo,x9C_vVk59Yo__-Gd9BQghwI,Easy,2,2
856,gsSXKMK0VCo,gsSXKMK0VCo_uECGbw_8Ll4,Easy,1,1
857,AF7UNt6gjjE,AF7UNt6gjjE_cOE8CtQWt3I,Easy,0,0
858,f46WUXYPoas,f46WUXYPoas_EoKxgRmIxaw,Hard,2,2
859,yWgbXdFq9DE,yWgbXdFq9DE_Ijk8xDIwAUQ,Medium,0,3
860,MavYO2v6FUY,MavYO2v6FUY_NHe8LFhNsTQ,Hard,0,0
861,4UFgxLjCv70,4UFgxLjCv70_6MpoWAMjSyI,Hard,0,3
862,M2wwhZ-hKCU,M2wwhZ-hKCU_tbI-K8x7skg,Medium,1,0
863,fL_-VnFyBEg,fL_-VnFyBEg_Ejy-05oqXs8,Easy,1,0
864,T1VeaXdaeK8,T1VeaXdaeK8_zVdAooJRgS8,Medium,1,0
865,5GpmqR5uUBA,5GpmqR5uUBA_LXuKnNU6I10,Easy,1,0
866,t_X29ja3BiQ,t_X29ja3BiQ_GYgTJ9D4Rgg,Easy,1,0
867,atRKUGoZfEg,atRKUGoZfEg_x9JVJQzGeow,Hard,1,1
868,Uf0RMimb0R4,Uf0RMimb0R4__fQB8fQXw1M,Medium,1,1
869,omK0RvdNINg,omK0RvdNINg_5PbXu0pQnQ0,Easy,1,1
870,E3VtT8uRzuU,E3VtT8uRzuU_TpIpH2SZ9lg,Easy,1,1
871,Idy-4F8iTH4,Idy-4F8iTH4_ExfeLj_vNyo,Hard,0,3
872,mMfxI3r_LyA,mMfxI3r_LyA_cr25r_oda5o,Medium,1,0
873,xzXDSWz3Nbw,xzXDSWz3Nbw_uPpnUO3bvGE,Easy,1,1
874,T0A6B9fwZV4,T0A6B9fwZV4_ulxuGZNxbA0,Easy,2,2
875,7-ZodqP3Afk,7-ZodqP3Afk_iwIDQNDMpgg,Hard,1,1
876,Pq7Rcth_CYM,Pq7Rcth_CYM_8ggdn2wYjM8,Easy,1,0
877,DmfEeBrJYy0,DmfEeBrJYy0_C6QEM72Gxw8,Easy,1,0
878,xVTI5eSzwzQ,xVTI5eSzwzQ_IIbAkObM7vc,Hard,1,0
879,otidWl7uWbQ,otidWl7uWbQ_YfTjbP_VxsE,Medium,0,3
880,onEtBKDz3TY,onEtBKDz3TY_JMASwMRATyQ,Hard,0,3
881,xbHEBrqTN14,xbHEBrqTN14_OcnpxZX2rnA,Medium,1,0
882,byvvFnzUez0,byvvFnzUez0_uCcJEp_HCKk,Hard,1,1
883,zidd76nPp3c,zidd76nPp3c_LYecl4ZDlag,Easy,1,1
884,dD8gAWEPwAI,dD8gAWEPwAI_zYVQCWt0u0U,Easy,1,1
885,lQ3wotzluGQ,lQ3wotzluGQ_x913Uv-TZUQ,Easy,1,1
886,QhyCWGv7KT4,QhyCWGv7KT4_Kov-gwFiWoM,Hard,2,2
887,xp33zAqtPwY,xp33zAqtPwY_e7Hx9Q2OLds,Hard,1,0
888,bYhOcRMUM9E,bYhOcRMUM9E_XbpldOkhFh8,Hard,2,2
889,4iY51ffFXYo,4iY51ffFXYo_ccYZoJO7iGc,Medium,0,3
890,2o0aUVwgwUA,2o0aUVwgwUA_h2rwWlx2e_Q,Medium,0,3
891,JlF67jVSl_4,JlF67jVSl_4_CUkbakliQII,Easy,1,0
892,OLzJA3VNA54,OLzJA3VNA54_C5xIWD_xi10,Easy,2,2
893,0IEvDanN33E,0IEvDanN33E_2MKxxgEao7M,Medium,1,1
894,5QcvZSrqRaQ,5QcvZSrqRaQ_3fD_dArGgis,Easy,0,3
895,tfKt6xyQCPo,tfKt6xyQCPo_HvAZTqHJq0I,Easy,1,1
896,0YnRuQkkRHY,0YnRuQkkRHY_IwhYsGvdmKo,Medium,1,0
897,5y7ol8biH7Y,5y7ol8biH7Y_l5q1SUzeCqs,Easy,1,0
898,iXLasrxKcVU,iXLasrxKcVU_gn5ISKuFX_0,Easy,1,0
899,FjERQ7DwhRc,FjERQ7DwhRc_Apla-lZlU0M,Hard,0,3
900,pl1GXE4JSbE,pl1GXE4JSbE_PdMHooTXuxs,Hard,1,1
901,ZOAZB1-ui70,ZOAZB1-ui70_zohgPzXrvac,Easy,0,3
902,difXke-vSvY,difXke-vSvY_qfzZKhOyEME,Hard,2,2
903,roSXe1ixDNg,roSXe1ixDNg_am6rArVPip8,Hard,1,0
904,aWRU4e6LwRY,aWRU4e6LwRY_L-fdp-5wR-s,Easy,0,3
905,Bo6P_Zgf5ks,Bo6P_Zgf5ks_KXTMzYjIFK8,Medium,1,1
906,TbhcLX5ew24,TbhcLX5ew24_idSxi4vz4x4,Easy,0,3
907,YymRCHXER50,YymRCHXER50_mUV3Ml2Mmo8,Hard,0,3
908,07K8CQP8zgw,07K8CQP8zgw_gz3U6QjEw9A,Hard,1,0
909,nyEcYlriFjw,nyEcYlriFjw_IRnChKrRCaY,Easy,0,3
910,5lKPjuBuYDc,5lKPjuBuYDc_KjSks1ZBt_U,Easy,1,1
911,uIFuiXb18DI,uIFuiXb18DI_-y-Jyc_NF8o,Easy,0,3
912,lHZy9pynB18,lHZy9pynB18_3QgCavuu9iE,Easy,0,3
913,MIKseRBtbdQ,MIKseRBtbdQ_xfeO_CaX01I,Hard,2,2
914,9xoHZpS_D6w,9xoHZpS_D6w_QZiitiDb9dQ,Easy,0,3
915,aQohqO_7cFs,aQohqO_7cFs_P9fCVIO7DQc,Hard,1,0
916,kqK-Ovwua30,kqK-Ovwua30_OdsKCY4_gc0,Easy,1,1
917,M7Hj2kWTPcY,M7Hj2kWTPcY_Tie-21lrXps,Hard,2,2
918,4BXMXErKWzQ,4BXMXErKWzQ_QDgOZKJmNBA,Hard,0,3
919,RcbMW2-Goog,RcbMW2-Goog_DcjhSEfzcAI,Easy,1,0
920,azcXFoGYpNg,azcXFoGYpNg_kAoeGiy3GNk,Easy,1,1
921,HH6jFd4Wn4U,HH6jFd4Wn4U_S70q9Rl055c,Easy,1,0
922,zuma934EXdk,zuma934EXdk_3wjFFUsQxi8,Easy,0,3
923,vnhTr7vEr7k,vnhTr7vEr7k_BNVV3mo3yYs,Hard,0,3
924,myHWD6Pch8U,myHWD6Pch8U_O_n2fBKdVTc,Hard,1,1
925,IrMAQKtvFdA,IrMAQKtvFdA_BqYupWRjeyA,Easy,0,3
926,SBf_szDS2wc,SBf_szDS2wc_0MK9_PwpUVI,Easy,2,2
927,1XL2HZ4Jxaw,1XL2HZ4Jxaw_U9rkFgk1Z_o,Hard,2,2
928,QYr_IPsgP2Q,QYr_IPsgP2Q_xk2UwdugyPI,Easy,1,1
929,vrrPHFtUKVM,vrrPHFtUKVM_qZMoMuXhVYA,Easy,1,1
930,v4S2QPuMCXk,v4S2QPuMCXk_N3aJ99mEIX8,Hard,2,2
931,vASOQWc_qWs,vASOQWc_qWs_dpMi40NaiTQ,Medium,2,2
932,qSYpcMeAJeA,qSYpcMeAJeA_-U6FtbBRfQQ,Easy,0,3
933,zgWdr5zEhLI,zgWdr5zEhLI_czmQFpZcvNw,Medium,0,3
934,72XQnQQ0bBA,72XQnQQ0bBA_M_tJWwLT0aM,Medium,1,1
935,PndMn0w4DX8,PndMn0w4DX8_xD52EgezbI8,Hard,0,3
936,MvJ6RKxVQJQ,MvJ6RKxVQJQ_QqRq0i-m6wM,Medium,0,3
937,CWXF1_dMecQ,CWXF1_dMecQ_XGYfpwRLXZ8,Hard,1,1
938,TRjWPZFqQN8,TRjWPZFqQN8_cZBHmdy56jE,Medium,1,1
939,eYxdgqaC5Ys,eYxdgqaC5Ys_k4f-LnU67mM,Hard,2,1
940,Y5oxVPZog2Q,Y5oxVPZog2Q_1Nb8tx8oA6w,Hard,0,1
941,aEUaGjIxq08,aEUaGjIxq08_TnyeIvuVF9g,Easy,1,1
942,ttH1qZ4XNRM,ttH1qZ4XNRM_qxw4_Gc1X-0,Medium,0,0
943,AwGQFzs7o6Y,AwGQFzs7o6Y_lZQmKhtcJqU,Hard,1,1
944,CXkUmI2nFE4,CXkUmI2nFE4_6WLFaFM13tc,Medium,1,0
945,8klz0oZf0Rc,8klz0oZf0Rc_Abhmp_fjL2Q,Easy,0,3
946,7ItufVgIe04,7ItufVgIe04_oBjzcr8vfXw,Hard,0,3
947,JttvRTJ3gTg,JttvRTJ3gTg_IDg4jIzNg6g,Medium,0,0
948,foTLXJeJlKw,foTLXJeJlKw_sZK21V32ErE,Easy,1,1
949,xVfFyUKYFzI,xVfFyUKYFzI_Aprs-GUKAfo,Hard,2,2
950,cr6cjYHGAi4,cr6cjYHGAi4_lqYHtdixbu4,Hard,1,1
951,De44s3w2iZA,De44s3w2iZA_5WQN2Ecz_ME,Hard,1,1
952,JYZ0BDA-MfA,JYZ0BDA-MfA_gX3_YVm0XAk,Easy,1,1
953,Y3qjLa54Mto,Y3qjLa54Mto_H8mdc3SzAbE,Medium,1,1
954,faLkqsP2kQU,faLkqsP2kQU__CwZ0AJdsLk,Medium,1,1
955,EtV1_Xqf_9U,EtV1_Xqf_9U_fOSoIM3IRDg,Medium,1,0
956,wxrYd0eWOCc,wxrYd0eWOCc_OjuUm8bOJTM,Hard,1,0
957,-oH2n58GlIQ,-oH2n58GlIQ_aPlalZfiuuk,Hard,0,3
958,rLMkKFavfxc,rLMkKFavfxc_MbxmQ1SA9RM,Easy,0,3
959,oAAOyTbXflE,oAAOyTbXflE_Y-o4dkT-uI4,Hard,1,1
960,5WD99JhVz90,5WD99JhVz90__U67XdZrKF4,Hard,0,3
961,Co8iGtWnxTY,Co8iGtWnxTY_tIiG7ESp-E0,Medium,0,3
962,Bv5Er3tMhVc,Bv5Er3tMhVc_i2rpBSZuXjM,Medium,0,3
963,a6E7aFjN8rc,a6E7aFjN8rc_aZ0mpS4ylDE,Medium,0,1
964,CH6RuqqIVQ8,CH6RuqqIVQ8_oA-Q9kEGdTY,Easy,1,1
965,Ry6-oucbKCQ,Ry6-oucbKCQ_plkSh4zBlZc,Medium,1,1
966,Z_zUjRbHCJk,Z_zUjRbHCJk_1LXSJ-ieZTY,Hard,1,1
967,TL1JpA-CtxA,TL1JpA-CtxA_PoDWWwnzYq0,Medium,2,2
968,9-8I91yXXAc,9-8I91yXXAc_3KiUi_iDAkI,Medium,0,3
969,8vtXREqtn08,8vtXREqtn08_EgWoRBjclAo,Hard,0,3
970,7ZLsgeACPjA,7ZLsgeACPjA_teQqDLrlqXc,Medium,2,2
971,a8KpbUs1Ipc,a8KpbUs1Ipc_TALpuKgQdDQ,Easy,0,1
972,L3RMEPowr2E,L3RMEPowr2E_TOwmDGX-H6c,Medium,1,1
973,5kOZS40huDE,5kOZS40huDE_tnVwQUBlUT8,Medium,1,0
974,j8PMjkFG_9Y,j8PMjkFG_9Y_0jsr8SGX38A,Medium,0,3
975,BpKvhp8ydoo,BpKvhp8ydoo_Y3hE9dPF0Bw,Easy,2,2
976,drAxuE7DtbA,drAxuE7DtbA_7RbPTnlXOFY,Easy,0,0
977,AhGAzX0mPQ0,AhGAzX0mPQ0_Sx_woWrpQfo,Hard,2,2
978,XI_49TbkJI0,XI_49TbkJI0_NPtAaf_iBt4,Hard,0,1
979,-lw36uY6xAM,-lw36uY6xAM_bOizqYTGDeU,Medium,1,0
980,-spacdrgELA,-spacdrgELA_TkV5709EG5M,Hard,1,1
981,g5cFfRQY6W8,g5cFfRQY6W8_V73sj2V_lkg,Easy,0,3
982,n7Ox2i-j8U0,n7Ox2i-j8U0_Z0c0mDkHUvQ,Hard,2,0
983,Kn1oMmahD54,Kn1oMmahD54_VC9vfoWCyyw,Hard,2,2
984,uGUr3gbokjk,uGUr3gbokjk_eJ6Lmqz-ytM,Easy,0,0
985,BsdrV4sa7DI,BsdrV4sa7DI_yCZfh5R82pY,Hard,1,1
986,6QWsJZ8l8lA,6QWsJZ8l8lA_IsD4L_rtZQE,Medium,1,0
987,j2ilU8TcEW0,j2ilU8TcEW0_RD6WcpKo19U,Easy,1,1
988,J_JzakcdvJ8,J_JzakcdvJ8_zR3pxQZkqgY,Medium,0,3
989,-66WrcdgBTE,-66WrcdgBTE_qdbQq2lOP8o,Hard,2,2
990,8DuctUDpuvQ,8DuctUDpuvQ_N0TkTAkuihA,Easy,2,2
991,7knV3FTXXNM,7knV3FTXXNM_jagRXGE9rMI,Medium,1,1
992,eXp7rsgof10,eXp7rsgof10_XywyHfqszcE,Medium,0,3
993,LaVmFfuOZVk,LaVmFfuOZVk_JztMERFZKqc,Medium,1,1
994,Sa6ec6_dYDk,Sa6ec6_dYDk_6Dx4Yj-WzOg,Medium,1,1
995,bPapdR-cIj8,bPapdR-cIj8_zyHe5VSFFps,Medium,1,1
996,3vUSKLqDneU,3vUSKLqDneU_AImFEfA_stg,Hard,0,3
997,F1MoMGfG6Dk,F1MoMGfG6Dk_P1D45FQbPN0,Easy,1,1
998,_0gE8prcMKc,_0gE8prcMKc_VKGyOEU7xz8,Medium,0,3
999,6smVNbG-gl4,6smVNbG-gl4_0H2JclnKAvg,Easy,0,3
1000,NB6-sVPB3cU,NB6-sVPB3cU_aZysvCBx24E,Medium,1,0
1001,Yu_YYvdqaeg,Yu_YYvdqaeg_FqTn8WfCEiY,Hard,2,2
1002,7ym5v8oDbDI,7ym5v8oDbDI_C3v_6253VMY,Easy,1,1
1003,PYp2XwaJHBA,PYp2XwaJHBA_pGsNtzC6FD4,Medium,1,1
1004,EP6KXcHFIX4,EP6KXcHFIX4_kv9dUUhcIZ8,Medium,0,0
1005,SCvo0xi01gc,SCvo0xi01gc_vFI6cwt23XM,Medium,0,3
1006,BnZ1OrW_Gnk,BnZ1OrW_Gnk_ad5DHb9_sk0,Hard,2,2
1007,IYYaFMauEjk,IYYaFMauEjk_5TMnGPjA3mo,Medium,0,3
1008,eNyifRyh1ZU,eNyifRyh1ZU_hrOSMqQ4u-0,Medium,1,0
1009,-3NJCmVPr-E,-3NJCmVPr-E_sIB9hp6864c,Easy,1,1
1010,hBz5Rmc9l1Y,hBz5Rmc9l1Y_Gc8icdeqWI4,Easy,0,3
1011,fhRELmDRM8c,fhRELmDRM8c_DHpQ58j5gd8,Hard,0,3
1012,EIy9nHdYe8U,EIy9nHdYe8U_-kqjN_-wzbw,Easy,0,0
1013,B2HbZPmnxIk,B2HbZPmnxIk_kcH9mkJPXzs,Easy,1,1
1014,0X4gM95Vprc,0X4gM95Vprc_McNLYyypkWE,Hard,0,3
1015,hUN3ql5W3xE,hUN3ql5W3xE_sZK21V32ErE,Easy,1,1
1016,8fGLiIvKKys,8fGLiIvKKys_S0NI5pfSghk,Medium,1,0
1017,3NvCC1l_ig4,3NvCC1l_ig4_J5UsFqn26xY,Easy,0,3
1018,3be3HEXw6bM,3be3HEXw6bM_PcsVpQruwR4,Medium,1,1
1019,XJtWAd0YTZE,XJtWAd0YTZE_nNl7BXuSrg0,Easy,0,3
1020,jtfl5MdP3Ps,jtfl5MdP3Ps_jO0LbICtNUo,Hard,1,0
1021,rb8HDX_Sk-4,rb8HDX_Sk-4_l0YnI-OTum8,Hard,1,1
1022,BfaW2hZx38M,BfaW2hZx38M_QTE1pihXlPk,Hard,2,1
1023,skfqkvuAjv4,skfqkvuAjv4_-bQ7vWIxB4o,Medium,1,1
1024,pr4TdgbQPYQ,pr4TdgbQPYQ_xCGR9wEcqZs,Hard,1,1
1025,VvuwEiCtVO8,VvuwEiCtVO8_m6NT3C1D0rI,Medium,1,0
1026,QQWjSsnKsT8,QQWjSsnKsT8_NbnNAGtoEbo,Hard,2,2
1027,UCfloDx-CCE,UCfloDx-CCE_Gc8icdeqWI4,Hard,0,3
1028,OzMFh1QH234,OzMFh1QH234_zu6O-bOWVlw,Easy,1,1
1029,koyREmplu1w,koyREmplu1w_yjP1gJfkbe8,Easy,0,3
1030,JRIwZiZeYD8,JRIwZiZeYD8_sXPBJFUPWno,Medium,0,3
1031,e_fRLusPe1E,e_fRLusPe1E_3SguBuwjm60,Hard,1,1
1032,JxH7TnWcmxM,JxH7TnWcmxM_d7ZLEEGu91E,Easy,1,1
1033,bX_OWJbJBQY,bX_OWJbJBQY_juN-eYlcZcQ,Medium,1,1
1034,o_1a7mn-Hac,o_1a7mn-Hac_yVsRJbBdukM,Easy,1,1
1035,50DCZ3dz6IY,50DCZ3dz6IY_pgMAgqR2ALY,Easy,1,1
1036,YhFYuZyr5Yo,YhFYuZyr5Yo_vBqoI_4em_o,Hard,2,2
1037,hMjruqY3Hq8,hMjruqY3Hq8_NZRg-xl6y4M,Easy,1,0
1038,7xfCvFIo68w,7xfCvFIo68w_rB-3xhVD4qo,Easy,1,0
1039,-EMr12cJGUo,-EMr12cJGUo_-tMN_XguafU,Easy,0,3
1040,t9ADHaf9qwc,t9ADHaf9qwc_pa3IbHgcxRE,Easy,1,0
1041,Uhv6HMve1RE,Uhv6HMve1RE_QOYs8Dl6wnQ,Medium,0,0
1042,k8u8xVGZNcE,k8u8xVGZNcE_fvhiKswXpg8,Easy,1,0
1043,h0WnBKL2yOs,h0WnBKL2yOs_6FqN5xRaA9A,Hard,2,2
1044,ZkNr4V4l5rw,ZkNr4V4l5rw_V5v1DLihgkM,Hard,2,2
1045,PuHq0tkQRzo,PuHq0tkQRzo_prt9RbcivE8,Hard,2,2
1046,mlF0sGVMDYA,mlF0sGVMDYA_V5iGz6HgoNc,Hard,1,0
1047,c1HyIBTSO9w,c1HyIBTSO9w_A_GwQz8Jhsk,Easy,1,1
1048,7xVZlQ-aiLA,7xVZlQ-aiLA_rI912z48uLU,Easy,1,0
1049,6CNrFkREe6g,6CNrFkREe6g_EAo4DXBZ81M,Easy,0,3
1050,gjznGgT0x1M,gjznGgT0x1M_FbCQgGDd11s,Medium,0,3
1051,_Kyfs0LKNp0,_Kyfs0LKNp0_8NsnYiqhCKc,Medium,0,3
1052,d5ojZL_39K0,d5ojZL_39K0_FHlmUuzekrY,Hard,1,0
1053,P-9_ShVjHrE,P-9_ShVjHrE_N0j5mR2VeS8,Hard,1,1
1054,sguDMDcJFgU,sguDMDcJFgU_6dJjGYhE8Nc,Medium,0,3
1055,Ck1-xEFuvO4,Ck1-xEFuvO4_r84VZQyTJVo,Easy,1,1
1056,kHzC8YAe2Oc,kHzC8YAe2Oc_YQqfeXRcBJs,Easy,0,0
1057,b4JkbCEOGtY,b4JkbCEOGtY_oWm0Nwrgr0Q,Easy,1,0
1058,Mu9Zj3g0bs8,Mu9Zj3g0bs8_jGzAsMoa02A,Easy,2,0
1059,U8j41UVPGx0,U8j41UVPGx0_Al4k84ewiqg,Medium,1,0
1060,D8B7F9T1eZM,D8B7F9T1eZM_z08BQP7eZX4,Easy,1,1
1061,N6RMg8iZbbQ,N6RMg8iZbbQ_Uf0v56xKJtU,Hard,0,3
1062,BsR8NxbI6S4,BsR8NxbI6S4_IwMVbPdXQEM,Medium,0,0
1063,BJ7548Gt0xI,BJ7548Gt0xI_hhE1OtKkNN0,Hard,0,3
1064,PpIvsitIfjI,PpIvsitIfjI_p943gvkLEkU,Easy,2,2
1065,4bFYNfjFGlA,4bFYNfjFGlA_CvvwtuDLLow,Hard,2,2
1066,cqUZQBfshyA,cqUZQBfshyA_zMZCtK8yc7Q,Hard,0,3
1067,C85sTnwogsc,C85sTnwogsc_jC_EVqDofMM,Easy,2,2
1068,8E-y_8M1OnQ,8E-y_8M1OnQ_rx3-ijTDqng,Easy,0,0
1069,mfMubjqQybo,mfMubjqQybo_uFWJbDCrLpU,Easy,0,3
1070,OryygVSt6ck,OryygVSt6ck_HC5L8eGK2tQ,Easy,1,0
1071,sFW4d1IrMw4,sFW4d1IrMw4_MTwkusTobtk,Easy,0,3
1072,R2UhLK8EdEs,R2UhLK8EdEs_Nw9GJVWXl1s,Medium,2,2
1073,ROBmXwJ8C28,ROBmXwJ8C28_zHG0vzTsFY4,Easy,1,0
1074,UH92t8D3vP8,UH92t8D3vP8_uZDbyfPUB2A,Easy,1,1
1075,FIYxfUpZuH0,FIYxfUpZuH0_sTnBGVAy-Sc,Easy,0,3
1076,p06e89LQSFk,p06e89LQSFk_FjaCDwsfTUI,Easy,1,1
1077,ufCyRJQwEss,ufCyRJQwEss_CAC8hnePoMI,Medium,1,0
1078,QBqY_moEnes,QBqY_moEnes_6WzKkkf2wMs,Easy,0,0
1079,oMaf9VI7g2U,oMaf9VI7g2U_RMrNP4QCaBY,Medium,2,2
1080,Y1ICXpvM8MI,Y1ICXpvM8MI_4KM7OdRsY-M,Medium,1,1
1081,rzgg2LN2XrY,rzgg2LN2XrY_u9OLa_cD13Y,Hard,1,1
1082,4b_sHDMD788,4b_sHDMD788_uASCrVnpPG0,Hard,1,0
1083,IzsgBQQmV5w,IzsgBQQmV5w_-bpv_MI1RFY,Medium,0,3
1084,IxmtWn1buQc,IxmtWn1buQc_C9JTs0Fplbs,Medium,1,0
1085,CT9laYZXITg,CT9laYZXITg__IroN3PMLZY,Medium,1,1
1086,xW03cPlfkS8,xW03cPlfkS8_fS9LeQ0dZ0c,Hard,0,3
1087,F4FV3l4RBJI,F4FV3l4RBJI_oXHszTWyzvA,Hard,2,0
1088,eQ9Ru_iPNyU,eQ9Ru_iPNyU_ToZljXVGbFs,Medium,1,1
1089,wx5GE9LCxVk,wx5GE9LCxVk_PKSVtdZn2q0,Hard,1,1
1090,Y-oKf5rvT1Y,Y-oKf5rvT1Y_-PVhCNogZqc,Easy,1,1
1091,tiZD5VxG2pw,tiZD5VxG2pw_VQEIkpkbNvg,Medium,1,1
1092,JFvqgk95UYQ,JFvqgk95UYQ_PpDAL33yu6o,Medium,1,1
1093,Lt8Vwyst0jI,Lt8Vwyst0jI_eO-Ddr1S01Y,Hard,0,3
1094,APUauRflWJY,APUauRflWJY_jLyNyUPlvhg,Easy,1,1
1095,fUZwM7kuwyg,fUZwM7kuwyg_HBvM1rB9zs0,Medium,0,3
1096,7KVYRhhB2BU,7KVYRhhB2BU_on-KWJjIgwg,Easy,0,3
1097,Xnr_oPLUpHg,Xnr_oPLUpHg_cnKe0L8TIHc,Hard,0,3
1098,OPl87bq-2t4,OPl87bq-2t4_HlI7nrKhtTY,Medium,1,0
1099,ynWRh0LStFI,ynWRh0LStFI_jQUcS3hwKGg,Easy,2,2
1100,24M11INn_bw,24M11INn_bw_R8ClXjliqU8,Easy,1,1
1101,Rparh8OI7qs,Rparh8OI7qs_-76wjfKnZSY,Easy,1,0
1102,Mu7FJGPdz6w,Mu7FJGPdz6w_qfKG_OYrTVA,Medium,0,3
1103,8vjZYwQ3FyY,8vjZYwQ3FyY_7rTA6PdP_7g,Easy,0,3
1104,e7Pu_QdMbFQ,e7Pu_QdMbFQ_ZYrrL2bw_HI,Easy,2,0
1105,K0kCJKdYWik,K0kCJKdYWik_tAZtZfm0MnY,Hard,0,3
1106,pl0HbxV6xug,pl0HbxV6xug_chPCK7Jql1o,Medium,0,3
1107,fi-LWI1Ly8Q,fi-LWI1Ly8Q_s0eOeEkNhyU,Easy,1,0
1108,2zNC2LOUGyc,2zNC2LOUGyc_4hWK3rEXKJE,Hard,2,2
1109,pK8uIvIv5OY,pK8uIvIv5OY_ZRt0z-15W7Q,Easy,2,2
1110,ZWT3qoQWCws,ZWT3qoQWCws_bSiWM8y4Zi4,Hard,2,2
1111,pRAhSZt9m_g,pRAhSZt9m_g_ITEDSbt8zL8,Easy,0,3
1112,Our5W14KxT0,Our5W14KxT0_qtDiCHrL7og,Hard,2,2
1113,A4j2sKDJdf8,A4j2sKDJdf8_z32x1YipaTw,Medium,1,0
1114,sFTAdz0b7JI,sFTAdz0b7JI_OBsuZx3xPcQ,Hard,0,3
1115,A-Djx6iZ70g,A-Djx6iZ70g_zjpwuyAIiRg,Easy,2,2
1116,mJxO8nXDNzo,mJxO8nXDNzo_alJn_s1PvkQ,Hard,2,2
1117,q5mnpMwZOPY,q5mnpMwZOPY_hrDAOpBnnUI,Medium,1,1
1118,ks_HtcmCrkM,ks_HtcmCrkM_r-T20GtGaYI,Easy,0,3
1119,rZb8WsdW5eM,rZb8WsdW5eM_8l5B3peJABY,Medium,2,1
1120,hGTxoU1nnuE,hGTxoU1nnuE_8wacVqVLQBg,Easy,0,1
1121,FHDEfwAo1eI,FHDEfwAo1eI_FmUbbuq5CfE,Easy,1,0
1122,QyP3cojSe1w,QyP3cojSe1w_DhMkcAcKjqY,Medium,0,3
1123,otUYbnlSnqI,otUYbnlSnqI_COHo5pnZ-Hs,Medium,1,0
1124,KfAzKfZYsp0,KfAzKfZYsp0_dohACQWyrEM,Medium,1,1
1125,PbvyXeJlkpk,PbvyXeJlkpk_Zc2UErYiC3Y,Hard,0,3
1126,27KZKNFFJYo,27KZKNFFJYo_2z_k5amIc7k,Medium,0,3
1127,RKQGmBgYWqE,RKQGmBgYWqE_JDfC_8rcEPg,Hard,1,0
1128,KDtJFpkfMKw,KDtJFpkfMKw_l-i53lNClN8,Medium,1,1
1129,1wmfaMNar1c,1wmfaMNar1c_yBXhFOfwskg,Easy,1,1
1130,rXqDxvnLjho,rXqDxvnLjho_3XX7SG-VcJw,Hard,0,3
1131,6uaVjsGRrlw,6uaVjsGRrlw_L_VXXd6kIOc,Hard,0,1
1132,FBgvb5Dl0oo,FBgvb5Dl0oo_JkzTbiDw57M,Easy,1,0
1133,kCbNpTaETA8,kCbNpTaETA8_4ZS8ikSA1SA,Medium,0,3
1134,fxfrI_EgEcA,fxfrI_EgEcA_79JpTg7L-1Y,Hard,1,1
1135,dEtFhJztp4U,dEtFhJztp4U_4dxAxziDHm4,Easy,0,3
1136,zI51uay2YXg,zI51uay2YXg_GAPYhU8aI8A,Medium,1,1
1137,ccHCU-Wq80s,ccHCU-Wq80s_xnCjn5NkYH8,Easy,1,1
1138,kqbEVUZEj54,kqbEVUZEj54_ZtS0kHjSDIY,Medium,0,0
1139,lpPqE_QbAaU,lpPqE_QbAaU_z99Vwp31Bjk,Easy,1,0
1140,rCWm3xNlZJY,rCWm3xNlZJY_EdUf-KOcK6g,Easy,1,1
1141,aDxT8M0dYDY,aDxT8M0dYDY_VGHOPLsYamo,Hard,2,2
1142,Hv0Kl948Lc8,Hv0Kl948Lc8_bw5pi9nUGJ8,Medium,1,0
1143,CDYbJVgfMxo,CDYbJVgfMxo_hcSMiTFQ_9A,Hard,1,0
1144,jodWL55fD_M,jodWL55fD_M_m397TriBDro,Hard,0,3
1145,-uTjquep7JU,-uTjquep7JU_jOM4F5O1yEo,Hard,2,2
1146,Ym5g0Hdyju0,Ym5g0Hdyju0_qxw4_Gc1X-0,Medium,1,0
1147,zNWLNl46d3M,zNWLNl46d3M_ZGVkpsQEF4U,Easy,1,1
1148,geo53jt4B8A,geo53jt4B8A_eaamvzj2VTY,Easy,0,0
1149,TSHFCqTyGw8,TSHFCqTyGw8_4Zjr0iMPrxQ,Easy,0,3
1150,H7R8OWnMjfs,H7R8OWnMjfs_l3FoBWpQBzg,Hard,2,2
1151,CZY3p-gi8iA,CZY3p-gi8iA_SkCy9tAZAGk,Hard,0,3
1152,QzLfGoFxOkQ,QzLfGoFxOkQ_My2J8QIPK_4,Easy,1,0
1153,zCYcLVJ0LiQ,zCYcLVJ0LiQ_bMpoRet2bEg,Medium,1,1
1154,F9QxnAP_wxI,F9QxnAP_wxI_48zdURCb4zk,Easy,1,1
1155,q_Mq6irHoTI,q_Mq6irHoTI_eD5gd63YBWE,Easy,1,1
1156,FlxTfaH0VA0,FlxTfaH0VA0_1B4JAEZLccs,Hard,1,1
1157,oru8RL7eCEE,oru8RL7eCEE_E9tiqiCKk04,Hard,0,3
1158,znjKNPSepEM,znjKNPSepEM_gF8_rT67KdA,Easy,1,0
1159,H-9jv_ozXYU,H-9jv_ozXYU_AI5CZ9bK0jU,Easy,2,2
1160,dw-Fki7Ugmc,dw-Fki7Ugmc_837BjHcszZI,Medium,1,0
1161,aCEC-YTevgQ,aCEC-YTevgQ_pGsNtzC6FD4,Hard,0,3
1162,sSpI261qcT4,sSpI261qcT4_OTjJkJuQPrY,Hard,0,3
1163,CLfUpcg84hg,CLfUpcg84hg_ksSTtWJez4Q,Medium,1,1
1164,ucUgocoC3XI,ucUgocoC3XI_VdzigTcir9U,Medium,1,0
1165,dU8dbsCgdVQ,dU8dbsCgdVQ_59QQO_Pbgok,Medium,1,1
1166,aej8NGXUd0g,aej8NGXUd0g_-4CBr5qj6pc,Hard,1,0
1167,mK5UdU12J-w,mK5UdU12J-w_l-FPJh8cZfE,Medium,1,1
1168,CfUmSoa645o,CfUmSoa645o_7iIP1PtlUuw,Medium,0,3
1169,yd9C_-YXQ7E,yd9C_-YXQ7E_tZEvB4gvo4k,Medium,0,3
1170,GhzxZ7DH70g,GhzxZ7DH70g_4IUqQ5GT4y0,Hard,0,3
1171,ALkA169qvzY,ALkA169qvzY_1n_s81-0TOA,Hard,1,0
1172,zMgLXCoFygM,zMgLXCoFygM_t_INQN1S_WM,Medium,2,2
1173,M2UYOMnPiAI,M2UYOMnPiAI_a8v7b1efojs,Hard,0,3
1174,ASI5z6nU5-I,ASI5z6nU5-I_PstOlooqFsM,Easy,2,2
1175,TK9N7rd65lE,TK9N7rd65lE_FLItPWFgCFM,Easy,2,2
1176,BzQTB2QCuHM,BzQTB2QCuHM_NJ4bwQZjAUk,Easy,1,1
1177,75HVZaaBsXk,75HVZaaBsXk_zuBLaO7ZSvg,Hard,0,3
1178,twH4g3g8eQo,twH4g3g8eQo_FCoTADjD7DY,Hard,0,3
1179,xL-S2tAb9ts,xL-S2tAb9ts_K5MG9UJG3gw,Hard,1,1
1180,Ro9eY40poTg,Ro9eY40poTg_yZlh6C8FyCs,Easy,1,1
1181,FhKdsDFkQKA,FhKdsDFkQKA_JgRA-rI_Xpk,Medium,0,3
1182,xdBFlT9mg_M,xdBFlT9mg_M_adFrZ1KxFf0,Hard,0,1
1183,xz_vIlysWU4,xz_vIlysWU4_uR9HHIZS-30,Hard,1,1
1184,Y8bXQ1qVxz0,Y8bXQ1qVxz0_OA89m8MjCI0,Easy,0,0
1185,XkKFjOy-cxA,XkKFjOy-cxA_h6LIECTgXfc,Medium,1,1
1186,A4tclQmgWqI,A4tclQmgWqI_dz_0TGTKutg,Medium,1,1
1187,td7a_poz85E,td7a_poz85E_i7TlPNCf1TI,Medium,1,0
1188,b3CJuNKcRDA,b3CJuNKcRDA_3MJ3ONbVWKI,Hard,2,2
1189,x3Gg9ID9NDw,x3Gg9ID9NDw_IKdaXVhmNys,Medium,1,0
1190,aflgUIBEnMg,aflgUIBEnMg_3SffzNpe_Xc,Hard,0,3
1191,ug8NmLMq42s,ug8NmLMq42s__PKKlOVXlmw,Medium,1,0
1192,TLJza8tBrlw,TLJza8tBrlw__muNvo7SQCQ,Medium,0,3
1193,nuWCgoBLu5E,nuWCgoBLu5E_SY8u898Gfdc,Medium,1,0
1194,kI72ECipAY8,kI72ECipAY8_dMXeOFcw3HE,Medium,0,0
1195,ONAFNj1VbKQ,ONAFNj1VbKQ_jq-texIojec,Hard,1,1
1196,A356ur2w6xg,A356ur2w6xg_YIcnvcW3-cg,Medium,0,1
1197,hI3327gfxMI,hI3327gfxMI_pTirGIN2yWA,Easy,1,1
1198,I4XCelKFi-E,I4XCelKFi-E_X5EaZ2GUU4Q,Easy,0,3
1199,Ua5eQTHz6KA,Ua5eQTHz6KA_F1yWi9KVXVE,Medium,1,0
1200,ZQOBHDRrIxg,ZQOBHDRrIxg_dcWQmS1VcR4,Hard,0,3
1201,H6IzvHoglj8,H6IzvHoglj8_844rC4Rf0pg,Medium,0,3
1202,op75LzsCckI,op75LzsCckI_lrMYsWFGVyQ,Hard,1,1
1203,8ra9Kh3lyFA,8ra9Kh3lyFA_tb059wP_uNY,Hard,1,1
1204,zxpMqAEp0KI,zxpMqAEp0KI_2pMAkj5w-fc,Hard,1,1
1205,4vSVQEOuuow,4vSVQEOuuow_VDp03N_nxmU,Easy,1,1
1206,Pv0OqgzNaMQ,Pv0OqgzNaMQ_8XJpYuD3lAs,Hard,2,2
1207,ItV4NVU0u6I,ItV4NVU0u6I_Ldq1rh8OYuc,Hard,2,2
1208,Jg649Qir8bI,Jg649Qir8bI_QC-imOnh9h4,Hard,1,1
1209,-QBTDNMw0fs,-QBTDNMw0fs_U9rkFgk1Z_o,Medium,1,1
1210,ah7goU7kudo,ah7goU7kudo_al2m-IPmf5o,Medium,1,1
1211,eZqq08jD5vE,eZqq08jD5vE_iXjlpKXPdtI,Hard,1,1
1212,u7cN-zeLUuI,u7cN-zeLUuI_R-9cUKsZuwA,Medium,1,0
1213,gWfHLD6JmwA,gWfHLD6JmwA_oCT-UYfnDy4,Easy,0,3
1214,I5Zexf2cPKc,I5Zexf2cPKc_cAAfrzPOUvs,Medium,1,0
1215,xIvXBpqyIBQ,xIvXBpqyIBQ_T5WPp3C29Uk,Easy,1,1
1216,1lm83Tua1g8,1lm83Tua1g8_uCKGkNFjmNs,Hard,1,0
1217,bLPm2RXikQ0,bLPm2RXikQ0_AxQz9m-VWwU,Medium,1,0
1218,epdHngfJMjE,epdHngfJMjE_un3lysY4M-Y,Hard,0,3
1219,H2TFeUDgjQ8,H2TFeUDgjQ8_1L_TI6gBdQ0,Hard,1,0
1220,Gr9CN5aoYLk,Gr9CN5aoYLk_SWeegi4iSCE,Hard,1,0
1221,cDskMlMiw90,cDskMlMiw90_6mFfFPAeM28,Easy,1,0
1222,LM4BztqS2Uw,LM4BztqS2Uw_H5SSSga3Hx0,Hard,2,1
1223,hi7jJxqbIdM,hi7jJxqbIdM_S9xnRIggET8,Easy,1,0
1224,eElnlYBYraA,eElnlYBYraA_FiQ-oREsS8c,Medium,1,1
1225,r2c2tJvzu24,r2c2tJvzu24_XOO6YimKQyM,Hard,0,0
1226,VBDoZ0Tu5CI,VBDoZ0Tu5CI_K29bp9zG0jA,Medium,1,0
1227,EWaYoR7tBZo,EWaYoR7tBZo_kTtNx6vt9j8,Hard,1,1
1228,qJbtrYcfTfo,qJbtrYcfTfo_yanevL11sIU,Easy,1,0
1229,Ft-6R7gJYEA,Ft-6R7gJYEA_XAZ2sw-vBcM,Easy,2,0
1230,mnR6-_dxI9c,mnR6-_dxI9c_f6y6BMZDrug,Hard,0,3
1231,MZ5zA3sK-VQ,MZ5zA3sK-VQ_j-29VKDMZJk,Hard,1,0
1232,Ev-o-QLVftg,Ev-o-QLVftg_IM05Ca56q1c,Easy,1,0
1233,9d2DowII5yg,9d2DowII5yg_LF-u5tUg0lY,Easy,0,0
1234,XF7MMd8IxTo,XF7MMd8IxTo_uZm6YOYOeUQ,Easy,1,1
1235,17B-RV2DB-I,17B-RV2DB-I_RvYL2iai7ks,Easy,0,3
1236,A9cU2QkkMMQ,A9cU2QkkMMQ_6WABBKPOY4Y,Easy,1,1
1237,3H6QLLqaz9o,3H6QLLqaz9o_HJkTpEJ7xLA,Easy,2,2
1238,S3-WmZyzJn4,S3-WmZyzJn4_MI4zwQx6Ngw,Medium,1,1
1239,5OQ4DYc3GRA,5OQ4DYc3GRA_AoC7lr3wxb8,Medium,1,0
1240,Tqo1UOK1I44,Tqo1UOK1I44_skTcQLUZKEA,Easy,2,2
1241,gmzcuCmAN1g,gmzcuCmAN1g_JEet-h8hCJw,Medium,0,3
1242,fPAvRsZUDEo,fPAvRsZUDEo_kv3xZWUlmPE,Easy,1,1
1243,8TKMm3udHwc,8TKMm3udHwc_Zt8oyRrOaUQ,Medium,1,0
1244,izbNQ2kW350,izbNQ2kW350_xm5txJRZLds,Easy,1,0
1245,XmKIK8E4eVY,XmKIK8E4eVY_turb5c2evaA,Medium,2,2
1246,je_-7tXd4BQ,je_-7tXd4BQ_x11o75Qrod0,Medium,2,2
1247,nHN3DRQYP-s,nHN3DRQYP-s_cf15OJKZtSA,Hard,0,3
1248,IzAV3sDqzJ8,IzAV3sDqzJ8_PuHq0tkQRzo,Hard,2,2
1249,h4fES5gGi-A,h4fES5gGi-A_lzjELi7VPx0,Easy,1,1
1250,XF5AxTvkrtc,XF5AxTvkrtc_s9SCUp71EMk,Hard,2,1
1251,TBpTqSD-rmA,TBpTqSD-rmA_c4aZ62o-pu4,Easy,0,3
1252,XmRoa8oaEzY,XmRoa8oaEzY_t0ouQ4KzH7s,Hard,1,0
1253,Ch12h38dBqI,Ch12h38dBqI_IU_J-B9fEiw,Easy,1,0
1254,AFl8dkg0cms,AFl8dkg0cms_4Yu5DZtTqbU,Hard,1,0
1255,7D5hr6JO_Gw,7D5hr6JO_Gw_O1bhJgMlj3Q,Hard,0,3
1256,dHI7ZktlwWA,dHI7ZktlwWA_vgYwEW5juY0,Medium,1,0
1257,RbyGsN6vgr8,RbyGsN6vgr8__N3bWClL4U8,Easy,1,1
1258,98OqlkX1ihQ,98OqlkX1ihQ_oIPygwrNbkE,Medium,1,1
1259,jdeiBGB5us4,jdeiBGB5us4_A6fjF9q0me4,Easy,0,1
1260,1JUBTgX46Fs,1JUBTgX46Fs_iC93S4kX9Ng,Medium,0,3
1261,XQrDJZgaOrw,XQrDJZgaOrw_Sg_umATxU6k,Easy,2,1
1262,D_hgfWzA5N0,D_hgfWzA5N0_nEzt_mHKqXs,Medium,1,1
1263,zJcjAGVvq3E,zJcjAGVvq3E_EmJ89SlddRA,Easy,1,1
1264,tm_AIeHXGes,tm_AIeHXGes_Q-e3p1lmgwg,Easy,1,1
1265,hoRiq6795R8,hoRiq6795R8_AmAAhdN5gEE,Medium,0,1
1266,avsG6SosBPg,avsG6SosBPg_6xeLEXuzrv0,Medium,0,3
1267,_EJZzZbzGqo,_EJZzZbzGqo_1hcieZLP0-g,Hard,1,0
1268,gA8EGM6eNCI,gA8EGM6eNCI_s-9rKnKAgwg,Medium,1,0
1269,KGmsoYvx7ng,KGmsoYvx7ng_s6CDWoTZi68,Hard,2,2
1270,sVFDk5Vsvlc,sVFDk5Vsvlc_-PVhCNogZqc,Medium,1,1
1271,t07uZeqRfCQ,t07uZeqRfCQ_NDeop_CrG44,Hard,2,2
1272,qqrX3av2DqI,qqrX3av2DqI_tTik17_TCoU,Easy,0,3
1273,n41d1Rb4T48,n41d1Rb4T48_zxRGVz15PQE,Easy,1,1
1274,mJDSHxWj2Pw,mJDSHxWj2Pw_7i6N8WLd2zU,Easy,1,1
1275,KNDs_yaU0u0,KNDs_yaU0u0_S2s2vV9fMZ4,Hard,0,0
1276,O-SATJaiHGU,O-SATJaiHGU_cNT-Jf6DWyg,Hard,1,0
1277,y2GXHr7P3D0,y2GXHr7P3D0_gA23exGuVO0,Easy,1,1
1278,-zGoNFCxJXM,-zGoNFCxJXM_NPHS55H2FxY,Medium,1,0
1279,9GvGSeXgMnw,9GvGSeXgMnw_XYO4Ouw305A,Hard,2,2
1280,ef5UKYOeySs,ef5UKYOeySs_eHoq2u9Z2cs,Easy,2,2
1281,VFS59QwhnGw,VFS59QwhnGw_xcVejvxgIwk,Medium,1,0
1282,bhs9hjxugHk,bhs9hjxugHk_5D0jfvx-qg0,Medium,1,1
1283,rKxTUv7vB84,rKxTUv7vB84_mTspBZAIh0A,Medium,0,3
1284,3EdwStE0HkQ,3EdwStE0HkQ_xTECt6dGZ5w,Easy,1,1
1285,xBHV2ufqlk8,xBHV2ufqlk8_puo8yiTG55Q,Hard,2,0
1286,F6AuvIMfr28,F6AuvIMfr28_fw6MmGFK0n4,Easy,0,3
1287,YPBMxcM-jvU,YPBMxcM-jvU_IPhHMsw80NQ,Medium,0,3
1288,MyKMXgJ_6m8,MyKMXgJ_6m8_u5tSjktts8Q,Easy,1,1
1289,9d4L3ej7dGE,9d4L3ej7dGE_6ZvrWuE5sQs,Medium,1,1
1290,773VdARugsg,773VdARugsg_z1kILT5mbM8,Easy,1,0
1291,uHWx0gMzsh4,uHWx0gMzsh4_MiATnyf7i3I,Medium,1,0
1292,opAMr-xS_3o,opAMr-xS_3o_EOPGbjM_Y-4,Easy,0,1
1293,YpPcDSTaGG0,YpPcDSTaGG0_Elj4ql0mEnw,Medium,0,3
1294,2V_QxpI2ffY,2V_QxpI2ffY_WzHXRZq8jCg,Hard,0,3
1295,pU_VwrUzGuk,pU_VwrUzGuk_hzDN9cabHjo,Hard,1,0
1296,dUSuHC2Zu00,dUSuHC2Zu00_litAHB316-M,Medium,1,1
1297,lvrH42OhZXQ,lvrH42OhZXQ_d9QlZr63Cos,Easy,1,1
1298,oZPcUctaSIQ,oZPcUctaSIQ_XFCQlZlXhmc,Hard,0,3
1299,bqGeyDSt_Qw,bqGeyDSt_Qw_sK2pztheeJo,Easy,1,0
1300,tAMM0MlqFmg,tAMM0MlqFmg_6A1K_8KOq0g,Easy,0,3
1301,jHxF8j2djUg,jHxF8j2djUg_2BP_r0gyAe0,Medium,2,2
1302,umJkRTbARK0,umJkRTbARK0_ktorrXDaAYc,Hard,2,2
1303,gTbr77atD3M,gTbr77atD3M_NeP14q2Q3MQ,Medium,0,3
1304,6308v1GNnNE,6308v1GNnNE_y8ZdYaeuhkQ,Hard,1,1
1305,_XCHtcpWC3g,_XCHtcpWC3g_dmhti0MYjzA,Medium,0,3
1306,dwZZZoTHQMc,dwZZZoTHQMc_077mtW-I23g,Medium,1,1
1307,DwsRCuoKeGg,DwsRCuoKeGg_i7DTa5t3I8w,Hard,0,3
1308,NORiPos3arg,NORiPos3arg_PlM3BVKDvhk,Hard,2,2
1309,MON_WEPCk3o,MON_WEPCk3o_tdrIjH9IfeE,Hard,2,0
1310,SJWdvsEHBsE,SJWdvsEHBsE_oIEpFQSIp1o,Hard,1,1
1311,CSvBwXlOQPY,CSvBwXlOQPY_iZOXwI35PZY,Medium,1,1
1312,y1G64dpUglo,y1G64dpUglo_RTjtSE2Nbt8,Medium,1,1
1313,ccHfljyAN9I,ccHfljyAN9I_Kye2Lv3D2F8,Medium,2,2
1314,5_shPJsc6AM,5_shPJsc6AM_cphwskBdJYc,Easy,1,0
1315,RFTrvbY8Bt8,RFTrvbY8Bt8_yxMGqm5Nrew,Hard,0,0
1316,fQjCLyb-xLg,fQjCLyb-xLg_Yt2CVtgK-9A,Medium,1,0
1317,JEjE-7CckYQ,JEjE-7CckYQ_OzMkw_MwaYQ,Hard,0,3
1318,hfa3GZOEb38,hfa3GZOEb38_MaKg_ibFJBE,Hard,1,1
1319,1XjqrW0sEBg,1XjqrW0sEBg_Rl7LxcUL6g8,Easy,1,1
1320,zHQhI2Jz0WY,zHQhI2Jz0WY_lHU3e5Csk7w,Easy,0,3
1321,GQGd5HRIjMY,GQGd5HRIjMY_QUfDqaG3frM,Easy,0,3
1322,pgoDe__Fm-Y,pgoDe__Fm-Y_vf4LLox2GTE,Medium,1,1
1323,u7ht4fEEtBU,u7ht4fEEtBU_fOSoIM3IRDg,Medium,1,1
1324,IJDwVrgToUQ,IJDwVrgToUQ_E2Krh7bfJfI,Medium,1,0
1325,rNxmHq9qlQ8,rNxmHq9qlQ8__GVsvAUduv0,Medium,0,0
1326,A2_BW98UZ2U,A2_BW98UZ2U_KnNnJ14n2iA,Medium,1,1
1327,ZLLx5MKBazQ,ZLLx5MKBazQ_TbSB-_egcU0,Hard,2,2
1328,b5ZGx-AIyz8,b5ZGx-AIyz8_TgiowjN7lyA,Hard,2,2
1329,Q6ikRoc5Lu8,Q6ikRoc5Lu8_j19n72eMZik,Easy,0,0
1330,_RDc7k4kTlw,_RDc7k4kTlw_Pwok4ezRAB4,Easy,0,3
1331,U_amofbuWRw,U_amofbuWRw_m1kImEPSWHU,Easy,1,1
1332,MQVMfXGsOEc,MQVMfXGsOEc_Xreh-gY9xfg,Medium,0,3
1333,sZNtPlWq5gI,sZNtPlWq5gI_tl_4Jx7umvs,Medium,1,1
1334,kRhfFQsIucg,kRhfFQsIucg_eRrZGsUuYSc,Medium,1,1
1335,RGNMnuFXYBA,RGNMnuFXYBA_SDlDldcMc9c,Hard,2,2
1336,TsGlyqHCUU4,TsGlyqHCUU4_9YmCmfFnzQ8,Easy,1,1
1337,b_HSFaMeQYU,b_HSFaMeQYU_SrN37NWirpA,Easy,1,1
1338,GCU2XWiHWvs,GCU2XWiHWvs_MY46Ue0QDrE,Medium,1,0
1339,zlsif8gREds,zlsif8gREds_kTg4BY7E6xo,Hard,1,0
1340,jG1G6Dd2He4,jG1G6Dd2He4_9ayuQtanfVE,Easy,1,1
1341,IPawwnMx32I,IPawwnMx32I_RMdNtgq29eM,Easy,1,1
1342,vO4Fz4HeVrw,vO4Fz4HeVrw_fJTltQC1i34,Hard,0,3
1343,y6kL7z238wQ,y6kL7z238wQ_yfi_KxcL1Jo,Easy,1,0
1344,S4H3s0iYEhs,S4H3s0iYEhs_D221VmYK13M,Medium,0,3
1345,CAw9mxh2I_k,CAw9mxh2I_k_rFmcDlwDnk8,Easy,2,2
1346,uKc7rVNpot4,uKc7rVNpot4_GKPOikS63c0,Easy,1,0
1347,egYkEYaAwMo,egYkEYaAwMo_rx3-ijTDqng,Medium,1,1
1348,Vch2FNq5WMY,Vch2FNq5WMY_NtQ0mIGxPFU,Easy,1,1
1349,falPDZ5xuMo,falPDZ5xuMo_jxZ6dAIRS3E,Hard,0,3
1350,V224ftBNwws,V224ftBNwws_FOVdudbuGwA,Easy,1,1
1351,_pRWyWLF2SI,_pRWyWLF2SI_mx_kasJuBrk,Easy,1,1
1352,VIxvcgs5BQM,VIxvcgs5BQM_axPOw5X-ixY,Medium,1,1
1353,bMEszWfTXw8,bMEszWfTXw8_ULYRu3_pxFY,Easy,2,2
1354,-eN2txpibqo,-eN2txpibqo_Mrzkjl4J_xE,Easy,0,3
1355,SVPbPVtEBcw,SVPbPVtEBcw_9Oi1NhkHoFI,Medium,1,1
1356,C7ZBh7wJ1ys,C7ZBh7wJ1ys_ZhpQErrrzU4,Medium,0,3
1357,9O3JWfBPGno,9O3JWfBPGno_zGsT9AspNcg,Hard,1,1
1358,hJeJzN6g4wU,hJeJzN6g4wU_p4O2VYa4ZzA,Easy,0,3
1359,Hwm7PHqmIMk,Hwm7PHqmIMk_l2atMqr4lcI,Medium,1,0
1360,xZcvk3G-DnU,xZcvk3G-DnU_rjwal6MZ5TQ,Medium,0,3
1361,uHTtBnlMFKQ,uHTtBnlMFKQ_kkzsf2EgP2U,Medium,1,1
1362,kumMqZaEZf4,kumMqZaEZf4_hOWQ7sZ6D3A,Medium,1,0
1363,Mos8UiWV6_g,Mos8UiWV6_g_ZULS_xwx7dg,Easy,1,0
1364,NIJp5pcEVlY,NIJp5pcEVlY_4wYajkKLu3s,Medium,0,3
1365,YywqL2rv25s,YywqL2rv25s_g6eGCn_tOos,Medium,0,3
1366,6KvqOumQ7LA,6KvqOumQ7LA_3i2vPZiAUQ4,Easy,1,0
1367,jlxNdbWgNu4,jlxNdbWgNu4_gc6OhNn5oPs,Easy,1,1
1368,S05UAONJmsU,S05UAONJmsU_ZrWmlEmPHOk,Easy,1,0
1369,djy2cHxN9is,djy2cHxN9is_n_rUFlnfLsY,Medium,1,0
1370,Piak7SITdyc,Piak7SITdyc_tFH78tlNZjg,Easy,1,1
1371,f5bIc2i35s4,f5bIc2i35s4_XKg-aH9ULZo,Hard,0,3
1372,FBWdvSQssmM,FBWdvSQssmM_hU_jpYqUqF0,Easy,1,1
1373,50-vLxU5Bls,50-vLxU5Bls_UKUdw0zDC5w,Easy,0,3
1374,D6KQLPITxys,D6KQLPITxys_s74Fumxh3j8,Easy,1,0
1375,kf7f5sO7xAI,kf7f5sO7xAI_ewuiVxV9ZPc,Hard,0,3
1376,OyIIlkLFmVg,OyIIlkLFmVg_y-Mg2dHtWnQ,Medium,2,2
1377,S8YXAGgEUaU,S8YXAGgEUaU_ymIHO_gn5-w,Easy,2,2
1378,P0_o6Xg04n8,P0_o6Xg04n8_TxZv3LDNFrw,Hard,0,0
1379,CR6mk3dmm2Q,CR6mk3dmm2Q_aun1lHyqwBg,Easy,1,0
1380,FP1nQWfHwc4,FP1nQWfHwc4_XDTYdw3X8JI,Medium,0,1
1381,_ugyQLqHQeg,_ugyQLqHQeg_WZA-MuqZdvs,Easy,0,3
1382,FPNiVni1Bms,FPNiVni1Bms_XNrDlIAE3UE,Easy,0,0
1383,nHHBfrtHa-M,nHHBfrtHa-M_FATfbo27qcU,Hard,2,2
1384,sA1G3Ov0hE0,sA1G3Ov0hE0_HYgZR5EiTsM,Easy,1,1
1385,MSK7wBHNQSA,MSK7wBHNQSA_X2WfC9MPonA,Medium,0,3
1386,r0PWZi0pkco,r0PWZi0pkco_rwirCDR3lpI,Hard,0,3
1387,74ryfba6Bls,74ryfba6Bls_mBLfUh8F9MU,Easy,2,2
1388,aasg9gPQAy4,aasg9gPQAy4_EYAwAlYN85E,Hard,2,2
1389,d38RgS0I3zk,d38RgS0I3zk_L4KDF8my4wk,Easy,1,1
1390,RIskWuEsJgQ,RIskWuEsJgQ_MD_JAGuhXWM,Easy,0,1
1391,09B-qJnsoUU,09B-qJnsoUU_1ac0-vYQdt8,Hard,1,1
1392,aMiUOwiAHFQ,aMiUOwiAHFQ__fQB8fQXw1M,Easy,0,0
1393,ULjsxfzOg68,ULjsxfzOg68_BbroxUafE1c,Medium,0,3
1394,un4yHVpHSBQ,un4yHVpHSBQ_9BtydDj0Dno,Easy,1,0
1395,ufnqxvG8TZ4,ufnqxvG8TZ4_t4zXT4mcPUI,Easy,1,1
1396,7xFG7q31y_4,7xFG7q31y_4_TwccGYaP0Ak,Easy,2,2
1397,qX8Lw6hcF7c,qX8Lw6hcF7c_D2H0QUMxHOw,Medium,0,0
1398,YIoSLwolzBU,YIoSLwolzBU_J9DompOyRU0,Hard,1,0
1399,7a2lbkutOdA,7a2lbkutOdA_JJ4HzRxNrsY,Easy,1,0
1400,1TtDnFqedbA,1TtDnFqedbA_JDAVohifyIk,Easy,1,0
1401,9-lebVWosiE,9-lebVWosiE_Y3XSMfhR43g,Hard,2,2
1402,cVJzO6ezbu8,cVJzO6ezbu8_OSuFJu14h-Q,Medium,1,1
1403,mU9ihqqYX5k,mU9ihqqYX5k_4MRGXac8aV4,Easy,2,2
1404,qZJLEaC_0O0,qZJLEaC_0O0_BTWZilelt7g,Medium,0,3
1405,qlKQup9K8KU,qlKQup9K8KU_YHFfkJF9BX8,Easy,1,0
1406,gSLYKtqJ7Cw,gSLYKtqJ7Cw_Bt2ha5B3X3c,Easy,0,3
1407,eiPP-IgHxjY,eiPP-IgHxjY_xaywHdJEvPQ,Easy,1,1
1408,H9GKWHzXDLo,H9GKWHzXDLo_ZnndwYTBh18,Easy,1,0
1409,7Me3LO-3JEs,7Me3LO-3JEs_xqAlU7Y6gmc,Medium,1,0
1410,Brd7ReInaVs,Brd7ReInaVs_VHMWPHrLzaA,Easy,1,1
1411,8uZG3n2qHUg,8uZG3n2qHUg_3HJLdKx5CUg,Medium,2,2
1412,P5_qGtuWUT0,P5_qGtuWUT0_cdbUmVkyZFQ,Easy,0,0
1413,Yrvc2S0o4MI,Yrvc2S0o4MI_DvrCeS60ctQ,Medium,0,3
1414,g3EePCPLLPY,g3EePCPLLPY_aXTeP8JFuCc,Hard,1,1
1415,SqqSlls6q9E,SqqSlls6q9E_UOHzeg9DRbQ,Easy,1,0
1416,-VNPHehBNh8,-VNPHehBNh8_hfSk-qMIZSs,Medium,1,0
1417,7nJyvNFwHZM,7nJyvNFwHZM_9oUdNQmbmhI,Hard,1,1
1418,9Kumk7ju-UM,9Kumk7ju-UM_yGKgXB29zdw,Hard,1,1
1419,YwGUMYrj7As,YwGUMYrj7As_7qqGncGlev0,Medium,1,0
1420,Tcjq2dsSwQA,Tcjq2dsSwQA_kKHaJdfn4Sg,Medium,1,1
1421,amK-ylUt-po,amK-ylUt-po_aCiM5_1KJX0,Hard,1,1
1422,DxXKPDVcvK4,DxXKPDVcvK4_Klhdxt7hAxc,Medium,0,3
1423,_q202iOzZuM,_q202iOzZuM_LA4cQvkBOxs,Hard,1,1
1424,DxJI3yZOFKE,DxJI3yZOFKE_az05kRqHoxI,Medium,0,3
1425,OvDk7OtyP6Q,OvDk7OtyP6Q_qxw4_Gc1X-0,Hard,1,1
1426,6q7MHl_j5sw,6q7MHl_j5sw_LiU7TfYjmaI,Easy,1,0
1427,60HTBUwYqcE,60HTBUwYqcE_i1F1NVVZZKg,Easy,0,3
1428,MnhhT6sugxk,MnhhT6sugxk_-3NJCmVPr-E,Medium,1,1
1429,RbmLgw1CFp8,RbmLgw1CFp8_Vj_TFlIhzcQ,Easy,0,3
1430,xkm6S_Gdf9s,xkm6S_Gdf9s_BzQTB2QCuHM,Easy,1,1
1431,7C2bC7zggMc,7C2bC7zggMc_QkVMlXfLIkw,Medium,1,1
1432,_qmoBN5VBkY,_qmoBN5VBkY_ARWJHVg1IHE,Hard,0,3
1433,tWwahpQYfZM,tWwahpQYfZM_c3HHqXzaMNA,Medium,0,3
1434,Gzse71YV_-Q,Gzse71YV_-Q_dGe3HxoH1nM,Easy,1,1
1435,eo-zsXKwZf8,eo-zsXKwZf8_sXJ0Gyi25SA,Easy,1,1
1436,_MwdX4PJ42M,_MwdX4PJ42M_5OBo52zxFI4,Medium,1,1
1437,qQYpF2pCkLI,qQYpF2pCkLI_q2-kD0q7QTQ,Hard,2,0
1438,YTy0w15JjbY,YTy0w15JjbY_7YKIbF9QdbY,Medium,0,3
1439,KzN7Ec2ShjA,KzN7Ec2ShjA_py3ufVNmPj4,Medium,1,1
1440,kP6pYIO_Jk4,kP6pYIO_Jk4_dkjl0oloZMA,Hard,0,3
1441,gbn5p56vvps,gbn5p56vvps_fNdDbOZvTlY,Hard,1,1
1442,PTf1rSevSEE,PTf1rSevSEE_324Zrj2uwuA,Medium,0,3
1443,1o_BC6-VnZE,1o_BC6-VnZE_hkt6jTwzvJo,Medium,1,1
1444,UcmExhP-IJw,UcmExhP-IJw_C6Zky5w5D4I,Easy,1,1
1445,bR_irmAmgDw,bR_irmAmgDw_z1k6F058Iqg,Easy,2,2
1446,uYQghb5xPR0,uYQghb5xPR0_ToZljXVGbFs,Hard,1,1
1447,xHhNcFn-z8w,xHhNcFn-z8w_zVNb9xrwzJU,Medium,1,1
1448,vd_eEOlF-Qw,vd_eEOlF-Qw_CB_1QwyqdUE,Hard,2,2
1449,X0qVrNGNwdY,X0qVrNGNwdY_spCXrPXbRJw,Medium,1,1
1450,6FFDbru0HS8,6FFDbru0HS8_CNR2TEHtSN0,Medium,2,2
1451,LO8qEwzJ7jY,LO8qEwzJ7jY_oOwjQQrzViI,Hard,0,3
1452,fJFNTZ5Upkc,fJFNTZ5Upkc_e7aqAlBmKEQ,Hard,2,2
1453,8U19HV_2na8,8U19HV_2na8_igMzT6s18O8,Easy,0,3
1454,46-XTBPwZ6U,46-XTBPwZ6U__BnNJkJUDbQ,Medium,1,1
1455,XXgtN7TA1V8,XXgtN7TA1V8_LqTg77a6R9I,Hard,1,1
1456,lOlGZkdr3No,lOlGZkdr3No_7rTA6PdP_7g,Easy,0,1
1457,6Tr4ecv6S9s,6Tr4ecv6S9s_qZz7yMDYweI,Hard,1,0
1458,CXBVwdDRZGk,CXBVwdDRZGk_h_fN6AJ_zZY,Hard,1,0
1459,aDDbIrZgMyM,aDDbIrZgMyM_Spoq-v33bnw,Easy,1,1
1460,VG1VVFfOnYQ,VG1VVFfOnYQ_pe9usHEgxqk,Easy,1,0
1461,pAnk-HpH1L8,pAnk-HpH1L8_F3xywY2Ej0o,Medium,0,3
1462,ajeRCbnJrbA,ajeRCbnJrbA_rHFc6LMWEZU,Medium,1,0
1463,reOgdkVqjsg,reOgdkVqjsg_sSInpse53Tk,Hard,0,0
1464,ME4R6UjuC3E,ME4R6UjuC3E_5Uqkx2-zno8,Medium,0,3
1465,rOXoeS-TKB8,rOXoeS-TKB8_751ZhlBBjLM,Medium,0,3
1466,EjuKZBYxsTI,EjuKZBYxsTI_HYgZR5EiTsM,Easy,1,0
1467,RyChzcVMHHY,RyChzcVMHHY_oWm0Nwrgr0Q,Easy,1,0
1468,6KzB6XkIuIo,6KzB6XkIuIo_L-iepu3EtyE,Hard,2,2
1469,b_QMyiFeq08,b_QMyiFeq08_pc80liMEFQo,Hard,0,3
1470,Cw8tg7mJ9t4,Cw8tg7mJ9t4_CBqpCfzOn-o,Hard,2,2
1471,tdODbJE00kE,tdODbJE00kE_Dwv2x_pQ0Js,Hard,1,1
1472,z0l9WS83cZA,z0l9WS83cZA_OArvcN-40i0,Hard,2,2
1473,0T93YVSi3uo,0T93YVSi3uo_TQ2rLlSSy_4,Medium,1,1
1474,TRjC_MTLHGY,TRjC_MTLHGY_eK1zHc16Ngs,Hard,2,2
1475,GN2lvFD8s3Q,GN2lvFD8s3Q_zMZCtK8yc7Q,Easy,0,3
1476,28mFdUIAT9g,28mFdUIAT9g_iaMx9p9P6BI,Hard,0,3
1477,rMH2OjAKL90,rMH2OjAKL90_pTIO-7oN8M4,Hard,0,3
1478,ybMMX-YPOZ8,ybMMX-YPOZ8_j4pNIkZLTYY,Medium,1,0
1479,Q6sUSltmm0A,Q6sUSltmm0A_0H7Xu1IKSNE,Hard,0,3
1480,65qBlnUTO3k,65qBlnUTO3k_EQglhjRQAvc,Easy,1,1
1481,3Rks1pB_PIQ,3Rks1pB_PIQ_loONwI_JbKQ,Medium,1,1
1482,PFCKPkF5rmM,PFCKPkF5rmM_Al7bbZI74xw,Medium,0,3
1483,ivytlnKR7Y8,ivytlnKR7Y8_Lzlxeny167E,Easy,1,1
1484,ret0wzxFLgs,ret0wzxFLgs_R5AucvZ60Pw,Hard,1,0
1485,JOc8Fv_KMUE,JOc8Fv_KMUE_IxWiqPzymQ4,Easy,0,3
1486,L974N1CxTbM,L974N1CxTbM_xlYu9RsrtPY,Hard,2,2
1487,33xClyGlpBs,33xClyGlpBs_sDRlQwSMia4,Easy,0,0
1488,nxYCFBV5lpo,nxYCFBV5lpo_8xOWFPYXTZw,Easy,0,3
1489,8Ej4PzaoqpU,8Ej4PzaoqpU_A84hNilKxFM,Hard,0,3
1490,r_ricTn-gac,r_ricTn-gac_pQkxoEfmuH0,Easy,0,0
1491,VCw0Ch0NnMg,VCw0Ch0NnMg_JAm0ZbewaAI,Easy,1,1
1492,f0CwHiWfzVI,f0CwHiWfzVI_UZIVSq00vSQ,Medium,0,3
1493,lJO6LBJhBU0,lJO6LBJhBU0_3y1ZtLZPlD0,Medium,2,2
1494,6uedonaXJPk,6uedonaXJPk_xs4otzLcvik,Medium,0,3
1495,Fa1sqe1QsIM,Fa1sqe1QsIM_cF-Aht5nWUg,Easy,1,1
1496,-tjyaVvEsQM,-tjyaVvEsQM_4pYwUVwudJY,Medium,0,3
1497,z8vxkUMMIhc,z8vxkUMMIhc_qJHP8HoMGlM,Hard,0,3
1498,iyp01tXHxrg,iyp01tXHxrg_pmhn3z9paVw,Easy,1,1
1499,qO9gaPZUxyQ,qO9gaPZUxyQ_R6EL-14q_EI,Hard,0,3
1500,y4AJsmGno-s,y4AJsmGno-s_KH4E7p4xZpA,Hard,2,2
1501,_looEFBFOOQ,_looEFBFOOQ_c-8S3LqKc7c,Easy,0,3
1502,cFPZ_t580D0,cFPZ_t580D0_nGpQxNRnNtQ,Easy,1,1
1503,7zn_japBvw4,7zn_japBvw4_0hl8fH7zeJM,Hard,2,2
1504,20Z6WWCouus,20Z6WWCouus_WtEhuwJMwsw,Hard,2,2
1505,6gk9JYzSOuY,6gk9JYzSOuY_ES4E5LlCT88,Easy,1,0
1506,S1ThxWzkELk,S1ThxWzkELk_EeA2an52pDw,Medium,1,0
1507,Kl0R1C9zfTY,Kl0R1C9zfTY_IsD4L_rtZQE,Medium,1,0
1508,MUi7VM-UxGY,MUi7VM-UxGY_tVqZVjNusU8,Hard,1,1
1509,rVO2byp-tWg,rVO2byp-tWg_m0YLOxKlURQ,Easy,1,0
1510,hQDwhl3DVE4,hQDwhl3DVE4_JWhtQt58wtI,Medium,0,3
1511,cKCC9jL9d4g,cKCC9jL9d4g_tzApcUKvU4Q,Easy,1,1
1512,_8BpGSrYHxo,_8BpGSrYHxo_scIcNkvA5Vw,Easy,2,2
1513,6XKR_50H7QY,6XKR_50H7QY_Apv8ek-kwK8,Hard,1,1
1514,bSc6SSAVgSc,bSc6SSAVgSc_R0bDSpBGEXk,Easy,1,0
1515,OrqyU5FktPA,OrqyU5FktPA_5PuCmkn9P_4,Hard,0,3
1516,YLW4mx5KlOk,YLW4mx5KlOk_I40nyBCnj2M,Easy,0,3
1517,NMv-AEneSJM,NMv-AEneSJM_Z-DZXT-U-cQ,Hard,2,2
1518,nmII8NguHTE,nmII8NguHTE_ryCf1V4Vc5s,Easy,0,3
1519,xs6v9JtDev4,xs6v9JtDev4_JAHV7z1E1w4,Hard,1,0
1520,HbLWMDwPQoY,HbLWMDwPQoY_lKzGVoLlu8o,Hard,0,3
1521,y5WyBbC9o5I,y5WyBbC9o5I_A0bXPp6VK6k,Hard,1,0
1522,DOkq0W0vcR4,DOkq0W0vcR4_S1waflpSvxQ,Easy,1,0
1523,naEzZHwLYXQ,naEzZHwLYXQ_uLSkBm-wJdM,Medium,1,0
1524,8KPjVkklZL8,8KPjVkklZL8_J8MzPsOVm-g,Medium,1,1
1525,9OkNyAZByVk,9OkNyAZByVk_JjE4zBFDIM4,Medium,0,0
1526,GMcANxoUu0A,GMcANxoUu0A_SRO3DXLNB6Y,Medium,0,1
1527,egEdloe0slc,egEdloe0slc_4dxAxziDHm4,Medium,0,3
1528,lXhW9YQhkEU,lXhW9YQhkEU_tGlKac8RVS4,Hard,1,1
1529,0b80ycK287I,0b80ycK287I_NFgVvMK4EfU,Easy,1,0
1530,QjaPQaX_tW0,QjaPQaX_tW0_qHCsq7MYNiU,Easy,1,0
1531,oiVoUSdabJk,oiVoUSdabJk_uZtxOPNtWCY,Easy,2,2
1532,PbSe4JRln74,PbSe4JRln74_fo_z-msGcwM,Hard,0,0
1533,o3BVSFk0_wA,o3BVSFk0_wA_iTMgV8osiXk,Hard,0,3
1534,0ZAZ8i97jWg,0ZAZ8i97jWg_vew-ha2_4yw,Medium,1,1
1535,06JRydJNQdw,06JRydJNQdw_DdUEeBH074w,Hard,2,2
1536,cpCKdx3W7u4,cpCKdx3W7u4_hd292ZXZ8yY,Easy,2,2
1537,yWzElTFBRbg,yWzElTFBRbg_vEQtVq6nShY,Medium,0,3
1538,oMLh40r_p6M,oMLh40r_p6M_PvKgHLr54_I,Medium,0,3
1539,-d8TN0PF_ME,-d8TN0PF_ME_pjrKKgxXUPs,Easy,1,1
1540,0TbHIhEP53U,0TbHIhEP53U_JXaUqhG93C4,Hard,2,2
1541,k7YNpBnjvWU,k7YNpBnjvWU_Vkr6Vf1JTnc,Hard,0,3
1542,jg3pHyKpvro,jg3pHyKpvro_2IhQLDEfq58,Easy,0,3
1543,xY9IgvQb-dw,xY9IgvQb-dw_mlEYuG-59KQ,Hard,2,2
1544,xgPn_Qfq_QI,xgPn_Qfq_QI_FlqO6t263y0,Easy,1,1
1545,4iR772WszA4,4iR772WszA4_366-VLL63YU,Medium,0,3
1546,_9IV37JdbX4,_9IV37JdbX4_lC9bkRSjRog,Medium,1,0
1547,h8dWDcyLCBI,h8dWDcyLCBI_EwNmjZOenA4,Medium,1,1
1548,lrMYsWFGVyQ,lrMYsWFGVyQ_qU6t3vLxJe4,Easy,1,1
1549,K1wb5HAuvZk,K1wb5HAuvZk_zMZpb2-ofPA,Medium,1,1
1550,-s2qi6pLObw,-s2qi6pLObw_0wqv7VD0lOI,Medium,1,1
1551,DbO8BEpry0g,DbO8BEpry0g_ICdjHF5k-WA,Hard,1,1
1552,5TMO9A7uccw,5TMO9A7uccw_RF0Av9iwab8,Hard,2,2
1553,LJGdHUTt3xM,LJGdHUTt3xM_rJbso6j-x5w,Hard,1,1
1554,CJWgFeBFTJ8,CJWgFeBFTJ8_cjdA57jXuik,Medium,0,3
1555,cvYuSyhz3hk,cvYuSyhz3hk_rSAnEp5NDlM,Medium,1,1
1556,-bsj-LQxlsQ,-bsj-LQxlsQ_iOQofTR4JXc,Hard,1,1
1557,3cMylfV16u4,3cMylfV16u4_b73W2tNONE8,Hard,0,3
1558,65eHKFDI7mk,65eHKFDI7mk_gSLYKtqJ7Cw,Easy,2,2
1559,2Dcfb2HOksk,2Dcfb2HOksk_Xkwq6jbr6wk,Medium,0,3
1560,nYZRYmfl8_o,nYZRYmfl8_o_O-EevC0Kirs,Hard,0,3
1561,4Z5ebdjxVhE,4Z5ebdjxVhE_lkzORQpQoxI,Hard,0,3
1562,pKpBQuj8G-I,pKpBQuj8G-I_IPhHMsw80NQ,Hard,0,3
1563,GoZRoyqsEiE,GoZRoyqsEiE_alJn_s1PvkQ,Medium,2,2
1564,kA_BXn-zSMM,kA_BXn-zSMM_Gal_xpJiCi4,Easy,0,3
1565,pm9mAOsx-dQ,pm9mAOsx-dQ_rZHbcBtyTfA,Easy,1,1
1566,CXKRC8Bfy0M,CXKRC8Bfy0M_KJvt2xsg34s,Medium,1,0
1567,FNTwSyyJiTY,FNTwSyyJiTY_JAcEv35pGA0,Hard,2,0
1568,Y9mFcqbkqTc,Y9mFcqbkqTc_ksmHCAZSo0I,Easy,0,0
1569,FHRgzs6CrJE,FHRgzs6CrJE_--5fJSpQqmA,Hard,0,3
1570,hac88WX5dL0,hac88WX5dL0_4avvTLjFzHs,Easy,2,2
1571,kP26ib6uJHo,kP26ib6uJHo_aWEbt0QaBtg,Hard,0,3
1572,kCFviFyxnkw,kCFviFyxnkw_7afGbcdRQFc,Hard,1,0
1573,NqA6BsoXhSs,NqA6BsoXhSs_rrIDRwCMV5A,Easy,1,0
1574,Vur74XAdiME,Vur74XAdiME_dDu9SsPpU2Q,Easy,0,3
1575,qC8TEHSBe0A,qC8TEHSBe0A_Cb9Gh9aZZMw,Easy,1,1
1576,lFfOFKYFCuA,lFfOFKYFCuA_Xz5XxJ4hJho,Hard,2,2
1577,Min9wc8Kfe8,Min9wc8Kfe8_2_NWxiFIa-4,Hard,1,1
1578,rxnsT5jyuBA,rxnsT5jyuBA_g7QQv5r-Dew,Hard,0,3
1579,_pM5Fz6kv9w,_pM5Fz6kv9w_N3X3XVbdVcU,Medium,0,3
1580,LASZhVhoKLM,LASZhVhoKLM_5GInSK21QhM,Easy,1,1
1581,V3_kHfx9NY0,V3_kHfx9NY0_XqZEbboevAg,Easy,1,1
1582,I-fLKajaQ_c,I-fLKajaQ_c_tu-n5fUfjc4,Hard,0,3
1583,DlVqEMD4lV8,DlVqEMD4lV8_Z7nwOVkaBFE,Medium,0,3
1584,RauCQuHE0eE,RauCQuHE0eE_Xa9Md9VEzZ8,Medium,1,0
1585,dQYsIRnG4cw,dQYsIRnG4cw_0FBe0QzWrW4,Hard,1,1
1586,ssc67bXV6lU,ssc67bXV6lU_TxqJOm0601k,Easy,0,0
1587,tM4TNFxKfl4,tM4TNFxKfl4_z9y5XwMvrm0,Hard,0,3
1588,qS43uX4m_N0,qS43uX4m_N0_Nr23RWMRnpM,Easy,1,0
1589,OCe08v6l0rQ,OCe08v6l0rQ_T7HJ5fbjXH8,Hard,1,1
1590,0WsQuvXDwSk,0WsQuvXDwSk_ieMjaO08Tns,Medium,2,2
1591,D6JYxjPDBjg,D6JYxjPDBjg_5e6VIt1mt-Y,Medium,1,1
1592,KIJaxQhuD2U,KIJaxQhuD2U_YZzgB3fh0z4,Easy,1,1
1593,rHUcQkMG4cM,rHUcQkMG4cM_xE5tiOoDMLM,Hard,2,2
1594,3MVAF5vrSMU,3MVAF5vrSMU_XqvIfJjb1gg,Hard,0,3
1595,d3lah5zz9Mg,d3lah5zz9Mg_YYM8YuyWju4,Medium,1,1
1596,TIQC76MfPHQ,TIQC76MfPHQ_lzjELi7VPx0,Medium,1,1
1597,Zu37ojVqYtg,Zu37ojVqYtg_ByXHXiGR1Qg,Medium,0,0
1598,IdbitHTWYSM,IdbitHTWYSM_FfT8SBYWrYg,Medium,1,0
1599,TyTPo1Dlp5w,TyTPo1Dlp5w_AfDAwLiLy_4,Easy,2,2
1600,zALBLCRZMTk,zALBLCRZMTk_I0qeJw0gx7c,Medium,1,0
1601,8_VrafS-ldU,8_VrafS-ldU_gze0sjhxZ7Q,Hard,0,3
1602,i4DN2tA9af4,i4DN2tA9af4_aZmtF10EMLY,Easy,1,1
1603,l3IbMrnSJtM,l3IbMrnSJtM_1JLiGvkrL0s,Medium,1,1
1604,mW6rgQ4DJZs,mW6rgQ4DJZs_zf5x0XBA9TM,Medium,1,1
1605,YqEvbvwIOFw,YqEvbvwIOFw_4QRWLhol670,Medium,0,3
1606,OIj-wXdCd-U,OIj-wXdCd-U_0I5UbneczBM,Medium,1,0
1607,ytH2r-R_XxE,ytH2r-R_XxE_C6yJOET5mXY,Medium,2,2
1608,YnusBrmLWwQ,YnusBrmLWwQ__-PpkjxzSWo,Easy,0,3
1609,oUQiVkXm63U,oUQiVkXm63U_scnjTRV5zSE,Easy,1,1
1610,i5QLRv_kozw,i5QLRv_kozw_RtsPsfVN3tU,Easy,1,0
1611,_uKx125-ss4,_uKx125-ss4_pFsobtf37LE,Easy,1,0
1612,QNBMWc72U3U,QNBMWc72U3U_P7godOh946M,Easy,1,1
1613,U5q-wjsvf2s,U5q-wjsvf2s_lu4R8ufjGZ0,Hard,1,1
1614,qKOAKl4MAZE,qKOAKl4MAZE_8CDViCeIeJA,Easy,0,3
1615,M7GS21LLo3o,M7GS21LLo3o_znyeIK_Zsz0,Hard,1,1
1616,bR1RgNrrNMg,bR1RgNrrNMg_ErLwXKDpWNo,Hard,2,2
1617,Im22Ajs3MqA,Im22Ajs3MqA_d6Y5xaQ8dDQ,Medium,0,3
1618,vV50_7AeD4I,vV50_7AeD4I_7JcdijMBDJo,Medium,0,3
1619,MRbfJcxQtrA,MRbfJcxQtrA_LsQGPd2WIyo,Easy,1,1
1620,jFTYkCbtjGI,jFTYkCbtjGI_HnCWr9Tbizo,Easy,0,3
1621,AOuxZ8VBbFI,AOuxZ8VBbFI_gZgQI3B-gnQ,Hard,1,1
1622,HQxzdOC5eXA,HQxzdOC5eXA_C3v_6253VMY,Hard,1,1
1623,JR6hNwmlqR0,JR6hNwmlqR0_SRqUBO-8Iag,Easy,1,1
1624,0RHTAndRGoI,0RHTAndRGoI_sTh2nTvYuDE,Medium,1,0
1625,SLuOm1-KG1g,SLuOm1-KG1g_NZUhLI_IvIU,Medium,1,1
1626,VO6oOKUy7g4,VO6oOKUy7g4_axjo3tnVJvg,Easy,2,2
1627,JAqmaJoViWM,JAqmaJoViWM_cZ-o9PI5GnI,Medium,2,2
1628,jIsAMPp6pVE,jIsAMPp6pVE_69MvwecUupk,Medium,1,0
1629,JswBKvmGhcc,JswBKvmGhcc_KhDFLmu1PgI,Medium,1,1
1630,qwVb5h89xbc,qwVb5h89xbc_s-TyeDOkibY,Easy,1,1
1631,tgtdLJpRPhc,tgtdLJpRPhc_3Tn8-rjepqo,Easy,1,0
1632,HDn_EK7VRwQ,HDn_EK7VRwQ_QF7PIOT-2rU,Easy,1,0
1633,5wkJre8EI0Q,5wkJre8EI0Q_-Q4E15NMZRk,Hard,0,3
1634,2mRrXQfI-zQ,2mRrXQfI-zQ_cUeVGctTaFM,Medium,0,3
1635,vM04VbmjdME,vM04VbmjdME_6e3S-bPyZKw,Medium,1,1
1636,vcXS8iKLTDA,vcXS8iKLTDA_YxVvA5-Ndmg,Medium,1,0
1637,_YzOEPrWeo8,_YzOEPrWeo8_YgQOxXxSjTI,Easy,1,0
1638,Oyi67N0CRLc,Oyi67N0CRLc_qqJ1wvXcbN0,Medium,1,0
1639,3uJ__ZH6EGs,3uJ__ZH6EGs_-yyl1J9q2KA,Hard,0,3
1640,HTYh754XLB4,HTYh754XLB4_MKGqTsEkDfA,Easy,1,1
1641,oi3Gv1udO5Y,oi3Gv1udO5Y_erQQB7a1N5c,Medium,1,1
1642,7sXntE5qbwQ,7sXntE5qbwQ_Z7nwOVkaBFE,Medium,0,0
1643,ZwTgANw-Gic,ZwTgANw-Gic_Xs5W4hPk8wo,Hard,0,3
1644,gXnVHH5_AMQ,gXnVHH5_AMQ_rakUWb-Bt5k,Hard,1,1
1645,6XijvDidcug,6XijvDidcug_hZWxdFUub_s,Medium,0,3
1646,V6I2TjhpqjA,V6I2TjhpqjA_eItU9WalGyI,Medium,2,2
1647,IeYNMsaDhoE,IeYNMsaDhoE_dsCTyZ6nkCU,Hard,2,2
1648,NbjTMnLX95c,NbjTMnLX95c_grvqWGOcJSw,Hard,1,1
1649,MSqfgaJG4nM,MSqfgaJG4nM_Ivn-f_i7MH8,Medium,2,2
1650,aeOpGHyN7-c,aeOpGHyN7-c_SDlDldcMc9c,Hard,1,0
1651,C-D0zPYj-4s,C-D0zPYj-4s_XVKKz1AHXec,Hard,0,3
1652,o6ptruDwm_c,o6ptruDwm_c_CDkJux_hF8U,Medium,0,3
1653,qmT-9VkfmN4,qmT-9VkfmN4_Pd6Z7qIiniI,Easy,0,3
1654,dKE-EnvMmz4,dKE-EnvMmz4_mAPm8yeZJJw,Medium,2,2
1655,cx9qhhWk3Ys,cx9qhhWk3Ys_g6z4YxJTGqU,Easy,0,3
1656,rGmvofW8nNw,rGmvofW8nNw_dx1jl9w125I,Hard,0,3
1657,4SUJjpxjySI,4SUJjpxjySI_H1k8tk6OZ3w,Hard,1,1
1658,hoCZf2kDN2w,hoCZf2kDN2w_FTtdmgZ48YQ,Easy,0,3
1659,Cx01fOYsc6E,Cx01fOYsc6E_PCyjJI0FG2c,Hard,2,2
1660,S5wU39LaT5A,S5wU39LaT5A_zN92YWz_mQg,Easy,0,3
1661,KiRLPw1NfC0,KiRLPw1NfC0_AIhO5vL4Q-8,Easy,2,2
1662,MHOC75peaJw,MHOC75peaJw_bWMNdaEc_ng,Medium,1,0
1663,ilSsQ9QihsQ,ilSsQ9QihsQ_v0nrpz5XPMY,Medium,0,3
1664,ovqbbb4P2ug,ovqbbb4P2ug_r5ARqvg_Zw8,Easy,0,3
1665,GnCWdVI9eUk,GnCWdVI9eUk_ABT27kosMTI,Hard,0,3
1666,_TffAt0mGpY,_TffAt0mGpY_YXPy5zlSUJA,Medium,1,0
1667,S0ji0JbME6I,S0ji0JbME6I_Td8cr02Ahak,Hard,1,1
1668,DQ4TSLVPrtc,DQ4TSLVPrtc_kDkRMF8TsyU,Easy,0,3
1669,cWVri5XGGA8,cWVri5XGGA8_tuP5rCmHIaA,Hard,0,0
1670,dIwqCfWRh4E,dIwqCfWRh4E_0eiCFeEjSuo,Medium,2,2
1671,TpyymN0ssjc,TpyymN0ssjc_6t2nl8GX2Yc,Hard,1,0
1672,naljHr9bFlM,naljHr9bFlM_rJqaaJgwuis,Medium,0,3
1673,_xS2pa5JuvY,_xS2pa5JuvY_B5wDNYivt_s,Easy,1,1
1674,XNj4wToOj3s,XNj4wToOj3s_79j_xMeH-Y8,Hard,2,2
1675,3TUE2GzR0-8,3TUE2GzR0-8_b1O-gUOPITE,Easy,0,3
1676,ktyipr2uDac,ktyipr2uDac_MiXWnF3jOrM,Medium,1,1
1677,qfIyDjpyTrk,qfIyDjpyTrk_KuAlXt-xFtQ,Medium,0,3
1678,eKxLtdDt3ds,eKxLtdDt3ds_vOTh4MTA0HI,Easy,0,3
1679,FxP12uqkRmg,FxP12uqkRmg_bO9FLYYvuWw,Medium,1,0
1680,u4ANlhae9Oo,u4ANlhae9Oo_szMuyfqf3pM,Easy,2,2
1681,qjYWzS84Fy4,qjYWzS84Fy4_xfM9KbRAZZs,Medium,0,3
1682,znVHiRghD40,znVHiRghD40_S5lEMkBG5a8,Easy,0,3
1683,Pdb5Z54jEWE,Pdb5Z54jEWE_OHMEzig5htk,Medium,1,1
1684,S4cfd3vYA70,S4cfd3vYA70_knYj1lDaVSQ,Hard,2,2
1685,d1rpgmfOVMg,d1rpgmfOVMg_lqjqZgHn050,Medium,1,0
1686,KGq22fmNEIw,KGq22fmNEIw_L8xjGFwdRug,Hard,2,2
1687,nIOq09WNfZQ,nIOq09WNfZQ_lzjELi7VPx0,Easy,1,0
1688,Cr2CE2P0CPs,Cr2CE2P0CPs_IlbdZv5-29I,Easy,1,0
1689,SCJrvPr92u4,SCJrvPr92u4_-ey67-zHusQ,Easy,0,1
1690,LstKO1rxNlk,LstKO1rxNlk__yZLoQI4-SE,Easy,0,3
1691,U-WlduLPGpM,U-WlduLPGpM_gG0RbRK58YA,Hard,0,3
1692,um7K8XTuerU,um7K8XTuerU_v1Z7K9ZpbzQ,Medium,1,1
1693,shNByD2SMsM,shNByD2SMsM_4L9dbZwl2Og,Medium,1,0
1694,TqkjEwd3AHw,TqkjEwd3AHw_HaZeEq__slo,Hard,0,3
1695,s_n7WR7V3GI,s_n7WR7V3GI_f_1bxlmtW2c,Medium,1,0
1696,LadQEBmWbjM,LadQEBmWbjM_pnmaRtAfb1Q,Hard,1,1
1697,R1irY47hfVg,R1irY47hfVg_nDckgPUH6bk,Medium,1,1
1698,lgBOgKr-HJo,lgBOgKr-HJo_tA5vcZ7CJyI,Easy,1,1
1699,CYGSPOt7b8s,CYGSPOt7b8s_-SNGQq-OuWo,Hard,0,3
1700,4LpTB16NJNg,4LpTB16NJNg_txCvLwQVAeU,Hard,2,2
1701,z1k6F058Iqg,z1k6F058Iqg_TeK0MIFxXEY,Easy,1,1
1702,p6436iQlPS8,p6436iQlPS8_G0AQ2IcEoyw,Easy,0,0
1703,Lc2Zp-wZKL4,Lc2Zp-wZKL4_J30G99lJ4kE,Hard,0,3
1704,fU1rcy8xyXw,fU1rcy8xyXw_pxJhz34AFl0,Easy,1,0
1705,bykSpg8do-4,bykSpg8do-4_LPeyzZyxlu8,Medium,1,1
1706,3EEIcaHW8CM,3EEIcaHW8CM_693imlN5Hvw,Hard,1,0
1707,McQ359sVdU4,McQ359sVdU4_prhDtZ2S2dI,Easy,1,1
1708,3dQmRaJB5Us,3dQmRaJB5Us_i64Vf7RzGhU,Hard,2,2
1709,ulE8tcgY1os,ulE8tcgY1os_yKdcppfu-e4,Medium,1,0
1710,gDzPb9aYrxg,gDzPb9aYrxg_EvNLNCRX1m4,Easy,1,1
1711,2CbVHt-lU78,2CbVHt-lU78_t9xMLH1zR5I,Hard,0,3
1712,uII_vbQswUs,uII_vbQswUs_sW9JZl_i63Y,Medium,0,3
1713,8n1M2_OuoEo,8n1M2_OuoEo_ylt23Hk65kM,Hard,0,3
1714,5PBS0SXU_I8,5PBS0SXU_I8_MD_JAGuhXWM,Medium,0,3
1715,IvKS2XIE9Qg,IvKS2XIE9Qg_EZavar0S0JA,Medium,0,3
1716,MErXh4XUivc,MErXh4XUivc_iirMDt6N960,Easy,1,0
1717,0T-owlnvWBg,0T-owlnvWBg_L9BJs6qCZj8,Medium,0,3
1718,xNaf9fKF808,xNaf9fKF808_hitIAkIsboQ,Hard,0,3
1719,d_OLl_qR6y4,d_OLl_qR6y4_nCx80D0CCsc,Medium,1,0
1720,24HD-AuNz-w,24HD-AuNz-w_b8ceOF_3AOY,Medium,1,1
1721,9yLaZxsS9VI,9yLaZxsS9VI_0v6BkJ2OIf4,Medium,0,3
1722,HGEdxI-pWJ0,HGEdxI-pWJ0_nbchhRSriRg,Medium,0,3
1723,PgPoCkoDgUc,PgPoCkoDgUc_z0M9Sq-yjFE,Easy,2,2
1724,E1poEt-ExdE,E1poEt-ExdE_3QwDefw45no,Easy,1,0
1725,XZO5Z9lzpRM,XZO5Z9lzpRM_dmhti0MYjzA,Medium,0,3
1726,h_fN6AJ_zZY,h_fN6AJ_zZY_BKPLwPSwODM,Hard,1,0
1727,Mu6BioKYIX8,Mu6BioKYIX8_5zarspNcWiM,Easy,1,0
1728,L8M1LC_JBlg,L8M1LC_JBlg_BiDglnPBv98,Medium,0,1
1729,_luGh9bvaRo,_luGh9bvaRo_aT09PPaWleQ,Easy,0,3
1730,oKRaZDk2rZg,oKRaZDk2rZg_11eWvA3E5qE,Easy,0,3
1731,e1U3_6ZefSU,e1U3_6ZefSU_5sF6asrykf0,Easy,2,2
1732,p_Sanw-YpqA,p_Sanw-YpqA_7HwxT2nYcsA,Hard,1,1
1733,ho7xMXBcwQI,ho7xMXBcwQI_smg9aSyeQxI,Medium,0,3
1734,Rt0Xtzjf2xI,Rt0Xtzjf2xI_5TdIhSaUtKw,Hard,0,3
1735,17xILtdGDMk,17xILtdGDMk_-Ns7oDE1YkE,Easy,2,0
1736,-Ki0eVsDv2E,-Ki0eVsDv2E_8BnOv385nU8,Medium,0,3
1737,KSYmUIw3nK0,KSYmUIw3nK0_8ilQOEosCoY,Easy,1,1
1738,BMHUMxmBfKI,BMHUMxmBfKI_HxFNgdWlpoQ,Medium,1,0
1739,o09h41ktXpk,o09h41ktXpk_1zS-H9nVdck,Medium,1,1
1740,b6KJf5zhlbE,b6KJf5zhlbE_SpjiW7eXMEk,Hard,1,1
1741,orBduJyMLk8,orBduJyMLk8_rXviHMsPPfU,Easy,2,2
1742,GHP4mZPyF7c,GHP4mZPyF7c_T7zNd5L5A0E,Medium,0,3
1743,AWZMjL4sUCw,AWZMjL4sUCw_TB3OSrS9jr4,Medium,0,3
1744,Xj4GdjJ3Cb8,Xj4GdjJ3Cb8_JGPgTtVHuZ0,Easy,1,0
1745,BuNMG9qh-qk,BuNMG9qh-qk_f-MAdqgnBOE,Easy,1,1
1746,p3RqzTYlH_w,p3RqzTYlH_w_5KMORmZGYRc,Medium,0,0
1747,6e5t0R3tGFU,6e5t0R3tGFU_cF_R6cwduXI,Hard,1,0
1748,_OTVJT9peCU,_OTVJT9peCU_L8gTsmD1j4w,Medium,2,2
1749,__oSdfgDF_c,__oSdfgDF_c_om5-CIJQyco,Easy,1,1
1750,gQpSnQ-ax3A,gQpSnQ-ax3A_Elv5qZbtv4w,Hard,1,1
1751,a4hNektcE1I,a4hNektcE1I_Y_m-cdezzh0,Medium,2,2
1752,_GFSMkEelW8,_GFSMkEelW8_HHBx6OG1HUE,Easy,0,3
1753,dfMrsrzxZxc,dfMrsrzxZxc_FL9Vv_mEwN8,Easy,0,3
1754,C6gxqdrUfj8,C6gxqdrUfj8_-KtNcFzlUIM,Hard,2,2
1755,GQYo_ldnJmA,GQYo_ldnJmA_jtSIV4FH3pE,Medium,0,3
1756,caSwmDP5d-0,caSwmDP5d-0_fQ0gt-HURWQ,Easy,0,3
1757,QnQjqP2XIHs,QnQjqP2XIHs_tSnKfws5J14,Medium,1,1
1758,20tKAew1nGc,20tKAew1nGc_l3FoBWpQBzg,Hard,1,2
1759,icQXmg2oFDA,icQXmg2oFDA_aZxGuh41T9M,Easy,1,1
1760,5Zx3-7nhJjU,5Zx3-7nhJjU_JjE4zBFDIM4,Easy,2,2
1761,4hNomT8xwd8,4hNomT8xwd8_lYQ82hr0scE,Hard,2,2
1762,pEle3XgChwc,pEle3XgChwc_HKo7DEOjXng,Easy,1,0
1763,52lU6aZSffY,52lU6aZSffY_PLUXrKiKLYk,Hard,2,2
1764,XOPgFUXcCHA,XOPgFUXcCHA_NujXpZbhe2g,Medium,0,3
1765,e-Og41g2kOU,e-Og41g2kOU_eUlN3DkGbRU,Easy,0,3
1766,3KCpyKbMzgc,3KCpyKbMzgc_yz3bxOQSfuU,Easy,1,1
1767,5yNsd7lq7yw,5yNsd7lq7yw_Wz2NyaP2idc,Hard,1,0
1768,sn8qjykJSoY,sn8qjykJSoY_6e3S-bPyZKw,Hard,1,1
1769,JxjF3YG6428,JxjF3YG6428_RePjMjmKtqI,Hard,1,0
1770,-I5xDjO2lBU,-I5xDjO2lBU_hq2nRvTxcuc,Easy,0,3
1771,NZRg-xl6y4M,NZRg-xl6y4M_8HHHVQvlCsk,Hard,2,2
1772,bNcVvcm3NBU,bNcVvcm3NBU_FZZMus4_zvQ,Hard,1,0
1773,12zgL7hSB-E,12zgL7hSB-E_THNaO8pZ7c8,Medium,1,0
1774,SqPPQw4ZW3o,SqPPQw4ZW3o_52rcZynBpI4,Easy,1,1
1775,hk5XEg00vFY,hk5XEg00vFY_DZ8s3uKDj_o,Easy,0,3
1776,qwKLXdB4xP0,qwKLXdB4xP0_QwZwnZ4dKpA,Easy,1,1
1777,4T4SRC5ToiU,4T4SRC5ToiU_JE4hOtd2FBI,Hard,1,0
1778,rOMJix_OMN8,rOMJix_OMN8_lJCXoB-vYtA,Easy,0,3
1779,hDi8vC-YK2s,hDi8vC-YK2s_oPOLR0KdgWM,Hard,2,0
1780,dD8BKv_CNo4,dD8BKv_CNo4_ivh7VafgRNw,Hard,1,1
1781,mYugXAFHGBo,mYugXAFHGBo_eebs5XTAqE0,Medium,1,1
1782,BnmJ8XMRszs,BnmJ8XMRszs_rXd8dlQOIkc,Hard,1,0
1783,gssFud8RmZE,gssFud8RmZE_s0nV-MlkOG4,Easy,1,0
1784,4HY7V9FLqhU,4HY7V9FLqhU__H69sufZ5Fw,Easy,1,1
1785,g8W7GsokyRc,g8W7GsokyRc_eRH5gaYVbrE,Easy,1,0
1786,mHHfpog74bk,mHHfpog74bk_t_E7lYr8XuU,Hard,2,2
1787,7ihXxpCor0Y,7ihXxpCor0Y_q_zRWyIUPrg,Easy,1,1
1788,kDRywBHAZsA,kDRywBHAZsA_5cdy3zeBS0w,Hard,0,3
1789,tGAlFDcC4QQ,tGAlFDcC4QQ_X7DaliQMjUw,Hard,1,1
1790,Ir5yhrnZ07I,Ir5yhrnZ07I_SpjiW7eXMEk,Medium,1,1
1791,AH6c3IKHWUA,AH6c3IKHWUA_i3KZ6_-rX6g,Easy,1,1
1792,zi8GfzxmaII,zi8GfzxmaII_tEFiGUkGnHc,Medium,0,3
1793,nCBK5mRYWsE,nCBK5mRYWsE_TRKwcvybqwk,Medium,0,3
1794,ysdt_grKNc8,ysdt_grKNc8_PqypvhXD2-Y,Easy,0,3
1795,EwSb3nQsoBc,EwSb3nQsoBc_wTuNZcstrx8,Hard,1,0
1796,DU2pngYP8oY,DU2pngYP8oY_Q6udJSeTsfg,Hard,0,3
1797,onrPlpM_HTY,onrPlpM_HTY_hsBe9tMz50g,Hard,1,0
1798,sFQ647JCX2I,sFQ647JCX2I_pdnIFjkPnVo,Easy,0,3
1799,IXZPc6ggzGA,IXZPc6ggzGA_gm8nvBQIfW4,Easy,1,1
1800,lppW7Zam0O4,lppW7Zam0O4_fks1cYNPnN4,Hard,0,3
1801,psmUG8X-xVo,psmUG8X-xVo_TzzA6SX0LD0,Hard,0,3
1802,4qJhwIitYBE,4qJhwIitYBE_J8MzPsOVm-g,Easy,1,0
1803,9utXiDSNFWY,9utXiDSNFWY_4KfI4Jv5Fv8,Medium,0,3
1804,rQ7EVVczYZk,rQ7EVVczYZk_NzW87XzJIGI,Easy,1,0
1805,6RUavw061qA,6RUavw061qA_7Gza7UA4IaA,Hard,0,3
1806,zGW2RXAOPdo,zGW2RXAOPdo_8HW-VOd0__w,Hard,1,1
1807,nxeGJvsQfec,nxeGJvsQfec_DQqxajRWOLQ,Hard,0,3
1808,gFZBibYL-dg,gFZBibYL-dg_QJzmjpcF8qs,Medium,1,1
1809,ngt_ISoMehE,ngt_ISoMehE_AnEbBad_ZHc,Medium,1,0
1810,6p7CARDjYD0,6p7CARDjYD0__CuXmjGkL18,Easy,1,0
1811,uZtxOPNtWCY,uZtxOPNtWCY_wzA8Fr9JoA0,Easy,1,0
1812,Mtx7KymICjw,Mtx7KymICjw_xMqWtbXecYI,Hard,1,0
1813,K01tM_K2KjE,K01tM_K2KjE_EAj_e8bq4Z4,Easy,1,1
1814,osrCSjKCclQ,osrCSjKCclQ_aTY21X78sDs,Easy,1,1
1815,iWT7NyDmgik,iWT7NyDmgik_H1auAwKBxZw,Medium,1,1
1816,q3LFC4rJth4,q3LFC4rJth4_pwlZ_55XYgk,Hard,0,3
1817,dGSrlrgyurw,dGSrlrgyurw_aSh4GySwHPQ,Hard,2,2
1818,_BiZmKDkpfM,_BiZmKDkpfM_46iV4qzCJ4I,Easy,1,1
1819,vgzrbpnTesg,vgzrbpnTesg__Reka1uV_cI,Hard,0,3
1820,h2GYoB3ltpA,h2GYoB3ltpA_ALL8aSvQQeo,Hard,1,1
1821,Dqf35cq_Ga0,Dqf35cq_Ga0_x8m1AruTZog,Easy,0,3
1822,jAquBQ_gf-4,jAquBQ_gf-4_BKPLwPSwODM,Hard,0,0
1823,BxO1A4hGtqE,BxO1A4hGtqE_Oj0gRsyxf8U,Hard,0,3
1824,K58JurAKwGw,K58JurAKwGw_SsGBh3dOAlo,Medium,1,0
1825,KFUzBVVDu2I,KFUzBVVDu2I_9hT0_HUGrjc,Hard,0,3
1826,xLqPtKdeIoY,xLqPtKdeIoY_5ifAZOhV1oU,Easy,1,1
1827,Z_shsDsltOs,Z_shsDsltOs_gWqbRjZaOec,Medium,2,2
1828,Ra8i9fLH-4M,Ra8i9fLH-4M_cQVzFIOJU_Y,Easy,2,2
1829,APbH1mwfp6M,APbH1mwfp6M_CwdQchz0IaM,Medium,1,0
1830,T6_OfNw5pok,T6_OfNw5pok_37VrdOlSZgQ,Hard,1,1
1831,lZS4pm9Wh1E,lZS4pm9Wh1E_ydx12314FzE,Easy,0,3
1832,cG6b_esZVVA,cG6b_esZVVA_zcGutv4-hWI,Medium,1,1
1833,ETRrxc5RwN4,ETRrxc5RwN4_pAA-jCiAghk,Hard,2,2
1834,Si0IkQ83AzQ,Si0IkQ83AzQ_7L-KrHYnu6U,Hard,1,0
1835,i14CO18tEJA,i14CO18tEJA_wyDJKPE1cII,Medium,1,1
1836,AUC13DJiWMg,AUC13DJiWMg_dn2OdMIvs_c,Easy,1,0
1837,4sVLtq3eqA0,4sVLtq3eqA0_JkzTbiDw57M,Easy,1,1
1838,Lp5Xgct6NI8,Lp5Xgct6NI8_CkrmeNR1vEQ,Hard,1,1
1839,YplPc8Y6Ud4,YplPc8Y6Ud4_6zlnil-v3dg,Hard,2,2
1840,OIfhSlGxnkY,OIfhSlGxnkY_EAj_e8bq4Z4,Easy,1,1
1841,03W2cm8R0so,03W2cm8R0so_G2Bdi9pzSrw,Hard,1,1
1842,sGT7kddIC4g,sGT7kddIC4g_tYkvTTeYey8,Hard,2,2
1843,tBa0uKBuUFk,tBa0uKBuUFk_9i233yZ5OUE,Easy,1,0
1844,SDX6B22Cvtc,SDX6B22Cvtc_Rtw0idJln_w,Medium,1,0
1845,V2X9Lu7v9gg,V2X9Lu7v9gg_2BmMB5x5HHA,Medium,1,0
1846,OqEb6sDOSjY,OqEb6sDOSjY_mYKWya_Uctk,Easy,2,1
1847,gFWP-4P3XbY,gFWP-4P3XbY_cQ2xathDbwo,Medium,1,0
1848,LkYU-4x9Xco,LkYU-4x9Xco_ygPSBmnX0WI,Hard,2,2
1849,aBRJq4F0ma8,aBRJq4F0ma8_xMqWtbXecYI,Medium,1,1
1850,OCleEKKIARE,OCleEKKIARE_McNLYyypkWE,Medium,0,3
1851,-eoCq9SvV00,-eoCq9SvV00_t0ouQ4KzH7s,Easy,1,1
1852,MxCLeSQUUQI,MxCLeSQUUQI_UKBNnOZraqQ,Medium,0,3
1853,UH2SAVG4yU0,UH2SAVG4yU0_Kzn_r4TcKmg,Hard,1,0
1854,yGJvCB2Xjig,yGJvCB2Xjig_cPOmoXZ30ZI,Medium,2,2
1855,CajsRvZdI50,CajsRvZdI50_8wrzVvpRd5k,Hard,1,0
1856,Gsg6phjViZ0,Gsg6phjViZ0_Ct7eRpQ2vXY,Easy,0,3
1857,8EpvmcLHzq0,8EpvmcLHzq0_zVPLGK1ZYbo,Easy,0,0
1858,bqP75fLJ3ac,bqP75fLJ3ac_NG10vaHbIFE,Hard,2,2
1859,7J4y5crdAWQ,7J4y5crdAWQ_y6nGWkxNJDo,Easy,0,3
1860,UmC3GDmbFVs,UmC3GDmbFVs_p2AnazYJcGQ,Hard,1,0
1861,mjpjzg8cPbk,mjpjzg8cPbk_P0OCoCCMsUc,Hard,1,1
1862,eNacmPNB3Fg,eNacmPNB3Fg_LlSjuXm_rLA,Medium,1,1
1863,cGWTWDbUnzI,cGWTWDbUnzI_GxLXZ2AaXBY,Easy,1,0
1864,x0l7ECYUZaM,x0l7ECYUZaM_xD52EgezbI8,Medium,0,3
1865,Fzr97l51UN8,Fzr97l51UN8_7R-cW0OxhYg,Easy,1,1
1866,HjQlrOyOnjo,HjQlrOyOnjo_mRT1SSsn8mg,Hard,1,0
1867,rlTu1SyZoSE,rlTu1SyZoSE_f-MAdqgnBOE,Easy,0,3
1868,Ra7bseGm2Ek,Ra7bseGm2Ek_7O-NfjR0SXM,Hard,1,1
1869,VrkYUyfBufg,VrkYUyfBufg_6Bzf0XVq3QU,Easy,1,1
1870,0KApXcGCeOg,0KApXcGCeOg_0ezRBqMYr4Y,Easy,1,0
1871,H1NUbOQMCKY,H1NUbOQMCKY_zj0PjoAXC54,Hard,2,2
1872,Npqe1-Usb8s,Npqe1-Usb8s_p21n2iGmd_s,Hard,0,3
1873,hPZh4qrJxxg,hPZh4qrJxxg_jnj2rdtaYcU,Easy,0,3
1874,EkBWudOfMrw,EkBWudOfMrw_LYecl4ZDlag,Easy,0,3
1875,V91UueNCCUw,V91UueNCCUw_0TwUbW_gOJ0,Medium,0,3
1876,9xDxqj0U8Sg,9xDxqj0U8Sg_npBhh6xJejA,Medium,0,3
1877,HgugUKFwg5k,HgugUKFwg5k_gs8szcWlr0k,Medium,1,1
1878,PQjovLrnvVo,PQjovLrnvVo_KI0jSjPOJo8,Easy,1,0
1879,iGD6kuMychg,iGD6kuMychg_8zZT9WT4XjQ,Easy,2,2
1880,liSmsCWJKCk,liSmsCWJKCk_pWQ_FsGPIhs,Medium,0,0
1881,C040X4qnVrU,C040X4qnVrU_MyOic-UW2KQ,Hard,2,0
1882,kk7Lfs6NImk,kk7Lfs6NImk_GwQ1P-uj0Uw,Easy,0,3
1883,n_pv6MMCeiw,n_pv6MMCeiw_QJeYLf0SvV4,Hard,2,0
1884,pSar1QfIWU8,pSar1QfIWU8_CBNJtdnCa3M,Easy,0,1
1885,gzL9BicrLxw,gzL9BicrLxw_ITabW0J4OMI,Hard,1,1
1886,QWdYbaJ8gRI,QWdYbaJ8gRI_O3-JT_0lVLU,Medium,2,2
1887,VeSHNavWLC8,VeSHNavWLC8_EhtwVv7rl_0,Hard,0,3
1888,9QR0sZzni14,9QR0sZzni14_Y9mWAsAIwgk,Easy,1,1
1889,vLO8B7g3DiY,vLO8B7g3DiY_LLkZP23gaxg,Medium,0,3
1890,rmQKu95cQwg,rmQKu95cQwg_fYMkcCcQ5Ag,Hard,1,1
1891,Rt6-WeDtWJg,Rt6-WeDtWJg_BMOpQcNKRF8,Medium,0,3
1892,-sks_McbbqM,-sks_McbbqM_KgzGIjo9fk8,Easy,0,3
1893,2_C6Oce7ipw,2_C6Oce7ipw_aifdQ6CfKL0,Hard,2,2
1894,R35D5Der-eM,R35D5Der-eM_M5qG-NBjRck,Medium,1,0
1895,H257zFKFXh0,H257zFKFXh0_azcXFoGYpNg,Easy,1,0
1896,kt2lmbNPFk4,kt2lmbNPFk4_C5PUb0hCtj4,Easy,1,0
1897,bTOju_n8BJ4,bTOju_n8BJ4_ym5bIhHJvM4,Medium,1,0
1898,2Sxq1uEF1fA,2Sxq1uEF1fA_c-XVk3XiLIM,Easy,1,1
1899,G0Oxcyt52UE,G0Oxcyt52UE_fUBaGcWz5Eo,Hard,0,3
1900,dSN499gPUcA,dSN499gPUcA_VTwThOfny9A,Easy,1,1
1901,z83RcMmQV6A,z83RcMmQV6A_lsO3Qg59uoY,Hard,1,1
1902,2Z47A_pDO4Y,2Z47A_pDO4Y_izEvjZdrc8s,Hard,0,3
1903,odyjnQJMyGk,odyjnQJMyGk_gQ-dGtpsT7I,Hard,0,3
1904,LOcxsdXXwqQ,LOcxsdXXwqQ_SLiEOC2dPFA,Easy,1,1
1905,sO66hOAtdv8,sO66hOAtdv8_SI3h5-3h-I8,Easy,1,1
1906,7_6FOs0GY5E,7_6FOs0GY5E_7aqYibQ3U8Q,Hard,0,3
1907,4aikHaOeSlA,4aikHaOeSlA_r3Djt5k1fis,Hard,1,1
1908,QaK_yztsuYA,QaK_yztsuYA_IgbNZjDpjSA,Easy,0,3
1909,U2wrTF7U-h4,U2wrTF7U-h4_XQl2ZbZHWNs,Medium,0,3
1910,Qo6ofWy0nPk,Qo6ofWy0nPk_aKoZ6h2lvpw,Medium,1,1
1911,IHbHQyt3vrc,IHbHQyt3vrc_isvWb7pi7Po,Hard,0,0
1912,j741vKLoY5c,j741vKLoY5c_3Wsml-o8ooM,Medium,0,3
1913,ixG_s5n43mc,ixG_s5n43mc_R_oimgFKy0k,Easy,1,1
1914,cP3bcnUx7rA,cP3bcnUx7rA_bvbRY5BZB-4,Easy,1,1
1915,EImiLjCA13g,EImiLjCA13g_oe9dE8k-018,Hard,1,0
1916,qAPJJgtQqV4,qAPJJgtQqV4_Oz4ME-FGjaU,Medium,2,2
1917,-VKE46fBhXg,-VKE46fBhXg_UBqTy4sFYow,Hard,2,2
1918,CJTxfWNQN1Q,CJTxfWNQN1Q_io1QWB0I_NM,Medium,0,3
1919,8lC-j7d9vsA,8lC-j7d9vsA_xD52EgezbI8,Hard,0,3
1920,ieJdEfR21g4,ieJdEfR21g4_qeDRFno0NPE,Medium,1,0
1921,V6R--xZhbvg,V6R--xZhbvg_SYvciTJNrrk,Hard,2,2
1922,d0MulkaaLD0,d0MulkaaLD0_Zg4HChKm-Gk,Hard,1,0
1923,8iyLXxS2-WE,8iyLXxS2-WE_OHMEzig5htk,Medium,1,1
1924,3zrA-t_7Y_o,3zrA-t_7Y_o_-sP6xCpmitU,Medium,0,3
1925,LSXADkppimI,LSXADkppimI_jbHcICO-1o0,Medium,1,1
1926,KjzdrpuqtwQ,KjzdrpuqtwQ_sYyDuoKA1V4,Easy,1,1
1927,oDtIcNI-F9w,oDtIcNI-F9w_z9y5XwMvrm0,Hard,0,3
1928,3p5vrBoTNxc,3p5vrBoTNxc_VvsleYtbhCM,Easy,0,3
1929,MQd5AEJ6MXU,MQd5AEJ6MXU_kbFJsdDkd9U,Hard,0,3
1930,M6vb8Ck3rwA,M6vb8Ck3rwA_cZf-ocrbFTA,Hard,2,2
1931,tc-RgJQSrWk,tc-RgJQSrWk_xsqGZABxD8Y,Medium,1,0
1932,xTECt6dGZ5w,xTECt6dGZ5w_rU2s3fhZ3G8,Easy,1,1
1933,9cMF71zL0o0,9cMF71zL0o0_ZHVuq9fDf_4,Hard,1,1
1934,CHxIyzOsNUc,CHxIyzOsNUc_3-9pllYiLj8,Hard,2,2
1935,PIwJ2fIK_tU,PIwJ2fIK_tU_MQDEqW40ABI,Medium,0,3
1936,rEluKn2kLmM,rEluKn2kLmM_S8kdplJfbWA,Easy,1,0
1937,PFR99jHEY2Y,PFR99jHEY2Y_PYnT6Mzd4Lw,Medium,1,0
1938,zCDw8RJ-LIY,zCDw8RJ-LIY_a9hH6cZjUyE,Medium,1,0
1939,IX74iZ3Agag,IX74iZ3Agag_y3NlUq7Rtn0,Easy,1,1
1940,JbiEXKFLdzI,JbiEXKFLdzI_O6d6Bu-LaQw,Medium,1,1
1941,jGWfd1qQKZE,jGWfd1qQKZE_CBNJtdnCa3M,Easy,1,0
1942,NkRWz_sssIs,NkRWz_sssIs_awM3-MGp8U4,Medium,1,1
1943,foPzyEadFKs,foPzyEadFKs_zh69XFZCm1A,Medium,1,1
1944,X_t1J7vmOeo,X_t1J7vmOeo_Dn_Xq4vncnc,Hard,2,1
1945,6XTJ99bZvbg,6XTJ99bZvbg_0ueDysF67Es,Easy,0,3
1946,yx3aJElNwKs,yx3aJElNwKs_dmccuPeb69c,Medium,0,0
1947,30jahWx3mz0,30jahWx3mz0_t9AoVuZMh4s,Medium,0,0
1948,RA7j04KvWOg,RA7j04KvWOg_SLYfgbsv2ZE,Easy,1,0
1949,DA9hcZVK5GA,DA9hcZVK5GA_g38JNJKSN6E,Medium,2,2
1950,XS7C6uA8H7Y,XS7C6uA8H7Y_-xufahb_Szs,Hard,1,0
1951,bEvJyR2GFPk,bEvJyR2GFPk_LO8z5-6KJLI,Hard,1,2
1952,_ob_vL2ptgY,_ob_vL2ptgY_Zmdpg-SGe-4,Medium,0,3
1953,pRcLfyswIhQ,pRcLfyswIhQ_aSh4GySwHPQ,Hard,2,2
1954,sKlHgX5voi4,sKlHgX5voi4_qK-gEvB_-Pc,Easy,0,3
1955,AoQRwjwm8lI,AoQRwjwm8lI_-jsbBc7W2b4,Easy,1,0
1956,Qs4nsX5xVSg,Qs4nsX5xVSg_M5qG-NBjRck,Medium,0,3
1957,PUhSq40xYUQ,PUhSq40xYUQ_skTcQLUZKEA,Easy,2,2
1958,r6c8srkNfBI,r6c8srkNfBI_KHQYII3LJBM,Easy,1,0
1959,Xp2LuHyPvi4,Xp2LuHyPvi4_Lnwg0mr3GoI,Easy,1,0
1960,jKw9cdgWTho,jKw9cdgWTho_HIAEik4eR_g,Medium,1,1
1961,TekIje5xnh8,TekIje5xnh8_ly-0VPt7cHw,Medium,1,0
1962,kEfo8WvxuJE,kEfo8WvxuJE_ixDbiuZvzSE,Hard,2,2
1963,J0hngTpO5kA,J0hngTpO5kA_1FAt44QNLTI,Medium,1,1
1964,R-dNiukQDvo,R-dNiukQDvo_K7aU-5ZSYw0,Easy,1,1
1965,RotrB3UvKhI,RotrB3UvKhI_t0ouQ4KzH7s,Medium,0,0
1966,KfFtIhX9S78,KfFtIhX9S78_lKrT7AblIKU,Easy,0,0
1967,Rtkwxd1fUds,Rtkwxd1fUds_2QNydjfV010,Hard,1,1
1968,qrI4WV61PGE,qrI4WV61PGE_rJbgU1W-AW0,Hard,1,0
1969,PywM0jZ7uHs,PywM0jZ7uHs_SwO4J0ejYcE,Easy,1,0
1970,MoZjD-R3-ms,MoZjD-R3-ms_rC3NFVCyIq8,Hard,0,3
1971,HdIMapOaAbE,HdIMapOaAbE_QiTpTAFbKJI,Easy,2,1
1972,jlcRWyvBKd4,jlcRWyvBKd4_9cEVEXS2btk,Hard,0,3
1973,wvsguQGaRdw,wvsguQGaRdw_p3UK_GFjC1w,Easy,1,1
1974,OYn-ykxhxkA,OYn-ykxhxkA_A6UmkltYYL8,Easy,1,0
1975,YKiFb1n87ys,YKiFb1n87ys_ZrWmlEmPHOk,Hard,1,1
1976,pkOB8bd_t1g,pkOB8bd_t1g_Vlh8unLFkCA,Hard,1,1
1977,XAbcgmwq3EU,XAbcgmwq3EU_NjtXg1Ll3Dw,Hard,2,0
1978,oRs58lQxoz8,oRs58lQxoz8_-xHu73hcdts,Hard,2,2
1979,hUqB7LWgCOk,hUqB7LWgCOk_Y81W19QZ_Ts,Easy,1,1
1980,FllRntbfSZU,FllRntbfSZU_3M353prWOcg,Medium,2,2
1981,TMxEaESBXyA,TMxEaESBXyA_PLUXrKiKLYk,Easy,0,0
1982,_WFZCkEqBnI,_WFZCkEqBnI_-h_9UcRTPhY,Medium,1,0
1983,nglSsjEcsow,nglSsjEcsow_fs8-7SlhGik,Medium,0,3
1984,jCdOIF1mv4k,jCdOIF1mv4k_KbZFBmrqDic,Medium,0,0
1985,UPb1kD3t8YA,UPb1kD3t8YA_FyhRDMcW05k,Hard,2,2
1986,r8ZAWaj0m2s,r8ZAWaj0m2s_2-vky-UbT7M,Easy,0,3
1987,J1DlE7xKbFs,J1DlE7xKbFs_dDu9SsPpU2Q,Medium,0,3
1988,n3Vb6od650M,n3Vb6od650M_OHMEzig5htk,Hard,1,1
1989,CN8q915cBSg,CN8q915cBSg_NeP14q2Q3MQ,Hard,0,3
1990,4tSmxshORAw,4tSmxshORAw_FUMnK9TFw4Q,Easy,1,0
1991,i_5CvMRFnV0,i_5CvMRFnV0_8_nZHZ1Gu8o,Hard,1,1
1992,x4VBnB-TQU8,x4VBnB-TQU8_0mvf51zgjFk,Easy,1,0
1993,lVOhveK_60A,lVOhveK_60A_gLmvEmdj7JA,Medium,1,1
1994,cjfx6rZtzJI,cjfx6rZtzJI_gfLxizqJMbI,Easy,0,3
1995,Ii49de0u4Ds,Ii49de0u4Ds_c0mJbTj4qaM,Easy,1,0
1996,cz4dajhFQz8,cz4dajhFQz8__yZLoQI4-SE,Hard,0,3
1997,DeXRccfzk78,DeXRccfzk78_ZweDmiLrMVs,Medium,2,2
1998,dXXMklnynhM,dXXMklnynhM_H-s1vYwLROo,Medium,1,0
1999,TMnXjSntRfM,TMnXjSntRfM_SvKQIn4d0aA,Easy,2,2
2000,fg3WQgiIh9I,fg3WQgiIh9I_eyPdmt4KX88,Medium,0,1
2001,0mm-5PZ2Ht4,0mm-5PZ2Ht4_esa0H2JC5Mo,Hard,0,3
2002,HUvBydXCb3E,HUvBydXCb3E_ZfDg7Vz8Ow4,Medium,1,1
2003,9gbV0bI9Ros,9gbV0bI9Ros_XQrUAbOl9nA,Easy,1,1
2004,sEOplAGKqck,sEOplAGKqck_8U4tCzVMXYU,Easy,1,1
2005,204ejZcJBCs,204ejZcJBCs_S2s2vV9fMZ4,Easy,0,0
2006,MPOXtK9JFXE,MPOXtK9JFXE_oo2T3qpU5NI,Hard,0,3
2007,DIadfUHuru4,DIadfUHuru4_Y07fGpSYw2g,Hard,2,0
2008,_rZ_UjzMUe0,_rZ_UjzMUe0_-kqjN_-wzbw,Medium,2,2
2009,xs2HwjrJS-Y,xs2HwjrJS-Y_qJHP8HoMGlM,Easy,0,3
2010,n_47_KWp2GI,n_47_KWp2GI_FMPYum9eyjg,Easy,0,3
2011,FVVJNFvoRNg,FVVJNFvoRNg_YAkJaQTIZts,Medium,0,3
2012,jPY_Pvsz0lI,jPY_Pvsz0lI_RnaGtZNrSXs,Hard,1,1
2013,tIvvikyh0q8,tIvvikyh0q8_M_1g1N4ilQM,Easy,1,0
2014,3t8sLQEPY0o,3t8sLQEPY0o_aoGA3sc0aMA,Hard,2,0
2015,Kvh4iZZztx8,Kvh4iZZztx8_E27DLrxGy9E,Medium,0,0
2016,siXmimf_ywg,siXmimf_ywg_ZjJmu_0pEJk,Easy,1,1
2017,so3z3Gi2uiA,so3z3Gi2uiA_1mnyM4jvUZI,Medium,0,0
2018,OfxggktF9Dk,OfxggktF9Dk_6CA25b70-Ss,Hard,1,1
2019,irACgh7cfWk,irACgh7cfWk_oGEyzc6z5mQ,Hard,2,2
2020,ufivxQcLgFg,ufivxQcLgFg_LrMUzM_S1Z8,Easy,1,1
2021,1W7IC4JT6tA,1W7IC4JT6tA_7X-s14MzmWw,Medium,0,3
2022,SnZJATS3e-8,SnZJATS3e-8_X0bUCRCMeZU,Hard,0,3
2023,tKODQUjbBTo,tKODQUjbBTo_9sdV0q34Ylk,Hard,0,3
2024,dKK8cs0zTBs,dKK8cs0zTBs_5ZvzKvszkC0,Medium,2,2
2025,9ejHJicx788,9ejHJicx788_rzUdJIPS3ho,Medium,0,3
2026,VCmcNKH39iQ,VCmcNKH39iQ_ebNIqJn-yBY,Hard,0,3
2027,ZfR5mrdd-lA,ZfR5mrdd-lA_n8Z-CHznq84,Hard,0,3
2028,0Y_VUwEhyAE,0Y_VUwEhyAE_LV0BjIxOB28,Hard,2,2
2029,it2AIq9RcEA,it2AIq9RcEA_UrEu6QhmtAA,Medium,0,0
2030,S0NI5pfSghk,S0NI5pfSghk_Q_62d3oLMrg,Easy,1,1
2031,rJarUBZxYjQ,rJarUBZxYjQ_nlSUozCmvsM,Hard,2,2
2032,kKSFNLZV6HQ,kKSFNLZV6HQ_oIEpFQSIp1o,Hard,1,0
2033,oN-UPiRjUBI,oN-UPiRjUBI_ZCTKltWHHnY,Easy,0,3
2034,mDan_HzH65U,mDan_HzH65U_u1McO5fyGfY,Easy,2,2
2035,m-zMRs0I3uQ,m-zMRs0I3uQ__A5wLXCcYeQ,Easy,0,3
2036,VmiuULtSR_U,VmiuULtSR_U_QwZwnZ4dKpA,Medium,1,0
2037,uGkpi4100Pg,uGkpi4100Pg_RC_lKv2ZE8I,Hard,0,3
2038,Ry-TeOi3GP0,Ry-TeOi3GP0_-bQ7vWIxB4o,Medium,2,2
2039,xY5_WSDw2KE,xY5_WSDw2KE_DHpQ58j5gd8,Hard,0,3
2040,b5_jUQYJVP4,b5_jUQYJVP4_fVbnNukA1-0,Medium,0,0
2041,zgzzT6elMoE,zgzzT6elMoE_iZwlrqHqBqM,Hard,2,1
2042,ToZljXVGbFs,ToZljXVGbFs_z63mbNP5i1o,Hard,2,2
2043,xD8VPBULgjw,xD8VPBULgjw_eZBBuWrOfaU,Easy,2,2
2044,UmV6Eg-sM6E,UmV6Eg-sM6E_-y-Jyc_NF8o,Hard,0,3
2045,CWHF6mSZFs4,CWHF6mSZFs4_z32x1YipaTw,Easy,0,3
2046,mkdRJriWzQw,mkdRJriWzQw_Gq1gVnZr4jI,Medium,1,1
2047,vjsCA2zt3ZU,vjsCA2zt3ZU_N7yMCZ3_yxg,Hard,1,1
2048,DOpoS07M7RQ,DOpoS07M7RQ_cZBHmdy56jE,Easy,1,1
2049,hEWnzBSwJyE,hEWnzBSwJyE_uJDm13pFDZE,Easy,1,1
2050,n6y90IRxKKE,n6y90IRxKKE_ICdjHF5k-WA,Medium,1,1
2051,imbWtyG_m0Y,imbWtyG_m0Y_LWinNoumLB4,Easy,1,1
2052,VOZcreL9I6U,VOZcreL9I6U_XKNBej7VGKo,Medium,1,0
2053,CGb98wtomjU,CGb98wtomjU_QjDbVYnmDMU,Easy,1,1
2054,2iduMTw1Dd0,2iduMTw1Dd0_tvIKme6hRyc,Medium,1,1
2055,3KGpXXc-s94,3KGpXXc-s94_3hAY9Qgu70o,Hard,1,0
2056,zWd__w5UWVc,zWd__w5UWVc_prt9RbcivE8,Medium,1,1
2057,lKTbKz66sWI,lKTbKz66sWI_-M5OCOHGhZI,Easy,1,0
2058,btRS8oEZTps,btRS8oEZTps_fjJdFm0fj-o,Easy,0,3
2059,mADRfl4iCUI,mADRfl4iCUI_b-sAiRrOOYw,Easy,1,0
2060,vJ4se76h4pg,vJ4se76h4pg_E4o8oOlzTAQ,Hard,2,2
2061,IFLUuO97cH4,IFLUuO97cH4_HdDgJM90nLY,Easy,1,1
2062,CwaCUO9SEr8,CwaCUO9SEr8_-7QwO5Okm3E,Medium,1,0
2063,ZOz25jPaxt0,ZOz25jPaxt0_qbZBq5WNw3k,Medium,2,2
2064,qpLmrB0JHoE,qpLmrB0JHoE_1AlFMKq-myU,Easy,2,2
2065,W_ROyC1rtjQ,W_ROyC1rtjQ_iwx1elZkGzU,Medium,1,0
2066,_9EQNYTnuT0,_9EQNYTnuT0_ovESgw_jiM4,Hard,2,2
2067,bB8SYQT48rk,bB8SYQT48rk_LSusfBspzoQ,Easy,2,2
2068,8MnQX9f8l0Y,8MnQX9f8l0Y_RMdNtgq29eM,Medium,1,0
2069,BU3-cB9VT0k,BU3-cB9VT0k_eGBKIIpVKvU,Hard,2,2
2070,AXvLMkadPrY,AXvLMkadPrY_ipCOtu2366Y,Medium,0,3
2071,x1KXPKwLFak,x1KXPKwLFak_AXkTs8Sb5WQ,Medium,0,0
2072,yCBk4C1_90A,yCBk4C1_90A_35Ke6zvmb4k,Easy,1,1
2073,Q2WBjEFF4x8,Q2WBjEFF4x8_rV-xPDycpRY,Medium,1,1
2074,q6Vku4DnO_o,q6Vku4DnO_o_YXKcphIpRUU,Medium,1,1
2075,gadowpZha9Q,gadowpZha9Q_pZmVtfYD0Lc,Medium,0,3
2076,lim782GSkns,lim782GSkns_hq6_TcnMHuA,Hard,2,0
2077,aTs8GnEPMaY,aTs8GnEPMaY_KqqZf6tTi-w,Medium,1,0
2078,60NXEs1pYJ0,60NXEs1pYJ0_bShMFrgfShI,Easy,2,2
2079,QxbPhCCdtoE,QxbPhCCdtoE_EWH98W-YaGg,Easy,1,1
2080,zjoTxk_dJmA,zjoTxk_dJmA_Qp8h6a_UECU,Easy,1,1
2081,Z5KkB1eEUxY,Z5KkB1eEUxY_bg-1_Ytf-cw,Easy,2,2
2082,HsTSLEVHnhI,HsTSLEVHnhI_h-hCB-0Hi0s,Easy,0,3
2083,rDWt9CyGHj0,rDWt9CyGHj0_yJ1xulhWTs4,Easy,0,3
2084,s0-9b1NWMLM,s0-9b1NWMLM_X-SFceDZdfI,Medium,1,1
2085,3rl4jD5gNck,3rl4jD5gNck_dwou0lYWzIM,Hard,1,0
2086,bosMN-qiif4,bosMN-qiif4_Z6HpR2fPnBA,Hard,2,2
2087,3Jyo0mfWKe4,3Jyo0mfWKe4_iwIDQNDMpgg,Hard,2,2
2088,ZRntURxcjYg,ZRntURxcjYg_dapK0eqVQQU,Hard,2,2
2089,c3RS2I8tx_0,c3RS2I8tx_0_aCmZWeBtTDs,Hard,0,3
2090,ZQH6Dn05J9E,ZQH6Dn05J9E_1IaUCwwVLtg,Easy,1,1
2091,zk95uvOdm3M,zk95uvOdm3M_gWqbRjZaOec,Medium,1,1
2092,BzQ5FvXje1s,BzQ5FvXje1s_tA-bQ-vx7mc,Easy,1,1
2093,eiFwXpxutGw,eiFwXpxutGw_P0G4H1UIyAY,Hard,0,3
2094,9RhAouPzS6k,9RhAouPzS6k_glBmulSJR9g,Easy,2,2
2095,-mag643Iv8g,-mag643Iv8g_cK0ULzZ5xHE,Easy,1,0
2096,oo02XaG0UCM,oo02XaG0UCM_Elv5qZbtv4w,Easy,0,3
2097,Qd5s8p0WW3g,Qd5s8p0WW3g_3v4yUrJDLW8,Medium,1,1
2098,iVMOEme8H-A,iVMOEme8H-A_TxqJOm0601k,Hard,0,3
2099,ujQc3d3hoyw,ujQc3d3hoyw_qw-YxYnHTic,Easy,1,0
2100,kqKVkBYebqU,kqKVkBYebqU_qiBH7E0iL1Y,Hard,0,3
2101,QDZ7ZLt234E,QDZ7ZLt234E_F3xywY2Ej0o,Easy,1,0
2102,3nBmyJ18gbY,3nBmyJ18gbY_GNIP2H-EtbU,Hard,0,3
2103,3dA60iDKMrg,3dA60iDKMrg_1-sT-fUnxiI,Hard,1,0
2104,YDZSHt0XZkQ,YDZSHt0XZkQ_vbbnIkUrgLk,Hard,2,2
2105,tHJDpCG2bew,tHJDpCG2bew_i1dVfvX0ZXk,Hard,1,0
2106,Jh_X8ZLReCA,Jh_X8ZLReCA_j2-mIuf2YPg,Medium,2,2
2107,MFK-uAl_Y2Q,MFK-uAl_Y2Q_6IG04GHVDb8,Medium,0,3
2108,hFrlmp_PP44,hFrlmp_PP44_UKBNnOZraqQ,Hard,0,3
2109,lp_wq-MPuV4,lp_wq-MPuV4_Fj_6w_nzVPk,Easy,2,1
2110,b7G9_AcPvQQ,b7G9_AcPvQQ_hsiYrIt7Erg,Easy,1,0
2111,7d7nMX0aQuk,7d7nMX0aQuk_S0NI5pfSghk,Medium,2,0
2112,1Ap-NAtGCcY,1Ap-NAtGCcY_IXZPc6ggzGA,Easy,0,1
2113,l3mNf4LbXos,l3mNf4LbXos_dMXeOFcw3HE,Medium,0,0
2114,SsI3xGvswco,SsI3xGvswco_ypqzYby-u5w,Medium,1,0
2115,lC8sKwmQ11Q,lC8sKwmQ11Q_OH3E6kWcu5Y,Hard,2,2
2116,i8bWAIOD5Mc,i8bWAIOD5Mc__BnNJkJUDbQ,Medium,1,0
2117,mgzhP_2pjrI,mgzhP_2pjrI_XQl2ZbZHWNs,Hard,0,3
2118,l9FTpuDszck,l9FTpuDszck_U-0330SCx9g,Easy,0,3
2119,ERDUtRmVMBM,ERDUtRmVMBM_m75Ylh2hL_M,Easy,0,3
2120,HPvpjuVIijc,HPvpjuVIijc_SpNzD6D6gZQ,Medium,1,0
2121,THEJZs2S1F4,THEJZs2S1F4_qzU3RwUwm-M,Medium,0,3
2122,sifjWIWb1MQ,sifjWIWb1MQ_Q6udJSeTsfg,Medium,2,0
2123,Uive4DMqAdc,Uive4DMqAdc_kg5gWNzoIJw,Medium,1,0
2124,ETNUMT7Kh7k,ETNUMT7Kh7k_qVBAaQGMx0A,Hard,0,3
2125,MyOic-UW2KQ,MyOic-UW2KQ__7ym7OdxvTM,Easy,1,1
2126,dTdFiTzZucY,dTdFiTzZucY_2UNawIQyYds,Easy,1,0
2127,xR0JSQw8uvk,xR0JSQw8uvk_kfCnqZi7GZU,Hard,0,3
2128,aFEZuulfhKw,aFEZuulfhKw_J3ut82AHZk8,Easy,1,0
2129,R8JcEe0PkLM,R8JcEe0PkLM_-9qMmS5Cgl4,Medium,1,1
2130,3ncD4mPcwe8,3ncD4mPcwe8_dmpOntxlbcY,Hard,2,2
2131,8OAQ6RuYFGE,8OAQ6RuYFGE_1elMDRZX33c,Medium,1,0
2132,CcM7XF1BUe8,CcM7XF1BUe8_aSh4GySwHPQ,Hard,2,2
2133,Mw16OjwqNuw,Mw16OjwqNuw_68LhlfvdcwY,Medium,1,1
2134,gWlhKlbElWI,gWlhKlbElWI_Y8yIaIoHl4I,Medium,1,1
2135,OsUrrqtSz84,OsUrrqtSz84_xXcHmrB2NZ4,Medium,1,0
2136,AsKVcgW4NmI,AsKVcgW4NmI_Vs_1IMX3GLE,Medium,2,2
2137,i6JAvHYqYy8,i6JAvHYqYy8_juwAszTy9gY,Medium,1,0
2138,MMVNyA3TdSo,MMVNyA3TdSo_xMuquYoOV4w,Medium,0,1
2139,Ts5lCUXE6_g,Ts5lCUXE6_g_ld1vQrML76U,Easy,1,1
2140,9IRVZuNoi7U,9IRVZuNoi7U_yKV_Zvf6tyU,Medium,0,0
2141,rCjAoJN61Ek,rCjAoJN61Ek_qxw4_Gc1X-0,Medium,0,0
2142,miKDWjG29JM,miKDWjG29JM_JW1wCrolvH0,Medium,0,0
2143,Zt4uXS00tE4,Zt4uXS00tE4_zp381W6bARE,Easy,1,1
2144,BgQeAKkegOg,BgQeAKkegOg_8M8LbchIv9k,Easy,0,3
2145,bc4ILjlgHG0,bc4ILjlgHG0_44Lj1S4zcU4,Medium,2,2
2146,XTybJfvSHd0,XTybJfvSHd0_qPg3X93Xcu4,Medium,0,3
2147,Tti8xTe_Vag,Tti8xTe_Vag_8lvL07-lirg,Easy,1,1
2148,TGMiWa3EdeE,TGMiWa3EdeE_8xOWFPYXTZw,Hard,0,3
2149,CtObGLjGhrc,CtObGLjGhrc_acrM1VyO32o,Hard,2,2
2150,zcQaYBrSuBM,zcQaYBrSuBM_bWgMhozg6t4,Hard,0,3
2151,WzKtqzOS3m4,WzKtqzOS3m4_sp67_d6BSnM,Easy,1,1
2152,IizxNqTgr04,IizxNqTgr04_kq-0rCQHE7g,Easy,1,1
2153,hw0j6Zz5xTU,hw0j6Zz5xTU_t7XZ1kqez2A,Medium,1,0
2154,jlzOSFZFy3g,jlzOSFZFy3g_tFjwogAwzyA,Medium,1,0
2155,dEo2r82F9nI,dEo2r82F9nI_AEWyzFaNRvc,Easy,0,0
2156,fXqPpMSZ_CM,fXqPpMSZ_CM_EmJ89SlddRA,Easy,1,0
2157,EJja-gIp7Yw,EJja-gIp7Yw_HUoBg0Cxmfs,Medium,1,1
2158,4fBQv-wF-oI,4fBQv-wF-oI_I7BP5fjTmvE,Hard,1,0
2159,5xwU4mZJO0U,5xwU4mZJO0U_S0VhJOFYflo,Medium,1,0
2160,gu-MrcETz2E,gu-MrcETz2E_8NLvYRf0VpQ,Medium,2,2
2161,Ro8shNTlzTY,Ro8shNTlzTY_xbZ_psjmpac,Hard,2,2
2162,cKTK1XRzQNU,cKTK1XRzQNU_m-_dYKvBEAs,Medium,0,3
2163,Md8ErAoLpZk,Md8ErAoLpZk_-QaTEMWya3w,Easy,0,3
2164,jectGqVb3LA,jectGqVb3LA_i1F1NVVZZKg,Medium,0,3
2165,SEaqjvCQSgM,SEaqjvCQSgM_ALojpJeSj2o,Hard,1,0
2166,R4XgHVHVKlY,R4XgHVHVKlY_q2-kD0q7QTQ,Hard,2,2
2167,pgU8UJTkAPQ,pgU8UJTkAPQ_ZJIIr4vU_dw,Hard,1,1
2168,l86xjJygFbc,l86xjJygFbc_hLj4WDp4Ekg,Medium,0,3
2169,1tTEXD2BIBI,1tTEXD2BIBI_OpHV2uPXXMI,Hard,0,3
2170,xhwd4PgPNEA,xhwd4PgPNEA_aCmZWeBtTDs,Medium,0,3
2171,dKUIkthdXBQ,dKUIkthdXBQ_Vmowy7LBGr0,Easy,1,0
2172,sBTkevwy9xo,sBTkevwy9xo_i8Q6ZmEVZxI,Hard,1,1
2173,JLPSYcNaQdQ,JLPSYcNaQdQ_RwIBfsWNXsA,Medium,2,0
2174,O_YhRW6FC5o,O_YhRW6FC5o_Dk9PcT8nXcU,Medium,0,3
2175,sdXxwsQEaFU,sdXxwsQEaFU_qX8Lw6hcF7c,Medium,0,3
2176,3LJM-jE1ms4,3LJM-jE1ms4_A84hNilKxFM,Medium,0,3
2177,6kdWsdAlJxg,6kdWsdAlJxg_u0OYggc_t5Q,Easy,0,3
2178,1g5maDhaMZ8,1g5maDhaMZ8_IPuznn7wgic,Easy,0,3
2179,2wSo5Dv-NBk,2wSo5Dv-NBk_RbCMZjgDl_k,Medium,1,0
2180,rMx1BbU23rs,rMx1BbU23rs_dMXeOFcw3HE,Medium,1,0
2181,VvCBhdq3Y54,VvCBhdq3Y54_y7M0pUwEqZk,Medium,1,1
2182,vdRywi_qN28,vdRywi_qN28_q_OyWD9kvKo,Hard,1,0
2183,yJVQEeOnXN4,yJVQEeOnXN4_5zJoaQAgXzk,Easy,1,0
2184,FZaAeXXsuRA,FZaAeXXsuRA_XuU-YWiGw6g,Medium,0,3
2185,DxBUFyo2s80,DxBUFyo2s80_s5TI5vEkCI4,Hard,1,1
2186,t0ouQ4KzH7s,t0ouQ4KzH7s_jtJn3inzZAw,Easy,1,0
2187,u53lBdMVsjA,u53lBdMVsjA_Y3qluz0b0K4,Easy,1,1
2188,FKNruok2dOk,FKNruok2dOk_TfhiGtrbIUw,Easy,0,3
2189,lZx26UHVWBM,lZx26UHVWBM_kB2vGLvtDEY,Easy,1,0
2190,7zGQ2-XUdFU,7zGQ2-XUdFU_Tu14DioMfNw,Medium,1,1
2191,oTdqe9x6vHQ,oTdqe9x6vHQ_6NWXNdz3kGc,Hard,2,2
2192,xKf1fnUMqRw,xKf1fnUMqRw__moa3_Py-WQ,Easy,1,0
2193,yorLPuUMPYU,yorLPuUMPYU_oD6cFYhSXkk,Easy,1,1
2194,yMihtUzzRE8,yMihtUzzRE8_JAcEv35pGA0,Hard,1,0
2195,B87F4tbLd-Y,B87F4tbLd-Y_da3R31HWlZU,Easy,1,0
2196,Pa6pY6IlBnk,Pa6pY6IlBnk_oKA25rpfBP8,Hard,2,2
2197,zFF48j8pyqA,zFF48j8pyqA_ylt23Hk65kM,Hard,0,3
2198,I0H4gwQAM0A,I0H4gwQAM0A_3FZqfwE5EKI,Medium,1,0
2199,NCWSdXV_854,NCWSdXV_854_tJOWPXF49-E,Easy,1,1
2200,6WJzFO7GnLY,6WJzFO7GnLY_HmtlSSm6_zg,Hard,1,0
2201,QTCZJzNCuIk,QTCZJzNCuIk_MSY-BaChPqg,Medium,1,1
2202,n4izNUwCjK0,n4izNUwCjK0_ExWjgVuiBkM,Hard,2,2
2203,XYm2mX4aAxo,XYm2mX4aAxo_ZrZqngJhrEc,Medium,0,3
2204,Kj3Z3L4dWjY,Kj3Z3L4dWjY_QwZwnZ4dKpA,Hard,2,2
2205,UBEJ7nUWPno,UBEJ7nUWPno_7tUdNOJ4Pbs,Hard,0,3
2206,Eh14v3-2a9Q,Eh14v3-2a9Q_PQP4NZP-yzE,Easy,1,1
2207,Ex7JwJdqIWw,Ex7JwJdqIWw_Wz2NyaP2idc,Medium,1,0
2208,SSBKeectdRQ,SSBKeectdRQ_panGkZArAZo,Hard,0,3
2209,DpQBtq4nnDw,DpQBtq4nnDw_IOG6vdO8ZU4,Easy,2,2
2210,n-MiM-VMm5A,n-MiM-VMm5A_AsUAZilovK8,Easy,1,1
2211,B1tm7TBdtRk,B1tm7TBdtRk_M8G79049u3M,Easy,0,3
2212,4GNYQgSdQuk,4GNYQgSdQuk_KY2Qe2L0w7Q,Hard,1,1
2213,laQEUs2DnhA,laQEUs2DnhA_bRoJCAktxjY,Medium,1,1
2214,et7hWIKKcIs,et7hWIKKcIs_dmhti0MYjzA,Medium,0,3
2215,BWf-eARnf6U,BWf-eARnf6U_QvehytOZu-0,Medium,1,1
2216,GavrpKnU4Hc,GavrpKnU4Hc_T7QYuPMt_68,Medium,2,2
2217,thn4NdFKZNw,thn4NdFKZNw_LgKZxgb9RB8,Medium,1,0
2218,qFt9BOOl9cA,qFt9BOOl9cA_BRxSvLhiInw,Hard,0,3
2219,BRgJAbNwNcU,BRgJAbNwNcU_cwHH9p840Ys,Easy,1,0
2220,XOOB8eukoRk,XOOB8eukoRk_5WH7ZFVD6ak,Medium,1,0
2221,mwF8cuZXUsA,mwF8cuZXUsA_Ifd-ElFZVV8,Medium,1,1
2222,i2uDWBzCZfQ,i2uDWBzCZfQ_uZWvkQgAz8I,Medium,0,3
2223,gZ4g2c5vZec,gZ4g2c5vZec_-c_1948S2sA,Easy,0,3
2224,64PxDhvkWfo,64PxDhvkWfo_bv69cbbHomk,Easy,1,1
2225,Tef0sSbw0mU,Tef0sSbw0mU_TYStOYy5nYY,Medium,1,0
2226,B96Ob8sQ4DE,B96Ob8sQ4DE_pYZjPP6keAY,Medium,0,3
2227,61eFJJBuATA,61eFJJBuATA_pYZjPP6keAY,Medium,0,3
2228,sTfpH6dolrY,sTfpH6dolrY_GUIlw_-pBR0,Hard,1,1
2229,cds2bD6Es_k,cds2bD6Es_k_pz6mQHleihw,Hard,1,1
2230,clqBJvvsTBY,clqBJvvsTBY_PPWQqs1P5pg,Hard,0,3
2231,nhW4nAPKV9U,nhW4nAPKV9U_3O2MrwLKgX0,Easy,1,0
2232,jDvW072AXAA,jDvW072AXAA_dsCIT06h9sE,Medium,0,3
2233,bZoYYIslJUU,bZoYYIslJUU_lS16wHO4z9Y,Medium,0,3
2234,SxAcYchY-Kk,SxAcYchY-Kk_qgXN4hKDdag,Hard,2,2
2235,5EmiQ_JDATQ,5EmiQ_JDATQ_XU_vg6a9AHc,Easy,0,3
2236,7FB9wWh36MA,7FB9wWh36MA_HdI0nMHz348,Medium,2,2
2237,x76L0ggH5oA,x76L0ggH5oA_SPYh1LdULUQ,Medium,2,2
2238,B_gJfu2dCtg,B_gJfu2dCtg_VHuKfcxDJcE,Easy,0,3
2239,qI6ODp6n1jc,qI6ODp6n1jc_oWFCbuTxQhE,Hard,0,3
2240,iCAuAq-Wc6U,iCAuAq-Wc6U_cxNC2ckIMpM,Medium,1,0
2241,ZjA9OCgXkxs,ZjA9OCgXkxs_acHKq3EbDdY,Medium,0,3
2242,sCbKPeDTPVU,sCbKPeDTPVU_IHuI6bHQzAo,Easy,0,3
2243,qW6D8rYppwY,qW6D8rYppwY_ZX-wyePmqEI,Easy,1,0
2244,YxVS9IwO5xM,YxVS9IwO5xM_ylt23Hk65kM,Medium,1,1
2245,1Twmlv64zSg,1Twmlv64zSg_CzRORFyFY1I,Easy,1,1
2246,kkYkjUBwx88,kkYkjUBwx88_oBjzcr8vfXw,Medium,0,3
2247,zh-fP6xSeOo,zh-fP6xSeOo_IO8-iLxfWB0,Hard,0,3
2248,CRMTVSSIjAA,CRMTVSSIjAA_FloyolxkLT8,Medium,1,0
2249,IQKuZrzaGOM,IQKuZrzaGOM_rNXvMajnoQ4,Medium,0,3
2250,AlA1QVVw1yg,AlA1QVVw1yg_8gG372j5SFY,Easy,1,0
2251,KbPGYi3-F_I,KbPGYi3-F_I_Yuphoqqzq4Y,Medium,0,3
2252,m87Bd-TTAdQ,m87Bd-TTAdQ_vrc2ZVnOK2w,Hard,1,0
2253,Z-eoAked3pQ,Z-eoAked3pQ_PqypvhXD2-Y,Medium,1,0
2254,Fr2ZASMNaa0,Fr2ZASMNaa0_fQZL6kaJav0,Medium,1,1
2255,EGN040jPPGg,EGN040jPPGg_qwL3ZNoDpU4,Hard,2,1
2256,S1JXk2k3GE0,S1JXk2k3GE0_eMh359CqyBw,Easy,1,0
2257,R9O8C5P2wYA,R9O8C5P2wYA_Drr6n11jO7o,Hard,1,0
2258,pKyTeNJKw6E,pKyTeNJKw6E_tLdB2wQuxnc,Hard,2,1
2259,q7fTXKp6TDM,q7fTXKp6TDM_5Z0hzmdMlQs,Easy,1,1
2260,5AGbMAxvyPM,5AGbMAxvyPM_TbDAasKohdU,Easy,0,0
2261,XgZn7zdyB1g,XgZn7zdyB1g_hirKh1iDtaQ,Easy,2,2
2262,TusOPNxcspg,TusOPNxcspg_vWg0Hqy5SlE,Hard,1,1
2263,7PeulsZU-8Q,7PeulsZU-8Q_zMZpb2-ofPA,Hard,1,0
2264,g61pcMBapjw,g61pcMBapjw_uRlZIzLaNWg,Hard,1,1
2265,FiQ-oREsS8c,FiQ-oREsS8c_c-Q9Z7ThsyE,Easy,1,0
2266,gkEuFBrzV8s,gkEuFBrzV8s_QW-6rSMZ8kM,Easy,1,1
2267,63ab_JxNsD4,63ab_JxNsD4_cK9nFEs07o4,Medium,1,1
2268,C92pWWk_vH4,C92pWWk_vH4_YoOVXpCaO_0,Hard,2,2
2269,AsmF5rd_V-E,AsmF5rd_V-E_Fj_6w_nzVPk,Medium,1,1
2270,ILF2ce4bJAA,ILF2ce4bJAA_1zjTccU_KjA,Easy,1,0
2271,kTM2ICt09HU,kTM2ICt09HU_XhWlz-483h8,Easy,1,1
2272,QbixCNttpDU,QbixCNttpDU_h2rwWlx2e_Q,Hard,0,3
2273,x6ebHzsnyUw,x6ebHzsnyUw_-rG1WiDEuXY,Hard,1,1
2274,Jf6bcncpwYQ,Jf6bcncpwYQ_Gk_lm8Q_ESA,Easy,1,1
2275,gD-rffbriWI,gD-rffbriWI_Y81W19QZ_Ts,Hard,1,0
2276,O9kkNsZZVLU,O9kkNsZZVLU_ExfjpZOMLgQ,Medium,0,3
2277,OJvdydts5pM,OJvdydts5pM_u8cq9bZBBWc,Easy,1,1
2278,ARaw5SBkNso,ARaw5SBkNso_xjKw8A5zlzY,Easy,0,3
2279,rCqMUAm9-Zo,rCqMUAm9-Zo_rC3NFVCyIq8,Easy,0,1
2280,aWwl2d091lY,aWwl2d091lY_tmJ2uTTHId4,Easy,1,0
2281,myGWwGSfHWc,myGWwGSfHWc_-CWVBcIO22M,Easy,0,3
2282,lDf1xI6jJbs,lDf1xI6jJbs_FbnQLaKBCOI,Easy,0,3
2283,H0b8_TM0tvk,H0b8_TM0tvk__ciY294KbU4,Easy,0,0
2284,1RQgsIp3Rk4,1RQgsIp3Rk4_n9yHvVzdWyE,Hard,1,1
2285,A0QfbztZ8A4,A0QfbztZ8A4_DhMkcAcKjqY,Medium,0,3
2286,N5mI8yjJnCk,N5mI8yjJnCk_gUNJxhwtE8Y,Hard,2,2
2287,PwyaiiDQB3o,PwyaiiDQB3o_ACJJrLSy4_Y,Hard,1,1
2288,TQtM2w5t5Yo,TQtM2w5t5Yo_O2vWQjLPpXo,Medium,0,3
2289,bYyWn6TPGhw,bYyWn6TPGhw_QM4fZRCyb1U,Hard,1,1
2290,ZWtqTcBdkTU,ZWtqTcBdkTU_wwmc-dOV9Ps,Hard,1,0
2291,o3P4sacrf4A,o3P4sacrf4A_2R45Jo_5ngs,Hard,0,3
2292,CKVznE8FZmg,CKVznE8FZmg_PoWeVTaV0Sw,Easy,1,0
2293,sMXkeGAXUhI,sMXkeGAXUhI_AwNoF00AmTE,Medium,0,3
2294,6KbWJ5aD0eQ,6KbWJ5aD0eQ_7ZLsgeACPjA,Easy,1,1
2295,fyPL8Eos0ME,fyPL8Eos0ME_TgFzBNAEJDo,Hard,1,1
2296,_1ymtS1_cd0,_1ymtS1_cd0_ayCg5X26tt8,Easy,0,3
2297,ZviJpcDAR_s,ZviJpcDAR_s_3KiUi_iDAkI,Medium,0,3
2298,gYngKX8MkFE,gYngKX8MkFE_u8dNmGmdvBw,Medium,1,0
2299,Dsipe8CFGTY,Dsipe8CFGTY_v4wXE1H4WWg,Hard,0,3
2300,vd647xRjtxc,vd647xRjtxc_1CLCOvZOh1o,Medium,2,2
2301,254cfdAD7TA,254cfdAD7TA_H-3urQJmZ6c,Easy,1,1
2302,riHHpW10t_8,riHHpW10t_8_Bl2WBrM_AK0,Medium,2,1
2303,a6tPZRzEzqk,a6tPZRzEzqk_NjtXg1Ll3Dw,Hard,0,0
2304,Z37IudOhh28,Z37IudOhh28_s9IlqBbA8aM,Easy,1,1
2305,ZT_3cEYAvro,ZT_3cEYAvro_ZFpUjfEhk50,Easy,1,1
2306,LnPUunRx7OQ,LnPUunRx7OQ_7dn_CB02Dps,Medium,1,0
2307,5P-y7peINPM,5P-y7peINPM_FAO96QJzxcg,Medium,1,1
2308,BFSN_jGaKlU,BFSN_jGaKlU_aAK8r_LTJps,Easy,0,0
2309,2J4L9mDAP3s,2J4L9mDAP3s_3WE55WV0G4s,Easy,1,1
2310,fPD8dPfscFs,fPD8dPfscFs_YxVvA5-Ndmg,Medium,1,1
2311,vrksdB1PN24,vrksdB1PN24_rnuFDczAkyM,Hard,2,2
2312,CnmDXJmI6Kg,CnmDXJmI6Kg_pmd-lt0Ht1M,Medium,0,3
2313,1yMXk6N0nZM,1yMXk6N0nZM_owT-YTuH4mE,Medium,1,0
2314,zuYA6pr85ZQ,zuYA6pr85ZQ_MHYGcbyQ7yI,Easy,1,1
2315,mY4lTTEWeHM,mY4lTTEWeHM_-AOih9Ermpc,Hard,1,1
2316,Z9ry7JQTl6g,Z9ry7JQTl6g_lHhZJeHP7Ac,Easy,1,1
2317,cL1D5Pkqwbk,cL1D5Pkqwbk_e0mBRFBIVpg,Easy,2,2
2318,69YjwrzEHt8,69YjwrzEHt8_nG1i2OEW_tE,Easy,1,1
2319,4RDzuqsmhbs,4RDzuqsmhbs_M0qs_KZxkCg,Medium,0,3
2320,PapJ3nthhxs,PapJ3nthhxs_3EPZnBmQu-Y,Hard,0,3
2321,f75wFxmN-so,f75wFxmN-so_H8aluBA5CtE,Medium,1,1
2322,xNEbC01UF2g,xNEbC01UF2g_NYIdJk05pkw,Hard,1,1
2323,YBv8yfOOlPE,YBv8yfOOlPE_V4iiLyphu70,Hard,1,1
2324,32TTWz6W8FQ,32TTWz6W8FQ_OSuFJu14h-Q,Hard,1,0
2325,gHavEbG_MWg,gHavEbG_MWg_BkB1s1VJe44,Easy,0,3
2326,Y5scskt3n-w,Y5scskt3n-w_HaazqOC-K5E,Easy,0,3
2327,fyErgJM66p0,fyErgJM66p0_9kLNRzePGvs,Easy,1,1
2328,F8GzCxDA9-I,F8GzCxDA9-I_Mrev2r8q-9Q,Hard,0,3
2329,eDYPb-8BlKI,eDYPb-8BlKI_Ni5WdqwATYc,Easy,1,0
2330,vKDwgFf_WPc,vKDwgFf_WPc_camt5xswP-s,Medium,2,1
2331,gAk7UzWgh9A,gAk7UzWgh9A_KbQ-NcbgUq8,Hard,1,1
2332,SgEBhuDQ26k,SgEBhuDQ26k_2Gw63RcH-dI,Easy,1,0
2333,Rd7z2p5tHn4,Rd7z2p5tHn4_MSY-BaChPqg,Hard,1,0
2334,UmBiLFFCJH8,UmBiLFFCJH8_ZLlampP29nk,Hard,2,0
2335,6d5jIXf-pdg,6d5jIXf-pdg_oWm0Nwrgr0Q,Medium,1,1
2336,8x2RqO9weT0,8x2RqO9weT0_fMJgwOtvTCE,Hard,2,2
2337,U3IDdXW291U,U3IDdXW291U_-RL3s-H0Jho,Easy,1,1
2338,RTcoOswjkgs,RTcoOswjkgs_2mJNriWvhHw,Medium,0,3
2339,pg3M6del07s,pg3M6del07s_-sP6xCpmitU,Easy,1,1
2340,GT4EdxoYyk8,GT4EdxoYyk8_y6eiJmsLpJg,Easy,1,1
2341,vIwgiMnTx70,vIwgiMnTx70_U9__QF0XPyo,Easy,0,3
2342,egXAB1HRIzo,egXAB1HRIzo_myn70Keacnk,Easy,1,1
2343,6WbJ9Yc0whc,6WbJ9Yc0whc_DhMkcAcKjqY,Medium,0,3
2344,e3mkt9XvrJw,e3mkt9XvrJw_G6NoTdtpTQ0,Medium,1,1
2345,6uPIHys683w,6uPIHys683w_NwJdXMHJ9mE,Hard,1,1
2346,Oo4v0NXCZEs,Oo4v0NXCZEs_S5lEMkBG5a8,Medium,0,3
2347,n6oTdG2UhSc,n6oTdG2UhSc_OkKs65iwXC0,Easy,1,1
2348,ZZhdm5g29Ew,ZZhdm5g29Ew_Yo6RL5A1eyY,Hard,2,2
2349,l4tH7gXaK_I,l4tH7gXaK_I_fwz46737NGM,Hard,0,3
2350,kxYxjnLLClM,kxYxjnLLClM_zN92YWz_mQg,Hard,1,0
2351,H58pLKGWfYs,H58pLKGWfYs_r43aGC2uZ4M,Medium,0,3
2352,W_CQL5rgXHk,W_CQL5rgXHk_RoP-YsAmdEY,Medium,0,3
2353,aVONTS6CxWE,aVONTS6CxWE_fw6MmGFK0n4,Medium,0,3
2354,fYzdGEh6KA0,fYzdGEh6KA0_nbV-CAKDZMU,Hard,0,3
2355,bl5z4rK8ydk,bl5z4rK8ydk_ZwoAcGorFJ0,Easy,1,1
2356,fIUmYSXOxfc,fIUmYSXOxfc_orXxfG12fqM,Hard,1,1
2357,ZciAX6KhCjs,ZciAX6KhCjs_dMdx5I82210,Easy,1,0
2358,B3nK2ayyd98,B3nK2ayyd98_F042t-oGNQg,Easy,1,1
2359,PTDKhJ2_MsM,PTDKhJ2_MsM_uRlZIzLaNWg,Hard,1,0
2360,VHHvYOO7qaM,VHHvYOO7qaM_FkQXSonn_r8,Hard,2,2
2361,3YXuTSe7pIo,3YXuTSe7pIo_A81G7izNkS8,Medium,1,0
2362,Y_kFvWq7lZQ,Y_kFvWq7lZQ_EdQdCurt_fE,Hard,0,3
2363,QfVKpmPVuPQ,QfVKpmPVuPQ_hMtCfVIFrp8,Easy,1,1
2364,HXoBuS2SSjs,HXoBuS2SSjs_prt9RbcivE8,Easy,2,2
2365,2UOm1jCZuuk,2UOm1jCZuuk_jxz6NmBStKI,Hard,1,0
2366,NSQe-9ndGE8,NSQe-9ndGE8_39gE0ZkaM0U,Medium,0,3
2367,ikoNJoy16YY,ikoNJoy16YY_TzzA6SX0LD0,Hard,0,3
2368,pQdbNvEAmo0,pQdbNvEAmo0_GOkwlQbLNiM,Hard,1,1
2369,b_D3yczywlU,b_D3yczywlU_i1Acj69LlEE,Easy,1,1
2370,mk7WAcannuY,mk7WAcannuY_LwrPR5fFDlI,Easy,1,0
2371,T13nFDu-T80,T13nFDu-T80_0-godmnvea8,Easy,1,0
2372,TXl_SQ5I4D8,TXl_SQ5I4D8_H1auAwKBxZw,Easy,1,1
2373,3-wxkUg1Vic,3-wxkUg1Vic_NXkH54E1F-o,Hard,2,2
2374,IHcfxCt36mo,IHcfxCt36mo_Ab8oMDbRs_M,Hard,0,3
2375,3BK6A-ipc8w,3BK6A-ipc8w_rH8z1kZjkGg,Hard,0,3
2376,ITzNPZPhT64,ITzNPZPhT64_A6UmkltYYL8,Easy,1,1
2377,RSETBzEgBd0,RSETBzEgBd0_HdDgJM90nLY,Hard,0,3
2378,2WzHhtkF8JM,2WzHhtkF8JM_0Y1v5HCWz6M,Easy,1,0
2379,hIdUg3moI1E,hIdUg3moI1E_1gj6BeFjSQM,Easy,0,3
2380,4zqYq87QajU,4zqYq87QajU__4fZeBTK3P4,Hard,1,1
2381,C3bQh_4L7YY,C3bQh_4L7YY_QnQjqP2XIHs,Medium,1,0
2382,GdSvxM62Eu0,GdSvxM62Eu0_KrMer3fJvsI,Easy,1,1
2383,jDLovRU2v1o,jDLovRU2v1o_MiXWnF3jOrM,Hard,1,1
2384,hxJHHBh1ajI,hxJHHBh1ajI_o_IZLsjsIDA,Easy,1,0
2385,FwubWcSHI1Q,FwubWcSHI1Q_yJcRYX_ptso,Hard,1,1
2386,WWdISoK-Wi4,WWdISoK-Wi4_Bbkp6LnUok8,Medium,1,0
2387,pjKMibFbWYE,pjKMibFbWYE_6EyLgNLuMsw,Medium,1,1
2388,YAW0FADbRm4,YAW0FADbRm4_JmPi1kUAGD0,Easy,1,0
2389,3F0u-aUxO1s,3F0u-aUxO1s_JL1tnZL3xhI,Easy,0,0
2390,BwT2sJeZNTU,BwT2sJeZNTU_tCRzYS0PT38,Hard,1,0
2391,VKhf7ChzFrc,VKhf7ChzFrc_ujh2llcFwFg,Hard,1,0
2392,t8n_kGdedhU,t8n_kGdedhU_-Yn1wruU-tw,Hard,1,1
2393,92pZNABwGuk,92pZNABwGuk_XZIdCG8K7_w,Hard,2,2
2394,MIXcDv47bXg,MIXcDv47bXg_XLEzthCKJ90,Medium,1,0
2395,XPcpy6hDwzA,XPcpy6hDwzA_1p_5GJYcFFY,Hard,2,2
2396,5QrP-II5XbY,5QrP-II5XbY_ZNJMAUAsN0s,Medium,1,1
2397,YacWmYNJmPo,YacWmYNJmPo_-sg6IHdGsLA,Hard,1,1
2398,0WxLUHi0d18,0WxLUHi0d18_v4t_4QWysts,Hard,2,2
2399,NUCEY4NpYGE,NUCEY4NpYGE_y0AO0DK3XXQ,Medium,0,3
2400,_9m8wUGcbsM,_9m8wUGcbsM_j1Jd_ywWDn4,Easy,0,3
2401,aWbnlY2j9h8,aWbnlY2j9h8_324Zrj2uwuA,Medium,0,3
2402,3A-WYUWPdQo,3A-WYUWPdQo_rI912z48uLU,Easy,1,0
2403,iSpNy-IO2vg,iSpNy-IO2vg_0dQbrIuHUCU,Medium,0,3
2404,arhJZpd6_4k,arhJZpd6_4k_1fY7Gw5_xwM,Medium,1,1
2405,0vkHg4Otu3g,0vkHg4Otu3g_6xLY0o8qNwY,Easy,2,2
2406,qWtCKNVYaw4,qWtCKNVYaw4_b6x8vg9REvA,Medium,1,0
2407,m1oESpG94Qo,m1oESpG94Qo_SprsxIahxpk,Easy,1,0
2408,m081nGf-fGE,m081nGf-fGE_roF2xqB8ppo,Hard,0,1
2409,pXrOPT_PKcs,pXrOPT_PKcs_v65s1clpads,Hard,0,0
2410,nkC73JrpHmI,nkC73JrpHmI_6jaYw_6IbxU,Medium,0,3
2411,5RbzFr3swGc,5RbzFr3swGc_G6nsnnzrUa8,Easy,2,2
2412,YvjSBrHhAjY,YvjSBrHhAjY_uFWJbDCrLpU,Hard,0,3
2413,nVkuEjewnCo,nVkuEjewnCo_ZSQ15En9syM,Hard,1,1
2414,zSTXNOFjAQ4,zSTXNOFjAQ4_zXkCw8kft9k,Hard,1,0
2415,H8nKEhQ_w8s,H8nKEhQ_w8s_2pMAkj5w-fc,Medium,1,1
2416,dKS2UpcRkOU,dKS2UpcRkOU_qe-TX7i28XM,Easy,1,1
2417,s2R50eOcisc,s2R50eOcisc_FjsOfoMkeR0,Hard,2,0
2418,MERmfNJaPFo,MERmfNJaPFo_D3cxKUIweJE,Hard,0,3
2419,YDInomomtR8,YDInomomtR8_dz_0TGTKutg,Easy,0,3
2420,xN-tvjnA3rA,xN-tvjnA3rA_LZ67v6N0HHI,Easy,1,1
2421,-9HhZIcInfk,-9HhZIcInfk_US-76F4d_l0,Medium,0,3
2422,eXvbAUFyauk,eXvbAUFyauk_0hMrj3zZxB8,Easy,1,1
2423,RF0Av9iwab8,RF0Av9iwab8_-cWfQLJoyG0,Medium,2,2
2424,Ct4VGR4uJZI,Ct4VGR4uJZI_KaIORi2ovNc,Easy,1,0
2425,MNkHKtTFo6Y,MNkHKtTFo6Y_0-uXRlnD9cU,Medium,1,1
2426,sUMQ7oVmEh8,sUMQ7oVmEh8_ZqI68ChGnxQ,Easy,1,0
2427,mk6y3emtUPs,mk6y3emtUPs_s_SpvRygUbY,Easy,0,3
2428,0XoYO_3rrmg,0XoYO_3rrmg_4wYajkKLu3s,Hard,0,3
2429,okXDk7ubDR0,okXDk7ubDR0_FsjRio7CPiw,Hard,2,2
2430,ueTMglZJn90,ueTMglZJn90_ViNtI_tSsxQ,Medium,0,3
2431,lJCbkiy5714,lJCbkiy5714_pgFpMp5zHDk,Medium,0,3
2432,9n1BIFfj5jE,9n1BIFfj5jE_UNGn-GlOMqA,Easy,1,0
2433,4xdbRv5iNnI,4xdbRv5iNnI_CVsEHL8daYA,Hard,0,3
2434,hF9KhulkTU4,hF9KhulkTU4_D9dxF4v1gtY,Medium,1,0
2435,y9NOSK4djzI,y9NOSK4djzI_lRK2_wDUixA,Easy,0,3
2436,dcrjCBE-sAw,dcrjCBE-sAw_NHaeHSUrH4Q,Medium,1,0
2437,M1Yx_JQxgic,M1Yx_JQxgic_k-2rkFzw2Fs,Hard,2,2
2438,3YJz0w0NaRU,3YJz0w0NaRU_58ip325ZOu8,Hard,1,0
2439,AoJ5X2AmjT0,AoJ5X2AmjT0_gKBkTCbNuJk,Easy,1,1
2440,S8kdplJfbWA,S8kdplJfbWA_anqw-mhJgE0,Hard,1,1
2441,LxP2DV-IV6E,LxP2DV-IV6E_ZlxXsS1jsxM,Easy,0,0
2442,zLHu2UJIODw,zLHu2UJIODw_oQ15WwzJFnU,Hard,1,0
2443,9p-Ws9Yh56E,9p-Ws9Yh56E_lcXEGHDMd5M,Hard,2,2
2444,dx95QKe5aok,dx95QKe5aok_ucugbq-PPKo,Hard,2,2
2445,nuq4JcmARrs,nuq4JcmARrs_XhWlz-483h8,Easy,0,0
2446,wWCZ65xE-7c,wWCZ65xE-7c_mLg_eN8JPzo,Hard,0,3
2447,q0oH880LnWs,q0oH880LnWs_iEo285M5MxI,Medium,1,0
2448,DSIf2qIdROc,DSIf2qIdROc_69GtOx7G13E,Hard,1,1
2449,JknekAM8pY4,JknekAM8pY4_FAi1atXAKHo,Easy,1,0
2450,NhSEXfApJfs,NhSEXfApJfs_eCEz--A13oQ,Hard,2,2
2451,0myU1nOcpN0,0myU1nOcpN0_QNS_-PTsLQ8,Easy,1,1
2452,6YMS821KO3E,6YMS821KO3E_3Vx4mQn5O1I,Hard,1,0
2453,-VhnpCfHdV8,-VhnpCfHdV8_1TtSz4dizW4,Easy,0,3
2454,xQyCuJD_Xuo,xQyCuJD_Xuo_DArxXiYovos,Medium,1,1
2455,gRKzFMRviAs,gRKzFMRviAs_qbZBq5WNw3k,Hard,1,1
2456,iN9AhCfq640,iN9AhCfq640__zMWV6m_qtw,Hard,2,0
2457,CQjEyr3cG5g,CQjEyr3cG5g_AImFEfA_stg,Easy,1,1
2458,ietIO62V34Y,ietIO62V34Y_sero9EK_L8c,Hard,0,3
2459,Ql7BUDjlugw,Ql7BUDjlugw_qrcse6snvlg,Medium,1,0
2460,2ewusAyz3nQ,2ewusAyz3nQ_maSYjszYC4Q,Medium,1,1
2461,CKA0kgsScb8,CKA0kgsScb8_-Rzl5XuTWbY,Medium,0,3
2462,D76Lsycip9U,D76Lsycip9U_UFFo-ULPnjs,Easy,0,3
2463,VfuJqHKx5W0,VfuJqHKx5W0_cr25r_oda5o,Medium,1,0
2464,8cTGVIoEJpY,8cTGVIoEJpY_71gKzbaJ-Ms,Hard,0,0
2465,TpgFRl0OAKA,TpgFRl0OAKA_00-KTS34b9M,Medium,1,1
2466,1ewkoh8y3UU,1ewkoh8y3UU_NJtzllvsDX4,Hard,2,2
2467,KdU8PSwCiFw,KdU8PSwCiFw_GIutuaRH_Aw,Hard,2,2
2468,_JBHv6SH_1o,_JBHv6SH_1o_7o2GrZOgzTo,Hard,1,0
2469,6nJZavbiycU,6nJZavbiycU_gp4p_uhb34g,Hard,1,0
2470,aSmVRKq7i5U,aSmVRKq7i5U_ceZ7a381q0s,Medium,0,3
2471,Lm9mBqnSjeo,Lm9mBqnSjeo_ubX6uzSactU,Hard,1,1
2472,_DfVcS-C2aA,_DfVcS-C2aA_mkdc-mvPu34,Medium,0,1
2473,lWJDnLL2mJE,lWJDnLL2mJE_x6P45lGYXHU,Easy,1,1
2474,bPvlqOm48tA,bPvlqOm48tA_HSlVRnGANj8,Medium,0,3
2475,43e3PEnYMbQ,43e3PEnYMbQ_aXhpct6DPrw,Easy,0,3
2476,d9yRIW1dFJY,d9yRIW1dFJY_c5TjP-gZx2s,Easy,1,1
2477,1WCKEnVPqHg,1WCKEnVPqHg_yfkaFfynU5Q,Easy,1,1
2478,XuGD5PUYXck,XuGD5PUYXck_spphqUxQZ00,Easy,2,2
2479,gfQ0zQbsc2E,gfQ0zQbsc2E_tvIKme6hRyc,Easy,1,0
2480,KNVhtqLqM9g,KNVhtqLqM9g_cqLAedBZWH8,Easy,1,1
2481,7oZGl_IH8h4,7oZGl_IH8h4_rKbmBzTN_g8,Medium,0,1
2482,fLX_A80dMVw,fLX_A80dMVw_z5zhiLR-uNc,Hard,1,0
2483,zbWHQubdQIE,zbWHQubdQIE_6ISBdUzPbIY,Easy,0,3
2484,mZmbNe8tqwQ,mZmbNe8tqwQ_R7-aFdI6QO4,Hard,2,2
2485,gVdlE4W_fyU,gVdlE4W_fyU_xDS5-6udYb0,Hard,2,2
2486,PQX1ug4sMpY,PQX1ug4sMpY_Fdz1X5mw6Dk,Hard,0,3
2487,EXcbv_IqmeY,EXcbv_IqmeY_u5jfTU_yNq4,Easy,2,2
2488,70rCvpgbt2k,70rCvpgbt2k_QbXjhtoxCvA,Medium,0,3
2489,QZawn7YJGFs,QZawn7YJGFs_g8_YWmBoB7I,Hard,1,0
2490,B4gTBmc4iCg,B4gTBmc4iCg_14PBgzocQ4E,Hard,0,3
2491,mn4WwaRfmKM,mn4WwaRfmKM_7Kxl3Y5zh5E,Easy,2,2
2492,zOsVhWD0vmE,zOsVhWD0vmE_o1nkmcTZEcs,Medium,1,1
2493,qYQhJEK-CGc,qYQhJEK-CGc_Q2FFYNhV6Rs,Medium,1,1
2494,ZxFhVH2tNzc,ZxFhVH2tNzc_-wNRxAdrLH8,Medium,1,0
2495,jQfeqkMkI5U,jQfeqkMkI5U_MORx4n9Hvx4,Hard,1,1
2496,3xgoiBl4USw,3xgoiBl4USw_tVoLgsBSgso,Medium,1,1
2497,N8FeyfmS-Fg,N8FeyfmS-Fg_m081nGf-fGE,Easy,1,1
2498,COyjGGGjRug,COyjGGGjRug_u6KD0-jBfx4,Easy,1,1
2499,vX1zkl-PXXc,vX1zkl-PXXc_ovXIYyBCKOo,Easy,1,0
2500,IIZQn6Q_DQA,IIZQn6Q_DQA_QrZ-Pr6Wgg4,Medium,1,1
2501,Ehc2RLTxrkI,Ehc2RLTxrkI_rzUdJIPS3ho,Medium,0,3
2502,dW_z3-6NWOo,dW_z3-6NWOo_odUlcWDpOg0,Hard,0,3
2503,nt1meLfgloQ,nt1meLfgloQ_fQ0gt-HURWQ,Easy,0,3
2504,la_ZO4LeAHQ,la_ZO4LeAHQ_UbXE4vgbeLM,Hard,2,2
2505,a0fc49fsg5U,a0fc49fsg5U_Bt2ha5B3X3c,Medium,0,3
2506,QFVfA5yOQMk,QFVfA5yOQMk_M2V4cSxVyjU,Hard,0,3
2507,hfo4z9YjCQ8,hfo4z9YjCQ8_Qa3O-cuAOuQ,Easy,0,0
2508,fdUs1FKNcyk,fdUs1FKNcyk_d-pzcXtdGRA,Easy,1,1
2509,s0gJPPDa1ro,s0gJPPDa1ro_iDOUBSE8Zn4,Medium,1,1
2510,ZbUmTPZcRhM,ZbUmTPZcRhM_RtiKaCcvDuM,Hard,1,0
2511,HoRWc7VBie0,HoRWc7VBie0_fkBE1J_etsc,Medium,1,1
2512,iMadP195P74,iMadP195P74_b6w0oxpkhQQ,Easy,1,1
2513,SyUpupoFYUA,SyUpupoFYUA_GM5NClxKzV4,Medium,1,1
2514,M6TCSstmEQ8,M6TCSstmEQ8_KWvq1ZxBHoY,Hard,1,1
2515,oWnFQLHL7sc,oWnFQLHL7sc_xTBC8orSTno,Hard,1,1
2516,L_Nz2KRSqkk,L_Nz2KRSqkk_j-29VKDMZJk,Easy,1,0
2517,gSnVC58ax6U,gSnVC58ax6U_zAi34RrCkLQ,Easy,1,1
2518,QYw-YJ3_eic,QYw-YJ3_eic_l3FoBWpQBzg,Hard,2,2
2519,wzaCUd1qIls,wzaCUd1qIls_qbZBq5WNw3k,Hard,1,0
2520,g-6_k6b1kgQ,g-6_k6b1kgQ_kFYxLTDKW0E,Easy,1,1
2521,LwrSmChfce4,LwrSmChfce4_Qba1k8FWHWk,Medium,0,3
2522,ZHiY2yIHCLo,ZHiY2yIHCLo_7SQFPPkvpOM,Hard,0,3
2523,cm83i5vYHt4,cm83i5vYHt4_5WQN2Ecz_ME,Hard,1,1
2524,3ArEXICFuJg,3ArEXICFuJg_l-i53lNClN8,Easy,1,1
2525,fMnZGOvfmxc,fMnZGOvfmxc_gF5GBozZZYg,Medium,0,3
2526,F1SOathaoKE,F1SOathaoKE_LiGrkiocFU8,Easy,1,1
2527,yLJwgfoTQ9g,yLJwgfoTQ9g_dcWQmS1VcR4,Hard,0,3
2528,GV2e5g7IWqc,GV2e5g7IWqc_h6agG78OwIw,Medium,1,1
2529,EiaESRXk2KE,EiaESRXk2KE_cDxa-tHgx8w,Easy,1,1
2530,DxUw7mRsRGk,DxUw7mRsRGk_-icvfZjs9hc,Medium,1,0
2531,_VSRU0jFrUw,_VSRU0jFrUw_gRilA6WLRj4,Hard,1,1
2532,ui7J9kWhcWk,ui7J9kWhcWk_-amwINDtBN4,Easy,0,3
2533,BhvwbQBLfvU,BhvwbQBLfvU_xO1RNAzIvK0,Easy,1,1
2534,xhPq4Th3R74,xhPq4Th3R74_iZciHGsiEmM,Easy,2,2
2535,VpMQWrvcRUQ,VpMQWrvcRUQ_74Xk6dX1pJ4,Easy,1,0
2536,2ah8Yw4180Y,2ah8Yw4180Y_V2_wyRr2Jmc,Hard,2,2
2537,nmlSnbZL9YI,nmlSnbZL9YI_7YERHvqkvIE,Medium,0,3
2538,p64MJZEo15U,p64MJZEo15U_FjC-cvKzElY,Medium,0,3
2539,m2D2WtdMolM,m2D2WtdMolM_sTutJFSkQ2A,Medium,0,3
2540,8oOx1uxpRgE,8oOx1uxpRgE_p-Su-dzibvM,Hard,0,3
2541,RdvBXpeLrLo,RdvBXpeLrLo_RvYL2iai7ks,Easy,0,3
2542,6M_eTnDXHb0,6M_eTnDXHb0_lxS9fqZ5S3o,Medium,1,0
2543,E0lM4k9WVCE,E0lM4k9WVCE_cnKe0L8TIHc,Hard,0,3
2544,CJtiNItJFzA,CJtiNItJFzA_gWqbRjZaOec,Hard,1,1
2545,Kp3CWiVOmaw,Kp3CWiVOmaw_Jv4fWTkO2kE,Hard,1,1
2546,Hbw5TPAU-bQ,Hbw5TPAU-bQ_plkSh4zBlZc,Easy,1,0
2547,jykR0d7MlWY,jykR0d7MlWY_6xLY0o8qNwY,Medium,0,3
2548,X7Q-PAA6AbM,X7Q-PAA6AbM_YxVvA5-Ndmg,Medium,1,0
2549,Jd-_gg7BlFg,Jd-_gg7BlFg_OoCSyN9mlvk,Easy,1,1
2550,GSEIqtJM96k,GSEIqtJM96k_95-cScAf_40,Easy,1,1
2551,SuPWYr_ubcI,SuPWYr_ubcI_k5wSWOl-2_Y,Easy,1,1
2552,Z5lGE5Ni51U,Z5lGE5Ni51U_k2pwCJ0vgzw,Easy,1,0
2553,0hrYvABOwqQ,0hrYvABOwqQ_9WMtMXzj9iY,Hard,0,0
2554,Z1NGJjxc9f8,Z1NGJjxc9f8_-0uCS9EqGaU,Hard,1,1
2555,m7Cq8gduKP0,m7Cq8gduKP0_gk2j6CDUFpI,Medium,1,0
2556,dyGdmR3wU4g,dyGdmR3wU4g_TIBYZBWRlPQ,Hard,1,1
2557,7zQNr0eDtNs,7zQNr0eDtNs_A3FhISOqZK0,Medium,0,3
2558,nlyBBttDkZE,nlyBBttDkZE_XE62ND-fcoE,Hard,1,0
2559,BOsNwLcZsrk,BOsNwLcZsrk_ly9D31W0EUo,Hard,1,0
2560,UqCUaUv75TA,UqCUaUv75TA_JzxE9FCBeAE,Hard,0,0
2561,_VFcr2-6Ehw,_VFcr2-6Ehw_H9Pg2Ys4e6Y,Easy,0,0
2562,zaJJcoGsp3A,zaJJcoGsp3A_gDkXsUKsMaY,Easy,1,0
2563,Sz9qwC20SDM,Sz9qwC20SDM_Bt2ha5B3X3c,Hard,0,3
2564,756FwxCRWIs,756FwxCRWIs_72l6SE6LkOo,Easy,0,3
2565,zKMO7kWAGzs,zKMO7kWAGzs_Z0zaE_kIR7w,Medium,2,1
2566,BWFdOCsa7d0,BWFdOCsa7d0_V8YwOb2uUJc,Easy,0,3
2567,b-eq_9Llphc,b-eq_9Llphc_kXTc3ORVAnY,Hard,0,3
2568,T1oUKDJQY54,T1oUKDJQY54_IxWiqPzymQ4,Hard,0,3
2569,Xvk1kAerH80,Xvk1kAerH80_2iduMTw1Dd0,Easy,1,0
2570,CfoG9RzFobM,CfoG9RzFobM_8JD8GzmUfI4,Hard,1,0
2571,tD_H-mSQbtc,tD_H-mSQbtc_EmjSFjtvzJA,Medium,0,3
2572,6mqSC5Y_Kk8,6mqSC5Y_Kk8_69iss_HP49o,Hard,0,3
2573,VQfcZ3yBWdk,VQfcZ3yBWdk_EuOX39TgIYQ,Easy,1,0
2574,DXQYJ2Ngr08,DXQYJ2Ngr08_0-godmnvea8,Medium,1,1
2575,vL1C5yXSneU,vL1C5yXSneU_0RIYifupZio,Easy,1,0
2576,NKGs9BxFoTE,NKGs9BxFoTE_AgJ3D8xnFQw,Medium,2,2
2577,QTWg-BAju5I,QTWg-BAju5I_panGkZArAZo,Medium,0,1
2578,aV0S_PRVTg0,aV0S_PRVTg0_u5jfTU_yNq4,Hard,1,1
2579,qqg1SxQCjo8,qqg1SxQCjo8_12dBCgAo-RA,Easy,1,1
2580,84I7aZnrgNM,84I7aZnrgNM_AZd4gq-L33g,Easy,1,1
2581,V2wFUfxkDF0,V2wFUfxkDF0_pase4ZHq8tw,Easy,1,1
2582,5FYlasrtRP0,5FYlasrtRP0_Fqpbx1CGycY,Medium,1,0
2583,VcLywBMHZxQ,VcLywBMHZxQ_lPOmRKeZLM4,Medium,1,1
2584,3z3HljBQ-y0,3z3HljBQ-y0_eanjMzqNhNk,Medium,0,3
2585,ulxH8j3ndtw,ulxH8j3ndtw_DL8A99W1e3g,Hard,1,0
2586,WVaMsC8Z9_0,WVaMsC8Z9_0_m97NmQt7BIs,Hard,2,2
2587,c_mHCkr9Ew8,c_mHCkr9Ew8_LSWdtei26Qw,Medium,0,3
2588,aZlzedow-S0,aZlzedow-S0__EBoWz1XR5w,Hard,1,0
2589,QMEBsDXYPL4,QMEBsDXYPL4_awZOA0pleGw,Easy,0,3
2590,_7L5TcLI4jI,_7L5TcLI4jI_RFAsswK7fbc,Hard,2,2
2591,ZFV_aV9iZZo,ZFV_aV9iZZo_Z3w7F4pfbyo,Medium,1,0
2592,ENqwy9IMa8o,ENqwy9IMa8o_QeEjwXPeaZk,Easy,0,3
2593,wuHIwxqwrL0,wuHIwxqwrL0_tVoLgsBSgso,Medium,2,2
2594,nRX3XF-lMSk,nRX3XF-lMSk_AX3b310a1O0,Easy,1,0
2595,nZ4i1wrMKoY,nZ4i1wrMKoY_3wAqXjfWJm0,Medium,1,1
2596,fWeZ8f3y3rE,fWeZ8f3y3rE_rg8AlFCfFZ8,Hard,2,2
2597,zJ_7KNIhzfQ,zJ_7KNIhzfQ_f-MAdqgnBOE,Hard,2,2
2598,MvDaL_D4fZQ,MvDaL_D4fZQ_I_weC8q1ZUQ,Medium,1,0
2599,2jo29epJSZo,2jo29epJSZo_dITv-y2osT0,Easy,0,0
2600,FhR6VO5Iu3k,FhR6VO5Iu3k_Ogsa9Jz0TcM,Easy,0,3
2601,lkxxUID8QpQ,lkxxUID8QpQ_jIcm2VppcSk,Hard,0,3
2602,73-enik6FDY,73-enik6FDY_1jEWNYzk8Pk,Easy,1,1
2603,XHhVDJ_Vmnc,XHhVDJ_Vmnc_yErNYEr1ryY,Medium,2,0
2604,91b8KJmIdl8,91b8KJmIdl8_ebNIqJn-yBY,Medium,0,3
2605,gbepJn4BtcU,gbepJn4BtcU_O6P_NzYehK8,Easy,0,0
2606,4qvW7m1DIaI,4qvW7m1DIaI_nIMtxvaiRvg,Hard,0,3
2607,DaZjvEoUV10,DaZjvEoUV10__BfdWPh2vKY,Hard,2,2
2608,lRakVVLznBE,lRakVVLznBE_4YOGW35N0M4,Easy,1,0
2609,iwxzc2MlkRg,iwxzc2MlkRg_UB7-5vH_veA,Easy,2,2
2610,vccleL9E9tA,vccleL9E9tA_pJj0EQYQdHo,Easy,0,3
2611,U5UTV2VB7oA,U5UTV2VB7oA_5mgdyGB2fbQ,Easy,1,1
2612,HEU3w_tr0oA,HEU3w_tr0oA_A6UmkltYYL8,Medium,0,3
2613,s7o5hHmS4-g,s7o5hHmS4-g_R6zKr0xvSb4,Hard,0,3
2614,gXSmlwfDhEU,gXSmlwfDhEU_hhhDroWp1z0,Easy,1,1
2615,2vbtinMhmjg,2vbtinMhmjg_B7l_JtBYsW8,Medium,0,3
2616,qXY1pHq2BFY,qXY1pHq2BFY_U-0330SCx9g,Medium,0,3
2617,szknuIYKtSs,szknuIYKtSs_uCLJasQ4YRY,Medium,0,3
2618,hm7diadODjk,hm7diadODjk_n5TzbK4YpeY,Hard,1,1
2619,aHTS72EzQrA,aHTS72EzQrA__ZhGz7rRhQ4,Hard,2,2
2620,lzKmBrbPb3k,lzKmBrbPb3k_CYGSPOt7b8s,Hard,0,3
2621,uJH2gEwS-sU,uJH2gEwS-sU_US5DYvhBzgg,Hard,0,3
2622,xOFtUkAZjC4,xOFtUkAZjC4_TE024YOfQNw,Hard,2,2
2623,7fBi4fS1PkI,7fBi4fS1PkI_70m5jJAoyH0,Medium,1,0
2624,6JjFDQ_3M2Q,6JjFDQ_3M2Q_C9CZFOvk7Pc,Medium,0,3
2625,QnIndEfmpQg,QnIndEfmpQg_U9__QF0XPyo,Easy,0,3
2626,Zhy_UClkE40,Zhy_UClkE40_QTE1pihXlPk,Hard,1,0
2627,4O_gGo7MsW4,4O_gGo7MsW4_1S84Sxh4x0c,Hard,0,0
2628,2_xWuQFs-8o,2_xWuQFs-8o_j7PzZHhFAqs,Medium,1,1
2629,gjTY1GVBW6U,gjTY1GVBW6U_iRy01kw_jyI,Hard,0,3
2630,hfvoyXq5HNA,hfvoyXq5HNA_NTWoxjf_fgs,Hard,2,0
2631,T2w41lzl2y4,T2w41lzl2y4_FG1w2dyiPZY,Easy,0,3
2632,64daxb-Vyfg,64daxb-Vyfg_ezgcVa7BisQ,Easy,1,1
2633,m0DgGf8AK_c,m0DgGf8AK_c_odYEU6ub0CU,Hard,2,2
2634,Y8Ow4mbHpek,Y8Ow4mbHpek_k49yaEHHaa8,Easy,0,1
2635,4KVHJVPS9bo,4KVHJVPS9bo_kudc2FQ3sT4,Medium,1,0
2636,u2y9LkJAU0o,u2y9LkJAU0o_6pdtF-2Lpck,Hard,1,0
2637,PbGv_5Vcbn8,PbGv_5Vcbn8_Ow-AtNNP5YA,Hard,1,0
2638,SJTQZsFlOV0,SJTQZsFlOV0_JrOuSb4ONvg,Hard,0,3
2639,fn_GPyrIZDM,fn_GPyrIZDM_YxVvA5-Ndmg,Medium,0,3
2640,iLuM-iQw3_Y,iLuM-iQw3_Y_pgFpMp5zHDk,Medium,1,1
2641,5VNR7PnAIG8,5VNR7PnAIG8_587M93B3mkI,Hard,1,1
2642,fZ6N5wykSA8,fZ6N5wykSA8_L8YIssDSyis,Medium,1,0
2643,DazLqBdB-4o,DazLqBdB-4o_os0nU-6jaCM,Medium,1,1
2644,TaFPUdRBFX8,TaFPUdRBFX8_IMVGqDCHfis,Medium,0,3
2645,yaKau24BC60,yaKau24BC60_AZvkbx8_OSY,Hard,1,0
2646,UEbbkq5JR9Q,UEbbkq5JR9Q_I0NkkM_VyCY,Easy,0,0
2647,yJkL4XR9YsY,yJkL4XR9YsY__iidNJ0Drow,Hard,0,3
2648,rSAbaOw7tNY,rSAbaOw7tNY_R6_kdKj7mJ0,Easy,0,3
2649,gScfLZJw7qQ,gScfLZJw7qQ_1fY7Gw5_xwM,Easy,1,1
2650,sucNsk45Bzg,sucNsk45Bzg_sFQ647JCX2I,Medium,0,3
2651,rNUcT_KD54c,rNUcT_KD54c_0sexh8CihJs,Hard,1,1
2652,htPofdqAlCI,htPofdqAlCI_KCCAC4FtBLA,Easy,2,2
2653,kkybYMdZbm0,kkybYMdZbm0_Vi76ZGt15-I,Medium,1,0
2654,yeMrTxabUaE,yeMrTxabUaE_Z7k7yJJM1Wc,Medium,1,1
2655,G9Na_CxTigc,G9Na_CxTigc_7ZXC6-7pK54,Hard,0,3
2656,6Bk2FxG-XQ0,6Bk2FxG-XQ0_Fwq7eb0CTDM,Hard,2,2
2657,Do2fhD_oHUg,Do2fhD_oHUg_mlEYuG-59KQ,Hard,2,2
2658,vIaH35-MLsk,vIaH35-MLsk_SGEzNs5dArw,Hard,0,0
2659,Fn95YFJucwU,Fn95YFJucwU_zbO82ML72Zs,Hard,0,3
2660,I5J9aDU8hpU,I5J9aDU8hpU_-539abzDsuI,Hard,1,0
2661,NhZLIOOs2F8,NhZLIOOs2F8_kg5gWNzoIJw,Hard,0,3
2662,D9l-pF4kB64,D9l-pF4kB64_6IV0dozYHjE,Easy,2,2
2663,8yCGqUH9K-A,8yCGqUH9K-A_eHtDk7k-tpM,Medium,1,1
2664,LozHFq_oVkY,LozHFq_oVkY_fFe8S6eb560,Medium,2,1
2665,DIDfqVAfC2g,DIDfqVAfC2g_-f2iG61C2X0,Medium,1,1
2666,Y3JmDuEoMkY,Y3JmDuEoMkY_eNOt0Tzlm5A,Medium,1,1
2667,XsTMnfpBlEY,XsTMnfpBlEY_5pQKq0_H8ko,Medium,1,0
2668,HnvoxICuxJk,HnvoxICuxJk_Ap-A0RKhi2s,Hard,1,1
2669,mFG04-yq8Zk,mFG04-yq8Zk_EZavar0S0JA,Easy,0,3
2670,oAq563HiAPw,oAq563HiAPw_JgtuH0PWgCk,Hard,2,2
2671,A3OuSg6dKvM,A3OuSg6dKvM_yfyqu73Ij2Y,Hard,2,2
2672,mHwicDAWrqI,mHwicDAWrqI_y38LzsbOAVY,Easy,1,1
2673,6I0Dv46ZgZE,6I0Dv46ZgZE_eZEP4QbTics,Easy,1,1
2674,FGmlzLgDh1U,FGmlzLgDh1U_U2WqeCYrvvM,Medium,1,1
2675,VOd-j_eKyoI,VOd-j_eKyoI_HgFeA4d9zmw,Easy,0,0
2676,KKVAqsI5uUI,KKVAqsI5uUI__Reka1uV_cI,Hard,1,0
2677,Wv3LJE08IB8,Wv3LJE08IB8_Q6sBUviJI-M,Medium,0,3
2678,T2PPJjo0dqk,T2PPJjo0dqk_KW0HzNw5Evk,Hard,0,3
2679,bMgHwR7ZVRA,bMgHwR7ZVRA_RIOxZjaSSqY,Medium,1,0
2680,6VQ-o-Sbjgg,6VQ-o-Sbjgg_-C8JzbpiEug,Hard,0,3
2681,nYaj35wpJ7E,nYaj35wpJ7E_zif3VNEjskk,Easy,0,3
2682,bnuOm-tHi9U,bnuOm-tHi9U_mk-5w3Di0jk,Easy,1,0
2683,toOlPqXW75A,toOlPqXW75A_Yz9p4CK-REY,Easy,1,0
2684,fBI65ROZyFw,fBI65ROZyFw_MCl3hZj2SjI,Easy,1,1
2685,MVR_yU3IS38,MVR_yU3IS38_dmhti0MYjzA,Medium,0,3
2686,9GPppiEBhx8,9GPppiEBhx8_FURe7HTrV2s,Easy,0,3
2687,fH67S2YDBuE,fH67S2YDBuE_ruLSeX60-iA,Hard,0,3
2688,7Rd-wFSnrTY,7Rd-wFSnrTY_a1_I0dYcqos,Hard,0,3
2689,Z1XDnGfa7Z0,Z1XDnGfa7Z0_grcJ__ZxE_g,Easy,0,3
2690,hXA3EasopQ0,hXA3EasopQ0_H9HMp2zAHOA,Hard,1,0
2691,xi21EOm4QPc,xi21EOm4QPc_NTWoxjf_fgs,Hard,2,2
2692,FdDkWU32fDo,FdDkWU32fDo_HmO-dkg9vZs,Medium,2,0
2693,UNxUAEnPRgA,UNxUAEnPRgA_zU120Sbse4s,Hard,1,1
2694,0ybwJAZk13g,0ybwJAZk13g_EdUf-KOcK6g,Medium,1,0
2695,cDgjwc4eqNk,cDgjwc4eqNk_U-71mv1Krts,Hard,2,2
2696,AADapIWcoJQ,AADapIWcoJQ_chPCK7Jql1o,Easy,0,3
2697,R3TX8i2eCDQ,R3TX8i2eCDQ_fuKDBPw8wQA,Hard,2,2
2698,dRDOjy-SlhI,dRDOjy-SlhI_guLZuSZPAsE,Medium,1,1
2699,cADItSvORwo,cADItSvORwo_CWIJNUWU0pw,Medium,1,1
2700,sJwIVdYkUK8,sJwIVdYkUK8_XiZJ6l9aonQ,Easy,0,1
2701,eYCPwpeajAk,eYCPwpeajAk_I_hgCS9WZyQ,Easy,1,1
2702,sYa4Xs8LTN4,sYa4Xs8LTN4_eMgG-e0c9IY,Hard,2,2
2703,TJAAf8lE-Hw,TJAAf8lE-Hw_-ObUE550r68,Medium,1,1
2704,6Q6NzNxLGsU,6Q6NzNxLGsU__yZLoQI4-SE,Hard,0,3
2705,hV7nATgyQCY,hV7nATgyQCY_hE-JkmKpziM,Easy,0,1
2706,0lCIZUTnw_w,0lCIZUTnw_w_u9vo2nm9HXM,Hard,0,1
2707,fEK84cojlMk,fEK84cojlMk_fGJjzmmOHY0,Medium,1,1
2708,32CpdL4Kubc,32CpdL4Kubc_MbXJR6tPCgw,Hard,2,2
2709,bUCCT5CQ7Pk,bUCCT5CQ7Pk_FqZKhyWDL3w,Easy,1,1
2710,5sB0nfZ7e3c,5sB0nfZ7e3c_egKzf3qq6PY,Hard,0,3
2711,YJtkZTx7fmE,YJtkZTx7fmE_uJdYPnlSqEs,Easy,2,2
2712,qw-aqRaRIDc,qw-aqRaRIDc_nTh6AN2Xz2k,Easy,0,0
2713,lLGOZe36jas,lLGOZe36jas_0eLCU9t-X4I,Medium,1,0
2714,zqt1MyxOfR8,zqt1MyxOfR8_jbHcICO-1o0,Medium,1,1
2715,oOXdxeqtHHc,oOXdxeqtHHc_EQglhjRQAvc,Medium,1,1
2716,_rfvgrForo4,_rfvgrForo4_EN_fgUVAWZA,Medium,0,3
2717,BXSp0EBVrm4,BXSp0EBVrm4_3t7oX8PUMhQ,Hard,1,1
2718,G-uA_yxkyzo,G-uA_yxkyzo_vjdnp-CEgM8,Hard,0,3
2719,egkqeIpnKho,egkqeIpnKho_F-V7VRiyKFk,Medium,0,3
2720,l3yVOC7rlgk,l3yVOC7rlgk_2MCMksch3XA,Easy,0,3
2721,-ja5GGV0I2M,-ja5GGV0I2M_cRk5VP2OntI,Hard,1,0
2722,AcyNlvPnrf0,AcyNlvPnrf0_6GGh_vgIgIE,Medium,0,3
2723,UnJWNWLaHCY,UnJWNWLaHCY_Zbw8BtyLI-o,Easy,0,0
2724,R34HAT884bI,R34HAT884bI_vHO3wZNARhQ,Hard,0,3
2725,NfDyR5glPX4,NfDyR5glPX4_naljHr9bFlM,Medium,0,3
2726,CH_mcu3_Fqg,CH_mcu3_Fqg_751ZhlBBjLM,Medium,0,3
2727,JNbDTq9Kczg,JNbDTq9Kczg_jLWu39fDZ0s,Hard,2,2
2728,SAIvvbMnPjc,SAIvvbMnPjc_x-Q6cNuxqNw,Medium,1,0
2729,IlfQFuzLzyE,IlfQFuzLzyE_ddAYTPfl484,Medium,0,3
2730,-jENx8xIP_E,-jENx8xIP_E_F3xywY2Ej0o,Hard,2,2
2731,4CrYL5atf1U,4CrYL5atf1U_kNqGKpAZYGY,Hard,1,0
2732,v0QXT4qDi8s,v0QXT4qDi8s_Z4azp2amePI,Medium,1,0
2733,bJUBFG2Rct0,bJUBFG2Rct0_1U3iEEDPhoQ,Hard,1,0
2734,KDqtU46yG3s,KDqtU46yG3s_BUrPCjJeED4,Easy,1,1
2735,3L1cePInKU8,3L1cePInKU8_7Utvk3qZIWE,Medium,0,3
2736,SrazFGFRnhM,SrazFGFRnhM_8_tUhMG_kFU,Medium,1,0
2737,npH0MJG2MUw,npH0MJG2MUw_LWinNoumLB4,Easy,1,0
2738,k052oj_iLYI,k052oj_iLYI_2MKxxgEao7M,Easy,1,0
2739,uCwXjnmIsMQ,uCwXjnmIsMQ_9ioyW_8o5IQ,Hard,1,0
2740,QOV-8IYm2Dg,QOV-8IYm2Dg_4CzlIF4Cc4A,Medium,0,3
2741,9nFla2uPakw,9nFla2uPakw_dq4yXcg50ds,Easy,1,1
2742,ebG469K0XEs,ebG469K0XEs_-icvfZjs9hc,Medium,1,0
2743,XSI7msES1OY,XSI7msES1OY_2Vx8e2QGSLU,Easy,1,1
2744,A2EUT6cDeSM,A2EUT6cDeSM_4tfBjGlJ-DY,Hard,0,1
2745,mTa-8DKrYeg,mTa-8DKrYeg_zHE2nGbbfvw,Medium,0,3
2746,JkIC5T61F1g,JkIC5T61F1g_nHaDCzifJJg,Medium,1,1
2747,PSk8O9qDFt4,PSk8O9qDFt4_2wSo5Dv-NBk,Medium,1,1
2748,d5WTrglkHKc,d5WTrglkHKc_2ELIdD_qpAQ,Medium,1,0
2749,zGEmF3Mj7dY,zGEmF3Mj7dY_mmr9I60GWnw,Easy,1,0
2750,voYJ59TzpcU,voYJ59TzpcU_QWfOQP2Tdq0,Hard,0,3
2751,jvSkPg14tno,jvSkPg14tno_IMIpkxQRlzU,Medium,0,3
2752,e0xBhYMJSs4,e0xBhYMJSs4_KCcP-txyPYc,Easy,1,0
2753,fsshIlOf2XE,fsshIlOf2XE_kWTNVWVjefw,Easy,1,0
2754,PMPwuuqAH1k,PMPwuuqAH1k_cTcJaA68Yo4,Hard,1,1
2755,6nITEItIsjg,6nITEItIsjg_jOe-RZwrX7g,Easy,2,2
2756,3ixXB4cBmrE,3ixXB4cBmrE_KUvy8KqKGUw,Easy,1,1
2757,xgQ-jZXCWqk,xgQ-jZXCWqk_1fY7Gw5_xwM,Medium,1,1
2758,EFl2TvqykxI,EFl2TvqykxI_AmAAhdN5gEE,Medium,0,3
2759,E5DjQrrhZNw,E5DjQrrhZNw_7YPWqjuM0M8,Easy,1,1
2760,4-WJ9lS8Iqc,4-WJ9lS8Iqc_LbK5r1k740U,Easy,1,0
2761,76qgAu9S9BU,76qgAu9S9BU_C78L_VlahCw,Easy,0,3
2762,ubGdJbMaZTw,ubGdJbMaZTw_Zbw8BtyLI-o,Hard,0,1
2763,rkJBbJVz4s0,rkJBbJVz4s0_Rq4ZA1eDBU0,Hard,1,0
2764,ULb23cdyzPg,ULb23cdyzPg_Vmr9BvDBqvc,Hard,1,0
2765,TALpuKgQdDQ,TALpuKgQdDQ_7rTA6PdP_7g,Medium,0,3
2766,ZpHSuxZrOT8,ZpHSuxZrOT8_xbZ_psjmpac,Hard,1,0
2767,EFjipfqjuoM,EFjipfqjuoM_UL9ELbDkJms,Easy,1,0
2768,X2NgsfT9DYo,X2NgsfT9DYo_759A-J5iVwY,Easy,1,0
2769,guwB1oxI3ko,guwB1oxI3ko_Qit1Ox1uOgY,Hard,2,2
2770,dcuJbj_X0kw,dcuJbj_X0kw_p21n2iGmd_s,Hard,0,3
2771,_RqZHNeX27g,_RqZHNeX27g_7Exf7LE_ef0,Easy,1,1
2772,JhZ3MAY1vF8,JhZ3MAY1vF8_HVnzLdSH7qU,Hard,1,1
2773,oA3UW4nqLME,oA3UW4nqLME_FgBycgTi8IA,Hard,0,3
2774,7oiddJriQJ4,7oiddJriQJ4_SrazFGFRnhM,Medium,1,0
2775,1veI2EPLqfA,1veI2EPLqfA_G41GOzlZEnM,Medium,1,0
2776,CiXCWyjBhgw,CiXCWyjBhgw_UKBNnOZraqQ,Easy,0,3
2777,5cPuIpFhIzw,5cPuIpFhIzw_fpb1iUph7P0,Easy,1,0
2778,bq8Ranh1JeU,bq8Ranh1JeU_aEME93eJVV8,Medium,1,1
2779,rcbw5gj9dXA,rcbw5gj9dXA_fQ0gt-HURWQ,Medium,0,3
2780,Cr0nj8DJmTk,Cr0nj8DJmTk_y0l8ek0mKso,Hard,2,2
2781,GYRL5aUSwtE,GYRL5aUSwtE_NW2yzLCnigM,Easy,1,0
2782,-aKGzt0_a5Q,-aKGzt0_a5Q_ZvoTcjkXVh4,Hard,0,3
2783,Y2vp5xKd0UA,Y2vp5xKd0UA_fGMHs1kETSU,Medium,0,3
2784,Wx8HdEPrcpM,Wx8HdEPrcpM_Ej0vVf8srbg,Easy,1,0
2785,SvJOrla0X58,SvJOrla0X58_g7cjOKz3PX0,Hard,1,1
2786,PTVlbhZBOqA,PTVlbhZBOqA_dz_0TGTKutg,Medium,0,3
2787,GSq_j0BNaLg,GSq_j0BNaLg_a6_f65k4mt4,Hard,0,0
2788,z9CFrMhAeCw,z9CFrMhAeCw_QYI7nanscRs,Easy,1,1
2789,OsOTysFc92M,OsOTysFc92M_Q1q_26itLmw,Hard,1,0
2790,wX4gPdBRRXM,wX4gPdBRRXM_uf12JRS6PNU,Medium,1,0
2791,1TsKHjopabI,1TsKHjopabI_ysAoCrCVndM,Easy,0,3
2792,qjciChu9gv8,qjciChu9gv8_OQebcFjn7-I,Medium,2,2
2793,xGAmCS1X2R8,xGAmCS1X2R8_LElefgViM2k,Hard,0,3
2794,y2qhuMYf568,y2qhuMYf568_A84hNilKxFM,Easy,0,3
2795,r99m7CpJP9E,r99m7CpJP9E_IvY3jmuYXQI,Medium,1,0
2796,eX-iftUNog4,eX-iftUNog4_JjE4zBFDIM4,Medium,1,0
2797,KmxDaOuMfqc,KmxDaOuMfqc_sero9EK_L8c,Medium,0,3
2798,sNyONVsPf8g,sNyONVsPf8g_0bB2faVoV48,Medium,0,3
2799,PwXJ0dOpQ_A,PwXJ0dOpQ_A_y5WyBbC9o5I,Easy,1,0
2800,A8T2x93Tg4I,A8T2x93Tg4I_nQk7RQg5p3k,Easy,2,2
2801,Z_y8d_5jZFM,Z_y8d_5jZFM_MEZCGzI8bxc,Hard,1,0
2802,qhOjq19O9nY,qhOjq19O9nY_yT0uCdAVLqE,Easy,1,1
2803,XxpbvpOm2Js,XxpbvpOm2Js_jaalmRggRTc,Medium,1,0
2804,9WLouLfAlJ4,9WLouLfAlJ4_bPkpFHYt9PI,Hard,0,3
2805,KbQ-NcbgUq8,KbQ-NcbgUq8_9w1ZQtEPBCk,Medium,1,0
2806,j_vVRUVJqRc,j_vVRUVJqRc_OJs5x36OhTM,Medium,1,1
2807,E-DKGlq98CI,E-DKGlq98CI_xhbRISxz3Ew,Hard,0,3
2808,JX3e-ZGqadc,JX3e-ZGqadc_-c_1948S2sA,Medium,1,1
2809,m0fLP-kix7E,m0fLP-kix7E_B__jJnyh6nM,Easy,1,1
2810,skX0XQPSph4,skX0XQPSph4_-AlOPHTv9j8,Medium,1,1
2811,92FUFtlzW4E,92FUFtlzW4E_r7VdA8sT5N8,Medium,0,3
2812,Y6OtapM7-jk,Y6OtapM7-jk_0toLmb5PFQw,Easy,1,1
2813,TFAyPoHmcBQ,TFAyPoHmcBQ_H_K1mi0EPdQ,Hard,2,0
2814,v6sqgvdZCMc,v6sqgvdZCMc_ZMMf2LYkN1Q,Medium,0,3
2815,z7R5S_wdTuY,z7R5S_wdTuY_HmO-dkg9vZs,Easy,1,1
2816,3thztCzVDZI,3thztCzVDZI_-4A3HhinSqw,Easy,0,3
2817,dvL1jLjjqPA,dvL1jLjjqPA_m4b8WAmmjRU,Easy,0,3
2818,YGzPFYmVIeU,YGzPFYmVIeU_7rTA6PdP_7g,Hard,0,3
2819,clwWCMWqqzk,clwWCMWqqzk__zUhqGT8TWg,Easy,1,0
2820,AqQbZcKQCnE,AqQbZcKQCnE_2pMAkj5w-fc,Hard,2,2
2821,V2czZv0c7zQ,V2czZv0c7zQ_gVHRNjQeT2U,Easy,0,3
2822,rCr1eoFRaYM,rCr1eoFRaYM_VHuKfcxDJcE,Hard,0,3
2823,rCX3a0QU89E,rCX3a0QU89E_9YPMftEqCfo,Easy,0,3
2824,t_eT8O-eHmM,t_eT8O-eHmM_xJI8S_X_fEo,Medium,1,1
2825,4fMfe5L87Ig,4fMfe5L87Ig_DL8A99W1e3g,Hard,1,0
2826,qhwRyKpE--o,qhwRyKpE--o_83_nJqaUKfI,Easy,1,0
2827,Bc2R4GRgDgo,Bc2R4GRgDgo_KjSks1ZBt_U,Easy,1,1
2828,_61HkSJ2uXQ,_61HkSJ2uXQ_6-Zvu-ge-os,Hard,1,0
2829,8MH2UlBykVY,8MH2UlBykVY_4WY6wpUcM3o,Medium,2,2
2830,eo6UcLqB-b0,eo6UcLqB-b0_dnKsmmFtKuY,Medium,0,0
2831,7yIMjCEtsUM,7yIMjCEtsUM_Ee58Gwa_lm4,Hard,2,0
2832,79X0VgEFXX8,79X0VgEFXX8_SBs0HA1wiSc,Easy,2,2
2833,7kqu3VjGwIc,7kqu3VjGwIc_8N4kllZBzH8,Easy,1,1
2834,5O5mdmyeeOs,5O5mdmyeeOs_NujXpZbhe2g,Easy,0,3
2835,ipqOvZ5AL-Q,ipqOvZ5AL-Q_UFFo-ULPnjs,Medium,0,3
2836,DmXe-w56mAo,DmXe-w56mAo_Ar4wHQxRUfE,Easy,1,0
2837,_F4teiYFTII,_F4teiYFTII_uMvOXGDQD3Y,Hard,2,2
2838,Nb2Dxb89NwI,Nb2Dxb89NwI_4F6vl0HL2J0,Easy,1,0
2839,TFvjOVFTrJQ,TFvjOVFTrJQ_2GCm4cqhJ1I,Hard,2,2
2840,eHbjTVpW9iI,eHbjTVpW9iI_SH8esP19qww,Hard,1,1
2841,TGA5fNpeDeM,TGA5fNpeDeM_ubX6uzSactU,Medium,1,1
2842,8DGkFYaSgJA,8DGkFYaSgJA_SOTSguAKVl8,Hard,2,2
2843,dHMGABu7oqw,dHMGABu7oqw__QlcGkz4Sf4,Easy,1,1
2844,bcCaA_ZtVmg,bcCaA_ZtVmg_L9KglWgjTh4,Medium,1,0
2845,gtcQMKoWM-g,gtcQMKoWM-g_-cc0hcP2CEs,Medium,1,0
2846,WZN2J2YUorc,WZN2J2YUorc_TZPFTNt6TP4,Hard,1,1
2847,d39mTOd1ezk,d39mTOd1ezk_jbHcICO-1o0,Easy,1,1
2848,L0SMhpzOZkI,L0SMhpzOZkI_Gn1FtkHV9No,Easy,1,1
2849,ghQ2zZXHrVU,ghQ2zZXHrVU_oMXRXkMNCu8,Easy,1,0
2850,ecIjuCuj0Fc,ecIjuCuj0Fc_N9m9huNTwpA,Medium,1,0
2851,Jh-v-5TmRnI,Jh-v-5TmRnI_HHLPpSa-v08,Medium,1,1
2852,qG6LT0-rbXw,qG6LT0-rbXw_MjAvrNX4JPo,Easy,1,0
2853,A67NcWbZAXQ,A67NcWbZAXQ_-pGZMbgel8U,Easy,0,3
2854,8d-VvqAQVBk,8d-VvqAQVBk_SRFVckj_K7M,Hard,2,2
2855,edQwgXzoy7c,edQwgXzoy7c_7Exf7LE_ef0,Medium,2,2
2856,vfDdCfPRAow,vfDdCfPRAow_BXiEvmNrREs,Medium,0,3
2857,lq2sqUYabI4,lq2sqUYabI4_SRvtoVyjKD8,Easy,2,0
2858,gvFY3ZKkGFk,gvFY3ZKkGFk_6uIXjRvYj0g,Easy,0,3
2859,R_LO6q8-ypw,R_LO6q8-ypw_7gtcc_X-gbw,Hard,1,0
2860,oAe_cr0IoHw,oAe_cr0IoHw_vd647xRjtxc,Hard,1,1
2861,uiotci6Ghqc,uiotci6Ghqc_6vYXC9OpIkw,Easy,0,3
2862,_wAEPrkyvO8,_wAEPrkyvO8_qTNBFKn623c,Medium,2,2
2863,UQPrfqlfKBE,UQPrfqlfKBE_0_-Z-XTjuMw,Easy,0,3
2864,pyG5VJvPtjk,pyG5VJvPtjk_nHsmSpjxXj8,Easy,0,3
2865,tTkfYIREqOQ,tTkfYIREqOQ_q91fHY2kKOw,Medium,1,1
2866,yIR6mhJNmjQ,yIR6mhJNmjQ_tex4GiVKdOo,Hard,0,3
2867,Pcn7TuWZu9s,Pcn7TuWZu9s_uCa_lJXrzAU,Hard,1,1
2868,BFDJUaUmhHQ,BFDJUaUmhHQ_FmMelAAjYOc,Easy,1,1
2869,5EMuWku-h_g,5EMuWku-h_g_RxoNVGdgyp0,Easy,1,0
2870,DLnUHffqfZ4,DLnUHffqfZ4_mZjkZ0U5UH8,Hard,0,3
2871,vvxcSnAYp-o,vvxcSnAYp-o_z6qSDWMW8KU,Medium,0,3
2872,U8qjHrMZBgU,U8qjHrMZBgU_AmiYWdCcNbs,Medium,0,3
2873,6hgME4fai9E,6hgME4fai9E_sRcBgdsKfTA,Medium,0,3
2874,60E-3dl8Dg4,60E-3dl8Dg4_fXWezCZjGTA,Easy,2,2
2875,fvbG9dOEJOw,fvbG9dOEJOw_hI-K4yMA6_g,Hard,0,3
2876,kMxn4GftRlI,kMxn4GftRlI_r9cLxTJqsss,Medium,2,2
2877,9UqrNGoKFWU,9UqrNGoKFWU_A0QfbztZ8A4,Medium,1,1
2878,eEWpFKtalhU,eEWpFKtalhU_5SI9vTR8b-w,Hard,0,0
2879,bufRATh4r8M,bufRATh4r8M_hx4ddeyyp60,Medium,2,2
2880,jFmg1Wy3wM0,jFmg1Wy3wM0_aSh4GySwHPQ,Medium,2,2
2881,4k_v_i_HsSk,4k_v_i_HsSk_i38n1e1QeJg,Easy,1,0
2882,1yNEohtQSW8,1yNEohtQSW8_OBsuZx3xPcQ,Hard,1,0
2883,hKbD5BmUsOI,hKbD5BmUsOI_DFZ_BkyMm_M,Medium,1,1
2884,SBZMf_lkVXk,SBZMf_lkVXk_3zB61IdcmZg,Medium,0,1
2885,nJdquRq4HBM,nJdquRq4HBM_h8hubDZEbWk,Hard,2,2
2886,38xMzLI6hbQ,38xMzLI6hbQ_5qCXUeMFZfc,Hard,1,0
2887,xPDhMcPUBh4,xPDhMcPUBh4_4DUqH-97Z90,Easy,1,0
2888,KKGINjaYnrA,KKGINjaYnrA_D5WvUkxhels,Medium,1,1
2889,lfzBEqQTNT8,lfzBEqQTNT8_a1_I0dYcqos,Hard,0,3
2890,gk1Cj2RCWVQ,gk1Cj2RCWVQ_95dWbTAa5wc,Hard,0,0
2891,9bAOcB4ZbTg,9bAOcB4ZbTg_8qdWcPvlucE,Hard,2,2
2892,uGQeiKxdlNg,uGQeiKxdlNg_ne31Y_fQLpo,Easy,0,3
2893,mYtUUbZsMTA,mYtUUbZsMTA_KJvcVA2I_ZI,Medium,1,1
2894,Z2SvpdYAPMs,Z2SvpdYAPMs_EbGZDf56DbI,Easy,1,0
2895,gPLxGOTblaw,gPLxGOTblaw_twFZ6kivB3M,Easy,2,2
2896,j-2iakRCM3E,j-2iakRCM3E_wv7vo8dz4hg,Medium,1,1
2897,51UTOkFidXQ,51UTOkFidXQ_OdEiMr-oOIs,Medium,1,1
2898,A1JoalHgzxA,A1JoalHgzxA__BfdWPh2vKY,Medium,1,1
2899,nkOkWXH07TA,nkOkWXH07TA_oKszbXB3aSg,Medium,1,1
2900,djAQvpjUVBc,djAQvpjUVBc_P93fmJU1Jog,Medium,1,1
2901,BIPpB1NKLLQ,BIPpB1NKLLQ_M_C0pTDwM_0,Easy,1,1
2902,3zKGa0MJHYI,3zKGa0MJHYI_OzMkw_MwaYQ,Easy,0,0
2903,Oe9Iu250dME,Oe9Iu250dME__pKyTpYoWbU,Easy,1,0
2904,Frzmr6qR6P0,Frzmr6qR6P0_a-qlcCbQfE0,Hard,1,0
2905,0Tqfdp26bGQ,0Tqfdp26bGQ__mG_Bz1vzlA,Easy,1,0
2906,UHoWsIdccT4,UHoWsIdccT4_ELLB8z5YfdY,Medium,0,3
2907,toNy7VhxPk4,toNy7VhxPk4_NCbJoj1jQIo,Easy,0,0
2908,LzU-Jv9sX_g,LzU-Jv9sX_g_ZbZMlfZKauc,Hard,2,2
2909,YhL9j-eJpn0,YhL9j-eJpn0_msD4K4NQNPA,Hard,1,1
2910,0Ol9LvK9qk8,0Ol9LvK9qk8_EmEkO99YXYs,Medium,0,3
2911,BmpdUWahVS4,BmpdUWahVS4_Qls8bssB02E,Easy,2,2
2912,1Qstif2QOHs,1Qstif2QOHs_iaPcrZszuFE,Hard,1,0
2913,9ggOoq7lUR4,9ggOoq7lUR4_sJUY-aFWWUE,Medium,1,1
2914,FtD7zrjP0tE,FtD7zrjP0tE_HPBym9EHYuw,Easy,0,0
2915,NCi2-FoIVX8,NCi2-FoIVX8_hIJs-H-WWzY,Medium,0,3
2916,p8vE33o7u5U,p8vE33o7u5U_kjDXxCA6DUA,Easy,0,3
2917,BbcKm_6TMUU,BbcKm_6TMUU_p8ToC-DK6Qw,Medium,0,3
2918,CyRoA3BqPr4,CyRoA3BqPr4_4oh_GY-wdxc,Hard,1,1
2919,Pp9lXzrO5PM,Pp9lXzrO5PM_dHeuU5XnbgU,Hard,1,1
2920,-GfOXwTKEug,-GfOXwTKEug_h_1_WZ9rP1U,Hard,1,1
2921,u_zXJNChISs,u_zXJNChISs_A_f5bbd7TaI,Medium,1,1
2922,DHG1koiK-yA,DHG1koiK-yA_g3-8-UnW8LY,Medium,1,0
2923,UqYNW9Kkbk0,UqYNW9Kkbk0_jcBbSXLVgck,Medium,1,1
2924,LTawITDjIcQ,LTawITDjIcQ_b2cPp6K9jmA,Medium,0,0
2925,JmSUMQhtUiA,JmSUMQhtUiA_QrCDf4-vT_M,Easy,1,0
2926,t_DEpHCTR6k,t_DEpHCTR6k_Ar5KROYxrI4,Hard,0,3
2927,J001cnrWvdI,J001cnrWvdI_lU9ugmubVNs,Hard,0,3
2928,qX2Ic5TQ9t4,qX2Ic5TQ9t4_j0Y3pmhGVg0,Hard,0,3
2929,5XMFeDYR89U,5XMFeDYR89U_BZIKnN6W3EE,Medium,2,2
2930,IqIpF-HmW7E,IqIpF-HmW7E__U67XdZrKF4,Easy,0,3
2931,rSZuz0OWYRE,rSZuz0OWYRE_auFqMaMuIgo,Hard,1,1
2932,BD8jPQ8tn4s,BD8jPQ8tn4s_FN1OR1aa2cM,Easy,1,0
2933,MWs87doH3gQ,MWs87doH3gQ_P8WFui_92-s,Easy,1,1
2934,VRmavCdInMI,VRmavCdInMI_12WBWg1BAmU,Hard,0,3
2935,3nXCYSDR-dk,3nXCYSDR-dk_AsUfbtWZhwk,Hard,2,2
2936,103M8fj_EiM,103M8fj_EiM_BbG-B-yl_b0,Hard,0,3
2937,uhHy_GgPoRE,uhHy_GgPoRE_zMqmLjgskt0,Easy,1,0
2938,JTCq0ldtVjw,JTCq0ldtVjw_HJRbUkO_wRs,Hard,2,2
2939,7oBsKMaqWhs,7oBsKMaqWhs_sMU8LDeP55U,Medium,0,3
2940,h0xVAy90Qkk,h0xVAy90Qkk_NBjVF8QLBdw,Hard,2,2
2941,Aprs-GUKAfo,Aprs-GUKAfo_stnMhRCmwdM,Hard,1,1
2942,HPooTuOTgns,HPooTuOTgns_ARAM7tNbSQk,Easy,1,0
2943,Pi-_UdpWpAA,Pi-_UdpWpAA_ebukzbZF4ik,Easy,2,2
2944,bZekJ_L_l1M,bZekJ_L_l1M_EXy_-Fgr6Tc,Easy,1,1
2945,4jCp0xQWIIQ,4jCp0xQWIIQ_B6t0Eo6oyj0,Easy,0,0
2946,Yk-9L_aoIrw,Yk-9L_aoIrw_zv4JkeT5GSE,Hard,1,1
2947,p_aBSzxZVXE,p_aBSzxZVXE_OzMkw_MwaYQ,Hard,1,1
2948,ZZckdFWXTcI,ZZckdFWXTcI_JvxFGKAKUZc,Medium,2,2
2949,8e6yxKapgnw,8e6yxKapgnw_Pz8myfRelGM,Easy,0,3
2950,Z66iQaUTALo,Z66iQaUTALo_kesP6Prbt94,Hard,1,1
2951,Lnwg0mr3GoI,Lnwg0mr3GoI_HAdqvF9zwkQ,Easy,1,0
2952,g2x3-nKeuxE,g2x3-nKeuxE_Nu-AGVH1nVI,Medium,0,3
2953,fuevJHxrdos,fuevJHxrdos_EioEpX7wrDg,Hard,2,2
2954,Ju-YFzTqQWM,Ju-YFzTqQWM_077mtW-I23g,Medium,1,0
2955,Zt12LS31E5w,Zt12LS31E5w_CVsEHL8daYA,Hard,0,3
2956,27OVVcR_m9c,27OVVcR_m9c_Zj2uyLZ7ra0,Medium,1,1
2957,Q2a64gPDCTk,Q2a64gPDCTk_QTG6Xv9i54k,Hard,2,2
2958,cViUURytFYk,cViUURytFYk_G__GL1Basyk,Easy,1,1
2959,xSv5sFcGYnA,xSv5sFcGYnA_ZYrrL2bw_HI,Hard,1,0
2960,kH29AJVyqmI,kH29AJVyqmI_Q7YvrkAeqCM,Hard,1,1
2961,8c3Z-58ZjLI,8c3Z-58ZjLI_TgiowjN7lyA,Easy,2,2
2962,d9xR6TSrO1k,d9xR6TSrO1k_i5wVu7g4k1s,Hard,0,3
2963,Dz8CMP3K-s4,Dz8CMP3K-s4_-y-Jyc_NF8o,Medium,0,3
2964,tf8hXhL2bEY,tf8hXhL2bEY_CbK2dMJag04,Medium,1,1
2965,dZYp3u7D9ak,dZYp3u7D9ak_Ot2zF0yR2pM,Hard,2,2
2966,p8n1hXOQohA,p8n1hXOQohA_brH8oZnZXII,Medium,1,1
2967,Zvx7EKYWLkc,Zvx7EKYWLkc_HpoiLEBpU6s,Medium,1,0
2968,guuoq0PeTps,guuoq0PeTps_M8CjkxFebr0,Hard,0,1
2969,aflxozcmwtU,aflxozcmwtU_b6QHZR2GO3c,Medium,0,0
2970,C8b_dEZoHEo,C8b_dEZoHEo_HbFdydIscgw,Hard,0,3
2971,ot5VYYnVWAM,ot5VYYnVWAM_qIv18Qph1T8,Easy,1,1
2972,LfYYB057fe0,LfYYB057fe0_9P73PAWaHTg,Medium,0,3
2973,8QcNCd2P5y8,8QcNCd2P5y8_pAA-jCiAghk,Hard,2,2
2974,AG8idq23KVM,AG8idq23KVM_Vwuw0i1w7qk,Medium,1,1
2975,kcDd_BdfbSM,kcDd_BdfbSM_duahw2OTL3M,Easy,0,0
2976,STggGJ_rOww,STggGJ_rOww_XT9WcfxsOaI,Easy,0,3
2977,2YcUD_9LXAo,2YcUD_9LXAo_Gc8icdeqWI4,Easy,1,1
2978,3KbdvQ7xHfU,3KbdvQ7xHfU_m5saERQUZCI,Hard,0,3
2979,CWHAWUyY01k,CWHAWUyY01k_YuQKP7o77ss,Medium,0,3
2980,AJr1LjQVmKM,AJr1LjQVmKM_2KVJqoZDdus,Easy,1,0
2981,cWrrXnDmoig,cWrrXnDmoig_0SlMlXaC1FU,Hard,2,2
2982,SFVFLUjgpmo,SFVFLUjgpmo_79j_xMeH-Y8,Hard,2,2
2983,huxmiDbBYDI,huxmiDbBYDI_EhtwVv7rl_0,Medium,0,3
2984,5-b-rpVPJvs,5-b-rpVPJvs_OzMkw_MwaYQ,Hard,0,3
2985,KJ862l_nrmc,KJ862l_nrmc_HWfybJ9w_Bg,Hard,1,1
2986,wvviGAAWeBM,wvviGAAWeBM_72l6SE6LkOo,Medium,0,3
2987,Umikfafqytg,Umikfafqytg_7Wo_PPYeGwk,Easy,2,2
2988,rBYAJdsah2k,rBYAJdsah2k_aSh4GySwHPQ,Hard,2,2
2989,xqf3b4BJoSY,xqf3b4BJoSY_snmIy6pOv4Q,Hard,2,2
2990,1M3BeW8VdGg,1M3BeW8VdGg_cXnE9uK10iM,Medium,1,1
2991,iZpM0Weq5P0,iZpM0Weq5P0_P6WEOFJwtKI,Medium,0,3
2992,LZ8PPrf2DYk,LZ8PPrf2DYk_AkI6bCEHoSQ,Easy,1,0
2993,9XUMtq2ducg,9XUMtq2ducg_Mi24tLiQ804,Medium,1,0
2994,Zz1xM5Tr0MU,Zz1xM5Tr0MU_H924170ncj0,Medium,0,3
2995,_wry5dSJmrE,_wry5dSJmrE_Oj0gRsyxf8U,Medium,0,3
2996,tOrRFz7C8VE,tOrRFz7C8VE_X2WfC9MPonA,Hard,0,3
2997,OLw8mQKSKeo,OLw8mQKSKeo_KBlqtNddmcg,Hard,0,0
2998,ZgzDiyFVSo8,ZgzDiyFVSo8_vjof6hkBUrg,Hard,0,3
2999,h1LgaV-dyEs,h1LgaV-dyEs_8Asr_yFYNUk,Hard,2,2
3000,AzDgSWAdkSM,AzDgSWAdkSM_-8XLG-7Z4l4,Hard,1,0
3001,onFCUDAApLw,onFCUDAApLw_XQrDJZgaOrw,Medium,1,0
3002,OZIzFPyEcCs,OZIzFPyEcCs_O2KwyI-2BsM,Easy,1,0
3003,0J808gIog1o,0J808gIog1o_PoJFn_RIdkg,Medium,1,1
3004,bF6obMkdwAQ,bF6obMkdwAQ_G7yeLXpCqzs,Easy,1,1
3005,7fJDwJVu1ic,7fJDwJVu1ic_DhmltD_VD6Y,Easy,0,3
3006,ZQDb7rsr6v8,ZQDb7rsr6v8_s2vBXMSSrLE,Medium,0,3
3007,qmePLj0ic80,qmePLj0ic80_NZxqO9UwF9A,Medium,1,0
3008,bVjxZzX41vc,bVjxZzX41vc_sZiHGF8lbCc,Medium,0,3
3009,KjbZsmqRHBw,KjbZsmqRHBw_al2m-IPmf5o,Medium,1,1
3010,CbZZPKj30FU,CbZZPKj30FU__pKyTpYoWbU,Medium,1,1
3011,6BV37Dcxj9s,6BV37Dcxj9s_yszZRkMyB48,Easy,1,0
3012,iI8bFrNN2R8,iI8bFrNN2R8_i97ixhuTchs,Easy,1,1
3013,AAAj-eLW_ow,AAAj-eLW_ow_--GXulx19TI,Easy,1,1
3014,WXkI3fBdNMw,WXkI3fBdNMw_K2BTcjwIg1Q,Hard,1,1
3015,RafrGEPAiQg,RafrGEPAiQg_9VsDZikDkKI,Medium,2,2
3016,jZ19wizYFZk,jZ19wizYFZk_5sF6asrykf0,Medium,2,2
3017,NoJI2_spzXU,NoJI2_spzXU_Ivn-f_i7MH8,Medium,2,2
3018,EwTNO1fY5bw,EwTNO1fY5bw_UP8RFHRdkKk,Hard,0,3
3019,POl5wQV_tSk,POl5wQV_tSk_8oYCnXqs_LQ,Medium,0,3
3020,lV9eDbhD0-g,lV9eDbhD0-g_nc7KPKL0agU,Medium,1,1
3021,oCV9U-tP7Iw,oCV9U-tP7Iw_Pl2pBVt4mh0,Easy,0,3
3022,ZQzOA_YU5zc,ZQzOA_YU5zc_UmBiLFFCJH8,Medium,0,3
3023,p3ydbSYLUV4,p3ydbSYLUV4_hWNO8C08Uog,Hard,1,0
3024,BpGN4n_ronE,BpGN4n_ronE_CPo4dxdz3GU,Easy,1,0
3025,IP4V3TTC3fw,IP4V3TTC3fw_0ZnZYr3oADU,Easy,0,3
3026,G-iIW88-bKA,G-iIW88-bKA_84I7aZnrgNM,Easy,2,1
3027,dDbubLimnyw,dDbubLimnyw_N-9FBmY_oAg,Hard,0,3
3028,Uev5jN7adhQ,Uev5jN7adhQ_ZweDmiLrMVs,Hard,2,2
3029,RaQYj2MJRwI,RaQYj2MJRwI_sFQ647JCX2I,Medium,0,3
3030,7dfx1xqgGMc,7dfx1xqgGMc_Vs_1IMX3GLE,Medium,1,0
3031,BkUMkc-lwoI,BkUMkc-lwoI_5yZLCp8DciE,Medium,1,0
3032,ZKV1Em1DaNI,ZKV1Em1DaNI_RZ4Rx_WqH4Y,Easy,1,1
3033,svIgqPSYu34,svIgqPSYu34_s0ceuhEo5lY,Hard,2,2
3034,2B0T4JHGjlA,2B0T4JHGjlA_n-qJdZzswic,Easy,1,1
3035,febb9u5RgV0,febb9u5RgV0_KO2-4gWkJ6Q,Hard,0,3
3036,SurQ-ycGToo,SurQ-ycGToo_-cuNHkELpzI,Hard,1,1
3037,2ll2iaERqyI,2ll2iaERqyI_6wA_aKJABVc,Medium,1,0
3038,ybBmbi7Twz4,ybBmbi7Twz4_5KMORmZGYRc,Medium,0,0
3039,8QO392ASmlk,8QO392ASmlk_38_Z_a4YusA,Medium,1,1
3040,yg5inKMW3vM,yg5inKMW3vM_ayEEs3Mq8zs,Hard,1,0
3041,CF52y8HMsb0,CF52y8HMsb0_1ZYWXUiO55k,Easy,1,1
3042,NCbJoj1jQIo,NCbJoj1jQIo_5jDrMfsHbUE,Easy,1,0
3043,xyylDOfXeqY,xyylDOfXeqY_B7l_JtBYsW8,Medium,1,1
3044,HRceArdUqAA,HRceArdUqAA_3fC0jqI3Btk,Hard,0,0
3045,K4DC3hMYydE,K4DC3hMYydE_tJGzC7A2xlQ,Hard,0,3
3046,YAdxK-B366M,YAdxK-B366M_rzUdJIPS3ho,Hard,0,3
3047,voVeOGOSZTw,voVeOGOSZTw_H4ifSrE8iSg,Easy,1,1
3048,LAzK2fmfNoU,LAzK2fmfNoU_M5qG-NBjRck,Medium,1,0
3049,QfyDjCo3sQ8,QfyDjCo3sQ8_ZsAt-HXUwwg,Easy,1,0
3050,l-ZI6mcynGo,l-ZI6mcynGo_blUL3GkvTUA,Easy,0,3
3051,vkdfNaO390k,vkdfNaO390k_9axN8ZMq0qA,Hard,2,2
3052,3fFKAJXuLEM,3fFKAJXuLEM_emMlEvTKAN8,Hard,0,3
3053,z87lQDLsrKM,z87lQDLsrKM_xD7KMQPhLhc,Medium,0,3
3054,-m4KlB_z5mY,-m4KlB_z5mY_q8aDyKHZLQ8,Hard,2,2
3055,PaRTwvsFXVo,PaRTwvsFXVo_q39BJR1w_xU,Medium,1,0
3056,bMoo5qr18yk,bMoo5qr18yk_sVXpaMZwGsc,Medium,0,3
3057,140vo8S9v5o,140vo8S9v5o_ocHPVTQQOII,Easy,1,0
3058,Rb23pgjfDmw,Rb23pgjfDmw_dYYvCbmmG-A,Easy,1,1
3059,ReWzeILttoY,ReWzeILttoY_UKzkpkHNeN0,Medium,1,1
3060,sT-gDLjJyq8,sT-gDLjJyq8_q3QeMpyqV6c,Easy,1,1
3061,YlZ11zAFpCo,YlZ11zAFpCo_pFsobtf37LE,Hard,0,3
3062,s9ruvfWLLL0,s9ruvfWLLL0_DNBA0U3ctRQ,Easy,1,1
3063,_yZLoQI4-SE,_yZLoQI4-SE_Al4k84ewiqg,Medium,0,3
3064,Luu_OA_9GQ0,Luu_OA_9GQ0_Tti8xTe_Vag,Hard,1,1
3065,9LUh9X3FeyI,9LUh9X3FeyI_lABnikALUnU,Hard,0,3
3066,jg8KK7R_xTc,jg8KK7R_xTc_9HaGkgmXBYE,Medium,1,0
3067,aIrsqFaRx5A,aIrsqFaRx5A__KDGWvAGFKg,Easy,0,1
3068,IGAr3Rn4BYE,IGAr3Rn4BYE_6jaYw_6IbxU,Easy,1,0
3069,SEkQVrztOVs,SEkQVrztOVs_yorLPuUMPYU,Easy,1,0
3070,hDs5oD-7it0,hDs5oD-7it0_EeA2an52pDw,Hard,1,0
3071,N9-jx68UyUg,N9-jx68UyUg_CHhu-Ag2Le4,Easy,0,3
3072,e2Vdj2HQ9UM,e2Vdj2HQ9UM_QcmsHG7K3rQ,Medium,0,3
3073,Rxcz64VOOtc,Rxcz64VOOtc_-qerEheEr5E,Easy,0,3
3074,tgq_clbL9nA,tgq_clbL9nA_Zk_hyiwKSWk,Easy,0,3
3075,XVp4RI_5INE,XVp4RI_5INE_8QpD1wriH5A,Hard,2,1
3076,fkUr4M9QUqo,fkUr4M9QUqo_qlKQup9K8KU,Easy,2,2
3077,62HwbZWOPac,62HwbZWOPac_gp4p_uhb34g,Hard,2,0
3078,EIy0RiZq87s,EIy0RiZq87s_Y5Uh2yuzhgo,Medium,1,1
3079,pmS02POSG3Y,pmS02POSG3Y_yQTJIlZ795Y,Easy,1,1
3080,Qr1B0y9rlWU,Qr1B0y9rlWU_YxgosqKBBRA,Medium,1,1
3081,i0600BjFU0s,i0600BjFU0s_mYKWya_Uctk,Easy,0,3
3082,-tIZhqLk6uQ,-tIZhqLk6uQ_zA0wbhon7ZY,Easy,1,0
3083,Ndf-Rqm85eY,Ndf-Rqm85eY_dkjl0oloZMA,Hard,0,3
3084,hUFoiNVF4Fw,hUFoiNVF4Fw_D3cxKUIweJE,Hard,0,3
3085,NW6PfSp6ZWc,NW6PfSp6ZWc_bjDozn8HODg,Medium,2,2
3086,hcQsRYEArkc,hcQsRYEArkc_ij_OHTk7U3A,Medium,1,1
3087,LOVD-jHarSU,LOVD-jHarSU_RonWiL9-i-4,Hard,2,2
3088,CpkefrpjjLM,CpkefrpjjLM_uCBs25sSMPQ,Hard,1,1
3089,tGI21NWo8Ng,tGI21NWo8Ng_m397TriBDro,Hard,0,3
3090,l5dEFjlKfDc,l5dEFjlKfDc_LajL1tEkaUU,Medium,0,0
3091,MFpeDDJVnzE,MFpeDDJVnzE_eF5tyM_4WKc,Easy,1,1
3092,xrv5jX0T1pI,xrv5jX0T1pI_plkSh4zBlZc,Hard,1,1
3093,zgHH2uPRJn8,zgHH2uPRJn8_s5kKJubtt4M,Easy,0,3
3094,w_TlhlzrpTs,w_TlhlzrpTs_6sbXqAdkiFM,Hard,2,2
3095,6WsTe7xVC7Y,6WsTe7xVC7Y_rxe0MCRb74M,Easy,1,1
3096,FwtgCsDX54k,FwtgCsDX54k_QnQjqP2XIHs,Easy,0,3
3097,FS51Fk2HxCc,FS51Fk2HxCc_r3rOohwlkso,Hard,2,0
3098,GQoKEZHJxYc,GQoKEZHJxYc_EgWoRBjclAo,Hard,0,3
3099,zUwmJd2CnEw,zUwmJd2CnEw_Ms2nVNxjpwc,Medium,1,0
3100,ctV_gOIUicI,ctV_gOIUicI_EmEkO99YXYs,Medium,1,0
3101,oFYc8RlHujQ,oFYc8RlHujQ_dtcU6kCYuWw,Hard,0,3
3102,M_kAbIWxjAs,M_kAbIWxjAs_p1BOQ3dCA88,Medium,0,3
3103,D43j2xYgffs,D43j2xYgffs_oMfeQy6gPrs,Hard,2,2
3104,egxYJiqmPb4,egxYJiqmPb4_8Vpq9vgP1BU,Medium,0,0
3105,_IVW9vFbWAI,_IVW9vFbWAI_EfAr9DgMB9g,Hard,0,3
3106,Yifg3RyrEso,Yifg3RyrEso_VhieV6GXfNY,Medium,0,3
3107,RRr3lzg2PQ0,RRr3lzg2PQ0_3S1klWZTv4M,Easy,1,1
3108,4JuPAiG7mgE,4JuPAiG7mgE_oV3Ayiv-tII,Easy,0,1
3109,ULYRu3_pxFY,ULYRu3_pxFY_nH9ZIadHf-M,Easy,1,0
3110,3O9UYRjG0T0,3O9UYRjG0T0_-LQRCQMNA7I,Easy,1,1
3111,1kTUXxlv25M,1kTUXxlv25M_h-1LwsEfMno,Easy,1,1
3112,RzTTZvGXAz0,RzTTZvGXAz0_F9VLy7zaJX4,Easy,0,3
3113,F6GVhVnsdEM,F6GVhVnsdEM_EhtwVv7rl_0,Hard,0,3
3114,fwKgjWRnjnE,fwKgjWRnjnE_4SPf0KWRqF8,Medium,2,2
3115,8l--r7YnQq0,8l--r7YnQq0_ElcnRXJNzjs,Medium,1,0
3116,8ZmUhtZRfuk,8ZmUhtZRfuk_Gf33snrWzOs,Medium,0,3
3117,f0PBWTa99oc,f0PBWTa99oc_L0Mm3spEB5U,Hard,1,1
3118,7fZuFHRbPaQ,7fZuFHRbPaQ_yZiNW88ckcA,Medium,1,0
3119,KvJzcros4a0,KvJzcros4a0_tex4GiVKdOo,Easy,2,2
3120,QpHqXtHyhdI,QpHqXtHyhdI_X3elYVehS4w,Hard,0,3
3121,yyM7brxTe6E,yyM7brxTe6E_JaBKUH59Zwo,Medium,1,1
3122,LfT9gxsTmHU,LfT9gxsTmHU_j5GZlhOgS6g,Hard,0,3
3123,5WH7ZFVD6ak,5WH7ZFVD6ak_Dv55aNgbcx0,Medium,1,1
3124,xdwo0qAJJEU,xdwo0qAJJEU_MYNGHY7gBv4,Easy,1,0
3125,2QyyCg8GYQE,2QyyCg8GYQE_tl_4Jx7umvs,Easy,0,3
3126,pDwBFbI3j8k,pDwBFbI3j8k_Uy_BogBCpp8,Medium,0,3
3127,k8GFIr6PYzY,k8GFIr6PYzY_sjEp3fF3KeU,Medium,0,3
3128,yYaCWRlQG3o,yYaCWRlQG3o_gBVvMQ6EpZk,Easy,1,1
3129,TcfxyMRLVRg,TcfxyMRLVRg_U9CmRdMAtIc,Hard,1,0
3130,_q7_gkJ_jmg,_q7_gkJ_jmg_oSp6KZ5hQ7g,Medium,0,3
3131,oUCFfAZZr8A,oUCFfAZZr8A_4a82S2pvLT8,Hard,1,1
3132,UqdIVFTosjQ,UqdIVFTosjQ_axrlQz58DhI,Easy,1,1
3133,6eNbrisKylc,6eNbrisKylc_37VrdOlSZgQ,Hard,1,1
3134,bW36U4Wvweg,bW36U4Wvweg_t0ouQ4KzH7s,Medium,1,1
3135,yCDcZ9UtIWg,yCDcZ9UtIWg_Hl-pSwEXlFw,Easy,0,3
3136,WWhH7Gx1rHc,WWhH7Gx1rHc_-wpVqH-qilI,Hard,1,1
3137,OcDAbgZAh1Q,OcDAbgZAh1Q_0AE50wfZttI,Hard,1,1
3138,iPW_vr330o0,iPW_vr330o0_ZHSa-Twerck,Medium,1,1
3139,68ak49vz7IQ,68ak49vz7IQ_PE8bT2ZmolM,Medium,1,1
3140,DyA293uNjgE,DyA293uNjgE_oDOZtfdWGZg,Medium,2,0
3141,chPCK7Jql1o,chPCK7Jql1o_7ZDGlIiae2c,Medium,0,3
3142,CvvwtuDLLow,CvvwtuDLLow_elh76hKiO5g,Hard,2,2
3143,0RKuhcZd8dw,0RKuhcZd8dw_E27DLrxGy9E,Medium,0,3
3144,hEJ241UiIRg,hEJ241UiIRg_AyqcK2_nkms,Hard,0,3
3145,njXXgDCoxVQ,njXXgDCoxVQ_dSC6de4xzNg,Medium,0,1
3146,8g5PF0v8nHM,8g5PF0v8nHM_9d2DowII5yg,Medium,0,3
3147,fbOaPF-d3kA,fbOaPF-d3kA_PGOopALCKY0,Medium,0,3
3148,8k95yu_p4UI,8k95yu_p4UI_bPkpFHYt9PI,Hard,0,3
3149,VHiUB0vadL8,VHiUB0vadL8_QUfDqaG3frM,Hard,0,0
3150,twJLaqIcFPs,twJLaqIcFPs_UKtUZIE0RNc,Hard,2,2
3151,lY9Cx2aCOOE,lY9Cx2aCOOE__5R-_N1pELg,Hard,1,0
3152,BFc_seL3yls,BFc_seL3yls_HT0tI4LxVOQ,Easy,1,1
3153,2XNhVsZBGcQ,2XNhVsZBGcQ_iKhwwaC-8IE,Hard,1,1
3154,ksigXDxvuhE,ksigXDxvuhE_SMGnusHxd0Q,Hard,2,2
3155,Dj-_T1XSRJU,Dj-_T1XSRJU_nN6ZS6xkI2U,Hard,0,3
3156,aS8dhLOiq48,aS8dhLOiq48_3hO82SFWH0E,Hard,2,2
3157,_xrwL-Jvcec,_xrwL-Jvcec_sero9EK_L8c,Hard,0,3
3158,zq3QctrLZr0,zq3QctrLZr0_Gs5NTHYNzEA,Easy,2,2
3159,TmWd20_qYd4,TmWd20_qYd4_aPx3pMOPCNg,Medium,0,3
3160,3AfKMyLHcGY,3AfKMyLHcGY_ipCOtu2366Y,Medium,0,0
3161,clnnaVePGEU,clnnaVePGEU_nOnAmcdeydA,Easy,1,1
3162,LXnSNDpVDNY,LXnSNDpVDNY_V73sj2V_lkg,Easy,0,3
3163,a7h2wKWSFEk,a7h2wKWSFEk_1jXug5XEQFk,Hard,0,3
3164,s9-77QA7_Iw,s9-77QA7_Iw_OkZ_nlWCHm0,Hard,2,0
3165,M3vm6OHX01s,M3vm6OHX01s_Bt2ha5B3X3c,Medium,0,3
3166,HHF3CcN-ga4,HHF3CcN-ga4_n56ZQ13knIk,Hard,2,2
3167,U74wIa28C8M,U74wIa28C8M_auFqMaMuIgo,Hard,2,2
3168,h4jyESSZwKs,h4jyESSZwKs_DXY-cd0maik,Easy,1,1
3169,_ZC1yfRwRoo,_ZC1yfRwRoo_CouJ-9i3W5k,Medium,1,0
3170,pT9lqqvBsdo,pT9lqqvBsdo_iF7HM0jzDP8,Easy,2,2
3171,qJfeZajmS74,qJfeZajmS74_I4_J_uVzK6c,Medium,1,0
3172,VKGyOEU7xz8,VKGyOEU7xz8_QZuatlISbew,Medium,0,3
3173,XS20_kaQraI,XS20_kaQraI_snmIy6pOv4Q,Hard,2,2
3174,jmY_xJlhYu8,jmY_xJlhYu8_bt1fRaAfjP4,Medium,2,2
3175,ozzo8RbYuuY,ozzo8RbYuuY_oQwiZkJIJyM,Hard,0,3
3176,gEf4MaTeMmg,gEf4MaTeMmg_LSG76W772zE,Medium,0,3
3177,DNEFkg8B2oM,DNEFkg8B2oM_aV0S_PRVTg0,Hard,2,1
3178,kJ4Xhvb8txE,kJ4Xhvb8txE_6-7j-OFxtPE,Easy,1,1
3179,sxVDUE3D8_4,sxVDUE3D8_4_U30guyXyC2Y,Medium,2,0
3180,tco0u2w8408,tco0u2w8408__q05TPzkQ_k,Medium,1,0
3181,Ru-JFYbKjX4,Ru-JFYbKjX4_Nk9pahaXHGo,Easy,1,1
3182,QLwMhUlqOyo,QLwMhUlqOyo_REbvxn73NvU,Easy,0,1
3183,-Er1qT85BhQ,-Er1qT85BhQ_mab0uG3QNB4,Hard,1,1
3184,Or5KHoI8prg,Or5KHoI8prg_ilgcj8jVaX8,Medium,1,0
3185,m2b1lJvwQJI,m2b1lJvwQJI_KZdj3M3z29Y,Hard,0,3
3186,WxDl9k4Hm1k,WxDl9k4Hm1k_FeJQLJO7pE4,Hard,2,2
3187,dAFCyU_iMx4,dAFCyU_iMx4__Reka1uV_cI,Medium,0,3
3188,PjzcNULiXyE,PjzcNULiXyE_b73W2tNONE8,Hard,0,3
3189,5drQon7n6CA,5drQon7n6CA__pMJuOnlcoc,Medium,1,0
3190,CDS_UakC-vE,CDS_UakC-vE_TRKwcvybqwk,Medium,0,3
3191,m5nR1rFLzjk,m5nR1rFLzjk_c9vjvGRbWXc,Medium,1,1
3192,v0ea4tJ2v5I,v0ea4tJ2v5I_8XId913QoKM,Hard,0,3
3193,HUAlt5C6-YQ,HUAlt5C6-YQ_puo8yiTG55Q,Hard,2,2
3194,aBUnGEpvgTA,aBUnGEpvgTA_21ytsnFSKKU,Hard,2,2
3195,CyMuiJCgDc0,CyMuiJCgDc0_B-CbkG_lz1U,Easy,0,3
3196,qFY_CcqGbBE,qFY_CcqGbBE_CFJLhA0TDno,Medium,1,1
3197,hDeRsTT3NKU,hDeRsTT3NKU_DUqGNZ2n6No,Hard,1,1
3198,MXcBcsAobXc,MXcBcsAobXc_3MVAF5vrSMU,Medium,0,3
3199,idO0X5at-dE,idO0X5at-dE_TqBT01VlUk4,Hard,0,3
3200,jc7OnK3DsLY,jc7OnK3DsLY_ulb02LJthr4,Hard,2,2
3201,dDagOxpHykM,dDagOxpHykM_iDJLdywH_Xs,Hard,2,2
3202,PUT8rizRR0Q,PUT8rizRR0Q_EDiAokMG7C8,Hard,0,1
3203,m8nAhBz-aZA,m8nAhBz-aZA_1pgXhiB4l7M,Medium,1,1
3204,RItyus_HMXk,RItyus_HMXk_K1UhJnR4Abo,Hard,2,2
3205,l9mAAcw5dsE,l9mAAcw5dsE_JjE4zBFDIM4,Easy,0,0
3206,Dw3VlmGOqL8,Dw3VlmGOqL8_0dQbrIuHUCU,Hard,0,3
3207,AQ1QiwgvorA,AQ1QiwgvorA_Hp5kZ9_GZiA,Medium,0,3
3208,heBR0FZmoeo,heBR0FZmoeo_AQ8dUHcdLlk,Hard,1,1
3209,A0VP_2oa5Vc,A0VP_2oa5Vc_Z_rs1wRHC3I,Hard,2,1
3210,zr5-ZLrHC0s,zr5-ZLrHC0s_doD9QWuPdk4,Easy,1,1
3211,7yCm7swRkXU,7yCm7swRkXU_xJm8HhRv0qs,Hard,0,3
3212,cV1JCAGHK5M,cV1JCAGHK5M_q19oza7xIWk,Medium,0,3
3213,qLPGs6PbsO8,qLPGs6PbsO8_vrnwyN0jr-Y,Easy,0,3
3214,0HbqBKDEHxA,0HbqBKDEHxA_GFhrbo7HiYs,Medium,2,0
3215,qCucdsd1HCE,qCucdsd1HCE_JVs6Ngeu3Hg,Easy,1,1
3216,T5GC_7v_CIg,T5GC_7v_CIg_uFWJbDCrLpU,Easy,0,3
3217,ELcQVESRDuE,ELcQVESRDuE_qvOzOqgm6ZA,Easy,1,1
3218,M6zP71psCT4,M6zP71psCT4_EGpn3y2gArE,Hard,2,2
3219,wWBd3icusig,wWBd3icusig_DadWiwWhuY8,Hard,2,2
3220,yrXykgSl-Ao,yrXykgSl-Ao_VqRLjQIpcbk,Easy,0,0
3221,1jcKJCvYWRs,1jcKJCvYWRs_UJuQs2zhE2o,Hard,0,3
3222,AlaZ89xAsTk,AlaZ89xAsTk_fJTltQC1i34,Easy,1,1
3223,jp4O4bbm6os,jp4O4bbm6os_NQrvTJtSJQI,Easy,0,3
3224,fOkOfTLcScY,fOkOfTLcScY_11VxIjLOT6s,Medium,0,3
3225,QtCxsZNx8pE,QtCxsZNx8pE_zmWpJONAYzU,Easy,1,1
3226,BhnVJIH0eSk,BhnVJIH0eSk_spCXrPXbRJw,Easy,1,0
3227,q3CnsA4wrRA,q3CnsA4wrRA_esE1mHw7uJk,Medium,1,1
3228,Oqd9Tk5HUQM,Oqd9Tk5HUQM_LshnvgaUNyE,Medium,1,0
3229,IfonhRkfaf0,IfonhRkfaf0_6vFZvXYKaiM,Easy,1,1
3230,3ukBTNq23qQ,3ukBTNq23qQ_E2Krh7bfJfI,Easy,1,1
3231,fmfunkNklYA,fmfunkNklYA_YUOjCUcP-xE,Hard,1,1
3232,yPTsN6lDcRM,yPTsN6lDcRM_4Z3xq-G7bVY,Easy,0,3
3233,lAPoTK-6eyI,lAPoTK-6eyI_Q0DXnJzs69w,Easy,1,1
3234,y81mVM9WiTE,y81mVM9WiTE_NabimBiZrXU,Medium,1,1
3235,Z17G55Doyz8,Z17G55Doyz8_BgiFvlEvBEs,Easy,1,1
3236,n26nhJw1NNs,n26nhJw1NNs_RQ53WA1syWU,Hard,0,3
3237,HA2NFBtuIl4,HA2NFBtuIl4_wwmc-dOV9Ps,Easy,1,1
3238,499at_3Mki8,499at_3Mki8_VvsleYtbhCM,Easy,0,3
3239,d031m-HtVAg,d031m-HtVAg_zzIXf3NfWSQ,Medium,1,0
3240,hhVhlyqXdeM,hhVhlyqXdeM_y0y0bfv9Ge4,Easy,2,2
3241,pNXABaoBQp0,pNXABaoBQp0_-4A3HhinSqw,Medium,0,3
3242,-6QmPuaW4zo,-6QmPuaW4zo_QkVMlXfLIkw,Medium,0,3
3243,mgP4sPHu0mU,mgP4sPHu0mU_8L3KkaMjYaw,Easy,0,3
3244,c9-2gy1BYKQ,c9-2gy1BYKQ_-fsOudRumK4,Medium,0,3
3245,AEiLLBv49Po,AEiLLBv49Po_pLzSxDOZuak,Easy,1,1
3246,UEu92i4A4lQ,UEu92i4A4lQ_z32x1YipaTw,Easy,0,3
3247,NMpKABaEz5c,NMpKABaEz5c_mXwRTuLLbUo,Hard,1,1
3248,TRvQPUql-bk,TRvQPUql-bk_7t3MnS7lfho,Medium,0,3
3249,7RFypCxVZlg,7RFypCxVZlg_b6QHZR2GO3c,Easy,1,1
3250,h1V8RkxBdpQ,h1V8RkxBdpQ_nH9ZIadHf-M,Easy,2,2
3251,2V9Ylb2jN74,2V9Ylb2jN74_8VWOgUfnjbM,Easy,2,2
3252,q8SPIzQ4lFo,q8SPIzQ4lFo_nEzt_mHKqXs,Medium,1,1
3253,bnwa34l2DSM,bnwa34l2DSM_T5GC_7v_CIg,Hard,1,1
3254,QuVmUY06_IE,QuVmUY06_IE_P79C3WfCfNU,Easy,1,1
3255,ktJd82AWIwA,ktJd82AWIwA_HeUKrimjsjQ,Hard,0,3
3256,cqoeZEweGy4,cqoeZEweGy4_HYgZR5EiTsM,Easy,0,3
3257,V3P0Vn1GNoA,V3P0Vn1GNoA_aNKVFJRDF78,Hard,2,2
3258,E_Vaz34ZQlM,E_Vaz34ZQlM_eGBKIIpVKvU,Hard,1,1
3259,98dI56Ii5oM,98dI56Ii5oM_iF-uF3u2UBQ,Medium,1,1
3260,U2IU37J4Ojg,U2IU37J4Ojg_fQ0gt-HURWQ,Hard,0,3
3261,VQ4jGo2FamM,VQ4jGo2FamM_qBglQfeyNdA,Medium,1,0
3262,cXT3CGXLZbg,cXT3CGXLZbg_0zBVrmeSLc0,Medium,2,2
3263,XkLpHllEDyg,XkLpHllEDyg_8dk2hJpo8M4,Hard,1,0
3264,iSBiwixOBD4,iSBiwixOBD4_yCLUt8ZKirI,Hard,1,1
3265,7kvCG8Kdu98,7kvCG8Kdu98_u0Ig4lp3bic,Hard,2,2
3266,kWsGyV0s9Tw,kWsGyV0s9Tw_6pgI2dxZ1ek,Hard,0,3
3267,fCLzyLW2T9g,fCLzyLW2T9g_C6Zky5w5D4I,Easy,1,0
3268,tTemp5Y8kb0,tTemp5Y8kb0_-GkHWyDYwxw,Medium,0,3
3269,GZ6xGFH5jLk,GZ6xGFH5jLk_P9OVj4R3Nng,Medium,0,3
3270,Ptwr-PuQwUU,Ptwr-PuQwUU_XFCQlZlXhmc,Easy,1,0
3271,fnbjTTxMN0I,fnbjTTxMN0I_HKo7DEOjXng,Easy,1,1
3272,n5Cb5AOh_2I,n5Cb5AOh_2I_BJWq3PFwVeo,Medium,1,0
3273,iUmtF0vt4yQ,iUmtF0vt4yQ_M548dmCy63M,Medium,1,0
3274,FxoaMQXXvsI,FxoaMQXXvsI_guyTMxG8bk0,Hard,2,2
3275,2qudnvbNGco,2qudnvbNGco_qgXN4hKDdag,Hard,2,2
3276,safKGZhGNRM,safKGZhGNRM_RtsPsfVN3tU,Easy,1,1
3277,P4FXiFFJHFM,P4FXiFFJHFM_UBXH6weJ_cs,Easy,1,0
3278,0yM5XmFaY1w,0yM5XmFaY1w_N-Ntw6Rv6T4,Hard,0,3
3279,tdxYHj89ic4,tdxYHj89ic4_moKgZFAysO0,Easy,2,2
3280,sV585XXwwlE,sV585XXwwlE_-qaRzvzH7gA,Easy,1,0
3281,L3K-TfO_JSM,L3K-TfO_JSM_vf4LLox2GTE,Hard,1,1
3282,7lRtW1rddZA,7lRtW1rddZA__bLDvgwEmTo,Easy,1,1
3283,1RIBP9MH78A,1RIBP9MH78A_s8iD9Fl4Gu4,Medium,1,0
3284,NAkb0mbKtTQ,NAkb0mbKtTQ_CfXMRcA1BXU,Hard,2,2
3285,vQRT2MFygPw,vQRT2MFygPw_47DlsXDvDv8,Medium,0,3
3286,U9oXfZM7IAQ,U9oXfZM7IAQ_zd-SkyAI6lk,Easy,1,0
3287,epGBgJB2Pkc,epGBgJB2Pkc_JGdnaZHaUSU,Easy,0,0
3288,2o7j6ZF3tlA,2o7j6ZF3tlA_2aA8KhtYkhk,Medium,1,1
3289,un3lysY4M-Y,un3lysY4M-Y_-FoVfJJQd-k,Hard,1,0
3290,6fAbkc0sdtA,6fAbkc0sdtA_3L1cePInKU8,Easy,0,3
3291,fN--zM0CqBQ,fN--zM0CqBQ_k5wSWOl-2_Y,Medium,1,1
3292,kjXRaheVNCs,kjXRaheVNCs_B_akvw2tUsg,Medium,0,3
3293,p7aufjx3IXU,p7aufjx3IXU_Tn4q3F4l4cE,Hard,1,1
3294,lMkhbZJsoso,lMkhbZJsoso_yFKhY-3BU6Y,Hard,0,1
3295,PNQRQXQ4UMc,PNQRQXQ4UMc_5t-sJNU_xZA,Easy,1,1
3296,c-KBDxRHX5M,c-KBDxRHX5M_COHo5pnZ-Hs,Medium,1,0
3297,SRzjKxb6hZo,SRzjKxb6hZo_GGKamR-CuXs,Hard,2,2
3298,iKSg3LixmY0,iKSg3LixmY0_1A2DMi147NE,Easy,0,3
3299,B2v3evV-F4c,B2v3evV-F4c_3sJrPZw696E,Easy,2,2
3300,fVFgTzPNGM8,fVFgTzPNGM8_hyM348BSQEw,Medium,0,1
3301,Qxb_FK-kSdo,Qxb_FK-kSdo_hPqCPG0SDz4,Hard,1,1
3302,rtLTPBZS7cA,rtLTPBZS7cA_RXf58UeLzZE,Medium,0,3
3303,uOaFI_ugLk8,uOaFI_ugLk8_QM4fZRCyb1U,Medium,1,1
3304,SmvuIXEqzFs,SmvuIXEqzFs_0C7glKdAGNM,Easy,2,2
3305,F3univtPM9w,F3univtPM9w_JyvaN-YQPVU,Easy,1,1
3306,4du6lXMqc2Q,4du6lXMqc2Q_5Zlcx9x6y7s,Easy,1,0
3307,5nzWD9drINY,5nzWD9drINY_80AU4ETLg4U,Medium,1,1
3308,CkV_znnb78U,CkV_znnb78U_-ltcDmXzpSI,Hard,0,3
3309,OgVHo5glJg4,OgVHo5glJg4_ayCg5X26tt8,Easy,0,3
3310,DP2eFh3O3NQ,DP2eFh3O3NQ_sFQ647JCX2I,Medium,0,3
3311,Kez81tsmNL0,Kez81tsmNL0_p7AfrbeZQN0,Easy,1,1
3312,paN7lLnNtEk,paN7lLnNtEk_v3gwdPFEnvw,Medium,0,3
3313,A81G7izNkS8,A81G7izNkS8_EkR9uXQFMZ0,Easy,1,1
3314,e7LrutxMj5s,e7LrutxMj5s_IxVsIefANFI,Medium,0,3
3315,I8KFpO_3Zy4,I8KFpO_3Zy4_uZm6YOYOeUQ,Hard,2,2
3316,tuP5rCmHIaA,tuP5rCmHIaA_5-b-rpVPJvs,Hard,0,3
3317,yN6J9nQSaJw,yN6J9nQSaJw_EZrv2vrQZXg,Hard,0,3
3318,OZvJR7kXVZU,OZvJR7kXVZU_Gemk568xT64,Hard,1,0
3319,LWinNoumLB4,LWinNoumLB4_Oj-z4ju5fgk,Easy,1,1
3320,5mQQwMTi_Ms,5mQQwMTi_Ms_jneSWo9fIdA,Easy,1,0
3321,gxKkf5HSNvU,gxKkf5HSNvU_8RuhuQkDGs4,Hard,2,0
3322,QLKLxdylXyc,QLKLxdylXyc_GoivKWtTI30,Hard,1,0
3323,Qtg9axTtNLg,Qtg9axTtNLg_8VLz4lPQGmQ,Hard,1,1
3324,LJX7ONd3YdE,LJX7ONd3YdE_PqypvhXD2-Y,Medium,1,0
3325,26y7Lvuvltw,26y7Lvuvltw_eqGTDrWs0fw,Hard,0,3
3326,REtTxDSnkdE,REtTxDSnkdE_dvRcl086QWE,Medium,1,1
3327,iRheWbc8TnQ,iRheWbc8TnQ_8ts38nbxHQE,Hard,2,2
3328,uHWug6Z4MH8,uHWug6Z4MH8_TuMZjBrdxl0,Easy,0,3
3329,gbYGnl6iYOI,gbYGnl6iYOI_GQ3jhk4QK2Q,Hard,0,3
3330,cYau0_1gfYk,cYau0_1gfYk_apI_he9hGQM,Medium,1,0
3331,-F_a2fpE35w,-F_a2fpE35w_0mvf51zgjFk,Hard,1,1
3332,EB5BcbEN8Zg,EB5BcbEN8Zg_M49Iwd9WwlM,Hard,2,2
3333,69kb-KDcA18,69kb-KDcA18_xd4Pswg31-A,Hard,0,0
3334,qK4SgJhMSAk,qK4SgJhMSAk_vpH1fOMIZxk,Medium,1,0
3335,Fp5qGUiGmcw,Fp5qGUiGmcw_zVdAooJRgS8,Medium,0,3
3336,MAS9k1D_foM,MAS9k1D_foM__xZMwoAlPPs,Medium,1,1
3337,EDqhTvLhhXQ,EDqhTvLhhXQ_gQLSzgsubtY,Medium,0,1
3338,6k-5I47ytJw,6k-5I47ytJw_XtZYrLbtMYI,Medium,1,1
3339,O_XweNuwYq4,O_XweNuwYq4_vpl_ZBFOltk,Hard,2,2
3340,JMO3t-Sta6M,JMO3t-Sta6M_yYaCWRlQG3o,Medium,1,0
3341,yQR1rOx2WC0,yQR1rOx2WC0_ASuPS4fUbYw,Medium,0,3
3342,J3v6_JOhEUg,J3v6_JOhEUg_z_jvG3p4nME,Medium,0,3
3343,8dDYIX97ZE8,8dDYIX97ZE8_pYSaq2vlbnQ,Medium,1,1
3344,wtSKzHxVqxQ,wtSKzHxVqxQ_A8mnx5VFj4U,Hard,1,1
3345,4hIERw4--Gc,4hIERw4--Gc_QieG-auR1NM,Hard,1,1
3346,xzeRWhp2HIc,xzeRWhp2HIc_gELSZUuDJrY,Hard,0,3
3347,rpg_ZHsfyBM,rpg_ZHsfyBM_2zbfjCmgdTo,Medium,0,0
3348,S_34Lrq82Jo,S_34Lrq82Jo_FI1kYRG3ACw,Hard,0,3
3349,eUj1IBAL7XE,eUj1IBAL7XE_Ys3roKAovko,Hard,0,3
3350,tmGn6cBy-l4,tmGn6cBy-l4_zMZpb2-ofPA,Medium,2,0
3351,RnqXebYKPik,RnqXebYKPik_OgKeUnbb-UY,Easy,0,0
3352,fqeG1hsrRic,fqeG1hsrRic_hdKeU7mUVxs,Hard,2,0
3353,gbaG7b06HQ8,gbaG7b06HQ8_7jp1HR6ecmw,Medium,0,3
3354,_snWPrb5uso,_snWPrb5uso_0WE6f4DLUtc,Medium,1,1
3355,nQ_ckIdyYi8,nQ_ckIdyYi8_9zTccWG0NLY,Hard,0,3
3356,Kk5YxLmWLxY,Kk5YxLmWLxY_r88SA5T7UDI,Medium,2,2
3357,xjrEW86ilBs,xjrEW86ilBs_VWMCn9dlg0Y,Easy,1,1
3358,uaYPs8X9OGs,uaYPs8X9OGs_j-9nscEQ3CA,Medium,0,3
3359,vkHuDkSVYnI,vkHuDkSVYnI_oe9dE8k-018,Medium,2,2
3360,dI41wwOvNDM,dI41wwOvNDM_hs22YfihowE,Easy,1,1
3361,qrC7Gz_nOmE,qrC7Gz_nOmE_Agc6sXk98Do,Medium,0,3
3362,AVVxorwxecw,AVVxorwxecw_aAV_itgeW4w,Medium,1,1
3363,My2J8QIPK_4,My2J8QIPK_4_qUVHdywyP3Y,Hard,1,1
3364,78N7KMBCppg,78N7KMBCppg_LwU3CswjxXY,Medium,1,0
3365,SQBmCpPJGGw,SQBmCpPJGGw_2m7Tdn7gVdE,Hard,1,1
3366,rJIodzupfDg,rJIodzupfDg_iLxZEmNsrNo,Medium,1,0
3367,DPyFL1SDGEw,DPyFL1SDGEw_kSZM0XnAGh4,Medium,1,0
3368,Dg99r_eb3G0,Dg99r_eb3G0_S0NI5pfSghk,Hard,2,2
3369,45Q4Zk3CN8k,45Q4Zk3CN8k_YIlUNZWg8ZI,Medium,0,3
3370,ynqMiquZewA,ynqMiquZewA_qUVHdywyP3Y,Hard,1,1
3371,seglVhfQ6wI,seglVhfQ6wI_ciIzZJxeE8k,Easy,1,1
3372,63vqjAhd70Y,63vqjAhd70Y_-lwcEPz-dGg,Hard,1,1
3373,kWw3sj56Oig,kWw3sj56Oig_dVoN7QajNz8,Easy,0,3
3374,bpgUPqKsIUQ,bpgUPqKsIUQ_3P--G44IlvQ,Medium,1,1
3375,5CPOsLa2Rws,5CPOsLa2Rws_7uwGvpSZiEI,Medium,1,1
3376,A4Hj1ds5FBg,A4Hj1ds5FBg_DyGhl7rO2Qc,Hard,0,3
3377,j8U4L4TQFlU,j8U4L4TQFlU_fJqWK1t9oRI,Hard,2,0
3378,NNGCiekJvBc,NNGCiekJvBc_RrgqnmW_zfY,Medium,0,3
3379,3tMFPdsFmTI,3tMFPdsFmTI_oV-qby-Rrqw,Easy,1,0
3380,Gq_wQsMS2lw,Gq_wQsMS2lw_3z6NTPbJKQ4,Hard,0,3
3381,X1QRMJq-h9U,X1QRMJq-h9U_IobSd71BE9g,Hard,1,0
3382,fcalcPC4uAc,fcalcPC4uAc_qO3O3_EhadU,Hard,0,3
3383,jE8gl1WCBFU,jE8gl1WCBFU_Sm3pDSZQsus,Easy,1,1
3384,iOykYQorEAw,iOykYQorEAw_6Q0OQ0lz1pc,Hard,1,0
3385,QUgyQ39KVQ8,QUgyQ39KVQ8_ng-P9fSCWTs,Medium,1,1
3386,sNX6QjcJ588,sNX6QjcJ588_gJKiJRfEjKQ,Easy,1,1
3387,08f1Y1-3BbM,08f1Y1-3BbM_LBdk1rLW7yo,Easy,1,1
3388,8wy8tkkfoB4,8wy8tkkfoB4_7_bp8iHYxBc,Easy,1,0
3389,kQsm8rOr-JQ,kQsm8rOr-JQ_O-Is9HavRfg,Medium,1,0
3390,BFkKdm3aDuM,BFkKdm3aDuM_Pxj1dERPPjI,Hard,0,3
3391,RKYIYaSn3Xg,RKYIYaSn3Xg_GCn-zkRVZLM,Medium,1,0
3392,qSKkuScXjaY,qSKkuScXjaY_qdnPsrc8u4I,Hard,1,1
3393,4B9j24Swo7U,4B9j24Swo7U_uLpeP5EFZBc,Easy,2,2
3394,3LTxF2lH8XI,3LTxF2lH8XI_dcLx2o1higM,Medium,1,1
3395,P_9ysu0LIpI,P_9ysu0LIpI_bo8lUtOaJbo,Easy,1,1
3396,BHNbteue5Zc,BHNbteue5Zc_is2DdIs733Y,Medium,0,3
3397,zwt_QJodzrw,zwt_QJodzrw_E2Krh7bfJfI,Medium,1,0
3398,0KSbIQAcr8s,0KSbIQAcr8s_AZ6OqNe0uos,Easy,1,0
3399,SG614ybCcBc,SG614ybCcBc_H6Teoze1zEc,Hard,1,1
3400,GNgZzoajPdA,GNgZzoajPdA_MdHCOqt_C18,Medium,0,3
3401,YxNsvSm_BKY,YxNsvSm_BKY_C-roFwLYrPU,Easy,1,0
3402,KvH2RTgqMx4,KvH2RTgqMx4_IKdaXVhmNys,Medium,0,0
3403,Rgb8am3NQU0,Rgb8am3NQU0_S0NI5pfSghk,Medium,1,1
3404,Hp-nnY68H8I,Hp-nnY68H8I_M2zUyoeq038,Medium,0,3
3405,8l76x1_060s,8l76x1_060s_t4RJ4CfKXFo,Easy,0,0
3406,QN-tMQPnSuE,QN-tMQPnSuE_23er4dGwnYM,Hard,2,2
3407,uewVLui4XHE,uewVLui4XHE_7dn_CB02Dps,Easy,1,0
3408,nbJg93rCGqw,nbJg93rCGqw_VvQRCctls3c,Hard,1,1
3409,ttLndF_MSDQ,ttLndF_MSDQ_2r1rVYnX8jc,Medium,2,0
3410,Pl8ycgTdu1A,Pl8ycgTdu1A_sTutJFSkQ2A,Easy,0,0
3411,jlmIfzrmrAs,jlmIfzrmrAs_bl5z4rK8ydk,Medium,0,3
3412,JpDtGB3wzfs,JpDtGB3wzfs_Ar4wHQxRUfE,Hard,2,2
3413,H_HcSoJe38c,H_HcSoJe38c_AZMA-U8wWnI,Medium,2,2
3414,GvGlDimlZxc,GvGlDimlZxc_rNXvMajnoQ4,Hard,2,2
3415,ojQMDqgVocI,ojQMDqgVocI_XPQ5V2xUPmE,Medium,2,2
3416,AadjJnkvSXU,AadjJnkvSXU_fNDmG2QU2B4,Easy,0,1
3417,TXVM4zB2KQQ,TXVM4zB2KQQ_1HRbgA2U0E0,Easy,0,1
3418,HfTdQE8KWoQ,HfTdQE8KWoQ_UD2tus-DGEQ,Easy,1,0
3419,Aha_TIAETzo,Aha_TIAETzo_-FkCobqW0ew,Hard,1,1
3420,LDfsQTfNeNk,LDfsQTfNeNk_4qvErDyXyhw,Easy,1,1
3421,NGtiqUOIAQs,NGtiqUOIAQs_ivC4yUIVbic,Medium,1,1
3422,SgvXugtfAX0,SgvXugtfAX0_VqRLjQIpcbk,Easy,1,1
3423,PEAyaXlMj2U,PEAyaXlMj2U_IAs-R7gnkss,Hard,1,0
3424,gvUJEBEzQxs,gvUJEBEzQxs_hVlKdVlMFZ4,Easy,0,3
3425,Y7QvDo4gt2U,Y7QvDo4gt2U_2TH0ZvpIeQA,Easy,0,3
3426,V9Y70Ee9qPM,V9Y70Ee9qPM_2sklIrJ1TYw,Easy,1,0
3427,qAaxki-HvqU,qAaxki-HvqU_gwu_V1YO7Ak,Easy,2,2
3428,e9cJEUdqdps,e9cJEUdqdps_KR-MXk49GWs,Easy,1,1
3429,XJxpTca8ie8,XJxpTca8ie8_MY46Ue0QDrE,Easy,1,1
3430,oCzqRdb7n5M,oCzqRdb7n5M_TtBUNDykJ5U,Medium,1,1
3431,qSuYqyenYoU,qSuYqyenYoU_jkYZLnLnUZA,Hard,2,2
3432,ik9VoFwGVbM,ik9VoFwGVbM_q_OyWD9kvKo,Easy,0,3
3433,Zk-11N7NNY4,Zk-11N7NNY4_T_SKBBJX0PM,Medium,0,3
3434,t6IwKGMg8Zc,t6IwKGMg8Zc_2_OpeJ3HxgA,Easy,1,0
3435,SecgP8tYXb4,SecgP8tYXb4_yxMGqm5Nrew,Hard,0,3
3436,MVLyzh0-YtI,MVLyzh0-YtI_WZ11JTdZszs,Medium,0,3
3437,cA-gAXR_35A,cA-gAXR_35A_Aprs-GUKAfo,Easy,1,1
3438,KKb4QFLV8kg,KKb4QFLV8kg_i1Acj69LlEE,Hard,1,1
3439,RWTErcPxCi4,RWTErcPxCi4_iTlU4gdohqU,Medium,2,2
3440,7xD0BZGFm4I,7xD0BZGFm4I_5ucTtLKt4-Y,Easy,2,0
3441,0bwKZZf5qwA,0bwKZZf5qwA_VqRLjQIpcbk,Hard,0,3
3442,gOdcjuYXqwM,gOdcjuYXqwM_D5hpxhiiZtI,Hard,0,1
3443,kQSGd0nhJIs,kQSGd0nhJIs_CkSzUzL5IKs,Medium,1,0
3444,izO-GMocwYA,izO-GMocwYA_3Xg5cGYsD90,Hard,0,3
3445,MDABhPDReRY,MDABhPDReRY_p4qXpnHT2po,Easy,1,1
3446,qb6nk-Sl3f4,qb6nk-Sl3f4_J2_pk2w5gFo,Medium,1,1
3447,kBx9CgeMEd8,kBx9CgeMEd8_-iliCUw3Kvg,Easy,1,1
3448,cMPGi01CG0w,cMPGi01CG0w_l3yVOC7rlgk,Hard,0,3
3449,MK-owVzirKs,MK-owVzirKs_nbHF09fiwg8,Medium,1,1
3450,7BKjlCcROaM,7BKjlCcROaM_lNJu9YEuayU,Medium,1,0
3451,HX2JJxjePfc,HX2JJxjePfc_hy8V0n4-jXU,Medium,1,1
3452,mrzUzxGDZdY,mrzUzxGDZdY_TRKwcvybqwk,Medium,0,3
3453,-xGbDiK41gU,-xGbDiK41gU_Bt2ha5B3X3c,Easy,2,2
3454,qf-l0RJThfA,qf-l0RJThfA_74jEqQczxGc,Hard,2,2
3455,Pk4hsqhO2YI,Pk4hsqhO2YI_pMmAi-kdrQo,Easy,1,1
3456,ualwCoJsBgQ,ualwCoJsBgQ_xs4otzLcvik,Easy,0,3
3457,Q274bYhX4ZI,Q274bYhX4ZI_PGj1qz6L1DM,Hard,0,3
3458,X-Im1zcYO2Q,X-Im1zcYO2Q_hPqCPG0SDz4,Medium,0,0
3459,NxfTdt8HA-g,NxfTdt8HA-g_P0FSK6zyZsU,Medium,0,1
3460,YNwysur3vgk,YNwysur3vgk_rqPIYhIX6FY,Hard,1,1
3461,JTCtar5zzsM,JTCtar5zzsM_8gu2xDzjFV0,Medium,1,1
3462,k5FWucDDDVw,k5FWucDDDVw_fMJgwOtvTCE,Hard,2,2
3463,Ga9vrr_fB-k,Ga9vrr_fB-k_nGpQxNRnNtQ,Easy,0,3
3464,UPRoLA2IKqE,UPRoLA2IKqE_cdbUmVkyZFQ,Medium,1,1
3465,kmNekpt05O4,kmNekpt05O4_5epT4GEfoOE,Hard,1,1
3466,1iGxYr3Fl6Y,1iGxYr3Fl6Y_ZRovEXirYRg,Hard,0,3
3467,Vms5MmVD_G8,Vms5MmVD_G8_c02CQNoXJoo,Hard,2,2
3468,_jNgKQzEJdI,_jNgKQzEJdI_xm5txJRZLds,Medium,1,1
3469,wxvJ8k6zKSI,wxvJ8k6zKSI_Vkr6Vf1JTnc,Medium,0,3
3470,ry6ZnfUkPb0,ry6ZnfUkPb0_MqpzQT-1v54,Medium,1,0
3471,hxub0S_4u8Q,hxub0S_4u8Q_S53iYzSn4p8,Easy,1,1
3472,MYg3g6LX0DE,MYg3g6LX0DE_Ee58Gwa_lm4,Easy,2,0
3473,gdE7kC_7K3g,gdE7kC_7K3g_mreKM5QcpAk,Easy,1,0
3474,PyapjIvju_8,PyapjIvju_8_IXZPc6ggzGA,Hard,1,1
3475,7IntaLUSjDc,7IntaLUSjDc_fd1TkGCghF8,Hard,1,0
3476,Mh-0hBIjxcs,Mh-0hBIjxcs_XFZcxjNO-oU,Medium,2,2
3477,U9fIBdlcTMc,U9fIBdlcTMc_o3Z6pkORS4k,Medium,1,0
3478,OyGZdxJmoCo,OyGZdxJmoCo_z8g48bEnqUM,Easy,1,1
3479,u9BK-ROFavM,u9BK-ROFavM_ad5DHb9_sk0,Medium,1,0
3480,fAwczo5eAnU,fAwczo5eAnU_5ptqj5XCtX8,Easy,0,3
3481,hz3dpL_FbZY,hz3dpL_FbZY_rI912z48uLU,Hard,0,3
3482,jhYKY6fsljw,jhYKY6fsljw_a8OudAlgL9g,Hard,2,2
3483,oxaK5PIbB5M,oxaK5PIbB5M_fuMC2V2o1Z8,Hard,1,1
3484,xUh7DfahRQc,xUh7DfahRQc_Urb_24ejPYQ,Hard,0,3
3485,P8gR-zLdzaI,P8gR-zLdzaI_JCIm8t7R19E,Easy,1,1
3486,nLv9SBI2lhY,nLv9SBI2lhY_IML2YqJRbK8,Hard,2,2
3487,G2Ki-9SSsoE,G2Ki-9SSsoE_iakNZa9J7pY,Medium,1,0
3488,fADFzaYA0pk,fADFzaYA0pk_wzmh0Bn44XM,Easy,1,1
3489,DpC6gTYSmwc,DpC6gTYSmwc_D7bFvMi-Qos,Medium,2,2
3490,hV3WfkPF2Vs,hV3WfkPF2Vs_G884zLe45GM,Easy,0,0
3491,zRJqLpJrLWg,zRJqLpJrLWg_FAO96QJzxcg,Hard,1,1
3492,Z3KhJSe2xFM,Z3KhJSe2xFM_BBa8FXXf-js,Hard,1,0
3493,eyNbXrmhP5Q,eyNbXrmhP5Q_qPw916t73yo,Hard,0,3
3494,9EO4nBIe-yA,9EO4nBIe-yA_RUjHBwO0EgM,Medium,1,0
3495,kMiMbnp67sM,kMiMbnp67sM_nuYhyNpAzLc,Easy,1,1
3496,ddjr33QRbI0,ddjr33QRbI0_bsIIkcCZyRQ,Medium,0,3
3497,0B319mTY0H4,0B319mTY0H4_Ulsd1DAZkqQ,Medium,2,1
3498,X4T8WRE9Z9o,X4T8WRE9Z9o_Dwv2x_pQ0Js,Easy,1,1
3499,lsWaQmpgv8Q,lsWaQmpgv8Q_N7tt48bEn-I,Medium,0,0
3500,5Z_RHACCCjk,5Z_RHACCCjk_gdGPPzvIVpI,Easy,1,0
3501,Zt9-LvjydiI,Zt9-LvjydiI_zN92YWz_mQg,Medium,1,1
3502,eRlJXiPDYx8,eRlJXiPDYx8_onhfcW3P0YA,Hard,0,0
3503,oP6I2X1GX74,oP6I2X1GX74_bJEThHQ5ZCs,Easy,1,0
3504,Xf4aRDKtClo,Xf4aRDKtClo_zdvw2KSRFes,Medium,1,1
3505,2vwZH_oE8mo,2vwZH_oE8mo_OKYIu2G6Nok,Medium,1,1
3506,raE8dGyRTXQ,raE8dGyRTXQ_IPawwnMx32I,Easy,1,1
3507,AjVBR0ytZi8,AjVBR0ytZi8_a4Ec3RyuLgs,Medium,1,0
3508,v6vO-kIXFAM,v6vO-kIXFAM_JmeMs12UbjA,Easy,0,3
3509,SBCcx-g-mG4,SBCcx-g-mG4_2ekamWO26Vs,Hard,0,0
3510,8sdGbqGGsdE,8sdGbqGGsdE_mUV3Ml2Mmo8,Hard,0,3
3511,MSpw0ppP0U0,MSpw0ppP0U0_FfpqV_ctXAI,Hard,1,1
3512,yaMRmUiIYDY,yaMRmUiIYDY_tvF7wZhWPLc,Hard,1,0
3513,u6uIr6mGzWM,u6uIr6mGzWM_LOUlvULBMjQ,Medium,1,1
3514,6FE8jlwBGJs,6FE8jlwBGJs_T5V0hhZ3IVg,Medium,1,1
3515,IBgI2Mniq6w,IBgI2Mniq6w_TfbhL9w7DHE,Medium,1,1
3516,bR9ohpjgUFg,bR9ohpjgUFg_WYaaiTB95Q0,Easy,1,0
3517,_LtetXEA2WY,_LtetXEA2WY_7FSX_BSIhgg,Hard,1,0
3518,sYyDuoKA1V4,sYyDuoKA1V4_a_6kx9IHpHQ,Easy,1,1
3519,TCMLYIKQP8A,TCMLYIKQP8A_H2gRccDLVrs,Medium,2,1
3520,1Pyvn3NIRNw,1Pyvn3NIRNw_tu6KH9bLfEc,Easy,0,0
3521,spSw3P6rO5A,spSw3P6rO5A_J3K_BYIjzhY,Hard,0,3
3522,zgJAFAWbzIE,zgJAFAWbzIE_Z7nwOVkaBFE,Hard,0,3
3523,T6qWlKrKVHs,T6qWlKrKVHs_mHCW5XwQkDg,Hard,0,3
3524,ErLwXKDpWNo,ErLwXKDpWNo_bdjqvpaWhMY,Medium,1,1
3525,A6Wslro1JkQ,A6Wslro1JkQ_ZjGQnhHNeHA,Hard,1,0
3526,vpocanrj70w,vpocanrj70w_HrnGRj7Krn0,Easy,0,0
3527,vhowLbfEEWE,vhowLbfEEWE_kSZM0XnAGh4,Hard,1,0
3528,FF6LlrzYWjg,FF6LlrzYWjg_E2Krh7bfJfI,Hard,1,0
3529,Zj4gCe1i50I,Zj4gCe1i50I_CbCSC3c68a4,Easy,1,1
3530,NjM_3ZdeQf4,NjM_3ZdeQf4_b4ZlSZVaKnY,Easy,2,2
3531,i-4Z6fwAnPQ,i-4Z6fwAnPQ_1mnyM4jvUZI,Medium,1,0
3532,JyEEkioQKB8,JyEEkioQKB8_E-IIk1AjwF8,Easy,1,1
3533,rOa8opqnxg0,rOa8opqnxg0_VvCBhdq3Y54,Easy,0,3
3534,A6-pkn2kd-I,A6-pkn2kd-I_gZtDMHrOB60,Easy,0,3
3535,ilgcj8jVaX8,ilgcj8jVaX8_-Qf5UZrGiDw,Easy,1,1
3536,BFS1XGqc9g0,BFS1XGqc9g0_-umDDtOQHkY,Medium,1,1
3537,M2DsfrWIWwc,M2DsfrWIWwc_0TfXtcvmkiw,Easy,1,0
3538,DlJ71x3RMm4,DlJ71x3RMm4_wYzZlnUDzJ8,Hard,2,2
3539,y0ZrZP374fo,y0ZrZP374fo_JbCqG-E6Mm4,Easy,1,1
3540,0wHZ4DvjsFo,0wHZ4DvjsFo_7DdfjlY0fqs,Medium,0,3
3541,IHBt3-FU9AI,IHBt3-FU9AI_zu6O-bOWVlw,Easy,1,1
3542,Mt2OucsffEA,Mt2OucsffEA_txCvLwQVAeU,Hard,2,2
3543,1xhbcKIUGBs,1xhbcKIUGBs_uIHbjJezjgE,Easy,0,3
3544,2qyvqvGzseg,2qyvqvGzseg_fsn9QEIzA28,Medium,1,1
3545,5XNmJP-H_iA,5XNmJP-H_iA_idSxi4vz4x4,Medium,0,3
3546,KbN6BgJU_EE,KbN6BgJU_EE_HIAEik4eR_g,Hard,1,1
3547,XwrQUEJ8Jh8,XwrQUEJ8Jh8_RvYL2iai7ks,Hard,0,3
3548,3xEBX9JJGpI,3xEBX9JJGpI_Tka6l8RuT2o,Medium,1,1
3549,p41ccxep9Vk,p41ccxep9Vk_i3KZ6_-rX6g,Hard,1,1
3550,0pJOTvQVDNo,0pJOTvQVDNo_yaZKHO0Qb2g,Medium,1,1
3551,iTSsxnF6qX4,iTSsxnF6qX4_sAIL_Ia97as,Easy,1,1
3552,6pMR0N5mibY,6pMR0N5mibY_a1_I0dYcqos,Medium,0,3
3553,NLweOd_yffg,NLweOd_yffg_KmoJF5872o8,Easy,1,0
3554,dmY6wc0dpPw,dmY6wc0dpPw_JKgqikG0mX4,Hard,1,1
3555,PuRaEGCDS8Y,PuRaEGCDS8Y_NaDySxBRFfc,Medium,0,3
3556,_kOF5odj7is,_kOF5odj7is_Gf8VSORlE3o,Hard,1,0
3557,VuVbKY8m8Y0,VuVbKY8m8Y0_lh1brvDz_Yo,Easy,1,0
3558,UfYVIYcWxM8,UfYVIYcWxM8_Gc8icdeqWI4,Easy,1,0
3559,h0p7kA-SRhk,h0p7kA-SRhk_H6nKs5vyZog,Medium,1,0
3560,JQ8TkemFsWI,JQ8TkemFsWI_a99W-a1gcSI,Easy,1,1
3561,UiJrl-FEkZ0,UiJrl-FEkZ0_xCESFZOEN_E,Hard,1,1
3562,_kBLrPB-iGE,_kBLrPB-iGE_zY8hebQfhCI,Medium,0,3
3563,O8k8XT6gLzI,O8k8XT6gLzI_cgKt90e0500,Hard,1,1
3564,3lR1PUnE-W0,3lR1PUnE-W0_U1ccc_kqMkc,Hard,0,3
3565,G_PjcAfVJkY,G_PjcAfVJkY_butKQYYzySM,Medium,1,1
3566,hfrDiK0uQ9I,hfrDiK0uQ9I_RvYL2iai7ks,Easy,0,3
3567,C8qZ-9vcAR4,C8qZ-9vcAR4_FwHUa3a1UIY,Medium,0,3
3568,eTGPdXRd14w,eTGPdXRd14w_r4RcfmrqUpA,Medium,1,1
3569,71IGqqIDRAU,71IGqqIDRAU_l0LR3dKiXHA,Hard,1,0
3570,1ZW9fGqb4qE,1ZW9fGqb4qE_8q83a4ZqGdA,Medium,1,0
3571,rRVy6at84Uw,rRVy6at84Uw_AyqcK2_nkms,Medium,0,0
3572,u5X90gVYhXw,u5X90gVYhXw_TYi_jx6V38w,Easy,0,3
3573,bBjV2dYYO3Q,bBjV2dYYO3Q_iDczY7m-4z8,Hard,1,1
3574,1YBzZujL3Bo,1YBzZujL3Bo_qxYYXa3fs2k,Hard,0,3
3575,oXZA8XMJZs4,oXZA8XMJZs4_p21n2iGmd_s,Hard,0,3
3576,y6Rdiyoik7U,y6Rdiyoik7U_qf7MNL9hVQw,Medium,1,1
3577,BO2QxAdezX0,BO2QxAdezX0_-7QwO5Okm3E,Easy,1,1
3578,iC8bAQttI5Y,iC8bAQttI5Y_dIWai_vP8Rw,Medium,1,1
3579,EzAvuMEn66E,EzAvuMEn66E_FgQZTI4TFkw,Hard,1,0
3580,c9SC3hTwfQE,c9SC3hTwfQE_RUT2MCeOMXU,Easy,1,1
3581,VlBPmym0Mws,VlBPmym0Mws_nkM-qouDxz8,Hard,0,3
3582,ahFEGW_XJj4,ahFEGW_XJj4_PK70vuFaEtg,Hard,2,2
3583,1kr_rOx5Ts0,1kr_rOx5Ts0_znnfsn9qMiA,Medium,1,0
3584,jvFoasVNHXQ,jvFoasVNHXQ_rnZGl86aaXQ,Easy,1,0
3585,fC5-Q9tc2lY,fC5-Q9tc2lY_m397TriBDro,Easy,0,3
3586,PRETXkUHJzk,PRETXkUHJzk_JtJn-aEp_bU,Hard,0,3
3587,K7KMRBoqQUg,K7KMRBoqQUg_P56SorCCSmI,Easy,1,1
3588,kACjpXLwOqU,kACjpXLwOqU_0H4qqvhmFiM,Medium,0,3
3589,KE-NCeCD2ac,KE-NCeCD2ac_QkGTjpFtCxM,Hard,2,0
3590,vOJ-sGaIxd4,vOJ-sGaIxd4_UFYKUKRP-EA,Medium,0,0
3591,pjdeBSHcNA4,pjdeBSHcNA4_bLTVaTNUX6g,Hard,2,2
3592,oy0W3Cp3p7w,oy0W3Cp3p7w_mVxF2LL6G6k,Easy,2,2
3593,dYa6KLLrWoU,dYa6KLLrWoU_26t2OzVe520,Medium,1,0
3594,aoTk2CpOpr8,aoTk2CpOpr8_16NYGKldKDE,Hard,1,1
3595,Rube6DP_6zY,Rube6DP_6zY_J7-jDvIgDN8,Medium,0,3
3596,Y74IXkjF7f8,Y74IXkjF7f8_aPqISLFqZkQ,Hard,1,1
3597,-_MrEEi-7HM,-_MrEEi-7HM_--5fJSpQqmA,Medium,1,1
3598,j3nXBMZkYPM,j3nXBMZkYPM_JvxFGKAKUZc,Hard,2,2
3599,_suVDny80zM,_suVDny80zM_nSdVj0icFGk,Medium,2,1
3600,sY5weFUDJEs,sY5weFUDJEs_qvOzOqgm6ZA,Easy,1,0
3601,0pzNkHgIdHk,0pzNkHgIdHk_zVaXHQhVXhQ,Easy,1,0
3602,tMGsC29lCVA,tMGsC29lCVA_NLKYB_w38YY,Medium,0,3
3603,aloy-hdZ3CE,aloy-hdZ3CE_VgXFWk_EDGU,Hard,2,2
3604,deCKe46octs,deCKe46octs_V0H-1yClU3o,Medium,0,0
3605,Iyy9VDuS3oM,Iyy9VDuS3oM_4oB7o8Tl9so,Medium,2,2
3606,4tPqarXnVIc,4tPqarXnVIc_ejovqSAfUlY,Easy,1,1
3607,dFwrKRUaFSU,dFwrKRUaFSU_tnWbw57M1PE,Medium,1,1
3608,i3fK8HuF3JY,i3fK8HuF3JY_QncJqle32Ck,Medium,1,1
3609,pNhFBT3yFTk,pNhFBT3yFTk_jLyNyUPlvhg,Hard,1,1
3610,VALtQK2lJP4,VALtQK2lJP4_8Vpq9vgP1BU,Medium,1,0
3611,cSsxxQXuJ7c,cSsxxQXuJ7c_HXrQ2vC3hY8,Medium,0,3
3612,d9kiR4UxLtM,d9kiR4UxLtM_Fm85xFS2wio,Hard,1,0
3613,55f_bRz6ChQ,55f_bRz6ChQ_1rjwNLWcheY,Easy,2,2
3614,JbchJB3nIzo,JbchJB3nIzo_zUUOFjCu-go,Easy,1,0
3615,DncgIwHGxjE,DncgIwHGxjE_EicLkvJ4NK4,Easy,1,1
3616,a7z7nA9sX6k,a7z7nA9sX6k_mn60_eFNHyc,Medium,0,0
3617,LHtr5NdjsOk,LHtr5NdjsOk_oRqft_qXCv0,Medium,0,3
3618,DaDhDiYMDfI,DaDhDiYMDfI_AyqcK2_nkms,Easy,0,3
3619,COmI5XJFFoQ,COmI5XJFFoQ_PqypvhXD2-Y,Medium,1,1
3620,6gXHblPzjGo,6gXHblPzjGo_RtckPD8IvFo,Easy,1,0
3621,p8ToC-DK6Qw,p8ToC-DK6Qw_Cm4jo3mexE8,Medium,0,3
3622,TvhPQUE3BNk,TvhPQUE3BNk_6e52F_HhamE,Hard,0,3
3623,VjK2z6-hvfs,VjK2z6-hvfs_gc-stVAWeKU,Easy,1,1
3624,PJfBaWZeHo4,PJfBaWZeHo4_dLdDr-O8nWo,Hard,0,3
3625,Ld_DIFA11Vo,Ld_DIFA11Vo_NGd9p7KhoLc,Medium,1,1
3626,QctJL1wkQPk,QctJL1wkQPk_Aa-Cb8euQkg,Medium,1,0
3627,6ONRDOdjXic,6ONRDOdjXic_jMG0Y8EGv90,Easy,1,1
3628,fZmshTl05Qs,fZmshTl05Qs_tVoLgsBSgso,Easy,2,2
3629,Pb1enfXOIOo,Pb1enfXOIOo_KWQ-giyEqP0,Medium,1,0
3630,M6o2nS_ahs0,M6o2nS_ahs0_uEb6jRixNaQ,Hard,2,2
3631,yYRp0CBODpE,yYRp0CBODpE_pxJhz34AFl0,Easy,1,0
3632,jobVnnvmtXA,jobVnnvmtXA_4TfgPdChdys,Medium,0,3
3633,nIeMOY0hXa0,nIeMOY0hXa0_lDf1xI6jJbs,Hard,0,3
3634,PpDdemNFTTM,PpDdemNFTTM_ttEPfnbcQ0A,Medium,2,2
3635,MsvUscdzkAc,MsvUscdzkAc_aZuqmdRgEHE,Medium,1,0
3636,O30F9cxtlVM,O30F9cxtlVM_eF5tyM_4WKc,Easy,1,0
3637,gZy9qUPNjHA,gZy9qUPNjHA_sTnBGVAy-Sc,Hard,1,1
3638,irfkIP91thQ,irfkIP91thQ_ovJEf3DX5qw,Medium,1,0
3639,EQ2eVIsCDF0,EQ2eVIsCDF0_HfuXoVGbsDM,Hard,2,2
3640,gAjbxui-dPM,gAjbxui-dPM_-t7bqu_Ae3Q,Medium,1,0
3641,puHW5aOoY4M,puHW5aOoY4M_72NGI172yqo,Medium,0,3
3642,eHSyO4dXFTM,eHSyO4dXFTM_T7zNd5L5A0E,Medium,0,3
3643,llndRKxB5SA,llndRKxB5SA_7yu4e2XwJaU,Hard,0,3
3644,xBBIBkuND3k,xBBIBkuND3k_WTg-zn_RE3Y,Medium,1,1
3645,fpPHM9g7doo,fpPHM9g7doo_gXmN3m7GpEk,Easy,0,0
3646,TgEglIxgy_g,TgEglIxgy_g_lKrT7AblIKU,Medium,2,2
3647,uRUoPtEg-Nk,uRUoPtEg-Nk_F5tUIgcy9-c,Hard,0,3
3648,qwwld9EtOIY,qwwld9EtOIY_I7zwTF0TvcI,Medium,0,3
3649,oEkJ1ixdcdU,oEkJ1ixdcdU_sL141OgJ_ho,Easy,1,1
3650,hxTUvjn48ho,hxTUvjn48ho_sMbVsvwwBS0,Easy,1,0
3651,Bw7hN8Fd2D4,Bw7hN8Fd2D4_EOO4VN1G3GY,Hard,2,2
3652,hBTR5vUBQaY,hBTR5vUBQaY_JgL_9CPrEiU,Easy,2,2
3653,Al7bbZI74xw,Al7bbZI74xw_zR3pxQZkqgY,Hard,0,3
3654,N31b8DrmzVM,N31b8DrmzVM_RJzIN2PXkks,Easy,1,0
3655,qmwmy2sVKdU,qmwmy2sVKdU_brUl3fyW7Os,Medium,0,3
3656,3l4tckL1Xws,3l4tckL1Xws_V-QPu-ugKcw,Hard,1,0
3657,hwfyB_i8ioU,hwfyB_i8ioU_4OSXqnIdmP0,Medium,0,3
3658,mzWSkSI2n98,mzWSkSI2n98_dncZyU_7Yf0,Medium,1,1
3659,G0s_bG7MDqA,G0s_bG7MDqA_A4u3qi6kr5U,Medium,0,3
3660,K2Tehu9FskU,K2Tehu9FskU_mrUSad1Tdzk,Medium,1,1
3661,e7OkOFWMvb8,e7OkOFWMvb8_aSfxFGcN2Nw,Medium,0,3
3662,9L8v5X7KUmw,9L8v5X7KUmw__miNcFeFVRc,Easy,1,0
3663,-YooUdGWY0o,-YooUdGWY0o_BPFAJtvfzV4,Easy,1,1
3664,DHNVh_sZawQ,DHNVh_sZawQ_k8jftdko7Fc,Easy,1,0
3665,MZOf8kBMirk,MZOf8kBMirk_6Ebd8mapElY,Easy,0,3
3666,bi0mIScJ1z4,bi0mIScJ1z4_cdUk4xcpx28,Hard,1,0
3667,kmiGgZl2BSM,kmiGgZl2BSM_Zr25hVIpK9k,Medium,0,3
3668,aE9zdHLUhrc,aE9zdHLUhrc_cnCAtlBVpRs,Easy,2,2
3669,HrHG-eoHNP8,HrHG-eoHNP8_YuRZko-_wHY,Easy,1,0
3670,sY4cJshj66E,sY4cJshj66E_3-G8L1hgDfk,Easy,0,3
3671,yq9TM2Pt5Ng,yq9TM2Pt5Ng_gsBpx5BZ75M,Easy,1,0
3672,d78gsJINfpc,d78gsJINfpc_bMpoRet2bEg,Medium,1,0
3673,h5Dl5y6er04,h5Dl5y6er04_rHV4SRg0aSU,Hard,2,2
3674,5x66N1JBGdc,5x66N1JBGdc_dvRcl086QWE,Hard,1,1
3675,x2onYSDCRXo,x2onYSDCRXo_iEkQGa_O5tU,Medium,1,1
3676,iuO8VnyKJ7Y,iuO8VnyKJ7Y_MaK2Uy9UZz8,Hard,0,3
3677,Mczic79SuG8,Mczic79SuG8_jqhWFZuCsQ4,Medium,0,3
3678,3Q-kuCJPcgc,3Q-kuCJPcgc_Z0XVN8Aya9Q,Easy,0,0
3679,1IoQR_ZHpug,1IoQR_ZHpug_S45QbnKEkPA,Easy,1,1
3680,DG3HVGLXLt4,DG3HVGLXLt4_QjDbVYnmDMU,Easy,0,3
3681,IFlaZy6pVbk,IFlaZy6pVbk_5Z0hzmdMlQs,Hard,1,1
3682,KeAXOX_HgVQ,KeAXOX_HgVQ_x-cI-yz1nnY,Hard,0,3
3683,T34qPwlf9Pc,T34qPwlf9Pc_ebNIqJn-yBY,Hard,1,1
3684,LfyxIib8agk,LfyxIib8agk_TS_aXHEC3Q0,Medium,1,1
3685,7z2m-bhfXq8,7z2m-bhfXq8_JCP8F2AOx38,Easy,1,1
3686,VfYtgpdMojs,VfYtgpdMojs_nwlNRVhPgcc,Medium,0,3
3687,xoYpne9A-FA,xoYpne9A-FA_zZR0w2xTqFc,Medium,0,3
3688,z7VwAj16sYE,z7VwAj16sYE_rjihSJCUD4I,Hard,1,1
3689,mkPFefiDPsY,mkPFefiDPsY_eyPHi3taRcM,Easy,1,1
3690,QRhw4bH0dpk,QRhw4bH0dpk_dU4iNHKz-00,Easy,1,1
3691,75biSAuBR4c,75biSAuBR4c_69KDhvYkeS0,Hard,2,2
3692,FPvQ2tzHlRU,FPvQ2tzHlRU_-jtQyJOTDEc,Medium,0,3
3693,ijTVfW659iU,ijTVfW659iU_ZeKkW-eJmIs,Medium,0,3
3694,mLw077t1jwI,mLw077t1jwI_dkjl0oloZMA,Hard,1,1
3695,JafBMfCbnBI,JafBMfCbnBI__xP4GKnxQ0A,Easy,2,2
3696,fnGkeIqyTfs,fnGkeIqyTfs_zeodHQQ7-6s,Easy,0,0
3697,fkldENiJ-Uo,fkldENiJ-Uo_M2R7nblznVU,Hard,2,0
3698,hzpvehYeLus,hzpvehYeLus_yfbV862Plgk,Medium,1,0
3699,U9X4WLfSkh4,U9X4WLfSkh4_UgwsSr8oiZ4,Hard,1,1
3700,vm3-lYUy_jo,vm3-lYUy_jo_KcSlqyWwzAE,Easy,0,3
3701,sxwT24ZAKDE,sxwT24ZAKDE_1Nb8tx8oA6w,Hard,2,2
3702,eb7yvnADPAk,eb7yvnADPAk_F3xywY2Ej0o,Easy,0,0
3703,JHhegmXYj-o,JHhegmXYj-o_j1IAsiv39Hc,Easy,0,3
3704,QlXVWjOqRi4,QlXVWjOqRi4_VLZ6RuNX7AU,Easy,0,0
3705,SQZT17IAxeA,SQZT17IAxeA_tj0qwm941gg,Hard,0,3
3706,-1cdMsoKYik,-1cdMsoKYik_6CKh-KjtuVU,Medium,1,1
3707,puumS1mxYCo,puumS1mxYCo_DCl2QL4zAeU,Medium,1,0
3708,cKQWxtjWBs8,cKQWxtjWBs8_Y56TIIYG6BE,Easy,0,3
3709,S7YF0ZUNeU4,S7YF0ZUNeU4_PyER8btqjE0,Hard,1,1
3710,rsb8IPmPayY,rsb8IPmPayY_A84hNilKxFM,Medium,0,3
3711,xSAt_9AARZg,xSAt_9AARZg_qJbtrYcfTfo,Medium,1,0
3712,FqWWxNJAWuQ,FqWWxNJAWuQ_fYMkcCcQ5Ag,Medium,1,0
3713,_kmKB5z_M6A,_kmKB5z_M6A_JjE4zBFDIM4,Medium,1,0
3714,dfwyCizQp5g,dfwyCizQp5g_t3HezFK7O4Y,Easy,2,2
3715,HalzeiAqMCs,HalzeiAqMCs_fJniB5oey-s,Medium,1,0
3716,BLuyyJmERqQ,BLuyyJmERqQ_zh69XFZCm1A,Easy,0,0
3717,qXtdpyh3GLk,qXtdpyh3GLk_xhX-N7-uUzw,Medium,2,2
3718,RdCMRG3fJeY,RdCMRG3fJeY_pBvxnwje8lw,Hard,1,0
3719,bz_n_KZXnf8,bz_n_KZXnf8_Y4_ux7TPRw4,Easy,1,0
3720,UbOAofS7-rk,UbOAofS7-rk_DkZ79b9AcTI,Easy,2,2
3721,cXi-KWLvIq0,cXi-KWLvIq0_VuEmeZhjAEw,Hard,1,1
3722,SxAA9De-VCI,SxAA9De-VCI_3KiUi_iDAkI,Medium,0,0
3723,lzdub-SjOFk,lzdub-SjOFk_gPUiMMVpi5c,Hard,2,2
3724,S3d4flCx8YE,S3d4flCx8YE_NJIv87kUxao,Medium,1,1
3725,B4Sp3KMrVRI,B4Sp3KMrVRI_T_hk-rXUoU8,Hard,1,1
3726,TNwc4WKfxPo,TNwc4WKfxPo_veU92wmWD0c,Medium,1,0
3727,yBbl3RpgNN4,yBbl3RpgNN4_96uGXeCrPAo,Medium,1,1
3728,V5ZT5K5umzg,V5ZT5K5umzg_ZGVkpsQEF4U,Medium,2,2
3729,5eSLbYZTZYM,5eSLbYZTZYM_sa-5PbGjNGg,Hard,1,1
3730,ekHVzHN53Cc,ekHVzHN53Cc_NGvog-88GpU,Easy,0,3
3731,ZHSZSwrNHL8,ZHSZSwrNHL8_XgtvD5h8oPg,Easy,0,3
3732,I4E7KTZnuJY,I4E7KTZnuJY_bSiWM8y4Zi4,Hard,2,2
3733,ozRQnRZ1zdo,ozRQnRZ1zdo_NhiCjOHED8Q,Hard,0,3
3734,n9brPVAYdlw,n9brPVAYdlw_Kc5jK5G3EwU,Medium,2,2
3735,-9t95IWze08,-9t95IWze08_qw2-UUwDRsc,Medium,2,2
3736,fDNuktEpWr0,fDNuktEpWr0_WTM2x1JCjk4,Medium,1,1
3737,3FK8NN4_wWY,3FK8NN4_wWY_jvVmvTaNQo0,Hard,0,3
3738,Na5qQzxYM1k,Na5qQzxYM1k_U8ZXHj5Ntm0,Easy,1,1
3739,HRQBiBdEdOE,HRQBiBdEdOE_oXHszTWyzvA,Hard,1,1
3740,scUpHQ_1gdk,scUpHQ_1gdk_xJS0YxYQRQM,Easy,0,3
3741,aMYKwpbi4NU,aMYKwpbi4NU_FAi1atXAKHo,Easy,1,1
3742,AD6m7EpEqok,AD6m7EpEqok_I4O5GiOJxGU,Medium,0,3
3743,mNQ9j-nimEo,mNQ9j-nimEo__uO2w5m1xp4,Hard,2,2
3744,vjeLkRlnOwU,vjeLkRlnOwU_cAtkksp8Bog,Medium,1,1
3745,fFVIweRLchc,fFVIweRLchc_9Yl8caeldEw,Easy,2,2
3746,TMeh94SImcg,TMeh94SImcg_gqM4NdMtZ_I,Hard,0,3
3747,XWsqLs7Z0Fw,XWsqLs7Z0Fw_JaqRsPHA-7s,Easy,0,3
3748,f4ohfdCPHcU,f4ohfdCPHcU_0M0wOHwEy70,Hard,2,2
3749,udUlcJliVbg,udUlcJliVbg_BZIKnN6W3EE,Medium,2,2
3750,9XvnHwMFKRQ,9XvnHwMFKRQ_b9lOLuEZtpc,Easy,0,3
3751,2ekamWO26Vs,2ekamWO26Vs_-AlOPHTv9j8,Easy,0,3
3752,OfXfbWR6VL0,OfXfbWR6VL0_YB9aGyEV3ZM,Easy,1,1
3753,t0_gVHrlzgI,t0_gVHrlzgI_I7ZEnU25mg8,Easy,2,2
3754,GI6_MCrDl6o,GI6_MCrDl6o_fYEhUcWefXY,Medium,1,1
3755,OGRvTqjqSPU,OGRvTqjqSPU_XQl2ZbZHWNs,Easy,0,0
3756,ABOxnNB4-X0,ABOxnNB4-X0_rNXvMajnoQ4,Hard,0,0
3757,1bTHhXSpd4U,1bTHhXSpd4U_OrbgeSldoek,Hard,1,0
3758,VCF98qWl1_4,VCF98qWl1_4_A81G7izNkS8,Easy,1,0
3759,ol5zVpkbzrI,ol5zVpkbzrI_oXHszTWyzvA,Easy,1,1
3760,bi8PN1U37lo,bi8PN1U37lo_hQX8ZYEnlfQ,Easy,1,1
3761,mBgG1RQjjvQ,mBgG1RQjjvQ_qwxLx_1tvWU,Medium,0,3
3762,Y3XSMfhR43g,Y3XSMfhR43g_9LwT4G3xo0Y,Hard,1,1
3763,PzrAWFn0QIU,PzrAWFn0QIU_8sY8eBcr4ZE,Easy,0,2
3764,5bLzWJTXze4,5bLzWJTXze4_SAL_xX-JV8s,Easy,0,3
3765,PwekXBNn19U,PwekXBNn19U_VmsvgPeIdOg,Hard,0,3
3766,UoX5uaRVxQw,UoX5uaRVxQw_kSZM0XnAGh4,Hard,1,0
3767,baDTRn3QFTw,baDTRn3QFTw_Ck4z9ggFDl8,Easy,1,0
3768,HjAq2dHtpn4,HjAq2dHtpn4_CgwVLo1dsyQ,Easy,1,1
3769,1DyVUzMLevY,1DyVUzMLevY_WtkTXBTTcAw,Medium,1,0
3770,KU0uVYyV5G0,KU0uVYyV5G0_RMdNtgq29eM,Hard,1,0
3771,Kw2q-JiN9G8,Kw2q-JiN9G8_8p5-grm8fr0,Hard,1,1
3772,SYvciTJNrrk,SYvciTJNrrk_ZL1037fJHAM,Easy,2,2
3773,XueM9HqcNgM,XueM9HqcNgM_z32x1YipaTw,Medium,0,3
3774,hYkj4edMIo4,hYkj4edMIo4_abgiLRo3dwE,Medium,0,3
3775,IHx9FN54I9g,IHx9FN54I9g_o5E1-WMvJ7I,Medium,2,2
3776,KQwBl837iDs,KQwBl837iDs_AmpjMHhOlEk,Hard,0,3
3777,iVzvr5CAwas,iVzvr5CAwas_oE5mYjzZdXs,Easy,1,1
3778,2hOh59ASddU,2hOh59ASddU_P1HBPvjeRHM,Medium,0,3
3779,a5Hp4K0PwRQ,a5Hp4K0PwRQ_-y-Jyc_NF8o,Medium,0,3
3780,9VnFAQK0ZP4,9VnFAQK0ZP4_t2ZU1rlQnsk,Easy,1,1
3781,EQNZdov8tA4,EQNZdov8tA4_dF5IhLCMabI,Hard,0,3
3782,OonNpW3K2Ic,OonNpW3K2Ic_LauzyU9PtDQ,Easy,2,2
3783,MxuPrvE4_Fg,MxuPrvE4_Fg_eH0l1JSrXpo,Medium,1,1
3784,crAJMo9Xt8M,crAJMo9Xt8M_A0tzytFvwZE,Hard,1,1
3785,VImhDgzBbDw,VImhDgzBbDw_kaO_l3skp_A,Easy,2,1
3786,GN4cjTpLTk8,GN4cjTpLTk8_H4D_W_arWTE,Easy,0,3
3787,1KtVk4fHb1Y,1KtVk4fHb1Y_piLZZ0gPL8U,Easy,1,1
3788,cv-jSWbgOKU,cv-jSWbgOKU_C5A5d8ZWeWQ,Hard,2,2
3789,G8lfXKb9eX8,G8lfXKb9eX8_P0QP_5RQIYE,Easy,1,0
3790,EkGf60AP0dA,EkGf60AP0dA_ceoJV3776Cg,Easy,0,3
3791,Ls0WfopgR9k,Ls0WfopgR9k_A6UmkltYYL8,Easy,1,0
3792,DzHBVihUjNQ,DzHBVihUjNQ_8YhZD-Kw4r0,Medium,1,1
3793,xxh31xW5AZ0,xxh31xW5AZ0_LYzAlZCO-kA,Easy,2,2
3794,cLsj4ugjmvA,cLsj4ugjmvA_NFgVvMK4EfU,Medium,1,0
3795,r2wR25HepRY,r2wR25HepRY_ajaNEm8-TCs,Easy,0,3
3796,YHUOSNLyeb8,YHUOSNLyeb8_X--C4oGzdQg,Hard,1,2
3797,8y737pFmAgo,8y737pFmAgo_uLd53uBeBfw,Medium,2,1
3798,N5FT5WbHwYI,N5FT5WbHwYI_m6ujg5o9ElY,Hard,1,0
3799,JGy5x6oHqjY,JGy5x6oHqjY_6Bzf0XVq3QU,Medium,1,1
3800,YetG3w0Mgw4,YetG3w0Mgw4_9ioyW_8o5IQ,Medium,1,1
3801,2oNN37dbQM8,2oNN37dbQM8_VewlN-KDyZ8,Hard,1,0
3802,ZJfvDYsPZ-o,ZJfvDYsPZ-o_rH8z1kZjkGg,Easy,0,3
3803,SqqNML3uYA8,SqqNML3uYA8__NdtvedZfrk,Medium,1,1
3804,3-cKET6Qhtw,3-cKET6Qhtw_Tzwc1j1ur30,Easy,1,1
3805,BMmlJcriVK8,BMmlJcriVK8_826eBJpjKC0,Medium,0,0
3806,eaamvzj2VTY,eaamvzj2VTY_PPKarPBfzEc,Medium,1,1
3807,DKdLZt6sUOU,DKdLZt6sUOU_wwmc-dOV9Ps,Medium,1,1
3808,qNNnFF0KsBE,qNNnFF0KsBE_cgfxQQi7rf8,Medium,0,3
3809,tC4rE4M_xwg,tC4rE4M_xwg_YZbZweNywDM,Medium,2,2
3810,ZkyXGdISEAU,ZkyXGdISEAU_axrlQz58DhI,Medium,1,1
3811,2Rcv4kR9YsE,2Rcv4kR9YsE_xe-2f5WRw-o,Medium,0,3
3812,pgfe7UzzpZc,pgfe7UzzpZc_l-i53lNClN8,Easy,1,1
3813,DPVlVIuTK6Y,DPVlVIuTK6Y_pepTNtUKAuY,Easy,1,1
3814,6B6s6SJ1j5c,6B6s6SJ1j5c_uK28INwGS00,Medium,2,2
3815,9svJKkWJKOs,9svJKkWJKOs_bjJZXgxdO7k,Medium,1,1
3816,-ukunedWlXY,-ukunedWlXY_H6H2pv821t4,Easy,1,1
3817,r8oWe1zCLK0,r8oWe1zCLK0_4Hbncn8uVa8,Medium,1,1
3818,eNTZ8k-YLCg,eNTZ8k-YLCg_bhwRjxIYu4o,Medium,1,1
3819,qIJqSGTpfA0,qIJqSGTpfA0_babtBEl69zc,Medium,1,1
3820,fl3YUHFjinc,fl3YUHFjinc_aPqISLFqZkQ,Medium,1,1
3821,Eew1P51zceE,Eew1P51zceE_FXV9ZBhzZs0,Hard,2,2
3822,OKoYCGltFSs,OKoYCGltFSs_pPerNKYvg0w,Easy,1,1
3823,z_dVQoegRkU,z_dVQoegRkU_GIC3VsJlSz0,Easy,1,1
3824,BgeDQZ_cj8Q,BgeDQZ_cj8Q_uGOr_-NT814,Easy,0,0
3825,VRzzLEMF8LU,VRzzLEMF8LU_qlXG3p0ovl4,Medium,1,1
3826,-Kq6Xt6bCpU,-Kq6Xt6bCpU_YqolWhs-o2A,Medium,0,3
3827,3DQhEaXVYCs,3DQhEaXVYCs_ZXSff68rKyQ,Easy,1,1
3828,PmEVS0QuYUM,PmEVS0QuYUM_Zjga14bHjGA,Hard,2,2
3829,dzbJ79_O8-g,dzbJ79_O8-g_XQ4MhaT9b1M,Medium,1,0
3830,zHs6uwu63JE,zHs6uwu63JE_-y-Jyc_NF8o,Easy,0,3
3831,7re7ft-lSxE,7re7ft-lSxE_UApNm2NyAFI,Easy,2,2
3832,3pQt4HKngEY,3pQt4HKngEY_qYV8jl5wTrM,Easy,1,1
3833,NFhXs9TIbmE,NFhXs9TIbmE_HstV2yILZJk,Easy,1,0
3834,kBlLDHrm4gQ,kBlLDHrm4gQ_twFZ6kivB3M,Easy,1,1
3835,lpEZwiPT8Mk,lpEZwiPT8Mk_QFzkW1_SeIo,Medium,0,3
3836,OW_W0MLizf8,OW_W0MLizf8_i1Acj69LlEE,Hard,1,1
3837,zHSJ-vuOp08,zHSJ-vuOp08_s2Odvz0uDyU,Easy,2,2
3838,Ig3NpFxgo94,Ig3NpFxgo94_7GnCUsL6Qkw,Hard,1,0
3839,XE4CqR5mfVA,XE4CqR5mfVA_Bp3zOMni8QI,Medium,1,1
3840,JKLL8DfVBwQ,JKLL8DfVBwQ_g6eGCn_tOos,Easy,0,3
3841,vbJ3XkSOMNA,vbJ3XkSOMNA_FadxV4C7eYM,Hard,0,0
3842,QFSgWVBpnEY,QFSgWVBpnEY_68mi420o3dc,Easy,1,0
3843,PO7CEdnDnVY,PO7CEdnDnVY_lHfLWwE6_UU,Hard,2,2
3844,E3pBGreRp9Q,E3pBGreRp9Q_qMmgL5b8kv4,Hard,0,3
3845,ztwDa1-dtOY,ztwDa1-dtOY_jtlyRoFQipo,Hard,1,1
3846,9OsYxVQe4b0,9OsYxVQe4b0_IRnChKrRCaY,Hard,1,1
3847,ABiSEX2rJOU,ABiSEX2rJOU_fRZXnywRj34,Easy,0,3
3848,OZO0HlVqb4I,OZO0HlVqb4I_hogg02UHnzQ,Easy,0,3
3849,C0OznGZgb3Q,C0OznGZgb3Q_MmkwXAemKc0,Hard,2,2
3850,92C29rZMmSw,92C29rZMmSw_z0ZjNZmKGt0,Easy,1,0
3851,Rz2D2V8INJw,Rz2D2V8INJw_AyqcK2_nkms,Easy,1,1
3852,qYlRYHWTTdM,qYlRYHWTTdM_vwqHB_A824w,Hard,0,3
3853,-kEc8zRwE84,-kEc8zRwE84_6UtdWhQKsxQ,Hard,2,1
3854,o0v1PJLLCOU,o0v1PJLLCOU_UHIvA28DOpM,Hard,0,3
3855,x5XgTdxtFf0,x5XgTdxtFf0_sg4wWtZ-s2A,Medium,0,3
3856,SHuWj6ycquQ,SHuWj6ycquQ_TdPA3e_WVwI,Easy,1,1
3857,pRoGCr_PFCE,pRoGCr_PFCE_qdnPsrc8u4I,Medium,2,2
3858,fPDCcd3zdYk,fPDCcd3zdYk_2rQXXBXrvjw,Easy,1,1
3859,EHiz8fIiQgc,EHiz8fIiQgc_FfT8SBYWrYg,Medium,1,0
3860,QZAQUGOGorA,QZAQUGOGorA_DuUOTr_Id2c,Medium,0,0
3861,Zmiqkf5OP6c,Zmiqkf5OP6c_Obrc1vayLXk,Hard,0,3
3862,Ma5yc9JEhOk,Ma5yc9JEhOk_mgdqD5ZXqAY,Medium,1,1
3863,5Ybw8fuyymQ,5Ybw8fuyymQ_g6eGCn_tOos,Hard,0,3
3864,XqMI1kG1UQQ,XqMI1kG1UQQ_er00sxYvh5s,Easy,1,0
3865,BrNN2NUrqWo,BrNN2NUrqWo_10gEPT-q37c,Hard,1,0
3866,zntCqHu43WY,zntCqHu43WY_pFsobtf37LE,Medium,0,3
3867,lsHLxwSqj9I,lsHLxwSqj9I_OW6faBDdm2s,Easy,2,2
3868,JZ90v4OTouI,JZ90v4OTouI_ZT5BhzPSME4,Easy,0,3
3869,otb9WIL5_qY,otb9WIL5_qY_ZLOoMScxmpM,Medium,0,3
3870,6-4lLm7C5io,6-4lLm7C5io_zcGutv4-hWI,Hard,2,2
3871,8heMQVUEVAA,8heMQVUEVAA_Oj0gRsyxf8U,Easy,0,3
3872,rJvrfibOqkI,rJvrfibOqkI_HrnGRj7Krn0,Hard,1,0
3873,y-OS-AoItJY,y-OS-AoItJY_f4jrukKaZxQ,Medium,0,3
3874,hLzy7He0LiM,hLzy7He0LiM_28sKcgZHevg,Easy,1,1
3875,-sxKd4111mw,-sxKd4111mw_4N2JmCy8y2I,Easy,1,0
3876,5vOcmkN9MIk,5vOcmkN9MIk_YKkdrHiem3o,Medium,0,3
3877,TaJcItjeIro,TaJcItjeIro_RH85_-2Q39E,Medium,2,2
3878,hFphgyjVkWU,hFphgyjVkWU_8ts38nbxHQE,Hard,2,2
3879,S1_4mMOJhsM,S1_4mMOJhsM_GUUamsY5HcE,Easy,0,3
3880,Bh2DH8y1l_g,Bh2DH8y1l_g_-HAty613-Ic,Easy,0,1
3881,bMjl-Ffp32o,bMjl-Ffp32o_EfO3gB80M_o,Hard,2,2
3882,OgLYPmbVb1A,OgLYPmbVb1A_AyWoTP4ekaY,Hard,2,0
3883,M33t394H73M,M33t394H73M_Vbcdk9qVj0I,Hard,2,2
3884,TPWTYVMprDw,TPWTYVMprDw_GIPh4cz_m2c,Medium,0,0
3885,IkUM-chYLyA,IkUM-chYLyA_ONeTxLuehv0,Medium,0,3
3886,OCbQUH1DKFM,OCbQUH1DKFM_G3AkvmVQJb4,Hard,1,1
3887,TbJhPLhIicA,TbJhPLhIicA_WYaaiTB95Q0,Medium,1,0
3888,nRkO5tWFdyw,nRkO5tWFdyw_rn8iYTAmFNA,Hard,1,1
3889,rWu2-bia2ys,rWu2-bia2ys_aSh4GySwHPQ,Hard,2,2
3890,tK0e5Q7VzwM,tK0e5Q7VzwM_d4G8KZTbB2E,Hard,1,1
3891,d_JQsTG6joc,d_JQsTG6joc_Rtw0idJln_w,Medium,0,3
3892,6pgI2dxZ1ek,6pgI2dxZ1ek_9Gz6ElVNrGI,Hard,1,0
3893,xpbHllIFpMo,xpbHllIFpMo_d9QlZr63Cos,Easy,1,1
3894,2nckIo3Ikko,2nckIo3Ikko_lcXEGHDMd5M,Hard,1,1
3895,uLP0Z2hbnCU,uLP0Z2hbnCU_4ZSSh1RB_rA,Hard,0,3
3896,sqxhLbAYBoE,sqxhLbAYBoE_Ur-6k2DvMSY,Medium,1,1
3897,Mm0r8WkdUh0,Mm0r8WkdUh0_l-FPJh8cZfE,Easy,1,1
3898,rx6G3GbHPvY,rx6G3GbHPvY_5zQ4sZNVi1A,Medium,1,1
3899,AcNzTZoJKZA,AcNzTZoJKZA_tL2oeZKfjPA,Hard,1,0
3900,c6gTcwOCzW0,c6gTcwOCzW0_FvnXXLQfsyE,Hard,1,0
3901,LiL-4EOC3XE,LiL-4EOC3XE_r_4YJx2CRbU,Hard,2,1
3902,5TCX8UnWvbg,5TCX8UnWvbg_Eyxs83_MsMI,Hard,2,2
3903,uO__Emeq7jM,uO__Emeq7jM_SpNzD6D6gZQ,Medium,1,1
3904,5WsITRJPd70,5WsITRJPd70_GQoKEZHJxYc,Easy,0,3
3905,H-W68B4KTVI,H-W68B4KTVI_ulxuGZNxbA0,Easy,1,1
3906,6dLDpf09B5M,6dLDpf09B5M_U1YlBfbthJU,Easy,0,3
3907,m3IklXTAEag,m3IklXTAEag_QSyXiiajSk8,Hard,0,3
3908,4OWNQiJH0Ms,4OWNQiJH0Ms_KQbtBQPhhrQ,Medium,1,0
3909,EFr1_-j3bmM,EFr1_-j3bmM_VNiMf9-9h0w,Hard,0,3
3910,oEgrr_MN3HM,oEgrr_MN3HM_LBEm7D56GuA,Easy,1,0
3911,laM-o_pj7PM,laM-o_pj7PM_RP_Jpa88YDk,Medium,1,0
3912,j2Yw5X3S7SA,j2Yw5X3S7SA_6CA25b70-Ss,Easy,1,1
3913,tMuokRK3WI8,tMuokRK3WI8_EAP20KWvoP0,Hard,1,1
3914,3kkRewQ8j5c,3kkRewQ8j5c_-mrHMqaaawI,Medium,1,1
3915,4Q4VQyHfiPI,4Q4VQyHfiPI_5KMORmZGYRc,Medium,0,3
3916,TME4uekY9hc,TME4uekY9hc_p79AdYDjlFU,Hard,0,3
3917,4lReY9lNwLE,4lReY9lNwLE_gaUcwrQ53o8,Easy,0,3
3918,pL2AI-jPbI8,pL2AI-jPbI8_gMnS_c4T8ac,Easy,0,0
3919,ssw7e465RZw,ssw7e465RZw_FOVdudbuGwA,Easy,1,1
3920,4XdQ_z0SwO0,4XdQ_z0SwO0_3hGA4Ds4OmI,Easy,0,3
3921,JwTb9Vd5Y2k,JwTb9Vd5Y2k_Ony440UWblw,Hard,1,1
3922,RkGpFmIPAec,RkGpFmIPAec_J83d03pXt-s,Hard,1,1
3923,HQKYdqqqIFc,HQKYdqqqIFc_rjihSJCUD4I,Easy,1,0
3924,E-pnNLSHN2Y,E-pnNLSHN2Y_qw2-UUwDRsc,Hard,2,2
3925,k0LSNhR_FqM,k0LSNhR_FqM_brUl3fyW7Os,Hard,0,3
3926,qetbFSjq9r0,qetbFSjq9r0_f4CK8gh22gc,Medium,0,3
3927,dvtcST9gW3Y,dvtcST9gW3Y_02wANV-plPg,Hard,1,1
3928,Q_S8njSQ-M0,Q_S8njSQ-M0_JjE4zBFDIM4,Easy,0,0
3929,h2JSsiyE5lE,h2JSsiyE5lE_SA0aAtcdrt4,Easy,0,0
3930,OdMSA0Rjuwg,OdMSA0Rjuwg_bycGq-zNzuY,Hard,2,2
3931,arOdnIxy3tk,arOdnIxy3tk_dniPTlMnvKA,Medium,0,3
3932,-ClcyzoJwow,-ClcyzoJwow_r43aGC2uZ4M,Hard,0,3
3933,_izSjOauSJM,_izSjOauSJM_4CWAGoZPTUc,Hard,2,1
3934,Ex5x29Gaut0,Ex5x29Gaut0_oEIuhJiqJbc,Easy,1,0
3935,4YaagX64-hQ,4YaagX64-hQ_sEBvmkUVY_k,Hard,1,1
3936,brSk7jSBrUo,brSk7jSBrUo_Uf0v56xKJtU,Easy,0,3
3937,JasrjpRdoRU,JasrjpRdoRU__FRBSJElKOs,Easy,1,0
3938,jVCyreO7ecU,jVCyreO7ecU_cyqLs8CTVvQ,Hard,1,1
3939,jvE8CYCO9ns,jvE8CYCO9ns_E9nipN6kpIc,Easy,1,1
3940,cMJaxGuzSu0,cMJaxGuzSu0_Vbcdk9qVj0I,Hard,2,2
3941,F62hfQfu3Kc,F62hfQfu3Kc_5NWqo9-l59g,Easy,0,3
3942,LpfkvViuvzg,LpfkvViuvzg_7o2GrZOgzTo,Hard,1,0
3943,7yRkX7brhAY,7yRkX7brhAY_m3VxIGu5MHU,Easy,1,0
3944,0NqXqqAYbyc,0NqXqqAYbyc_THNaO8pZ7c8,Easy,1,0
3945,pAtxVOCVwpw,pAtxVOCVwpw_d_OTQGns3-w,Easy,0,3
3946,3nX_DjrMzt4,3nX_DjrMzt4_e10Zo-2KEIM,Easy,1,1
3947,8VlYAxLi0lc,8VlYAxLi0lc_8l5B3peJABY,Hard,0,3
3948,qAFp9ZCjF7E,qAFp9ZCjF7E_DikCFmq6-TQ,Easy,2,2
3949,ft-snp9r8ss,ft-snp9r8ss_IJJ607PPRYo,Medium,2,2
3950,6Bp9qX36XWQ,6Bp9qX36XWQ_a_JZ-bdpInQ,Easy,1,1
3951,N79IR1rv2h8,N79IR1rv2h8_YTbCoZixgNc,Easy,1,1
3952,hlhgYkDKqn4,hlhgYkDKqn4_jKBmrIgG-Nw,Easy,1,1
3953,PwKCnw5uUpE,PwKCnw5uUpE_MDnzh-E04hA,Hard,1,1
3954,Gl1KG5_IpDs,Gl1KG5_IpDs_nj8s-EOnNCE,Medium,1,1
3955,doaikjPLhd4,doaikjPLhd4_vnHcXrtZJmg,Medium,1,1
3956,CYXsoBD1c7o,CYXsoBD1c7o_Yu8Hjsf652s,Hard,0,3
3957,gRO2_3HxJTM,gRO2_3HxJTM_1cbb1aL2oVU,Medium,2,2
3958,olc2TUFBtQM,olc2TUFBtQM_kTg4BY7E6xo,Easy,1,0
3959,HSBjceQZKPE,HSBjceQZKPE_JjE4zBFDIM4,Medium,0,3
3960,H_OqI44ShcM,H_OqI44ShcM_I4zvQn-KqXU,Hard,0,3
3961,N-TptzfIcZg,N-TptzfIcZg_bQWfsc--Ck0,Hard,1,0
3962,9cbLgxFK6C4,9cbLgxFK6C4_1Ew7e-oIZPs,Hard,1,1
3963,Wu8w5gYs6ZI,Wu8w5gYs6ZI_RzKd8etBkhQ,Medium,0,3
3964,c07xdtzezu4,c07xdtzezu4_HxABD-aD-kY,Hard,1,1
3965,4jU0X_uAsr8,4jU0X_uAsr8_PXBj805fhfk,Medium,1,0
3966,8Zar7JTaG9w,8Zar7JTaG9w_YKHV4-XV2KU,Medium,1,1
3967,48zdURCb4zk,48zdURCb4zk_JEutTu2aHI0,Medium,1,1
3968,i9bAwKSAx_M,i9bAwKSAx_M_6mg048nnfgY,Hard,2,2
3969,cnM1PnOUGHs,cnM1PnOUGHs_GA2h85iQLPY,Medium,1,1
3970,dzbWEb5EiyU,dzbWEb5EiyU_ECJ1Uhycy2Y,Medium,2,2
3971,YKkdrHiem3o,YKkdrHiem3o_iXTj-tlFRrA,Hard,2,1
3972,eijHJXxm35M,eijHJXxm35M_KzubQxXVQ9s,Easy,1,1
3973,8Ovm80uhQbo,8Ovm80uhQbo_9D-wLVsgj9Q,Easy,1,1
3974,83UDdNereZY,83UDdNereZY_7_IFZf4SNIc,Medium,1,1
3975,HT-oH-spi4g,HT-oH-spi4g_sKtTougS8AU,Medium,1,0
3976,cQ2xathDbwo,cQ2xathDbwo_-9qMmS5Cgl4,Medium,1,0
3977,ii3hBHG1Yt8,ii3hBHG1Yt8_YivBFYhTuww,Hard,2,2
3978,MThToO6qI_U,MThToO6qI_U_x2CMS8j-GmA,Hard,2,2
3979,igbebkgGTeA,igbebkgGTeA_5NF9y6OR-g4,Hard,2,2
3980,saTEJs6bLos,saTEJs6bLos_P9_I1wHU2zk,Hard,0,3
3981,s4UKAbZXMD8,s4UKAbZXMD8_c6F-7olJ_VI,Easy,1,1
3982,BqMGyB_5YWA,BqMGyB_5YWA_m0YLOxKlURQ,Easy,1,0
3983,p2ydVrxV9EI,p2ydVrxV9EI_conGhaEoJQk,Easy,1,1
3984,Jd8rays-NU4,Jd8rays-NU4_qjAxVQkMVow,Easy,1,1
3985,ju1Zumq7c3s,ju1Zumq7c3s_HmO-dkg9vZs,Easy,1,1
3986,PvjrREKPXb0,PvjrREKPXb0_snmIy6pOv4Q,Hard,2,2
3987,LzryLn7X5IQ,LzryLn7X5IQ_Bl2WBrM_AK0,Medium,1,0
3988,mdUH3vsi05I,mdUH3vsi05I_mhqBHEOWso4,Medium,1,0
3989,5kUNm02v_zk,5kUNm02v_zk_I4zvQn-KqXU,Hard,1,0
3990,V7DGT9CO7yw,V7DGT9CO7yw_5FK5z3VJXdY,Hard,1,0
3991,2-1iE_8Ssus,2-1iE_8Ssus_yk7Q594GVlo,Hard,0,3
3992,5PfHJKZbkaQ,5PfHJKZbkaQ_rhWQ7SEICUA,Easy,0,3
3993,L3LzXx-y3pc,L3LzXx-y3pc_YGkSD75n5ZE,Medium,0,3
3994,4Ztf8_vs3VE,4Ztf8_vs3VE_bCqvGqN4Z0Y,Medium,0,3
3995,yy5mbWybXy8,yy5mbWybXy8_cZf-ocrbFTA,Hard,2,1
3996,5lIN9-xGth8,5lIN9-xGth8_Avq5CdT8azw,Easy,1,0
3997,-h1GDBPaUCc,-h1GDBPaUCc_QG26AGzMPsY,Easy,1,1
3998,KBtEjzlsSQQ,KBtEjzlsSQQ_zfEbfV9iWmk,Medium,0,3
3999,tlqC3nXQb1Q,tlqC3nXQb1Q__jk32L5MQcI,Easy,2,2
4000,LAvQbmEMOKg,LAvQbmEMOKg_OpHV2uPXXMI,Medium,0,3
4001,qVMPAqwkyls,qVMPAqwkyls_rQDEH84YX-g,Medium,0,3
4002,tlBAZO20It4,tlBAZO20It4_4Ztf8_vs3VE,Easy,0,3
4003,0zeCG8_zPpQ,0zeCG8_zPpQ__CwZ0AJdsLk,Medium,1,1
4004,WTu7ogvIzVA,WTu7ogvIzVA_KDRQMolYRrU,Medium,0,3
4005,54cjzEJGauM,54cjzEJGauM_7xxRpOMt0R4,Hard,1,1
4006,KePihlYM5hk,KePihlYM5hk_U22twlgDFeQ,Medium,1,1
4007,MvtTVQVty5I,MvtTVQVty5I__fHaqTTvMsw,Hard,0,3
4008,AjIuiFwaEtY,AjIuiFwaEtY_ZKV1Em1DaNI,Easy,1,0
4009,gh4e37HqI_0,gh4e37HqI_0_M0m236ePh8s,Easy,0,3
4010,mxNeg92aRFs,mxNeg92aRFs_KQY4tyoQMbg,Easy,0,3
4011,fOfhp0UcGUE,fOfhp0UcGUE_9ScBYjZLyQM,Easy,1,1
4012,_APP-9CLbe0,_APP-9CLbe0_cf15OJKZtSA,Hard,1,1
4013,beD870BuVuw,beD870BuVuw_brH8oZnZXII,Medium,2,2
4014,TAxZiuoIPIA,TAxZiuoIPIA_3sJrPZw696E,Medium,1,1
4015,IRa8c93b4uQ,IRa8c93b4uQ_GUTAtMkkq_M,Medium,0,3
4016,p3O3nhfbcsU,p3O3nhfbcsU_oMaf9VI7g2U,Easy,0,3
4017,JR1VxQkpsk4,JR1VxQkpsk4_byERs3JUwB0,Easy,2,2
4018,dwggxrfBFG0,dwggxrfBFG0_QM4fZRCyb1U,Medium,1,1
4019,vlnmt5Tyyd8,vlnmt5Tyyd8_IobSd71BE9g,Easy,1,0
4020,nuQKSO1xafQ,nuQKSO1xafQ_g_NxwOGZKEI,Medium,1,0
4021,OcTTNEln30E,OcTTNEln30E_l9SI54CXP2A,Hard,2,0
4022,EzueDvbBxak,EzueDvbBxak_JPPr16TeIa0,Medium,1,0
4023,q64s4okV01s,q64s4okV01s_1i7oFFd6bLU,Hard,2,2
4024,ivE5CrFMBJk,ivE5CrFMBJk_dl_9dx7sP3k,Easy,0,3
4025,BSA-zYdJkw8,BSA-zYdJkw8_jO8zlog3yfo,Medium,1,0
4026,BC8OlhKOZ_U,BC8OlhKOZ_U_p-K2XPq7ODM,Medium,1,1
4027,oP0I6JMON5A,oP0I6JMON5A_0I7_ARcXCH4,Hard,0,3
4028,5aFAnAA8Fh8,5aFAnAA8Fh8_KjSks1ZBt_U,Hard,1,1
4029,jwpo95TVcEk,jwpo95TVcEk_4HpiEzfVlOE,Medium,2,2
4030,7BfII2SmOsU,7BfII2SmOsU_qO3O3_EhadU,Hard,0,3
4031,6VwimPiauKw,6VwimPiauKw_qjAxVQkMVow,Hard,1,0
4032,rj67qgjRrec,rj67qgjRrec_CPRHe8FGVPo,Hard,2,2
4033,MG7--ljz4d8,MG7--ljz4d8_-UN8YOrcuUg,Medium,0,3
4034,4UN6C77Dz5o,4UN6C77Dz5o_Y4GZppDWDeY,Hard,0,3
4035,M7v8tACZyqE,M7v8tACZyqE_07eHgUSAGRw,Hard,1,1
4036,Sm4K5QQeecI,Sm4K5QQeecI_324Zrj2uwuA,Easy,0,1
4037,Z7WMHtOGVk4,Z7WMHtOGVk4_zxpMqAEp0KI,Medium,1,0
4038,9svBjLKWaeM,9svBjLKWaeM_6qe8UoS4g7A,Easy,1,0
4039,0pjDA47HQRM,0pjDA47HQRM_9BtydDj0Dno,Medium,2,0
4040,kCFPrknC8IA,kCFPrknC8IA_gLmvEmdj7JA,Hard,1,0
4041,UJwWn_w7k5Y,UJwWn_w7k5Y_tvbDt8vyY2U,Medium,2,2
4042,uyYglxvQsME,uyYglxvQsME_FjazoAKTkAk,Hard,1,0
4043,-2j3GqPVFIY,-2j3GqPVFIY_fzyJcrc6_0E,Easy,1,0
4044,o9PRC_WtSr0,o9PRC_WtSr0_b3CJuNKcRDA,Hard,1,0
4045,p3uZ9vLKjWk,p3uZ9vLKjWk_SaKRCN7NVoc,Medium,2,2
4046,EekXEDhahDc,EekXEDhahDc_nAC2IWBYg9E,Medium,1,1
4047,_DJzUMjjVRw,_DJzUMjjVRw_bCqvGqN4Z0Y,Medium,0,3
4048,DnmlerNcJfM,DnmlerNcJfM_3FZqfwE5EKI,Easy,0,3
4049,IEkxniqKiLs,IEkxniqKiLs_P_AcsyTgu7w,Medium,0,0
4050,wWs5GOQmMcE,wWs5GOQmMcE_AQAihvHQz5Y,Medium,0,3
4051,m22c341a_uY,m22c341a_uY_TGAA0Ak_3UQ,Medium,2,2
4052,zlG0DELaQb0,zlG0DELaQb0_1onuYCTiC_I,Medium,0,3
4053,RtN6hQUg_8A,RtN6hQUg_8A_uASCrVnpPG0,Medium,1,1
4054,yOiWA8MTAFg,yOiWA8MTAFg_cctTTgI6GTs,Hard,2,2
4055,9K44JtFFVtA,9K44JtFFVtA_cS7uHfjR3FM,Easy,1,1
4056,m2CxHiltDzs,m2CxHiltDzs_sopIF5zt7kA,Medium,1,1
4057,GIIX3bZDjDM,GIIX3bZDjDM_ne5g-xR6IRA,Medium,1,0
4058,lNJu9YEuayU,lNJu9YEuayU__rZo4MsuB2Y,Medium,1,1
4059,OSstArgPCiA,OSstArgPCiA_7t3MnS7lfho,Medium,0,3
4060,-JX9rgF0aeg,-JX9rgF0aeg_Rw6-u_lgJwA,Easy,1,0
4061,gvGmrwfhmGU,gvGmrwfhmGU_KdFW2GAn7PQ,Medium,1,0
4062,EK6tIERXEEM,EK6tIERXEEM_OpHV2uPXXMI,Medium,0,3
4063,f68hzjPIbKU,f68hzjPIbKU_BrDVKsarH-s,Easy,0,3
4064,RSRce8oV0C8,RSRce8oV0C8_yHJakDJgEuE,Medium,0,3
4065,9rKrBY3C6W8,9rKrBY3C6W8_ps3h2HOLbEg,Hard,2,2
4066,WzFfM0JvtN8,WzFfM0JvtN8_20RZSXdGTVg,Medium,0,3
4067,Op25MpDo0s8,Op25MpDo0s8_cReo96gx79s,Medium,1,0
4068,op_n6J4KBCg,op_n6J4KBCg_sYlwfL4WZ-Q,Easy,1,1
4069,A6Zv85_7lA0,A6Zv85_7lA0_3XX7SG-VcJw,Easy,0,3
4070,03mbmGbiBsg,03mbmGbiBsg_nwscLE2E9rM,Hard,2,2
4071,qRb7kt3vH6M,qRb7kt3vH6M_SRTR_MhJ6mk,Hard,2,2
4072,NGyJmYhMfHc,NGyJmYhMfHc__A5wLXCcYeQ,Medium,0,3
4073,o1bd31P70HE,o1bd31P70HE_NgmT1hhqNaw,Hard,2,1
4074,iGXGTvaHvww,iGXGTvaHvww_XIEMnZhX4EE,Easy,1,1
4075,u_GNxGKoyYI,u_GNxGKoyYI_NCi2-FoIVX8,Medium,0,3
4076,a-NTUHSyhRM,a-NTUHSyhRM_aL-1tkSv3ps,Easy,0,3
4077,aJ8QlFoM1H4,aJ8QlFoM1H4_9gbV0bI9Ros,Hard,1,1
4078,51MUaXKOOM4,51MUaXKOOM4_k-CJINmIrME,Easy,2,0
4079,ucMpzhhtnPY,ucMpzhhtnPY_guLZuSZPAsE,Hard,1,0
4080,dqEGrSshnkM,dqEGrSshnkM_ZOsx4ZU5mh4,Hard,1,1
4081,EVqetxYVWz8,EVqetxYVWz8_23BpdYxkHzE,Hard,1,0
4082,yb8-rAGLuDY,yb8-rAGLuDY_cZf-ocrbFTA,Hard,2,2
4083,DnnG3Igtsc8,DnnG3Igtsc8_B_MNQqCrCUY,Hard,1,0
4084,9exDX7yWQZk,9exDX7yWQZk_IVMyDdqXcjE,Hard,2,2
4085,3UYj5yO0YNo,3UYj5yO0YNo_WYaaiTB95Q0,Easy,0,3
4086,7i_CtlGr8fo,7i_CtlGr8fo_n99Rz1XmXzY,Easy,2,2
4087,khe8nWxLC6A,khe8nWxLC6A_GM5NClxKzV4,Medium,2,2
4088,mCPc_UEJ--A,mCPc_UEJ--A_7LXAPcFLxgg,Easy,0,3
4089,COWLQpVuI9E,COWLQpVuI9E_HBmhMgR1lsM,Easy,2,2
4090,K6t0AIntqdU,K6t0AIntqdU_72VCqNC-U-o,Easy,1,0
4091,Z24g0Tk1Tx0,Z24g0Tk1Tx0_b3XDL9UFwr8,Easy,1,1
4092,bglV_DPuUEQ,bglV_DPuUEQ_fvkvzS2ymwA,Easy,0,3
4093,tIz4bsYuEXM,tIz4bsYuEXM_V8ksIUWdF6A,Easy,1,1
4094,eRule6Ro2jc,eRule6Ro2jc_8xESOk3Eufs,Hard,2,2
4095,tOuBxoTXavQ,tOuBxoTXavQ_8pcOPW8MDYk,Hard,2,2
4096,OPJsrUGcvK4,OPJsrUGcvK4_8pOIIpvoeB0,Medium,1,0
4097,p1Ro_J5oOuo,p1Ro_J5oOuo_Kz3oGDgoW50,Easy,1,1
4098,rBNnhCHHnQg,rBNnhCHHnQg_YaMA5KZlG9Q,Hard,2,2
4099,Mp7El6RboH0,Mp7El6RboH0_pt-lRI1BMuM,Hard,1,1
4100,CVMsoNcYS74,CVMsoNcYS74_S1szmts9_8o,Hard,0,3
4101,ObAhTRKGHJY,ObAhTRKGHJY_cF_R6cwduXI,Medium,0,3
4102,CoDuWTkxUs4,CoDuWTkxUs4_DNk2VHxrt7c,Hard,2,2
4103,hPESsdaUW6s,hPESsdaUW6s_JwOh8UN3kao,Hard,0,3
4104,bLe6nN9F46w,bLe6nN9F46w_G8xF5xLgWnU,Medium,2,2
4105,lFH_6U-eD68,lFH_6U-eD68__sCowPX4sg0,Medium,2,2
4106,JWhDSWex4Fw,JWhDSWex4Fw_Vfcz1Ujhp2U,Medium,1,1
4107,TSkEeQabWVE,TSkEeQabWVE_shG5YJXxDbA,Easy,2,2
4108,rhncvUaXh4Q,rhncvUaXh4Q_jFxS6eCvwtE,Hard,0,0
4109,JM8BBEDpxMg,JM8BBEDpxMg_mddMTQeiuHY,Medium,1,0
4110,5HgLnWM2v48,5HgLnWM2v48_-cwD1xvyL7Y,Medium,1,1
4111,OthDE4ivAs0,OthDE4ivAs0_sotqXKkkvQk,Easy,1,1
4112,bsFb1ddnrjg,bsFb1ddnrjg_qiBH7E0iL1Y,Hard,0,3
4113,TWxAZL4YcuI,TWxAZL4YcuI_hXl2rKy03tk,Easy,2,2
4114,23VNF2aA3Mk,23VNF2aA3Mk_A7hnveQ7obI,Easy,1,1
4115,L4GR_c3taS0,L4GR_c3taS0_TUQXBdz4xAM,Hard,1,1
4116,4Ikpj1VwTDs,4Ikpj1VwTDs_MkQ28T5Kkkc,Medium,2,1
4117,UKmh1Y_4dxw,UKmh1Y_4dxw_TwccGYaP0Ak,Easy,1,1
4118,K8GC9RpgeMk,K8GC9RpgeMk_bo8lUtOaJbo,Easy,1,1
4119,ql3zoSUOO-w,ql3zoSUOO-w_3vLR-W7kyk8,Medium,0,1
4120,zr7mRQHzdhw,zr7mRQHzdhw_eK-iWXWglD8,Hard,1,1
4121,P7KbwYD2TTY,P7KbwYD2TTY_6GHIsq6flxo,Medium,0,3
4122,_n5Mjdy1Ap4,_n5Mjdy1Ap4_61fPr60asbk,Easy,1,1
4123,hjSKLM7xcqk,hjSKLM7xcqk_r46Wcr58mCc,Easy,1,1
4124,EpLlDuTAXRY,EpLlDuTAXRY_p9RbkmBslV0,Hard,0,3
4125,Mcl8q2TWWOI,Mcl8q2TWWOI_CwCOWFSX2rg,Hard,0,3
4126,oXktXn63eOE,oXktXn63eOE_TCL4rxPGgcY,Hard,1,1
4127,FZE7eXdTh3A,FZE7eXdTh3A_m0sQrZbvn_E,Easy,1,1
4128,zMj-lZtfaNU,zMj-lZtfaNU_e8s0D0Nc27A,Medium,2,1
4129,wXmeHhaz_h0,wXmeHhaz_h0_QahnZnDrgWw,Hard,2,2
4130,5nqRvEp4ZDw,5nqRvEp4ZDw_3IsYJpeLPJU,Medium,0,3
4131,Oq34XT2zfD4,Oq34XT2zfD4_jeSmXF48aXM,Hard,2,2
4132,JDv9l4veTQ4,JDv9l4veTQ4_afGr2ECrukA,Hard,0,3
4133,YQyvnOFxAnI,YQyvnOFxAnI_TqgbHmlKm9A,Easy,1,1
4134,ZqGW_gHGiZg,ZqGW_gHGiZg_oBjzcr8vfXw,Hard,0,3
4135,El8pCST4-RU,El8pCST4-RU_Pf1lkE_cpY4,Easy,0,3
4136,ZKSzRZfLaAc,ZKSzRZfLaAc_7qt6QRqUP4s,Easy,1,0
4137,zSHSiiX9Pyo,zSHSiiX9Pyo_SM8Rm9Vqev4,Hard,0,3
4138,gseTAVoYnpY,gseTAVoYnpY_Ik2yCc8PfAY,Hard,2,0
4139,PstOlooqFsM,PstOlooqFsM_vW-Wqdb-PTY,Hard,1,1
4140,_r6GIjY4BiA,_r6GIjY4BiA_S5lEMkBG5a8,Medium,0,3
4141,8nqQXSdWePI,8nqQXSdWePI_BTtXcmGFBTM,Easy,1,1
4142,LSNactdL9l4,LSNactdL9l4_amK-ylUt-po,Hard,2,2
4143,6bKFDhdvDZo,6bKFDhdvDZo_-h_9UcRTPhY,Medium,1,0
4144,R2lWXCVmK2U,R2lWXCVmK2U_n-kS98Sjwv0,Hard,0,3
4145,Ky2tgZfE5TA,Ky2tgZfE5TA_p-9Se4tnF4o,Hard,0,3
4146,3NNrG7vhvlY,3NNrG7vhvlY_2JkYLQumvH8,Hard,1,1
4147,5cE75y2eQRw,5cE75y2eQRw_MtAwCNqg2jY,Hard,2,1
4148,HdVY4pBsahU,HdVY4pBsahU_12WBWg1BAmU,Hard,0,3
4149,sgbBIwqmWFY,sgbBIwqmWFY_sHgYmDt9Vss,Hard,1,1
4150,Z0Ujpe2xWKs,Z0Ujpe2xWKs_bxU95SaM06c,Easy,1,1
4151,xkOBefn8ctY,xkOBefn8ctY_LCw_EmYC1zQ,Medium,1,0
4152,yim2kGUCjeQ,yim2kGUCjeQ_2O1d0jBrquc,Medium,2,2
4153,RQg_-dByKqQ,RQg_-dByKqQ_PZSNj064wDc,Medium,1,0
4154,qK8zmQp2Om0,qK8zmQp2Om0_m397TriBDro,Easy,0,3
4155,6W9ev84Dkvw,6W9ev84Dkvw_KjqNZoiU9Ys,Hard,0,3
4156,_gMR55WZfdo,_gMR55WZfdo_AI5CZ9bK0jU,Easy,0,0
4157,B5fCMU_7m3o,B5fCMU_7m3o_lzjELi7VPx0,Medium,1,1
4158,olCYaSmYIfU,olCYaSmYIfU_PO6MUML-tW0,Hard,2,2
4159,hSw88lx-51E,hSw88lx-51E_mAPm8yeZJJw,Hard,2,2
4160,39crMs4rSsc,39crMs4rSsc_37MBv4hW2R0,Hard,1,0
4161,OZgTkXPsg0U,OZgTkXPsg0U_OHMEzig5htk,Easy,1,0
4162,vQX2DR0ZsXw,vQX2DR0ZsXw_HiCUQJRBC7Q,Medium,2,2
4163,XLIykLC31iQ,XLIykLC31iQ_2uX8s01LMRs,Hard,1,1
4164,YltjliK0ZeA,YltjliK0ZeA_6-U-q9EqHUA,Hard,0,3
4165,8N7YrVY1Sig,8N7YrVY1Sig_5TnqoV7r-6c,Easy,1,0
4166,_pgBZu6o4xA,_pgBZu6o4xA_WtJicPPidF8,Hard,2,2
4167,7uGRCkirIOo,7uGRCkirIOo_jLmuTy_w0K0,Medium,1,0
4168,8uQ8J54abxg,8uQ8J54abxg_ibyr9aa_Ns4,Hard,1,0
4169,VoLxV981KRA,VoLxV981KRA_3cNK_QBFTmg,Medium,0,3
4170,JiVls8A_XoA,JiVls8A_XoA_KOFOemHQdRE,Easy,1,1
4171,E4L9SS2jfNk,E4L9SS2jfNk__qsn0o13c6U,Easy,1,0
4172,PsLISr-L-as,PsLISr-L-as_09fImHo2IJg,Hard,1,1
4173,WzmiNyi1-zI,WzmiNyi1-zI_l3yVOC7rlgk,Medium,0,3
4174,dtq8w26yvIw,dtq8w26yvIw_RtsPsfVN3tU,Easy,1,0
4175,ET6U1HodEUU,ET6U1HodEUU_ksSTtWJez4Q,Easy,1,1
4176,-cbNdG69v1Y,-cbNdG69v1Y_1mnyM4jvUZI,Hard,0,3
4177,PuAY0YCf6rs,PuAY0YCf6rs_cX3xwT4av54,Easy,1,1
4178,tr-3mqSmjtg,tr-3mqSmjtg_XFCQlZlXhmc,Easy,0,3
4179,gUVWKE1uej4,gUVWKE1uej4_JODP3Y-IByY,Easy,1,1
4180,KDOK211mTgA,KDOK211mTgA_A4RbtN9IarQ,Hard,1,1
4181,db0WE_vFWxQ,db0WE_vFWxQ_kCEq3-w8Ls4,Medium,0,3
4182,pcnoiUZ-PI0,pcnoiUZ-PI0_IzBysXUNP-E,Hard,1,0
4183,IESxosmKcn4,IESxosmKcn4_jB0CXszaO9I,Medium,0,3
4184,rAmLk29FRqM,rAmLk29FRqM_tqN7dBjzRnY,Easy,1,0
4185,1VOGFNDxIC4,1VOGFNDxIC4_IzXTTBGrw38,Medium,1,1
4186,vGRU_lWjB3s,vGRU_lWjB3s_rg8AlFCfFZ8,Hard,1,0
4187,lozhDuVqupI,lozhDuVqupI_q9QXOnPFwwM,Medium,0,3
4188,LRpQz0fu3Pw,LRpQz0fu3Pw_cg_lO2KGtQ4,Hard,2,2
4189,K1NwXK2l6hA,K1NwXK2l6hA_2_NWxiFIa-4,Easy,0,3
4190,8-vlcFrTWJg,8-vlcFrTWJg_4Hm0Tr8I1bw,Hard,2,2
4191,1pQ3SYzmM9M,1pQ3SYzmM9M_zhGeczgyQQE,Easy,1,0
4192,21D6CZTXu1Q,21D6CZTXu1Q_-qerEheEr5E,Medium,1,1
4193,dozTr-0v_zE,dozTr-0v_zE_n0aRtDgjWeg,Hard,2,2
4194,tyR_DG73mKM,tyR_DG73mKM_A0QfbztZ8A4,Easy,0,0
4195,7KHQPXLt0hY,7KHQPXLt0hY_h-Z1XdMvHfs,Hard,0,3
4196,pfTLtCypBw4,pfTLtCypBw4_FBffrTHwdWg,Easy,1,1
4197,8wdKjGRdF5g,8wdKjGRdF5g_RFAsswK7fbc,Hard,2,2
4198,CUezbU6_aH8,CUezbU6_aH8_VTRgPVJ751A,Easy,1,1
4199,KVcQepco1H4,KVcQepco1H4_tbZ8ZwDwsPs,Hard,2,2
4200,MdGYB8qko84,MdGYB8qko84_P7yuL9Pum5o,Easy,2,2
4201,PcsVpQruwR4,PcsVpQruwR4_7UIXhdSZ5wQ,Medium,2,2
4202,1LyyqW815YQ,1LyyqW815YQ_Mq25SVqcj-M,Easy,1,0
4203,9qDW_KksVDE,9qDW_KksVDE_dqOXvCtHj00,Medium,0,3
4204,znvhCmOCxyk,znvhCmOCxyk_BR2l2scZiMg,Medium,1,1
