sample_idx,video_id,gt_music_id,top1_music_id,top1_video_id,top1_is_gt,rank,preference_variant,generation_mode,prompt_variant,title_source,user_text,original_user_text,generated_text,reference_text,top1_reference_text,music_title,music_artist,generated_mentions_top1_title,generated_mentions_top1_artist,title_consistency,needs_manual_review,is_fallback,scope_note
54,_8YWB9SlUFU,_8YWB9SlUFU_QP5qHCe9FP4,X9qC7p7L7Ak_8zXy6LPpr1Y,X9qC7p7L7Ak,0,8,original,top1_prompt_level_preference_counterfactual,original,top1_reference,"Sounds good, but I'm looking for something with a more indie and folk sound, with a touch of melancholy.","Sounds good, but I'm looking for something with a more indie and folk sound, with a touch of melancholy.","In that case, I would recommend 'The Lonely' by Mona la Phona. This track has a beautiful indie and folk sound, with a touch of melancholy. It's part of the album 'The Lonely' and it's performed by Mona la Phona. It would be a perfect fit for your video.","In that case, I would recommend 'Youth' by Daughter. This track has a beautiful indie sound with female vocals that bring a sense of melancholy. It's part of the album 'Wild Youth' and perfectly captures the emotions you're looking for in your video.","Allow me to recommend 'Universe Of Dots' by Mona la Phona. It's a live performance recorded at Hamburger Küchensessions. The song combines elements of folk, acoustic, and indie with female vocals. It has a guitar-focused sound which aligns well with your preferences.",Universe Of Dots,Mona la Phona,0,1,0,1,0,top1_generation_prompt_text_changed_only_precomputed_text_feature_unchanged
54,_8YWB9SlUFU,_8YWB9SlUFU_QP5qHCe9FP4,X9qC7p7L7Ak_8zXy6LPpr1Y,X9qC7p7L7Ak,0,8,cf_upbeat_electronic,top1_prompt_level_preference_counterfactual,original,top1_reference,"I prefer upbeat electronic background music with a bright mood, clear rhythm, energetic beats, and a modern dance or pop feeling.","Sounds good, but I'm looking for something with a more indie and folk sound, with a touch of melancholy.","I suggest you consider 'I'm Alive' by Breathe Carolina. It's a track from their album 'Hell Is What You Make It'. The song combines elements of rock, indie, and pop with female vocals. It has a fast-paced and energetic sound, which aligns well with the modern dance and pop vibe you're looking for.","In that case, I would recommend 'Youth' by Daughter. This track has a beautiful indie sound with female vocals that bring a sense of melancholy. It's part of the album 'Wild Youth' and perfectly captures the emotions you're looking for in your video.","Allow me to recommend 'Universe Of Dots' by Mona la Phona. It's a live performance recorded at Hamburger Küchensessions. The song combines elements of folk, acoustic, and indie with female vocals. It has a guitar-focused sound which aligns well with your preferences.",Universe Of Dots,Mona la Phona,0,0,0,1,0,top1_generation_prompt_text_changed_only_precomputed_text_feature_unchanged
54,_8YWB9SlUFU,_8YWB9SlUFU_QP5qHCe9FP4,X9qC7p7L7Ak_8zXy6LPpr1Y,X9qC7p7L7Ak,0,8,cf_lyrical_piano,top1_prompt_level_preference_counterfactual,original,top1_reference,"I prefer lyrical piano background music with a slow tempo, soft acoustic texture, gentle melody, and a calm sentimental mood.","Sounds good, but I'm looking for something with a more indie and folk sound, with a touch of melancholy.","Based on your preferences, I recommend 'The Lonely' by Mona la Phona. It's a beautiful track with lyrical piano and a slow tempo. The song has a soft acoustic texture and a gentle melody that creates a calm and sentimental mood. It's a perfect choice for your video.","In that case, I would recommend 'Youth' by Daughter. This track has a beautiful indie sound with female vocals that bring a sense of melancholy. It's part of the album 'Wild Youth' and perfectly captures the emotions you're looking for in your video.","Allow me to recommend 'Universe Of Dots' by Mona la Phona. It's a live performance recorded at Hamburger Küchensessions. The song combines elements of folk, acoustic, and indie with female vocals. It has a guitar-focused sound which aligns well with your preferences.",Universe Of Dots,Mona la Phona,0,1,0,1,0,top1_generation_prompt_text_changed_only_precomputed_text_feature_unchanged
104,iV3xE72xNJg,iV3xE72xNJg_K124ajZigxc,jgmNpBEiLPc_SZ9sUT_nfbE,jgmNpBEiLPc,0,3,original,top1_prompt_level_preference_counterfactual,original,top1_reference,That sounds great! Can you also suggest a music that incorporates Kapris' electronic and chillout style?,That sounds great! Can you also suggest a music that incorporates Kapris' electronic and chillout style?,"Certainly! I recommend 'Not Going Home' by Kapris. It's a track from their album 'Not Going Home'. The song combines elements of electronic, chillout, and dance music, which aligns well with Kapris' style. It has a techno and electronic sound with a relaxed vibe.","Certainly! I would recommend 'TOPCRIMINAL' by Kapris. It's a track from their MIXTAPE 2009 'Analiz&Foseptik'. This song combines electronic, Hip-Hop, and ambient elements with a chillout vibe. It's a great choice if you want to incorporate Kapris' distinctive style into your video.","Certainly! How about 'Not Going Home' by Faithless? It's an electronic track with elements of house, electro, and electronica. Although I don't have much information about the specific album or artist, this song could provide the electronic and techno elements you're looking for in your video.",Not Going Home,Faithless,1,0,0,1,0,top1_generation_prompt_text_changed_only_precomputed_text_feature_unchanged
104,iV3xE72xNJg,iV3xE72xNJg_K124ajZigxc,jgmNpBEiLPc_SZ9sUT_nfbE,jgmNpBEiLPc,0,3,cf_upbeat_electronic,top1_prompt_level_preference_counterfactual,original,top1_reference,"I prefer upbeat electronic background music with a bright mood, clear rhythm, energetic beats, and a modern dance or pop feeling.",That sounds great! Can you also suggest a music that incorporates Kapris' electronic and chillout style?,"Based on your preferences, I recommend 'Not Going Home' by Faithless. It's a track from their album 'Not Going Home'. This song combines elements of electronic, dance, house, and pop genres, with a techno and fast-paced beat. It has a modern and energetic feel that aligns well with your requirements.","Certainly! I would recommend 'TOPCRIMINAL' by Kapris. It's a track from their MIXTAPE 2009 'Analiz&Foseptik'. This song combines electronic, Hip-Hop, and ambient elements with a chillout vibe. It's a great choice if you want to incorporate Kapris' distinctive style into your video.","Certainly! How about 'Not Going Home' by Faithless? It's an electronic track with elements of house, electro, and electronica. Although I don't have much information about the specific album or artist, this song could provide the electronic and techno elements you're looking for in your video.",Not Going Home,Faithless,1,1,1,0,0,top1_generation_prompt_text_changed_only_precomputed_text_feature_unchanged
104,iV3xE72xNJg,iV3xE72xNJg_K124ajZigxc,jgmNpBEiLPc_SZ9sUT_nfbE,jgmNpBEiLPc,0,3,cf_lyrical_piano,top1_prompt_level_preference_counterfactual,original,top1_reference,"I prefer lyrical piano background music with a slow tempo, soft acoustic texture, gentle melody, and a calm sentimental mood.",That sounds great! Can you also suggest a music that incorporates Kapris' electronic and chillout style?,"I apologize, but I don't have enough information to recommend a specific track based on your preferences. However, I can suggest exploring the music of Faithless, as they are known for their electronic, dance, and pop music with elements of house and rock. You may find a track that aligns with your preferences.","Certainly! I would recommend 'TOPCRIMINAL' by Kapris. It's a track from their MIXTAPE 2009 'Analiz&Foseptik'. This song combines electronic, Hip-Hop, and ambient elements with a chillout vibe. It's a great choice if you want to incorporate Kapris' distinctive style into your video.","Certainly! How about 'Not Going Home' by Faithless? It's an electronic track with elements of house, electro, and electronica. Although I don't have much information about the specific album or artist, this song could provide the electronic and techno elements you're looking for in your video.",Not Going Home,Faithless,0,1,0,1,0,top1_generation_prompt_text_changed_only_precomputed_text_feature_unchanged
123,iWKoFZAX4MM,iWKoFZAX4MM_dVoN7QajNz8,cRuZC_TUngw_rk5Ef4Mhl4o,cRuZC_TUngw,0,31,original,top1_prompt_level_preference_counterfactual,original,top1_reference,"I'm also looking for something with a summery vibe, possibly a collaboration that's been produced by a known band.","I'm also looking for something with a summery vibe, possibly a collaboration that's been produced by a known band.","In that case, 'Summer' by The Unbeatables would be a perfect fit. It's a track that's been produced by a known band, and it's part of the album 'Summer'. The song itself is a blend of Hip-Hop, electronic, pop, and rock, with a techno and electronic sound. It's a great choice for a summery vibe.","For a summery vibe with a distinguished collaboration, 'Summer Time' by EnThéos featuring Deys would be perfect. It's produced by Hot Chip, known for their eclectic mix of electronic, pop, and indie. The track has a lively feel, ideal for summer playlists, and it's part of the 'Dark and Stormy' album. Don't forget to check out the music video directed by Julius Jones-Carter for the full experience!","Certainly! I recommend 'Instrumental - INNER STRENGTH_95bpm' by TheUnbeatables. It's an instrumental track that combines elements of rock, punk, and electronic music. The track has a hip-hop influence as well, which makes it a fitting choice for your video.",Instrumental - INNER STRENGTH_95bpm,TheUnbeatables,0,1,0,1,0,top1_generation_prompt_text_changed_only_precomputed_text_feature_unchanged
123,iWKoFZAX4MM,iWKoFZAX4MM_dVoN7QajNz8,cRuZC_TUngw_rk5Ef4Mhl4o,cRuZC_TUngw,0,31,cf_upbeat_electronic,top1_prompt_level_preference_counterfactual,original,top1_reference,"I prefer upbeat electronic background music with a bright mood, clear rhythm, energetic beats, and a modern dance or pop feeling.","I'm also looking for something with a summery vibe, possibly a collaboration that's been produced by a known band.","Based on your preferences, I recommend 'Inner Strength' by TheUnbeatables. It's a track from their album 'The Unbeatables'. This song combines elements of Hip-Hop, electronic, dance, pop, and rock. It has a fast tempo and a techno and electronic sound, which aligns well with your requirements.","For a summery vibe with a distinguished collaboration, 'Summer Time' by EnThéos featuring Deys would be perfect. It's produced by Hot Chip, known for their eclectic mix of electronic, pop, and indie. The track has a lively feel, ideal for summer playlists, and it's part of the 'Dark and Stormy' album. Don't forget to check out the music video directed by Julius Jones-Carter for the full experience!","Certainly! I recommend 'Instrumental - INNER STRENGTH_95bpm' by TheUnbeatables. It's an instrumental track that combines elements of rock, punk, and electronic music. The track has a hip-hop influence as well, which makes it a fitting choice for your video.",Instrumental - INNER STRENGTH_95bpm,TheUnbeatables,0,1,0,1,0,top1_generation_prompt_text_changed_only_precomputed_text_feature_unchanged
123,iWKoFZAX4MM,iWKoFZAX4MM_dVoN7QajNz8,cRuZC_TUngw_rk5Ef4Mhl4o,cRuZC_TUngw,0,31,cf_lyrical_piano,top1_prompt_level_preference_counterfactual,original,top1_reference,"I prefer lyrical piano background music with a slow tempo, soft acoustic texture, gentle melody, and a calm sentimental mood.","I'm also looking for something with a summery vibe, possibly a collaboration that's been produced by a known band.","I suggest you consider 'Inner Strength' by TheUnbeatables. It's a track from their album 'The Unbeatables'. This song combines elements of hip-hop, electronic, and rock with a focus on lyrical piano. It has a slow tempo, soft acoustic texture, and a gentle melody that can create a calm and sentimental mood for your video.","For a summery vibe with a distinguished collaboration, 'Summer Time' by EnThéos featuring Deys would be perfect. It's produced by Hot Chip, known for their eclectic mix of electronic, pop, and indie. The track has a lively feel, ideal for summer playlists, and it's part of the 'Dark and Stormy' album. Don't forget to check out the music video directed by Julius Jones-Carter for the full experience!","Certainly! I recommend 'Instrumental - INNER STRENGTH_95bpm' by TheUnbeatables. It's an instrumental track that combines elements of rock, punk, and electronic music. The track has a hip-hop influence as well, which makes it a fitting choice for your video.",Instrumental - INNER STRENGTH_95bpm,TheUnbeatables,0,1,0,1,0,top1_generation_prompt_text_changed_only_precomputed_text_feature_unchanged
166,QKvUGxF7qzA,QKvUGxF7qzA_scdO5HE8so4,QKvUGxF7qzA_scdO5HE8so4,QKvUGxF7qzA,1,1,original,top1_prompt_level_preference_counterfactual,original,top1_reference,"That sounds good, but I would also like to incorporate some rock and punk elements in the music recommendation. I'm interested in fast-paced and loud tracks with guitar and techno influences.","That sounds good, but I would also like to incorporate some rock and punk elements in the music recommendation. I'm interested in fast-paced and loud tracks with guitar and techno influences.","Allow me to recommend 'Stadt der Engel' by Massendefekt. It's a track from their album 'Stadt der Engel'. The song combines elements of rock, punk, and alternative with fast-paced and loud guitar-driven sound. It also has techno influences that could be a fitting choice for your video.","Let me suggest 'Stadt der Engel' by Massendefekt. It's a track from their album 'Stadt der Engel'. The song combines rock, punk, and alternative rock genres with fast-paced guitar riffs and techno elements. This track can give your video a powerful and intense feel.","Let me suggest 'Stadt der Engel' by Massendefekt. It's a track from their album 'Stadt der Engel'. The song combines rock, punk, and alternative rock genres with fast-paced guitar riffs and techno elements. This track can give your video a powerful and intense feel.",Stadt der Engel,Massendefekt,1,1,1,0,0,top1_generation_prompt_text_changed_only_precomputed_text_feature_unchanged
166,QKvUGxF7qzA,QKvUGxF7qzA_scdO5HE8so4,QKvUGxF7qzA_scdO5HE8so4,QKvUGxF7qzA,1,1,cf_upbeat_electronic,top1_prompt_level_preference_counterfactual,original,top1_reference,"I prefer upbeat electronic background music with a bright mood, clear rhythm, energetic beats, and a modern dance or pop feeling.","That sounds good, but I would also like to incorporate some rock and punk elements in the music recommendation. I'm interested in fast-paced and loud tracks with guitar and techno influences.","I suggest you consider 'Stadt der Engel' by Massendefekt. It's a track from their album 'Stadt der Engel'. This song combines elements of rock, punk, and alternative with a fast-paced and energetic sound. It was recorded live in 2013, which may capture the specific vibe you're looking for.","Let me suggest 'Stadt der Engel' by Massendefekt. It's a track from their album 'Stadt der Engel'. The song combines rock, punk, and alternative rock genres with fast-paced guitar riffs and techno elements. This track can give your video a powerful and intense feel.","Let me suggest 'Stadt der Engel' by Massendefekt. It's a track from their album 'Stadt der Engel'. The song combines rock, punk, and alternative rock genres with fast-paced guitar riffs and techno elements. This track can give your video a powerful and intense feel.",Stadt der Engel,Massendefekt,1,1,1,0,0,top1_generation_prompt_text_changed_only_precomputed_text_feature_unchanged
166,QKvUGxF7qzA,QKvUGxF7qzA_scdO5HE8so4,QKvUGxF7qzA_scdO5HE8so4,QKvUGxF7qzA,1,1,cf_lyrical_piano,top1_prompt_level_preference_counterfactual,original,top1_reference,"I prefer lyrical piano background music with a slow tempo, soft acoustic texture, gentle melody, and a calm sentimental mood.","That sounds good, but I would also like to incorporate some rock and punk elements in the music recommendation. I'm interested in fast-paced and loud tracks with guitar and techno influences.","I apologize, but I don't have enough information to recommend a specific track or artist based on your preferences. However, I can suggest exploring the music of Massendefekt, as they are known for their rock, punk, alternative, and indie style. You may find a track that aligns with your preferences.","Let me suggest 'Stadt der Engel' by Massendefekt. It's a track from their album 'Stadt der Engel'. The song combines rock, punk, and alternative rock genres with fast-paced guitar riffs and techno elements. This track can give your video a powerful and intense feel.","Let me suggest 'Stadt der Engel' by Massendefekt. It's a track from their album 'Stadt der Engel'. The song combines rock, punk, and alternative rock genres with fast-paced guitar riffs and techno elements. This track can give your video a powerful and intense feel.",Stadt der Engel,Massendefekt,0,1,0,1,0,top1_generation_prompt_text_changed_only_precomputed_text_feature_unchanged
215,yyaNJKJ6y6k,yyaNJKJ6y6k_0hMrj3zZxB8,ahmgp5DyW64_ZrZqngJhrEc,ahmgp5DyW64,0,4,original,top1_prompt_level_preference_counterfactual,original,top1_reference,I like the sound of that but was hoping for something with a bit more of an electronic and dance feel. Something that really gets the energy up.,I like the sound of that but was hoping for something with a bit more of an electronic and dance feel. Something that really gets the energy up.,"In that case, 'Dynamite' by Taio Cruz would be a perfect fit. It's a track that's known for its electronic, dance, pop, and rock elements. It's a high-energy song that's sure to get the energy up in your video. Plus, it's a track that's been featured in popular anime like Naruto, Bleach, and One Piece, so it's got a lot of anime fans already loving it.","In that case, 'The Pretender' by Infected Mushroom would be a perfect fit. This track is from their album 'Army of Mushrooms' and combines electronic, dance, electronica, and rock elements for an energetic and engaging listen. It's known for its techno, fast, electronic, loud, and dance characteristics, making it great for lifting the energy of any project.","Allow me to recommend '♂×♀×ポーカーゲーム' by ベッド・イン. It's a track from their album '♂×♀×ポーカーゲーム / 消えちゃうパープルバタフライ'. The song combines elements of dance, electronic, and pop music with indie and electro influences. It aligns well with the energetic and fast-paced sound you're looking for in your video.",♂×♀×ポーカーゲーム,ベッド・イン,0,0,0,1,0,top1_generation_prompt_text_changed_only_precomputed_text_feature_unchanged
215,yyaNJKJ6y6k,yyaNJKJ6y6k_0hMrj3zZxB8,ahmgp5DyW64_ZrZqngJhrEc,ahmgp5DyW64,0,4,cf_upbeat_electronic,top1_prompt_level_preference_counterfactual,original,top1_reference,"I prefer upbeat electronic background music with a bright mood, clear rhythm, energetic beats, and a modern dance or pop feeling.",I like the sound of that but was hoping for something with a bit more of an electronic and dance feel. Something that really gets the energy up.,"Based on your preferences, I recommend 'ポーカーゲーム' by ベッド・イン. It's a track from their album 'ポーカーゲーム'. This song combines elements of dance, electronic, pop, and rock, with a fast-paced techno sound. It has a modern and energetic feel that aligns well with your requirements.","In that case, 'The Pretender' by Infected Mushroom would be a perfect fit. This track is from their album 'Army of Mushrooms' and combines electronic, dance, electronica, and rock elements for an energetic and engaging listen. It's known for its techno, fast, electronic, loud, and dance characteristics, making it great for lifting the energy of any project.","Allow me to recommend '♂×♀×ポーカーゲーム' by ベッド・イン. It's a track from their album '♂×♀×ポーカーゲーム / 消えちゃうパープルバタフライ'. The song combines elements of dance, electronic, and pop music with indie and electro influences. It aligns well with the energetic and fast-paced sound you're looking for in your video.",♂×♀×ポーカーゲーム,ベッド・イン,1,1,1,0,0,top1_generation_prompt_text_changed_only_precomputed_text_feature_unchanged
215,yyaNJKJ6y6k,yyaNJKJ6y6k_0hMrj3zZxB8,ahmgp5DyW64_ZrZqngJhrEc,ahmgp5DyW64,0,4,cf_lyrical_piano,top1_prompt_level_preference_counterfactual,original,top1_reference,"I prefer lyrical piano background music with a slow tempo, soft acoustic texture, gentle melody, and a calm sentimental mood.",I like the sound of that but was hoping for something with a bit more of an electronic and dance feel. Something that really gets the energy up.,"I apologize, but I don't have enough information to recommend a specific track that matches your preferences. However, I can suggest exploring the music of ベッド・イン, as they are known for their electronic, dance, pop, and rock style with female vocals. You may find a track that aligns with your preferences.","In that case, 'The Pretender' by Infected Mushroom would be a perfect fit. This track is from their album 'Army of Mushrooms' and combines electronic, dance, electronica, and rock elements for an energetic and engaging listen. It's known for its techno, fast, electronic, loud, and dance characteristics, making it great for lifting the energy of any project.","Allow me to recommend '♂×♀×ポーカーゲーム' by ベッド・イン. It's a track from their album '♂×♀×ポーカーゲーム / 消えちゃうパープルバタフライ'. The song combines elements of dance, electronic, and pop music with indie and electro influences. It aligns well with the energetic and fast-paced sound you're looking for in your video.",♂×♀×ポーカーゲーム,ベッド・イン,0,1,0,1,0,top1_generation_prompt_text_changed_only_precomputed_text_feature_unchanged
256,JOUczfMaLTE,JOUczfMaLTE_F91pQy19-j0,5zK6htE5tz8_IFZMzgPcqgI,5zK6htE5tz8,0,15,original,top1_prompt_level_preference_counterfactual,original,top1_reference,"That sounds great, but I want to incorporate elements of Juaninacka's style into the music as well. I'm looking for a track that combines hip-hop and electronic genres, with a chillout and rock vibe. Can you recommend something like that?","That sounds great, but I want to incorporate elements of Juaninacka's style into the music as well. I'm looking for a track that combines hip-hop and electronic genres, with a chillout and rock vibe. Can you recommend something like that?","Sure! How about 'Ella' by Juaninacka? It's a track from his album 'Ella'. This song combines elements of hip-hop, electronic, and rock genres, with a chillout vibe. It was released in 2012 and has a unique blend of styles that could be a fitting choice for your video.",Allow me to recommend 'Fe' by Juaninacka. It's a track from his album '41100 Rock'. This song blends hip-hop and electronic elements with a chillout and rock influence. It was released as an official music video and captures the essence of Juaninacka's unique style. The track was recorded as part of his discography and may have the specific elements you're looking for.,"Allow me to recommend 'META' by LOCO. It's a track that falls under the hip-hop, electronic, and soul genres, with chillout and rnb influences. Although I don't have much information about the specific track, LOCO's style typically incorporates these elements.",META,LOCO,0,0,0,1,0,top1_generation_prompt_text_changed_only_precomputed_text_feature_unchanged
256,JOUczfMaLTE,JOUczfMaLTE_F91pQy19-j0,5zK6htE5tz8_IFZMzgPcqgI,5zK6htE5tz8,0,15,cf_upbeat_electronic,top1_prompt_level_preference_counterfactual,original,top1_reference,"I prefer upbeat electronic background music with a bright mood, clear rhythm, energetic beats, and a modern dance or pop feeling.","That sounds great, but I want to incorporate elements of Juaninacka's style into the music as well. I'm looking for a track that combines hip-hop and electronic genres, with a chillout and rock vibe. Can you recommend something like that?","Based on your preferences, I recommend 'Mi piace' by LoCo. It's a track from their album 'Mi piace'. This song combines elements of Hip-Hop, electronic, and pop with a dance and rock influence. It has a fast-paced beat and a modern sound that aligns well with your requirements.",Allow me to recommend 'Fe' by Juaninacka. It's a track from his album '41100 Rock'. This song blends hip-hop and electronic elements with a chillout and rock influence. It was released as an official music video and captures the essence of Juaninacka's unique style. The track was recorded as part of his discography and may have the specific elements you're looking for.,"Allow me to recommend 'META' by LOCO. It's a track that falls under the hip-hop, electronic, and soul genres, with chillout and rnb influences. Although I don't have much information about the specific track, LOCO's style typically incorporates these elements.",META,LOCO,0,1,0,1,0,top1_generation_prompt_text_changed_only_precomputed_text_feature_unchanged
256,JOUczfMaLTE,JOUczfMaLTE_F91pQy19-j0,5zK6htE5tz8_IFZMzgPcqgI,5zK6htE5tz8,0,15,cf_lyrical_piano,top1_prompt_level_preference_counterfactual,original,top1_reference,"I prefer lyrical piano background music with a slow tempo, soft acoustic texture, gentle melody, and a calm sentimental mood.","That sounds great, but I want to incorporate elements of Juaninacka's style into the music as well. I'm looking for a track that combines hip-hop and electronic genres, with a chillout and rock vibe. Can you recommend something like that?","I suggest you listen to 'Mi piace' by LOCO. It's a track from their album 'Mi piace'. The song combines elements of hip-hop, electronic, and rock with a chillout vibe. It has a lyrical piano background and a slow tempo, which aligns with your preferences.",Allow me to recommend 'Fe' by Juaninacka. It's a track from his album '41100 Rock'. This song blends hip-hop and electronic elements with a chillout and rock influence. It was released as an official music video and captures the essence of Juaninacka's unique style. The track was recorded as part of his discography and may have the specific elements you're looking for.,"Allow me to recommend 'META' by LOCO. It's a track that falls under the hip-hop, electronic, and soul genres, with chillout and rnb influences. Although I don't have much information about the specific track, LOCO's style typically incorporates these elements.",META,LOCO,0,1,0,1,0,top1_generation_prompt_text_changed_only_precomputed_text_feature_unchanged
261,dLkm-Bpkgv4,dLkm-Bpkgv4_Hwl1Bf4gLvI,J3ZcmGw64_8_STkmrH0SVZ8,J3ZcmGw64_8,0,13,original,top1_prompt_level_preference_counterfactual,original,top1_reference,"Sounds interesting, but I'm looking for something with a heavier and more experimental sound. Do you have any recommendations?","Sounds interesting, but I'm looking for something with a heavier and more experimental sound. Do you have any recommendations?","Certainly! If you're looking for a heavier and more experimental sound, I would recommend 'The Last of Us' by The Last of Us. This track is part of their album 'The Last of Us' and offers a unique blend of metal, rock, punk, and experimental genres. It has a powerful and intense vibe that will add a captivating element to your video.","Certainly! For a heavier and more experimental sound, I would recommend 'Also Am I' by 36 Crazyfists. This track is a blend of metal, rock, alternative, and experimental genres. It is part of the album 'Time And Trauma' and was released in 2014. The music video for this track was produced by Spinefarm Records, a Universal Music Company.","Allow me to recommend 'Stockholm Syndrome' by Muse. It's a live performance of the song from the Wembley HAARP concert. It combines elements of rock, alternative, and punk with fast-paced drums that could be a fitting choice for your video. It captures the energetic and intense rock sound that Muse is known for.",Stockholm Syndrome,Muse,0,0,0,1,0,top1_generation_prompt_text_changed_only_precomputed_text_feature_unchanged
261,dLkm-Bpkgv4,dLkm-Bpkgv4_Hwl1Bf4gLvI,J3ZcmGw64_8_STkmrH0SVZ8,J3ZcmGw64_8,0,13,cf_upbeat_electronic,top1_prompt_level_preference_counterfactual,original,top1_reference,"I prefer upbeat electronic background music with a bright mood, clear rhythm, energetic beats, and a modern dance or pop feeling.","Sounds interesting, but I'm looking for something with a heavier and more experimental sound. Do you have any recommendations?","I suggest you consider 'The 2nd Law' by Muse. It's a track from their album 'The 2nd Law'. The song combines elements of rock, metal, and alternative with a fast-paced and energetic sound. It has a techno and electronic influence, which aligns well with the upbeat and modern dance vibe you're looking for.","Certainly! For a heavier and more experimental sound, I would recommend 'Also Am I' by 36 Crazyfists. This track is a blend of metal, rock, alternative, and experimental genres. It is part of the album 'Time And Trauma' and was released in 2014. The music video for this track was produced by Spinefarm Records, a Universal Music Company.","Allow me to recommend 'Stockholm Syndrome' by Muse. It's a live performance of the song from the Wembley HAARP concert. It combines elements of rock, alternative, and punk with fast-paced drums that could be a fitting choice for your video. It captures the energetic and intense rock sound that Muse is known for.",Stockholm Syndrome,Muse,0,1,0,1,0,top1_generation_prompt_text_changed_only_precomputed_text_feature_unchanged
261,dLkm-Bpkgv4,dLkm-Bpkgv4_Hwl1Bf4gLvI,J3ZcmGw64_8_STkmrH0SVZ8,J3ZcmGw64_8,0,13,cf_lyrical_piano,top1_prompt_level_preference_counterfactual,original,top1_reference,"I prefer lyrical piano background music with a slow tempo, soft acoustic texture, gentle melody, and a calm sentimental mood.","Sounds interesting, but I'm looking for something with a heavier and more experimental sound. Do you have any recommendations?","I apologize, but I don't have enough information about the specific track, album, or artist you mentioned. However, I can recommend 'The 2nd Law' by Muse, which is a rock track with alternative and indie influences. It may have the elements you're looking for in terms of lyrical piano background music with a slow tempo and a calm sentimental mood.","Certainly! For a heavier and more experimental sound, I would recommend 'Also Am I' by 36 Crazyfists. This track is a blend of metal, rock, alternative, and experimental genres. It is part of the album 'Time And Trauma' and was released in 2014. The music video for this track was produced by Spinefarm Records, a Universal Music Company.","Allow me to recommend 'Stockholm Syndrome' by Muse. It's a live performance of the song from the Wembley HAARP concert. It combines elements of rock, alternative, and punk with fast-paced drums that could be a fitting choice for your video. It captures the energetic and intense rock sound that Muse is known for.",Stockholm Syndrome,Muse,0,1,0,1,0,top1_generation_prompt_text_changed_only_precomputed_text_feature_unchanged
307,DL3dhkazIc8,DL3dhkazIc8_tQjxTUSkOqs,s5iuxoR_vC0_TJQxtY09Yvg,s5iuxoR_vC0,0,2,original,top1_prompt_level_preference_counterfactual,original,top1_reference,That sounds great! I'm also interested in incorporating some elements of Redhooknoodles' hip-hop style with electronic and jazz influences. Do you have any recommendations?,That sounds great! I'm also interested in incorporating some elements of Redhooknoodles' hip-hop style with electronic and jazz influences. Do you have any recommendations?,Certainly! I recommend 'Redhooknoodles' by Redhooknoodles. It's a hip-hop track with electronic and jazz elements. The song was produced by Redhooknoodles and has a unique blend of genres that could add a distinctive touch to your video.,"Certainly! I suggest you consider using 'Sick Perfect Banger hip-hop beat {rap} Instrumental' by Redhooknoodles. Although I couldn't find the specific track name, Redhooknoodles is known for producing hip-hop beats with electronic, pop, and jazz elements. This instrumental track can provide a unique and dynamic background for your video.","I suggest you consider the track '청춘부재 뮤직비디오(mc단군)'. It's a self-composed song by 김의중(단군), a caster from 나이스게임티비. The track combines hip-hop, pop, and electronic genres, which can add a dynamic and energetic touch to your video. It also has rock and ambient influences that align with your preferences.",,,,,,0,0,top1_generation_prompt_text_changed_only_precomputed_text_feature_unchanged
307,DL3dhkazIc8,DL3dhkazIc8_tQjxTUSkOqs,s5iuxoR_vC0_TJQxtY09Yvg,s5iuxoR_vC0,0,2,cf_upbeat_electronic,top1_prompt_level_preference_counterfactual,original,top1_reference,"I prefer upbeat electronic background music with a bright mood, clear rhythm, energetic beats, and a modern dance or pop feeling.",That sounds great! I'm also interested in incorporating some elements of Redhooknoodles' hip-hop style with electronic and jazz influences. Do you have any recommendations?,"I suggest you consider 'Szabadon' by Krisztián. It's a track from the album 'Szabadon' and features a mix of Hip-Hop, electronic, rock, and pop elements. The song has a fast-paced beat and a techno influence, which aligns well with the energetic and modern dance vibe you're looking for.","Certainly! I suggest you consider using 'Sick Perfect Banger hip-hop beat {rap} Instrumental' by Redhooknoodles. Although I couldn't find the specific track name, Redhooknoodles is known for producing hip-hop beats with electronic, pop, and jazz elements. This instrumental track can provide a unique and dynamic background for your video.","I suggest you consider the track '청춘부재 뮤직비디오(mc단군)'. It's a self-composed song by 김의중(단군), a caster from 나이스게임티비. The track combines hip-hop, pop, and electronic genres, which can add a dynamic and energetic touch to your video. It also has rock and ambient influences that align with your preferences.",,,,,,0,0,top1_generation_prompt_text_changed_only_precomputed_text_feature_unchanged
307,DL3dhkazIc8,DL3dhkazIc8_tQjxTUSkOqs,s5iuxoR_vC0_TJQxtY09Yvg,s5iuxoR_vC0,0,2,cf_lyrical_piano,top1_prompt_level_preference_counterfactual,original,top1_reference,"I prefer lyrical piano background music with a slow tempo, soft acoustic texture, gentle melody, and a calm sentimental mood.",That sounds great! I'm also interested in incorporating some elements of Redhooknoodles' hip-hop style with electronic and jazz influences. Do you have any recommendations?,"Based on your preferences, I recommend the track 'Lyrical Piano Background Music' by Piano Background Music. It's a relaxing and soothing piano music with lyrical elements. The music has a slow tempo, soft acoustic texture, and a gentle melody that creates a calm and sentimental atmosphere.","Certainly! I suggest you consider using 'Sick Perfect Banger hip-hop beat {rap} Instrumental' by Redhooknoodles. Although I couldn't find the specific track name, Redhooknoodles is known for producing hip-hop beats with electronic, pop, and jazz elements. This instrumental track can provide a unique and dynamic background for your video.","I suggest you consider the track '청춘부재 뮤직비디오(mc단군)'. It's a self-composed song by 김의중(단군), a caster from 나이스게임티비. The track combines hip-hop, pop, and electronic genres, which can add a dynamic and energetic touch to your video. It also has rock and ambient influences that align with your preferences.",,,,,,0,0,top1_generation_prompt_text_changed_only_precomputed_text_feature_unchanged
310,9wVRNILwL4I,9wVRNILwL4I_yp0PNekX4vI,6NSr2DPlIkM_HaEi6v2LPf0,6NSr2DPlIkM,0,9,original,top1_prompt_level_preference_counterfactual,original,top1_reference,"Sounds interesting, but I'm looking for something with a mix of Hip-Hop, electronic, and pop with a fast beat.","Sounds interesting, but I'm looking for something with a mix of Hip-Hop, electronic, and pop with a fast beat.","In that case, I would recommend 'Mais Que Isso (Old School New School)' by Dengaz and Sagaz. This track combines elements of Hip-Hop, electronic, and pop, and it has a fast beat that will keep your video energetic. It's part of the album 'Mais Que Isso (Old School New School)'.","In that case, I would recommend 'Unchained Melody-917' by SINIMA BEATS. This track combines the elements of Hip-Hop, electronic, and pop genres with a fast beat. It has a catchy and energetic sound that would be perfect for your video.","Allow me to recommend 'Mais Que Isso (Old School New School)' by Dengaz and Sagaz. Although I don't have information about the track's album or artists, it's a hip-hop track with electronic, R&B, and rock influences. The song was recorded in 2011 and it has a techno and fast-paced electronic sound that could be a fitting choice for your video.",Mais Que Isso (Old School New School),Dengaz and Sagaz,1,1,1,0,0,top1_generation_prompt_text_changed_only_precomputed_text_feature_unchanged
310,9wVRNILwL4I,9wVRNILwL4I_yp0PNekX4vI,6NSr2DPlIkM_HaEi6v2LPf0,6NSr2DPlIkM,0,9,cf_upbeat_electronic,top1_prompt_level_preference_counterfactual,original,top1_reference,"I prefer upbeat electronic background music with a bright mood, clear rhythm, energetic beats, and a modern dance or pop feeling.","Sounds interesting, but I'm looking for something with a mix of Hip-Hop, electronic, and pop with a fast beat.","Based on your preferences, I recommend 'Mais Que Isso (Old School New School)' by Dengaz and Sagaz. It's a track from their album 'Mais Que Isso (Old School New School)'. This song combines elements of Hip-Hop, electronic, dance, pop, and rock. It has a fast-paced beat and a modern dance or pop feel that aligns well with your requirements.","In that case, I would recommend 'Unchained Melody-917' by SINIMA BEATS. This track combines the elements of Hip-Hop, electronic, and pop genres with a fast beat. It has a catchy and energetic sound that would be perfect for your video.","Allow me to recommend 'Mais Que Isso (Old School New School)' by Dengaz and Sagaz. Although I don't have information about the track's album or artists, it's a hip-hop track with electronic, R&B, and rock influences. The song was recorded in 2011 and it has a techno and fast-paced electronic sound that could be a fitting choice for your video.",Mais Que Isso (Old School New School),Dengaz and Sagaz,1,1,1,0,0,top1_generation_prompt_text_changed_only_precomputed_text_feature_unchanged
310,9wVRNILwL4I,9wVRNILwL4I_yp0PNekX4vI,6NSr2DPlIkM_HaEi6v2LPf0,6NSr2DPlIkM,0,9,cf_lyrical_piano,top1_prompt_level_preference_counterfactual,original,top1_reference,"I prefer lyrical piano background music with a slow tempo, soft acoustic texture, gentle melody, and a calm sentimental mood.","Sounds interesting, but I'm looking for something with a mix of Hip-Hop, electronic, and pop with a fast beat.","I apologize, but I don't have enough information to recommend a specific track that matches your requirements. However, I can suggest exploring the works of artists like Dengaz and Sagaz, who are known for their lyrical piano background music with a slow tempo and a calm sentimental mood.","In that case, I would recommend 'Unchained Melody-917' by SINIMA BEATS. This track combines the elements of Hip-Hop, electronic, and pop genres with a fast beat. It has a catchy and energetic sound that would be perfect for your video.","Allow me to recommend 'Mais Que Isso (Old School New School)' by Dengaz and Sagaz. Although I don't have information about the track's album or artists, it's a hip-hop track with electronic, R&B, and rock influences. The song was recorded in 2011 and it has a techno and fast-paced electronic sound that could be a fitting choice for your video.",Mais Que Isso (Old School New School),Dengaz and Sagaz,0,1,0,1,0,top1_generation_prompt_text_changed_only_precomputed_text_feature_unchanged
313,z7Dy7s5tg2o,z7Dy7s5tg2o_ziYVQWdqAEM,gfKAkc7fiw0_Xik0VWREHoA,gfKAkc7fiw0,0,2,original,top1_prompt_level_preference_counterfactual,original,top1_reference,"That sounds great, but I'm also interested in incorporating elements of pop and house music into the playlist. Can you suggest a track that combines these genres?","That sounds great, but I'm also interested in incorporating elements of pop and house music into the playlist. Can you suggest a track that combines these genres?","Certainly! How about 'Let The Music Speak' by Dash Berlin? It's a track from their album 'The New Day' and combines elements of pop, house, and electronic music. The song has a catchy and upbeat sound that could be a fitting choice for your playlist.","Certainly! How about 'TechnoColour Dreams Invades Mansion NightClub May 19th 2013'? Although I don't have much information about this track, it's tagged as electronic, dance, electro, pop, and house, which suggests it could be a fitting choice for your event. It might have the pop and house elements you're looking for.","Certainly! How about 'Eagles' by Sander van Doorn and Adrian Lux? It's an electronic dance track from their album 'Eagles'. The song incorporates elements of house, electro, and pop, which aligns well with the electronic and dance style you're looking for. It has a fast-paced techno beat and features synth and piano sounds as well.",Eagles,Sander van Doorn and Adrian Lux,0,0,0,1,0,top1_generation_prompt_text_changed_only_precomputed_text_feature_unchanged
313,z7Dy7s5tg2o,z7Dy7s5tg2o_ziYVQWdqAEM,gfKAkc7fiw0_Xik0VWREHoA,gfKAkc7fiw0,0,2,cf_upbeat_electronic,top1_prompt_level_preference_counterfactual,original,top1_reference,"I prefer upbeat electronic background music with a bright mood, clear rhythm, energetic beats, and a modern dance or pop feeling.","That sounds great, but I'm also interested in incorporating elements of pop and house music into the playlist. Can you suggest a track that combines these genres?","Based on your preferences, I recommend 'Let The Music Speak' by Dash Berlin. It's an electronic dance track with a house and electro sound. The song has a fast tempo and a catchy beat that will add energy to your video. It was released in 2012 and has a modern and pop feel.","Certainly! How about 'TechnoColour Dreams Invades Mansion NightClub May 19th 2013'? Although I don't have much information about this track, it's tagged as electronic, dance, electro, pop, and house, which suggests it could be a fitting choice for your event. It might have the pop and house elements you're looking for.","Certainly! How about 'Eagles' by Sander van Doorn and Adrian Lux? It's an electronic dance track from their album 'Eagles'. The song incorporates elements of house, electro, and pop, which aligns well with the electronic and dance style you're looking for. It has a fast-paced techno beat and features synth and piano sounds as well.",Eagles,Sander van Doorn and Adrian Lux,0,0,0,1,0,top1_generation_prompt_text_changed_only_precomputed_text_feature_unchanged
313,z7Dy7s5tg2o,z7Dy7s5tg2o_ziYVQWdqAEM,gfKAkc7fiw0_Xik0VWREHoA,gfKAkc7fiw0,0,2,cf_lyrical_piano,top1_prompt_level_preference_counterfactual,original,top1_reference,"I prefer lyrical piano background music with a slow tempo, soft acoustic texture, gentle melody, and a calm sentimental mood.","That sounds great, but I'm also interested in incorporating elements of pop and house music into the playlist. Can you suggest a track that combines these genres?","I apologize, but I don't have enough information to recommend a specific track that matches your requirements. However, I can suggest exploring the music of Sander van Doorn and Adrian Lux, as they are known for their electronic and dance music. You may find a track that aligns with your preferences.","Certainly! How about 'TechnoColour Dreams Invades Mansion NightClub May 19th 2013'? Although I don't have much information about this track, it's tagged as electronic, dance, electro, pop, and house, which suggests it could be a fitting choice for your event. It might have the pop and house elements you're looking for.","Certainly! How about 'Eagles' by Sander van Doorn and Adrian Lux? It's an electronic dance track from their album 'Eagles'. The song incorporates elements of house, electro, and pop, which aligns well with the electronic and dance style you're looking for. It has a fast-paced techno beat and features synth and piano sounds as well.",Eagles,Sander van Doorn and Adrian Lux,0,1,0,1,0,top1_generation_prompt_text_changed_only_precomputed_text_feature_unchanged
323,7KnEzXBwovQ,7KnEzXBwovQ_VdzigTcir9U,7KnEzXBwovQ_VdzigTcir9U,7KnEzXBwovQ,1,1,original,top1_prompt_level_preference_counterfactual,original,top1_reference,"That sounds great! I also want to incorporate some Korean music into my video. Can you recommend a track from the Korean music scene that combines elements of hip-hop, pop, and electronic?","That sounds great! I also want to incorporate some Korean music into my video. Can you recommend a track from the Korean music scene that combines elements of hip-hop, pop, and electronic?","Certainly! I recommend 'Gangnam Style' by PSY. It's a track from the Korean music scene that combines elements of hip-hop, pop, and electronic. The song became a global sensation and is known for its catchy dance moves. It's a perfect choice to incorporate Korean music into your video.","Allow me to recommend a video titled '盘点韩国歌坛5大舞王' from Tudou最音乐. It showcases the dance skills of Super Junior's member Yoon Hee, Shinhwa's member Lee Min-woo, TVXQ's Yunho, Rain, and Jang Yoon-ha. Although no specific track name or artist is mentioned, it suggests the Korean music scene's diversity in genres such as hip-hop, pop, electronic, and even rock. This video might be a great fit for your video project.","Allow me to recommend a video titled '盘点韩国歌坛5大舞王' from Tudou最音乐. It showcases the dance skills of Super Junior's member Yoon Hee, Shinhwa's member Lee Min-woo, TVXQ's Yunho, Rain, and Jang Yoon-ha. Although no specific track name or artist is mentioned, it suggests the Korean music scene's diversity in genres such as hip-hop, pop, electronic, and even rock. This video might be a great fit for your video project.",,,,,,0,0,top1_generation_prompt_text_changed_only_precomputed_text_feature_unchanged
323,7KnEzXBwovQ,7KnEzXBwovQ_VdzigTcir9U,7KnEzXBwovQ_VdzigTcir9U,7KnEzXBwovQ,1,1,cf_upbeat_electronic,top1_prompt_level_preference_counterfactual,original,top1_reference,"I prefer upbeat electronic background music with a bright mood, clear rhythm, energetic beats, and a modern dance or pop feeling.","That sounds great! I also want to incorporate some Korean music into my video. Can you recommend a track from the Korean music scene that combines elements of hip-hop, pop, and electronic?","Based on your preferences, I recommend 'Gangnam Style' by PSY. It's a popular track with a catchy beat and a modern dance or pop feel. The song is classified as electronic, dance, pop, and rock, which aligns well with your requirements. It has a bright and energetic vibe that will enhance your video.","Allow me to recommend a video titled '盘点韩国歌坛5大舞王' from Tudou最音乐. It showcases the dance skills of Super Junior's member Yoon Hee, Shinhwa's member Lee Min-woo, TVXQ's Yunho, Rain, and Jang Yoon-ha. Although no specific track name or artist is mentioned, it suggests the Korean music scene's diversity in genres such as hip-hop, pop, electronic, and even rock. This video might be a great fit for your video project.","Allow me to recommend a video titled '盘点韩国歌坛5大舞王' from Tudou最音乐. It showcases the dance skills of Super Junior's member Yoon Hee, Shinhwa's member Lee Min-woo, TVXQ's Yunho, Rain, and Jang Yoon-ha. Although no specific track name or artist is mentioned, it suggests the Korean music scene's diversity in genres such as hip-hop, pop, electronic, and even rock. This video might be a great fit for your video project.",,,,,,0,0,top1_generation_prompt_text_changed_only_precomputed_text_feature_unchanged
323,7KnEzXBwovQ,7KnEzXBwovQ_VdzigTcir9U,7KnEzXBwovQ_VdzigTcir9U,7KnEzXBwovQ,1,1,cf_lyrical_piano,top1_prompt_level_preference_counterfactual,original,top1_reference,"I prefer lyrical piano background music with a slow tempo, soft acoustic texture, gentle melody, and a calm sentimental mood.","That sounds great! I also want to incorporate some Korean music into my video. Can you recommend a track from the Korean music scene that combines elements of hip-hop, pop, and electronic?","I apologize, but I don't have enough information to recommend a specific track that matches your requirements. However, I can suggest exploring the music of 2PM, as they are known for their lyrical piano background music with a slow tempo and a calm sentimental mood.","Allow me to recommend a video titled '盘点韩国歌坛5大舞王' from Tudou最音乐. It showcases the dance skills of Super Junior's member Yoon Hee, Shinhwa's member Lee Min-woo, TVXQ's Yunho, Rain, and Jang Yoon-ha. Although no specific track name or artist is mentioned, it suggests the Korean music scene's diversity in genres such as hip-hop, pop, electronic, and even rock. This video might be a great fit for your video project.","Allow me to recommend a video titled '盘点韩国歌坛5大舞王' from Tudou最音乐. It showcases the dance skills of Super Junior's member Yoon Hee, Shinhwa's member Lee Min-woo, TVXQ's Yunho, Rain, and Jang Yoon-ha. Although no specific track name or artist is mentioned, it suggests the Korean music scene's diversity in genres such as hip-hop, pop, electronic, and even rock. This video might be a great fit for your video project.",,,,,,0,0,top1_generation_prompt_text_changed_only_precomputed_text_feature_unchanged
326,Nun6L-ahGL8,Nun6L-ahGL8_nbchhRSriRg,iwXwrUM8cG0_4du6lXMqc2Q,iwXwrUM8cG0,0,5,original,top1_prompt_level_preference_counterfactual,original,top1_reference,"That sounds great, but I would like to incorporate a bit more of Kokane's distinctive style, especially his R&B and pop components. I'm also interested in rock elements.","That sounds great, but I would like to incorporate a bit more of Kokane's distinctive style, especially his R&B and pop components. I'm also interested in rock elements.","Allow me to recommend 'I'm a Hustler' by Kokane. It's a track from his album 'I'm a Hustler'. It combines elements of hip-hop, R&B, and pop with rock influences. The song was released in 2010 and may contain the specific elements you're looking for.","Allow me to recommend 'My World' by Kokane. It's a track from the album 'Lady Kokane Presents: Kokane Love Songs'. It combines elements of hip-hop, electronic, R&B, pop, and rock, which could be a fitting choice for your video. The song has a mix of electronic beats, synth sounds, and drums that add to the overall sound.","In that case, I would recommend 'Reky' by Romi. This track has elements of hip-hop, electronic, soul, and R&B, giving it a unique and diverse sound. It's part of the CZ hip-hop scene and has a cool vibe to it.",Reky,Romi,0,0,0,1,0,top1_generation_prompt_text_changed_only_precomputed_text_feature_unchanged
326,Nun6L-ahGL8,Nun6L-ahGL8_nbchhRSriRg,iwXwrUM8cG0_4du6lXMqc2Q,iwXwrUM8cG0,0,5,cf_upbeat_electronic,top1_prompt_level_preference_counterfactual,original,top1_reference,"I prefer upbeat electronic background music with a bright mood, clear rhythm, energetic beats, and a modern dance or pop feeling.","That sounds great, but I would like to incorporate a bit more of Kokane's distinctive style, especially his R&B and pop components. I'm also interested in rock elements.","Based on your preferences, I recommend 'I'm On It' by J.R. featuring J.R. It's a track from the album 'I'm On It' by J.R. The song combines elements of Hip-Hop, electronic, and pop with a dance and rock influence. It has a fast-paced beat and a modern sound that aligns well with your requirements.","Allow me to recommend 'My World' by Kokane. It's a track from the album 'Lady Kokane Presents: Kokane Love Songs'. It combines elements of hip-hop, electronic, R&B, pop, and rock, which could be a fitting choice for your video. The song has a mix of electronic beats, synth sounds, and drums that add to the overall sound.","In that case, I would recommend 'Reky' by Romi. This track has elements of hip-hop, electronic, soul, and R&B, giving it a unique and diverse sound. It's part of the CZ hip-hop scene and has a cool vibe to it.",Reky,Romi,0,0,0,1,0,top1_generation_prompt_text_changed_only_precomputed_text_feature_unchanged
326,Nun6L-ahGL8,Nun6L-ahGL8_nbchhRSriRg,iwXwrUM8cG0_4du6lXMqc2Q,iwXwrUM8cG0,0,5,cf_lyrical_piano,top1_prompt_level_preference_counterfactual,original,top1_reference,"I prefer lyrical piano background music with a slow tempo, soft acoustic texture, gentle melody, and a calm sentimental mood.","That sounds great, but I would like to incorporate a bit more of Kokane's distinctive style, especially his R&B and pop components. I'm also interested in rock elements.","Based on your preferences, I recommend 'I'm Alive' by Romi. It's a track from the album 'I'm Alive' and features lyrical piano background music with a slow tempo, soft acoustic texture, gentle melody, and a calm sentimental mood. It's a perfect fit for your video.","Allow me to recommend 'My World' by Kokane. It's a track from the album 'Lady Kokane Presents: Kokane Love Songs'. It combines elements of hip-hop, electronic, R&B, pop, and rock, which could be a fitting choice for your video. The song has a mix of electronic beats, synth sounds, and drums that add to the overall sound.","In that case, I would recommend 'Reky' by Romi. This track has elements of hip-hop, electronic, soul, and R&B, giving it a unique and diverse sound. It's part of the CZ hip-hop scene and has a cool vibe to it.",Reky,Romi,0,1,0,1,0,top1_generation_prompt_text_changed_only_precomputed_text_feature_unchanged
348,6WpF3T7_-WY,6WpF3T7_-WY_334K3xDT5OU,IYCgeTCE39A_bAZfXolyahY,IYCgeTCE39A,0,3,original,top1_prompt_level_preference_counterfactual,original,top1_reference,"That sounds great, but I would like to incorporate some elements of Diez Mo's style as well. Can you recommend a track that combines hip-hop, electronic, and soul with a dance vibe?","That sounds great, but I would like to incorporate some elements of Diez Mo's style as well. Can you recommend a track that combines hip-hop, electronic, and soul with a dance vibe?","I suggest you consider 'Ella' by Diez Mo. It's a track from his album 'Ella'. The song combines elements of hip-hop, electronic, and soul with a dance vibe. It was released in 2012 and has a catchy beat that could add a unique touch to your video.","Sure! How about 'Poser' by Diez Mo feat. Modibo? It's a track from their project 'Diezporama'. It combines elements of hip-hop, electronic, soul, and dance. It was directed by FEDZ and has a catchy beat and synth sound.",Allow me to recommend 'Soy un fiel Artista' by Mener ft. Soke. It's a track released under RAP STREET RECORDS. The song combines hip-hop and electronic elements with experimental and ambient influences. It was released in March 2013 and may contain the specific elements you're looking for.,Soy un fiel Artista,Mener ft,0,0,0,1,0,top1_generation_prompt_text_changed_only_precomputed_text_feature_unchanged
348,6WpF3T7_-WY,6WpF3T7_-WY_334K3xDT5OU,IYCgeTCE39A_bAZfXolyahY,IYCgeTCE39A,0,3,cf_upbeat_electronic,top1_prompt_level_preference_counterfactual,original,top1_reference,"I prefer upbeat electronic background music with a bright mood, clear rhythm, energetic beats, and a modern dance or pop feeling.","That sounds great, but I would like to incorporate some elements of Diez Mo's style as well. Can you recommend a track that combines hip-hop, electronic, and soul with a dance vibe?","Based on your preferences, I recommend 'Mener ft. M.A.R.S - Soy un fiel Artista'. It's a track with a bright mood, clear rhythm, energetic beats, and a modern dance or pop feeling. Although I don't have much information about the track, it aligns well with your preferences.","Sure! How about 'Poser' by Diez Mo feat. Modibo? It's a track from their project 'Diezporama'. It combines elements of hip-hop, electronic, soul, and dance. It was directed by FEDZ and has a catchy beat and synth sound.",Allow me to recommend 'Soy un fiel Artista' by Mener ft. Soke. It's a track released under RAP STREET RECORDS. The song combines hip-hop and electronic elements with experimental and ambient influences. It was released in March 2013 and may contain the specific elements you're looking for.,Soy un fiel Artista,Mener ft,1,1,1,0,0,top1_generation_prompt_text_changed_only_precomputed_text_feature_unchanged
348,6WpF3T7_-WY,6WpF3T7_-WY_334K3xDT5OU,IYCgeTCE39A_bAZfXolyahY,IYCgeTCE39A,0,3,cf_lyrical_piano,top1_prompt_level_preference_counterfactual,original,top1_reference,"I prefer lyrical piano background music with a slow tempo, soft acoustic texture, gentle melody, and a calm sentimental mood.","That sounds great, but I would like to incorporate some elements of Diez Mo's style as well. Can you recommend a track that combines hip-hop, electronic, and soul with a dance vibe?","I suggest you consider 'Mi Vida' by Mener ft. M.A.R.S. It's a track from the album 'Mi Vida' by Mener ft. M.A.R.S. The song combines elements of hip-hop, R&B, pop, and electronic music. It has a slow tempo and features lyrical piano and acoustic elements. The track has a calm and sentimental vibe that could be a fitting choice for your video.","Sure! How about 'Poser' by Diez Mo feat. Modibo? It's a track from their project 'Diezporama'. It combines elements of hip-hop, electronic, soul, and dance. It was directed by FEDZ and has a catchy beat and synth sound.",Allow me to recommend 'Soy un fiel Artista' by Mener ft. Soke. It's a track released under RAP STREET RECORDS. The song combines hip-hop and electronic elements with experimental and ambient influences. It was released in March 2013 and may contain the specific elements you're looking for.,Soy un fiel Artista,Mener ft,0,1,0,1,0,top1_generation_prompt_text_changed_only_precomputed_text_feature_unchanged
357,aXgXFr89wpY,aXgXFr89wpY_5cdy3zeBS0w,aXgXFr89wpY_5cdy3zeBS0w,aXgXFr89wpY,1,1,original,top1_prompt_level_preference_counterfactual,original,top1_reference,"That sounds great, but I also want to incorporate some hip-hop and rock influences into the music. I'm also interested in male vocals and electronic beats.","That sounds great, but I also want to incorporate some hip-hop and rock influences into the music. I'm also interested in male vocals and electronic beats.","Allow me to recommend 'Vampires' by Da Messenger ft; 24hrs. It's a track from their album 'Vampires'. It combines elements of hip-hop, rock, and electronic music with male vocals. The song has a fast-paced and energetic vibe, which could be a fitting choice for your video.",Allow me to recommend 'Vampires' by Da Messenger ft. T-Clax. It's a hip-hop track with electronic and rock elements that could be a fitting choice for your video. It features male vocals and has an energetic and dynamic sound with electronic beats.,Allow me to recommend 'Vampires' by Da Messenger ft. T-Clax. It's a hip-hop track with electronic and rock elements that could be a fitting choice for your video. It features male vocals and has an energetic and dynamic sound with electronic beats.,Vampires,Da Messenger ft,1,1,1,0,0,top1_generation_prompt_text_changed_only_precomputed_text_feature_unchanged
357,aXgXFr89wpY,aXgXFr89wpY_5cdy3zeBS0w,aXgXFr89wpY_5cdy3zeBS0w,aXgXFr89wpY,1,1,cf_upbeat_electronic,top1_prompt_level_preference_counterfactual,original,top1_reference,"I prefer upbeat electronic background music with a bright mood, clear rhythm, energetic beats, and a modern dance or pop feeling.","That sounds great, but I also want to incorporate some hip-hop and rock influences into the music. I'm also interested in male vocals and electronic beats.","Based on your preferences, I recommend 'Vampires' by Da Messenger ft; 24hrs. It's a track from the album 'Vampires' and features a mix of Hip-Hop, electronic, R&B, dance, and pop elements. The song has a fast-paced beat and a modern dance or pop feel that aligns well with your requirements.",Allow me to recommend 'Vampires' by Da Messenger ft. T-Clax. It's a hip-hop track with electronic and rock elements that could be a fitting choice for your video. It features male vocals and has an energetic and dynamic sound with electronic beats.,Allow me to recommend 'Vampires' by Da Messenger ft. T-Clax. It's a hip-hop track with electronic and rock elements that could be a fitting choice for your video. It features male vocals and has an energetic and dynamic sound with electronic beats.,Vampires,Da Messenger ft,1,1,1,0,0,top1_generation_prompt_text_changed_only_precomputed_text_feature_unchanged
357,aXgXFr89wpY,aXgXFr89wpY_5cdy3zeBS0w,aXgXFr89wpY_5cdy3zeBS0w,aXgXFr89wpY,1,1,cf_lyrical_piano,top1_prompt_level_preference_counterfactual,original,top1_reference,"I prefer lyrical piano background music with a slow tempo, soft acoustic texture, gentle melody, and a calm sentimental mood.","That sounds great, but I also want to incorporate some hip-hop and rock influences into the music. I'm also interested in male vocals and electronic beats.","I apologize, but I don't have enough information to recommend a specific track that matches your requirements. However, I can suggest exploring the works of artists who specialize in lyrical piano background music with a slow tempo, soft acoustic texture, gentle melody, and a calm sentimental mood.",Allow me to recommend 'Vampires' by Da Messenger ft. T-Clax. It's a hip-hop track with electronic and rock elements that could be a fitting choice for your video. It features male vocals and has an energetic and dynamic sound with electronic beats.,Allow me to recommend 'Vampires' by Da Messenger ft. T-Clax. It's a hip-hop track with electronic and rock elements that could be a fitting choice for your video. It features male vocals and has an energetic and dynamic sound with electronic beats.,Vampires,Da Messenger ft,0,0,0,1,0,top1_generation_prompt_text_changed_only_precomputed_text_feature_unchanged
358,4ldBWUbiDTM,4ldBWUbiDTM_bs9xnYfKAQA,48Ebe-oCMIQ_s2Odvz0uDyU,48Ebe-oCMIQ,0,4,original,top1_prompt_level_preference_counterfactual,original,top1_reference,"That sounds great, I like the rock and alternative types in your music recommendations. But I would like to incorporate a bit more of La Crus's distinctive style, especially their 80s and indie components. I'm also interested in pop elements with female vocals.","That sounds great, I like the rock and alternative types in your music recommendations. But I would like to incorporate a bit more of La Crus's distinctive style, especially their 80s and indie components. I'm also interested in pop elements with female vocals.","Allow me to recommend 'La Crus' by La Crus. It's a track from their album 'La Crus'. It combines elements of rock, pop, and indie with a touch of 80s vibes. The song features female vocals and could be a fitting choice for your video.","Allow me to recommend 'Mentimi' by La Crus. It's a track from their album 'Mentimi'. It combines elements of 80s, indie, and alternative rock with pop influences. This song has guitar-based music and features female vocals. It was released in 2008, which may contain the specific elements you're looking for.","Certainly! How about 'Si C'Est Une Ile' by Jenifer? It's a track that showcases her rock and pop style with indie and alternative influences. The song features female vocals, which adds a unique touch to the music. It was released in 2008 and could bring a nostalgic feel to your video.",Si C'Est Une Ile,Jenifer,0,0,0,1,0,top1_generation_prompt_text_changed_only_precomputed_text_feature_unchanged
358,4ldBWUbiDTM,4ldBWUbiDTM_bs9xnYfKAQA,48Ebe-oCMIQ_s2Odvz0uDyU,48Ebe-oCMIQ,0,4,cf_upbeat_electronic,top1_prompt_level_preference_counterfactual,original,top1_reference,"I prefer upbeat electronic background music with a bright mood, clear rhythm, energetic beats, and a modern dance or pop feeling.","That sounds great, I like the rock and alternative types in your music recommendations. But I would like to incorporate a bit more of La Crus's distinctive style, especially their 80s and indie components. I'm also interested in pop elements with female vocals.","Based on your preferences, I recommend 'Si C'Est Une Ile' by Jenifer. It's a track from her album 'Si C'Est Une Ile'. The song combines elements of rock, pop, and electronic music with a dance and pop vibe. It has a fast-paced rhythm and energetic beats that could be a great fit for your video.","Allow me to recommend 'Mentimi' by La Crus. It's a track from their album 'Mentimi'. It combines elements of 80s, indie, and alternative rock with pop influences. This song has guitar-based music and features female vocals. It was released in 2008, which may contain the specific elements you're looking for.","Certainly! How about 'Si C'Est Une Ile' by Jenifer? It's a track that showcases her rock and pop style with indie and alternative influences. The song features female vocals, which adds a unique touch to the music. It was released in 2008 and could bring a nostalgic feel to your video.",Si C'Est Une Ile,Jenifer,1,1,1,0,0,top1_generation_prompt_text_changed_only_precomputed_text_feature_unchanged
358,4ldBWUbiDTM,4ldBWUbiDTM_bs9xnYfKAQA,48Ebe-oCMIQ_s2Odvz0uDyU,48Ebe-oCMIQ,0,4,cf_lyrical_piano,top1_prompt_level_preference_counterfactual,original,top1_reference,"I prefer lyrical piano background music with a slow tempo, soft acoustic texture, gentle melody, and a calm sentimental mood.","That sounds great, I like the rock and alternative types in your music recommendations. But I would like to incorporate a bit more of La Crus's distinctive style, especially their 80s and indie components. I'm also interested in pop elements with female vocals.","I apologize, but I don't have enough information to recommend a specific track that matches your requirements. However, I can suggest exploring the music of Jenifer, as she is known for her piano-driven songs with a mix of rock, pop, and alternative influences. You may find a track that aligns with your preferences.","Allow me to recommend 'Mentimi' by La Crus. It's a track from their album 'Mentimi'. It combines elements of 80s, indie, and alternative rock with pop influences. This song has guitar-based music and features female vocals. It was released in 2008, which may contain the specific elements you're looking for.","Certainly! How about 'Si C'Est Une Ile' by Jenifer? It's a track that showcases her rock and pop style with indie and alternative influences. The song features female vocals, which adds a unique touch to the music. It was released in 2008 and could bring a nostalgic feel to your video.",Si C'Est Une Ile,Jenifer,0,1,0,1,0,top1_generation_prompt_text_changed_only_precomputed_text_feature_unchanged
364,XKMGhFjOoXg,XKMGhFjOoXg_Mbau7DWaexI,XKMGhFjOoXg_Mbau7DWaexI,XKMGhFjOoXg,1,1,original,top1_prompt_level_preference_counterfactual,original,top1_reference,"That sounds good, but I'm looking for a track with more diverse influences. I want to incorporate elements of hip-hop, indie, and rock into the music. It would be great if the song also had pop and electronic elements.","That sounds good, but I'm looking for a track with more diverse influences. I want to incorporate elements of hip-hop, indie, and rock into the music. It would be great if the song also had pop and electronic elements.","Allow me to recommend 'Zemsta' by Mezo. It's a track from his album 'Zemsta'. The song combines elements of hip-hop, indie, rock, pop, and electronic music. It has a male vocal and a guitar-focused sound. The track was released in 2012 and could provide the diverse influences you're looking for.","Allow me to recommend 'Zemsta' by Mezo. It's a track that combines elements of hip-hop, indie, rock, pop, and electronic music. Mezo is known for his diverse style, and 'Zemsta' captures the fusion of these genres. The song has a catchy pop melody with guitar-driven rock elements and electronic beats, making it a versatile choice for your video.","Allow me to recommend 'Zemsta' by Mezo. It's a track that combines elements of hip-hop, indie, rock, pop, and electronic music. Mezo is known for his diverse style, and 'Zemsta' captures the fusion of these genres. The song has a catchy pop melody with guitar-driven rock elements and electronic beats, making it a versatile choice for your video.",Zemsta,Mezo,1,1,1,0,0,top1_generation_prompt_text_changed_only_precomputed_text_feature_unchanged
364,XKMGhFjOoXg,XKMGhFjOoXg_Mbau7DWaexI,XKMGhFjOoXg_Mbau7DWaexI,XKMGhFjOoXg,1,1,cf_upbeat_electronic,top1_prompt_level_preference_counterfactual,original,top1_reference,"I prefer upbeat electronic background music with a bright mood, clear rhythm, energetic beats, and a modern dance or pop feeling.","That sounds good, but I'm looking for a track with more diverse influences. I want to incorporate elements of hip-hop, indie, and rock into the music. It would be great if the song also had pop and electronic elements.","Based on your preferences, I recommend 'Zemsta' by Mezo. It's a track from the album 'Zemsta' and falls under the genres of Hip-Hop, pop, rock, and electronic. The song has a fast-paced rhythm with techno and electronic elements, which aligns well with your requirements.","Allow me to recommend 'Zemsta' by Mezo. It's a track that combines elements of hip-hop, indie, rock, pop, and electronic music. Mezo is known for his diverse style, and 'Zemsta' captures the fusion of these genres. The song has a catchy pop melody with guitar-driven rock elements and electronic beats, making it a versatile choice for your video.","Allow me to recommend 'Zemsta' by Mezo. It's a track that combines elements of hip-hop, indie, rock, pop, and electronic music. Mezo is known for his diverse style, and 'Zemsta' captures the fusion of these genres. The song has a catchy pop melody with guitar-driven rock elements and electronic beats, making it a versatile choice for your video.",Zemsta,Mezo,1,1,1,0,0,top1_generation_prompt_text_changed_only_precomputed_text_feature_unchanged
364,XKMGhFjOoXg,XKMGhFjOoXg_Mbau7DWaexI,XKMGhFjOoXg_Mbau7DWaexI,XKMGhFjOoXg,1,1,cf_lyrical_piano,top1_prompt_level_preference_counterfactual,original,top1_reference,"I prefer lyrical piano background music with a slow tempo, soft acoustic texture, gentle melody, and a calm sentimental mood.","That sounds good, but I'm looking for a track with more diverse influences. I want to incorporate elements of hip-hop, indie, and rock into the music. It would be great if the song also had pop and electronic elements.","I suggest you listen to 'Zemsta' by Mezo. It's a track from the album 'Zemsta' and features lyrical piano background music with a slow tempo, soft acoustic texture, gentle melody, and a calm sentimental mood. It aligns well with your preferences.","Allow me to recommend 'Zemsta' by Mezo. It's a track that combines elements of hip-hop, indie, rock, pop, and electronic music. Mezo is known for his diverse style, and 'Zemsta' captures the fusion of these genres. The song has a catchy pop melody with guitar-driven rock elements and electronic beats, making it a versatile choice for your video.","Allow me to recommend 'Zemsta' by Mezo. It's a track that combines elements of hip-hop, indie, rock, pop, and electronic music. Mezo is known for his diverse style, and 'Zemsta' captures the fusion of these genres. The song has a catchy pop melody with guitar-driven rock elements and electronic beats, making it a versatile choice for your video.",Zemsta,Mezo,1,1,1,0,0,top1_generation_prompt_text_changed_only_precomputed_text_feature_unchanged
410,q5bry6xHfxc,q5bry6xHfxc_TxqJOm0601k,5O5mdmyeeOs_NujXpZbhe2g,5O5mdmyeeOs,0,15,original,top1_prompt_level_preference_counterfactual,original,top1_reference,"That sounds great, but I'm also looking for some R&B and vocal elements in the music. Can you recommend something that combines Hip-Hop, electronic, and R&B with vocal presence?","That sounds great, but I'm also looking for some R&B and vocal elements in the music. Can you recommend something that combines Hip-Hop, electronic, and R&B with vocal presence?","Certainly! How about 'I'm On It' by Young Money? It's a track from their album 'I'm On It'. This song combines elements of Hip-Hop, electronic, and R&B with a strong vocal presence. It was released in 2011 and has a catchy and energetic vibe that could be a great fit for your video.","Certainly! How about 'Karma' by J-Blaze featuring HD? It's a track from their album 'Karma'. This song combines elements of Hip-Hop, electronic, R&B, and pop with a vocal presence. The music video was filmed and edited by PJ Flores of 4 Dub Ent, which adds a visual element to the music. It could be a great fit for your video, incorporating the desired genres and vocal elements.",Allow me to recommend 'BYE B**CH' by Mouse On Tha Track. It's a hip-hop track with electronic and soul influences. The song has a pop vibe and was directed by K.Shead and Mr.Vault. It aligns well with the soulful and pop elements you're looking for in the music.,BYE B**CH,Mouse On Tha Track,0,0,0,1,0,top1_generation_prompt_text_changed_only_precomputed_text_feature_unchanged
410,q5bry6xHfxc,q5bry6xHfxc_TxqJOm0601k,5O5mdmyeeOs_NujXpZbhe2g,5O5mdmyeeOs,0,15,cf_upbeat_electronic,top1_prompt_level_preference_counterfactual,original,top1_reference,"I prefer upbeat electronic background music with a bright mood, clear rhythm, energetic beats, and a modern dance or pop feeling.","That sounds great, but I'm also looking for some R&B and vocal elements in the music. Can you recommend something that combines Hip-Hop, electronic, and R&B with vocal presence?","Based on your preferences, I recommend 'Bring It Back' by Young Chop. It's a track from the album 'Bring It Back' and features a mix of Hip-Hop, electronic, R&B, dance, and pop elements. The song has a fast-paced beat and a modern dance or pop feel that aligns well with your requirements.","Certainly! How about 'Karma' by J-Blaze featuring HD? It's a track from their album 'Karma'. This song combines elements of Hip-Hop, electronic, R&B, and pop with a vocal presence. The music video was filmed and edited by PJ Flores of 4 Dub Ent, which adds a visual element to the music. It could be a great fit for your video, incorporating the desired genres and vocal elements.",Allow me to recommend 'BYE B**CH' by Mouse On Tha Track. It's a hip-hop track with electronic and soul influences. The song has a pop vibe and was directed by K.Shead and Mr.Vault. It aligns well with the soulful and pop elements you're looking for in the music.,BYE B**CH,Mouse On Tha Track,0,0,0,1,0,top1_generation_prompt_text_changed_only_precomputed_text_feature_unchanged
410,q5bry6xHfxc,q5bry6xHfxc_TxqJOm0601k,5O5mdmyeeOs_NujXpZbhe2g,5O5mdmyeeOs,0,15,cf_lyrical_piano,top1_prompt_level_preference_counterfactual,original,top1_reference,"I prefer lyrical piano background music with a slow tempo, soft acoustic texture, gentle melody, and a calm sentimental mood.","That sounds great, but I'm also looking for some R&B and vocal elements in the music. Can you recommend something that combines Hip-Hop, electronic, and R&B with vocal presence?","I apologize, but I don't have enough information to recommend a specific track that matches your requirements. However, I can suggest exploring the music of Mouse On Tha Track, as they are known for their lyrical piano background music with a slow tempo and a calm sentimental mood.","Certainly! How about 'Karma' by J-Blaze featuring HD? It's a track from their album 'Karma'. This song combines elements of Hip-Hop, electronic, R&B, and pop with a vocal presence. The music video was filmed and edited by PJ Flores of 4 Dub Ent, which adds a visual element to the music. It could be a great fit for your video, incorporating the desired genres and vocal elements.",Allow me to recommend 'BYE B**CH' by Mouse On Tha Track. It's a hip-hop track with electronic and soul influences. The song has a pop vibe and was directed by K.Shead and Mr.Vault. It aligns well with the soulful and pop elements you're looking for in the music.,BYE B**CH,Mouse On Tha Track,0,1,0,1,0,top1_generation_prompt_text_changed_only_precomputed_text_feature_unchanged
412,b5QuBBHUgSQ,b5QuBBHUgSQ_51EjCZjDzWA,6esL1D6dVyY_bfC1yYsPeM4,6esL1D6dVyY,0,36,original,top1_prompt_level_preference_counterfactual,original,top1_reference,"That sounds great! I like the electronic and techno styles in your music recommendation. But I would like to incorporate a bit more of Ads Antalik's distinctive style, specifically their 90s hip-hop and dance components. I'm also interested in male vocal and synth influences.","That sounds great! I like the electronic and techno styles in your music recommendation. But I would like to incorporate a bit more of Ads Antalik's distinctive style, specifically their 90s hip-hop and dance components. I'm also interested in male vocal and synth influences.","Allow me to recommend 'I'm A Hustler' by Ads Antalik. It's a track from their album 'I'm A Hustler'. It combines elements of 90s hip-hop, dance, and electronic music with male vocals and synth sounds. It was released in 2012 and may contain the specific elements you're looking for.","Allow me to recommend 'Gloria Clemente / Mind Frame '13' by Ads Antalik. Although I don't have detailed information about this track, Ads Antalik is known for their hip-hop, electronic, and 90s dance influences. This song might have the specific elements you're looking for, including male vocals and synth elements.",Certainly! I suggest you consider 'Gimme Dat' by Chingy featuring Ludacris and Bobby V. It's a hip-hop track with rock and electronic elements. The song was released in 2008 and has a catchy vibe with a mix of classic rock and jazz influences. It's a great choice if you want to incorporate Chingy's distinctive style into your video.,Gimme Dat,Chingy featuring Ludacris and Bobby V,0,0,0,1,0,top1_generation_prompt_text_changed_only_precomputed_text_feature_unchanged
412,b5QuBBHUgSQ,b5QuBBHUgSQ_51EjCZjDzWA,6esL1D6dVyY_bfC1yYsPeM4,6esL1D6dVyY,0,36,cf_upbeat_electronic,top1_prompt_level_preference_counterfactual,original,top1_reference,"I prefer upbeat electronic background music with a bright mood, clear rhythm, energetic beats, and a modern dance or pop feeling.","That sounds great! I like the electronic and techno styles in your music recommendation. But I would like to incorporate a bit more of Ads Antalik's distinctive style, specifically their 90s hip-hop and dance components. I'm also interested in male vocal and synth influences.","Based on your preferences, I recommend 'Gimme Dat' by Chingy featuring Ludacris and Bobby V. It's a track from the album 'Gimme Dat' and combines elements of Hip-Hop, electronic, rock, and dance with a pop influence. The song has a fast-paced beat and energetic drums that could be a great fit for your video.","Allow me to recommend 'Gloria Clemente / Mind Frame '13' by Ads Antalik. Although I don't have detailed information about this track, Ads Antalik is known for their hip-hop, electronic, and 90s dance influences. This song might have the specific elements you're looking for, including male vocals and synth elements.",Certainly! I suggest you consider 'Gimme Dat' by Chingy featuring Ludacris and Bobby V. It's a hip-hop track with rock and electronic elements. The song was released in 2008 and has a catchy vibe with a mix of classic rock and jazz influences. It's a great choice if you want to incorporate Chingy's distinctive style into your video.,Gimme Dat,Chingy featuring Ludacris and Bobby V,1,1,1,0,0,top1_generation_prompt_text_changed_only_precomputed_text_feature_unchanged
412,b5QuBBHUgSQ,b5QuBBHUgSQ_51EjCZjDzWA,6esL1D6dVyY_bfC1yYsPeM4,6esL1D6dVyY,0,36,cf_lyrical_piano,top1_prompt_level_preference_counterfactual,original,top1_reference,"I prefer lyrical piano background music with a slow tempo, soft acoustic texture, gentle melody, and a calm sentimental mood.","That sounds great! I like the electronic and techno styles in your music recommendation. But I would like to incorporate a bit more of Ads Antalik's distinctive style, specifically their 90s hip-hop and dance components. I'm also interested in male vocal and synth influences.","I suggest you consider 'Gimme Dat' by Chingy featuring Ludacris and Bobby V. It's a track from the album 'Gimme Dat' and combines elements of hip-hop, rock, and electronic music. The song has a slow tempo and features a lyrical piano background with a soft acoustic texture and a gentle melody. It has a calm and sentimental mood that could be a fitting choice for your video.","Allow me to recommend 'Gloria Clemente / Mind Frame '13' by Ads Antalik. Although I don't have detailed information about this track, Ads Antalik is known for their hip-hop, electronic, and 90s dance influences. This song might have the specific elements you're looking for, including male vocals and synth elements.",Certainly! I suggest you consider 'Gimme Dat' by Chingy featuring Ludacris and Bobby V. It's a hip-hop track with rock and electronic elements. The song was released in 2008 and has a catchy vibe with a mix of classic rock and jazz influences. It's a great choice if you want to incorporate Chingy's distinctive style into your video.,Gimme Dat,Chingy featuring Ludacris and Bobby V,1,1,1,0,0,top1_generation_prompt_text_changed_only_precomputed_text_feature_unchanged
448,R_R2JC4Ekw0,R_R2JC4Ekw0_47xbkT3calM,aIIiMw4UCiM_qa-oCyXq9iQ,aIIiMw4UCiM,0,2,original,top1_prompt_level_preference_counterfactual,original,top1_reference,"That sounds great, I'm looking for a track with electronic and dance elements. Do you have any recommendations that align with those genres?","That sounds great, I'm looking for a track with electronic and dance elements. Do you have any recommendations that align with those genres?",Certainly! How about 'Lejos de Ti' by Victor Benachi and Oskar Lopez? It's a pop and electronic track with dance and indie influences. The song features female vocals and has a fast-paced and energetic vibe that could be a fitting choice for your video.,"Certainly! How about 'LA TOALLA' by ANAÍS vs THE BOYS MACHINE y BABY? It's a dance track with electronic and house influences, and it features female vocals. It could be a fitting choice for your video.","In that case, I would recommend 'LEJOS DE TI' by Victor Benachi and Oskar Lopez. This track has a beautiful pop and soul vibe with powerful female vocals. It would be a perfect fit for your video.",LEJOS DE TI,Victor Benachi and Oskar Lopez,1,1,1,0,0,top1_generation_prompt_text_changed_only_precomputed_text_feature_unchanged
448,R_R2JC4Ekw0,R_R2JC4Ekw0_47xbkT3calM,aIIiMw4UCiM_qa-oCyXq9iQ,aIIiMw4UCiM,0,2,cf_upbeat_electronic,top1_prompt_level_preference_counterfactual,original,top1_reference,"I prefer upbeat electronic background music with a bright mood, clear rhythm, energetic beats, and a modern dance or pop feeling.","That sounds great, I'm looking for a track with electronic and dance elements. Do you have any recommendations that align with those genres?","Based on your preferences, I recommend 'LEJOS DE TI' by Victor Benachi and Oskar Lopez. It's a track from their album 'LEJOS DE TI'. This song combines elements of pop, electronic, and dance with a touch of rock and indie. It has a fast-paced rhythm and a modern sound that aligns well with your requirements.","Certainly! How about 'LA TOALLA' by ANAÍS vs THE BOYS MACHINE y BABY? It's a dance track with electronic and house influences, and it features female vocals. It could be a fitting choice for your video.","In that case, I would recommend 'LEJOS DE TI' by Victor Benachi and Oskar Lopez. This track has a beautiful pop and soul vibe with powerful female vocals. It would be a perfect fit for your video.",LEJOS DE TI,Victor Benachi and Oskar Lopez,1,1,1,0,0,top1_generation_prompt_text_changed_only_precomputed_text_feature_unchanged
448,R_R2JC4Ekw0,R_R2JC4Ekw0_47xbkT3calM,aIIiMw4UCiM_qa-oCyXq9iQ,aIIiMw4UCiM,0,2,cf_lyrical_piano,top1_prompt_level_preference_counterfactual,original,top1_reference,"I prefer lyrical piano background music with a slow tempo, soft acoustic texture, gentle melody, and a calm sentimental mood.","That sounds great, I'm looking for a track with electronic and dance elements. Do you have any recommendations that align with those genres?","I suggest you consider 'LEJOS DE TI' by Victor Benachi and Oskar Lopez. It's a track from their album 'LEJOS DE TI'. This song combines elements of pop, jazz, and folk with a slow tempo and acoustic instrumentation. It has a lyrical piano background and a gentle melody that can create a calm and sentimental mood for your video.","Certainly! How about 'LA TOALLA' by ANAÍS vs THE BOYS MACHINE y BABY? It's a dance track with electronic and house influences, and it features female vocals. It could be a fitting choice for your video.","In that case, I would recommend 'LEJOS DE TI' by Victor Benachi and Oskar Lopez. This track has a beautiful pop and soul vibe with powerful female vocals. It would be a perfect fit for your video.",LEJOS DE TI,Victor Benachi and Oskar Lopez,1,1,1,0,0,top1_generation_prompt_text_changed_only_precomputed_text_feature_unchanged
451,ggHIsQy7Db8,ggHIsQy7Db8_Z18Cnx5YJX8,ggHIsQy7Db8_Z18Cnx5YJX8,ggHIsQy7Db8,1,1,original,top1_prompt_level_preference_counterfactual,original,top1_reference,"That's a great recommendation, I like the mix of genres and the powerful vocals. However, I would like to incorporate a bit more of Samantha J's style, especially her dance and electronic elements. I'm also interested in female vocalists and fast-paced beats.","That's a great recommendation, I like the mix of genres and the powerful vocals. However, I would like to incorporate a bit more of Samantha J's style, especially her dance and electronic elements. I'm also interested in female vocalists and fast-paced beats.","Allow me to recommend 'Tight Skirt' by Samantha J. It's a track from her album 'Tight Skirt'. It combines elements of pop, dance, and electronic with powerful female vocals. The song has a fast-paced beat and catchy dance moves that could be a fitting choice for your video.",Allow me to recommend 'Tight Skirt' by Samantha J. It's a dance-pop track with elements of R&B and Hip-Hop. The song features Samantha J's powerful vocals and fast-paced beats that could be a fitting choice for your school project. It has electronic influences as well. You can find a French translation of the song by the Step Ova Squad on their Facebook page.,Allow me to recommend 'Tight Skirt' by Samantha J. It's a dance-pop track with elements of R&B and Hip-Hop. The song features Samantha J's powerful vocals and fast-paced beats that could be a fitting choice for your school project. It has electronic influences as well. You can find a French translation of the song by the Step Ova Squad on their Facebook page.,Tight Skirt,Samantha J,1,1,1,0,0,top1_generation_prompt_text_changed_only_precomputed_text_feature_unchanged
451,ggHIsQy7Db8,ggHIsQy7Db8_Z18Cnx5YJX8,ggHIsQy7Db8_Z18Cnx5YJX8,ggHIsQy7Db8,1,1,cf_upbeat_electronic,top1_prompt_level_preference_counterfactual,original,top1_reference,"I prefer upbeat electronic background music with a bright mood, clear rhythm, energetic beats, and a modern dance or pop feeling.","That's a great recommendation, I like the mix of genres and the powerful vocals. However, I would like to incorporate a bit more of Samantha J's style, especially her dance and electronic elements. I'm also interested in female vocalists and fast-paced beats.","Based on your preferences, I recommend 'Tight Skirt' by Samantha J. It's a track from her album 'Tight Skirt'. This song combines elements of pop, dance, and electronic music with a female vocalist. It has a fast-paced rhythm and a modern dance or pop feel that aligns well with your requirements.",Allow me to recommend 'Tight Skirt' by Samantha J. It's a dance-pop track with elements of R&B and Hip-Hop. The song features Samantha J's powerful vocals and fast-paced beats that could be a fitting choice for your school project. It has electronic influences as well. You can find a French translation of the song by the Step Ova Squad on their Facebook page.,Allow me to recommend 'Tight Skirt' by Samantha J. It's a dance-pop track with elements of R&B and Hip-Hop. The song features Samantha J's powerful vocals and fast-paced beats that could be a fitting choice for your school project. It has electronic influences as well. You can find a French translation of the song by the Step Ova Squad on their Facebook page.,Tight Skirt,Samantha J,1,1,1,0,0,top1_generation_prompt_text_changed_only_precomputed_text_feature_unchanged
451,ggHIsQy7Db8,ggHIsQy7Db8_Z18Cnx5YJX8,ggHIsQy7Db8_Z18Cnx5YJX8,ggHIsQy7Db8,1,1,cf_lyrical_piano,top1_prompt_level_preference_counterfactual,original,top1_reference,"I prefer lyrical piano background music with a slow tempo, soft acoustic texture, gentle melody, and a calm sentimental mood.","That's a great recommendation, I like the mix of genres and the powerful vocals. However, I would like to incorporate a bit more of Samantha J's style, especially her dance and electronic elements. I'm also interested in female vocalists and fast-paced beats.","I apologize, but I don't have enough information to recommend a specific track that matches your requirements. However, I can suggest exploring the music of Samantha J, as she is known for her lyrical piano background music with a slow tempo, soft acoustic texture, gentle melody, and a calm sentimental mood.",Allow me to recommend 'Tight Skirt' by Samantha J. It's a dance-pop track with elements of R&B and Hip-Hop. The song features Samantha J's powerful vocals and fast-paced beats that could be a fitting choice for your school project. It has electronic influences as well. You can find a French translation of the song by the Step Ova Squad on their Facebook page.,Allow me to recommend 'Tight Skirt' by Samantha J. It's a dance-pop track with elements of R&B and Hip-Hop. The song features Samantha J's powerful vocals and fast-paced beats that could be a fitting choice for your school project. It has electronic influences as well. You can find a French translation of the song by the Step Ova Squad on their Facebook page.,Tight Skirt,Samantha J,0,1,0,1,0,top1_generation_prompt_text_changed_only_precomputed_text_feature_unchanged
457,_MV0BuKm0VE,_MV0BuKm0VE_xbzDeFsKwfY,glThsEZuD2Y_ToZljXVGbFs,glThsEZuD2Y,0,4,original,top1_prompt_level_preference_counterfactual,original,top1_reference,"That sounds great, but I also want the music to have a house or electro influence.","That sounds great, but I also want the music to have a house or electro influence.","Based on your preferences, I recommend 'Beast' by Thomas Gold & Borgeous. It's a dance track with electronic and house influences. The song has a fast-paced techno beat and a loud, energetic sound that could be a fitting choice for your video.","Allow me to recommend 'S.O.T.U.' by Nicky Romero featuring Fast Eddie. It's a track from Nicky Romero's album 'S.O.T.U.' that combines elements of electronic, dance, and house. The fast beat and electronic sound of the track should be a good fit for your video.","Certainly! I suggest 'Beast' by Thomas Gold & Borgeous. It's an electronic and house track with elements of electro and electronica. The song has a fast tempo and loud energy, which can complement the intensity of your video. It was released as part of the 'Spinnin Sessions Amsterdam Dance Event 2014' album.",Beast,Thomas Gold & Borgeous,1,1,1,0,0,top1_generation_prompt_text_changed_only_precomputed_text_feature_unchanged
457,_MV0BuKm0VE,_MV0BuKm0VE_xbzDeFsKwfY,glThsEZuD2Y_ToZljXVGbFs,glThsEZuD2Y,0,4,cf_upbeat_electronic,top1_prompt_level_preference_counterfactual,original,top1_reference,"I prefer upbeat electronic background music with a bright mood, clear rhythm, energetic beats, and a modern dance or pop feeling.","That sounds great, but I also want the music to have a house or electro influence.","Based on your preferences, I recommend 'Beast' by Thomas Gold & Borgeous. It's an electronic dance track with a fast tempo and a catchy beat. The song has a modern and pop feel, which aligns well with your requirements. It's a great choice for creating a lively and energetic atmosphere in your video.","Allow me to recommend 'S.O.T.U.' by Nicky Romero featuring Fast Eddie. It's a track from Nicky Romero's album 'S.O.T.U.' that combines elements of electronic, dance, and house. The fast beat and electronic sound of the track should be a good fit for your video.","Certainly! I suggest 'Beast' by Thomas Gold & Borgeous. It's an electronic and house track with elements of electro and electronica. The song has a fast tempo and loud energy, which can complement the intensity of your video. It was released as part of the 'Spinnin Sessions Amsterdam Dance Event 2014' album.",Beast,Thomas Gold & Borgeous,1,1,1,0,0,top1_generation_prompt_text_changed_only_precomputed_text_feature_unchanged
457,_MV0BuKm0VE,_MV0BuKm0VE_xbzDeFsKwfY,glThsEZuD2Y_ToZljXVGbFs,glThsEZuD2Y,0,4,cf_lyrical_piano,top1_prompt_level_preference_counterfactual,original,top1_reference,"I prefer lyrical piano background music with a slow tempo, soft acoustic texture, gentle melody, and a calm sentimental mood.","That sounds great, but I also want the music to have a house or electro influence.","I apologize, but I don't have enough information to recommend a specific track that matches your requirements. However, I can suggest exploring the electronic, dance, and house genres to find a suitable track with a piano and acoustic elements.","Allow me to recommend 'S.O.T.U.' by Nicky Romero featuring Fast Eddie. It's a track from Nicky Romero's album 'S.O.T.U.' that combines elements of electronic, dance, and house. The fast beat and electronic sound of the track should be a good fit for your video.","Certainly! I suggest 'Beast' by Thomas Gold & Borgeous. It's an electronic and house track with elements of electro and electronica. The song has a fast tempo and loud energy, which can complement the intensity of your video. It was released as part of the 'Spinnin Sessions Amsterdam Dance Event 2014' album.",Beast,Thomas Gold & Borgeous,0,0,0,1,0,top1_generation_prompt_text_changed_only_precomputed_text_feature_unchanged
512,k3DP1RijqII,k3DP1RijqII_toNy7VhxPk4,U16JJVWpGko_n6mU7aN1Kq4,U16JJVWpGko,0,3,original,top1_prompt_level_preference_counterfactual,original,top1_reference,"That sounds great, I like the electronic and techno elements in your recommendation. But I would like to incorporate a bit more of В Двух шагах's distinctive style, especially their hip-hop and R&B components. I'm also interested in female vocals and electronic influences.","That sounds great, I like the electronic and techno elements in your recommendation. But I would like to incorporate a bit more of В Двух шагах's distinctive style, especially their hip-hop and R&B components. I'm also interested in female vocals and electronic influences.","Allow me to recommend 'В Двух шагах' by Danielle (Gold) Finess. It's a track from their album 'В Двух шагах'. It combines elements of hip-hop, R&B, and electronic music with female vocals. This song could be a fitting choice for your video, as it aligns well with the style and influences you're looking for.","Allow me to recommend 'Владелица моих мыслей'. It's a track by В Двух шагах that falls into the genres of hip-hop, pop, and R&B, with electronic elements and female vocals. Although I don't have much information about this track, it's likely to have the specific elements you're looking for.","Allow me to recommend 'She Got It' by Danielle (Gold) Finess. It's a track with electronic and pop elements, along with techno and drum influences. Although there isn't much description available for this track, it aligns well with the specific style you're looking for in your dance video.",She Got It,Danielle (Gold) Finess,0,1,0,1,0,top1_generation_prompt_text_changed_only_precomputed_text_feature_unchanged
512,k3DP1RijqII,k3DP1RijqII_toNy7VhxPk4,U16JJVWpGko_n6mU7aN1Kq4,U16JJVWpGko,0,3,cf_upbeat_electronic,top1_prompt_level_preference_counterfactual,original,top1_reference,"I prefer upbeat electronic background music with a bright mood, clear rhythm, energetic beats, and a modern dance or pop feeling.","That sounds great, I like the electronic and techno elements in your recommendation. But I would like to incorporate a bit more of В Двух шагах's distinctive style, especially their hip-hop and R&B components. I'm also interested in female vocals and electronic influences.","Based on your preferences, I recommend 'She Got It' by Danielle (Gold) Finess. It's a track from the album 'She Got It' and features a mix of hip-hop, R&B, pop, and electronic elements. The song has a fast-paced beat and a catchy rhythm that can add energy and a modern dance or pop feel to your video.","Allow me to recommend 'Владелица моих мыслей'. It's a track by В Двух шагах that falls into the genres of hip-hop, pop, and R&B, with electronic elements and female vocals. Although I don't have much information about this track, it's likely to have the specific elements you're looking for.","Allow me to recommend 'She Got It' by Danielle (Gold) Finess. It's a track with electronic and pop elements, along with techno and drum influences. Although there isn't much description available for this track, it aligns well with the specific style you're looking for in your dance video.",She Got It,Danielle (Gold) Finess,1,1,1,0,0,top1_generation_prompt_text_changed_only_precomputed_text_feature_unchanged
512,k3DP1RijqII,k3DP1RijqII_toNy7VhxPk4,U16JJVWpGko_n6mU7aN1Kq4,U16JJVWpGko,0,3,cf_lyrical_piano,top1_prompt_level_preference_counterfactual,original,top1_reference,"I prefer lyrical piano background music with a slow tempo, soft acoustic texture, gentle melody, and a calm sentimental mood.","That sounds great, I like the electronic and techno elements in your recommendation. But I would like to incorporate a bit more of В Двух шагах's distinctive style, especially their hip-hop and R&B components. I'm also interested in female vocals and electronic influences.","I apologize, but I don't have enough information to recommend a specific track that matches your requirements. However, I can suggest exploring the music of Danielle (Gold) Finess, as she is known for her lyrical piano background music with a slow tempo, soft acoustic texture, gentle melody, and a calm sentimental mood.","Allow me to recommend 'Владелица моих мыслей'. It's a track by В Двух шагах that falls into the genres of hip-hop, pop, and R&B, with electronic elements and female vocals. Although I don't have much information about this track, it's likely to have the specific elements you're looking for.","Allow me to recommend 'She Got It' by Danielle (Gold) Finess. It's a track with electronic and pop elements, along with techno and drum influences. Although there isn't much description available for this track, it aligns well with the specific style you're looking for in your dance video.",She Got It,Danielle (Gold) Finess,0,1,0,1,0,top1_generation_prompt_text_changed_only_precomputed_text_feature_unchanged
553,ynVK3EsW9Ws,ynVK3EsW9Ws_7i6N8WLd2zU,-JAy5n82TX0_J74ZeXB1r6o,-JAy5n82TX0,0,2,original,top1_prompt_level_preference_counterfactual,original,top1_reference,"Sounds good, but I'm looking for something with a mix of hip-hop, electronic, and pop. Do you have any recommendations?","Sounds good, but I'm looking for something with a mix of hip-hop, electronic, and pop. Do you have any recommendations?","Certainly! I would recommend 'Ning Nuhu Tual Kota Beradat' by Beatz tulak. This track combines elements of hip-hop, electronic, and pop, creating a unique and catchy sound. It's a great choice for your video.","In that case, I would recommend 'In The Zone' by LZ. This track combines elements of hip-hop, electronic, and pop, making it the perfect fit for your video. It has a vibrant and energetic vibe that will keep your viewers engaged.",Allow me to recommend 'Ning Nuhu Tual Kota Beradat' by Beatz tulak. It's a track with hip-hop and chillout elements. The song has soulful vibes and electronic beats that could be a fitting choice for your video.,Ning Nuhu Tual Kota Beradat,Beatz tulak,1,1,1,0,0,top1_generation_prompt_text_changed_only_precomputed_text_feature_unchanged
553,ynVK3EsW9Ws,ynVK3EsW9Ws_7i6N8WLd2zU,-JAy5n82TX0_J74ZeXB1r6o,-JAy5n82TX0,0,2,cf_upbeat_electronic,top1_prompt_level_preference_counterfactual,original,top1_reference,"I prefer upbeat electronic background music with a bright mood, clear rhythm, energetic beats, and a modern dance or pop feeling.","Sounds good, but I'm looking for something with a mix of hip-hop, electronic, and pop. Do you have any recommendations?","Based on your preferences, I recommend 'Ning Nuhu Tual Kota Beradat' by Beatz tulak. It's a track from the album 'Ning Nuhu Tual Kota Beradat' and features a mix of Hip-Hop, R&B, pop, and electronic elements. The song has a fast-paced beat and a modern dance or pop feel that aligns well with your requirements.","In that case, I would recommend 'In The Zone' by LZ. This track combines elements of hip-hop, electronic, and pop, making it the perfect fit for your video. It has a vibrant and energetic vibe that will keep your viewers engaged.",Allow me to recommend 'Ning Nuhu Tual Kota Beradat' by Beatz tulak. It's a track with hip-hop and chillout elements. The song has soulful vibes and electronic beats that could be a fitting choice for your video.,Ning Nuhu Tual Kota Beradat,Beatz tulak,1,1,1,0,0,top1_generation_prompt_text_changed_only_precomputed_text_feature_unchanged
553,ynVK3EsW9Ws,ynVK3EsW9Ws_7i6N8WLd2zU,-JAy5n82TX0_J74ZeXB1r6o,-JAy5n82TX0,0,2,cf_lyrical_piano,top1_prompt_level_preference_counterfactual,original,top1_reference,"I prefer lyrical piano background music with a slow tempo, soft acoustic texture, gentle melody, and a calm sentimental mood.","Sounds good, but I'm looking for something with a mix of hip-hop, electronic, and pop. Do you have any recommendations?","I suggest you consider 'Ning Nuhu Tual Kota Beradat' by Beatz tulak. It's a track with lyrical piano background music that aligns with your preferences. The song has a slow tempo, soft acoustic texture, and a gentle melody that can create a calm and sentimental mood for your video.","In that case, I would recommend 'In The Zone' by LZ. This track combines elements of hip-hop, electronic, and pop, making it the perfect fit for your video. It has a vibrant and energetic vibe that will keep your viewers engaged.",Allow me to recommend 'Ning Nuhu Tual Kota Beradat' by Beatz tulak. It's a track with hip-hop and chillout elements. The song has soulful vibes and electronic beats that could be a fitting choice for your video.,Ning Nuhu Tual Kota Beradat,Beatz tulak,1,1,1,0,0,top1_generation_prompt_text_changed_only_precomputed_text_feature_unchanged
559,1fMjQttld5U,1fMjQttld5U_-_Q9D5vl8lQ,1fMjQttld5U_-_Q9D5vl8lQ,1fMjQttld5U,1,1,original,top1_prompt_level_preference_counterfactual,original,top1_reference,"That sounds great, but I would like to incorporate a bit more of Marina Elali's style, especially her pop and rock components. I'm also interested in female vocals and electronic influences.","That sounds great, but I would like to incorporate a bit more of Marina Elali's style, especially her pop and rock components. I'm also interested in female vocals and electronic influences.","Allow me to recommend 'Encontrei' by Marina Elali. It's a track from her album 'Encontrei'. The song combines elements of pop, rock, and electronic music with female vocals. It was released in 2013 and could be a fitting choice for your video.",Allow me to recommend 'Encontrei' by Marina Elali. It's a pop track with electronic and rock elements. The song features Marina Elali's distinctive female vocals and could be a fitting choice for your video.,Allow me to recommend 'Encontrei' by Marina Elali. It's a pop track with electronic and rock elements. The song features Marina Elali's distinctive female vocals and could be a fitting choice for your video.,Encontrei,Marina Elali,1,1,1,0,0,top1_generation_prompt_text_changed_only_precomputed_text_feature_unchanged
559,1fMjQttld5U,1fMjQttld5U_-_Q9D5vl8lQ,1fMjQttld5U_-_Q9D5vl8lQ,1fMjQttld5U,1,1,cf_upbeat_electronic,top1_prompt_level_preference_counterfactual,original,top1_reference,"I prefer upbeat electronic background music with a bright mood, clear rhythm, energetic beats, and a modern dance or pop feeling.","That sounds great, but I would like to incorporate a bit more of Marina Elali's style, especially her pop and rock components. I'm also interested in female vocals and electronic influences.","I suggest you consider 'Sunrise' by Marina Elali. It's a track from her album 'Sunrise'. The song combines elements of pop, electronic, and rock with a touch of indie and dance. It has a fast-paced and energetic sound, perfect for creating a vibrant and modern atmosphere in your video.",Allow me to recommend 'Encontrei' by Marina Elali. It's a pop track with electronic and rock elements. The song features Marina Elali's distinctive female vocals and could be a fitting choice for your video.,Allow me to recommend 'Encontrei' by Marina Elali. It's a pop track with electronic and rock elements. The song features Marina Elali's distinctive female vocals and could be a fitting choice for your video.,Encontrei,Marina Elali,0,1,0,1,0,top1_generation_prompt_text_changed_only_precomputed_text_feature_unchanged
559,1fMjQttld5U,1fMjQttld5U_-_Q9D5vl8lQ,1fMjQttld5U_-_Q9D5vl8lQ,1fMjQttld5U,1,1,cf_lyrical_piano,top1_prompt_level_preference_counterfactual,original,top1_reference,"I prefer lyrical piano background music with a slow tempo, soft acoustic texture, gentle melody, and a calm sentimental mood.","That sounds great, but I would like to incorporate a bit more of Marina Elali's style, especially her pop and rock components. I'm also interested in female vocals and electronic influences.","I suggest you listen to 'Encontrei' by Marina Elali. It's a track from her album 'Encontrei'. The song features lyrical piano background music with a slow tempo, soft acoustic texture, gentle melody, and a calm sentimental mood. It aligns well with your preferences.",Allow me to recommend 'Encontrei' by Marina Elali. It's a pop track with electronic and rock elements. The song features Marina Elali's distinctive female vocals and could be a fitting choice for your video.,Allow me to recommend 'Encontrei' by Marina Elali. It's a pop track with electronic and rock elements. The song features Marina Elali's distinctive female vocals and could be a fitting choice for your video.,Encontrei,Marina Elali,1,1,1,0,0,top1_generation_prompt_text_changed_only_precomputed_text_feature_unchanged
562,Tl7ZXX6wbRE,Tl7ZXX6wbRE_rKoU3ekYQ-I,Tl7ZXX6wbRE_rKoU3ekYQ-I,Tl7ZXX6wbRE,1,1,original,top1_prompt_level_preference_counterfactual,original,top1_reference,"Sounds interesting, but I'm looking for something with a bit more of a 90s feel and a mix of Hip-Hop, electronic, and alternative genres.","Sounds interesting, but I'm looking for something with a bit more of a 90s feel and a mix of Hip-Hop, electronic, and alternative genres.","In that case, I would recommend 'I'm Alive' by Rayzr. This track combines elements of Hip-Hop, electronic, and alternative genres, giving it a unique and captivating sound. It has a 90s vibe that will add a nostalgic touch to your video.","In that case, I would recommend 'If I Hit The Lotto' by Rayzr. Although there's not much information available about this track, it falls under the Hip-Hop, electronic, rock, indie, and alternative genres, which align with your preferences. The combination of these genres can give your video a nostalgic 90s vibe.","In that case, I would recommend 'If I Hit The Lotto' by Rayzr. Although there's not much information available about this track, it falls under the Hip-Hop, electronic, rock, indie, and alternative genres, which align with your preferences. The combination of these genres can give your video a nostalgic 90s vibe.",If I Hit The Lotto,Rayzr,0,1,0,1,0,top1_generation_prompt_text_changed_only_precomputed_text_feature_unchanged
562,Tl7ZXX6wbRE,Tl7ZXX6wbRE_rKoU3ekYQ-I,Tl7ZXX6wbRE_rKoU3ekYQ-I,Tl7ZXX6wbRE,1,1,cf_upbeat_electronic,top1_prompt_level_preference_counterfactual,original,top1_reference,"I prefer upbeat electronic background music with a bright mood, clear rhythm, energetic beats, and a modern dance or pop feeling.","Sounds interesting, but I'm looking for something with a bit more of a 90s feel and a mix of Hip-Hop, electronic, and alternative genres.","I suggest you consider 'I Hit The Lotto' by Rayzr. It's a track from the album 'I Hit The Lotto' and features a mix of Hip-Hop, electronic, rock, indie, and pop elements. The song has a fast-paced techno sound with male vocals, which aligns well with the energetic and modern dance vibe you're looking for.","In that case, I would recommend 'If I Hit The Lotto' by Rayzr. Although there's not much information available about this track, it falls under the Hip-Hop, electronic, rock, indie, and alternative genres, which align with your preferences. The combination of these genres can give your video a nostalgic 90s vibe.","In that case, I would recommend 'If I Hit The Lotto' by Rayzr. Although there's not much information available about this track, it falls under the Hip-Hop, electronic, rock, indie, and alternative genres, which align with your preferences. The combination of these genres can give your video a nostalgic 90s vibe.",If I Hit The Lotto,Rayzr,0,1,0,1,0,top1_generation_prompt_text_changed_only_precomputed_text_feature_unchanged
562,Tl7ZXX6wbRE,Tl7ZXX6wbRE_rKoU3ekYQ-I,Tl7ZXX6wbRE_rKoU3ekYQ-I,Tl7ZXX6wbRE,1,1,cf_lyrical_piano,top1_prompt_level_preference_counterfactual,original,top1_reference,"I prefer lyrical piano background music with a slow tempo, soft acoustic texture, gentle melody, and a calm sentimental mood.","Sounds interesting, but I'm looking for something with a bit more of a 90s feel and a mix of Hip-Hop, electronic, and alternative genres.","I suggest you consider 'I'm Good' by Rayzr. It's a track from his album 'I'm Good'. This song combines elements of hip-hop, electronic, and rock with a slow tempo and a lyrical piano background. It has a soft acoustic texture and a calm, sentimental mood that could be a perfect fit for your video.","In that case, I would recommend 'If I Hit The Lotto' by Rayzr. Although there's not much information available about this track, it falls under the Hip-Hop, electronic, rock, indie, and alternative genres, which align with your preferences. The combination of these genres can give your video a nostalgic 90s vibe.","In that case, I would recommend 'If I Hit The Lotto' by Rayzr. Although there's not much information available about this track, it falls under the Hip-Hop, electronic, rock, indie, and alternative genres, which align with your preferences. The combination of these genres can give your video a nostalgic 90s vibe.",If I Hit The Lotto,Rayzr,0,1,0,1,0,top1_generation_prompt_text_changed_only_precomputed_text_feature_unchanged
627,YIyiT96Ojqg,YIyiT96Ojqg_ijpcMBW6eeE,lRXn2djCFEQ_9D-wLVsgj9Q,lRXn2djCFEQ,0,10,original,top1_prompt_level_preference_counterfactual,original,top1_reference,"That sounds great, but I also want to incorporate some reggaeton and dance elements into the music. Do you have any recommendations?","That sounds great, but I also want to incorporate some reggaeton and dance elements into the music. Do you have any recommendations?",Certainly! How about 'Vem com a firma Parte 2' by MC Juninho da FVL? It's a reggaeton track with hip-hop and electronic influences. The song has a danceable beat and catchy vocals that could add a lively and energetic vibe to your video.,"I apologize, but I couldn't find any specific track that matches your request. However, I can recommend 'Pa' Que Retozen' by Tego Calderon. It's a reggaeton track with electronic, pop, and rock elements. Although I don't have much information about the album or artists, this song might be a good fit for your video.","Allow me to recommend 'Vem com a firma Parte 2' by MC Juninho da FVL. Although I don't have much information about the specific track, MC Juninho da FVL is known for his Hip-Hop style with pop influences. It's possible that the track features female vocalists as well. This recommendation aligns with your preference for Hip-Hop and pop genres, as well as female vocalists.",Vem com a firma Parte 2,MC Juninho da FVL,1,1,1,0,0,top1_generation_prompt_text_changed_only_precomputed_text_feature_unchanged
627,YIyiT96Ojqg,YIyiT96Ojqg_ijpcMBW6eeE,lRXn2djCFEQ_9D-wLVsgj9Q,lRXn2djCFEQ,0,10,cf_upbeat_electronic,top1_prompt_level_preference_counterfactual,original,top1_reference,"I prefer upbeat electronic background music with a bright mood, clear rhythm, energetic beats, and a modern dance or pop feeling.","That sounds great, but I also want to incorporate some reggaeton and dance elements into the music. Do you have any recommendations?","Based on your preferences, I recommend 'Vem com a firma Parte 2' by MC Juninho da FVL. It's a track from the album 'Vem com a firma Parte 2' and falls under the genres of Hip-Hop, electronic, dance, pop, and rock. This song has a fast-paced beat with electronic elements, which aligns well with your requirements.","I apologize, but I couldn't find any specific track that matches your request. However, I can recommend 'Pa' Que Retozen' by Tego Calderon. It's a reggaeton track with electronic, pop, and rock elements. Although I don't have much information about the album or artists, this song might be a good fit for your video.","Allow me to recommend 'Vem com a firma Parte 2' by MC Juninho da FVL. Although I don't have much information about the specific track, MC Juninho da FVL is known for his Hip-Hop style with pop influences. It's possible that the track features female vocalists as well. This recommendation aligns with your preference for Hip-Hop and pop genres, as well as female vocalists.",Vem com a firma Parte 2,MC Juninho da FVL,1,1,1,0,0,top1_generation_prompt_text_changed_only_precomputed_text_feature_unchanged
627,YIyiT96Ojqg,YIyiT96Ojqg_ijpcMBW6eeE,lRXn2djCFEQ_9D-wLVsgj9Q,lRXn2djCFEQ,0,10,cf_lyrical_piano,top1_prompt_level_preference_counterfactual,original,top1_reference,"I prefer lyrical piano background music with a slow tempo, soft acoustic texture, gentle melody, and a calm sentimental mood.","That sounds great, but I also want to incorporate some reggaeton and dance elements into the music. Do you have any recommendations?","I apologize, but I don't have enough information to recommend a specific track that matches your preferences. However, I can suggest exploring the music of MC Juninho da FVL, as he is known for his lyrical piano background music with a slow tempo and a calm sentimental mood.","I apologize, but I couldn't find any specific track that matches your request. However, I can recommend 'Pa' Que Retozen' by Tego Calderon. It's a reggaeton track with electronic, pop, and rock elements. Although I don't have much information about the album or artists, this song might be a good fit for your video.","Allow me to recommend 'Vem com a firma Parte 2' by MC Juninho da FVL. Although I don't have much information about the specific track, MC Juninho da FVL is known for his Hip-Hop style with pop influences. It's possible that the track features female vocalists as well. This recommendation aligns with your preference for Hip-Hop and pop genres, as well as female vocalists.",Vem com a firma Parte 2,MC Juninho da FVL,0,1,0,1,0,top1_generation_prompt_text_changed_only_precomputed_text_feature_unchanged
685,SSmTgwp15FQ,SSmTgwp15FQ_SH8esP19qww,duIDeEH0uKA_Gemk568xT64,duIDeEH0uKA,0,2,original,top1_prompt_level_preference_counterfactual,original,top1_reference,"Sounds interesting, but I'm looking for something more on the pop side with a touch of 80s influence.","Sounds interesting, but I'm looking for something more on the pop side with a touch of 80s influence.","In that case, I would recommend 'We All Want Love' by Rihanna. This track is a perfect blend of pop, rock, and soul, with a touch of 80s influence. It features Rihanna's powerful vocals and captures the essence of the pop genre. It's part of the album 'We All Want Love'.","In that case, I would recommend 'Why God Made Love Songs' by Joel Crouse. This track has a pop-rock sound with a touch of indie and alternative influences. It also has a hint of 80s vibes, making it perfect for your video. You can find it on iTunes, Amazon, and Google.","Allow me to recommend the music video for 'We All Want Love' by Rihanna. It's a track from her album of the same name. The video showcases Rihanna's emotive and powerful vocals, along with her signature pop and electronic sound. It's a fitting choice for your project, incorporating her unique style and influences.",We All Want Love,Rihanna,1,1,1,0,0,top1_generation_prompt_text_changed_only_precomputed_text_feature_unchanged
685,SSmTgwp15FQ,SSmTgwp15FQ_SH8esP19qww,duIDeEH0uKA_Gemk568xT64,duIDeEH0uKA,0,2,cf_upbeat_electronic,top1_prompt_level_preference_counterfactual,original,top1_reference,"I prefer upbeat electronic background music with a bright mood, clear rhythm, energetic beats, and a modern dance or pop feeling.","Sounds interesting, but I'm looking for something more on the pop side with a touch of 80s influence.","I suggest you consider 'We All Want Love' by Rihanna. It's a track from her album 'We All Want Love'. This song combines elements of pop, rock, and electronic music with a female vocalist. It has a fast-paced rhythm and a catchy beat that could be a great fit for your video.","In that case, I would recommend 'Why God Made Love Songs' by Joel Crouse. This track has a pop-rock sound with a touch of indie and alternative influences. It also has a hint of 80s vibes, making it perfect for your video. You can find it on iTunes, Amazon, and Google.","Allow me to recommend the music video for 'We All Want Love' by Rihanna. It's a track from her album of the same name. The video showcases Rihanna's emotive and powerful vocals, along with her signature pop and electronic sound. It's a fitting choice for your project, incorporating her unique style and influences.",We All Want Love,Rihanna,1,1,1,0,0,top1_generation_prompt_text_changed_only_precomputed_text_feature_unchanged
685,SSmTgwp15FQ,SSmTgwp15FQ_SH8esP19qww,duIDeEH0uKA_Gemk568xT64,duIDeEH0uKA,0,2,cf_lyrical_piano,top1_prompt_level_preference_counterfactual,original,top1_reference,"I prefer lyrical piano background music with a slow tempo, soft acoustic texture, gentle melody, and a calm sentimental mood.","Sounds interesting, but I'm looking for something more on the pop side with a touch of 80s influence.","I suggest you consider 'We All Want Love' by Rihanna. It's a track from her album 'We All Want Love'. This song combines elements of pop, rock, and indie with a touch of soul. It features a female vocalist and has a slow tempo with a focus on piano and acoustic instruments. The lyrics are about love and the desire to find it.","In that case, I would recommend 'Why God Made Love Songs' by Joel Crouse. This track has a pop-rock sound with a touch of indie and alternative influences. It also has a hint of 80s vibes, making it perfect for your video. You can find it on iTunes, Amazon, and Google.","Allow me to recommend the music video for 'We All Want Love' by Rihanna. It's a track from her album of the same name. The video showcases Rihanna's emotive and powerful vocals, along with her signature pop and electronic sound. It's a fitting choice for your project, incorporating her unique style and influences.",We All Want Love,Rihanna,1,1,1,0,0,top1_generation_prompt_text_changed_only_precomputed_text_feature_unchanged
777,T56LFxaEJV8,T56LFxaEJV8_H5Nn-SIDfWo,T56LFxaEJV8_H5Nn-SIDfWo,T56LFxaEJV8,1,1,original,top1_prompt_level_preference_counterfactual,original,top1_reference,"That sounds great. I'm also interested in incorporating some elements from Stefano Ercolino's music, particularly his classic rock and electronic style from the 70s. Can you suggest something that combines these elements?","That sounds great. I'm also interested in incorporating some elements from Stefano Ercolino's music, particularly his classic rock and electronic style from the 70s. Can you suggest something that combines these elements?","Certainly! I recommend 'Lovely Fire' by Stefano Ercolino. It's a track from his album 'Lovely Fire'. The song combines elements of classic rock, pop, and electronic music from the 70s. It has a catchy and energetic vibe that could be a fitting choice for your video.","Certainly! I recommend 'Lovely Fire' by Stefano Ercolino. It's a rock track with classic rock and electronic influences reminiscent of the 70s. The song features guitar and drum-driven sound, which aligns well with the energetic and powerful rock vibe you're looking for. It also has elements of pop and techno, giving it a unique blend of styles.","Certainly! I recommend 'Lovely Fire' by Stefano Ercolino. It's a rock track with classic rock and electronic influences reminiscent of the 70s. The song features guitar and drum-driven sound, which aligns well with the energetic and powerful rock vibe you're looking for. It also has elements of pop and techno, giving it a unique blend of styles.",Lovely Fire,Stefano Ercolino,1,1,1,0,0,top1_generation_prompt_text_changed_only_precomputed_text_feature_unchanged
777,T56LFxaEJV8,T56LFxaEJV8_H5Nn-SIDfWo,T56LFxaEJV8_H5Nn-SIDfWo,T56LFxaEJV8,1,1,cf_upbeat_electronic,top1_prompt_level_preference_counterfactual,original,top1_reference,"I prefer upbeat electronic background music with a bright mood, clear rhythm, energetic beats, and a modern dance or pop feeling.","That sounds great. I'm also interested in incorporating some elements from Stefano Ercolino's music, particularly his classic rock and electronic style from the 70s. Can you suggest something that combines these elements?","I suggest you consider 'Lovely Fire' by Stefano Ercolino. It's a track from his album 'Lovely Fire'. The song combines elements of rock, pop, and electronic music with a touch of indie and alternative influences. It has a fast-paced and energetic sound with a focus on drums and techno beats, which aligns well with the modern dance and pop vibe you're looking for.","Certainly! I recommend 'Lovely Fire' by Stefano Ercolino. It's a rock track with classic rock and electronic influences reminiscent of the 70s. The song features guitar and drum-driven sound, which aligns well with the energetic and powerful rock vibe you're looking for. It also has elements of pop and techno, giving it a unique blend of styles.","Certainly! I recommend 'Lovely Fire' by Stefano Ercolino. It's a rock track with classic rock and electronic influences reminiscent of the 70s. The song features guitar and drum-driven sound, which aligns well with the energetic and powerful rock vibe you're looking for. It also has elements of pop and techno, giving it a unique blend of styles.",Lovely Fire,Stefano Ercolino,1,1,1,0,0,top1_generation_prompt_text_changed_only_precomputed_text_feature_unchanged
777,T56LFxaEJV8,T56LFxaEJV8_H5Nn-SIDfWo,T56LFxaEJV8_H5Nn-SIDfWo,T56LFxaEJV8,1,1,cf_lyrical_piano,top1_prompt_level_preference_counterfactual,original,top1_reference,"I prefer lyrical piano background music with a slow tempo, soft acoustic texture, gentle melody, and a calm sentimental mood.","That sounds great. I'm also interested in incorporating some elements from Stefano Ercolino's music, particularly his classic rock and electronic style from the 70s. Can you suggest something that combines these elements?","I apologize, but I don't have enough information to recommend a specific track that matches your requirements. However, I can suggest exploring the music of Stefano Ercolino, as he is known for his lyrical piano background music with a slow tempo, soft acoustic texture, and a calm sentimental mood.","Certainly! I recommend 'Lovely Fire' by Stefano Ercolino. It's a rock track with classic rock and electronic influences reminiscent of the 70s. The song features guitar and drum-driven sound, which aligns well with the energetic and powerful rock vibe you're looking for. It also has elements of pop and techno, giving it a unique blend of styles.","Certainly! I recommend 'Lovely Fire' by Stefano Ercolino. It's a rock track with classic rock and electronic influences reminiscent of the 70s. The song features guitar and drum-driven sound, which aligns well with the energetic and powerful rock vibe you're looking for. It also has elements of pop and techno, giving it a unique blend of styles.",Lovely Fire,Stefano Ercolino,0,1,0,1,0,top1_generation_prompt_text_changed_only_precomputed_text_feature_unchanged
780,5ZVQ6_Hd4zc,5ZVQ6_Hd4zc_58ip325ZOu8,g6qLLFo3aBo_UzxzplIEWNU,g6qLLFo3aBo,0,3,original,top1_prompt_level_preference_counterfactual,original,top1_reference,"That sounds great, I like the electronic and indie genres in your music recommendations. But I would like to incorporate a bit more of Breezewax's distinctive style, especially their ambient and chillout components. I'm also interested in female vocals.","That sounds great, I like the electronic and indie genres in your music recommendations. But I would like to incorporate a bit more of Breezewax's distinctive style, especially their ambient and chillout components. I'm also interested in female vocals.","Allow me to recommend 'Breezewax - The Wave'. It's a track from their album 'The Wave'. It combines elements of electronic, ambient, and chillout with female vocals. It was released in 2012 and may contain the specific elements you want.","Allow me to recommend a track from Breezewax's EP 'What Matters Is Now'. Although I don't have the track name or album name, I can tell you that it's an electronic track with elements of ambient and indie genres. It features female vocals and has a slow, chillout vibe that could fit well with your video.","In that case, I would recommend 'One Two Three (No Gravity)' by Closer Musik. This track is part of the album 'Kompakt: Total 2' and perfectly fits your requirements. It has an ambient and experimental sound with elements of electronic and chillout. The slower tempo and chillout vibes create a relaxing and immersive atmosphere.",One Two Three (No Gravity),Closer Musik,0,0,0,1,0,top1_generation_prompt_text_changed_only_precomputed_text_feature_unchanged
780,5ZVQ6_Hd4zc,5ZVQ6_Hd4zc_58ip325ZOu8,g6qLLFo3aBo_UzxzplIEWNU,g6qLLFo3aBo,0,3,cf_upbeat_electronic,top1_prompt_level_preference_counterfactual,original,top1_reference,"I prefer upbeat electronic background music with a bright mood, clear rhythm, energetic beats, and a modern dance or pop feeling.","That sounds great, I like the electronic and indie genres in your music recommendations. But I would like to incorporate a bit more of Breezewax's distinctive style, especially their ambient and chillout components. I'm also interested in female vocals.","I suggest you consider 'One Two Three (No Gravity)' by Closer Musik. It's an electronic track with elements of indie, rock, and pop. The song has a fast tempo and a catchy beat that can add energy and a modern dance or pop feel to your video.","Allow me to recommend a track from Breezewax's EP 'What Matters Is Now'. Although I don't have the track name or album name, I can tell you that it's an electronic track with elements of ambient and indie genres. It features female vocals and has a slow, chillout vibe that could fit well with your video.","In that case, I would recommend 'One Two Three (No Gravity)' by Closer Musik. This track is part of the album 'Kompakt: Total 2' and perfectly fits your requirements. It has an ambient and experimental sound with elements of electronic and chillout. The slower tempo and chillout vibes create a relaxing and immersive atmosphere.",One Two Three (No Gravity),Closer Musik,1,1,1,0,0,top1_generation_prompt_text_changed_only_precomputed_text_feature_unchanged
780,5ZVQ6_Hd4zc,5ZVQ6_Hd4zc_58ip325ZOu8,g6qLLFo3aBo_UzxzplIEWNU,g6qLLFo3aBo,0,3,cf_lyrical_piano,top1_prompt_level_preference_counterfactual,original,top1_reference,"I prefer lyrical piano background music with a slow tempo, soft acoustic texture, gentle melody, and a calm sentimental mood.","That sounds great, I like the electronic and indie genres in your music recommendations. But I would like to incorporate a bit more of Breezewax's distinctive style, especially their ambient and chillout components. I'm also interested in female vocals.","Based on your preferences, I recommend 'One Two Three (No Gravity)' by Closer Musik. It's a track from their album 'One Two Three (No Gravity)'. This song combines electronic, indie, and rock elements with a slow tempo and a lyrical piano melody. It has a soft acoustic texture and a calm, sentimental mood that aligns well with your video.","Allow me to recommend a track from Breezewax's EP 'What Matters Is Now'. Although I don't have the track name or album name, I can tell you that it's an electronic track with elements of ambient and indie genres. It features female vocals and has a slow, chillout vibe that could fit well with your video.","In that case, I would recommend 'One Two Three (No Gravity)' by Closer Musik. This track is part of the album 'Kompakt: Total 2' and perfectly fits your requirements. It has an ambient and experimental sound with elements of electronic and chillout. The slower tempo and chillout vibes create a relaxing and immersive atmosphere.",One Two Three (No Gravity),Closer Musik,1,1,1,0,0,top1_generation_prompt_text_changed_only_precomputed_text_feature_unchanged
781,bqzAothNuZs,bqzAothNuZs_7Exf7LE_ef0,bqzAothNuZs_7Exf7LE_ef0,bqzAothNuZs,1,1,original,top1_prompt_level_preference_counterfactual,original,top1_reference,"That sounds great! I like the electronic and hip-hop fusion in your recommendation. However, I also want to incorporate elements of funk and soul into the music. Do you have any suggestions that blend those genres with the techno and electronic aspects?","That sounds great! I like the electronic and hip-hop fusion in your recommendation. However, I also want to incorporate elements of funk and soul into the music. Do you have any suggestions that blend those genres with the techno and electronic aspects?","Certainly! How about 'The Funky Side' by This Side Up? It's a track that combines elements of hip-hop, electronic, funk, and soul. Although I don't have specific information about the album or artists, the song itself should provide the fusion you're looking for. It was released in 2012, which may contain the specific elements you want.","I suggest you consider 'Be Staunch' by This Side Up. It's a track by an Irish hip hop group that combines hip-hop, funk, soul, and electronic elements. Although there is no available description for this track, it was performed live at the Electric Picnic Music Festival in 2013. The production was handled by Myster-E, and the video was shot and edited by Peter Martin. This track might provide the blend of genres you're looking for.","I suggest you consider 'Be Staunch' by This Side Up. It's a track by an Irish hip hop group that combines hip-hop, funk, soul, and electronic elements. Although there is no available description for this track, it was performed live at the Electric Picnic Music Festival in 2013. The production was handled by Myster-E, and the video was shot and edited by Peter Martin. This track might provide the blend of genres you're looking for.",Be Staunch,This Side Up,0,1,0,1,0,top1_generation_prompt_text_changed_only_precomputed_text_feature_unchanged
781,bqzAothNuZs,bqzAothNuZs_7Exf7LE_ef0,bqzAothNuZs_7Exf7LE_ef0,bqzAothNuZs,1,1,cf_upbeat_electronic,top1_prompt_level_preference_counterfactual,original,top1_reference,"I prefer upbeat electronic background music with a bright mood, clear rhythm, energetic beats, and a modern dance or pop feeling.","That sounds great! I like the electronic and hip-hop fusion in your recommendation. However, I also want to incorporate elements of funk and soul into the music. Do you have any suggestions that blend those genres with the techno and electronic aspects?","Based on your preferences, I recommend 'Be Staunch' by This Side Up. It's a track from their album 'Be Staunch'. This song combines elements of Hip-Hop, electronic, dance, pop, and rock. It has a fast tempo, catchy beats, and a modern dance or pop feel that aligns well with your video.","I suggest you consider 'Be Staunch' by This Side Up. It's a track by an Irish hip hop group that combines hip-hop, funk, soul, and electronic elements. Although there is no available description for this track, it was performed live at the Electric Picnic Music Festival in 2013. The production was handled by Myster-E, and the video was shot and edited by Peter Martin. This track might provide the blend of genres you're looking for.","I suggest you consider 'Be Staunch' by This Side Up. It's a track by an Irish hip hop group that combines hip-hop, funk, soul, and electronic elements. Although there is no available description for this track, it was performed live at the Electric Picnic Music Festival in 2013. The production was handled by Myster-E, and the video was shot and edited by Peter Martin. This track might provide the blend of genres you're looking for.",Be Staunch,This Side Up,1,1,1,0,0,top1_generation_prompt_text_changed_only_precomputed_text_feature_unchanged
781,bqzAothNuZs,bqzAothNuZs_7Exf7LE_ef0,bqzAothNuZs_7Exf7LE_ef0,bqzAothNuZs,1,1,cf_lyrical_piano,top1_prompt_level_preference_counterfactual,original,top1_reference,"I prefer lyrical piano background music with a slow tempo, soft acoustic texture, gentle melody, and a calm sentimental mood.","That sounds great! I like the electronic and hip-hop fusion in your recommendation. However, I also want to incorporate elements of funk and soul into the music. Do you have any suggestions that blend those genres with the techno and electronic aspects?","I apologize, but I don't have enough information to recommend a specific track that matches your requirements. However, I can suggest exploring the music of This Side Up, as they are known for their hip-hop, electronic, and rock influences. You may find a track that aligns with your preferences.","I suggest you consider 'Be Staunch' by This Side Up. It's a track by an Irish hip hop group that combines hip-hop, funk, soul, and electronic elements. Although there is no available description for this track, it was performed live at the Electric Picnic Music Festival in 2013. The production was handled by Myster-E, and the video was shot and edited by Peter Martin. This track might provide the blend of genres you're looking for.","I suggest you consider 'Be Staunch' by This Side Up. It's a track by an Irish hip hop group that combines hip-hop, funk, soul, and electronic elements. Although there is no available description for this track, it was performed live at the Electric Picnic Music Festival in 2013. The production was handled by Myster-E, and the video was shot and edited by Peter Martin. This track might provide the blend of genres you're looking for.",Be Staunch,This Side Up,0,1,0,1,0,top1_generation_prompt_text_changed_only_precomputed_text_feature_unchanged
800,2NDgbLNNWTI,2NDgbLNNWTI_KOSv-bV8qDU,2hvfCnZjk5o_hrZXm4zU77E,2hvfCnZjk5o,0,6,original,top1_prompt_level_preference_counterfactual,original,top1_reference,"That sounds great, but I would like a track with more of a rock and pop influence. I also prefer tracks with female vocals.","That sounds great, but I would like a track with more of a rock and pop influence. I also prefer tracks with female vocals.","Based on your preferences, I recommend 'I'm Not Gonna Cry' by Linda Lay. It's a track from her album 'I'm Not Gonna Cry'. The song combines elements of rock, pop, and indie with female vocals. It has a catchy and uplifting sound that could be a fitting choice for your video.","Allow me to recommend 'Thank God' by Julie Ingram. It's a rock and pop influenced track with female vocals. Although I don't have specific information about this track's album or artist, it aligns with your preferences for rock, pop, and female vocalists. It could be a suitable choice for your video.","Certainly! 'Sa Araw ng Pasko' is a popular track performed by Jean Michelle Moreno. It has elements of pop, rock, indie, and folk. The song features female vocals and could add a sentimental and festive atmosphere to your wedding video.",,,,,,0,0,top1_generation_prompt_text_changed_only_precomputed_text_feature_unchanged
800,2NDgbLNNWTI,2NDgbLNNWTI_KOSv-bV8qDU,2hvfCnZjk5o_hrZXm4zU77E,2hvfCnZjk5o,0,6,cf_upbeat_electronic,top1_prompt_level_preference_counterfactual,original,top1_reference,"I prefer upbeat electronic background music with a bright mood, clear rhythm, energetic beats, and a modern dance or pop feeling.","That sounds great, but I would like a track with more of a rock and pop influence. I also prefer tracks with female vocals.","I suggest you consider 'I'm Not Gonna Miss You' by Glen Campbell. It's a track from the album 'I'm Not Gonna Miss You'. The song combines elements of pop, rock, and indie with female vocals. It has a slow tempo and features guitar and piano, which can create a soothing and introspective atmosphere for your video.","Allow me to recommend 'Thank God' by Julie Ingram. It's a rock and pop influenced track with female vocals. Although I don't have specific information about this track's album or artist, it aligns with your preferences for rock, pop, and female vocalists. It could be a suitable choice for your video.","Certainly! 'Sa Araw ng Pasko' is a popular track performed by Jean Michelle Moreno. It has elements of pop, rock, indie, and folk. The song features female vocals and could add a sentimental and festive atmosphere to your wedding video.",,,,,,0,0,top1_generation_prompt_text_changed_only_precomputed_text_feature_unchanged
800,2NDgbLNNWTI,2NDgbLNNWTI_KOSv-bV8qDU,2hvfCnZjk5o_hrZXm4zU77E,2hvfCnZjk5o,0,6,cf_lyrical_piano,top1_prompt_level_preference_counterfactual,original,top1_reference,"I prefer lyrical piano background music with a slow tempo, soft acoustic texture, gentle melody, and a calm sentimental mood.","That sounds great, but I would like a track with more of a rock and pop influence. I also prefer tracks with female vocals.","Based on your preferences, I recommend the track 'I'm Not Gonna Miss You' by Glen Campbell. It's a beautiful song with lyrical piano background music and a slow tempo. The song has a soft acoustic texture and a gentle melody that creates a calm and sentimental mood.","Allow me to recommend 'Thank God' by Julie Ingram. It's a rock and pop influenced track with female vocals. Although I don't have specific information about this track's album or artist, it aligns with your preferences for rock, pop, and female vocalists. It could be a suitable choice for your video.","Certainly! 'Sa Araw ng Pasko' is a popular track performed by Jean Michelle Moreno. It has elements of pop, rock, indie, and folk. The song features female vocals and could add a sentimental and festive atmosphere to your wedding video.",,,,,,0,0,top1_generation_prompt_text_changed_only_precomputed_text_feature_unchanged
806,3O3gFRSiBC4,3O3gFRSiBC4_ygio6cVZmec,3O3gFRSiBC4_ygio6cVZmec,3O3gFRSiBC4,1,1,original,top1_prompt_level_preference_counterfactual,original,top1_reference,"Sounds good, but I'm looking for something with a bit more of a pop and electro vibe.","Sounds good, but I'm looking for something with a bit more of a pop and electro vibe.","In that case, I would recommend 'Hush (Catz 'n Dogz 2013 Remix)' by Thomas Schumacher. This track is a remix of the original 'Hush' and offers a pop and electro vibe. It's part of the album 'Hush (Catz 'n Dogz 2013 Remix)' and is perfect for adding a catchy and energetic element to your video.","In that case, I would recommend the 'Hush (Catz 'n Dogz 2013 Remix)' by Thomas Schumacher. This track has a pop and electro influence, and it's a remix of the original song. It's perfect for adding a catchy and energetic vibe to your video.","In that case, I would recommend the 'Hush (Catz 'n Dogz 2013 Remix)' by Thomas Schumacher. This track has a pop and electro influence, and it's a remix of the original song. It's perfect for adding a catchy and energetic vibe to your video.",Hush (Catz 'n Dogz 2013 Remix),Thomas Schumacher,1,1,1,0,0,top1_generation_prompt_text_changed_only_precomputed_text_feature_unchanged
806,3O3gFRSiBC4,3O3gFRSiBC4_ygio6cVZmec,3O3gFRSiBC4_ygio6cVZmec,3O3gFRSiBC4,1,1,cf_upbeat_electronic,top1_prompt_level_preference_counterfactual,original,top1_reference,"I prefer upbeat electronic background music with a bright mood, clear rhythm, energetic beats, and a modern dance or pop feeling.","Sounds good, but I'm looking for something with a bit more of a pop and electro vibe.","Based on your preferences, I recommend 'Hush (Catz 'n Dogz 2013 Remix)' by Thomas Schumacher. It's a track from the album 'Hush (Catz 'n Dogz 2013 Remix)'. This song combines electronic, dance, and pop elements with a fast-paced techno beat and a catchy rhythm. It has a modern and energetic feel that aligns well with your video.","In that case, I would recommend the 'Hush (Catz 'n Dogz 2013 Remix)' by Thomas Schumacher. This track has a pop and electro influence, and it's a remix of the original song. It's perfect for adding a catchy and energetic vibe to your video.","In that case, I would recommend the 'Hush (Catz 'n Dogz 2013 Remix)' by Thomas Schumacher. This track has a pop and electro influence, and it's a remix of the original song. It's perfect for adding a catchy and energetic vibe to your video.",Hush (Catz 'n Dogz 2013 Remix),Thomas Schumacher,1,1,1,0,0,top1_generation_prompt_text_changed_only_precomputed_text_feature_unchanged
806,3O3gFRSiBC4,3O3gFRSiBC4_ygio6cVZmec,3O3gFRSiBC4_ygio6cVZmec,3O3gFRSiBC4,1,1,cf_lyrical_piano,top1_prompt_level_preference_counterfactual,original,top1_reference,"I prefer lyrical piano background music with a slow tempo, soft acoustic texture, gentle melody, and a calm sentimental mood.","Sounds good, but I'm looking for something with a bit more of a pop and electro vibe.","I apologize, but I couldn't find any music that matches your preferences. However, I can recommend 'Hush (Catz 'n Dogz 2013 Remix)' by Thomas Schumacher. It's a dance track with electronic and house elements. Although it doesn't have lyrical piano background music, it might still be a suitable choice for your video.","In that case, I would recommend the 'Hush (Catz 'n Dogz 2013 Remix)' by Thomas Schumacher. This track has a pop and electro influence, and it's a remix of the original song. It's perfect for adding a catchy and energetic vibe to your video.","In that case, I would recommend the 'Hush (Catz 'n Dogz 2013 Remix)' by Thomas Schumacher. This track has a pop and electro influence, and it's a remix of the original song. It's perfect for adding a catchy and energetic vibe to your video.",Hush (Catz 'n Dogz 2013 Remix),Thomas Schumacher,1,1,1,0,0,top1_generation_prompt_text_changed_only_precomputed_text_feature_unchanged
839,_0kWPBMmYEU,_0kWPBMmYEU_p21n2iGmd_s,_0kWPBMmYEU_p21n2iGmd_s,_0kWPBMmYEU,1,1,original,top1_prompt_level_preference_counterfactual,original,top1_reference,"That sounds great, but I would like to incorporate some elements of hip-hop, soul, and pop into the music. I'm also interested in female vocals and drum components.","That sounds great, but I would like to incorporate some elements of hip-hop, soul, and pop into the music. I'm also interested in female vocals and drum components.","Allow me to recommend 'I'm Alive' by J.R. featuring J.R. It's a track from J.R.'s album 'I'm Alive'. The song combines elements of hip-hop, soul, and pop with female vocals. It also features drum beats that could be a fitting choice for your video.","Allow me to recommend 'Supporting the Dreams of the Doers - a Netsurit State of Mind'. It's a track that blends hip-hop, soul, and pop genres with elements of rock and 80s music. Although I don't have specific information about the artist or album, the song may have female vocals and drum components that could be a fitting choice for your video.","Allow me to recommend 'Supporting the Dreams of the Doers - a Netsurit State of Mind'. It's a track that blends hip-hop, soul, and pop genres with elements of rock and 80s music. Although I don't have specific information about the artist or album, the song may have female vocals and drum components that could be a fitting choice for your video.",,,,,,0,0,top1_generation_prompt_text_changed_only_precomputed_text_feature_unchanged
839,_0kWPBMmYEU,_0kWPBMmYEU_p21n2iGmd_s,_0kWPBMmYEU_p21n2iGmd_s,_0kWPBMmYEU,1,1,cf_upbeat_electronic,top1_prompt_level_preference_counterfactual,original,top1_reference,"I prefer upbeat electronic background music with a bright mood, clear rhythm, energetic beats, and a modern dance or pop feeling.","That sounds great, but I would like to incorporate some elements of hip-hop, soul, and pop into the music. I'm also interested in female vocals and drum components.","Based on your preferences, I recommend 'I'm Alive' by J.R. featuring J.R. It's a track from the album 'I'm Alive' and it falls under the genres of Hip-Hop, soul, pop, and rock. The song has a fast-paced beat and electronic elements, which align with your requirements. It was released in 2010 and has a modern sound that could be a great fit for your video.","Allow me to recommend 'Supporting the Dreams of the Doers - a Netsurit State of Mind'. It's a track that blends hip-hop, soul, and pop genres with elements of rock and 80s music. Although I don't have specific information about the artist or album, the song may have female vocals and drum components that could be a fitting choice for your video.","Allow me to recommend 'Supporting the Dreams of the Doers - a Netsurit State of Mind'. It's a track that blends hip-hop, soul, and pop genres with elements of rock and 80s music. Although I don't have specific information about the artist or album, the song may have female vocals and drum components that could be a fitting choice for your video.",,,,,,0,0,top1_generation_prompt_text_changed_only_precomputed_text_feature_unchanged
839,_0kWPBMmYEU,_0kWPBMmYEU_p21n2iGmd_s,_0kWPBMmYEU_p21n2iGmd_s,_0kWPBMmYEU,1,1,cf_lyrical_piano,top1_prompt_level_preference_counterfactual,original,top1_reference,"I prefer lyrical piano background music with a slow tempo, soft acoustic texture, gentle melody, and a calm sentimental mood.","That sounds great, but I would like to incorporate some elements of hip-hop, soul, and pop into the music. I'm also interested in female vocals and drum components.","Based on your preferences, I recommend the track 'I'm Not Perfect' by J.R. featuring J.R. It's a lyrical piano background music with a slow tempo, soft acoustic texture, gentle melody, and a calm sentimental mood. This track aligns well with your requirements.","Allow me to recommend 'Supporting the Dreams of the Doers - a Netsurit State of Mind'. It's a track that blends hip-hop, soul, and pop genres with elements of rock and 80s music. Although I don't have specific information about the artist or album, the song may have female vocals and drum components that could be a fitting choice for your video.","Allow me to recommend 'Supporting the Dreams of the Doers - a Netsurit State of Mind'. It's a track that blends hip-hop, soul, and pop genres with elements of rock and 80s music. Although I don't have specific information about the artist or album, the song may have female vocals and drum components that could be a fitting choice for your video.",,,,,,0,0,top1_generation_prompt_text_changed_only_precomputed_text_feature_unchanged
863,fL_-VnFyBEg,fL_-VnFyBEg_Ejy-05oqXs8,JPle4oYmgLg_ZjGQnhHNeHA,JPle4oYmgLg,0,23,original,top1_prompt_level_preference_counterfactual,original,top1_reference,"Sounds good, but I'm looking for something with a bit more of a dance and pop vibe, something that will get people moving.","Sounds good, but I'm looking for something with a bit more of a dance and pop vibe, something that will get people moving.","In that case, 'Mr. Saxobeat (Radio Edit)' by Alexandra Stan would be an excellent choice. This track is a perfect blend of dance, pop, and electronic genres, with a strong focus on female vocalists. It's a high-energy song that will definitely get people moving.","In that case, I would recommend 'A Quien Le Importa' by Thalia. This track is a dance-pop anthem with electronic elements and powerful female vocals. It has a 90s vibe that will bring a nostalgic feel to your video. It's part of the album 'A Quien Le Importa' by Thalia.","Certainly! For a more electronic and dance feel, I would recommend 'Mr. Saxobeat (UK Radio Edit)' by Alexandra Stan. This track is known for its catchy beats and infectious energy. It falls under the genres of dance, house, pop, and electronic, making it a perfect fit for your video.",Mr. Saxobeat (UK Radio Edit),Alexandra Stan,0,1,0,1,0,top1_generation_prompt_text_changed_only_precomputed_text_feature_unchanged
863,fL_-VnFyBEg,fL_-VnFyBEg_Ejy-05oqXs8,JPle4oYmgLg_ZjGQnhHNeHA,JPle4oYmgLg,0,23,cf_upbeat_electronic,top1_prompt_level_preference_counterfactual,original,top1_reference,"I prefer upbeat electronic background music with a bright mood, clear rhythm, energetic beats, and a modern dance or pop feeling.","Sounds good, but I'm looking for something with a bit more of a dance and pop vibe, something that will get people moving.","In that case, 'Mr. Saxobeat (UK Radio Edit)' by Alexandra Stan would be an excellent choice. It's a dance track with electronic, house, and pop elements, featuring female vocals. The song has a fast tempo and a catchy rhythm that will add a vibrant and modern feel to your video.","In that case, I would recommend 'A Quien Le Importa' by Thalia. This track is a dance-pop anthem with electronic elements and powerful female vocals. It has a 90s vibe that will bring a nostalgic feel to your video. It's part of the album 'A Quien Le Importa' by Thalia.","Certainly! For a more electronic and dance feel, I would recommend 'Mr. Saxobeat (UK Radio Edit)' by Alexandra Stan. This track is known for its catchy beats and infectious energy. It falls under the genres of dance, house, pop, and electronic, making it a perfect fit for your video.",Mr. Saxobeat (UK Radio Edit),Alexandra Stan,1,1,1,0,0,top1_generation_prompt_text_changed_only_precomputed_text_feature_unchanged
863,fL_-VnFyBEg,fL_-VnFyBEg_Ejy-05oqXs8,JPle4oYmgLg_ZjGQnhHNeHA,JPle4oYmgLg,0,23,cf_lyrical_piano,top1_prompt_level_preference_counterfactual,original,top1_reference,"I prefer lyrical piano background music with a slow tempo, soft acoustic texture, gentle melody, and a calm sentimental mood.","Sounds good, but I'm looking for something with a bit more of a dance and pop vibe, something that will get people moving.","I apologize, but I don't have enough information to recommend a specific track that matches your requirements. However, I can suggest exploring the music of Alexandra Stan, as she is known for her dance and electronic style. You may find a track that aligns with your preferences.","In that case, I would recommend 'A Quien Le Importa' by Thalia. This track is a dance-pop anthem with electronic elements and powerful female vocals. It has a 90s vibe that will bring a nostalgic feel to your video. It's part of the album 'A Quien Le Importa' by Thalia.","Certainly! For a more electronic and dance feel, I would recommend 'Mr. Saxobeat (UK Radio Edit)' by Alexandra Stan. This track is known for its catchy beats and infectious energy. It falls under the genres of dance, house, pop, and electronic, making it a perfect fit for your video.",Mr. Saxobeat (UK Radio Edit),Alexandra Stan,0,1,0,1,0,top1_generation_prompt_text_changed_only_precomputed_text_feature_unchanged
869,omK0RvdNINg,omK0RvdNINg_5PbXu0pQnQ0,59seM7k60vw_mYKWya_Uctk,59seM7k60vw,0,3,original,top1_prompt_level_preference_counterfactual,original,top1_reference,"Sounds good, but I'm looking for something with an electronic and dance vibe. Do you have any recommendations?","Sounds good, but I'm looking for something with an electronic and dance vibe. Do you have any recommendations?","Certainly! If you're looking for an electronic and dance vibe, I would recommend 'Dance' by DJ Snake. This track is a perfect fit for your needs, as it falls under the genres of electronic, dance, electro, and house. It has a catchy beat and a lively atmosphere that will add energy to your video.","Absolutely! If you're looking for an electronic and dance track, I would recommend 'SCHWARZE MILCH' TRAILER 2009. This track has a great mix of electronic, electro, dance, house, and indie elements. It's perfect for creating an energetic and upbeat atmosphere in your video!","Allow me to recommend 'The Club' by Dj Alfred ft Mc Sam. It's an electronic track with elements of House, electro, and pop. The song is known for its catchy beats and danceable rhythm, which can bring a vibrant and energetic atmosphere to your DJ set.",The Club,Dj Alfred ft Mc Sam,0,0,0,1,0,top1_generation_prompt_text_changed_only_precomputed_text_feature_unchanged
869,omK0RvdNINg,omK0RvdNINg_5PbXu0pQnQ0,59seM7k60vw_mYKWya_Uctk,59seM7k60vw,0,3,cf_upbeat_electronic,top1_prompt_level_preference_counterfactual,original,top1_reference,"I prefer upbeat electronic background music with a bright mood, clear rhythm, energetic beats, and a modern dance or pop feeling.","Sounds good, but I'm looking for something with an electronic and dance vibe. Do you have any recommendations?","Based on your preferences, I recommend 'The Club' by Dj Alfred ft Mc Sam. It's an electronic track with elements of dance, electro, and pop. The song has a fast tempo and a catchy beat that will add energy to your video.","Absolutely! If you're looking for an electronic and dance track, I would recommend 'SCHWARZE MILCH' TRAILER 2009. This track has a great mix of electronic, electro, dance, house, and indie elements. It's perfect for creating an energetic and upbeat atmosphere in your video!","Allow me to recommend 'The Club' by Dj Alfred ft Mc Sam. It's an electronic track with elements of House, electro, and pop. The song is known for its catchy beats and danceable rhythm, which can bring a vibrant and energetic atmosphere to your DJ set.",The Club,Dj Alfred ft Mc Sam,1,1,1,0,0,top1_generation_prompt_text_changed_only_precomputed_text_feature_unchanged
869,omK0RvdNINg,omK0RvdNINg_5PbXu0pQnQ0,59seM7k60vw_mYKWya_Uctk,59seM7k60vw,0,3,cf_lyrical_piano,top1_prompt_level_preference_counterfactual,original,top1_reference,"I prefer lyrical piano background music with a slow tempo, soft acoustic texture, gentle melody, and a calm sentimental mood.","Sounds good, but I'm looking for something with an electronic and dance vibe. Do you have any recommendations?","I apologize, but I don't have enough information to recommend a specific track that matches your requirements. However, I can suggest exploring the music of Dj Alfred ft Mc Sam, as they are known for their electronic, dance, and pop music with elements of Hip-Hop and rock. You may find a suitable track that aligns with your preferences.","Absolutely! If you're looking for an electronic and dance track, I would recommend 'SCHWARZE MILCH' TRAILER 2009. This track has a great mix of electronic, electro, dance, house, and indie elements. It's perfect for creating an energetic and upbeat atmosphere in your video!","Allow me to recommend 'The Club' by Dj Alfred ft Mc Sam. It's an electronic track with elements of House, electro, and pop. The song is known for its catchy beats and danceable rhythm, which can bring a vibrant and energetic atmosphere to your DJ set.",The Club,Dj Alfred ft Mc Sam,0,1,0,1,0,top1_generation_prompt_text_changed_only_precomputed_text_feature_unchanged
884,dD8gAWEPwAI,dD8gAWEPwAI_zYVQCWt0u0U,ebesijzBMrI_haCBCyMpgXo,ebesijzBMrI,0,7,original,top1_prompt_level_preference_counterfactual,original,top1_reference,"That sounds great, but I'd like to add a touch of indie and folk music to my video. Can you recommend something with a female vocalist? I'm also interested in incorporating guitar and drum elements.","That sounds great, but I'd like to add a touch of indie and folk music to my video. Can you recommend something with a female vocalist? I'm also interested in incorporating guitar and drum elements.","Allow me to recommend 'In My Head' by The Two. It's a track from their album 'In My Head'. The song combines elements of indie, rock, and folk with a female vocalist. It also features guitar and drum elements that could be a fitting choice for your video.","Allow me to recommend 'ESTAMOS PERDIDOS' by Mon Feijóo (Mon Musicóo). This track features a female vocalist and falls under the genres of pop, folk, and rock with indie influences. While there is no specific description available, the song is likely to have guitar and drum elements that could give your video a unique and distinct sound.","I suggest considering 'In My Head' by The Two. It's a track from their self-titled album. The Two is known for their indie and rock style, with folk and alternative influences. This song also features female vocals and incorporates electronic elements. It could provide a unique blend of genres for your video.",In My Head,The Two,1,1,1,0,0,top1_generation_prompt_text_changed_only_precomputed_text_feature_unchanged
884,dD8gAWEPwAI,dD8gAWEPwAI_zYVQCWt0u0U,ebesijzBMrI_haCBCyMpgXo,ebesijzBMrI,0,7,cf_upbeat_electronic,top1_prompt_level_preference_counterfactual,original,top1_reference,"I prefer upbeat electronic background music with a bright mood, clear rhythm, energetic beats, and a modern dance or pop feeling.","That sounds great, but I'd like to add a touch of indie and folk music to my video. Can you recommend something with a female vocalist? I'm also interested in incorporating guitar and drum elements.","I suggest you consider 'In My Head' by The Two. It's a track from their album 'In My Head'. The song combines elements of rock, indie, and alternative with female vocals. It has a guitar-driven sound and a catchy pop vibe that could be a fitting choice for your video.","Allow me to recommend 'ESTAMOS PERDIDOS' by Mon Feijóo (Mon Musicóo). This track features a female vocalist and falls under the genres of pop, folk, and rock with indie influences. While there is no specific description available, the song is likely to have guitar and drum elements that could give your video a unique and distinct sound.","I suggest considering 'In My Head' by The Two. It's a track from their self-titled album. The Two is known for their indie and rock style, with folk and alternative influences. This song also features female vocals and incorporates electronic elements. It could provide a unique blend of genres for your video.",In My Head,The Two,1,1,1,0,0,top1_generation_prompt_text_changed_only_precomputed_text_feature_unchanged
884,dD8gAWEPwAI,dD8gAWEPwAI_zYVQCWt0u0U,ebesijzBMrI_haCBCyMpgXo,ebesijzBMrI,0,7,cf_lyrical_piano,top1_prompt_level_preference_counterfactual,original,top1_reference,"I prefer lyrical piano background music with a slow tempo, soft acoustic texture, gentle melody, and a calm sentimental mood.","That sounds great, but I'd like to add a touch of indie and folk music to my video. Can you recommend something with a female vocalist? I'm also interested in incorporating guitar and drum elements.","Based on your preferences, I recommend 'In My Head' by The Two. It's a track from their album 'In My Head'. The song features lyrical piano, acoustic guitar, and slow tempo, creating a soothing and sentimental atmosphere. It falls under the genres of rock, indie, and alternative, with female vocals.","Allow me to recommend 'ESTAMOS PERDIDOS' by Mon Feijóo (Mon Musicóo). This track features a female vocalist and falls under the genres of pop, folk, and rock with indie influences. While there is no specific description available, the song is likely to have guitar and drum elements that could give your video a unique and distinct sound.","I suggest considering 'In My Head' by The Two. It's a track from their self-titled album. The Two is known for their indie and rock style, with folk and alternative influences. This song also features female vocals and incorporates electronic elements. It could provide a unique blend of genres for your video.",In My Head,The Two,1,1,1,0,0,top1_generation_prompt_text_changed_only_precomputed_text_feature_unchanged
889,4iY51ffFXYo,4iY51ffFXYo_ccYZoJO7iGc,Avf5Sw1qyP4_Tef0sSbw0mU,Avf5Sw1qyP4,0,3,original,top1_prompt_level_preference_counterfactual,original,top1_reference,"That sounds great! I'm also interested in incorporating some elements of Mike Black's style, especially the hip-hop and electronic components. Can you recommend something that aligns with that?","That sounds great! I'm also interested in incorporating some elements of Mike Black's style, especially the hip-hop and electronic components. Can you recommend something that aligns with that?","Certainly! I suggest checking out 'Far Alone' by Mike Black. It's a track from his album 'Far Alone'. The song combines hip-hop, electronic, and pop elements, which aligns well with the style you're looking for. It was released in 2012 and has a catchy beat and synth-driven sound.","Sure! How about 'Pockets Full Of Cash' by Mike Black? It's a track that falls into the hip-hop and electronic genres. Although I don't have specific information about the album or release date, it should have the elements you're looking for.","Allow me to recommend the 'FAR ALONE REMIX' by Fung Bros ft. Richie Le and Leng Phe. Although there is no description available for this track, based on the given information, it aligns well with your preferences. It combines elements of hip-hop, electronic, rock, and pop with ambient influences. It also has a techno sound and the possibility of female vocals, along with a strong beat.",FAR ALONE REMIX,Fung Bros ft,0,0,0,1,0,top1_generation_prompt_text_changed_only_precomputed_text_feature_unchanged
889,4iY51ffFXYo,4iY51ffFXYo_ccYZoJO7iGc,Avf5Sw1qyP4_Tef0sSbw0mU,Avf5Sw1qyP4,0,3,cf_upbeat_electronic,top1_prompt_level_preference_counterfactual,original,top1_reference,"I prefer upbeat electronic background music with a bright mood, clear rhythm, energetic beats, and a modern dance or pop feeling.","That sounds great! I'm also interested in incorporating some elements of Mike Black's style, especially the hip-hop and electronic components. Can you recommend something that aligns with that?","Based on your preferences, I recommend 'Far Alone' by Fung Bros ft. It's a track from their album 'Far Alone'. This song combines elements of Hip-Hop, electronic, dance, pop, and R&B, which aligns well with your requirements. It has a fast-paced beat and a modern dance or pop feel that could be a great fit for your video.","Sure! How about 'Pockets Full Of Cash' by Mike Black? It's a track that falls into the hip-hop and electronic genres. Although I don't have specific information about the album or release date, it should have the elements you're looking for.","Allow me to recommend the 'FAR ALONE REMIX' by Fung Bros ft. Richie Le and Leng Phe. Although there is no description available for this track, based on the given information, it aligns well with your preferences. It combines elements of hip-hop, electronic, rock, and pop with ambient influences. It also has a techno sound and the possibility of female vocals, along with a strong beat.",FAR ALONE REMIX,Fung Bros ft,0,1,0,1,0,top1_generation_prompt_text_changed_only_precomputed_text_feature_unchanged
889,4iY51ffFXYo,4iY51ffFXYo_ccYZoJO7iGc,Avf5Sw1qyP4_Tef0sSbw0mU,Avf5Sw1qyP4,0,3,cf_lyrical_piano,top1_prompt_level_preference_counterfactual,original,top1_reference,"I prefer lyrical piano background music with a slow tempo, soft acoustic texture, gentle melody, and a calm sentimental mood.","That sounds great! I'm also interested in incorporating some elements of Mike Black's style, especially the hip-hop and electronic components. Can you recommend something that aligns with that?","I apologize, but I don't have enough information to recommend a specific track that matches your requirements. However, I can suggest exploring the works of artists like FAR ALONE REMIX by Fung Bros ft;  which may have the elements you're looking for.","Sure! How about 'Pockets Full Of Cash' by Mike Black? It's a track that falls into the hip-hop and electronic genres. Although I don't have specific information about the album or release date, it should have the elements you're looking for.","Allow me to recommend the 'FAR ALONE REMIX' by Fung Bros ft. Richie Le and Leng Phe. Although there is no description available for this track, based on the given information, it aligns well with your preferences. It combines elements of hip-hop, electronic, rock, and pop with ambient influences. It also has a techno sound and the possibility of female vocals, along with a strong beat.",FAR ALONE REMIX,Fung Bros ft,1,1,1,0,0,top1_generation_prompt_text_changed_only_precomputed_text_feature_unchanged
910,5lKPjuBuYDc,5lKPjuBuYDc_KjSks1ZBt_U,Hk_ZZtKlYlQ_yyG8UgNeWxM,Hk_ZZtKlYlQ,0,18,original,top1_prompt_level_preference_counterfactual,original,top1_reference,"Sounds good, but I'm looking for something with more of an electronic and dance vibe. Can you recommend something like that?","Sounds good, but I'm looking for something with more of an electronic and dance vibe. Can you recommend something like that?","Certainly! In that case, I would recommend 'Sun Is Shining' by Bob Sinclar. This track is a perfect fit for your video as it falls under the electronic, dance, pop, and indie genres. It has a catchy beat and a vibrant energy that will add a lively and upbeat atmosphere to your video.","Certainly! In that case, I would recommend 'I Gotta Feeling' by The Black Eyed Peas. This track is known for its electronic, dance, rock, and pop influences. It's a high-energy song that will give your video a lively and upbeat feel.","Allow me to recommend 'Never Wanna Leave Your Side'. It's a track from Kings For A Day's album. It combines elements of electronic, indie, and rock with fast-paced beats that could be a fitting choice for your video. It was recorded in 2013 which may contain the specific elements you want.",,,,,,0,0,top1_generation_prompt_text_changed_only_precomputed_text_feature_unchanged
910,5lKPjuBuYDc,5lKPjuBuYDc_KjSks1ZBt_U,Hk_ZZtKlYlQ_yyG8UgNeWxM,Hk_ZZtKlYlQ,0,18,cf_upbeat_electronic,top1_prompt_level_preference_counterfactual,original,top1_reference,"I prefer upbeat electronic background music with a bright mood, clear rhythm, energetic beats, and a modern dance or pop feeling.","Sounds good, but I'm looking for something with more of an electronic and dance vibe. Can you recommend something like that?","Based on your preferences, I recommend the track 'Sunshine' by The Wanted. It's a pop and electronic song with a dance and indie vibe. The track has a fast tempo and a catchy beat that will add energy to your video. It's a perfect choice to create a bright and modern atmosphere.","Certainly! In that case, I would recommend 'I Gotta Feeling' by The Black Eyed Peas. This track is known for its electronic, dance, rock, and pop influences. It's a high-energy song that will give your video a lively and upbeat feel.","Allow me to recommend 'Never Wanna Leave Your Side'. It's a track from Kings For A Day's album. It combines elements of electronic, indie, and rock with fast-paced beats that could be a fitting choice for your video. It was recorded in 2013 which may contain the specific elements you want.",,,,,,0,0,top1_generation_prompt_text_changed_only_precomputed_text_feature_unchanged
910,5lKPjuBuYDc,5lKPjuBuYDc_KjSks1ZBt_U,Hk_ZZtKlYlQ_yyG8UgNeWxM,Hk_ZZtKlYlQ,0,18,cf_lyrical_piano,top1_prompt_level_preference_counterfactual,original,top1_reference,"I prefer lyrical piano background music with a slow tempo, soft acoustic texture, gentle melody, and a calm sentimental mood.","Sounds good, but I'm looking for something with more of an electronic and dance vibe. Can you recommend something like that?","I apologize, but I don't have enough information to recommend a specific track or artist based on your preferences. However, I can suggest exploring the music of artists who specialize in lyrical piano background music with a slow tempo, soft acoustic texture, gentle melody, and a calm sentimental mood.","Certainly! In that case, I would recommend 'I Gotta Feeling' by The Black Eyed Peas. This track is known for its electronic, dance, rock, and pop influences. It's a high-energy song that will give your video a lively and upbeat feel.","Allow me to recommend 'Never Wanna Leave Your Side'. It's a track from Kings For A Day's album. It combines elements of electronic, indie, and rock with fast-paced beats that could be a fitting choice for your video. It was recorded in 2013 which may contain the specific elements you want.",,,,,,0,0,top1_generation_prompt_text_changed_only_precomputed_text_feature_unchanged
916,kqK-Ovwua30,kqK-Ovwua30_OdsKCY4_gc0,U9oXfZM7IAQ_zd-SkyAI6lk,U9oXfZM7IAQ,0,11,original,top1_prompt_level_preference_counterfactual,original,top1_reference,"That sounds great, but I'm looking for something with a more ambient and indie feel, possibly even instrumental.","That sounds great, but I'm looking for something with a more ambient and indie feel, possibly even instrumental.","In that case, 'The Piano Guys - Beethoven's 5 Secrets' would be an excellent choice. It's an instrumental track with ambient and indie influences, perfect for creating a relaxed and atmospheric mood. It's part of the album 'The Piano Guys - Beethoven's 5 Secrets'.","In that case, 'Tree of Life' by Rix, Kevin from the album 'Awakenings' might be exactly what you're looking for. It offers a mix of rock, electronic, ambient, indie, and pop, with elements like drums and guitar creating an immersive and emotional soundscape. It's perfect for creating a memorable and atmospheric wedding highlight video.","In that case, I would recommend 'Beethoven's 5 Secrets' by The Piano Guys. This instrumental track combines elements of classical music with an ambient and electronic sound. It features beautiful violin and strings arrangements, creating a soothing and atmospheric vibe that could enhance the quality of your video.",Beethoven's 5 Secrets,The Piano Guys,1,1,1,0,0,top1_generation_prompt_text_changed_only_precomputed_text_feature_unchanged
916,kqK-Ovwua30,kqK-Ovwua30_OdsKCY4_gc0,U9oXfZM7IAQ_zd-SkyAI6lk,U9oXfZM7IAQ,0,11,cf_upbeat_electronic,top1_prompt_level_preference_counterfactual,original,top1_reference,"I prefer upbeat electronic background music with a bright mood, clear rhythm, energetic beats, and a modern dance or pop feeling.","That sounds great, but I'm looking for something with a more ambient and indie feel, possibly even instrumental.","In that case, 'Beethoven's 5 Secrets' by The Piano Guys would be an excellent choice. It's a track from their album 'Beethoven's 5 Secrets' and combines elements of electronic, rock, indie, and pop. The song has a fast tempo, loud beats, and a modern dance or pop feel that aligns well with your preferences.","In that case, 'Tree of Life' by Rix, Kevin from the album 'Awakenings' might be exactly what you're looking for. It offers a mix of rock, electronic, ambient, indie, and pop, with elements like drums and guitar creating an immersive and emotional soundscape. It's perfect for creating a memorable and atmospheric wedding highlight video.","In that case, I would recommend 'Beethoven's 5 Secrets' by The Piano Guys. This instrumental track combines elements of classical music with an ambient and electronic sound. It features beautiful violin and strings arrangements, creating a soothing and atmospheric vibe that could enhance the quality of your video.",Beethoven's 5 Secrets,The Piano Guys,1,1,1,0,0,top1_generation_prompt_text_changed_only_precomputed_text_feature_unchanged
916,kqK-Ovwua30,kqK-Ovwua30_OdsKCY4_gc0,U9oXfZM7IAQ_zd-SkyAI6lk,U9oXfZM7IAQ,0,11,cf_lyrical_piano,top1_prompt_level_preference_counterfactual,original,top1_reference,"I prefer lyrical piano background music with a slow tempo, soft acoustic texture, gentle melody, and a calm sentimental mood.","That sounds great, but I'm looking for something with a more ambient and indie feel, possibly even instrumental.","Based on your preferences, I recommend 'Beethoven's 5 Secrets' by The Piano Guys. It's a beautiful track with lyrical piano and a slow tempo. The song has a soft acoustic texture and a gentle melody that creates a calm and sentimental mood. It's a perfect choice for your video.","In that case, 'Tree of Life' by Rix, Kevin from the album 'Awakenings' might be exactly what you're looking for. It offers a mix of rock, electronic, ambient, indie, and pop, with elements like drums and guitar creating an immersive and emotional soundscape. It's perfect for creating a memorable and atmospheric wedding highlight video.","In that case, I would recommend 'Beethoven's 5 Secrets' by The Piano Guys. This instrumental track combines elements of classical music with an ambient and electronic sound. It features beautiful violin and strings arrangements, creating a soothing and atmospheric vibe that could enhance the quality of your video.",Beethoven's 5 Secrets,The Piano Guys,1,1,1,0,0,top1_generation_prompt_text_changed_only_precomputed_text_feature_unchanged
1036,YhFYuZyr5Yo,YhFYuZyr5Yo_vBqoI_4em_o,HnrQrQYw9MQ_conGhaEoJQk,HnrQrQYw9MQ,0,5,original,top1_prompt_level_preference_counterfactual,original,top1_reference,"That sounds great, but I'm also interested in a song by The Charlatans. Do you have any recommendations?","That sounds great, but I'm also interested in a song by The Charlatans. Do you have any recommendations?",Certainly! I suggest you check out 'The Only One I Know' by The Charlatans. It's a rock track with indie and alternative influences. The song has a classic rock vibe and features guitar and drums prominently. It was released in 1990 and could add a unique touch to your video.,"Certainly! I recommend 'Up At The Lake' by The Charlatans. It's a track from their album 'Up At The Lake' and has a classic rock, indie rock, and alternative sound. The song was released in 2004 and showcases The Charlatans' signature rock style with catchy guitar riffs and powerful vocals.","Allow me to recommend 'White Wedding (Pt. 1)' by Billy Idol. It's a classic rock track from his album 'White Wedding'. This song combines elements of 80s rock, alternative, and pop with techno beats and powerful vocals. It has a distinctive style that could add a unique touch to your fashion video.",White Wedding (Pt. 1),Billy Idol,0,0,0,1,0,top1_generation_prompt_text_changed_only_precomputed_text_feature_unchanged
1036,YhFYuZyr5Yo,YhFYuZyr5Yo_vBqoI_4em_o,HnrQrQYw9MQ_conGhaEoJQk,HnrQrQYw9MQ,0,5,cf_upbeat_electronic,top1_prompt_level_preference_counterfactual,original,top1_reference,"I prefer upbeat electronic background music with a bright mood, clear rhythm, energetic beats, and a modern dance or pop feeling.","That sounds great, but I'm also interested in a song by The Charlatans. Do you have any recommendations?","I suggest you consider 'White Wedding (Pt. 1)' by Billy Idol. It's a track from his album 'White Wedding'. This song combines elements of rock, indie, and alternative with a touch of 80s vibe. It has a fast-paced rhythm and energetic beats that could be a fitting choice for your video.","Certainly! I recommend 'Up At The Lake' by The Charlatans. It's a track from their album 'Up At The Lake' and has a classic rock, indie rock, and alternative sound. The song was released in 2004 and showcases The Charlatans' signature rock style with catchy guitar riffs and powerful vocals.","Allow me to recommend 'White Wedding (Pt. 1)' by Billy Idol. It's a classic rock track from his album 'White Wedding'. This song combines elements of 80s rock, alternative, and pop with techno beats and powerful vocals. It has a distinctive style that could add a unique touch to your fashion video.",White Wedding (Pt. 1),Billy Idol,1,1,1,0,0,top1_generation_prompt_text_changed_only_precomputed_text_feature_unchanged
1036,YhFYuZyr5Yo,YhFYuZyr5Yo_vBqoI_4em_o,HnrQrQYw9MQ_conGhaEoJQk,HnrQrQYw9MQ,0,5,cf_lyrical_piano,top1_prompt_level_preference_counterfactual,original,top1_reference,"I prefer lyrical piano background music with a slow tempo, soft acoustic texture, gentle melody, and a calm sentimental mood.","That sounds great, but I'm also interested in a song by The Charlatans. Do you have any recommendations?","I apologize, but I don't have enough information to recommend a specific track that matches your requirements. However, I can suggest exploring the music of Billy Idol, as he is known for his rock and pop style with elements of 80s and alternative music. You may find a track that aligns with your preferences.","Certainly! I recommend 'Up At The Lake' by The Charlatans. It's a track from their album 'Up At The Lake' and has a classic rock, indie rock, and alternative sound. The song was released in 2004 and showcases The Charlatans' signature rock style with catchy guitar riffs and powerful vocals.","Allow me to recommend 'White Wedding (Pt. 1)' by Billy Idol. It's a classic rock track from his album 'White Wedding'. This song combines elements of 80s rock, alternative, and pop with techno beats and powerful vocals. It has a distinctive style that could add a unique touch to your fashion video.",White Wedding (Pt. 1),Billy Idol,0,1,0,1,0,top1_generation_prompt_text_changed_only_precomputed_text_feature_unchanged
1060,D8B7F9T1eZM,D8B7F9T1eZM_z08BQP7eZX4,D8B7F9T1eZM_z08BQP7eZX4,D8B7F9T1eZM,1,1,original,top1_prompt_level_preference_counterfactual,original,top1_reference,"That sounds interesting, but I would like to incorporate a bit more of Die Lollipops' style, especially their electronic and rock elements. I'm also interested in female vocals and drum influences.","That sounds interesting, but I would like to incorporate a bit more of Die Lollipops' style, especially their electronic and rock elements. I'm also interested in female vocals and drum influences.","Allow me to recommend 'Pssst' by Die Lollipops. It's a track from their album 'Pssst'. It combines elements of electronic, rock, and pop with female vocals and drum beats. This song could be a fitting choice for your video.","Allow me to recommend 'Pssst' by Die Lollipops. It's a track from their album 'Zusammen sind wir doppelt stark-Unser Freundschaftsalbum'. The song combines electronic and rock elements with energetic female vocals. It has a catchy dance vibe and could be a fitting choice for your video. Unfortunately, there is no additional description information available for this track.","Allow me to recommend 'Pssst' by Die Lollipops. It's a track from their album 'Zusammen sind wir doppelt stark-Unser Freundschaftsalbum'. The song combines electronic and rock elements with energetic female vocals. It has a catchy dance vibe and could be a fitting choice for your video. Unfortunately, there is no additional description information available for this track.",Pssst,Die Lollipops,1,1,1,0,0,top1_generation_prompt_text_changed_only_precomputed_text_feature_unchanged
1060,D8B7F9T1eZM,D8B7F9T1eZM_z08BQP7eZX4,D8B7F9T1eZM_z08BQP7eZX4,D8B7F9T1eZM,1,1,cf_upbeat_electronic,top1_prompt_level_preference_counterfactual,original,top1_reference,"I prefer upbeat electronic background music with a bright mood, clear rhythm, energetic beats, and a modern dance or pop feeling.","That sounds interesting, but I would like to incorporate a bit more of Die Lollipops' style, especially their electronic and rock elements. I'm also interested in female vocals and drum influences.","Based on your preferences, I recommend 'Pssst' by Die Lollipops. It's a track from their album 'Pssst'. The song combines elements of dance, pop, and electronic music with a female vocalist. It has a fast-paced rhythm and a modern sound that aligns well with your requirements.","Allow me to recommend 'Pssst' by Die Lollipops. It's a track from their album 'Zusammen sind wir doppelt stark-Unser Freundschaftsalbum'. The song combines electronic and rock elements with energetic female vocals. It has a catchy dance vibe and could be a fitting choice for your video. Unfortunately, there is no additional description information available for this track.","Allow me to recommend 'Pssst' by Die Lollipops. It's a track from their album 'Zusammen sind wir doppelt stark-Unser Freundschaftsalbum'. The song combines electronic and rock elements with energetic female vocals. It has a catchy dance vibe and could be a fitting choice for your video. Unfortunately, there is no additional description information available for this track.",Pssst,Die Lollipops,1,1,1,0,0,top1_generation_prompt_text_changed_only_precomputed_text_feature_unchanged
1060,D8B7F9T1eZM,D8B7F9T1eZM_z08BQP7eZX4,D8B7F9T1eZM_z08BQP7eZX4,D8B7F9T1eZM,1,1,cf_lyrical_piano,top1_prompt_level_preference_counterfactual,original,top1_reference,"I prefer lyrical piano background music with a slow tempo, soft acoustic texture, gentle melody, and a calm sentimental mood.","That sounds interesting, but I would like to incorporate a bit more of Die Lollipops' style, especially their electronic and rock elements. I'm also interested in female vocals and drum influences.","I apologize, but I don't have enough information to recommend a specific track that matches your requirements. However, I can suggest exploring the music of Die Lollipops, as they are known for their pop, dance, and electronic style with female vocals. You may find a track that aligns with your preferences.","Allow me to recommend 'Pssst' by Die Lollipops. It's a track from their album 'Zusammen sind wir doppelt stark-Unser Freundschaftsalbum'. The song combines electronic and rock elements with energetic female vocals. It has a catchy dance vibe and could be a fitting choice for your video. Unfortunately, there is no additional description information available for this track.","Allow me to recommend 'Pssst' by Die Lollipops. It's a track from their album 'Zusammen sind wir doppelt stark-Unser Freundschaftsalbum'. The song combines electronic and rock elements with energetic female vocals. It has a catchy dance vibe and could be a fitting choice for your video. Unfortunately, there is no additional description information available for this track.",Pssst,Die Lollipops,0,1,0,1,0,top1_generation_prompt_text_changed_only_precomputed_text_feature_unchanged
1083,IzsgBQQmV5w,IzsgBQQmV5w_-bpv_MI1RFY,97FvPLcg5Wk_juwAszTy9gY,97FvPLcg5Wk,0,43,original,top1_prompt_level_preference_counterfactual,original,top1_reference,"That sounds like a good recommendation, but I'm also interested in incorporating some elements of Porta's style into the music. Porta is known for his hip-hop and electronic music with pop, R&B, and rock influences. Can you recommend something that combines these elements?","That sounds like a good recommendation, but I'm also interested in incorporating some elements of Porta's style into the music. Porta is known for his hip-hop and electronic music with pop, R&B, and rock influences. Can you recommend something that combines these elements?","Certainly! I suggest checking out 'Porta' by Porta. It's a track from his album 'Porta' and it combines elements of hip-hop, electronic, pop, R&B, and rock. This song could be a great fit for your video as it incorporates the specific elements you're looking for.","Allow me to recommend the track 'Dans Ma Téte' by Jhr. It's from his album 'No Hay Truco' and falls under the genres of hip-hop, pop, electronic, R&B, and rock. Although I don't have specific information about the track's release date, the combination of these genres may align well with the style you're looking for in your video.","Allow me to recommend 'Seems So Far' by Knyghts of tha Fire. Although there is limited information available about this track, based on their other songs and the description of the video, it's likely to have elements of 90s R&B, hip-hop, and electronic. This song may contain the specific elements you want.",Seems So Far,Knyghts of tha Fire,0,0,0,1,0,top1_generation_prompt_text_changed_only_precomputed_text_feature_unchanged
1083,IzsgBQQmV5w,IzsgBQQmV5w_-bpv_MI1RFY,97FvPLcg5Wk_juwAszTy9gY,97FvPLcg5Wk,0,43,cf_upbeat_electronic,top1_prompt_level_preference_counterfactual,original,top1_reference,"I prefer upbeat electronic background music with a bright mood, clear rhythm, energetic beats, and a modern dance or pop feeling.","That sounds like a good recommendation, but I'm also interested in incorporating some elements of Porta's style into the music. Porta is known for his hip-hop and electronic music with pop, R&B, and rock influences. Can you recommend something that combines these elements?","Based on your preferences, I recommend 'Knyghts of tha Fire' by Knyghts of tha Fire. It's a track from their album 'The Fire'. This song combines elements of Hip-Hop, electronic, pop, and dance with a fast-paced beat and a modern sound. It was released in 2013 and has a catchy and energetic vibe that aligns well with your requirements.","Allow me to recommend the track 'Dans Ma Téte' by Jhr. It's from his album 'No Hay Truco' and falls under the genres of hip-hop, pop, electronic, R&B, and rock. Although I don't have specific information about the track's release date, the combination of these genres may align well with the style you're looking for in your video.","Allow me to recommend 'Seems So Far' by Knyghts of tha Fire. Although there is limited information available about this track, based on their other songs and the description of the video, it's likely to have elements of 90s R&B, hip-hop, and electronic. This song may contain the specific elements you want.",Seems So Far,Knyghts of tha Fire,0,1,0,1,0,top1_generation_prompt_text_changed_only_precomputed_text_feature_unchanged
1083,IzsgBQQmV5w,IzsgBQQmV5w_-bpv_MI1RFY,97FvPLcg5Wk_juwAszTy9gY,97FvPLcg5Wk,0,43,cf_lyrical_piano,top1_prompt_level_preference_counterfactual,original,top1_reference,"I prefer lyrical piano background music with a slow tempo, soft acoustic texture, gentle melody, and a calm sentimental mood.","That sounds like a good recommendation, but I'm also interested in incorporating some elements of Porta's style into the music. Porta is known for his hip-hop and electronic music with pop, R&B, and rock influences. Can you recommend something that combines these elements?","Based on your preferences, I recommend 'Slow Down' by Knyghts of tha Fire. It's a track from their album 'Slow Down'. This song combines elements of hip-hop, R&B, and soul with a lyrical piano background and a slow tempo. It has a soft acoustic texture and a gentle melody that creates a calm and sentimental mood.","Allow me to recommend the track 'Dans Ma Téte' by Jhr. It's from his album 'No Hay Truco' and falls under the genres of hip-hop, pop, electronic, R&B, and rock. Although I don't have specific information about the track's release date, the combination of these genres may align well with the style you're looking for in your video.","Allow me to recommend 'Seems So Far' by Knyghts of tha Fire. Although there is limited information available about this track, based on their other songs and the description of the video, it's likely to have elements of 90s R&B, hip-hop, and electronic. This song may contain the specific elements you want.",Seems So Far,Knyghts of tha Fire,0,1,0,1,0,top1_generation_prompt_text_changed_only_precomputed_text_feature_unchanged
1105,K0kCJKdYWik,K0kCJKdYWik_tAZtZfm0MnY,9zCik34iYTY_cT9Iv3zpkaU,9zCik34iYTY,0,3,original,top1_prompt_level_preference_counterfactual,original,top1_reference,"That sounds great, but I also want to include some soul and R&B elements in my video. Do you have any recommendations that combine hip-hop, soul, and R&B?","That sounds great, but I also want to include some soul and R&B elements in my video. Do you have any recommendations that combine hip-hop, soul, and R&B?","Certainly! I suggest 'Senza di te' by MECNA. It's a track from the album 'Senza di te' and combines elements of hip-hop, soul, and R&B. The song features female vocals and has a smooth and soulful vibe that could add a touch of elegance to your video.","Certainly! How about 'Njoo' by Wakamba Wawili? It's a track that falls under the genres of hip-hop, soul, and R&B, with electronic and chillout influences. The song has a smooth and laid-back vibe that could add a touch of soulfulness to your video.","Allow me to recommend 'Con i piedi sul mondo' by MECNA. It's a track from their EP 'LE VALIGIE PER RESTARE'. It combines elements of Hip-Hop, soul, rock, and pop, with a touch of R&B. The song was produced by Fid Mella and has a male vocal. It has a unique blend of genres that could be a fitting choice for your video.",Con i piedi sul mondo,MECNA,0,1,0,1,0,top1_generation_prompt_text_changed_only_precomputed_text_feature_unchanged
1105,K0kCJKdYWik,K0kCJKdYWik_tAZtZfm0MnY,9zCik34iYTY_cT9Iv3zpkaU,9zCik34iYTY,0,3,cf_upbeat_electronic,top1_prompt_level_preference_counterfactual,original,top1_reference,"I prefer upbeat electronic background music with a bright mood, clear rhythm, energetic beats, and a modern dance or pop feeling.","That sounds great, but I also want to include some soul and R&B elements in my video. Do you have any recommendations that combine hip-hop, soul, and R&B?","Based on your preferences, I recommend 'Mi piace' by MECNA. It's a track from the album 'Mi piace' and features a mix of Hip-Hop, R&B, soul, pop, and electronic elements. The song has a fast-paced beat and a catchy rhythm that could be a great fit for your video.","Certainly! How about 'Njoo' by Wakamba Wawili? It's a track that falls under the genres of hip-hop, soul, and R&B, with electronic and chillout influences. The song has a smooth and laid-back vibe that could add a touch of soulfulness to your video.","Allow me to recommend 'Con i piedi sul mondo' by MECNA. It's a track from their EP 'LE VALIGIE PER RESTARE'. It combines elements of Hip-Hop, soul, rock, and pop, with a touch of R&B. The song was produced by Fid Mella and has a male vocal. It has a unique blend of genres that could be a fitting choice for your video.",Con i piedi sul mondo,MECNA,0,1,0,1,0,top1_generation_prompt_text_changed_only_precomputed_text_feature_unchanged
1105,K0kCJKdYWik,K0kCJKdYWik_tAZtZfm0MnY,9zCik34iYTY_cT9Iv3zpkaU,9zCik34iYTY,0,3,cf_lyrical_piano,top1_prompt_level_preference_counterfactual,original,top1_reference,"I prefer lyrical piano background music with a slow tempo, soft acoustic texture, gentle melody, and a calm sentimental mood.","That sounds great, but I also want to include some soul and R&B elements in my video. Do you have any recommendations that combine hip-hop, soul, and R&B?","I suggest you consider 'Mi piace' by MECNA. It's a track from the album 'Mi piace'. The song features lyrical piano background music with a slow tempo, soft acoustic texture, gentle melody, and a calm sentimental mood. It aligns well with your preferences.","Certainly! How about 'Njoo' by Wakamba Wawili? It's a track that falls under the genres of hip-hop, soul, and R&B, with electronic and chillout influences. The song has a smooth and laid-back vibe that could add a touch of soulfulness to your video.","Allow me to recommend 'Con i piedi sul mondo' by MECNA. It's a track from their EP 'LE VALIGIE PER RESTARE'. It combines elements of Hip-Hop, soul, rock, and pop, with a touch of R&B. The song was produced by Fid Mella and has a male vocal. It has a unique blend of genres that could be a fitting choice for your video.",Con i piedi sul mondo,MECNA,0,1,0,1,0,top1_generation_prompt_text_changed_only_precomputed_text_feature_unchanged
1119,rZb8WsdW5eM,rZb8WsdW5eM_8l5B3peJABY,rZb8WsdW5eM_8l5B3peJABY,rZb8WsdW5eM,1,1,original,top1_prompt_level_preference_counterfactual,original,top1_reference,"That sounds great, but I would like to include some elements from Rachel Brown and ELEW's cover of 'Stay' in my video. I'm interested in incorporating piano, female vocals, and an indie/folk/pop/rock style.","That sounds great, but I would like to include some elements from Rachel Brown and ELEW's cover of 'Stay' in my video. I'm interested in incorporating piano, female vocals, and an indie/folk/pop/rock style.","Allow me to recommend 'Stay' by Rachel Brown & ELEW. It's a cover of the song originally performed by Rihanna. The track features piano, female vocals, and combines elements of indie, folk, pop, and rock. It was recorded in 2012 and could add a unique touch to your video.","Allow me to recommend 'Stay' by Rachel Brown & ELEW. It's a cover of Rihanna's song and features piano, female vocals, and a mix of indie, folk, pop, and rock genres. The collaborative performance by Rachel Brown and ELEW brings a unique and soulful touch to the track, which could enhance the emotional and expressive aspects of your video project.","Allow me to recommend 'Stay' by Rachel Brown & ELEW. It's a cover of Rihanna's song and features piano, female vocals, and a mix of indie, folk, pop, and rock genres. The collaborative performance by Rachel Brown and ELEW brings a unique and soulful touch to the track, which could enhance the emotional and expressive aspects of your video project.",Stay,Rachel Brown & ELEW,1,1,1,0,0,top1_generation_prompt_text_changed_only_precomputed_text_feature_unchanged
1119,rZb8WsdW5eM,rZb8WsdW5eM_8l5B3peJABY,rZb8WsdW5eM_8l5B3peJABY,rZb8WsdW5eM,1,1,cf_upbeat_electronic,top1_prompt_level_preference_counterfactual,original,top1_reference,"I prefer upbeat electronic background music with a bright mood, clear rhythm, energetic beats, and a modern dance or pop feeling.","That sounds great, but I would like to include some elements from Rachel Brown and ELEW's cover of 'Stay' in my video. I'm interested in incorporating piano, female vocals, and an indie/folk/pop/rock style.","I suggest you consider 'Stay' by Rachel Brown & ELEW. It's a track from their album 'Stay'. The song combines elements of pop, jazz, and folk with female vocals. It has a slow and quiet vibe, but it also has a catchy rhythm and a modern dance or pop feel.","Allow me to recommend 'Stay' by Rachel Brown & ELEW. It's a cover of Rihanna's song and features piano, female vocals, and a mix of indie, folk, pop, and rock genres. The collaborative performance by Rachel Brown and ELEW brings a unique and soulful touch to the track, which could enhance the emotional and expressive aspects of your video project.","Allow me to recommend 'Stay' by Rachel Brown & ELEW. It's a cover of Rihanna's song and features piano, female vocals, and a mix of indie, folk, pop, and rock genres. The collaborative performance by Rachel Brown and ELEW brings a unique and soulful touch to the track, which could enhance the emotional and expressive aspects of your video project.",Stay,Rachel Brown & ELEW,1,1,1,0,0,top1_generation_prompt_text_changed_only_precomputed_text_feature_unchanged
1119,rZb8WsdW5eM,rZb8WsdW5eM_8l5B3peJABY,rZb8WsdW5eM_8l5B3peJABY,rZb8WsdW5eM,1,1,cf_lyrical_piano,top1_prompt_level_preference_counterfactual,original,top1_reference,"I prefer lyrical piano background music with a slow tempo, soft acoustic texture, gentle melody, and a calm sentimental mood.","That sounds great, but I would like to include some elements from Rachel Brown and ELEW's cover of 'Stay' in my video. I'm interested in incorporating piano, female vocals, and an indie/folk/pop/rock style.","Based on your preferences, I recommend 'Stay' by Rachel Brown & ELEW. It's a beautiful track with lyrical piano background music. The song has a slow tempo, soft acoustic texture, and a gentle melody that creates a calm and sentimental mood. It's a perfect choice for your video.","Allow me to recommend 'Stay' by Rachel Brown & ELEW. It's a cover of Rihanna's song and features piano, female vocals, and a mix of indie, folk, pop, and rock genres. The collaborative performance by Rachel Brown and ELEW brings a unique and soulful touch to the track, which could enhance the emotional and expressive aspects of your video project.","Allow me to recommend 'Stay' by Rachel Brown & ELEW. It's a cover of Rihanna's song and features piano, female vocals, and a mix of indie, folk, pop, and rock genres. The collaborative performance by Rachel Brown and ELEW brings a unique and soulful touch to the track, which could enhance the emotional and expressive aspects of your video project.",Stay,Rachel Brown & ELEW,1,1,1,0,0,top1_generation_prompt_text_changed_only_precomputed_text_feature_unchanged
1136,zI51uay2YXg,zI51uay2YXg_GAPYhU8aI8A,zI51uay2YXg_GAPYhU8aI8A,zI51uay2YXg,1,1,original,top1_prompt_level_preference_counterfactual,original,top1_reference,"That sounds great, but I would like to add some elements of hip-hop and electronic music to my video. I'm also interested in rock and indie genres.","That sounds great, but I would like to add some elements of hip-hop and electronic music to my video. I'm also interested in rock and indie genres.","Allow me to recommend 'Ceria' by Lil O. It's a track from the album 'Ceria' and combines elements of hip-hop, electronic, rock, and indie genres. The song has a catchy beat and incorporates electronic elements that could be a fitting choice for your video.",Allow me to recommend 'Ceria' by Lil O. It's a hip-hop track with electronic and pop elements. The song features an indie rock influence and was recorded by Ikrami Prawira. This combination of genres and styles could be a perfect fit for your video.,Allow me to recommend 'Ceria' by Lil O. It's a hip-hop track with electronic and pop elements. The song features an indie rock influence and was recorded by Ikrami Prawira. This combination of genres and styles could be a perfect fit for your video.,Ceria,Lil O,1,1,1,0,0,top1_generation_prompt_text_changed_only_precomputed_text_feature_unchanged
1136,zI51uay2YXg,zI51uay2YXg_GAPYhU8aI8A,zI51uay2YXg_GAPYhU8aI8A,zI51uay2YXg,1,1,cf_upbeat_electronic,top1_prompt_level_preference_counterfactual,original,top1_reference,"I prefer upbeat electronic background music with a bright mood, clear rhythm, energetic beats, and a modern dance or pop feeling.","That sounds great, but I would like to add some elements of hip-hop and electronic music to my video. I'm also interested in rock and indie genres.","Based on your preferences, I recommend 'Ceria' by Lil O. It's a track from the album 'Ceria' and falls under the genres of Hip-Hop, electronic, pop, dance, and R&B. The song has a techno and electronic sound with a fast beat and synth elements. It was released in 2012 and has a modern and energetic vibe that aligns well with your requirements.",Allow me to recommend 'Ceria' by Lil O. It's a hip-hop track with electronic and pop elements. The song features an indie rock influence and was recorded by Ikrami Prawira. This combination of genres and styles could be a perfect fit for your video.,Allow me to recommend 'Ceria' by Lil O. It's a hip-hop track with electronic and pop elements. The song features an indie rock influence and was recorded by Ikrami Prawira. This combination of genres and styles could be a perfect fit for your video.,Ceria,Lil O,1,1,1,0,0,top1_generation_prompt_text_changed_only_precomputed_text_feature_unchanged
1136,zI51uay2YXg,zI51uay2YXg_GAPYhU8aI8A,zI51uay2YXg_GAPYhU8aI8A,zI51uay2YXg,1,1,cf_lyrical_piano,top1_prompt_level_preference_counterfactual,original,top1_reference,"I prefer lyrical piano background music with a slow tempo, soft acoustic texture, gentle melody, and a calm sentimental mood.","That sounds great, but I would like to add some elements of hip-hop and electronic music to my video. I'm also interested in rock and indie genres.","I apologize, but I don't have enough information to recommend a specific track that matches your preferences. However, I can suggest exploring the music of Lil O, as he is known for his lyrical piano background music with a slow tempo and a calm sentimental mood. You may find a track that aligns with your preferences in his discography.",Allow me to recommend 'Ceria' by Lil O. It's a hip-hop track with electronic and pop elements. The song features an indie rock influence and was recorded by Ikrami Prawira. This combination of genres and styles could be a perfect fit for your video.,Allow me to recommend 'Ceria' by Lil O. It's a hip-hop track with electronic and pop elements. The song features an indie rock influence and was recorded by Ikrami Prawira. This combination of genres and styles could be a perfect fit for your video.,Ceria,Lil O,0,1,0,1,0,top1_generation_prompt_text_changed_only_precomputed_text_feature_unchanged
1207,ItV4NVU0u6I,ItV4NVU0u6I_Ldq1rh8OYuc,mpXuXs0sma0_LhJGfWeu7AE,mpXuXs0sma0,0,9,original,top1_prompt_level_preference_counterfactual,original,top1_reference,"That sounds great, but I would like to incorporate more of the indie rock and alternative style into the music. I also prefer tracks with guitar and drum elements. Can you recommend something that matches these preferences?","That sounds great, but I would like to incorporate more of the indie rock and alternative style into the music. I also prefer tracks with guitar and drum elements. Can you recommend something that matches these preferences?","Allow me to recommend 'zborovi pogresni by dario'. It's an indie rock track with alternative influences. Although I don't have much information about the specific album or artist, the track itself aligns well with your preferences. It features guitar and drum elements, which can add a dynamic and energetic touch to your video.","Allow me to recommend 'Nuestra Vida' by Nada Que Objetar. It's a track from their album 'Nuestra Vida'. The song falls under the genres of indie rock, alternative, and pop, which aligns well with your preference for indie and alternative styles. It also features guitar and drum elements that could be a fitting choice for your video.","I apologize, but I don't have any information about a specific track that matches your criteria of a female vocal performance and indie rock influences. However, I can still recommend 'zborovi pogresni' by dario as it meets some of your preferences.","t have any information about a specific track that matches your criteria of a female vocal performance and indie rock influences. However, I can still recommend 'zborovi pogresni",dario as it meets some of your preferences,0,0,0,1,0,top1_generation_prompt_text_changed_only_precomputed_text_feature_unchanged
1207,ItV4NVU0u6I,ItV4NVU0u6I_Ldq1rh8OYuc,mpXuXs0sma0_LhJGfWeu7AE,mpXuXs0sma0,0,9,cf_upbeat_electronic,top1_prompt_level_preference_counterfactual,original,top1_reference,"I prefer upbeat electronic background music with a bright mood, clear rhythm, energetic beats, and a modern dance or pop feeling.","That sounds great, but I would like to incorporate more of the indie rock and alternative style into the music. I also prefer tracks with guitar and drum elements. Can you recommend something that matches these preferences?","I suggest you consider 'zborovi pogresni by dario. It's a track with indie rock and alternative influences. Although it doesn't have female vocals, it aligns well with your preference for upbeat electronic background music with a bright mood, clear rhythm, energetic beats, and a modern dance or pop feeling.","Allow me to recommend 'Nuestra Vida' by Nada Que Objetar. It's a track from their album 'Nuestra Vida'. The song falls under the genres of indie rock, alternative, and pop, which aligns well with your preference for indie and alternative styles. It also features guitar and drum elements that could be a fitting choice for your video.","I apologize, but I don't have any information about a specific track that matches your criteria of a female vocal performance and indie rock influences. However, I can still recommend 'zborovi pogresni' by dario as it meets some of your preferences.","t have any information about a specific track that matches your criteria of a female vocal performance and indie rock influences. However, I can still recommend 'zborovi pogresni",dario as it meets some of your preferences,0,0,0,1,0,top1_generation_prompt_text_changed_only_precomputed_text_feature_unchanged
1207,ItV4NVU0u6I,ItV4NVU0u6I_Ldq1rh8OYuc,mpXuXs0sma0_LhJGfWeu7AE,mpXuXs0sma0,0,9,cf_lyrical_piano,top1_prompt_level_preference_counterfactual,original,top1_reference,"I prefer lyrical piano background music with a slow tempo, soft acoustic texture, gentle melody, and a calm sentimental mood.","That sounds great, but I would like to incorporate more of the indie rock and alternative style into the music. I also prefer tracks with guitar and drum elements. Can you recommend something that matches these preferences?","I apologize, but I don't have enough information about the track 'zborovi pogresni by dario' to provide a recommendation based on your preferences. However, I can suggest exploring other tracks by Dario that may align with your preferences.","Allow me to recommend 'Nuestra Vida' by Nada Que Objetar. It's a track from their album 'Nuestra Vida'. The song falls under the genres of indie rock, alternative, and pop, which aligns well with your preference for indie and alternative styles. It also features guitar and drum elements that could be a fitting choice for your video.","I apologize, but I don't have any information about a specific track that matches your criteria of a female vocal performance and indie rock influences. However, I can still recommend 'zborovi pogresni' by dario as it meets some of your preferences.","t have any information about a specific track that matches your criteria of a female vocal performance and indie rock influences. However, I can still recommend 'zborovi pogresni",dario as it meets some of your preferences,0,0,0,1,0,top1_generation_prompt_text_changed_only_precomputed_text_feature_unchanged
1210,ah7goU7kudo,ah7goU7kudo_al2m-IPmf5o,wtM8Nc_Wd6I_ZXUWFFSz3iU,wtM8Nc_Wd6I,0,14,original,top1_prompt_level_preference_counterfactual,original,top1_reference,"That sounds great, but I would like to incorporate more of Cro's style into my video. I'm looking for a mix of electronic, rock, indie, and hip-hop elements. Do you have any recommendations?","That sounds great, but I would like to incorporate more of Cro's style into my video. I'm looking for a mix of electronic, rock, indie, and hip-hop elements. Do you have any recommendations?","Allow me to recommend 'Good Feeling' by Cro. It's a track from their album 'Good Feeling'. The song combines elements of electronic, rock, indie, and hip-hop, which aligns well with the style you're looking for. It was released in 2012 and has a catchy and energetic vibe that could be a fitting choice for your video.","Sure! How about 'Whatever msp' by Cro? It's a track that combines electronic, rock, indie, and hip-hop influences. While I don't have much information about the specific album or artists, the song itself aligns with the style you're looking for.","Allow me to recommend 'Good Feeling' by Mikill Pane. It's a track from his album 'Good Feeling'. The song combines elements of hip-hop, electronic, rock, and indie with a fast-paced techno and loud rock sound. It was released recently and could be a fitting choice for your video.",Good Feeling,Mikill Pane,1,0,0,1,0,top1_generation_prompt_text_changed_only_precomputed_text_feature_unchanged
1210,ah7goU7kudo,ah7goU7kudo_al2m-IPmf5o,wtM8Nc_Wd6I_ZXUWFFSz3iU,wtM8Nc_Wd6I,0,14,cf_upbeat_electronic,top1_prompt_level_preference_counterfactual,original,top1_reference,"I prefer upbeat electronic background music with a bright mood, clear rhythm, energetic beats, and a modern dance or pop feeling.","That sounds great, but I would like to incorporate more of Cro's style into my video. I'm looking for a mix of electronic, rock, indie, and hip-hop elements. Do you have any recommendations?","Based on your preferences, I recommend 'Good Feeling' by Mikill Pane. It's a track from the album 'Good Feeling' and it perfectly matches your requirements. The song combines elements of electronic, dance, pop, and rock, with a fast-paced techno beat and a catchy rhythm. It's a great choice for a video with a modern and energetic vibe.","Sure! How about 'Whatever msp' by Cro? It's a track that combines electronic, rock, indie, and hip-hop influences. While I don't have much information about the specific album or artists, the song itself aligns with the style you're looking for.","Allow me to recommend 'Good Feeling' by Mikill Pane. It's a track from his album 'Good Feeling'. The song combines elements of hip-hop, electronic, rock, and indie with a fast-paced techno and loud rock sound. It was released recently and could be a fitting choice for your video.",Good Feeling,Mikill Pane,1,1,1,0,0,top1_generation_prompt_text_changed_only_precomputed_text_feature_unchanged
1210,ah7goU7kudo,ah7goU7kudo_al2m-IPmf5o,wtM8Nc_Wd6I_ZXUWFFSz3iU,wtM8Nc_Wd6I,0,14,cf_lyrical_piano,top1_prompt_level_preference_counterfactual,original,top1_reference,"I prefer lyrical piano background music with a slow tempo, soft acoustic texture, gentle melody, and a calm sentimental mood.","That sounds great, but I would like to incorporate more of Cro's style into my video. I'm looking for a mix of electronic, rock, indie, and hip-hop elements. Do you have any recommendations?","I apologize, but I don't have enough information to recommend a specific track based on your preferences. However, I can suggest exploring the music of Mikill Pane, as he is known for his electronic, dance, pop, and rock style with elements of hip-hop. You may find a track that aligns with your preferences.","Sure! How about 'Whatever msp' by Cro? It's a track that combines electronic, rock, indie, and hip-hop influences. While I don't have much information about the specific album or artists, the song itself aligns with the style you're looking for.","Allow me to recommend 'Good Feeling' by Mikill Pane. It's a track from his album 'Good Feeling'. The song combines elements of hip-hop, electronic, rock, and indie with a fast-paced techno and loud rock sound. It was released recently and could be a fitting choice for your video.",Good Feeling,Mikill Pane,0,1,0,1,0,top1_generation_prompt_text_changed_only_precomputed_text_feature_unchanged
1226,VBDoZ0Tu5CI,VBDoZ0Tu5CI_K29bp9zG0jA,bPrFmJPMP0o_DHNVh_sZawQ,bPrFmJPMP0o,0,2,original,top1_prompt_level_preference_counterfactual,original,top1_reference,"That sounds good, but I want to incorporate more of Santaye's style into the music. I'm specifically interested in pop, dance, and electronic genres, and I want a female vocalist like Santaye.","That sounds good, but I want to incorporate more of Santaye's style into the music. I'm specifically interested in pop, dance, and electronic genres, and I want a female vocalist like Santaye.",Allow me to recommend 'Tú y yo' by Santaye. It's a pop and dance track with electronic elements. The song features Santaye's distinctive female vocals and was released in 2013. It could be a fitting choice for your video.,Allow me to recommend 'Eras Tu' by Santaye. It's a pop and dance track with electronic and rock influences. The song features female vocals and was released as Santaye's new single. You can find more information on Santaye's official website and social media accounts.,"Allow me to recommend 'Tú y yo' by Maite Perroni. It's a track from her album 'Tú y yo'. This song combines elements of pop, dance, and indie with a female vocal performance. It has a fast tempo and features guitar elements, which align with the energetic and lively vibe you're looking for. The music video was released in 2013.",Tú y yo,Maite Perroni,1,0,0,1,0,top1_generation_prompt_text_changed_only_precomputed_text_feature_unchanged
1226,VBDoZ0Tu5CI,VBDoZ0Tu5CI_K29bp9zG0jA,bPrFmJPMP0o_DHNVh_sZawQ,bPrFmJPMP0o,0,2,cf_upbeat_electronic,top1_prompt_level_preference_counterfactual,original,top1_reference,"I prefer upbeat electronic background music with a bright mood, clear rhythm, energetic beats, and a modern dance or pop feeling.","That sounds good, but I want to incorporate more of Santaye's style into the music. I'm specifically interested in pop, dance, and electronic genres, and I want a female vocalist like Santaye.","Based on your preferences, I recommend 'Tú y yo' by Maite Perroni. It's a track from her album 'Tú y yo'. This song combines elements of pop, dance, and electronic music with a female vocalist. It has a fast-paced rhythm and a modern sound that aligns well with your requirements.",Allow me to recommend 'Eras Tu' by Santaye. It's a pop and dance track with electronic and rock influences. The song features female vocals and was released as Santaye's new single. You can find more information on Santaye's official website and social media accounts.,"Allow me to recommend 'Tú y yo' by Maite Perroni. It's a track from her album 'Tú y yo'. This song combines elements of pop, dance, and indie with a female vocal performance. It has a fast tempo and features guitar elements, which align with the energetic and lively vibe you're looking for. The music video was released in 2013.",Tú y yo,Maite Perroni,1,1,1,0,0,top1_generation_prompt_text_changed_only_precomputed_text_feature_unchanged
1226,VBDoZ0Tu5CI,VBDoZ0Tu5CI_K29bp9zG0jA,bPrFmJPMP0o_DHNVh_sZawQ,bPrFmJPMP0o,0,2,cf_lyrical_piano,top1_prompt_level_preference_counterfactual,original,top1_reference,"I prefer lyrical piano background music with a slow tempo, soft acoustic texture, gentle melody, and a calm sentimental mood.","That sounds good, but I want to incorporate more of Santaye's style into the music. I'm specifically interested in pop, dance, and electronic genres, and I want a female vocalist like Santaye.","I suggest you listen to 'Tú y yo' by Maite Perroni. It's a track from her album 'Tú y yo'. The song features lyrical piano background music with a slow tempo, soft acoustic texture, gentle melody, and a calm sentimental mood. It's a perfect choice for your video.",Allow me to recommend 'Eras Tu' by Santaye. It's a pop and dance track with electronic and rock influences. The song features female vocals and was released as Santaye's new single. You can find more information on Santaye's official website and social media accounts.,"Allow me to recommend 'Tú y yo' by Maite Perroni. It's a track from her album 'Tú y yo'. This song combines elements of pop, dance, and indie with a female vocal performance. It has a fast tempo and features guitar elements, which align with the energetic and lively vibe you're looking for. The music video was released in 2013.",Tú y yo,Maite Perroni,1,1,1,0,0,top1_generation_prompt_text_changed_only_precomputed_text_feature_unchanged
1240,Tqo1UOK1I44,Tqo1UOK1I44_skTcQLUZKEA,q4ZCLJ9I8HE_ylGjqc1FNBA,q4ZCLJ9I8HE,0,2,original,top1_prompt_level_preference_counterfactual,original,top1_reference,"That sounds great, I like the rock and indie elements in your recommendation. But I would like to incorporate a bit more of Generación 12's distinctive style, especially their electronic and alternative components. I'm also interested in indie rock and drum influences.","That sounds great, I like the rock and indie elements in your recommendation. But I would like to incorporate a bit more of Generación 12's distinctive style, especially their electronic and alternative components. I'm also interested in indie rock and drum influences.","Allow me to recommend 'Sin Ti' by Generación 12. It's a track from their album 'Sin Ti'. It combines elements of indie rock, alternative, and electronic music with a focus on drums. This song could be a fitting choice for your video, as it captures the unique style of Generación 12.",Allow me to recommend Generación 12's performance in Ecuador in 2012. It's an electronic and alternative rock concert that combines elements of indie rock with fast-paced drum beats. The band's unique style and energetic performance make it a fitting choice for your video.,"In that case, I would recommend 'Sun In The Island' by Swimming. This track combines rock, indie, and electronic genres, creating a unique and alternative sound. It's part of the album 'Sun In The Island b/w Team Jetstream (Pre Flight Mix)' and is performed by the artist Swimming. It would add a modern and captivating vibe to your video.",Sun In The Island,Swimming,0,0,0,1,0,top1_generation_prompt_text_changed_only_precomputed_text_feature_unchanged
1240,Tqo1UOK1I44,Tqo1UOK1I44_skTcQLUZKEA,q4ZCLJ9I8HE_ylGjqc1FNBA,q4ZCLJ9I8HE,0,2,cf_upbeat_electronic,top1_prompt_level_preference_counterfactual,original,top1_reference,"I prefer upbeat electronic background music with a bright mood, clear rhythm, energetic beats, and a modern dance or pop feeling.","That sounds great, I like the rock and indie elements in your recommendation. But I would like to incorporate a bit more of Generación 12's distinctive style, especially their electronic and alternative components. I'm also interested in indie rock and drum influences.","Based on your preferences, I recommend 'Sun In The Island' by Swimming. It's a track from their album 'Sun In The Island'. This song combines elements of rock, electronic, indie, and alternative genres. It has a fast-paced and energetic sound with a focus on drums and techno beats. It's a great choice for a video with a modern dance or pop feel.",Allow me to recommend Generación 12's performance in Ecuador in 2012. It's an electronic and alternative rock concert that combines elements of indie rock with fast-paced drum beats. The band's unique style and energetic performance make it a fitting choice for your video.,"In that case, I would recommend 'Sun In The Island' by Swimming. This track combines rock, indie, and electronic genres, creating a unique and alternative sound. It's part of the album 'Sun In The Island b/w Team Jetstream (Pre Flight Mix)' and is performed by the artist Swimming. It would add a modern and captivating vibe to your video.",Sun In The Island,Swimming,1,1,1,0,0,top1_generation_prompt_text_changed_only_precomputed_text_feature_unchanged
1240,Tqo1UOK1I44,Tqo1UOK1I44_skTcQLUZKEA,q4ZCLJ9I8HE_ylGjqc1FNBA,q4ZCLJ9I8HE,0,2,cf_lyrical_piano,top1_prompt_level_preference_counterfactual,original,top1_reference,"I prefer lyrical piano background music with a slow tempo, soft acoustic texture, gentle melody, and a calm sentimental mood.","That sounds great, I like the rock and indie elements in your recommendation. But I would like to incorporate a bit more of Generación 12's distinctive style, especially their electronic and alternative components. I'm also interested in indie rock and drum influences.","I apologize, but I don't have enough information to recommend a specific track that matches your requirements. However, I can suggest exploring the music of Swimming, as they are known for their indie rock and alternative style. You may find a track that aligns with your preferences.",Allow me to recommend Generación 12's performance in Ecuador in 2012. It's an electronic and alternative rock concert that combines elements of indie rock with fast-paced drum beats. The band's unique style and energetic performance make it a fitting choice for your video.,"In that case, I would recommend 'Sun In The Island' by Swimming. This track combines rock, indie, and electronic genres, creating a unique and alternative sound. It's part of the album 'Sun In The Island b/w Team Jetstream (Pre Flight Mix)' and is performed by the artist Swimming. It would add a modern and captivating vibe to your video.",Sun In The Island,Swimming,0,1,0,1,0,top1_generation_prompt_text_changed_only_precomputed_text_feature_unchanged
1269,KGmsoYvx7ng,KGmsoYvx7ng_s6CDWoTZi68,DukXfifJSrA_2GCm4cqhJ1I,DukXfifJSrA,0,20,original,top1_prompt_level_preference_counterfactual,original,top1_reference,"That sounds great, I like the rock and metal types in your music recommendations. But I would like to incorporate a bit more of A＆D's distinctive style, especially their heavy metal and hard rock components. I'm also interested in punk influences.","That sounds great, I like the rock and metal types in your music recommendations. But I would like to incorporate a bit more of A＆D's distinctive style, especially their heavy metal and hard rock components. I'm also interested in punk influences.","Allow me to recommend '疾風のDeparture' by A＆D. It's a track from their album '疾風のDeparture'. It combines elements of heavy metal, hard rock, and punk, which could be a fitting choice for your video. It was released in 2013 and may contain the specific elements you want.","Allow me to recommend 'Under World' by A＆D. It's a track from their album with the same name. It combines elements of heavy metal, hard rock, and punk, which could be a fitting choice for your video. Unfortunately, I don't have more information about this track.","Allow me to recommend '疾風のDeparture' by DAIDA LAIDA. Although I don't have much information about this track, DAIDA LAIDA is known for their heavy metal, rock, and classic rock style. They might have incorporated guitar and techno elements in this song as well.",疾風のDeparture,DAIDA LAIDA,1,0,0,1,0,top1_generation_prompt_text_changed_only_precomputed_text_feature_unchanged
1269,KGmsoYvx7ng,KGmsoYvx7ng_s6CDWoTZi68,DukXfifJSrA_2GCm4cqhJ1I,DukXfifJSrA,0,20,cf_upbeat_electronic,top1_prompt_level_preference_counterfactual,original,top1_reference,"I prefer upbeat electronic background music with a bright mood, clear rhythm, energetic beats, and a modern dance or pop feeling.","That sounds great, I like the rock and metal types in your music recommendations. But I would like to incorporate a bit more of A＆D's distinctive style, especially their heavy metal and hard rock components. I'm also interested in punk influences.","I suggest you consider 'Departure' by DAIDA LAIDA. It's a track from their album 'Departure'. This song combines elements of rock, metal, and alternative with a fast-paced and energetic sound. It has a techno and guitar-focused sound, which aligns well with the modern dance and pop vibe you're looking for.","Allow me to recommend 'Under World' by A＆D. It's a track from their album with the same name. It combines elements of heavy metal, hard rock, and punk, which could be a fitting choice for your video. Unfortunately, I don't have more information about this track.","Allow me to recommend '疾風のDeparture' by DAIDA LAIDA. Although I don't have much information about this track, DAIDA LAIDA is known for their heavy metal, rock, and classic rock style. They might have incorporated guitar and techno elements in this song as well.",疾風のDeparture,DAIDA LAIDA,0,1,0,1,0,top1_generation_prompt_text_changed_only_precomputed_text_feature_unchanged
1269,KGmsoYvx7ng,KGmsoYvx7ng_s6CDWoTZi68,DukXfifJSrA_2GCm4cqhJ1I,DukXfifJSrA,0,20,cf_lyrical_piano,top1_prompt_level_preference_counterfactual,original,top1_reference,"I prefer lyrical piano background music with a slow tempo, soft acoustic texture, gentle melody, and a calm sentimental mood.","That sounds great, I like the rock and metal types in your music recommendations. But I would like to incorporate a bit more of A＆D's distinctive style, especially their heavy metal and hard rock components. I'm also interested in punk influences.","I apologize, but I don't have enough information about the target music to provide a specific recommendation. However, I can suggest exploring the works of artists who specialize in lyrical piano background music with a slow tempo, soft acoustic texture, gentle melody, and a calm sentimental mood.","Allow me to recommend 'Under World' by A＆D. It's a track from their album with the same name. It combines elements of heavy metal, hard rock, and punk, which could be a fitting choice for your video. Unfortunately, I don't have more information about this track.","Allow me to recommend '疾風のDeparture' by DAIDA LAIDA. Although I don't have much information about this track, DAIDA LAIDA is known for their heavy metal, rock, and classic rock style. They might have incorporated guitar and techno elements in this song as well.",疾風のDeparture,DAIDA LAIDA,0,0,0,1,0,top1_generation_prompt_text_changed_only_precomputed_text_feature_unchanged
1311,CSvBwXlOQPY,CSvBwXlOQPY_iZOXwI35PZY,TncikOTA5CQ_OQwiYC7MB0E,TncikOTA5CQ,0,12,original,top1_prompt_level_preference_counterfactual,original,top1_reference,"That sounds great, but I'd like to incorporate some hip-hop and ambient elements into the music as well. Do you have any recommendations?","That sounds great, but I'd like to incorporate some hip-hop and ambient elements into the music as well. Do you have any recommendations?",Certainly! How about 'Can't Be Friends' by Tyga? It's a hip-hop track with electronic and ambient influences. The song has a chillout vibe and features Tyga's distinctive style. It could be a fitting choice for your video.,I suggest checking out 'EL CHAMAKITO' by LA EMINENCIA. It's a hip-hop track with electronic and ambient influences. The song has a pop and rock vibe as well. It was released by @GURUELVIS and could add the desired elements to your video.,"I recommend 'Can't Be Friends' by Tyga. Although it is not specifically classified as Christian rap, it is a hip-hop track that combines electronic, pop, and soul influences. It has elements that align with the electronic sound you're looking for, and it features a blend of rap and R&B vocals. This song could be a suitable choice for your video.",Can't Be Friends,Tyga,1,1,1,0,0,top1_generation_prompt_text_changed_only_precomputed_text_feature_unchanged
1311,CSvBwXlOQPY,CSvBwXlOQPY_iZOXwI35PZY,TncikOTA5CQ_OQwiYC7MB0E,TncikOTA5CQ,0,12,cf_upbeat_electronic,top1_prompt_level_preference_counterfactual,original,top1_reference,"I prefer upbeat electronic background music with a bright mood, clear rhythm, energetic beats, and a modern dance or pop feeling.","That sounds great, but I'd like to incorporate some hip-hop and ambient elements into the music as well. Do you have any recommendations?","I suggest you consider 'Can't Be Friends' by Tyga. It's a track from the album 'Can't Be Friends'. This song combines elements of Hip-Hop, electronic, rock, and pop, with a touch of indie. It has a fast-paced beat and a modern dance or pop vibe that could be a great fit for your video.",I suggest checking out 'EL CHAMAKITO' by LA EMINENCIA. It's a hip-hop track with electronic and ambient influences. The song has a pop and rock vibe as well. It was released by @GURUELVIS and could add the desired elements to your video.,"I recommend 'Can't Be Friends' by Tyga. Although it is not specifically classified as Christian rap, it is a hip-hop track that combines electronic, pop, and soul influences. It has elements that align with the electronic sound you're looking for, and it features a blend of rap and R&B vocals. This song could be a suitable choice for your video.",Can't Be Friends,Tyga,1,1,1,0,0,top1_generation_prompt_text_changed_only_precomputed_text_feature_unchanged
1311,CSvBwXlOQPY,CSvBwXlOQPY_iZOXwI35PZY,TncikOTA5CQ_OQwiYC7MB0E,TncikOTA5CQ,0,12,cf_lyrical_piano,top1_prompt_level_preference_counterfactual,original,top1_reference,"I prefer lyrical piano background music with a slow tempo, soft acoustic texture, gentle melody, and a calm sentimental mood.","That sounds great, but I'd like to incorporate some hip-hop and ambient elements into the music as well. Do you have any recommendations?","Based on your preferences, I recommend 'Can't Be Friends' by Tyga. It's a track from the album 'Can't Be Friends' and features a lyrical piano background music with a slow tempo, soft acoustic texture, gentle melody, and a calm sentimental mood.",I suggest checking out 'EL CHAMAKITO' by LA EMINENCIA. It's a hip-hop track with electronic and ambient influences. The song has a pop and rock vibe as well. It was released by @GURUELVIS and could add the desired elements to your video.,"I recommend 'Can't Be Friends' by Tyga. Although it is not specifically classified as Christian rap, it is a hip-hop track that combines electronic, pop, and soul influences. It has elements that align with the electronic sound you're looking for, and it features a blend of rap and R&B vocals. This song could be a suitable choice for your video.",Can't Be Friends,Tyga,1,1,1,0,0,top1_generation_prompt_text_changed_only_precomputed_text_feature_unchanged
1322,pgoDe__Fm-Y,pgoDe__Fm-Y_vf4LLox2GTE,qZKCet3JOTc_YkS-Had1grQ,qZKCet3JOTc,0,3,original,top1_prompt_level_preference_counterfactual,original,top1_reference,"That sounds great, I like the rock and indie genres in your music recommendations. But I would like to add a bit more of Kodaline's style to the music, especially their pop and folk influences. I'm also interested in female vocalists.","That sounds great, I like the rock and indie genres in your music recommendations. But I would like to add a bit more of Kodaline's style to the music, especially their pop and folk influences. I'm also interested in female vocalists.","Allow me to recommend 'All I Want' by Kodaline. It's a track from their album 'All I Want'. It combines elements of pop, rock, and folk with female vocals. The song has a catchy and melodic sound that could be a fitting choice for your video.","Allow me to recommend 'High Hopes' by Kodaline. It's a cover performed by Mollie Bylett. The song has pop, indie, and folk elements with female vocals. This could be a fitting choice for your video, incorporating Kodaline's distinctive style.","Allow me to recommend the song 'Miasto' by Ania Iwanek & Riya Sokół ft. Piotr Cugowski. Although I don't have much information about this track, it is likely to contain the indie and alternative elements you are looking for. It also features female vocals, which aligns with your preferences.",Miasto,Ania Iwanek & Riya Sokół ft,0,0,0,1,0,top1_generation_prompt_text_changed_only_precomputed_text_feature_unchanged
1322,pgoDe__Fm-Y,pgoDe__Fm-Y_vf4LLox2GTE,qZKCet3JOTc_YkS-Had1grQ,qZKCet3JOTc,0,3,cf_upbeat_electronic,top1_prompt_level_preference_counterfactual,original,top1_reference,"I prefer upbeat electronic background music with a bright mood, clear rhythm, energetic beats, and a modern dance or pop feeling.","That sounds great, I like the rock and indie genres in your music recommendations. But I would like to add a bit more of Kodaline's style to the music, especially their pop and folk influences. I'm also interested in female vocalists.",I suggest you consider 'Sunshine' by The Wanted. It's a pop and electronic track with a dance and rock influence. The song has a fast tempo and energetic beats that can add a lively and modern feel to your video.,"Allow me to recommend 'High Hopes' by Kodaline. It's a cover performed by Mollie Bylett. The song has pop, indie, and folk elements with female vocals. This could be a fitting choice for your video, incorporating Kodaline's distinctive style.","Allow me to recommend the song 'Miasto' by Ania Iwanek & Riya Sokół ft. Piotr Cugowski. Although I don't have much information about this track, it is likely to contain the indie and alternative elements you are looking for. It also features female vocals, which aligns with your preferences.",Miasto,Ania Iwanek & Riya Sokół ft,0,0,0,1,0,top1_generation_prompt_text_changed_only_precomputed_text_feature_unchanged
1322,pgoDe__Fm-Y,pgoDe__Fm-Y_vf4LLox2GTE,qZKCet3JOTc_YkS-Had1grQ,qZKCet3JOTc,0,3,cf_lyrical_piano,top1_prompt_level_preference_counterfactual,original,top1_reference,"I prefer lyrical piano background music with a slow tempo, soft acoustic texture, gentle melody, and a calm sentimental mood.","That sounds great, I like the rock and indie genres in your music recommendations. But I would like to add a bit more of Kodaline's style to the music, especially their pop and folk influences. I'm also interested in female vocalists.","I suggest you consider 'Szczęście' by Ania Iwanek & Riya Sokół. It's a track from their album 'Szczęście'. This song combines elements of pop, rock, and indie with female vocals. It has a slow tempo and features a lyrical piano, which aligns well with your preferences.","Allow me to recommend 'High Hopes' by Kodaline. It's a cover performed by Mollie Bylett. The song has pop, indie, and folk elements with female vocals. This could be a fitting choice for your video, incorporating Kodaline's distinctive style.","Allow me to recommend the song 'Miasto' by Ania Iwanek & Riya Sokół ft. Piotr Cugowski. Although I don't have much information about this track, it is likely to contain the indie and alternative elements you are looking for. It also features female vocals, which aligns with your preferences.",Miasto,Ania Iwanek & Riya Sokół ft,0,0,0,1,0,top1_generation_prompt_text_changed_only_precomputed_text_feature_unchanged
1333,sZNtPlWq5gI,sZNtPlWq5gI_tl_4Jx7umvs,sZNtPlWq5gI_tl_4Jx7umvs,sZNtPlWq5gI,1,1,original,top1_prompt_level_preference_counterfactual,original,top1_reference,"That sounds great, I like the techno and electronic influences in your music recommendations. But I would like to incorporate a bit more of the Christmas theme into the music. Can you recommend something that combines hip-hop, electronic, and rock genres, with a touch of holiday spirit?","That sounds great, I like the techno and electronic influences in your music recommendations. But I would like to incorporate a bit more of the Christmas theme into the music. Can you recommend something that combines hip-hop, electronic, and rock genres, with a touch of holiday spirit?","Allow me to recommend 'Christmas in the City' by The Hood Internet. It's a track from their album 'Christmas in the City'. It combines elements of hip-hop, electronic, and rock genres with a touch of holiday spirit. The song has a fast-paced beat and synth sounds that could be a fitting choice for your video.","Allow me to recommend 'Christmas in LA'. It's a track that captures the Christmas spirit in the beautiful city of Los Angeles. Although I don't have specific information about the artist, album, or track name, based on the description, it seems to contain elements of hip-hop, electronic, rock, and pop genres. This song could be a fitting choice for your video, combining the energetic and catchy beats with a touch of holiday cheer.","Allow me to recommend 'Christmas in LA'. It's a track that captures the Christmas spirit in the beautiful city of Los Angeles. Although I don't have specific information about the artist, album, or track name, based on the description, it seems to contain elements of hip-hop, electronic, rock, and pop genres. This song could be a fitting choice for your video, combining the energetic and catchy beats with a touch of holiday cheer.",,,,,,0,0,top1_generation_prompt_text_changed_only_precomputed_text_feature_unchanged
1333,sZNtPlWq5gI,sZNtPlWq5gI_tl_4Jx7umvs,sZNtPlWq5gI_tl_4Jx7umvs,sZNtPlWq5gI,1,1,cf_upbeat_electronic,top1_prompt_level_preference_counterfactual,original,top1_reference,"I prefer upbeat electronic background music with a bright mood, clear rhythm, energetic beats, and a modern dance or pop feeling.","That sounds great, I like the techno and electronic influences in your music recommendations. But I would like to incorporate a bit more of the Christmas theme into the music. Can you recommend something that combines hip-hop, electronic, and rock genres, with a touch of holiday spirit?","Based on your preferences, I recommend 'The Way I Am' by The Dirty Heads. It's a track from their album 'The Dirty Heads'. This song combines elements of Hip-Hop, electronic, rock, and pop, with a dance influence. It has a fast-paced beat and a modern sound that aligns well with your requirements.","Allow me to recommend 'Christmas in LA'. It's a track that captures the Christmas spirit in the beautiful city of Los Angeles. Although I don't have specific information about the artist, album, or track name, based on the description, it seems to contain elements of hip-hop, electronic, rock, and pop genres. This song could be a fitting choice for your video, combining the energetic and catchy beats with a touch of holiday cheer.","Allow me to recommend 'Christmas in LA'. It's a track that captures the Christmas spirit in the beautiful city of Los Angeles. Although I don't have specific information about the artist, album, or track name, based on the description, it seems to contain elements of hip-hop, electronic, rock, and pop genres. This song could be a fitting choice for your video, combining the energetic and catchy beats with a touch of holiday cheer.",,,,,,0,0,top1_generation_prompt_text_changed_only_precomputed_text_feature_unchanged
1333,sZNtPlWq5gI,sZNtPlWq5gI_tl_4Jx7umvs,sZNtPlWq5gI_tl_4Jx7umvs,sZNtPlWq5gI,1,1,cf_lyrical_piano,top1_prompt_level_preference_counterfactual,original,top1_reference,"I prefer lyrical piano background music with a slow tempo, soft acoustic texture, gentle melody, and a calm sentimental mood.","That sounds great, I like the techno and electronic influences in your music recommendations. But I would like to incorporate a bit more of the Christmas theme into the music. Can you recommend something that combines hip-hop, electronic, and rock genres, with a touch of holiday spirit?","Based on your preferences, I recommend 'The Lyrical Piano'. It's a track that combines elements of hip-hop, electronic, rock, and pop with a slow tempo, soft acoustic texture, and a gentle melody. It has a calm and sentimental mood that could be a perfect fit for your video.","Allow me to recommend 'Christmas in LA'. It's a track that captures the Christmas spirit in the beautiful city of Los Angeles. Although I don't have specific information about the artist, album, or track name, based on the description, it seems to contain elements of hip-hop, electronic, rock, and pop genres. This song could be a fitting choice for your video, combining the energetic and catchy beats with a touch of holiday cheer.","Allow me to recommend 'Christmas in LA'. It's a track that captures the Christmas spirit in the beautiful city of Los Angeles. Although I don't have specific information about the artist, album, or track name, based on the description, it seems to contain elements of hip-hop, electronic, rock, and pop genres. This song could be a fitting choice for your video, combining the energetic and catchy beats with a touch of holiday cheer.",,,,,,0,0,top1_generation_prompt_text_changed_only_precomputed_text_feature_unchanged
1395,ufnqxvG8TZ4,ufnqxvG8TZ4_t4zXT4mcPUI,ufnqxvG8TZ4_t4zXT4mcPUI,ufnqxvG8TZ4,1,1,original,top1_prompt_level_preference_counterfactual,original,top1_reference,"Sounds good, but I'm looking for something that has a more indie and alternative vibe.","Sounds good, but I'm looking for something that has a more indie and alternative vibe.","In that case, I would recommend 'Samoerai - Zwoardduel'. This track has a unique blend of Hip-Hop, rock, electronic, indie, and alternative genres. It offers a fresh and experimental sound that will add a distinctive touch to your video.","In that case, I would recommend 'Zwoardduel' by Samoerai. This track has elements of Hip-Hop, electronic, rock, indie, and alternative genres. It has a unique and edgy sound that will give your video a distinctive vibe.","In that case, I would recommend 'Zwoardduel' by Samoerai. This track has elements of Hip-Hop, electronic, rock, indie, and alternative genres. It has a unique and edgy sound that will give your video a distinctive vibe.",Zwoardduel,Samoerai,1,1,1,0,0,top1_generation_prompt_text_changed_only_precomputed_text_feature_unchanged
1395,ufnqxvG8TZ4,ufnqxvG8TZ4_t4zXT4mcPUI,ufnqxvG8TZ4_t4zXT4mcPUI,ufnqxvG8TZ4,1,1,cf_upbeat_electronic,top1_prompt_level_preference_counterfactual,original,top1_reference,"I prefer upbeat electronic background music with a bright mood, clear rhythm, energetic beats, and a modern dance or pop feeling.","Sounds good, but I'm looking for something that has a more indie and alternative vibe.","I suggest you consider 'Zwoardduel' by Samoerai. It's a track from their album 'Zwoardduel'. This song combines elements of Hip-Hop, electronic, rock, and dance with a fast-paced techno beat. It has a modern and energetic sound that aligns well with your preferences.","In that case, I would recommend 'Zwoardduel' by Samoerai. This track has elements of Hip-Hop, electronic, rock, indie, and alternative genres. It has a unique and edgy sound that will give your video a distinctive vibe.","In that case, I would recommend 'Zwoardduel' by Samoerai. This track has elements of Hip-Hop, electronic, rock, indie, and alternative genres. It has a unique and edgy sound that will give your video a distinctive vibe.",Zwoardduel,Samoerai,1,1,1,0,0,top1_generation_prompt_text_changed_only_precomputed_text_feature_unchanged
1395,ufnqxvG8TZ4,ufnqxvG8TZ4_t4zXT4mcPUI,ufnqxvG8TZ4_t4zXT4mcPUI,ufnqxvG8TZ4,1,1,cf_lyrical_piano,top1_prompt_level_preference_counterfactual,original,top1_reference,"I prefer lyrical piano background music with a slow tempo, soft acoustic texture, gentle melody, and a calm sentimental mood.","Sounds good, but I'm looking for something that has a more indie and alternative vibe.","I suggest you consider 'Samoerai - Zwoardduel'. It's a track with lyrical piano background music that aligns with your preferences. Although I don't have much information about this track, it seems to have the elements you're looking for.","In that case, I would recommend 'Zwoardduel' by Samoerai. This track has elements of Hip-Hop, electronic, rock, indie, and alternative genres. It has a unique and edgy sound that will give your video a distinctive vibe.","In that case, I would recommend 'Zwoardduel' by Samoerai. This track has elements of Hip-Hop, electronic, rock, indie, and alternative genres. It has a unique and edgy sound that will give your video a distinctive vibe.",Zwoardduel,Samoerai,1,1,1,0,0,top1_generation_prompt_text_changed_only_precomputed_text_feature_unchanged
1401,9-lebVWosiE,9-lebVWosiE_Y3XSMfhR43g,9-lebVWosiE_Y3XSMfhR43g,9-lebVWosiE,1,1,original,top1_prompt_level_preference_counterfactual,original,top1_reference,"That sounds great, but I'd like to incorporate some elements of ソレカラ's indie and alternative rock style in the music. I'm also interested in pop influences.","That sounds great, but I'd like to incorporate some elements of ソレカラ's indie and alternative rock style in the music. I'm also interested in pop influences.","Allow me to recommend '僕の声' by ソレカラ. It's a track from their album '僕の声'. The song combines elements of indie rock, alternative rock, and pop, which aligns well with the indie and alternative rock style you're looking for. It was released in 2009 and has a distinctive sound that could be a fitting choice for your video.","Allow me to recommend the track '髪' by ソレカラ. It's from their album '優しい嘘に疲れたら'. This song combines the elements of indie rock and alternative rock, with a touch of pop influences. It's a perfect choice if you want to incorporate ソレカラ's distinctive style in your video.","Allow me to recommend the track '髪' by ソレカラ. It's from their album '優しい嘘に疲れたら'. This song combines the elements of indie rock and alternative rock, with a touch of pop influences. It's a perfect choice if you want to incorporate ソレカラ's distinctive style in your video.",髪,ソレカラ,0,1,0,1,0,top1_generation_prompt_text_changed_only_precomputed_text_feature_unchanged
1401,9-lebVWosiE,9-lebVWosiE_Y3XSMfhR43g,9-lebVWosiE_Y3XSMfhR43g,9-lebVWosiE,1,1,cf_upbeat_electronic,top1_prompt_level_preference_counterfactual,original,top1_reference,"I prefer upbeat electronic background music with a bright mood, clear rhythm, energetic beats, and a modern dance or pop feeling.","That sounds great, but I'd like to incorporate some elements of ソレカラ's indie and alternative rock style in the music. I'm also interested in pop influences.","I suggest you consider 'Sunshine' by The Hush Now. It's a track from their album 'Sunshine'. The song combines elements of rock, indie, and alternative with a pop influence. It has a catchy guitar-driven sound and a positive vibe that could be a fitting choice for your video.","Allow me to recommend the track '髪' by ソレカラ. It's from their album '優しい嘘に疲れたら'. This song combines the elements of indie rock and alternative rock, with a touch of pop influences. It's a perfect choice if you want to incorporate ソレカラ's distinctive style in your video.","Allow me to recommend the track '髪' by ソレカラ. It's from their album '優しい嘘に疲れたら'. This song combines the elements of indie rock and alternative rock, with a touch of pop influences. It's a perfect choice if you want to incorporate ソレカラ's distinctive style in your video.",髪,ソレカラ,0,0,0,1,0,top1_generation_prompt_text_changed_only_precomputed_text_feature_unchanged
1401,9-lebVWosiE,9-lebVWosiE_Y3XSMfhR43g,9-lebVWosiE_Y3XSMfhR43g,9-lebVWosiE,1,1,cf_lyrical_piano,top1_prompt_level_preference_counterfactual,original,top1_reference,"I prefer lyrical piano background music with a slow tempo, soft acoustic texture, gentle melody, and a calm sentimental mood.","That sounds great, but I'd like to incorporate some elements of ソレカラ's indie and alternative rock style in the music. I'm also interested in pop influences.","I apologize, but I don't have enough information to recommend a specific track, album, or artist based on your preferences. However, I can suggest exploring the music of ソレカラ, as they are known for their lyrical piano background music with a slow tempo, soft acoustic texture, and a calm sentimental mood.","Allow me to recommend the track '髪' by ソレカラ. It's from their album '優しい嘘に疲れたら'. This song combines the elements of indie rock and alternative rock, with a touch of pop influences. It's a perfect choice if you want to incorporate ソレカラ's distinctive style in your video.","Allow me to recommend the track '髪' by ソレカラ. It's from their album '優しい嘘に疲れたら'. This song combines the elements of indie rock and alternative rock, with a touch of pop influences. It's a perfect choice if you want to incorporate ソレカラ's distinctive style in your video.",髪,ソレカラ,0,1,0,1,0,top1_generation_prompt_text_changed_only_precomputed_text_feature_unchanged
1434,Gzse71YV_-Q,Gzse71YV_-Q_dGe3HxoH1nM,Gzse71YV_-Q_dGe3HxoH1nM,Gzse71YV_-Q,1,1,original,top1_prompt_level_preference_counterfactual,original,top1_reference,"That sounds great, but I also want to include some elements of funk and dance in the music. Do you have any recommendations that combine those genres?","That sounds great, but I also want to include some elements of funk and dance in the music. Do you have any recommendations that combine those genres?","Certainly! How about 'Linnin' It' by MISS KO 葛仲珊? It's a track that combines elements of hip-hop, soul, funk, and dance. Although I don't have much information about the specific album or artists, this song should provide the funk and dance elements you're looking for in your video.","I suggest 'Linnin' It' by MISS KO 葛仲珊. It's a hip-hop track with pop and funk influences. The song also features female vocals and dance elements, which can add a dynamic and lively vibe to your video. Although I don't have much information about the track, it seems to align with the funk and dance genres you're looking for.","I suggest 'Linnin' It' by MISS KO 葛仲珊. It's a hip-hop track with pop and funk influences. The song also features female vocals and dance elements, which can add a dynamic and lively vibe to your video. Although I don't have much information about the track, it seems to align with the funk and dance genres you're looking for.",Linnin' It,MISS KO 葛仲珊,1,1,1,0,0,top1_generation_prompt_text_changed_only_precomputed_text_feature_unchanged
1434,Gzse71YV_-Q,Gzse71YV_-Q_dGe3HxoH1nM,Gzse71YV_-Q_dGe3HxoH1nM,Gzse71YV_-Q,1,1,cf_upbeat_electronic,top1_prompt_level_preference_counterfactual,original,top1_reference,"I prefer upbeat electronic background music with a bright mood, clear rhythm, energetic beats, and a modern dance or pop feeling.","That sounds great, but I also want to include some elements of funk and dance in the music. Do you have any recommendations that combine those genres?","Based on your preferences, I recommend 'Linnin' It' by MISS KO 葛仲珊; 葛仲珊. It's a track from the album 'Linnin' It' by MISS KO 葛仲珊; 葛仲珊. The song combines elements of Hip-Hop, electronic, pop, and dance with a fast-paced techno beat. It has a modern and energetic sound that aligns","I suggest 'Linnin' It' by MISS KO 葛仲珊. It's a hip-hop track with pop and funk influences. The song also features female vocals and dance elements, which can add a dynamic and lively vibe to your video. Although I don't have much information about the track, it seems to align with the funk and dance genres you're looking for.","I suggest 'Linnin' It' by MISS KO 葛仲珊. It's a hip-hop track with pop and funk influences. The song also features female vocals and dance elements, which can add a dynamic and lively vibe to your video. Although I don't have much information about the track, it seems to align with the funk and dance genres you're looking for.",Linnin' It,MISS KO 葛仲珊,1,1,1,0,0,top1_generation_prompt_text_changed_only_precomputed_text_feature_unchanged
1434,Gzse71YV_-Q,Gzse71YV_-Q_dGe3HxoH1nM,Gzse71YV_-Q_dGe3HxoH1nM,Gzse71YV_-Q,1,1,cf_lyrical_piano,top1_prompt_level_preference_counterfactual,original,top1_reference,"I prefer lyrical piano background music with a slow tempo, soft acoustic texture, gentle melody, and a calm sentimental mood.","That sounds great, but I also want to include some elements of funk and dance in the music. Do you have any recommendations that combine those genres?","I suggest you consider 'Linnin' It' by MISS KO 葛仲珊. It's a track from her album 'Linnin' It'. The song combines elements of hip-hop, soul, and electronic music with a focus on female vocals. It has a slow tempo and a soothing acoustic sound that could create a calm and sentimental atmosphere for your video.","I suggest 'Linnin' It' by MISS KO 葛仲珊. It's a hip-hop track with pop and funk influences. The song also features female vocals and dance elements, which can add a dynamic and lively vibe to your video. Although I don't have much information about the track, it seems to align with the funk and dance genres you're looking for.","I suggest 'Linnin' It' by MISS KO 葛仲珊. It's a hip-hop track with pop and funk influences. The song also features female vocals and dance elements, which can add a dynamic and lively vibe to your video. Although I don't have much information about the track, it seems to align with the funk and dance genres you're looking for.",Linnin' It,MISS KO 葛仲珊,1,1,1,0,0,top1_generation_prompt_text_changed_only_precomputed_text_feature_unchanged
1455,XXgtN7TA1V8,XXgtN7TA1V8_LqTg77a6R9I,XXgtN7TA1V8_LqTg77a6R9I,XXgtN7TA1V8,1,1,original,top1_prompt_level_preference_counterfactual,original,top1_reference,"Sounds good, but I'm looking for something with a bit more of a Hip-Hop and R&B vibe, along with some ambient elements.","Sounds good, but I'm looking for something with a bit more of a Hip-Hop and R&B vibe, along with some ambient elements.","In that case, I would recommend 'Просто' by 25/17. This track combines Hip-Hop, electronic, R&B, and ambient elements, creating a unique and atmospheric sound. It's part of the album 'Просто' and offers a captivating blend of genres.","In that case, I would recommend 'Дежавю' by Just name. While there isn't much information available about this track, it falls under the Hip-Hop, electronic, ambient, rock, and R&B genres. It has a male vocal and could add a unique touch to your video with its ambient elements.","In that case, I would recommend 'Дежавю' by Just name. While there isn't much information available about this track, it falls under the Hip-Hop, electronic, ambient, rock, and R&B genres. It has a male vocal and could add a unique touch to your video with its ambient elements.",Дежавю,Just name,0,0,0,1,0,top1_generation_prompt_text_changed_only_precomputed_text_feature_unchanged
1455,XXgtN7TA1V8,XXgtN7TA1V8_LqTg77a6R9I,XXgtN7TA1V8_LqTg77a6R9I,XXgtN7TA1V8,1,1,cf_upbeat_electronic,top1_prompt_level_preference_counterfactual,original,top1_reference,"I prefer upbeat electronic background music with a bright mood, clear rhythm, energetic beats, and a modern dance or pop feeling.","Sounds good, but I'm looking for something with a bit more of a Hip-Hop and R&B vibe, along with some ambient elements.","Based on your preferences, I recommend 'Дежавю' by Just name. It's a track from the album 'Дежавю' and falls under the genres of Hip-Hop, R&B, electronic, pop, and dance. The song has a fast-paced beat and a modern sound that aligns well with your requirements.","In that case, I would recommend 'Дежавю' by Just name. While there isn't much information available about this track, it falls under the Hip-Hop, electronic, ambient, rock, and R&B genres. It has a male vocal and could add a unique touch to your video with its ambient elements.","In that case, I would recommend 'Дежавю' by Just name. While there isn't much information available about this track, it falls under the Hip-Hop, electronic, ambient, rock, and R&B genres. It has a male vocal and could add a unique touch to your video with its ambient elements.",Дежавю,Just name,1,1,1,0,0,top1_generation_prompt_text_changed_only_precomputed_text_feature_unchanged
1455,XXgtN7TA1V8,XXgtN7TA1V8_LqTg77a6R9I,XXgtN7TA1V8_LqTg77a6R9I,XXgtN7TA1V8,1,1,cf_lyrical_piano,top1_prompt_level_preference_counterfactual,original,top1_reference,"I prefer lyrical piano background music with a slow tempo, soft acoustic texture, gentle melody, and a calm sentimental mood.","Sounds good, but I'm looking for something with a bit more of a Hip-Hop and R&B vibe, along with some ambient elements.","I suggest you consider 'Дежавю' by Just name. It's a track from the album 'Дежавю' by Just name. This song combines elements of hip-hop, R&B, pop, and electronic music. It has a lyrical piano background with a slow tempo, soft acoustic texture, and a gentle melody that creates a calm and sentimental mood.","In that case, I would recommend 'Дежавю' by Just name. While there isn't much information available about this track, it falls under the Hip-Hop, electronic, ambient, rock, and R&B genres. It has a male vocal and could add a unique touch to your video with its ambient elements.","In that case, I would recommend 'Дежавю' by Just name. While there isn't much information available about this track, it falls under the Hip-Hop, electronic, ambient, rock, and R&B genres. It has a male vocal and could add a unique touch to your video with its ambient elements.",Дежавю,Just name,1,1,1,0,0,top1_generation_prompt_text_changed_only_precomputed_text_feature_unchanged
1463,reOgdkVqjsg,reOgdkVqjsg_sSInpse53Tk,Z1_EU4QIiHM_FVhmOQVVAYQ,Z1_EU4QIiHM,0,2,original,top1_prompt_level_preference_counterfactual,original,top1_reference,"That's a good choice, but I would like to incorporate more of Mike Montes' style into the music. I'm also interested in the alternative and indie rock genres.","That's a good choice, but I would like to incorporate more of Mike Montes' style into the music. I'm also interested in the alternative and indie rock genres.","Allow me to recommend 'I'm Not Alone' by Mike Montes. It's a track from his album 'I'm Not Alone'. The song combines elements of rock, pop, and indie with alternative influences. It features guitar-driven melodies and male vocals, which align with the alternative and indie rock genres you're interested in.","Allow me to recommend 'Sin Dudar' by Mike Montes. It's a track from his album 'El Regalo'. The song combines elements of rock, pop, indie, and alternative with a distinctive indie rock vibe. It was recorded in 2013, which may contain the specific elements you're looking for.","Allow me to recommend 'Take the Lead' by Taylor Renee Marx. It's a track from her self-titled album 'Taylor Renee' and showcases her pop and alternative style with strong female vocals. This song could be a fitting choice for your video, combining elements of rock, pop, and indie with Taylor Renee's unique sound. The music video features special thanks to RaeLynn Marx, Emma McKeehan, Abbi Schmidt, and Emma Schmidt.",Take the Lead,Taylor Renee Marx,0,0,0,1,0,top1_generation_prompt_text_changed_only_precomputed_text_feature_unchanged
1463,reOgdkVqjsg,reOgdkVqjsg_sSInpse53Tk,Z1_EU4QIiHM_FVhmOQVVAYQ,Z1_EU4QIiHM,0,2,cf_upbeat_electronic,top1_prompt_level_preference_counterfactual,original,top1_reference,"I prefer upbeat electronic background music with a bright mood, clear rhythm, energetic beats, and a modern dance or pop feeling.","That's a good choice, but I would like to incorporate more of Mike Montes' style into the music. I'm also interested in the alternative and indie rock genres.","Based on your preferences, I recommend 'Take the Lead' by Taylor Renee Marx. It's a track from her album 'Take the Lead'. The song combines elements of rock, pop, and indie with female vocals. It has a fast-paced and energetic sound, which aligns well with your requirements.","Allow me to recommend 'Sin Dudar' by Mike Montes. It's a track from his album 'El Regalo'. The song combines elements of rock, pop, indie, and alternative with a distinctive indie rock vibe. It was recorded in 2013, which may contain the specific elements you're looking for.","Allow me to recommend 'Take the Lead' by Taylor Renee Marx. It's a track from her self-titled album 'Taylor Renee' and showcases her pop and alternative style with strong female vocals. This song could be a fitting choice for your video, combining elements of rock, pop, and indie with Taylor Renee's unique sound. The music video features special thanks to RaeLynn Marx, Emma McKeehan, Abbi Schmidt, and Emma Schmidt.",Take the Lead,Taylor Renee Marx,1,1,1,0,0,top1_generation_prompt_text_changed_only_precomputed_text_feature_unchanged
1463,reOgdkVqjsg,reOgdkVqjsg_sSInpse53Tk,Z1_EU4QIiHM_FVhmOQVVAYQ,Z1_EU4QIiHM,0,2,cf_lyrical_piano,top1_prompt_level_preference_counterfactual,original,top1_reference,"I prefer lyrical piano background music with a slow tempo, soft acoustic texture, gentle melody, and a calm sentimental mood.","That's a good choice, but I would like to incorporate more of Mike Montes' style into the music. I'm also interested in the alternative and indie rock genres.","I apologize, but I don't have enough information to recommend a specific track that matches your preferences. However, I can suggest exploring the music of Taylor Renee Marx, as she is known for her lyrical piano background music with a slow tempo, soft acoustic texture, gentle melody, and a calm sentimental mood.","Allow me to recommend 'Sin Dudar' by Mike Montes. It's a track from his album 'El Regalo'. The song combines elements of rock, pop, indie, and alternative with a distinctive indie rock vibe. It was recorded in 2013, which may contain the specific elements you're looking for.","Allow me to recommend 'Take the Lead' by Taylor Renee Marx. It's a track from her self-titled album 'Taylor Renee' and showcases her pop and alternative style with strong female vocals. This song could be a fitting choice for your video, combining elements of rock, pop, and indie with Taylor Renee's unique sound. The music video features special thanks to RaeLynn Marx, Emma McKeehan, Abbi Schmidt, and Emma Schmidt.",Take the Lead,Taylor Renee Marx,0,1,0,1,0,top1_generation_prompt_text_changed_only_precomputed_text_feature_unchanged
1489,8Ej4PzaoqpU,8Ej4PzaoqpU_A84hNilKxFM,0NJNPsGUJiU_-QaTEMWya3w,0NJNPsGUJiU,0,2,original,top1_prompt_level_preference_counterfactual,original,top1_reference,"Sounds good, but I'm looking for something with a bit more of an ambient and dance vibe.","Sounds good, but I'm looking for something with a bit more of an ambient and dance vibe.","In that case, I would recommend 'No Competition' by 12 Rounz. This track combines elements of Hip-Hop, electronic, ambient, and dance, creating a unique and energetic sound. It's part of the album 'No Competition' and offers a captivating blend of genres.","In that case, I would recommend 'True Story' by Young Legend featuring Kyle Bent. This track combines elements of Hip-Hop, electronic, R&B, ambient, and dance genres. Although it doesn't have a specific description, it has a high energy and fast-paced vibe that will work well for your video.","Allow me to recommend 'No Competition' by 12 Rounz. Although I don't have much information about this track, it aligns with your desired genres of hip-hop and electronic. Additionally, the target music has rock and indie influences, which might be present in this song as well.",No Competition,12 Rounz,1,1,1,0,0,top1_generation_prompt_text_changed_only_precomputed_text_feature_unchanged
1489,8Ej4PzaoqpU,8Ej4PzaoqpU_A84hNilKxFM,0NJNPsGUJiU_-QaTEMWya3w,0NJNPsGUJiU,0,2,cf_upbeat_electronic,top1_prompt_level_preference_counterfactual,original,top1_reference,"I prefer upbeat electronic background music with a bright mood, clear rhythm, energetic beats, and a modern dance or pop feeling.","Sounds good, but I'm looking for something with a bit more of an ambient and dance vibe.","Based on your preferences, I recommend 'No Competition' by 12 Rounz. It's a track from their album 'No Competition'. This song combines elements of Hip-Hop, electronic, dance, and pop, with a fast-paced techno beat and a modern dance vibe. It was released in 2014 and has a catchy and energetic sound that aligns well with your requirements.","In that case, I would recommend 'True Story' by Young Legend featuring Kyle Bent. This track combines elements of Hip-Hop, electronic, R&B, ambient, and dance genres. Although it doesn't have a specific description, it has a high energy and fast-paced vibe that will work well for your video.","Allow me to recommend 'No Competition' by 12 Rounz. Although I don't have much information about this track, it aligns with your desired genres of hip-hop and electronic. Additionally, the target music has rock and indie influences, which might be present in this song as well.",No Competition,12 Rounz,1,1,1,0,0,top1_generation_prompt_text_changed_only_precomputed_text_feature_unchanged
1489,8Ej4PzaoqpU,8Ej4PzaoqpU_A84hNilKxFM,0NJNPsGUJiU_-QaTEMWya3w,0NJNPsGUJiU,0,2,cf_lyrical_piano,top1_prompt_level_preference_counterfactual,original,top1_reference,"I prefer lyrical piano background music with a slow tempo, soft acoustic texture, gentle melody, and a calm sentimental mood.","Sounds good, but I'm looking for something with a bit more of an ambient and dance vibe.","I apologize, but I don't have enough information to recommend a specific track that matches your requirements. However, I can suggest exploring the music of 12 Rounz, as they are known for their lyrical piano background music with a slow tempo and a calm sentimental mood.","In that case, I would recommend 'True Story' by Young Legend featuring Kyle Bent. This track combines elements of Hip-Hop, electronic, R&B, ambient, and dance genres. Although it doesn't have a specific description, it has a high energy and fast-paced vibe that will work well for your video.","Allow me to recommend 'No Competition' by 12 Rounz. Although I don't have much information about this track, it aligns with your desired genres of hip-hop and electronic. Additionally, the target music has rock and indie influences, which might be present in this song as well.",No Competition,12 Rounz,0,1,0,1,0,top1_generation_prompt_text_changed_only_precomputed_text_feature_unchanged
1509,rVO2byp-tWg,rVO2byp-tWg_m0YLOxKlURQ,rVO2byp-tWg_m0YLOxKlURQ,rVO2byp-tWg,1,1,original,top1_prompt_level_preference_counterfactual,original,top1_reference,"Sounds good, but I'm looking for something with a more mainstream and contemporary sound, preferably with a female vocalist.","Sounds good, but I'm looking for something with a more mainstream and contemporary sound, preferably with a female vocalist.","In that case, I would recommend 'Carry You Home' by Zara Larsson. This track is part of the album 'Carry You Home' and offers a mainstream and contemporary sound with a female vocalist. It falls under the genres of pop, dance, and electronic, which will give your video a vibrant and modern feel.","In that case, I recommend the song 'Carry You Home' by Zara Larsson. This track is a pop song with electronic and indie influences. It features Zara Larsson, a talented female vocalist known for her powerful performances. It has a modern and catchy sound that will fit well with your video.","In that case, I recommend the song 'Carry You Home' by Zara Larsson. This track is a pop song with electronic and indie influences. It features Zara Larsson, a talented female vocalist known for her powerful performances. It has a modern and catchy sound that will fit well with your video.",Carry You Home,Zara Larsson,1,1,1,0,0,top1_generation_prompt_text_changed_only_precomputed_text_feature_unchanged
1509,rVO2byp-tWg,rVO2byp-tWg_m0YLOxKlURQ,rVO2byp-tWg_m0YLOxKlURQ,rVO2byp-tWg,1,1,cf_upbeat_electronic,top1_prompt_level_preference_counterfactual,original,top1_reference,"I prefer upbeat electronic background music with a bright mood, clear rhythm, energetic beats, and a modern dance or pop feeling.","Sounds good, but I'm looking for something with a more mainstream and contemporary sound, preferably with a female vocalist.","Based on your preferences, I recommend 'Carry You Home' by Zara Larsson. It's a track from her album 'Carry You Home'. This song combines elements of pop, dance, and electronic music with female vocals. It has a fast-paced rhythm and a modern sound that aligns well with your requirements.","In that case, I recommend the song 'Carry You Home' by Zara Larsson. This track is a pop song with electronic and indie influences. It features Zara Larsson, a talented female vocalist known for her powerful performances. It has a modern and catchy sound that will fit well with your video.","In that case, I recommend the song 'Carry You Home' by Zara Larsson. This track is a pop song with electronic and indie influences. It features Zara Larsson, a talented female vocalist known for her powerful performances. It has a modern and catchy sound that will fit well with your video.",Carry You Home,Zara Larsson,1,1,1,0,0,top1_generation_prompt_text_changed_only_precomputed_text_feature_unchanged
1509,rVO2byp-tWg,rVO2byp-tWg_m0YLOxKlURQ,rVO2byp-tWg_m0YLOxKlURQ,rVO2byp-tWg,1,1,cf_lyrical_piano,top1_prompt_level_preference_counterfactual,original,top1_reference,"I prefer lyrical piano background music with a slow tempo, soft acoustic texture, gentle melody, and a calm sentimental mood.","Sounds good, but I'm looking for something with a more mainstream and contemporary sound, preferably with a female vocalist.","I apologize, but I don't have enough information to recommend a specific track that matches your requirements. However, I can suggest exploring the music of Zara Larsson, as she is known for her pop and electronic style with female vocals. You may find a track that aligns with your preferences.","In that case, I recommend the song 'Carry You Home' by Zara Larsson. This track is a pop song with electronic and indie influences. It features Zara Larsson, a talented female vocalist known for her powerful performances. It has a modern and catchy sound that will fit well with your video.","In that case, I recommend the song 'Carry You Home' by Zara Larsson. This track is a pop song with electronic and indie influences. It features Zara Larsson, a talented female vocalist known for her powerful performances. It has a modern and catchy sound that will fit well with your video.",Carry You Home,Zara Larsson,0,1,0,1,0,top1_generation_prompt_text_changed_only_precomputed_text_feature_unchanged
1528,lXhW9YQhkEU,lXhW9YQhkEU_tGlKac8RVS4,lXhW9YQhkEU_tGlKac8RVS4,lXhW9YQhkEU,1,1,original,top1_prompt_level_preference_counterfactual,original,top1_reference,"That sounds great, but I'd like to include some electronic and 80s influences as well. Do you have any recommendations?","That sounds great, but I'd like to include some electronic and 80s influences as well. Do you have any recommendations?",Certainly! How about 'Morning Sun' by Strange Talk? It's an electronic track with elements of rock and 80s pop. The song has a catchy and upbeat sound that could complement your video nicely.,"Certainly! How about 'Morning Sun' by Strange Talk? It's an electronic track with rock, dance, and pop elements. The song also has an 80s vibe, which could complement your video nicely.","Certainly! How about 'Morning Sun' by Strange Talk? It's an electronic track with rock, dance, and pop elements. The song also has an 80s vibe, which could complement your video nicely.",Morning Sun,Strange Talk,1,1,1,0,0,top1_generation_prompt_text_changed_only_precomputed_text_feature_unchanged
1528,lXhW9YQhkEU,lXhW9YQhkEU_tGlKac8RVS4,lXhW9YQhkEU_tGlKac8RVS4,lXhW9YQhkEU,1,1,cf_upbeat_electronic,top1_prompt_level_preference_counterfactual,original,top1_reference,"I prefer upbeat electronic background music with a bright mood, clear rhythm, energetic beats, and a modern dance or pop feeling.","That sounds great, but I'd like to include some electronic and 80s influences as well. Do you have any recommendations?","In that case, 'Morning Sun' by Strange Talk would be an excellent choice. It's a track from their album 'Cast Away' and combines elements of rock, electronic, indie, and pop. The song has a fast tempo and a catchy beat that will add energy to your video.","Certainly! How about 'Morning Sun' by Strange Talk? It's an electronic track with rock, dance, and pop elements. The song also has an 80s vibe, which could complement your video nicely.","Certainly! How about 'Morning Sun' by Strange Talk? It's an electronic track with rock, dance, and pop elements. The song also has an 80s vibe, which could complement your video nicely.",Morning Sun,Strange Talk,1,1,1,0,0,top1_generation_prompt_text_changed_only_precomputed_text_feature_unchanged
1528,lXhW9YQhkEU,lXhW9YQhkEU_tGlKac8RVS4,lXhW9YQhkEU_tGlKac8RVS4,lXhW9YQhkEU,1,1,cf_lyrical_piano,top1_prompt_level_preference_counterfactual,original,top1_reference,"I prefer lyrical piano background music with a slow tempo, soft acoustic texture, gentle melody, and a calm sentimental mood.","That sounds great, but I'd like to include some electronic and 80s influences as well. Do you have any recommendations?","I apologize, but I don't have enough information to recommend a specific track based on your preferences. However, I can suggest exploring the music of Strange Talk. They are known for their electronic, rock, and pop sound with indie influences. You may find a track that aligns with your preferences.","Certainly! How about 'Morning Sun' by Strange Talk? It's an electronic track with rock, dance, and pop elements. The song also has an 80s vibe, which could complement your video nicely.","Certainly! How about 'Morning Sun' by Strange Talk? It's an electronic track with rock, dance, and pop elements. The song also has an 80s vibe, which could complement your video nicely.",Morning Sun,Strange Talk,0,1,0,1,0,top1_generation_prompt_text_changed_only_precomputed_text_feature_unchanged
1566,CXKRC8Bfy0M,CXKRC8Bfy0M_KJvt2xsg34s,CXKRC8Bfy0M_KJvt2xsg34s,CXKRC8Bfy0M,1,1,original,top1_prompt_level_preference_counterfactual,original,top1_reference,"That sounds great, but I would like to incorporate a bit more of the dance and pop elements from Mutya Buena's music. I'm also interested in female vocalists and electronic beats.","That sounds great, but I would like to incorporate a bit more of the dance and pop elements from Mutya Buena's music. I'm also interested in female vocalists and electronic beats.","Allow me to recommend 'Fallin' by Mutya Buena ft. Sway. It's a dance-pop track with electronic and house influences. The song features Mutya Buena's distinctive female vocals and was released in 2006. It could be a fitting choice for your video, combining the dance and pop elements you're looking for.","Allow me to recommend 'Fallin' by Mutya Buena ft. Agent X & Ultra. It's a dance-pop track with electronic and house influences. The song features female vocalists and was released in 2009. It could be a fitting choice for your AMV video, combining the energetic and fast-paced elements with electronic beats and catchy vocals.","Allow me to recommend 'Fallin' by Mutya Buena ft. Agent X & Ultra. It's a dance-pop track with electronic and house influences. The song features female vocalists and was released in 2009. It could be a fitting choice for your AMV video, combining the energetic and fast-paced elements with electronic beats and catchy vocals.",Fallin,Mutya Buena ft,1,1,1,0,0,top1_generation_prompt_text_changed_only_precomputed_text_feature_unchanged
1566,CXKRC8Bfy0M,CXKRC8Bfy0M_KJvt2xsg34s,CXKRC8Bfy0M_KJvt2xsg34s,CXKRC8Bfy0M,1,1,cf_upbeat_electronic,top1_prompt_level_preference_counterfactual,original,top1_reference,"I prefer upbeat electronic background music with a bright mood, clear rhythm, energetic beats, and a modern dance or pop feeling.","That sounds great, but I would like to incorporate a bit more of the dance and pop elements from Mutya Buena's music. I'm also interested in female vocalists and electronic beats.","Based on your preferences, I recommend 'Fallin' by Mutya Buena ft. It's a dance-pop track with electronic and house influences. The song has a fast tempo and a catchy beat that will give your video a modern and energetic feel.","Allow me to recommend 'Fallin' by Mutya Buena ft. Agent X & Ultra. It's a dance-pop track with electronic and house influences. The song features female vocalists and was released in 2009. It could be a fitting choice for your AMV video, combining the energetic and fast-paced elements with electronic beats and catchy vocals.","Allow me to recommend 'Fallin' by Mutya Buena ft. Agent X & Ultra. It's a dance-pop track with electronic and house influences. The song features female vocalists and was released in 2009. It could be a fitting choice for your AMV video, combining the energetic and fast-paced elements with electronic beats and catchy vocals.",Fallin,Mutya Buena ft,1,1,1,0,0,top1_generation_prompt_text_changed_only_precomputed_text_feature_unchanged
1566,CXKRC8Bfy0M,CXKRC8Bfy0M_KJvt2xsg34s,CXKRC8Bfy0M_KJvt2xsg34s,CXKRC8Bfy0M,1,1,cf_lyrical_piano,top1_prompt_level_preference_counterfactual,original,top1_reference,"I prefer lyrical piano background music with a slow tempo, soft acoustic texture, gentle melody, and a calm sentimental mood.","That sounds great, but I would like to incorporate a bit more of the dance and pop elements from Mutya Buena's music. I'm also interested in female vocalists and electronic beats.","I apologize, but I don't have enough information to recommend a specific track that matches your requirements. However, I can suggest exploring the music of Mutya Buena, as she is known for her pop, dance, and electronic style. You may find a track that aligns with your preferences.","Allow me to recommend 'Fallin' by Mutya Buena ft. Agent X & Ultra. It's a dance-pop track with electronic and house influences. The song features female vocalists and was released in 2009. It could be a fitting choice for your AMV video, combining the energetic and fast-paced elements with electronic beats and catchy vocals.","Allow me to recommend 'Fallin' by Mutya Buena ft. Agent X & Ultra. It's a dance-pop track with electronic and house influences. The song features female vocalists and was released in 2009. It could be a fitting choice for your AMV video, combining the energetic and fast-paced elements with electronic beats and catchy vocals.",Fallin,Mutya Buena ft,0,0,0,1,0,top1_generation_prompt_text_changed_only_precomputed_text_feature_unchanged
1586,ssc67bXV6lU,ssc67bXV6lU_TxqJOm0601k,ssc67bXV6lU_TxqJOm0601k,ssc67bXV6lU,1,1,original,top1_prompt_level_preference_counterfactual,original,top1_reference,"That sounds great, but I want to incorporate a bit more of Outkast's style, especially their funk and soul elements. I'm also interested in techno beats and electronic sounds.","That sounds great, but I want to incorporate a bit more of Outkast's style, especially their funk and soul elements. I'm also interested in techno beats and electronic sounds.","Allow me to recommend 'So Fresh, So Clean' by Outkast. It's a track from their album 'So Fresh, So Clean'. It combines elements of hip-hop, funk, and soul with techno beats and electronic sounds. This song could be a fitting choice for your video.","Allow me to recommend 'Southernplayalisticadillacmuzik'. It's a track by Outkast from their album 'Southernplayalisticadillacmuzik'. It combines elements of Hip-Hop, funk, and soul with techno beats and electronic sounds. It's a great choice to incorporate Outkast's distinctive style into your video.","Allow me to recommend 'Southernplayalisticadillacmuzik'. It's a track by Outkast from their album 'Southernplayalisticadillacmuzik'. It combines elements of Hip-Hop, funk, and soul with techno beats and electronic sounds. It's a great choice to incorporate Outkast's distinctive style into your video.",,,,,,0,0,top1_generation_prompt_text_changed_only_precomputed_text_feature_unchanged
1586,ssc67bXV6lU,ssc67bXV6lU_TxqJOm0601k,ssc67bXV6lU_TxqJOm0601k,ssc67bXV6lU,1,1,cf_upbeat_electronic,top1_prompt_level_preference_counterfactual,original,top1_reference,"I prefer upbeat electronic background music with a bright mood, clear rhythm, energetic beats, and a modern dance or pop feeling.","That sounds great, but I want to incorporate a bit more of Outkast's style, especially their funk and soul elements. I'm also interested in techno beats and electronic sounds.","I suggest you consider 'The Way I Am' by Common. It's a track from the album 'The Way I Am'. This song combines elements of Hip-Hop, electronic, rock, and pop, with a fast-paced techno beat and synth sounds. It has a modern and energetic vibe that could be a great fit for your video.","Allow me to recommend 'Southernplayalisticadillacmuzik'. It's a track by Outkast from their album 'Southernplayalisticadillacmuzik'. It combines elements of Hip-Hop, funk, and soul with techno beats and electronic sounds. It's a great choice to incorporate Outkast's distinctive style into your video.","Allow me to recommend 'Southernplayalisticadillacmuzik'. It's a track by Outkast from their album 'Southernplayalisticadillacmuzik'. It combines elements of Hip-Hop, funk, and soul with techno beats and electronic sounds. It's a great choice to incorporate Outkast's distinctive style into your video.",,,,,,0,0,top1_generation_prompt_text_changed_only_precomputed_text_feature_unchanged
1586,ssc67bXV6lU,ssc67bXV6lU_TxqJOm0601k,ssc67bXV6lU_TxqJOm0601k,ssc67bXV6lU,1,1,cf_lyrical_piano,top1_prompt_level_preference_counterfactual,original,top1_reference,"I prefer lyrical piano background music with a slow tempo, soft acoustic texture, gentle melody, and a calm sentimental mood.","That sounds great, but I want to incorporate a bit more of Outkast's style, especially their funk and soul elements. I'm also interested in techno beats and electronic sounds.","Based on your preferences, I recommend the track 'The Way' by Common. It's a lyrical piano background music with a slow tempo, soft acoustic texture, gentle melody, and a calm sentimental mood. This track aligns well with your requirements.","Allow me to recommend 'Southernplayalisticadillacmuzik'. It's a track by Outkast from their album 'Southernplayalisticadillacmuzik'. It combines elements of Hip-Hop, funk, and soul with techno beats and electronic sounds. It's a great choice to incorporate Outkast's distinctive style into your video.","Allow me to recommend 'Southernplayalisticadillacmuzik'. It's a track by Outkast from their album 'Southernplayalisticadillacmuzik'. It combines elements of Hip-Hop, funk, and soul with techno beats and electronic sounds. It's a great choice to incorporate Outkast's distinctive style into your video.",,,,,,0,0,top1_generation_prompt_text_changed_only_precomputed_text_feature_unchanged
1596,TIQC76MfPHQ,TIQC76MfPHQ_lzjELi7VPx0,jk6o2JBck3E_lu4R8ufjGZ0,jk6o2JBck3E,0,2,original,top1_prompt_level_preference_counterfactual,original,top1_reference,"That sounds good, but I would like the music to have a strong female vocal and a more mainstream pop feel. Can you recommend something that fits those criteria?","That sounds good, but I would like the music to have a strong female vocal and a more mainstream pop feel. Can you recommend something that fits those criteria?","Certainly! How about 'Blah Blah Blah' by Ke$ha? It's a track from her album 'Blah Blah Blah'. The song features a strong female vocal and falls under the genres of pop, dance, and electronic. It has a catchy and upbeat vibe that could be a great fit for your video.","I suggest you consider the song '3' by Britney Spears. Although I don't have any specific information about this track, based on Britney Spears' discography, it's likely to have the pop and dance vibe you're looking for, with strong female vocals. It's a popular song, released in the past, so it may have the mainstream pop feel you desire.","Certainly! How about 'Blah Blah Blah' by Ke$ha? It's an electronic pop track with techno influences. The song features fast-paced beats and catchy female vocals, which can add an energetic and upbeat vibe to your video. It's a popular song that could resonate well with your audience.",Blah Blah Blah,Ke$ha,1,1,1,0,0,top1_generation_prompt_text_changed_only_precomputed_text_feature_unchanged
1596,TIQC76MfPHQ,TIQC76MfPHQ_lzjELi7VPx0,jk6o2JBck3E_lu4R8ufjGZ0,jk6o2JBck3E,0,2,cf_upbeat_electronic,top1_prompt_level_preference_counterfactual,original,top1_reference,"I prefer upbeat electronic background music with a bright mood, clear rhythm, energetic beats, and a modern dance or pop feeling.","That sounds good, but I would like the music to have a strong female vocal and a more mainstream pop feel. Can you recommend something that fits those criteria?","Based on your preferences, I recommend 'Blah Blah Blah' by Ke$ha. It's a track from her album 'Blah Blah Blah'. This song combines elements of hip-hop, electronic, dance, and pop, with a fast-paced techno sound and energetic beats. It has a modern and catchy vibe that aligns well with your video.","I suggest you consider the song '3' by Britney Spears. Although I don't have any specific information about this track, based on Britney Spears' discography, it's likely to have the pop and dance vibe you're looking for, with strong female vocals. It's a popular song, released in the past, so it may have the mainstream pop feel you desire.","Certainly! How about 'Blah Blah Blah' by Ke$ha? It's an electronic pop track with techno influences. The song features fast-paced beats and catchy female vocals, which can add an energetic and upbeat vibe to your video. It's a popular song that could resonate well with your audience.",Blah Blah Blah,Ke$ha,1,1,1,0,0,top1_generation_prompt_text_changed_only_precomputed_text_feature_unchanged
1596,TIQC76MfPHQ,TIQC76MfPHQ_lzjELi7VPx0,jk6o2JBck3E_lu4R8ufjGZ0,jk6o2JBck3E,0,2,cf_lyrical_piano,top1_prompt_level_preference_counterfactual,original,top1_reference,"I prefer lyrical piano background music with a slow tempo, soft acoustic texture, gentle melody, and a calm sentimental mood.","That sounds good, but I would like the music to have a strong female vocal and a more mainstream pop feel. Can you recommend something that fits those criteria?","I apologize, but I don't have enough information to recommend a specific track that matches your requirements. However, I can suggest exploring the music of Ke$ha, as she is known for her energetic and catchy pop songs. You may find a track that aligns with your preferences.","I suggest you consider the song '3' by Britney Spears. Although I don't have any specific information about this track, based on Britney Spears' discography, it's likely to have the pop and dance vibe you're looking for, with strong female vocals. It's a popular song, released in the past, so it may have the mainstream pop feel you desire.","Certainly! How about 'Blah Blah Blah' by Ke$ha? It's an electronic pop track with techno influences. The song features fast-paced beats and catchy female vocals, which can add an energetic and upbeat vibe to your video. It's a popular song that could resonate well with your audience.",Blah Blah Blah,Ke$ha,0,1,0,1,0,top1_generation_prompt_text_changed_only_precomputed_text_feature_unchanged
1601,8_VrafS-ldU,8_VrafS-ldU_gze0sjhxZ7Q,CJTxfWNQN1Q_io1QWB0I_NM,CJTxfWNQN1Q,0,13,original,top1_prompt_level_preference_counterfactual,original,top1_reference,"That sounds great, but I also want to incorporate some electronic and dance elements into the music. Can you recommend something that fits this description?","That sounds great, but I also want to incorporate some electronic and dance elements into the music. Can you recommend something that fits this description?","Certainly! How about 'Mi Pueblo' by Fadda Fox? It's an electronic track with elements of Hip-Hop, pop, and dance. The song has a fast-paced beat and catchy electronic sounds that could be a fitting choice for your video.","Sure! How about 'Le temps d4une danse' by Lasconi featuring Mamarie? It's a track from their album 'Realize' and has electronic, pop, Hip-Hop, and dance influences. It also features indie elements. This song could add the electronic and dance vibe you're looking for in your video.","Allow me to recommend 'Ducking' by Fadda Fox. It's a track from the album 'Get Soca 2015'. This song combines electronic and dance elements with a touch of Latin flavor. It's classified as electronic, dance, house, and pop with a fusion of electro beats. It will give your video a unique and vibrant vibe with a mix of electronic and Latin music.",Ducking,Fadda Fox,0,1,0,1,0,top1_generation_prompt_text_changed_only_precomputed_text_feature_unchanged
1601,8_VrafS-ldU,8_VrafS-ldU_gze0sjhxZ7Q,CJTxfWNQN1Q_io1QWB0I_NM,CJTxfWNQN1Q,0,13,cf_upbeat_electronic,top1_prompt_level_preference_counterfactual,original,top1_reference,"I prefer upbeat electronic background music with a bright mood, clear rhythm, energetic beats, and a modern dance or pop feeling.","That sounds great, but I also want to incorporate some electronic and dance elements into the music. Can you recommend something that fits this description?","Based on your preferences, I recommend 'Ducking' by Fadda Fox. It's a track from the album 'Ducking' and falls under the genres of electronic, dance, pop, and Hip-Hop. The song has a fast-paced beat and a catchy rhythm that will give your video a modern and energetic feel.","Sure! How about 'Le temps d4une danse' by Lasconi featuring Mamarie? It's a track from their album 'Realize' and has electronic, pop, Hip-Hop, and dance influences. It also features indie elements. This song could add the electronic and dance vibe you're looking for in your video.","Allow me to recommend 'Ducking' by Fadda Fox. It's a track from the album 'Get Soca 2015'. This song combines electronic and dance elements with a touch of Latin flavor. It's classified as electronic, dance, house, and pop with a fusion of electro beats. It will give your video a unique and vibrant vibe with a mix of electronic and Latin music.",Ducking,Fadda Fox,1,1,1,0,0,top1_generation_prompt_text_changed_only_precomputed_text_feature_unchanged
1601,8_VrafS-ldU,8_VrafS-ldU_gze0sjhxZ7Q,CJTxfWNQN1Q_io1QWB0I_NM,CJTxfWNQN1Q,0,13,cf_lyrical_piano,top1_prompt_level_preference_counterfactual,original,top1_reference,"I prefer lyrical piano background music with a slow tempo, soft acoustic texture, gentle melody, and a calm sentimental mood.","That sounds great, but I also want to incorporate some electronic and dance elements into the music. Can you recommend something that fits this description?","I apologize, but I don't have enough information to recommend a specific track that matches your preferences. However, I can suggest exploring the music of Fadda Fox, as they are known for their lyrical piano background music with a slow tempo and a calm sentimental mood.","Sure! How about 'Le temps d4une danse' by Lasconi featuring Mamarie? It's a track from their album 'Realize' and has electronic, pop, Hip-Hop, and dance influences. It also features indie elements. This song could add the electronic and dance vibe you're looking for in your video.","Allow me to recommend 'Ducking' by Fadda Fox. It's a track from the album 'Get Soca 2015'. This song combines electronic and dance elements with a touch of Latin flavor. It's classified as electronic, dance, house, and pop with a fusion of electro beats. It will give your video a unique and vibrant vibe with a mix of electronic and Latin music.",Ducking,Fadda Fox,0,1,0,1,0,top1_generation_prompt_text_changed_only_precomputed_text_feature_unchanged
1603,l3IbMrnSJtM,l3IbMrnSJtM_1JLiGvkrL0s,To5OfyGa0QY_RMdNtgq29eM,To5OfyGa0QY,0,2,original,top1_prompt_level_preference_counterfactual,original,top1_reference,"That sounds great, I like the indie and rock genres in your music recommendation. But I would like to incorporate a bit more of a female vocalist and pop influence in the music as well.","That sounds great, I like the indie and rock genres in your music recommendation. But I would like to incorporate a bit more of a female vocalist and pop influence in the music as well.","Allow me to recommend 'Lumayo Ka Man Sa Akin' by Liezel Garcia. It's a track from her album 'Lumayo Ka Man Sa Akin'. The song features Liezel Garcia's beautiful female vocals and combines elements of pop, rock, and indie genres. It could be a fitting choice for your video.","Allow me to recommend the track '太陽と月' by Shoko Furukawa & Albert Takagi. It's an original song that features vocals by Shoko Furukawa and Albert Takagi. The track falls under the genres of indie, rock, and pop, and it showcases the unique vocal style of a female vocalist. The song has a melodic sound with a mix of guitar and piano, which adds a pop element to the music. It's a fitting choice for your video, as it incorporates the elements of female vocals, pop, and indie rock that you're looking for.","In that case, I would recommend 'Lumayo Ka Man Sa Akin' by Liezel Garcia. This track perfectly encapsulates the soul, jazz, and folk influences you're looking for, with the amazing vocals of Liezel Garcia. It's part of the album 'OPM Number 1's, Vol. 3 (Teleserye and Movie Themes)'.",Lumayo Ka Man Sa Akin,Liezel Garcia,1,1,1,0,0,top1_generation_prompt_text_changed_only_precomputed_text_feature_unchanged
1603,l3IbMrnSJtM,l3IbMrnSJtM_1JLiGvkrL0s,To5OfyGa0QY_RMdNtgq29eM,To5OfyGa0QY,0,2,cf_upbeat_electronic,top1_prompt_level_preference_counterfactual,original,top1_reference,"I prefer upbeat electronic background music with a bright mood, clear rhythm, energetic beats, and a modern dance or pop feeling.","That sounds great, I like the indie and rock genres in your music recommendation. But I would like to incorporate a bit more of a female vocalist and pop influence in the music as well.","I suggest you consider 'Lumayo Ka Man Sa Akin' by Liezel Garcia. It's a track from her album 'Lumayo Ka Man Sa Akin'. This song combines elements of pop, rock, and jazz with female vocals. It has a slow tempo and features piano and guitar, which can create a soothing and melodic atmosphere for your video.","Allow me to recommend the track '太陽と月' by Shoko Furukawa & Albert Takagi. It's an original song that features vocals by Shoko Furukawa and Albert Takagi. The track falls under the genres of indie, rock, and pop, and it showcases the unique vocal style of a female vocalist. The song has a melodic sound with a mix of guitar and piano, which adds a pop element to the music. It's a fitting choice for your video, as it incorporates the elements of female vocals, pop, and indie rock that you're looking for.","In that case, I would recommend 'Lumayo Ka Man Sa Akin' by Liezel Garcia. This track perfectly encapsulates the soul, jazz, and folk influences you're looking for, with the amazing vocals of Liezel Garcia. It's part of the album 'OPM Number 1's, Vol. 3 (Teleserye and Movie Themes)'.",Lumayo Ka Man Sa Akin,Liezel Garcia,1,1,1,0,0,top1_generation_prompt_text_changed_only_precomputed_text_feature_unchanged
1603,l3IbMrnSJtM,l3IbMrnSJtM_1JLiGvkrL0s,To5OfyGa0QY_RMdNtgq29eM,To5OfyGa0QY,0,2,cf_lyrical_piano,top1_prompt_level_preference_counterfactual,original,top1_reference,"I prefer lyrical piano background music with a slow tempo, soft acoustic texture, gentle melody, and a calm sentimental mood.","That sounds great, I like the indie and rock genres in your music recommendation. But I would like to incorporate a bit more of a female vocalist and pop influence in the music as well.",I suggest you consider 'Lumayo Ka Man Sa Akin' by Liezel Garcia. It's a beautiful track with a lyrical piano background and a slow tempo. The song has a soft acoustic texture and a gentle melody that can create a calm and sentimental mood for your video.,"Allow me to recommend the track '太陽と月' by Shoko Furukawa & Albert Takagi. It's an original song that features vocals by Shoko Furukawa and Albert Takagi. The track falls under the genres of indie, rock, and pop, and it showcases the unique vocal style of a female vocalist. The song has a melodic sound with a mix of guitar and piano, which adds a pop element to the music. It's a fitting choice for your video, as it incorporates the elements of female vocals, pop, and indie rock that you're looking for.","In that case, I would recommend 'Lumayo Ka Man Sa Akin' by Liezel Garcia. This track perfectly encapsulates the soul, jazz, and folk influences you're looking for, with the amazing vocals of Liezel Garcia. It's part of the album 'OPM Number 1's, Vol. 3 (Teleserye and Movie Themes)'.",Lumayo Ka Man Sa Akin,Liezel Garcia,1,1,1,0,0,top1_generation_prompt_text_changed_only_precomputed_text_feature_unchanged
1615,M7GS21LLo3o,M7GS21LLo3o_znyeIK_Zsz0,M7GS21LLo3o_znyeIK_Zsz0,M7GS21LLo3o,1,1,original,top1_prompt_level_preference_counterfactual,original,top1_reference,"That sounds good, but I would like to incorporate a bit more of a diverse style in the music. I'm interested in pop, rock, and folk genres, with female vocals.","That sounds good, but I would like to incorporate a bit more of a diverse style in the music. I'm interested in pop, rock, and folk genres, with female vocals.","Allow me to recommend 'Sempre' by Lara. It's a track from her album 'Sempre'. The song combines elements of pop, rock, and folk with female vocals. It was released in 2011 and could provide the diverse style you're looking for in your video.","Allow me to recommend 'nataly (a' figlia mia)'. It's a track with female vocals that falls under the pop, rock, and folk genres. While I don't have much information about the specific artist or album, the song was written by the artist and arranged by maestro p.migliaccio.","Allow me to recommend 'nataly (a' figlia mia)'. It's a track with female vocals that falls under the pop, rock, and folk genres. While I don't have much information about the specific artist or album, the song was written by the artist and arranged by maestro p.migliaccio.",,,,,,0,0,top1_generation_prompt_text_changed_only_precomputed_text_feature_unchanged
1615,M7GS21LLo3o,M7GS21LLo3o_znyeIK_Zsz0,M7GS21LLo3o_znyeIK_Zsz0,M7GS21LLo3o,1,1,cf_upbeat_electronic,top1_prompt_level_preference_counterfactual,original,top1_reference,"I prefer upbeat electronic background music with a bright mood, clear rhythm, energetic beats, and a modern dance or pop feeling.","That sounds good, but I would like to incorporate a bit more of a diverse style in the music. I'm interested in pop, rock, and folk genres, with female vocals.","I suggest you consider 'Solo Tu' by Lidia. It's a pop track with female vocals. The song has a catchy and upbeat sound, with elements of rock and indie. It was released in 2010 and could provide the energetic and modern dance vibe you're looking for.","Allow me to recommend 'nataly (a' figlia mia)'. It's a track with female vocals that falls under the pop, rock, and folk genres. While I don't have much information about the specific artist or album, the song was written by the artist and arranged by maestro p.migliaccio.","Allow me to recommend 'nataly (a' figlia mia)'. It's a track with female vocals that falls under the pop, rock, and folk genres. While I don't have much information about the specific artist or album, the song was written by the artist and arranged by maestro p.migliaccio.",,,,,,0,0,top1_generation_prompt_text_changed_only_precomputed_text_feature_unchanged
1615,M7GS21LLo3o,M7GS21LLo3o_znyeIK_Zsz0,M7GS21LLo3o_znyeIK_Zsz0,M7GS21LLo3o,1,1,cf_lyrical_piano,top1_prompt_level_preference_counterfactual,original,top1_reference,"I prefer lyrical piano background music with a slow tempo, soft acoustic texture, gentle melody, and a calm sentimental mood.","That sounds good, but I would like to incorporate a bit more of a diverse style in the music. I'm interested in pop, rock, and folk genres, with female vocals.","Based on your preferences, I recommend the track 'Solo Tu' by Lidia. It's a lyrical piano background music with a slow tempo, soft acoustic texture, gentle melody, and a calm sentimental mood. This track aligns well with your requirements.","Allow me to recommend 'nataly (a' figlia mia)'. It's a track with female vocals that falls under the pop, rock, and folk genres. While I don't have much information about the specific artist or album, the song was written by the artist and arranged by maestro p.migliaccio.","Allow me to recommend 'nataly (a' figlia mia)'. It's a track with female vocals that falls under the pop, rock, and folk genres. While I don't have much information about the specific artist or album, the song was written by the artist and arranged by maestro p.migliaccio.",,,,,,0,0,top1_generation_prompt_text_changed_only_precomputed_text_feature_unchanged
1630,qwVb5h89xbc,qwVb5h89xbc_s-TyeDOkibY,qwVb5h89xbc_s-TyeDOkibY,qwVb5h89xbc,1,1,original,top1_prompt_level_preference_counterfactual,original,top1_reference,"That sounds great, but I would like to incorporate a bit more of Suming's folk and oldies style into the music. Can you suggest something that combines rock with folk and oldies elements?","That sounds great, but I would like to incorporate a bit more of Suming's folk and oldies style into the music. Can you suggest something that combines rock with folk and oldies elements?","Allow me to recommend '我們的約定' by Suming. It's a track from their album '我們的約定'. The song combines elements of rock, folk, and oldies, which could be a fitting choice for your video. It has a classic rock vibe with a touch of folk and oldies influences.","Allow me to recommend '我們的約定' by Suming. It's a folk-infused rock track that captures Suming's unique style. Although there is no specific album or artist information available, this track showcases Suming's folk, oldies, and country influences. It could be a fitting choice to incorporate into your video.","Allow me to recommend '我們的約定' by Suming. It's a folk-infused rock track that captures Suming's unique style. Although there is no specific album or artist information available, this track showcases Suming's folk, oldies, and country influences. It could be a fitting choice to incorporate into your video.",我們的約定,Suming,1,1,1,0,0,top1_generation_prompt_text_changed_only_precomputed_text_feature_unchanged
1630,qwVb5h89xbc,qwVb5h89xbc_s-TyeDOkibY,qwVb5h89xbc_s-TyeDOkibY,qwVb5h89xbc,1,1,cf_upbeat_electronic,top1_prompt_level_preference_counterfactual,original,top1_reference,"I prefer upbeat electronic background music with a bright mood, clear rhythm, energetic beats, and a modern dance or pop feeling.","That sounds great, but I would like to incorporate a bit more of Suming's folk and oldies style into the music. Can you suggest something that combines rock with folk and oldies elements?","I suggest you consider '我們的約定' by Suming. It's a track from the album '我們的約定'. This song combines elements of rock, pop, and indie with a touch of folk. It has a guitar-driven sound with a male vocalist. It might be a fitting choice for your video.","Allow me to recommend '我們的約定' by Suming. It's a folk-infused rock track that captures Suming's unique style. Although there is no specific album or artist information available, this track showcases Suming's folk, oldies, and country influences. It could be a fitting choice to incorporate into your video.","Allow me to recommend '我們的約定' by Suming. It's a folk-infused rock track that captures Suming's unique style. Although there is no specific album or artist information available, this track showcases Suming's folk, oldies, and country influences. It could be a fitting choice to incorporate into your video.",我們的約定,Suming,1,1,1,0,0,top1_generation_prompt_text_changed_only_precomputed_text_feature_unchanged
1630,qwVb5h89xbc,qwVb5h89xbc_s-TyeDOkibY,qwVb5h89xbc_s-TyeDOkibY,qwVb5h89xbc,1,1,cf_lyrical_piano,top1_prompt_level_preference_counterfactual,original,top1_reference,"I prefer lyrical piano background music with a slow tempo, soft acoustic texture, gentle melody, and a calm sentimental mood.","That sounds great, but I would like to incorporate a bit more of Suming's folk and oldies style into the music. Can you suggest something that combines rock with folk and oldies elements?","Based on your preferences, I recommend '我們的約定' by Suming. It's a track from the album '我們的約定'. This song combines elements of rock, pop, and folk with a touch of indie and alternative. It features a lyrical piano background and has a slow tempo, soft acoustic texture, and a gentle melody that creates a calm and sentimental mood.","Allow me to recommend '我們的約定' by Suming. It's a folk-infused rock track that captures Suming's unique style. Although there is no specific album or artist information available, this track showcases Suming's folk, oldies, and country influences. It could be a fitting choice to incorporate into your video.","Allow me to recommend '我們的約定' by Suming. It's a folk-infused rock track that captures Suming's unique style. Although there is no specific album or artist information available, this track showcases Suming's folk, oldies, and country influences. It could be a fitting choice to incorporate into your video.",我們的約定,Suming,1,1,1,0,0,top1_generation_prompt_text_changed_only_precomputed_text_feature_unchanged
1669,cWVri5XGGA8,cWVri5XGGA8_tuP5rCmHIaA,cWVri5XGGA8_tuP5rCmHIaA,cWVri5XGGA8,1,1,original,top1_prompt_level_preference_counterfactual,original,top1_reference,That sounds great! I like the electronic and fast elements in your recommendation. But I also want to include some R&B and indie influences in the music. Can you suggest something that fits those criteria?,That sounds great! I like the electronic and fast elements in your recommendation. But I also want to include some R&B and indie influences in the music. Can you suggest something that fits those criteria?,"Certainly! How about 'She Got It' by Tonic Alize featuring Hardblock? It's a track that combines elements of R&B, electronic, and indie music. The song has a fast-paced beat and catchy vocals, which could be a fitting choice for your video.","I suggest you consider 'She Got It' by Tonic Alize featuring Hardblock. It's a track from their album 'Paper 2012'. This song combines elements of hip-hop, electronic, R&B, and pop with indie influences. It has a synth-driven sound and features male vocals.","I suggest you consider 'She Got It' by Tonic Alize featuring Hardblock. It's a track from their album 'Paper 2012'. This song combines elements of hip-hop, electronic, R&B, and pop with indie influences. It has a synth-driven sound and features male vocals.",She Got It,Tonic Alize featuring Hardblock,1,1,1,0,0,top1_generation_prompt_text_changed_only_precomputed_text_feature_unchanged
1669,cWVri5XGGA8,cWVri5XGGA8_tuP5rCmHIaA,cWVri5XGGA8_tuP5rCmHIaA,cWVri5XGGA8,1,1,cf_upbeat_electronic,top1_prompt_level_preference_counterfactual,original,top1_reference,"I prefer upbeat electronic background music with a bright mood, clear rhythm, energetic beats, and a modern dance or pop feeling.",That sounds great! I like the electronic and fast elements in your recommendation. But I also want to include some R&B and indie influences in the music. Can you suggest something that fits those criteria?,"Based on your preferences, I recommend 'She Got It' by Tonic Alize featuring Hardblock. It's a track from the album 'She Got It' and falls under the genres of Hip-Hop, electronic, dance, pop, and R&B. The song has a fast-paced beat and a catchy rhythm that will give your video a modern and energetic feel.","I suggest you consider 'She Got It' by Tonic Alize featuring Hardblock. It's a track from their album 'Paper 2012'. This song combines elements of hip-hop, electronic, R&B, and pop with indie influences. It has a synth-driven sound and features male vocals.","I suggest you consider 'She Got It' by Tonic Alize featuring Hardblock. It's a track from their album 'Paper 2012'. This song combines elements of hip-hop, electronic, R&B, and pop with indie influences. It has a synth-driven sound and features male vocals.",She Got It,Tonic Alize featuring Hardblock,1,1,1,0,0,top1_generation_prompt_text_changed_only_precomputed_text_feature_unchanged
1669,cWVri5XGGA8,cWVri5XGGA8_tuP5rCmHIaA,cWVri5XGGA8_tuP5rCmHIaA,cWVri5XGGA8,1,1,cf_lyrical_piano,top1_prompt_level_preference_counterfactual,original,top1_reference,"I prefer lyrical piano background music with a slow tempo, soft acoustic texture, gentle melody, and a calm sentimental mood.",That sounds great! I like the electronic and fast elements in your recommendation. But I also want to include some R&B and indie influences in the music. Can you suggest something that fits those criteria?,"I apologize, but I don't have enough information to recommend a specific track that matches your requirements. However, I can suggest exploring the music of Tonic Alize featuring Hardblock. They are known for their hip-hop, electronic, and R&B style with elements of pop and dance. You may find a track that aligns with your preferences.","I suggest you consider 'She Got It' by Tonic Alize featuring Hardblock. It's a track from their album 'Paper 2012'. This song combines elements of hip-hop, electronic, R&B, and pop with indie influences. It has a synth-driven sound and features male vocals.","I suggest you consider 'She Got It' by Tonic Alize featuring Hardblock. It's a track from their album 'Paper 2012'. This song combines elements of hip-hop, electronic, R&B, and pop with indie influences. It has a synth-driven sound and features male vocals.",She Got It,Tonic Alize featuring Hardblock,0,1,0,1,0,top1_generation_prompt_text_changed_only_precomputed_text_feature_unchanged
1679,FxP12uqkRmg,FxP12uqkRmg_bO9FLYYvuWw,C2v5RHDEAXQ_-iliCUw3Kvg,C2v5RHDEAXQ,0,19,original,top1_prompt_level_preference_counterfactual,original,top1_reference,"Sounds good, but I'm looking for something with more of a pop and electronic sound, preferably with female vocals.","Sounds good, but I'm looking for something with more of a pop and electronic sound, preferably with female vocals.","In that case, I would recommend 'You're Not Alone' by The Saturdays. This track has a pop and electronic sound with female vocals, which will give your video a catchy and modern feel. It's part of the album 'You're Not Alone'.","In that case, I would recommend the track 'Ah Ira'. This track has a pop and electronic sound with female vocals. It's a catchy and energetic choice that can give your video the desired vibe.","Allow me to recommend '15 to 20' by The Phenomenal Handclap Band. It's a track from their album '15 to 20 / You'll Disappear Remixes'. The song combines elements of pop, electronic, and rock genres, and features female vocals. It has a strong drum beat that adds to its energetic and catchy vibe.",15 to 20,The Phenomenal Handclap Band,0,0,0,1,0,top1_generation_prompt_text_changed_only_precomputed_text_feature_unchanged
1679,FxP12uqkRmg,FxP12uqkRmg_bO9FLYYvuWw,C2v5RHDEAXQ_-iliCUw3Kvg,C2v5RHDEAXQ,0,19,cf_upbeat_electronic,top1_prompt_level_preference_counterfactual,original,top1_reference,"I prefer upbeat electronic background music with a bright mood, clear rhythm, energetic beats, and a modern dance or pop feeling.","Sounds good, but I'm looking for something with more of a pop and electronic sound, preferably with female vocals.","In that case, 'You'll Be Fine' by The Phenomenal Handclap Band would be an excellent choice. It's a track from their album 'You'll Be Fine' and combines elements of electronic, dance, pop, and rock. The song has a fast tempo, catchy beats, and a modern dance or pop feel that aligns well with your preferences.","In that case, I would recommend the track 'Ah Ira'. This track has a pop and electronic sound with female vocals. It's a catchy and energetic choice that can give your video the desired vibe.","Allow me to recommend '15 to 20' by The Phenomenal Handclap Band. It's a track from their album '15 to 20 / You'll Disappear Remixes'. The song combines elements of pop, electronic, and rock genres, and features female vocals. It has a strong drum beat that adds to its energetic and catchy vibe.",15 to 20,The Phenomenal Handclap Band,0,1,0,1,0,top1_generation_prompt_text_changed_only_precomputed_text_feature_unchanged
1679,FxP12uqkRmg,FxP12uqkRmg_bO9FLYYvuWw,C2v5RHDEAXQ_-iliCUw3Kvg,C2v5RHDEAXQ,0,19,cf_lyrical_piano,top1_prompt_level_preference_counterfactual,original,top1_reference,"I prefer lyrical piano background music with a slow tempo, soft acoustic texture, gentle melody, and a calm sentimental mood.","Sounds good, but I'm looking for something with more of a pop and electronic sound, preferably with female vocals.","I apologize, but I don't have enough information to recommend a specific track that matches your requirements. However, I can suggest exploring the music of The Phenomenal Handclap Band, as they are known for their electronic, pop, and rock sound with female vocals. You may find a track that aligns with your preferences.","In that case, I would recommend the track 'Ah Ira'. This track has a pop and electronic sound with female vocals. It's a catchy and energetic choice that can give your video the desired vibe.","Allow me to recommend '15 to 20' by The Phenomenal Handclap Band. It's a track from their album '15 to 20 / You'll Disappear Remixes'. The song combines elements of pop, electronic, and rock genres, and features female vocals. It has a strong drum beat that adds to its energetic and catchy vibe.",15 to 20,The Phenomenal Handclap Band,0,1,0,1,0,top1_generation_prompt_text_changed_only_precomputed_text_feature_unchanged
1685,d1rpgmfOVMg,d1rpgmfOVMg_lqjqZgHn050,FGWZZTdeEeM_V7fNVgfjFGw,FGWZZTdeEeM,0,5,original,top1_prompt_level_preference_counterfactual,original,top1_reference,That sounds great! I also want to incorporate elements of pop and house music into my video. Do you have any other recommendations?,That sounds great! I also want to incorporate elements of pop and house music into my video. Do you have any other recommendations?,Certainly! I recommend 'Walking On Air' by Anise K featuring Snoop Dogg and Bella Blue. It's a pop and dance track with electronic and house influences. The song has a catchy and upbeat vibe that could be a fitting choice for your video.,Certainly! I recommend 'Don't You Worry Child (Radio Edit)' by Swedish House Mafia. It's a popular dance track with elements of pop and house music. The song has a catchy beat and vocals that will add a dynamic and energetic feel to your dance video. It's from the album 'Don't You Worry Child' by Swedish House Mafia.,"Allow me to recommend 'Walking On Air' by Anise K featuring Snoop Dogg and Bella Blue. It's a dance track from Anise K's album 'Walking On Air'. The song combines elements of electronic, house, and techno with female vocals. It was recorded as a collaboration with Snoop Dogg and Bella Blue, adding a unique touch to the track.",Walking On Air,Anise K featuring Snoop Dogg and Bella Blue,1,1,1,0,0,top1_generation_prompt_text_changed_only_precomputed_text_feature_unchanged
1685,d1rpgmfOVMg,d1rpgmfOVMg_lqjqZgHn050,FGWZZTdeEeM_V7fNVgfjFGw,FGWZZTdeEeM,0,5,cf_upbeat_electronic,top1_prompt_level_preference_counterfactual,original,top1_reference,"I prefer upbeat electronic background music with a bright mood, clear rhythm, energetic beats, and a modern dance or pop feeling.",That sounds great! I also want to incorporate elements of pop and house music into my video. Do you have any other recommendations?,"Based on your preferences, I recommend 'Walking On Air' by Anise K featuring Snoop Dogg and Bella Blue. It's a dance-pop track with electronic and house influences. The song has a fast tempo and a catchy beat that will give your video a modern and energetic feel.",Certainly! I recommend 'Don't You Worry Child (Radio Edit)' by Swedish House Mafia. It's a popular dance track with elements of pop and house music. The song has a catchy beat and vocals that will add a dynamic and energetic feel to your dance video. It's from the album 'Don't You Worry Child' by Swedish House Mafia.,"Allow me to recommend 'Walking On Air' by Anise K featuring Snoop Dogg and Bella Blue. It's a dance track from Anise K's album 'Walking On Air'. The song combines elements of electronic, house, and techno with female vocals. It was recorded as a collaboration with Snoop Dogg and Bella Blue, adding a unique touch to the track.",Walking On Air,Anise K featuring Snoop Dogg and Bella Blue,1,1,1,0,0,top1_generation_prompt_text_changed_only_precomputed_text_feature_unchanged
1685,d1rpgmfOVMg,d1rpgmfOVMg_lqjqZgHn050,FGWZZTdeEeM_V7fNVgfjFGw,FGWZZTdeEeM,0,5,cf_lyrical_piano,top1_prompt_level_preference_counterfactual,original,top1_reference,"I prefer lyrical piano background music with a slow tempo, soft acoustic texture, gentle melody, and a calm sentimental mood.",That sounds great! I also want to incorporate elements of pop and house music into my video. Do you have any other recommendations?,"I apologize, but I don't have enough information to recommend a specific track that matches your requirements. However, I can suggest exploring the music of Anise K, as she is known for her electronic, dance, pop, and house music. You may find a track that aligns with your preferences.",Certainly! I recommend 'Don't You Worry Child (Radio Edit)' by Swedish House Mafia. It's a popular dance track with elements of pop and house music. The song has a catchy beat and vocals that will add a dynamic and energetic feel to your dance video. It's from the album 'Don't You Worry Child' by Swedish House Mafia.,"Allow me to recommend 'Walking On Air' by Anise K featuring Snoop Dogg and Bella Blue. It's a dance track from Anise K's album 'Walking On Air'. The song combines elements of electronic, house, and techno with female vocals. It was recorded as a collaboration with Snoop Dogg and Bella Blue, adding a unique touch to the track.",Walking On Air,Anise K featuring Snoop Dogg and Bella Blue,0,0,0,1,0,top1_generation_prompt_text_changed_only_precomputed_text_feature_unchanged
1689,SCJrvPr92u4,SCJrvPr92u4_-ey67-zHusQ,SCJrvPr92u4_-ey67-zHusQ,SCJrvPr92u4,1,1,original,top1_prompt_level_preference_counterfactual,original,top1_reference,"That sounds great, I like the Hip-Hop and electronic types in your music recommendations. But I would like to incorporate a bit more of YT Man's distinctive style, especially his pop and rock components. I'm also interested in some vocal and guitar elements.","That sounds great, I like the Hip-Hop and electronic types in your music recommendations. But I would like to incorporate a bit more of YT Man's distinctive style, especially his pop and rock components. I'm also interested in some vocal and guitar elements.","Allow me to recommend 'My Queen' by YT Man. It's a track from his album 'My Queen'. It combines elements of pop, rock, and electronic with vocal and guitar elements that could be a fitting choice for your video. It was released in 2013 which may contain the specific element you want.","Allow me to recommend 'My Queen' by YT Man. It's a track recorded by KC Dozier and features live band by NinjahMusiq. It has elements of pop, Hip-Hop, and rock, with electronic beats. It aligns well with the energetic and dynamic vibe you're looking for. Additionally, it incorporates vocal and guitar elements that you're interested in.","Allow me to recommend 'My Queen' by YT Man. It's a track recorded by KC Dozier and features live band by NinjahMusiq. It has elements of pop, Hip-Hop, and rock, with electronic beats. It aligns well with the energetic and dynamic vibe you're looking for. Additionally, it incorporates vocal and guitar elements that you're interested in.",My Queen,YT Man,1,1,1,0,0,top1_generation_prompt_text_changed_only_precomputed_text_feature_unchanged
1689,SCJrvPr92u4,SCJrvPr92u4_-ey67-zHusQ,SCJrvPr92u4_-ey67-zHusQ,SCJrvPr92u4,1,1,cf_upbeat_electronic,top1_prompt_level_preference_counterfactual,original,top1_reference,"I prefer upbeat electronic background music with a bright mood, clear rhythm, energetic beats, and a modern dance or pop feeling.","That sounds great, I like the Hip-Hop and electronic types in your music recommendations. But I would like to incorporate a bit more of YT Man's distinctive style, especially his pop and rock components. I'm also interested in some vocal and guitar elements.","Based on your preferences, I recommend 'My Queen' by YT Man. It's a track from the album 'My Queen' and features a mix of pop, electronic, Hip-Hop, and rock elements. The song has a fast-paced rhythm and a catchy beat that will give your video a modern and energetic feel.","Allow me to recommend 'My Queen' by YT Man. It's a track recorded by KC Dozier and features live band by NinjahMusiq. It has elements of pop, Hip-Hop, and rock, with electronic beats. It aligns well with the energetic and dynamic vibe you're looking for. Additionally, it incorporates vocal and guitar elements that you're interested in.","Allow me to recommend 'My Queen' by YT Man. It's a track recorded by KC Dozier and features live band by NinjahMusiq. It has elements of pop, Hip-Hop, and rock, with electronic beats. It aligns well with the energetic and dynamic vibe you're looking for. Additionally, it incorporates vocal and guitar elements that you're interested in.",My Queen,YT Man,1,1,1,0,0,top1_generation_prompt_text_changed_only_precomputed_text_feature_unchanged
1689,SCJrvPr92u4,SCJrvPr92u4_-ey67-zHusQ,SCJrvPr92u4_-ey67-zHusQ,SCJrvPr92u4,1,1,cf_lyrical_piano,top1_prompt_level_preference_counterfactual,original,top1_reference,"I prefer lyrical piano background music with a slow tempo, soft acoustic texture, gentle melody, and a calm sentimental mood.","That sounds great, I like the Hip-Hop and electronic types in your music recommendations. But I would like to incorporate a bit more of YT Man's distinctive style, especially his pop and rock components. I'm also interested in some vocal and guitar elements.",I suggest you listen to 'My Queen' by YT Man. It's a track with lyrical piano background music and a slow tempo. The song has a soft acoustic texture and a gentle melody that creates a calm and sentimental mood. It's a perfect choice for your video.,"Allow me to recommend 'My Queen' by YT Man. It's a track recorded by KC Dozier and features live band by NinjahMusiq. It has elements of pop, Hip-Hop, and rock, with electronic beats. It aligns well with the energetic and dynamic vibe you're looking for. Additionally, it incorporates vocal and guitar elements that you're interested in.","Allow me to recommend 'My Queen' by YT Man. It's a track recorded by KC Dozier and features live band by NinjahMusiq. It has elements of pop, Hip-Hop, and rock, with electronic beats. It aligns well with the energetic and dynamic vibe you're looking for. Additionally, it incorporates vocal and guitar elements that you're interested in.",My Queen,YT Man,1,1,1,0,0,top1_generation_prompt_text_changed_only_precomputed_text_feature_unchanged
1698,lgBOgKr-HJo,lgBOgKr-HJo_tA5vcZ7CJyI,lgBOgKr-HJo_tA5vcZ7CJyI,lgBOgKr-HJo,1,1,original,top1_prompt_level_preference_counterfactual,original,top1_reference,"That sounds great! I really enjoy the pop and electronic genres. However, I would like to incorporate a bit of the 80s style into the music, with a touch of soul and dance elements. I'm also interested in guitar and rock influences.","That sounds great! I really enjoy the pop and electronic genres. However, I would like to incorporate a bit of the 80s style into the music, with a touch of soul and dance elements. I'm also interested in guitar and rock influences.","Allow me to recommend 'Papa Noel' by Stromae vs Wham. It's a track that combines elements of pop, soul, and dance with a touch of rock and 80s style. Although I don't have much information about the specific guitar and rock influences, this track might be a fitting choice for your video.","Allow me to recommend 'Papa Noel' by Stromae vs Wham! It's a mashup track by ViC that combines elements of 80s, pop, soul, electronic, and dance genres. The track features guitar and drum elements, giving it a slight rock influence. It was part of ViC's Xmas Bootleg Pack 2013 and has a festive and energetic vibe that could be a fitting choice for your video.","Allow me to recommend 'Papa Noel' by Stromae vs Wham! It's a mashup track by ViC that combines elements of 80s, pop, soul, electronic, and dance genres. The track features guitar and drum elements, giving it a slight rock influence. It was part of ViC's Xmas Bootleg Pack 2013 and has a festive and energetic vibe that could be a fitting choice for your video.",Papa Noel,Stromae vs Wham,1,1,1,0,0,top1_generation_prompt_text_changed_only_precomputed_text_feature_unchanged
1698,lgBOgKr-HJo,lgBOgKr-HJo_tA5vcZ7CJyI,lgBOgKr-HJo_tA5vcZ7CJyI,lgBOgKr-HJo,1,1,cf_upbeat_electronic,top1_prompt_level_preference_counterfactual,original,top1_reference,"I prefer upbeat electronic background music with a bright mood, clear rhythm, energetic beats, and a modern dance or pop feeling.","That sounds great! I really enjoy the pop and electronic genres. However, I would like to incorporate a bit of the 80s style into the music, with a touch of soul and dance elements. I'm also interested in guitar and rock influences.","In that case, 'Papa Noel' by Stromae vs Wham would be an excellent choice. It's a track that combines elements of pop, dance, and electronic music with a touch of rock. The song has a fast tempo and a catchy beat that will add energy and a modern feel to your video.","Allow me to recommend 'Papa Noel' by Stromae vs Wham! It's a mashup track by ViC that combines elements of 80s, pop, soul, electronic, and dance genres. The track features guitar and drum elements, giving it a slight rock influence. It was part of ViC's Xmas Bootleg Pack 2013 and has a festive and energetic vibe that could be a fitting choice for your video.","Allow me to recommend 'Papa Noel' by Stromae vs Wham! It's a mashup track by ViC that combines elements of 80s, pop, soul, electronic, and dance genres. The track features guitar and drum elements, giving it a slight rock influence. It was part of ViC's Xmas Bootleg Pack 2013 and has a festive and energetic vibe that could be a fitting choice for your video.",Papa Noel,Stromae vs Wham,1,1,1,0,0,top1_generation_prompt_text_changed_only_precomputed_text_feature_unchanged
1698,lgBOgKr-HJo,lgBOgKr-HJo_tA5vcZ7CJyI,lgBOgKr-HJo_tA5vcZ7CJyI,lgBOgKr-HJo,1,1,cf_lyrical_piano,top1_prompt_level_preference_counterfactual,original,top1_reference,"I prefer lyrical piano background music with a slow tempo, soft acoustic texture, gentle melody, and a calm sentimental mood.","That sounds great! I really enjoy the pop and electronic genres. However, I would like to incorporate a bit of the 80s style into the music, with a touch of soul and dance elements. I'm also interested in guitar and rock influences.","I suggest you consider 'Papa Noel' by Stromae vs Wham. It's a track from the album 'Papa Noel' by Stromae. This song combines elements of pop, soul, and rock with a touch of 80s vibes. It features a piano-driven melody and a slow tempo, which can create a lyrical and sentimental atmosphere for your video.","Allow me to recommend 'Papa Noel' by Stromae vs Wham! It's a mashup track by ViC that combines elements of 80s, pop, soul, electronic, and dance genres. The track features guitar and drum elements, giving it a slight rock influence. It was part of ViC's Xmas Bootleg Pack 2013 and has a festive and energetic vibe that could be a fitting choice for your video.","Allow me to recommend 'Papa Noel' by Stromae vs Wham! It's a mashup track by ViC that combines elements of 80s, pop, soul, electronic, and dance genres. The track features guitar and drum elements, giving it a slight rock influence. It was part of ViC's Xmas Bootleg Pack 2013 and has a festive and energetic vibe that could be a fitting choice for your video.",Papa Noel,Stromae vs Wham,1,1,1,0,0,top1_generation_prompt_text_changed_only_precomputed_text_feature_unchanged
1713,8n1M2_OuoEo,8n1M2_OuoEo_ylt23Hk65kM,ggPKIzk0vHA_fJ-qTYmlV0A,ggPKIzk0vHA,0,2,original,top1_prompt_level_preference_counterfactual,original,top1_reference,"That sounds great, I like the electronic and techno elements in your music recommendations. But I would like to incorporate a bit more of C-kan's distinctive style, especially his hip-hop and pop components. I'm also interested in soul and R&B influences.","That sounds great, I like the electronic and techno elements in your music recommendations. But I would like to incorporate a bit more of C-kan's distinctive style, especially his hip-hop and pop components. I'm also interested in soul and R&B influences.","Allow me to recommend 'C-kan - 100%'. It's a track from C-kan's album '100%'. It combines elements of hip-hop, pop, and soul with R&B influences. The song was released in 2012 and has a catchy and energetic vibe that could be a fitting choice for your video.","Allow me to recommend 'Guerreros' by C-kan featuring lluminatik. It's a track from C-kan's album 'Guerreros'. It combines elements of hip-hop, pop, soul and 00s music. The song has a fast-paced electronic sound too.","Sure! How about the track 'Куба' by ВАРЧУН & SHAMAN from their album 'Рифмую за еду'? It's a hip-hop song with pop and rock elements, as well as electronic beats. The track was released by КВАЗАР МУЗЫКА, the label led by ВАРЧУН. It could be a great addition to your video, incorporating the hip-hop and electronic influences you're looking for.",Куба,ВАРЧУН & SHAMAN from their album 'Рифмую за еду',0,0,0,1,0,top1_generation_prompt_text_changed_only_precomputed_text_feature_unchanged
1713,8n1M2_OuoEo,8n1M2_OuoEo_ylt23Hk65kM,ggPKIzk0vHA_fJ-qTYmlV0A,ggPKIzk0vHA,0,2,cf_upbeat_electronic,top1_prompt_level_preference_counterfactual,original,top1_reference,"I prefer upbeat electronic background music with a bright mood, clear rhythm, energetic beats, and a modern dance or pop feeling.","That sounds great, I like the electronic and techno elements in your music recommendations. But I would like to incorporate a bit more of C-kan's distinctive style, especially his hip-hop and pop components. I'm also interested in soul and R&B influences.","Based on your preferences, I recommend 'Куба' by ВАРЧУН & SHAMAN from their album 'Рифмую за еду'. This track combines elements of Hip-Hop, electronic, pop, and dance with a bright and energetic vibe. It has a clear rhythm and energetic beats that will add a modern and pop feel to your video.","Allow me to recommend 'Guerreros' by C-kan featuring lluminatik. It's a track from C-kan's album 'Guerreros'. It combines elements of hip-hop, pop, soul and 00s music. The song has a fast-paced electronic sound too.","Sure! How about the track 'Куба' by ВАРЧУН & SHAMAN from their album 'Рифмую за еду'? It's a hip-hop song with pop and rock elements, as well as electronic beats. The track was released by КВАЗАР МУЗЫКА, the label led by ВАРЧУН. It could be a great addition to your video, incorporating the hip-hop and electronic influences you're looking for.",Куба,ВАРЧУН & SHAMAN from their album 'Рифмую за еду',1,1,1,0,0,top1_generation_prompt_text_changed_only_precomputed_text_feature_unchanged
1713,8n1M2_OuoEo,8n1M2_OuoEo_ylt23Hk65kM,ggPKIzk0vHA_fJ-qTYmlV0A,ggPKIzk0vHA,0,2,cf_lyrical_piano,top1_prompt_level_preference_counterfactual,original,top1_reference,"I prefer lyrical piano background music with a slow tempo, soft acoustic texture, gentle melody, and a calm sentimental mood.","That sounds great, I like the electronic and techno elements in your music recommendations. But I would like to incorporate a bit more of C-kan's distinctive style, especially his hip-hop and pop components. I'm also interested in soul and R&B influences.","I suggest you consider the track 'Рифмую за еду' by ВАРЧУН & SHAMAN. It's a hip-hop and pop song with electronic and R&B influences. The track has a lyrical piano background and a slow tempo, which aligns well with your preferences. It has a soft acoustic texture and a gentle melody that can create a calm and sentimental mood for your video.","Allow me to recommend 'Guerreros' by C-kan featuring lluminatik. It's a track from C-kan's album 'Guerreros'. It combines elements of hip-hop, pop, soul and 00s music. The song has a fast-paced electronic sound too.","Sure! How about the track 'Куба' by ВАРЧУН & SHAMAN from their album 'Рифмую за еду'? It's a hip-hop song with pop and rock elements, as well as electronic beats. The track was released by КВАЗАР МУЗЫКА, the label led by ВАРЧУН. It could be a great addition to your video, incorporating the hip-hop and electronic influences you're looking for.",Куба,ВАРЧУН & SHAMAN from their album 'Рифмую за еду',0,0,0,1,0,top1_generation_prompt_text_changed_only_precomputed_text_feature_unchanged
1753,dfMrsrzxZxc,dfMrsrzxZxc_FL9Vv_mEwN8,9LwtjSWkV2M_X4-eshoT6IU,9LwtjSWkV2M,0,5,original,top1_prompt_level_preference_counterfactual,original,top1_reference,"Sounds good, but I'm looking for something that leans more toward Hip-Hop, R&B, and soul with a touch of electronic and pop.","Sounds good, but I'm looking for something that leans more toward Hip-Hop, R&B, and soul with a touch of electronic and pop.","In that case, I would recommend 'The Way' by J. Cole. This track combines elements of Hip-Hop, R&B, soul, electronic, and pop. It has a smooth and soulful vibe that would complement your video perfectly.","In that case, I would recommend 'Why Me' by Krizz Kaliko. This track combines the elements of Hip-Hop, R&B, electronic, pop, and soul. It is part of the album 'Son of Sam (Deluxe Edition)' by Krizz Kaliko. It's a great choice to add the desired touch to your video.","Sure, how about 'Lately' by Crafty Los? It's an electronic track with elements of R&B, hip-hop, and soul. The song has a chillout vibe and features techno beats, synths, and drums. It could be a perfect fit for adding a touch of electronic and soul to your video.",Lately,Crafty Los,0,0,0,1,0,top1_generation_prompt_text_changed_only_precomputed_text_feature_unchanged
1753,dfMrsrzxZxc,dfMrsrzxZxc_FL9Vv_mEwN8,9LwtjSWkV2M_X4-eshoT6IU,9LwtjSWkV2M,0,5,cf_upbeat_electronic,top1_prompt_level_preference_counterfactual,original,top1_reference,"I prefer upbeat electronic background music with a bright mood, clear rhythm, energetic beats, and a modern dance or pop feeling.","Sounds good, but I'm looking for something that leans more toward Hip-Hop, R&B, and soul with a touch of electronic and pop.","Based on your preferences, I recommend 'Crafty Los - Lately'. It's a track from the album 'Crafty Los - Lately'. This song combines elements of Hip-Hop, R&B, electronic, and pop with a dance vibe. It has a techno and electronic sound with a fast beat and synth elements.","In that case, I would recommend 'Why Me' by Krizz Kaliko. This track combines the elements of Hip-Hop, R&B, electronic, pop, and soul. It is part of the album 'Son of Sam (Deluxe Edition)' by Krizz Kaliko. It's a great choice to add the desired touch to your video.","Sure, how about 'Lately' by Crafty Los? It's an electronic track with elements of R&B, hip-hop, and soul. The song has a chillout vibe and features techno beats, synths, and drums. It could be a perfect fit for adding a touch of electronic and soul to your video.",Lately,Crafty Los,1,1,1,0,0,top1_generation_prompt_text_changed_only_precomputed_text_feature_unchanged
1753,dfMrsrzxZxc,dfMrsrzxZxc_FL9Vv_mEwN8,9LwtjSWkV2M_X4-eshoT6IU,9LwtjSWkV2M,0,5,cf_lyrical_piano,top1_prompt_level_preference_counterfactual,original,top1_reference,"I prefer lyrical piano background music with a slow tempo, soft acoustic texture, gentle melody, and a calm sentimental mood.","Sounds good, but I'm looking for something that leans more toward Hip-Hop, R&B, and soul with a touch of electronic and pop.","I suggest you consider 'Lately' by Crafty Los. It's a track from the album 'Lately' and features lyrical piano background music with a slow tempo, soft acoustic texture, gentle melody, and a calm sentimental mood. This song could provide the lyrical piano background music you're looking for.","In that case, I would recommend 'Why Me' by Krizz Kaliko. This track combines the elements of Hip-Hop, R&B, electronic, pop, and soul. It is part of the album 'Son of Sam (Deluxe Edition)' by Krizz Kaliko. It's a great choice to add the desired touch to your video.","Sure, how about 'Lately' by Crafty Los? It's an electronic track with elements of R&B, hip-hop, and soul. The song has a chillout vibe and features techno beats, synths, and drums. It could be a perfect fit for adding a touch of electronic and soul to your video.",Lately,Crafty Los,1,1,1,0,0,top1_generation_prompt_text_changed_only_precomputed_text_feature_unchanged
1801,psmUG8X-xVo,psmUG8X-xVo_TzzA6SX0LD0,31igKbciVQI_YyGvIht6z0o,31igKbciVQI,0,2,original,top1_prompt_level_preference_counterfactual,original,top1_reference,"Sounds good, but I'm looking for something with female vocals and a more techno and pop sound. Do you have any recommendations?","Sounds good, but I'm looking for something with female vocals and a more techno and pop sound. Do you have any recommendations?","Certainly! I would recommend 'Mi Vida' by YUNG AN' HIYA. This track features female vocals and combines elements of Hip-Hop, R&B, electronic, and pop. It has a techno and pop sound that you're looking for. It's a great choice for your video!","In that case, I would recommend 'Originales Songs' by Shadelflow & Zokram featuring Big Foko & Fer Villareal. This track has female vocalists and combines techno and pop elements, giving it a unique and modern sound. It was released in 2011 and is part of the album 'Rap4ever'.","Certainly! How about 'Night Fulla Terro'' by YUNG AN' HIYA? It's a hip-hop and soul-infused track with electronic and pop elements. Although I don't have much information about the specific album or artists, the song aligns with the genres you mentioned and could be a fitting choice for your video.",Night Fulla Terro',YUNG AN' HIYA,0,1,0,1,0,top1_generation_prompt_text_changed_only_precomputed_text_feature_unchanged
1801,psmUG8X-xVo,psmUG8X-xVo_TzzA6SX0LD0,31igKbciVQI_YyGvIht6z0o,31igKbciVQI,0,2,cf_upbeat_electronic,top1_prompt_level_preference_counterfactual,original,top1_reference,"I prefer upbeat electronic background music with a bright mood, clear rhythm, energetic beats, and a modern dance or pop feeling.","Sounds good, but I'm looking for something with female vocals and a more techno and pop sound. Do you have any recommendations?","Based on your preferences, I recommend 'Nada Que Perder' by YUNG AN' HIYA. It's a track from their album 'Nada Que Perder'. This song combines elements of Hip-Hop, electronic, R&B, dance, and pop, which aligns well with your requirements. It has a fast-paced beat and a modern dance or pop feel that could be a great fit for your video.","In that case, I would recommend 'Originales Songs' by Shadelflow & Zokram featuring Big Foko & Fer Villareal. This track has female vocalists and combines techno and pop elements, giving it a unique and modern sound. It was released in 2011 and is part of the album 'Rap4ever'.","Certainly! How about 'Night Fulla Terro'' by YUNG AN' HIYA? It's a hip-hop and soul-infused track with electronic and pop elements. Although I don't have much information about the specific album or artists, the song aligns with the genres you mentioned and could be a fitting choice for your video.",Night Fulla Terro',YUNG AN' HIYA,0,1,0,1,0,top1_generation_prompt_text_changed_only_precomputed_text_feature_unchanged
1801,psmUG8X-xVo,psmUG8X-xVo_TzzA6SX0LD0,31igKbciVQI_YyGvIht6z0o,31igKbciVQI,0,2,cf_lyrical_piano,top1_prompt_level_preference_counterfactual,original,top1_reference,"I prefer lyrical piano background music with a slow tempo, soft acoustic texture, gentle melody, and a calm sentimental mood.","Sounds good, but I'm looking for something with female vocals and a more techno and pop sound. Do you have any recommendations?","I apologize, but I couldn't find any music that matches your preferences. However, I can recommend 'Mi Vida' by YUNG AN' HIYA. It's a hip-hop track with electronic and R&B influences. The song has a fast tempo and features male vocals. It was released in 2014 and has a catchy beat that could be a good fit for your video.","In that case, I would recommend 'Originales Songs' by Shadelflow & Zokram featuring Big Foko & Fer Villareal. This track has female vocalists and combines techno and pop elements, giving it a unique and modern sound. It was released in 2011 and is part of the album 'Rap4ever'.","Certainly! How about 'Night Fulla Terro'' by YUNG AN' HIYA? It's a hip-hop and soul-infused track with electronic and pop elements. Although I don't have much information about the specific album or artists, the song aligns with the genres you mentioned and could be a fitting choice for your video.",Night Fulla Terro',YUNG AN' HIYA,0,1,0,1,0,top1_generation_prompt_text_changed_only_precomputed_text_feature_unchanged
1835,i14CO18tEJA,i14CO18tEJA_wyDJKPE1cII,fFika8YOkrc_bfhO-QLi4lc,fFika8YOkrc,0,36,original,top1_prompt_level_preference_counterfactual,original,top1_reference,That sounds great! I'm also interested in incorporating some elements of rap and soul into the music. Do you have any suggestions that combine these genres with electronic and fast beats?,That sounds great! I'm also interested in incorporating some elements of rap and soul into the music. Do you have any suggestions that combine these genres with electronic and fast beats?,"Certainly! I recommend 'Mi Vida' by D.O.P.E. It's a track that combines elements of rap, soul, and electronic music. The song has a fast beat and incorporates electronic elements, which can add an energetic and dynamic touch to your video. It was released in 2012 and has a unique blend of genres that could be a fitting choice for your video.","Certainly! I recommend checking out the rap scene in Chile. They have some great artists who blend rap, electronic beats, and soulful elements. You can explore the 'Rap Chileno' genre, which combines hip-hop, electronic, rock, pop, and soul. You can find some interesting tracks and albums in this genre that might suit your video.","Allow me to recommend the song 'LUCKY IBF 4 LIFE'. Although I couldn't find much information about the track, it is classified as hip-hop, rock, soul, electronic, and pop. It has male vocals, which align with your preferences. This song might provide the hip-hop and soul elements you're looking for in your video.",,,,,,0,0,top1_generation_prompt_text_changed_only_precomputed_text_feature_unchanged
1835,i14CO18tEJA,i14CO18tEJA_wyDJKPE1cII,fFika8YOkrc_bfhO-QLi4lc,fFika8YOkrc,0,36,cf_upbeat_electronic,top1_prompt_level_preference_counterfactual,original,top1_reference,"I prefer upbeat electronic background music with a bright mood, clear rhythm, energetic beats, and a modern dance or pop feeling.",That sounds great! I'm also interested in incorporating some elements of rap and soul into the music. Do you have any suggestions that combine these genres with electronic and fast beats?,"Based on your preferences, I recommend 'Mi Vida' by Danny D. It's a track from the album 'Mi Vida' and features a mix of Hip-Hop, electronic, rock, and pop elements. The song has a fast-paced beat and a catchy rhythm that can add energy and a modern dance or pop feel to your video.","Certainly! I recommend checking out the rap scene in Chile. They have some great artists who blend rap, electronic beats, and soulful elements. You can explore the 'Rap Chileno' genre, which combines hip-hop, electronic, rock, pop, and soul. You can find some interesting tracks and albums in this genre that might suit your video.","Allow me to recommend the song 'LUCKY IBF 4 LIFE'. Although I couldn't find much information about the track, it is classified as hip-hop, rock, soul, electronic, and pop. It has male vocals, which align with your preferences. This song might provide the hip-hop and soul elements you're looking for in your video.",,,,,,0,0,top1_generation_prompt_text_changed_only_precomputed_text_feature_unchanged
1835,i14CO18tEJA,i14CO18tEJA_wyDJKPE1cII,fFika8YOkrc_bfhO-QLi4lc,fFika8YOkrc,0,36,cf_lyrical_piano,top1_prompt_level_preference_counterfactual,original,top1_reference,"I prefer lyrical piano background music with a slow tempo, soft acoustic texture, gentle melody, and a calm sentimental mood.",That sounds great! I'm also interested in incorporating some elements of rap and soul into the music. Do you have any suggestions that combine these genres with electronic and fast beats?,"Based on your preferences, I recommend 'Lyrical Piano Background Music - 10000000000000000000000000000000000000000000000000000000000000000000000000000000000000000000000000000000000000","Certainly! I recommend checking out the rap scene in Chile. They have some great artists who blend rap, electronic beats, and soulful elements. You can explore the 'Rap Chileno' genre, which combines hip-hop, electronic, rock, pop, and soul. You can find some interesting tracks and albums in this genre that might suit your video.","Allow me to recommend the song 'LUCKY IBF 4 LIFE'. Although I couldn't find much information about the track, it is classified as hip-hop, rock, soul, electronic, and pop. It has male vocals, which align with your preferences. This song might provide the hip-hop and soul elements you're looking for in your video.",,,,,,0,0,top1_generation_prompt_text_changed_only_precomputed_text_feature_unchanged
1861,mjpjzg8cPbk,mjpjzg8cPbk_P0OCoCCMsUc,mjpjzg8cPbk_P0OCoCCMsUc,mjpjzg8cPbk,1,1,original,top1_prompt_level_preference_counterfactual,original,top1_reference,"Sounds good, but I'm looking for something with a rock and alternative sound. Do you have any recommendations?","Sounds good, but I'm looking for something with a rock and alternative sound. Do you have any recommendations?",Certainly! I would recommend 'We Stand' by Jesus Culture feat. Kim Walker-Smith. This track has a rock and alternative sound with elements of indie and pop. It's part of the album 'We Cry Out: The Worship Project' and it's performed by Kim Walker-Smith. It would be a great fit for your video.,"In that case, I would recommend 'We Stand (Live)' by Jesus Culture feat. Chris Quilala. This track is part of the album 'We Stand' by Jesus Culture and offers a rock and alternative sound. The vocals and guitar create a loud and powerful atmosphere. It's the perfect choice for your video!","In that case, I would recommend 'We Stand (Live)' by Jesus Culture feat. Chris Quilala. This track is part of the album 'We Stand' by Jesus Culture and offers a rock and alternative sound. The vocals and guitar create a loud and powerful atmosphere. It's the perfect choice for your video!",We Stand (Live),Jesus Culture feat,0,1,0,1,0,top1_generation_prompt_text_changed_only_precomputed_text_feature_unchanged
1861,mjpjzg8cPbk,mjpjzg8cPbk_P0OCoCCMsUc,mjpjzg8cPbk_P0OCoCCMsUc,mjpjzg8cPbk,1,1,cf_upbeat_electronic,top1_prompt_level_preference_counterfactual,original,top1_reference,"I prefer upbeat electronic background music with a bright mood, clear rhythm, energetic beats, and a modern dance or pop feeling.","Sounds good, but I'm looking for something with a rock and alternative sound. Do you have any recommendations?","I suggest you consider 'We Stand' by Jesus Culture feat. Kim Walker-Smith. It's a live performance recorded at the Jesus Culture Conference in 2012. The song combines elements of rock, indie, alternative, and pop, with a focus on guitar and drums. It has a fast-paced and energetic sound that aligns well with your preferences.","In that case, I would recommend 'We Stand (Live)' by Jesus Culture feat. Chris Quilala. This track is part of the album 'We Stand' by Jesus Culture and offers a rock and alternative sound. The vocals and guitar create a loud and powerful atmosphere. It's the perfect choice for your video!","In that case, I would recommend 'We Stand (Live)' by Jesus Culture feat. Chris Quilala. This track is part of the album 'We Stand' by Jesus Culture and offers a rock and alternative sound. The vocals and guitar create a loud and powerful atmosphere. It's the perfect choice for your video!",We Stand (Live),Jesus Culture feat,0,1,0,1,0,top1_generation_prompt_text_changed_only_precomputed_text_feature_unchanged
1861,mjpjzg8cPbk,mjpjzg8cPbk_P0OCoCCMsUc,mjpjzg8cPbk_P0OCoCCMsUc,mjpjzg8cPbk,1,1,cf_lyrical_piano,top1_prompt_level_preference_counterfactual,original,top1_reference,"I prefer lyrical piano background music with a slow tempo, soft acoustic texture, gentle melody, and a calm sentimental mood.","Sounds good, but I'm looking for something with a rock and alternative sound. Do you have any recommendations?","I apologize, but I don't have enough information to recommend a specific track that matches your preferences. However, I can suggest exploring the music of Jesus Culture, as they are known for their lyrical piano background music with a slow tempo, soft acoustic texture, and a calm sentimental mood.","In that case, I would recommend 'We Stand (Live)' by Jesus Culture feat. Chris Quilala. This track is part of the album 'We Stand' by Jesus Culture and offers a rock and alternative sound. The vocals and guitar create a loud and powerful atmosphere. It's the perfect choice for your video!","In that case, I would recommend 'We Stand (Live)' by Jesus Culture feat. Chris Quilala. This track is part of the album 'We Stand' by Jesus Culture and offers a rock and alternative sound. The vocals and guitar create a loud and powerful atmosphere. It's the perfect choice for your video!",We Stand (Live),Jesus Culture feat,0,0,0,1,0,top1_generation_prompt_text_changed_only_precomputed_text_feature_unchanged
1896,kt2lmbNPFk4,kt2lmbNPFk4_C5PUb0hCtj4,kt2lmbNPFk4_C5PUb0hCtj4,kt2lmbNPFk4,1,1,original,top1_prompt_level_preference_counterfactual,original,top1_reference,"That sounds great! I really like the mix of genres in your recommendation. However, I would like to incorporate some elements from TVXQ!'s music, especially their hip-hop and electronic components. I'm also interested in the dance and pop genres.","That sounds great! I really like the mix of genres in your recommendation. However, I would like to incorporate some elements from TVXQ!'s music, especially their hip-hop and electronic components. I'm also interested in the dance and pop genres.","Allow me to recommend 'Keep Your Head Down' by TVXQ!. It's a track from their album 'The 3rd ASIA TOUR CONCERT_THE 3rd ASIA TOUR CONCERT_'. The song combines elements of hip-hop, electronic, dance, and pop, which aligns well with the energetic and catchy vibe you're looking for. It was released in 2010, which may contain the specific elements you want.","Allow me to recommend '왜 (Keep Your Head Down)' by 동방신기 (TVXQ!). It's a track from their album '왜 Keep Your Head Down'. This song combines elements of hip-hop, electronic, rock, and pop, which can add a dynamic and energetic vibe to your video. It falls under the genres of hip-hop, electronic, rock, pop, and dance. It has a techno and loud electronic sound as well.","Allow me to recommend '왜 (Keep Your Head Down)' by 동방신기 (TVXQ!). It's a track from their album '왜 Keep Your Head Down'. This song combines elements of hip-hop, electronic, rock, and pop, which can add a dynamic and energetic vibe to your video. It falls under the genres of hip-hop, electronic, rock, pop, and dance. It has a techno and loud electronic sound as well.",왜 (Keep Your Head Down),동방신기 (TVXQ,0,0,0,1,0,top1_generation_prompt_text_changed_only_precomputed_text_feature_unchanged
1896,kt2lmbNPFk4,kt2lmbNPFk4_C5PUb0hCtj4,kt2lmbNPFk4_C5PUb0hCtj4,kt2lmbNPFk4,1,1,cf_upbeat_electronic,top1_prompt_level_preference_counterfactual,original,top1_reference,"I prefer upbeat electronic background music with a bright mood, clear rhythm, energetic beats, and a modern dance or pop feeling.","That sounds great! I really like the mix of genres in your recommendation. However, I would like to incorporate some elements from TVXQ!'s music, especially their hip-hop and electronic components. I'm also interested in the dance and pop genres.","Based on your preferences, I recommend 'Keep Your Head Down' by TVXQ. It's a track from their album 'The 3rd ASIA TOUR CONCERT_THE T_'. This song combines elements of hip-hop, electronic, dance, pop, and rock, which aligns well with your desired music style. It has a fast-paced and energetic vibe, perfect for a dance video.","Allow me to recommend '왜 (Keep Your Head Down)' by 동방신기 (TVXQ!). It's a track from their album '왜 Keep Your Head Down'. This song combines elements of hip-hop, electronic, rock, and pop, which can add a dynamic and energetic vibe to your video. It falls under the genres of hip-hop, electronic, rock, pop, and dance. It has a techno and loud electronic sound as well.","Allow me to recommend '왜 (Keep Your Head Down)' by 동방신기 (TVXQ!). It's a track from their album '왜 Keep Your Head Down'. This song combines elements of hip-hop, electronic, rock, and pop, which can add a dynamic and energetic vibe to your video. It falls under the genres of hip-hop, electronic, rock, pop, and dance. It has a techno and loud electronic sound as well.",왜 (Keep Your Head Down),동방신기 (TVXQ,0,0,0,1,0,top1_generation_prompt_text_changed_only_precomputed_text_feature_unchanged
1896,kt2lmbNPFk4,kt2lmbNPFk4_C5PUb0hCtj4,kt2lmbNPFk4_C5PUb0hCtj4,kt2lmbNPFk4,1,1,cf_lyrical_piano,top1_prompt_level_preference_counterfactual,original,top1_reference,"I prefer lyrical piano background music with a slow tempo, soft acoustic texture, gentle melody, and a calm sentimental mood.","That sounds great! I really like the mix of genres in your recommendation. However, I would like to incorporate some elements from TVXQ!'s music, especially their hip-hop and electronic components. I'm also interested in the dance and pop genres.","I apologize, but I don't have enough information to recommend a specific track that matches your requirements. However, I can suggest exploring the music of 동방신기 (TVXQ;  TVXQ!). They are known for their pop, dance, and electronic style with elements of hip-hop and rock. You may find a track that aligns with your preferences.","Allow me to recommend '왜 (Keep Your Head Down)' by 동방신기 (TVXQ!). It's a track from their album '왜 Keep Your Head Down'. This song combines elements of hip-hop, electronic, rock, and pop, which can add a dynamic and energetic vibe to your video. It falls under the genres of hip-hop, electronic, rock, pop, and dance. It has a techno and loud electronic sound as well.","Allow me to recommend '왜 (Keep Your Head Down)' by 동방신기 (TVXQ!). It's a track from their album '왜 Keep Your Head Down'. This song combines elements of hip-hop, electronic, rock, and pop, which can add a dynamic and energetic vibe to your video. It falls under the genres of hip-hop, electronic, rock, pop, and dance. It has a techno and loud electronic sound as well.",왜 (Keep Your Head Down),동방신기 (TVXQ,0,1,0,1,0,top1_generation_prompt_text_changed_only_precomputed_text_feature_unchanged
1897,bTOju_n8BJ4,bTOju_n8BJ4_ym5bIhHJvM4,bTOju_n8BJ4_ym5bIhHJvM4,bTOju_n8BJ4,1,1,original,top1_prompt_level_preference_counterfactual,original,top1_reference,"Sounds interesting, but I'm looking for something with a bit more of a dance and electronic vibe, with female vocals. Do you have any recommendations?","Sounds interesting, but I'm looking for something with a bit more of a dance and electronic vibe, with female vocals. Do you have any recommendations?","Certainly! In that case, I would recommend 'Dance With Me' by Miriam Reyes. This track is a perfect fit for your dance and electronic vibe, with its energetic beats and captivating female vocals. It's part of the album 'Dance With Me' and offers a blend of dance, electronic, pop, and house genres.","Absolutely! I suggest 'My life is mine' by Miriam Reyes, produced by Lupion. This track is a perfect fit for your needs as it has a dance, electronic vibe with female vocals. It will add a dynamic and energetic atmosphere to your video.","Absolutely! I suggest 'My life is mine' by Miriam Reyes, produced by Lupion. This track is a perfect fit for your needs as it has a dance, electronic vibe with female vocals. It will add a dynamic and energetic atmosphere to your video.",My life is mine,Miriam Reyes,0,1,0,1,0,top1_generation_prompt_text_changed_only_precomputed_text_feature_unchanged
1897,bTOju_n8BJ4,bTOju_n8BJ4_ym5bIhHJvM4,bTOju_n8BJ4_ym5bIhHJvM4,bTOju_n8BJ4,1,1,cf_upbeat_electronic,top1_prompt_level_preference_counterfactual,original,top1_reference,"I prefer upbeat electronic background music with a bright mood, clear rhythm, energetic beats, and a modern dance or pop feeling.","Sounds interesting, but I'm looking for something with a bit more of a dance and electronic vibe, with female vocals. Do you have any recommendations?","Based on your preferences, I recommend 'My Life Is Mine' by Miriam Reyes. It's a dance track with electronic and pop elements. The song has a fast tempo and a catchy beat that will add energy to your video. It was released in 2013 and has a modern sound that aligns with your requirements.","Absolutely! I suggest 'My life is mine' by Miriam Reyes, produced by Lupion. This track is a perfect fit for your needs as it has a dance, electronic vibe with female vocals. It will add a dynamic and energetic atmosphere to your video.","Absolutely! I suggest 'My life is mine' by Miriam Reyes, produced by Lupion. This track is a perfect fit for your needs as it has a dance, electronic vibe with female vocals. It will add a dynamic and energetic atmosphere to your video.",My life is mine,Miriam Reyes,1,1,1,0,0,top1_generation_prompt_text_changed_only_precomputed_text_feature_unchanged
1897,bTOju_n8BJ4,bTOju_n8BJ4_ym5bIhHJvM4,bTOju_n8BJ4_ym5bIhHJvM4,bTOju_n8BJ4,1,1,cf_lyrical_piano,top1_prompt_level_preference_counterfactual,original,top1_reference,"I prefer lyrical piano background music with a slow tempo, soft acoustic texture, gentle melody, and a calm sentimental mood.","Sounds interesting, but I'm looking for something with a bit more of a dance and electronic vibe, with female vocals. Do you have any recommendations?","I apologize, but I don't have enough information to recommend a specific track or artist based on your preferences. However, I can suggest exploring the music of Miriam Reyes, as she is known for her lyrical piano background music with a slow tempo, soft acoustic texture, gentle melody, and a calm sentimental mood.","Absolutely! I suggest 'My life is mine' by Miriam Reyes, produced by Lupion. This track is a perfect fit for your needs as it has a dance, electronic vibe with female vocals. It will add a dynamic and energetic atmosphere to your video.","Absolutely! I suggest 'My life is mine' by Miriam Reyes, produced by Lupion. This track is a perfect fit for your needs as it has a dance, electronic vibe with female vocals. It will add a dynamic and energetic atmosphere to your video.",My life is mine,Miriam Reyes,0,1,0,1,0,top1_generation_prompt_text_changed_only_precomputed_text_feature_unchanged
1919,8lC-j7d9vsA,8lC-j7d9vsA_xD52EgezbI8,gwxHiR8bXys_oOmdRlyjFJg,gwxHiR8bXys,0,6,original,top1_prompt_level_preference_counterfactual,original,top1_reference,"Sounds good, but I'm looking for something with a bit more of a rock and alternative vibe. Maybe something from the 00s?","Sounds good, but I'm looking for something with a bit more of a rock and alternative vibe. Maybe something from the 00s?","In that case, you might enjoy 'Wir sind die Besten' by Sido. This track is part of the album 'Wir sind die Besten' and offers a blend of Hip-Hop, rock, electronic, and alternative genres. It has a strong 00s vibe and was released in 2005, which might be exactly what you're looking for.","In that case, I would recommend 'Dziki - Walcz by wygrywać'. Although I don't have specific information about the track, based on the given information that it has tags like Hip-Hop, rock, electronic, alternative, and 00s, it seems to fit your criteria. It might have a more rock and alternative vibe with a touch of electronic elements.","Allow me to recommend 'NO WONDER' by VIKN×SPERB. It's a track from their upcoming split album, released in 2009. The song combines elements of hip-hop, rock, and electronic sounds with indie and alternative influences. It was directed by B.D, NIPPS, and TETRAD, who have also worked on other music videos with a similar style.",NO WONDER,VIKN×SPERB,0,0,0,1,0,top1_generation_prompt_text_changed_only_precomputed_text_feature_unchanged
1919,8lC-j7d9vsA,8lC-j7d9vsA_xD52EgezbI8,gwxHiR8bXys_oOmdRlyjFJg,gwxHiR8bXys,0,6,cf_upbeat_electronic,top1_prompt_level_preference_counterfactual,original,top1_reference,"I prefer upbeat electronic background music with a bright mood, clear rhythm, energetic beats, and a modern dance or pop feeling.","Sounds good, but I'm looking for something with a bit more of a rock and alternative vibe. Maybe something from the 00s?","I suggest you consider 'NO WONDER' by VIKN×SPERB. It's a track from their album 'NO WONDER'. This song combines elements of Hip-Hop, electronic, rock, and pop with a dance influence. It has a fast-paced beat and a modern sound that could be a great fit for your video.","In that case, I would recommend 'Dziki - Walcz by wygrywać'. Although I don't have specific information about the track, based on the given information that it has tags like Hip-Hop, rock, electronic, alternative, and 00s, it seems to fit your criteria. It might have a more rock and alternative vibe with a touch of electronic elements.","Allow me to recommend 'NO WONDER' by VIKN×SPERB. It's a track from their upcoming split album, released in 2009. The song combines elements of hip-hop, rock, and electronic sounds with indie and alternative influences. It was directed by B.D, NIPPS, and TETRAD, who have also worked on other music videos with a similar style.",NO WONDER,VIKN×SPERB,1,1,1,0,0,top1_generation_prompt_text_changed_only_precomputed_text_feature_unchanged
1919,8lC-j7d9vsA,8lC-j7d9vsA_xD52EgezbI8,gwxHiR8bXys_oOmdRlyjFJg,gwxHiR8bXys,0,6,cf_lyrical_piano,top1_prompt_level_preference_counterfactual,original,top1_reference,"I prefer lyrical piano background music with a slow tempo, soft acoustic texture, gentle melody, and a calm sentimental mood.","Sounds good, but I'm looking for something with a bit more of a rock and alternative vibe. Maybe something from the 00s?","I suggest you listen to 'NO WONDER' by VIKN×SPERB. It's a track from their album 'NO WONDER'. The song combines elements of hip-hop, rock, and electronic music with a touch of indie and alternative influences. It has a slow tempo and features lyrical piano and acoustic guitar, creating a soothing and sentimental atmosphere.","In that case, I would recommend 'Dziki - Walcz by wygrywać'. Although I don't have specific information about the track, based on the given information that it has tags like Hip-Hop, rock, electronic, alternative, and 00s, it seems to fit your criteria. It might have a more rock and alternative vibe with a touch of electronic elements.","Allow me to recommend 'NO WONDER' by VIKN×SPERB. It's a track from their upcoming split album, released in 2009. The song combines elements of hip-hop, rock, and electronic sounds with indie and alternative influences. It was directed by B.D, NIPPS, and TETRAD, who have also worked on other music videos with a similar style.",NO WONDER,VIKN×SPERB,1,1,1,0,0,top1_generation_prompt_text_changed_only_precomputed_text_feature_unchanged
1950,XS7C6uA8H7Y,XS7C6uA8H7Y_-xufahb_Szs,yoSObfeinFM_uJDm13pFDZE,yoSObfeinFM,0,6,original,top1_prompt_level_preference_counterfactual,original,top1_reference,"Sounds interesting, but I'm looking for a pop track with female vocals. Do you have any recommendations?","Sounds interesting, but I'm looking for a pop track with female vocals. Do you have any recommendations?",Certainly! I would recommend '캠핑보이' by 제인. This track is a pop song with female vocals. It has a catchy melody and a vibrant sound that would be perfect for your video. It's part of the album '제인 1집'.,"Certainly! I would recommend 'Planos impossiveis' by Manu Gavassi. This pop track features captivating female vocals by Manu Gavassi herself. It has elements of rock, alternative, and indie genres as well, giving it a unique sound. It would be a perfect fit for your video.","Let me suggest '캠핑보이' by 제인. It's a track from their album '크게 숨을 쉬어봐요'. The song combines pop, electronic, and indie elements with female vocals. It has a unique and catchy sound that could add a distinctive touch to your video.",캠핑보이,제인,1,1,1,0,0,top1_generation_prompt_text_changed_only_precomputed_text_feature_unchanged
1950,XS7C6uA8H7Y,XS7C6uA8H7Y_-xufahb_Szs,yoSObfeinFM_uJDm13pFDZE,yoSObfeinFM,0,6,cf_upbeat_electronic,top1_prompt_level_preference_counterfactual,original,top1_reference,"I prefer upbeat electronic background music with a bright mood, clear rhythm, energetic beats, and a modern dance or pop feeling.","Sounds interesting, but I'm looking for a pop track with female vocals. Do you have any recommendations?","Based on your preferences, I recommend '캠핑보이' by 제인. It's a track from the album '제인 앨범'. This song combines elements of pop, electronic, and rock with a dance and indie influence. It has a fast-paced rhythm and energetic beats that align with your preferences.","Certainly! I would recommend 'Planos impossiveis' by Manu Gavassi. This pop track features captivating female vocals by Manu Gavassi herself. It has elements of rock, alternative, and indie genres as well, giving it a unique sound. It would be a perfect fit for your video.","Let me suggest '캠핑보이' by 제인. It's a track from their album '크게 숨을 쉬어봐요'. The song combines pop, electronic, and indie elements with female vocals. It has a unique and catchy sound that could add a distinctive touch to your video.",캠핑보이,제인,1,1,1,0,0,top1_generation_prompt_text_changed_only_precomputed_text_feature_unchanged
1950,XS7C6uA8H7Y,XS7C6uA8H7Y_-xufahb_Szs,yoSObfeinFM_uJDm13pFDZE,yoSObfeinFM,0,6,cf_lyrical_piano,top1_prompt_level_preference_counterfactual,original,top1_reference,"I prefer lyrical piano background music with a slow tempo, soft acoustic texture, gentle melody, and a calm sentimental mood.","Sounds interesting, but I'm looking for a pop track with female vocals. Do you have any recommendations?","I suggest you consider the track '캠핑보이' by 제인. It's a pop and rock song with indie and folk influences. The song features a female vocalist and has a lyrical piano background. It has a slow tempo and a soft acoustic texture, which can create a gentle and sentimental mood for your video.","Certainly! I would recommend 'Planos impossiveis' by Manu Gavassi. This pop track features captivating female vocals by Manu Gavassi herself. It has elements of rock, alternative, and indie genres as well, giving it a unique sound. It would be a perfect fit for your video.","Let me suggest '캠핑보이' by 제인. It's a track from their album '크게 숨을 쉬어봐요'. The song combines pop, electronic, and indie elements with female vocals. It has a unique and catchy sound that could add a distinctive touch to your video.",캠핑보이,제인,1,1,1,0,0,top1_generation_prompt_text_changed_only_precomputed_text_feature_unchanged
2011,FVVJNFvoRNg,FVVJNFvoRNg_YAkJaQTIZts,OQaCKcHt1tw_PzL_Tl2yhoY,OQaCKcHt1tw,0,159,original,top1_prompt_level_preference_counterfactual,original,top1_reference,"I like the recommendation, but I also want to incorporate some electronic beats and dance elements into my video. Do you have any suggestions?","I like the recommendation, but I also want to incorporate some electronic beats and dance elements into my video. Do you have any suggestions?","Certainly! How about 'WALK ON' by GSM YOUNG DOLLA? It's a track that combines hip-hop, electronic, and pop genres with dance elements. The song has a fast-paced techno beat and catchy synth melodies that could add a dynamic and energetic vibe to your video.","Certainly! How about the track 'Shayni' by Elji? It's from the album 'LEXXUS RIDDIM' and combines hip-hop, electronic, rock, and dance genres. This track also has elements of electro and features a male vocal. It could add a catchy and energetic vibe to your video.","Allow me to recommend the track 'WALK ON' by GSM YOUNG DOLLA. Although there is no specific information about the track's album or artist, it falls under the genres of Hip-Hop, electronic, dance, pop, and R&B. This track may align well with your video project, as it combines elements of these genres and could provide the energetic and modern vibe you are looking for.",WALK ON,GSM YOUNG DOLLA,1,1,1,0,0,top1_generation_prompt_text_changed_only_precomputed_text_feature_unchanged
2011,FVVJNFvoRNg,FVVJNFvoRNg_YAkJaQTIZts,OQaCKcHt1tw_PzL_Tl2yhoY,OQaCKcHt1tw,0,159,cf_upbeat_electronic,top1_prompt_level_preference_counterfactual,original,top1_reference,"I prefer upbeat electronic background music with a bright mood, clear rhythm, energetic beats, and a modern dance or pop feeling.","I like the recommendation, but I also want to incorporate some electronic beats and dance elements into my video. Do you have any suggestions?","Based on your preferences, I recommend 'WALK ON' by GSM YOUNG DOLLA. It's an electronic track with elements of dance, pop, and Hip-Hop. The song has a fast tempo and a catchy beat that will give your video a modern and energetic feel.","Certainly! How about the track 'Shayni' by Elji? It's from the album 'LEXXUS RIDDIM' and combines hip-hop, electronic, rock, and dance genres. This track also has elements of electro and features a male vocal. It could add a catchy and energetic vibe to your video.","Allow me to recommend the track 'WALK ON' by GSM YOUNG DOLLA. Although there is no specific information about the track's album or artist, it falls under the genres of Hip-Hop, electronic, dance, pop, and R&B. This track may align well with your video project, as it combines elements of these genres and could provide the energetic and modern vibe you are looking for.",WALK ON,GSM YOUNG DOLLA,1,1,1,0,0,top1_generation_prompt_text_changed_only_precomputed_text_feature_unchanged
2011,FVVJNFvoRNg,FVVJNFvoRNg_YAkJaQTIZts,OQaCKcHt1tw_PzL_Tl2yhoY,OQaCKcHt1tw,0,159,cf_lyrical_piano,top1_prompt_level_preference_counterfactual,original,top1_reference,"I prefer lyrical piano background music with a slow tempo, soft acoustic texture, gentle melody, and a calm sentimental mood.","I like the recommendation, but I also want to incorporate some electronic beats and dance elements into my video. Do you have any suggestions?","I apologize, but I don't have enough information to recommend a specific track that matches your requirements. However, I can suggest exploring the music of GSM YOUNG DOLLA, as they are known for their lyrical piano background music with a slow tempo, soft acoustic texture, gentle melody, and a calm sentimental mood.","Certainly! How about the track 'Shayni' by Elji? It's from the album 'LEXXUS RIDDIM' and combines hip-hop, electronic, rock, and dance genres. This track also has elements of electro and features a male vocal. It could add a catchy and energetic vibe to your video.","Allow me to recommend the track 'WALK ON' by GSM YOUNG DOLLA. Although there is no specific information about the track's album or artist, it falls under the genres of Hip-Hop, electronic, dance, pop, and R&B. This track may align well with your video project, as it combines elements of these genres and could provide the energetic and modern vibe you are looking for.",WALK ON,GSM YOUNG DOLLA,0,1,0,1,0,top1_generation_prompt_text_changed_only_precomputed_text_feature_unchanged
2014,3t8sLQEPY0o,3t8sLQEPY0o_aoGA3sc0aMA,0sreagPs0GQ_NY7PFySXUJA,0sreagPs0GQ,0,4,original,top1_prompt_level_preference_counterfactual,original,top1_reference,"That sounds great! I like the rock and electronic genres in your recommendation. However, I'm also interested in incorporating some punk and hard rock elements into the music. Do you have any recommendations that fit these criteria?","That sounds great! I like the rock and electronic genres in your recommendation. However, I'm also interested in incorporating some punk and hard rock elements into the music. Do you have any recommendations that fit these criteria?","Certainly! How about 'Smoke Idols' by Smoke Idols? It's a track from their album 'Smoke Idols'. The song combines elements of punk, rock, and hard rock, which aligns well with the intense and energetic vibe you're looking for. It was released in 2012 and has a powerful and rebellious sound that could be a fitting choice for your video.","Sure! Let me recommend 'Cómo Baila la Novia' by Roco. It's a track from their self-titled album. The song combines elements of rock, alternative, and punk, with a touch of hard rock. It has a fast-paced drum and guitar-driven sound, which can add a powerful and energetic vibe to your fitness video.","Allow me to recommend 'Come Clean' by Smoke Idols. Although I don't have much information about this track, Smoke Idols is known for their indie rock sound and they have been classified under the genres of rock, indie, punk, and alternative. This should align well with the indie and alternative rock elements you're looking for. Since I don't have much information about their track, I can't provide more details about the guitar and drums presence in the song.",Come Clean,Smoke Idols,0,1,0,1,0,top1_generation_prompt_text_changed_only_precomputed_text_feature_unchanged
2014,3t8sLQEPY0o,3t8sLQEPY0o_aoGA3sc0aMA,0sreagPs0GQ_NY7PFySXUJA,0sreagPs0GQ,0,4,cf_upbeat_electronic,top1_prompt_level_preference_counterfactual,original,top1_reference,"I prefer upbeat electronic background music with a bright mood, clear rhythm, energetic beats, and a modern dance or pop feeling.","That sounds great! I like the rock and electronic genres in your recommendation. However, I'm also interested in incorporating some punk and hard rock elements into the music. Do you have any recommendations that fit these criteria?","I suggest you consider 'Come Clean' by Smoke Idols. It's a rock track with indie and alternative influences. The song has a fast-paced and energetic sound, with a focus on guitar and drums. It aligns well with your preference for upbeat electronic background music with a bright mood and energetic beats.","Sure! Let me recommend 'Cómo Baila la Novia' by Roco. It's a track from their self-titled album. The song combines elements of rock, alternative, and punk, with a touch of hard rock. It has a fast-paced drum and guitar-driven sound, which can add a powerful and energetic vibe to your fitness video.","Allow me to recommend 'Come Clean' by Smoke Idols. Although I don't have much information about this track, Smoke Idols is known for their indie rock sound and they have been classified under the genres of rock, indie, punk, and alternative. This should align well with the indie and alternative rock elements you're looking for. Since I don't have much information about their track, I can't provide more details about the guitar and drums presence in the song.",Come Clean,Smoke Idols,1,1,1,0,0,top1_generation_prompt_text_changed_only_precomputed_text_feature_unchanged
2014,3t8sLQEPY0o,3t8sLQEPY0o_aoGA3sc0aMA,0sreagPs0GQ_NY7PFySXUJA,0sreagPs0GQ,0,4,cf_lyrical_piano,top1_prompt_level_preference_counterfactual,original,top1_reference,"I prefer lyrical piano background music with a slow tempo, soft acoustic texture, gentle melody, and a calm sentimental mood.","That sounds great! I like the rock and electronic genres in your recommendation. However, I'm also interested in incorporating some punk and hard rock elements into the music. Do you have any recommendations that fit these criteria?","I apologize, but I don't have enough information to recommend a specific track or artist based on your preferences. However, I can suggest exploring the music of Smoke Idols, as they are known for their rock, indie, and alternative style. You may find a track that aligns with your preferences.","Sure! Let me recommend 'Cómo Baila la Novia' by Roco. It's a track from their self-titled album. The song combines elements of rock, alternative, and punk, with a touch of hard rock. It has a fast-paced drum and guitar-driven sound, which can add a powerful and energetic vibe to your fitness video.","Allow me to recommend 'Come Clean' by Smoke Idols. Although I don't have much information about this track, Smoke Idols is known for their indie rock sound and they have been classified under the genres of rock, indie, punk, and alternative. This should align well with the indie and alternative rock elements you're looking for. Since I don't have much information about their track, I can't provide more details about the guitar and drums presence in the song.",Come Clean,Smoke Idols,0,1,0,1,0,top1_generation_prompt_text_changed_only_precomputed_text_feature_unchanged
2058,btRS8oEZTps,btRS8oEZTps_fjJdFm0fj-o,btRS8oEZTps_fjJdFm0fj-o,btRS8oEZTps,1,1,original,top1_prompt_level_preference_counterfactual,original,top1_reference,"That sounds great! I'm also interested in incorporating some elements of MobSquad Carollina's style, particularly their hip-hop and rock influences. Can you recommend a track that combines those genres?","That sounds great! I'm also interested in incorporating some elements of MobSquad Carollina's style, particularly their hip-hop and rock influences. Can you recommend a track that combines those genres?","Certainly! I recommend 'MobSquad Carollina' by MobSquad Carollina. It's a track that combines elements of hip-hop, electronic, and rock. The song has a fast-paced beat and features male vocals. It was released in 2013 and could add a unique touch to your video.","Certainly! I suggest checking out 'The Cypher' by MobSquad Carollina. It's a track from their album 'Triangle Offense' and it blends hip-hop, electronic, and rock elements. The song was produced by PET Da Rocka and has a unique and energetic sound. It's a great choice if you want to incorporate hip-hop and rock vibes into your video.","Certainly! I suggest checking out 'The Cypher' by MobSquad Carollina. It's a track from their album 'Triangle Offense' and it blends hip-hop, electronic, and rock elements. The song was produced by PET Da Rocka and has a unique and energetic sound. It's a great choice if you want to incorporate hip-hop and rock vibes into your video.",The Cypher,MobSquad Carollina,0,1,0,1,0,top1_generation_prompt_text_changed_only_precomputed_text_feature_unchanged
2058,btRS8oEZTps,btRS8oEZTps_fjJdFm0fj-o,btRS8oEZTps_fjJdFm0fj-o,btRS8oEZTps,1,1,cf_upbeat_electronic,top1_prompt_level_preference_counterfactual,original,top1_reference,"I prefer upbeat electronic background music with a bright mood, clear rhythm, energetic beats, and a modern dance or pop feeling.","That sounds great! I'm also interested in incorporating some elements of MobSquad Carollina's style, particularly their hip-hop and rock influences. Can you recommend a track that combines those genres?","Based on your preferences, I recommend 'MobSquad Carollina - Cypher'. It's a track with a bright mood, clear rhythm, energetic beats, and a modern dance or pop feeling. Although I don't have much information about the track, it aligns well with your requirements.","Certainly! I suggest checking out 'The Cypher' by MobSquad Carollina. It's a track from their album 'Triangle Offense' and it blends hip-hop, electronic, and rock elements. The song was produced by PET Da Rocka and has a unique and energetic sound. It's a great choice if you want to incorporate hip-hop and rock vibes into your video.","Certainly! I suggest checking out 'The Cypher' by MobSquad Carollina. It's a track from their album 'Triangle Offense' and it blends hip-hop, electronic, and rock elements. The song was produced by PET Da Rocka and has a unique and energetic sound. It's a great choice if you want to incorporate hip-hop and rock vibes into your video.",The Cypher,MobSquad Carollina,0,1,0,1,0,top1_generation_prompt_text_changed_only_precomputed_text_feature_unchanged
2058,btRS8oEZTps,btRS8oEZTps_fjJdFm0fj-o,btRS8oEZTps_fjJdFm0fj-o,btRS8oEZTps,1,1,cf_lyrical_piano,top1_prompt_level_preference_counterfactual,original,top1_reference,"I prefer lyrical piano background music with a slow tempo, soft acoustic texture, gentle melody, and a calm sentimental mood.","That sounds great! I'm also interested in incorporating some elements of MobSquad Carollina's style, particularly their hip-hop and rock influences. Can you recommend a track that combines those genres?","I apologize, but I don't have enough information to recommend a specific track that matches your preferences. However, I can suggest exploring the music of MobSquad Carollina, as they are known for their lyrical piano background music with a slow tempo and a calm sentimental mood.","Certainly! I suggest checking out 'The Cypher' by MobSquad Carollina. It's a track from their album 'Triangle Offense' and it blends hip-hop, electronic, and rock elements. The song was produced by PET Da Rocka and has a unique and energetic sound. It's a great choice if you want to incorporate hip-hop and rock vibes into your video.","Certainly! I suggest checking out 'The Cypher' by MobSquad Carollina. It's a track from their album 'Triangle Offense' and it blends hip-hop, electronic, and rock elements. The song was produced by PET Da Rocka and has a unique and energetic sound. It's a great choice if you want to incorporate hip-hop and rock vibes into your video.",The Cypher,MobSquad Carollina,0,1,0,1,0,top1_generation_prompt_text_changed_only_precomputed_text_feature_unchanged
2060,vJ4se76h4pg,vJ4se76h4pg_E4o8oOlzTAQ,vJ4se76h4pg_E4o8oOlzTAQ,vJ4se76h4pg,1,1,original,top1_prompt_level_preference_counterfactual,original,top1_reference,"That sounds great, I like the rock and alternative types in your music recommendations. But I also want to incorporate a bit more of DESPISTAOS's style, especially their indie and punk components. I'm also interested in pop and drum influences.","That sounds great, I like the rock and alternative types in your music recommendations. But I also want to incorporate a bit more of DESPISTAOS's style, especially their indie and punk components. I'm also interested in pop and drum influences.","Allow me to recommend 'EMBRUJADA' by DESPISTAOS. It's a track from their album 'EMBRUJADA'. It combines elements of indie rock, punk, and alternative with a pop influence. The song has a fast-paced drum beat that could be a fitting choice for your video.","Allow me to recommend 'EMBRUJADA' by DESPISTAOS. It's a rock track with indie and alternative rock influences. Although I don't have much information about this specific track, DESPISTAOS is known for their punk and alternative style, which might align with the energy and drum elements you're looking for in your project.","Allow me to recommend 'EMBRUJADA' by DESPISTAOS. It's a rock track with indie and alternative rock influences. Although I don't have much information about this specific track, DESPISTAOS is known for their punk and alternative style, which might align with the energy and drum elements you're looking for in your project.",EMBRUJADA,DESPISTAOS,1,1,1,0,0,top1_generation_prompt_text_changed_only_precomputed_text_feature_unchanged
2060,vJ4se76h4pg,vJ4se76h4pg_E4o8oOlzTAQ,vJ4se76h4pg_E4o8oOlzTAQ,vJ4se76h4pg,1,1,cf_upbeat_electronic,top1_prompt_level_preference_counterfactual,original,top1_reference,"I prefer upbeat electronic background music with a bright mood, clear rhythm, energetic beats, and a modern dance or pop feeling.","That sounds great, I like the rock and alternative types in your music recommendations. But I also want to incorporate a bit more of DESPISTAOS's style, especially their indie and punk components. I'm also interested in pop and drum influences.","I suggest you consider 'EMBRUJADA' by DESPISTAOS. It's a track from their album 'EMBRUJADA'. The song combines elements of rock, indie, and alternative with a touch of punk. It has a fast-paced and energetic sound with a focus on guitar and drums. The music video for 'EMBRUJADA' was directed by Javier Sánchez and features a vibrant and colorful visual style.","Allow me to recommend 'EMBRUJADA' by DESPISTAOS. It's a rock track with indie and alternative rock influences. Although I don't have much information about this specific track, DESPISTAOS is known for their punk and alternative style, which might align with the energy and drum elements you're looking for in your project.","Allow me to recommend 'EMBRUJADA' by DESPISTAOS. It's a rock track with indie and alternative rock influences. Although I don't have much information about this specific track, DESPISTAOS is known for their punk and alternative style, which might align with the energy and drum elements you're looking for in your project.",EMBRUJADA,DESPISTAOS,1,1,1,0,0,top1_generation_prompt_text_changed_only_precomputed_text_feature_unchanged
2060,vJ4se76h4pg,vJ4se76h4pg_E4o8oOlzTAQ,vJ4se76h4pg_E4o8oOlzTAQ,vJ4se76h4pg,1,1,cf_lyrical_piano,top1_prompt_level_preference_counterfactual,original,top1_reference,"I prefer lyrical piano background music with a slow tempo, soft acoustic texture, gentle melody, and a calm sentimental mood.","That sounds great, I like the rock and alternative types in your music recommendations. But I also want to incorporate a bit more of DESPISTAOS's style, especially their indie and punk components. I'm also interested in pop and drum influences.","I apologize, but I don't have enough information to recommend a specific track or artist based on your preferences. However, I can suggest exploring the music of DESPISTAOS, as they are known for their rock, indie, and alternative style with elements of punk. You may find a track that aligns with your preferences.","Allow me to recommend 'EMBRUJADA' by DESPISTAOS. It's a rock track with indie and alternative rock influences. Although I don't have much information about this specific track, DESPISTAOS is known for their punk and alternative style, which might align with the energy and drum elements you're looking for in your project.","Allow me to recommend 'EMBRUJADA' by DESPISTAOS. It's a rock track with indie and alternative rock influences. Although I don't have much information about this specific track, DESPISTAOS is known for their punk and alternative style, which might align with the energy and drum elements you're looking for in your project.",EMBRUJADA,DESPISTAOS,0,1,0,1,0,top1_generation_prompt_text_changed_only_precomputed_text_feature_unchanged
2072,yCBk4C1_90A,yCBk4C1_90A_35Ke6zvmb4k,yCBk4C1_90A_35Ke6zvmb4k,yCBk4C1_90A,1,1,original,top1_prompt_level_preference_counterfactual,original,top1_reference,"That sounds great! However, I would also like to include some electronic and dance elements in the music, similar to Beyoncé's 'Run the World (Girls)'. Can you suggest something that combines rock with electronic and dance influences?","That sounds great! However, I would also like to include some electronic and dance elements in the music, similar to Beyoncé's 'Run the World (Girls)'. Can you suggest something that combines rock with electronic and dance influences?","Certainly! How about 'Run the World (Girls)' by Beyoncé? It's a track that combines electronic, dance, and pop elements with a touch of rock. The song features Beyoncé's powerful vocals and catchy beats, which could add a dynamic and energetic vibe to your video.",Certainly! How about 'Run the World (Girls)' by Beyoncé? It's a dance-pop track with electronic and house influences. The song features strong female vocals and energetic beats that could complement the rock elements you're looking for. It was released as a single and has gained popularity for its empowering message.,Certainly! How about 'Run the World (Girls)' by Beyoncé? It's a dance-pop track with electronic and house influences. The song features strong female vocals and energetic beats that could complement the rock elements you're looking for. It was released as a single and has gained popularity for its empowering message.,Run the World (Girls),Beyoncé,1,1,1,0,0,top1_generation_prompt_text_changed_only_precomputed_text_feature_unchanged
2072,yCBk4C1_90A,yCBk4C1_90A_35Ke6zvmb4k,yCBk4C1_90A_35Ke6zvmb4k,yCBk4C1_90A,1,1,cf_upbeat_electronic,top1_prompt_level_preference_counterfactual,original,top1_reference,"I prefer upbeat electronic background music with a bright mood, clear rhythm, energetic beats, and a modern dance or pop feeling.","That sounds great! However, I would also like to include some electronic and dance elements in the music, similar to Beyoncé's 'Run the World (Girls)'. Can you suggest something that combines rock with electronic and dance influences?","In that case, 'Run the World (Girls)' by Beyoncé would be an excellent choice. It's a track from her album 'Run the World (Girls)'. This song combines elements of dance, pop, electronic, and rock, with a fast tempo and a techno influence. It's a perfect fit for a video with a modern and energetic vibe.",Certainly! How about 'Run the World (Girls)' by Beyoncé? It's a dance-pop track with electronic and house influences. The song features strong female vocals and energetic beats that could complement the rock elements you're looking for. It was released as a single and has gained popularity for its empowering message.,Certainly! How about 'Run the World (Girls)' by Beyoncé? It's a dance-pop track with electronic and house influences. The song features strong female vocals and energetic beats that could complement the rock elements you're looking for. It was released as a single and has gained popularity for its empowering message.,Run the World (Girls),Beyoncé,1,1,1,0,0,top1_generation_prompt_text_changed_only_precomputed_text_feature_unchanged
2072,yCBk4C1_90A,yCBk4C1_90A_35Ke6zvmb4k,yCBk4C1_90A_35Ke6zvmb4k,yCBk4C1_90A,1,1,cf_lyrical_piano,top1_prompt_level_preference_counterfactual,original,top1_reference,"I prefer lyrical piano background music with a slow tempo, soft acoustic texture, gentle melody, and a calm sentimental mood.","That sounds great! However, I would also like to include some electronic and dance elements in the music, similar to Beyoncé's 'Run the World (Girls)'. Can you suggest something that combines rock with electronic and dance influences?","I apologize, but I don't have enough information to recommend a specific track that matches your requirements. However, I can suggest exploring the music of artists like Beyoncé, who are known for their lyrical piano background music with a slow tempo, soft acoustic texture, gentle melody, and a calm sentimental mood.",Certainly! How about 'Run the World (Girls)' by Beyoncé? It's a dance-pop track with electronic and house influences. The song features strong female vocals and energetic beats that could complement the rock elements you're looking for. It was released as a single and has gained popularity for its empowering message.,Certainly! How about 'Run the World (Girls)' by Beyoncé? It's a dance-pop track with electronic and house influences. The song features strong female vocals and energetic beats that could complement the rock elements you're looking for. It was released as a single and has gained popularity for its empowering message.,Run the World (Girls),Beyoncé,0,1,0,1,0,top1_generation_prompt_text_changed_only_precomputed_text_feature_unchanged
2088,ZRntURxcjYg,ZRntURxcjYg_dapK0eqVQQU,ZjGQnhHNeHA_E7KpR8WCzfE,ZjGQnhHNeHA,0,15,original,top1_prompt_level_preference_counterfactual,original,top1_reference,"That's a great suggestion! I really like the rock and metal elements in your recommendations. However, I would like to include some rock and indie influences in the music as well. Can you recommend something that combines these styles?","That's a great suggestion! I really like the rock and metal elements in your recommendations. However, I would like to include some rock and indie influences in the music as well. Can you recommend something that combines these styles?","Certainly! How about 'The Way I Am' by Ana Johnsson? It's a rock track with indie and alternative influences. The song has a strong guitar presence and a catchy melody that could be a fitting choice for your video. It was released in 2005, which may contain the specific elements you're looking for.","Sure! How about 'Sakuramitsutsuki' by SPYAIR? It's a track by SPYAIR, known for their rock, indie, punk, and alternative rock style. This song was released as their 10th single and was featured as the opening theme for the anime 'Gintama'. It has a rock sound with a mix of guitar, drums, and vocals.","I understand. How about 'The Way I Am' by Ana Johnsson? Although I don't have specific information about the track, Ana Johnsson is known for her rock, punk, and alternative style with powerful female vocals. It's a high-quality music video released in 2003, which aligns well with the timeframe you mentioned.",The Way I Am,Ana Johnsson,1,1,1,0,0,top1_generation_prompt_text_changed_only_precomputed_text_feature_unchanged
2088,ZRntURxcjYg,ZRntURxcjYg_dapK0eqVQQU,ZjGQnhHNeHA_E7KpR8WCzfE,ZjGQnhHNeHA,0,15,cf_upbeat_electronic,top1_prompt_level_preference_counterfactual,original,top1_reference,"I prefer upbeat electronic background music with a bright mood, clear rhythm, energetic beats, and a modern dance or pop feeling.","That's a great suggestion! I really like the rock and metal elements in your recommendations. However, I would like to include some rock and indie influences in the music as well. Can you recommend something that combines these styles?","I suggest you consider 'The Way I Am' by Ana Johnsson. It's a track from her album 'The Way I Am'. This song combines elements of rock, punk, and alternative with a touch of indie. It has a fast-paced and energetic sound with a focus on guitar and drums. The music video for this song was directed by David LaChapelle, adding a visually captivating element to the overall experience.","Sure! How about 'Sakuramitsutsuki' by SPYAIR? It's a track by SPYAIR, known for their rock, indie, punk, and alternative rock style. This song was released as their 10th single and was featured as the opening theme for the anime 'Gintama'. It has a rock sound with a mix of guitar, drums, and vocals.","I understand. How about 'The Way I Am' by Ana Johnsson? Although I don't have specific information about the track, Ana Johnsson is known for her rock, punk, and alternative style with powerful female vocals. It's a high-quality music video released in 2003, which aligns well with the timeframe you mentioned.",The Way I Am,Ana Johnsson,1,1,1,0,0,top1_generation_prompt_text_changed_only_precomputed_text_feature_unchanged
2088,ZRntURxcjYg,ZRntURxcjYg_dapK0eqVQQU,ZjGQnhHNeHA_E7KpR8WCzfE,ZjGQnhHNeHA,0,15,cf_lyrical_piano,top1_prompt_level_preference_counterfactual,original,top1_reference,"I prefer lyrical piano background music with a slow tempo, soft acoustic texture, gentle melody, and a calm sentimental mood.","That's a great suggestion! I really like the rock and metal elements in your recommendations. However, I would like to include some rock and indie influences in the music as well. Can you recommend something that combines these styles?","I apologize, but I don't have enough information to recommend a specific track or artist based on your preferences. However, I can suggest exploring the music of Ana Johnsson, as she is known for her piano-driven rock sound. You may find a track that aligns with your preferences.","Sure! How about 'Sakuramitsutsuki' by SPYAIR? It's a track by SPYAIR, known for their rock, indie, punk, and alternative rock style. This song was released as their 10th single and was featured as the opening theme for the anime 'Gintama'. It has a rock sound with a mix of guitar, drums, and vocals.","I understand. How about 'The Way I Am' by Ana Johnsson? Although I don't have specific information about the track, Ana Johnsson is known for her rock, punk, and alternative style with powerful female vocals. It's a high-quality music video released in 2003, which aligns well with the timeframe you mentioned.",The Way I Am,Ana Johnsson,0,1,0,1,0,top1_generation_prompt_text_changed_only_precomputed_text_feature_unchanged
2116,i8bWAIOD5Mc,i8bWAIOD5Mc__BnNJkJUDbQ,Sf85MN_Ykc0__LZvHatk9I8,Sf85MN_Ykc0,0,77,original,top1_prompt_level_preference_counterfactual,original,top1_reference,"That sounds great, but I also want to incorporate some hip-hop and hip-hop elements into the music. Can you recommend something that combines electronic dance with hip-hop?","That sounds great, but I also want to incorporate some hip-hop and hip-hop elements into the music. Can you recommend something that combines electronic dance with hip-hop?","Certainly! How about 'Break It Down' by Mz Streamz? It's a track from her album 'Break It Down'. This song combines elements of hip-hop, electronic dance, and pop. It has a fast-paced beat and catchy vocals that could be a fitting choice for your video.","Sure! How about 'Tacatá' by Tacabro? It's a popular dance track that combines electronic and hip-hop elements. Although it doesn't have a specific description, it's tagged as dance, electronic, hip-hop, house, and electro. It could be a fitting choice for your video as it brings together the energetic and vibrant vibes of electronic dance and the rhythmic elements of hip-hop.","Allow me to recommend 'Break It Down' by Mz Streamz. It's a track from their album 'Life's A Bitch'. It combines elements of hip-hop, pop, R&B, and dance with techno and electronic beats. The song features powerful female vocals that can add a catchy and dynamic element to your video. Please note that the recording quality may be affected due to issues with the original song on YouTube.",Break It Down,Mz Streamz,1,1,1,0,0,top1_generation_prompt_text_changed_only_precomputed_text_feature_unchanged
2116,i8bWAIOD5Mc,i8bWAIOD5Mc__BnNJkJUDbQ,Sf85MN_Ykc0__LZvHatk9I8,Sf85MN_Ykc0,0,77,cf_upbeat_electronic,top1_prompt_level_preference_counterfactual,original,top1_reference,"I prefer upbeat electronic background music with a bright mood, clear rhythm, energetic beats, and a modern dance or pop feeling.","That sounds great, but I also want to incorporate some hip-hop and hip-hop elements into the music. Can you recommend something that combines electronic dance with hip-hop?","Based on your preferences, I recommend 'Break It Down' by Mz Streamz. It's a track from the album 'Break It Down' and features a mix of hip-hop, electronic, dance, and pop elements. The song has a fast tempo and a catchy beat that will add energy to your video.","Sure! How about 'Tacatá' by Tacabro? It's a popular dance track that combines electronic and hip-hop elements. Although it doesn't have a specific description, it's tagged as dance, electronic, hip-hop, house, and electro. It could be a fitting choice for your video as it brings together the energetic and vibrant vibes of electronic dance and the rhythmic elements of hip-hop.","Allow me to recommend 'Break It Down' by Mz Streamz. It's a track from their album 'Life's A Bitch'. It combines elements of hip-hop, pop, R&B, and dance with techno and electronic beats. The song features powerful female vocals that can add a catchy and dynamic element to your video. Please note that the recording quality may be affected due to issues with the original song on YouTube.",Break It Down,Mz Streamz,1,1,1,0,0,top1_generation_prompt_text_changed_only_precomputed_text_feature_unchanged
2116,i8bWAIOD5Mc,i8bWAIOD5Mc__BnNJkJUDbQ,Sf85MN_Ykc0__LZvHatk9I8,Sf85MN_Ykc0,0,77,cf_lyrical_piano,top1_prompt_level_preference_counterfactual,original,top1_reference,"I prefer lyrical piano background music with a slow tempo, soft acoustic texture, gentle melody, and a calm sentimental mood.","That sounds great, but I also want to incorporate some hip-hop and hip-hop elements into the music. Can you recommend something that combines electronic dance with hip-hop?","I apologize, but I don't have enough information to recommend a specific track that matches your requirements. However, I can suggest exploring the music of Mz Streamz, as they are known for their hip-hop, electronic, and R&B style with female vocalists. You may find a track that aligns with your preferences.","Sure! How about 'Tacatá' by Tacabro? It's a popular dance track that combines electronic and hip-hop elements. Although it doesn't have a specific description, it's tagged as dance, electronic, hip-hop, house, and electro. It could be a fitting choice for your video as it brings together the energetic and vibrant vibes of electronic dance and the rhythmic elements of hip-hop.","Allow me to recommend 'Break It Down' by Mz Streamz. It's a track from their album 'Life's A Bitch'. It combines elements of hip-hop, pop, R&B, and dance with techno and electronic beats. The song features powerful female vocals that can add a catchy and dynamic element to your video. Please note that the recording quality may be affected due to issues with the original song on YouTube.",Break It Down,Mz Streamz,0,1,0,1,0,top1_generation_prompt_text_changed_only_precomputed_text_feature_unchanged
2172,sBTkevwy9xo,sBTkevwy9xo_i8Q6ZmEVZxI,Hw8xcOo1QEk_i3lH-Ys9JQs,Hw8xcOo1QEk,0,4,original,top1_prompt_level_preference_counterfactual,original,top1_reference,"That sounds great, but I also want to include ES Posthumus' unique style in my video. They are known for their rock and electronic music with indie and alternative influences. Can you suggest a track that combines these elements?","That sounds great, but I also want to include ES Posthumus' unique style in my video. They are known for their rock and electronic music with indie and alternative influences. Can you suggest a track that combines these elements?","Certainly! I recommend 'The Last Goodbye' by ES Posthumus. It's a track from their album 'The Last Goodbye'. The song combines elements of rock, electronic, and indie music, with alternative influences. It features male vocals and a guitar-driven sound, which aligns well with ES Posthumus' distinctive style.",Certainly! I recommend 'Louder Than Words' by ES Posthumus. It's a track from their album 'Les Friction Album'. This song blends rock and electronic elements with an experimental and alternative touch. It has a powerful and intense sound that could complement the energetic vibe of your video.,"Allow me to recommend 'Warriors' by Imagine Dragons. It's a track from their album 'Warriors'. It combines elements of rock, indie, and alternative rock with male vocals. The song has a loud and energetic sound that could be a fitting choice for your video.",Warriors,Imagine Dragons,0,0,0,1,0,top1_generation_prompt_text_changed_only_precomputed_text_feature_unchanged
2172,sBTkevwy9xo,sBTkevwy9xo_i8Q6ZmEVZxI,Hw8xcOo1QEk_i3lH-Ys9JQs,Hw8xcOo1QEk,0,4,cf_upbeat_electronic,top1_prompt_level_preference_counterfactual,original,top1_reference,"I prefer upbeat electronic background music with a bright mood, clear rhythm, energetic beats, and a modern dance or pop feeling.","That sounds great, but I also want to include ES Posthumus' unique style in my video. They are known for their rock and electronic music with indie and alternative influences. Can you suggest a track that combines these elements?","I suggest you consider 'Radioactive' by Imagine Dragons. It's a track from their album 'Radioactive'. This song combines elements of rock, indie, alternative, and pop, with a focus on guitar and drums. It has a fast-paced and energetic sound that aligns well with your preferences.",Certainly! I recommend 'Louder Than Words' by ES Posthumus. It's a track from their album 'Les Friction Album'. This song blends rock and electronic elements with an experimental and alternative touch. It has a powerful and intense sound that could complement the energetic vibe of your video.,"Allow me to recommend 'Warriors' by Imagine Dragons. It's a track from their album 'Warriors'. It combines elements of rock, indie, and alternative rock with male vocals. The song has a loud and energetic sound that could be a fitting choice for your video.",Warriors,Imagine Dragons,0,1,0,1,0,top1_generation_prompt_text_changed_only_precomputed_text_feature_unchanged
2172,sBTkevwy9xo,sBTkevwy9xo_i8Q6ZmEVZxI,Hw8xcOo1QEk_i3lH-Ys9JQs,Hw8xcOo1QEk,0,4,cf_lyrical_piano,top1_prompt_level_preference_counterfactual,original,top1_reference,"I prefer lyrical piano background music with a slow tempo, soft acoustic texture, gentle melody, and a calm sentimental mood.","That sounds great, but I also want to include ES Posthumus' unique style in my video. They are known for their rock and electronic music with indie and alternative influences. Can you suggest a track that combines these elements?","I apologize, but I don't have enough information to recommend a specific track based on your preferences. However, I can suggest exploring the music of Imagine Dragons, as they are known for their rock, indie, alternative, and pop genres. You may find a track that aligns with your preferences.",Certainly! I recommend 'Louder Than Words' by ES Posthumus. It's a track from their album 'Les Friction Album'. This song blends rock and electronic elements with an experimental and alternative touch. It has a powerful and intense sound that could complement the energetic vibe of your video.,"Allow me to recommend 'Warriors' by Imagine Dragons. It's a track from their album 'Warriors'. It combines elements of rock, indie, and alternative rock with male vocals. The song has a loud and energetic sound that could be a fitting choice for your video.",Warriors,Imagine Dragons,0,1,0,1,0,top1_generation_prompt_text_changed_only_precomputed_text_feature_unchanged
2176,3LJM-jE1ms4,3LJM-jE1ms4_A84hNilKxFM,3LJM-jE1ms4_A84hNilKxFM,3LJM-jE1ms4,1,1,original,top1_prompt_level_preference_counterfactual,original,top1_reference,"Sounds interesting, but I'm looking for something with more of a Hip-Hop and R&B vibe, and maybe a touch of electronic and indie.","Sounds interesting, but I'm looking for something with more of a Hip-Hop and R&B vibe, and maybe a touch of electronic and indie.","In that case, I would recommend 'BabiiBoii - Dam (Freestyle)'. This track combines elements of Hip-Hop, electronic, R&B, and indie, giving it a unique and modern sound. It's a freestyle that showcases the talent of BabiiBoii. It's a great choice for your video!","In that case, I recommend 'Dam (Freestyle)' by Starship featuring BabiiBoii. This track offers a unique blend of Hip-Hop, R&B, electronic, and indie music. The vocals are male, which adds a smooth and soulful touch to the song. It would be a great fit for your video!","In that case, I recommend 'Dam (Freestyle)' by Starship featuring BabiiBoii. This track offers a unique blend of Hip-Hop, R&B, electronic, and indie music. The vocals are male, which adds a smooth and soulful touch to the song. It would be a great fit for your video!",Dam (Freestyle),Starship featuring BabiiBoii,1,0,0,1,0,top1_generation_prompt_text_changed_only_precomputed_text_feature_unchanged
2176,3LJM-jE1ms4,3LJM-jE1ms4_A84hNilKxFM,3LJM-jE1ms4_A84hNilKxFM,3LJM-jE1ms4,1,1,cf_upbeat_electronic,top1_prompt_level_preference_counterfactual,original,top1_reference,"I prefer upbeat electronic background music with a bright mood, clear rhythm, energetic beats, and a modern dance or pop feeling.","Sounds interesting, but I'm looking for something with more of a Hip-Hop and R&B vibe, and maybe a touch of electronic and indie.","Based on your preferences, I recommend 'Dam (Freestyle)' by Starship featuring BabiiBoii. It's a track from the album 'Dam (Freestyle)' and offers a blend of Hip-Hop, electronic, dance, pop, and rock genres. The song has a fast-paced beat and energetic vibe that aligns well with your requirements.","In that case, I recommend 'Dam (Freestyle)' by Starship featuring BabiiBoii. This track offers a unique blend of Hip-Hop, R&B, electronic, and indie music. The vocals are male, which adds a smooth and soulful touch to the song. It would be a great fit for your video!","In that case, I recommend 'Dam (Freestyle)' by Starship featuring BabiiBoii. This track offers a unique blend of Hip-Hop, R&B, electronic, and indie music. The vocals are male, which adds a smooth and soulful touch to the song. It would be a great fit for your video!",Dam (Freestyle),Starship featuring BabiiBoii,1,1,1,0,0,top1_generation_prompt_text_changed_only_precomputed_text_feature_unchanged
2176,3LJM-jE1ms4,3LJM-jE1ms4_A84hNilKxFM,3LJM-jE1ms4_A84hNilKxFM,3LJM-jE1ms4,1,1,cf_lyrical_piano,top1_prompt_level_preference_counterfactual,original,top1_reference,"I prefer lyrical piano background music with a slow tempo, soft acoustic texture, gentle melody, and a calm sentimental mood.","Sounds interesting, but I'm looking for something with more of a Hip-Hop and R&B vibe, and maybe a touch of electronic and indie.","I apologize, but I couldn't find any music that matches your preferences. However, I can recommend 'BabiiBoii' by Starship featuring BabiiBoii. It's a hip-hop track with electronic and rock influences. Although it doesn't have the specific elements you mentioned, it might still be a suitable choice for your video.","In that case, I recommend 'Dam (Freestyle)' by Starship featuring BabiiBoii. This track offers a unique blend of Hip-Hop, R&B, electronic, and indie music. The vocals are male, which adds a smooth and soulful touch to the song. It would be a great fit for your video!","In that case, I recommend 'Dam (Freestyle)' by Starship featuring BabiiBoii. This track offers a unique blend of Hip-Hop, R&B, electronic, and indie music. The vocals are male, which adds a smooth and soulful touch to the song. It would be a great fit for your video!",Dam (Freestyle),Starship featuring BabiiBoii,0,1,0,1,0,top1_generation_prompt_text_changed_only_precomputed_text_feature_unchanged
2216,GavrpKnU4Hc,GavrpKnU4Hc_T7QYuPMt_68,NKzzaZNP4lk_bg_aj6wZRAQ,NKzzaZNP4lk,0,11,original,top1_prompt_level_preference_counterfactual,original,top1_reference,"That sounds great, but I'm looking for something with a mix of rock, indie and pop genres. I also want to incorporate some blues and guitar elements into the music.","That sounds great, but I'm looking for something with a mix of rock, indie and pop genres. I also want to incorporate some blues and guitar elements into the music.","Allow me to recommend 'Running in Circles' by Hundred Yard Smash. It's a track from their album 'Running in Circles'. This song combines elements of rock, indie, and pop genres, with a touch of blues and guitar. It was recorded live in 2012, which adds a unique energy to the music.","I suggest you listen to 'Gratidão' by Dunamis. It's a track from their album 'Gratidão'. The song combines elements of rock, indie and pop genres, with a touch of blues and guitar. It has a male vocal and was produced by Studio F. The music video was directed by Raddson Ricelle.","Certainly! For a track with an indie rock vibe and blues influences, I recommend 'Running in Circles (LIVE)' by Hundred Yard Smash. Although I don't have specific information about the track, based on the artist's genre tags of rock, indie, alternative, and blues, it's likely to have the sound you're looking for.",Running in Circles (LIVE),Hundred Yard Smash,0,1,0,1,0,top1_generation_prompt_text_changed_only_precomputed_text_feature_unchanged
2216,GavrpKnU4Hc,GavrpKnU4Hc_T7QYuPMt_68,NKzzaZNP4lk_bg_aj6wZRAQ,NKzzaZNP4lk,0,11,cf_upbeat_electronic,top1_prompt_level_preference_counterfactual,original,top1_reference,"I prefer upbeat electronic background music with a bright mood, clear rhythm, energetic beats, and a modern dance or pop feeling.","That sounds great, but I'm looking for something with a mix of rock, indie and pop genres. I also want to incorporate some blues and guitar elements into the music.","I suggest you consider 'Hundred Yard Smash' by Hundred Yard Smash. It's a live performance recorded in 2012. The track combines elements of rock, indie, alternative, and pop, with a focus on guitar and drums. It has a fast-paced and energetic sound that could be a fitting choice for your video.","I suggest you listen to 'Gratidão' by Dunamis. It's a track from their album 'Gratidão'. The song combines elements of rock, indie and pop genres, with a touch of blues and guitar. It has a male vocal and was produced by Studio F. The music video was directed by Raddson Ricelle.","Certainly! For a track with an indie rock vibe and blues influences, I recommend 'Running in Circles (LIVE)' by Hundred Yard Smash. Although I don't have specific information about the track, based on the artist's genre tags of rock, indie, alternative, and blues, it's likely to have the sound you're looking for.",Running in Circles (LIVE),Hundred Yard Smash,0,1,0,1,0,top1_generation_prompt_text_changed_only_precomputed_text_feature_unchanged
2216,GavrpKnU4Hc,GavrpKnU4Hc_T7QYuPMt_68,NKzzaZNP4lk_bg_aj6wZRAQ,NKzzaZNP4lk,0,11,cf_lyrical_piano,top1_prompt_level_preference_counterfactual,original,top1_reference,"I prefer lyrical piano background music with a slow tempo, soft acoustic texture, gentle melody, and a calm sentimental mood.","That sounds great, but I'm looking for something with a mix of rock, indie and pop genres. I also want to incorporate some blues and guitar elements into the music.","I apologize, but I don't have enough information to provide a specific recommendation for your video. However, I can suggest exploring the music of Hundred Yard Smash, as they are known for their rock, indie, alternative, and pop sound. They may have a track that aligns with your preferences.","I suggest you listen to 'Gratidão' by Dunamis. It's a track from their album 'Gratidão'. The song combines elements of rock, indie and pop genres, with a touch of blues and guitar. It has a male vocal and was produced by Studio F. The music video was directed by Raddson Ricelle.","Certainly! For a track with an indie rock vibe and blues influences, I recommend 'Running in Circles (LIVE)' by Hundred Yard Smash. Although I don't have specific information about the track, based on the artist's genre tags of rock, indie, alternative, and blues, it's likely to have the sound you're looking for.",Running in Circles (LIVE),Hundred Yard Smash,0,1,0,1,0,top1_generation_prompt_text_changed_only_precomputed_text_feature_unchanged
2223,gZ4g2c5vZec,gZ4g2c5vZec_-c_1948S2sA,6Mfcu7h0cG8_QdGcqrLFfEQ,6Mfcu7h0cG8,0,9,original,top1_prompt_level_preference_counterfactual,original,top1_reference,"That sounds good, but I would like to incorporate some hip-hop elements into the music. I'm also interested in electronic and dance genres with indie influences.","That sounds good, but I would like to incorporate some hip-hop elements into the music. I'm also interested in electronic and dance genres with indie influences.","Allow me to recommend 'Mi Vida' by Mr. Mike. It's a hip-hop track with electronic and dance elements. Although there is no specific information about the album or artists, the song was released in 2013 and has a music video directed by Javier Lopez. It may contain the specific elements you are looking for.","Let me suggest 'HotBoy' by YAMAMAS featuring Baby King. It's a track from their album 'Love & Dance', which is available for free download. The song combines hip-hop, electronic, and indie influences, creating a unique and catchy sound. It was produced by Baby King, who brings a distinct beat to the track.","Allow me to recommend 'Mr. Mike' by Mike Boyd. It's his first single off the album 'Note the Sarcasm'. It combines elements of hip-hop, electronic, and dance with fast-paced beats and drums that could be a fitting choice for your video. It was released in 2014 and may contain the specific elements you're looking for.",Mr. Mike,Mike Boyd,1,0,0,1,0,top1_generation_prompt_text_changed_only_precomputed_text_feature_unchanged
2223,gZ4g2c5vZec,gZ4g2c5vZec_-c_1948S2sA,6Mfcu7h0cG8_QdGcqrLFfEQ,6Mfcu7h0cG8,0,9,cf_upbeat_electronic,top1_prompt_level_preference_counterfactual,original,top1_reference,"I prefer upbeat electronic background music with a bright mood, clear rhythm, energetic beats, and a modern dance or pop feeling.","That sounds good, but I would like to incorporate some hip-hop elements into the music. I'm also interested in electronic and dance genres with indie influences.","Based on your preferences, I recommend 'Mi Vida' by Mr. Mike by Mike Boyd. It's a track from the album 'Mi Vida' and it falls under the genres of Hip-Hop, electronic, dance, pop, and rock. The song has a fast-paced beat and a catchy rhythm that will give your video a modern and energetic feel.","Let me suggest 'HotBoy' by YAMAMAS featuring Baby King. It's a track from their album 'Love & Dance', which is available for free download. The song combines hip-hop, electronic, and indie influences, creating a unique and catchy sound. It was produced by Baby King, who brings a distinct beat to the track.","Allow me to recommend 'Mr. Mike' by Mike Boyd. It's his first single off the album 'Note the Sarcasm'. It combines elements of hip-hop, electronic, and dance with fast-paced beats and drums that could be a fitting choice for your video. It was released in 2014 and may contain the specific elements you're looking for.",Mr. Mike,Mike Boyd,1,1,1,0,0,top1_generation_prompt_text_changed_only_precomputed_text_feature_unchanged
2223,gZ4g2c5vZec,gZ4g2c5vZec_-c_1948S2sA,6Mfcu7h0cG8_QdGcqrLFfEQ,6Mfcu7h0cG8,0,9,cf_lyrical_piano,top1_prompt_level_preference_counterfactual,original,top1_reference,"I prefer lyrical piano background music with a slow tempo, soft acoustic texture, gentle melody, and a calm sentimental mood.","That sounds good, but I would like to incorporate some hip-hop elements into the music. I'm also interested in electronic and dance genres with indie influences.","I apologize, but I don't have enough information to recommend a specific track that matches your requirements. However, I can suggest exploring the works of artists like Mike Boyd, who specialize in lyrical piano background music with a slow tempo, soft acoustic texture, gentle melody, and a calm sentimental mood.","Let me suggest 'HotBoy' by YAMAMAS featuring Baby King. It's a track from their album 'Love & Dance', which is available for free download. The song combines hip-hop, electronic, and indie influences, creating a unique and catchy sound. It was produced by Baby King, who brings a distinct beat to the track.","Allow me to recommend 'Mr. Mike' by Mike Boyd. It's his first single off the album 'Note the Sarcasm'. It combines elements of hip-hop, electronic, and dance with fast-paced beats and drums that could be a fitting choice for your video. It was released in 2014 and may contain the specific elements you're looking for.",Mr. Mike,Mike Boyd,0,1,0,1,0,top1_generation_prompt_text_changed_only_precomputed_text_feature_unchanged
2233,bZoYYIslJUU,bZoYYIslJUU_lS16wHO4z9Y,bZoYYIslJUU_lS16wHO4z9Y,bZoYYIslJUU,1,1,original,top1_prompt_level_preference_counterfactual,original,top1_reference,"That sounds great! I really like the dance and electronic styles in your music recommendations. However, I prefer a more energetic and fast-paced track that incorporates elements of synth and rnb.","That sounds great! I really like the dance and electronic styles in your music recommendations. However, I prefer a more energetic and fast-paced track that incorporates elements of synth and rnb.","Allow me to recommend 'I'm On It' by Young D. It's a track from the album 'I'm On It'. It combines elements of hip-hop, electronic, and dance with a touch of rnb and synth. The song has a fast-paced and energetic vibe that could be a fitting choice for your video.","Allow me to recommend 'NEVER GOING'. It's a track with elements of Hip-Hop, electronic, dance, and electro genres. Although there isn't much information available about the track, it may contain the energetic and fast-paced elements you're looking for. It could be a good choice for your dance video.","Allow me to recommend 'NEVER GOING'. It's a track with elements of Hip-Hop, electronic, dance, and electro genres. Although there isn't much information available about the track, it may contain the energetic and fast-paced elements you're looking for. It could be a good choice for your dance video.",,,,,,0,0,top1_generation_prompt_text_changed_only_precomputed_text_feature_unchanged
2233,bZoYYIslJUU,bZoYYIslJUU_lS16wHO4z9Y,bZoYYIslJUU_lS16wHO4z9Y,bZoYYIslJUU,1,1,cf_upbeat_electronic,top1_prompt_level_preference_counterfactual,original,top1_reference,"I prefer upbeat electronic background music with a bright mood, clear rhythm, energetic beats, and a modern dance or pop feeling.","That sounds great! I really like the dance and electronic styles in your music recommendations. However, I prefer a more energetic and fast-paced track that incorporates elements of synth and rnb.","Based on your preferences, I recommend 'Ballin' by Yungin. It's a track from the album 'Ballin' by Yungin. This song combines elements of Hip-Hop, electronic, dance, pop, and R&B. It has a fast-paced beat and a modern dance or pop feel that aligns well with your video.","Allow me to recommend 'NEVER GOING'. It's a track with elements of Hip-Hop, electronic, dance, and electro genres. Although there isn't much information available about the track, it may contain the energetic and fast-paced elements you're looking for. It could be a good choice for your dance video.","Allow me to recommend 'NEVER GOING'. It's a track with elements of Hip-Hop, electronic, dance, and electro genres. Although there isn't much information available about the track, it may contain the energetic and fast-paced elements you're looking for. It could be a good choice for your dance video.",,,,,,0,0,top1_generation_prompt_text_changed_only_precomputed_text_feature_unchanged
2233,bZoYYIslJUU,bZoYYIslJUU_lS16wHO4z9Y,bZoYYIslJUU_lS16wHO4z9Y,bZoYYIslJUU,1,1,cf_lyrical_piano,top1_prompt_level_preference_counterfactual,original,top1_reference,"I prefer lyrical piano background music with a slow tempo, soft acoustic texture, gentle melody, and a calm sentimental mood.","That sounds great! I really like the dance and electronic styles in your music recommendations. However, I prefer a more energetic and fast-paced track that incorporates elements of synth and rnb.","I apologize, but I don't have enough information to recommend a specific track that matches your requirements. However, I can suggest exploring the works of artists like Drake, Kanye West, or Jay-Z, who are known for their lyrical piano background music with a slow tempo, soft acoustic texture, gentle melody, and a calm sentimental mood.","Allow me to recommend 'NEVER GOING'. It's a track with elements of Hip-Hop, electronic, dance, and electro genres. Although there isn't much information available about the track, it may contain the energetic and fast-paced elements you're looking for. It could be a good choice for your dance video.","Allow me to recommend 'NEVER GOING'. It's a track with elements of Hip-Hop, electronic, dance, and electro genres. Although there isn't much information available about the track, it may contain the energetic and fast-paced elements you're looking for. It could be a good choice for your dance video.",,,,,,0,0,top1_generation_prompt_text_changed_only_precomputed_text_feature_unchanged
2242,sCbKPeDTPVU,sCbKPeDTPVU_IHuI6bHQzAo,jJAuOJf5xO8_F7BqdhrAkkc,jJAuOJf5xO8,0,41,original,top1_prompt_level_preference_counterfactual,original,top1_reference,"That sounds great, I really like the dance and electronic genres in your recommendation. However, I'm also interested in incorporating elements of pop and R&B into my dance video. Can you suggest something that aligns with those styles?","That sounds great, I really like the dance and electronic genres in your recommendation. However, I'm also interested in incorporating elements of pop and R&B into my dance video. Can you suggest something that aligns with those styles?","Certainly! How about 'Caked Up' by ANAK? It's a track from their album 'Caked Up'. This song combines elements of pop, R&B, and electronic music, which could be a fitting choice for your dance video. It has a catchy beat and female vocals that add a unique touch to the track.","Allow me to recommend 'DRUNK LOVE 2014' by Keaira LaShae. It's a pop-infused dance track with elements of R&B and electronic music. Although I don't have much information about the specific track or album, it features female vocals and is classified as pop, dance, and electronic, which aligns well with the energetic and vibrant vibe you're looking for in your dance video.","Allow me to recommend 'Caked Up' by ANAK. It's a track featuring Clarence J from the HBK Gang. The song combines elements of hip-hop, R&B, electronic, and pop with soulful vocals. It has a techno and synth-driven sound as well, which adds to its unique style.",Caked Up,ANAK,1,1,1,0,0,top1_generation_prompt_text_changed_only_precomputed_text_feature_unchanged
2242,sCbKPeDTPVU,sCbKPeDTPVU_IHuI6bHQzAo,jJAuOJf5xO8_F7BqdhrAkkc,jJAuOJf5xO8,0,41,cf_upbeat_electronic,top1_prompt_level_preference_counterfactual,original,top1_reference,"I prefer upbeat electronic background music with a bright mood, clear rhythm, energetic beats, and a modern dance or pop feeling.","That sounds great, I really like the dance and electronic genres in your recommendation. However, I'm also interested in incorporating elements of pop and R&B into my dance video. Can you suggest something that aligns with those styles?","Based on your preferences, I recommend 'Caked Up' by ANAK. It's a track from their album 'Caked Up'. This song combines elements of Hip-Hop, electronic, pop, and dance with a female vocalist. It has a techno and electronic sound with a fast beat, which aligns well with your requirements.","Allow me to recommend 'DRUNK LOVE 2014' by Keaira LaShae. It's a pop-infused dance track with elements of R&B and electronic music. Although I don't have much information about the specific track or album, it features female vocals and is classified as pop, dance, and electronic, which aligns well with the energetic and vibrant vibe you're looking for in your dance video.","Allow me to recommend 'Caked Up' by ANAK. It's a track featuring Clarence J from the HBK Gang. The song combines elements of hip-hop, R&B, electronic, and pop with soulful vocals. It has a techno and synth-driven sound as well, which adds to its unique style.",Caked Up,ANAK,1,1,1,0,0,top1_generation_prompt_text_changed_only_precomputed_text_feature_unchanged
2242,sCbKPeDTPVU,sCbKPeDTPVU_IHuI6bHQzAo,jJAuOJf5xO8_F7BqdhrAkkc,jJAuOJf5xO8,0,41,cf_lyrical_piano,top1_prompt_level_preference_counterfactual,original,top1_reference,"I prefer lyrical piano background music with a slow tempo, soft acoustic texture, gentle melody, and a calm sentimental mood.","That sounds great, I really like the dance and electronic genres in your recommendation. However, I'm also interested in incorporating elements of pop and R&B into my dance video. Can you suggest something that aligns with those styles?","I apologize, but I don't have enough information to recommend a specific track that matches your requirements. However, I can suggest exploring the music of ANAK, as they are known for their lyrical piano background music with a slow tempo, soft acoustic texture, gentle melody, and a calm sentimental mood.","Allow me to recommend 'DRUNK LOVE 2014' by Keaira LaShae. It's a pop-infused dance track with elements of R&B and electronic music. Although I don't have much information about the specific track or album, it features female vocals and is classified as pop, dance, and electronic, which aligns well with the energetic and vibrant vibe you're looking for in your dance video.","Allow me to recommend 'Caked Up' by ANAK. It's a track featuring Clarence J from the HBK Gang. The song combines elements of hip-hop, R&B, electronic, and pop with soulful vocals. It has a techno and synth-driven sound as well, which adds to its unique style.",Caked Up,ANAK,0,1,0,1,0,top1_generation_prompt_text_changed_only_precomputed_text_feature_unchanged
2254,Fr2ZASMNaa0,Fr2ZASMNaa0_fQZL6kaJav0,gucmjqmeL5E_-9uH8hrCuXI,gucmjqmeL5E,0,2,original,top1_prompt_level_preference_counterfactual,original,top1_reference,"That sounds great, but I would like to incorporate a bit more of DJ Caique's distinctive style, especially his indie and rock components. I'm also interested in electronic and male vocal influences.","That sounds great, but I would like to incorporate a bit more of DJ Caique's distinctive style, especially his indie and rock components. I'm also interested in electronic and male vocal influences.","Allow me to recommend 'Ao Vivo' by DJ Caique. It's a track from his album 'Ao Vivo'. It combines elements of hip-hop, rock, and indie with electronic beats and male vocals. This song could be a fitting choice for your video.","Allow me to recommend 'Fogo (Instrumental)' by DJ Caique. It's an instrumental track from the album 'Nos Beats, Vol. 9'. It combines elements of indie, rock, and electronic music which could be a fitting choice for your video. Although it doesn't have a male vocal, it captures the unique style of DJ Caique and aligns with the overall vibe you're looking for.","Certainly! In that case, I suggest 'Gibraltar' by Indigo Prophet from the album 'Thrival of the Spirit'. This track combines elements of Hip-Hop, rock, indie, alternative, and electronic genres. It will give your video a unique and edgy feel.",Gibraltar,Indigo Prophet from the album 'Thrival of the Spirit',0,0,0,1,0,top1_generation_prompt_text_changed_only_precomputed_text_feature_unchanged
2254,Fr2ZASMNaa0,Fr2ZASMNaa0_fQZL6kaJav0,gucmjqmeL5E_-9uH8hrCuXI,gucmjqmeL5E,0,2,cf_upbeat_electronic,top1_prompt_level_preference_counterfactual,original,top1_reference,"I prefer upbeat electronic background music with a bright mood, clear rhythm, energetic beats, and a modern dance or pop feeling.","That sounds great, but I would like to incorporate a bit more of DJ Caique's distinctive style, especially his indie and rock components. I'm also interested in electronic and male vocal influences.","I suggest you consider 'Gibraltar' by Indigo Prophet from the album 'Thrival of the Spirit'. It's a track that combines elements of Hip-Hop, rock, electronic, and pop with a dance vibe. The song has a fast-paced rhythm and energetic beats that could be a fitting choice for your video.","Allow me to recommend 'Fogo (Instrumental)' by DJ Caique. It's an instrumental track from the album 'Nos Beats, Vol. 9'. It combines elements of indie, rock, and electronic music which could be a fitting choice for your video. Although it doesn't have a male vocal, it captures the unique style of DJ Caique and aligns with the overall vibe you're looking for.","Certainly! In that case, I suggest 'Gibraltar' by Indigo Prophet from the album 'Thrival of the Spirit'. This track combines elements of Hip-Hop, rock, indie, alternative, and electronic genres. It will give your video a unique and edgy feel.",Gibraltar,Indigo Prophet from the album 'Thrival of the Spirit',1,1,1,0,0,top1_generation_prompt_text_changed_only_precomputed_text_feature_unchanged
2254,Fr2ZASMNaa0,Fr2ZASMNaa0_fQZL6kaJav0,gucmjqmeL5E_-9uH8hrCuXI,gucmjqmeL5E,0,2,cf_lyrical_piano,top1_prompt_level_preference_counterfactual,original,top1_reference,"I prefer lyrical piano background music with a slow tempo, soft acoustic texture, gentle melody, and a calm sentimental mood.","That sounds great, but I would like to incorporate a bit more of DJ Caique's distinctive style, especially his indie and rock components. I'm also interested in electronic and male vocal influences.","I suggest you consider 'Gibraltar' by Indigo Prophet from the album 'Thrival of the Spirit'. It's a hip-hop track with electronic and rock influences. The song features a lyrical piano background and has a slow tempo, soft acoustic texture, and a gentle melody that can create a calm and sentimental mood for your video.","Allow me to recommend 'Fogo (Instrumental)' by DJ Caique. It's an instrumental track from the album 'Nos Beats, Vol. 9'. It combines elements of indie, rock, and electronic music which could be a fitting choice for your video. Although it doesn't have a male vocal, it captures the unique style of DJ Caique and aligns with the overall vibe you're looking for.","Certainly! In that case, I suggest 'Gibraltar' by Indigo Prophet from the album 'Thrival of the Spirit'. This track combines elements of Hip-Hop, rock, indie, alternative, and electronic genres. It will give your video a unique and edgy feel.",Gibraltar,Indigo Prophet from the album 'Thrival of the Spirit',1,1,1,0,0,top1_generation_prompt_text_changed_only_precomputed_text_feature_unchanged
2316,Z9ry7JQTl6g,Z9ry7JQTl6g_lHhZJeHP7Ac,Z9ry7JQTl6g_lHhZJeHP7Ac,Z9ry7JQTl6g,1,1,original,top1_prompt_level_preference_counterfactual,original,top1_reference,"That sounds interesting, but I would like to incorporate a bit more of Stuart Wilson's style, especially his pop, soul, and electronic elements. I'm also interested in female vocals and a catchy beat.","That sounds interesting, but I would like to incorporate a bit more of Stuart Wilson's style, especially his pop, soul, and electronic elements. I'm also interested in female vocals and a catchy beat.","Allow me to recommend 'Rule the World' by Stuart Wilson. It's a track from his album 'Rule the World'. The song combines elements of pop, soul, and electronic music with catchy beats and female vocals. It was released in 2012 and could be a fitting choice for your video.","Allow me to recommend 'Rule the World' by Stuart Wilson. It's a pop and soul track with R&B, Hip-Hop, and electronic influences. While I couldn't find any specific details about the track's release year or album, it may contain the elements you're looking for. Since the description is empty, I suggest exploring more about the track to ensure it aligns with your video.","Allow me to recommend 'Rule the World' by Stuart Wilson. It's a pop and soul track with R&B, Hip-Hop, and electronic influences. While I couldn't find any specific details about the track's release year or album, it may contain the elements you're looking for. Since the description is empty, I suggest exploring more about the track to ensure it aligns with your video.",Rule the World,Stuart Wilson,1,1,1,0,0,top1_generation_prompt_text_changed_only_precomputed_text_feature_unchanged
2316,Z9ry7JQTl6g,Z9ry7JQTl6g_lHhZJeHP7Ac,Z9ry7JQTl6g_lHhZJeHP7Ac,Z9ry7JQTl6g,1,1,cf_upbeat_electronic,top1_prompt_level_preference_counterfactual,original,top1_reference,"I prefer upbeat electronic background music with a bright mood, clear rhythm, energetic beats, and a modern dance or pop feeling.","That sounds interesting, but I would like to incorporate a bit more of Stuart Wilson's style, especially his pop, soul, and electronic elements. I'm also interested in female vocals and a catchy beat.","Based on your preferences, I recommend 'Rule the World' by Stuart Wilson. It's a track from his album 'Rule the World'. This song combines elements of pop, dance, electronic, and rock, with a fast-paced techno beat and a modern dance vibe. It's a perfect choice to add energy and a modern touch to your video.","Allow me to recommend 'Rule the World' by Stuart Wilson. It's a pop and soul track with R&B, Hip-Hop, and electronic influences. While I couldn't find any specific details about the track's release year or album, it may contain the elements you're looking for. Since the description is empty, I suggest exploring more about the track to ensure it aligns with your video.","Allow me to recommend 'Rule the World' by Stuart Wilson. It's a pop and soul track with R&B, Hip-Hop, and electronic influences. While I couldn't find any specific details about the track's release year or album, it may contain the elements you're looking for. Since the description is empty, I suggest exploring more about the track to ensure it aligns with your video.",Rule the World,Stuart Wilson,1,1,1,0,0,top1_generation_prompt_text_changed_only_precomputed_text_feature_unchanged
2316,Z9ry7JQTl6g,Z9ry7JQTl6g_lHhZJeHP7Ac,Z9ry7JQTl6g_lHhZJeHP7Ac,Z9ry7JQTl6g,1,1,cf_lyrical_piano,top1_prompt_level_preference_counterfactual,original,top1_reference,"I prefer lyrical piano background music with a slow tempo, soft acoustic texture, gentle melody, and a calm sentimental mood.","That sounds interesting, but I would like to incorporate a bit more of Stuart Wilson's style, especially his pop, soul, and electronic elements. I'm also interested in female vocals and a catchy beat.","I suggest you listen to 'Rule the World' by Stuart Wilson. It's a track from his album 'Rule the World'. The song features lyrical piano background music with a slow tempo, soft acoustic texture, and a gentle melody. It has a calm and sentimental mood that could be a perfect fit for your video.","Allow me to recommend 'Rule the World' by Stuart Wilson. It's a pop and soul track with R&B, Hip-Hop, and electronic influences. While I couldn't find any specific details about the track's release year or album, it may contain the elements you're looking for. Since the description is empty, I suggest exploring more about the track to ensure it aligns with your video.","Allow me to recommend 'Rule the World' by Stuart Wilson. It's a pop and soul track with R&B, Hip-Hop, and electronic influences. While I couldn't find any specific details about the track's release year or album, it may contain the elements you're looking for. Since the description is empty, I suggest exploring more about the track to ensure it aligns with your video.",Rule the World,Stuart Wilson,1,1,1,0,0,top1_generation_prompt_text_changed_only_precomputed_text_feature_unchanged
2322,xNEbC01UF2g,xNEbC01UF2g_NYIdJk05pkw,S80Hk04QQpk_jLyNyUPlvhg,S80Hk04QQpk,0,7,original,top1_prompt_level_preference_counterfactual,original,top1_reference,"That sounds like a lovely choice. However, I'm looking for a song with a bit more of a 90s rock and alternative vibe, similar to Luke Thompson's style.","That sounds like a lovely choice. However, I'm looking for a song with a bit more of a 90s rock and alternative vibe, similar to Luke Thompson's style.","If you're looking for a song with a 90s rock and alternative vibe, I would recommend 'I'll Be Your Man' by Luke Thompson. This track is part of the album 'I'll Be Your Man' and it perfectly captures the essence of the 90s with its rock, pop, and alternative elements. It's a great choice to add a touch of nostalgia to your video.",Allow me to recommend 'Say You'll Stay' by Luke Thompson. It's a track from his single 'Say You'll Stay'. This song captures the essence of 90s rock and alternative music with a pop twist. It features Luke Thompson's unique vocals and incorporates guitar and drums to create a nostalgic and romantic atmosphere. It's the perfect choice to incorporate the 90s rock and alternative vibe you're looking for.,"Certainly! For a country track with a mix of rock and pop elements, I recommend 'Honey Bee' by Blake Shelton. This song has a catchy melody and incorporates country, rock, and pop influences. It will bring a fun and energetic vibe to your wedding video.",Honey Bee,Blake Shelton,0,0,0,1,0,top1_generation_prompt_text_changed_only_precomputed_text_feature_unchanged
2322,xNEbC01UF2g,xNEbC01UF2g_NYIdJk05pkw,S80Hk04QQpk_jLyNyUPlvhg,S80Hk04QQpk,0,7,cf_upbeat_electronic,top1_prompt_level_preference_counterfactual,original,top1_reference,"I prefer upbeat electronic background music with a bright mood, clear rhythm, energetic beats, and a modern dance or pop feeling.","That sounds like a lovely choice. However, I'm looking for a song with a bit more of a 90s rock and alternative vibe, similar to Luke Thompson's style.","I suggest you consider 'Honey Bee' by Blake Shelton. It's a track from his album 'Honey Bee'. The song combines elements of rock, country, and pop with a touch of classic rock. It has a catchy guitar-driven sound and a male vocal. It was released in 2011 and could provide the energetic and modern vibe you're looking for.",Allow me to recommend 'Say You'll Stay' by Luke Thompson. It's a track from his single 'Say You'll Stay'. This song captures the essence of 90s rock and alternative music with a pop twist. It features Luke Thompson's unique vocals and incorporates guitar and drums to create a nostalgic and romantic atmosphere. It's the perfect choice to incorporate the 90s rock and alternative vibe you're looking for.,"Certainly! For a country track with a mix of rock and pop elements, I recommend 'Honey Bee' by Blake Shelton. This song has a catchy melody and incorporates country, rock, and pop influences. It will bring a fun and energetic vibe to your wedding video.",Honey Bee,Blake Shelton,1,1,1,0,0,top1_generation_prompt_text_changed_only_precomputed_text_feature_unchanged
2322,xNEbC01UF2g,xNEbC01UF2g_NYIdJk05pkw,S80Hk04QQpk_jLyNyUPlvhg,S80Hk04QQpk,0,7,cf_lyrical_piano,top1_prompt_level_preference_counterfactual,original,top1_reference,"I prefer lyrical piano background music with a slow tempo, soft acoustic texture, gentle melody, and a calm sentimental mood.","That sounds like a lovely choice. However, I'm looking for a song with a bit more of a 90s rock and alternative vibe, similar to Luke Thompson's style.","I apologize, but I don't have enough information to recommend a specific track that matches your requirements. However, I can suggest exploring the music of Blake Shelton, as he is known for his country and rock style with elements of pop and indie. You may find a track that aligns with your preferences.",Allow me to recommend 'Say You'll Stay' by Luke Thompson. It's a track from his single 'Say You'll Stay'. This song captures the essence of 90s rock and alternative music with a pop twist. It features Luke Thompson's unique vocals and incorporates guitar and drums to create a nostalgic and romantic atmosphere. It's the perfect choice to incorporate the 90s rock and alternative vibe you're looking for.,"Certainly! For a country track with a mix of rock and pop elements, I recommend 'Honey Bee' by Blake Shelton. This song has a catchy melody and incorporates country, rock, and pop influences. It will bring a fun and energetic vibe to your wedding video.",Honey Bee,Blake Shelton,0,1,0,1,0,top1_generation_prompt_text_changed_only_precomputed_text_feature_unchanged
2325,gHavEbG_MWg,gHavEbG_MWg_BkB1s1VJe44,07ly67GzsdU_ozzitM8VdEs,07ly67GzsdU,0,2,original,top1_prompt_level_preference_counterfactual,original,top1_reference,"That sounds great, but I would like to incorporate a bit more of the fast-paced and male vocals from the Dj Taj track you mentioned earlier. Can you suggest something that combines those elements with Tuka's style?","That sounds great, but I would like to incorporate a bit more of the fast-paced and male vocals from the Dj Taj track you mentioned earlier. Can you suggest something that combines those elements with Tuka's style?","Allow me to recommend 'Dj Taj' by Tuka. It's a track from his album 'Dj Taj'. The song combines elements of hip-hop, electronic, and rock with fast-paced male vocals. It was released in 2012 and has a distinctive style that could be a fitting choice for your video.","Certainly! I recommend 'Dmack & Freshkid From The Back' by Dj Taj. It's a hip-hop track featuring fast-paced male vocals. Although it doesn't have an official video, it can provide the energetic and fast-paced vibe you're looking for. You can reach out to Dj Taj on his Facebook page for more information.","Allow me to recommend the track 'CIAA 2013 Club 935 Recap'. It's a video showcasing the A-List line up of artists from the CIAA weekend in Charlotte, NC. The video features footage shot at Club 935, and although I don't have information about the specific music used, it aligns well with the hip-hop, electronic, and rock genres. It has experimental and indie influences as well.",,,,,,0,0,top1_generation_prompt_text_changed_only_precomputed_text_feature_unchanged
2325,gHavEbG_MWg,gHavEbG_MWg_BkB1s1VJe44,07ly67GzsdU_ozzitM8VdEs,07ly67GzsdU,0,2,cf_upbeat_electronic,top1_prompt_level_preference_counterfactual,original,top1_reference,"I prefer upbeat electronic background music with a bright mood, clear rhythm, energetic beats, and a modern dance or pop feeling.","That sounds great, but I would like to incorporate a bit more of the fast-paced and male vocals from the Dj Taj track you mentioned earlier. Can you suggest something that combines those elements with Tuka's style?","Based on your preferences, I recommend 'BIG BANK' by BIG BANK. It's a track from the album 'BIG BANK' and it falls under the genres of Hip-Hop, electronic, dance, rock, and pop. The song has a fast-paced techno sound with loud and energetic beats, which aligns well with your requirements.","Certainly! I recommend 'Dmack & Freshkid From The Back' by Dj Taj. It's a hip-hop track featuring fast-paced male vocals. Although it doesn't have an official video, it can provide the energetic and fast-paced vibe you're looking for. You can reach out to Dj Taj on his Facebook page for more information.","Allow me to recommend the track 'CIAA 2013 Club 935 Recap'. It's a video showcasing the A-List line up of artists from the CIAA weekend in Charlotte, NC. The video features footage shot at Club 935, and although I don't have information about the specific music used, it aligns well with the hip-hop, electronic, and rock genres. It has experimental and indie influences as well.",,,,,,0,0,top1_generation_prompt_text_changed_only_precomputed_text_feature_unchanged
2325,gHavEbG_MWg,gHavEbG_MWg_BkB1s1VJe44,07ly67GzsdU_ozzitM8VdEs,07ly67GzsdU,0,2,cf_lyrical_piano,top1_prompt_level_preference_counterfactual,original,top1_reference,"I prefer lyrical piano background music with a slow tempo, soft acoustic texture, gentle melody, and a calm sentimental mood.","That sounds great, but I would like to incorporate a bit more of the fast-paced and male vocals from the Dj Taj track you mentioned earlier. Can you suggest something that combines those elements with Tuka's style?","I apologize, but I don't have enough information to recommend a specific track that matches your requirements. However, I can suggest exploring the works of artists like Drake, Kanye West, or Jay-Z, who are known for their lyrical piano background music with a slow tempo, soft acoustic texture, gentle melody, and a calm sentimental mood.","Certainly! I recommend 'Dmack & Freshkid From The Back' by Dj Taj. It's a hip-hop track featuring fast-paced male vocals. Although it doesn't have an official video, it can provide the energetic and fast-paced vibe you're looking for. You can reach out to Dj Taj on his Facebook page for more information.","Allow me to recommend the track 'CIAA 2013 Club 935 Recap'. It's a video showcasing the A-List line up of artists from the CIAA weekend in Charlotte, NC. The video features footage shot at Club 935, and although I don't have information about the specific music used, it aligns well with the hip-hop, electronic, and rock genres. It has experimental and indie influences as well.",,,,,,0,0,top1_generation_prompt_text_changed_only_precomputed_text_feature_unchanged
2334,UmBiLFFCJH8,UmBiLFFCJH8_ZLlampP29nk,SWSdsJjv4D8_4Hm0Tr8I1bw,SWSdsJjv4D8,0,14,original,top1_prompt_level_preference_counterfactual,original,top1_reference,"That sounds great, but I would like to include some elements of ULICE's indie rock and electronic style in the music. Can you recommend something that combines rock, indie, electronic, and alternative genres?","That sounds great, but I would like to include some elements of ULICE's indie rock and electronic style in the music. Can you recommend something that combines rock, indie, electronic, and alternative genres?","Certainly! I suggest you consider 'Why You're Here (And I'm Not)' by ULICE. It's a track from their album 'The Last of the Unicorns'. The song combines elements of indie rock, alternative, and electronic genres, which aligns well with the indie and electronic style you're looking for. It has a rock vibe with guitar and drums, and it was released in 2012.","Sure! How about 'Dzieci z L.' by ULICE? It's an indie rock track with electronic and alternative influences. Although I don't have much information about the album, the song itself combines elements of rock, indie, and electronic genres, which could add a unique touch to your video.","Certainly! If you're looking for an indie and acoustic sound, I would recommend 'Why You're Here (And I'm Not)' by Horses. This track is from their album 'Clear Crystal Air'. It has a combination of indie, rock, alternative, acoustic, and folk elements. The song features guitar and vocals, giving it a mellow and heartfelt vibe that could enhance your video.","re looking for an indie and acoustic sound, I would recommend 'Why You're Here (And I'm Not)",Horses,0,0,0,1,0,top1_generation_prompt_text_changed_only_precomputed_text_feature_unchanged
2334,UmBiLFFCJH8,UmBiLFFCJH8_ZLlampP29nk,SWSdsJjv4D8_4Hm0Tr8I1bw,SWSdsJjv4D8,0,14,cf_upbeat_electronic,top1_prompt_level_preference_counterfactual,original,top1_reference,"I prefer upbeat electronic background music with a bright mood, clear rhythm, energetic beats, and a modern dance or pop feeling.","That sounds great, but I would like to include some elements of ULICE's indie rock and electronic style in the music. Can you recommend something that combines rock, indie, electronic, and alternative genres?","I suggest you consider 'Why You're Here (And I'm Not)' by Horses. It's a track from their album 'Why You're Here (And I'm Not)'. The song combines indie, rock, and alternative genres with acoustic elements. It has a guitar-focused sound and features male vocals. This track could provide the energetic and modern dance vibe you're looking for in your video.","Sure! How about 'Dzieci z L.' by ULICE? It's an indie rock track with electronic and alternative influences. Although I don't have much information about the album, the song itself combines elements of rock, indie, and electronic genres, which could add a unique touch to your video.","Certainly! If you're looking for an indie and acoustic sound, I would recommend 'Why You're Here (And I'm Not)' by Horses. This track is from their album 'Clear Crystal Air'. It has a combination of indie, rock, alternative, acoustic, and folk elements. The song features guitar and vocals, giving it a mellow and heartfelt vibe that could enhance your video.","re looking for an indie and acoustic sound, I would recommend 'Why You're Here (And I'm Not)",Horses,0,1,0,1,0,top1_generation_prompt_text_changed_only_precomputed_text_feature_unchanged
2334,UmBiLFFCJH8,UmBiLFFCJH8_ZLlampP29nk,SWSdsJjv4D8_4Hm0Tr8I1bw,SWSdsJjv4D8,0,14,cf_lyrical_piano,top1_prompt_level_preference_counterfactual,original,top1_reference,"I prefer lyrical piano background music with a slow tempo, soft acoustic texture, gentle melody, and a calm sentimental mood.","That sounds great, but I would like to include some elements of ULICE's indie rock and electronic style in the music. Can you recommend something that combines rock, indie, electronic, and alternative genres?","If you're looking for a lyrical piano background music with a slow tempo, soft acoustic texture, gentle melody, and a calm sentimental mood, I would recommend 'Why You're Here (And I'm Not)' by Horses. This track is part of their album 'Why You're Here (And I'm Not)' and it perfectly captures the essence you're looking for.","Sure! How about 'Dzieci z L.' by ULICE? It's an indie rock track with electronic and alternative influences. Although I don't have much information about the album, the song itself combines elements of rock, indie, and electronic genres, which could add a unique touch to your video.","Certainly! If you're looking for an indie and acoustic sound, I would recommend 'Why You're Here (And I'm Not)' by Horses. This track is from their album 'Clear Crystal Air'. It has a combination of indie, rock, alternative, acoustic, and folk elements. The song features guitar and vocals, giving it a mellow and heartfelt vibe that could enhance your video.","re looking for an indie and acoustic sound, I would recommend 'Why You're Here (And I'm Not)",Horses,0,1,0,1,0,top1_generation_prompt_text_changed_only_precomputed_text_feature_unchanged
2368,pQdbNvEAmo0,pQdbNvEAmo0_GOkwlQbLNiM,pQdbNvEAmo0_GOkwlQbLNiM,pQdbNvEAmo0,1,1,original,top1_prompt_level_preference_counterfactual,original,top1_reference,"That sounds good, but I would like to include some elements of Lana Del Rey's style in the music as well. Can you suggest something that combines Lana Del Rey's pop and rock influences with Tycho's electronic and ambient sound?","That sounds good, but I would like to include some elements of Lana Del Rey's style in the music as well. Can you suggest something that combines Lana Del Rey's pop and rock influences with Tycho's electronic and ambient sound?","Sure! How about 'Summertime Sadness' by Lana Del Rey? It's a track from her album 'Summertime Sadness'. The song combines elements of pop, rock, and electronic music, which aligns well with Lana Del Rey's style. It also has ambient undertones that could complement Tycho's electronic and ambient sound.","Sure! How about 'Summertime Sadness' by Lana Del Rey? It's a track from her album with the same name. This song incorporates pop, rock, and electronic elements, which align with Lana Del Rey's distinctive style. It also features female vocals, similar to Tycho's track 'Dye'. Combining these two tracks can create a unique blend of genres for your video.","Sure! How about 'Summertime Sadness' by Lana Del Rey? It's a track from her album with the same name. This song incorporates pop, rock, and electronic elements, which align with Lana Del Rey's distinctive style. It also features female vocals, similar to Tycho's track 'Dye'. Combining these two tracks can create a unique blend of genres for your video.",Summertime Sadness,Lana Del Rey,1,1,1,0,0,top1_generation_prompt_text_changed_only_precomputed_text_feature_unchanged
2368,pQdbNvEAmo0,pQdbNvEAmo0_GOkwlQbLNiM,pQdbNvEAmo0_GOkwlQbLNiM,pQdbNvEAmo0,1,1,cf_upbeat_electronic,top1_prompt_level_preference_counterfactual,original,top1_reference,"I prefer upbeat electronic background music with a bright mood, clear rhythm, energetic beats, and a modern dance or pop feeling.","That sounds good, but I would like to include some elements of Lana Del Rey's style in the music as well. Can you suggest something that combines Lana Del Rey's pop and rock influences with Tycho's electronic and ambient sound?","Based on your preferences, I recommend 'Summertime Sadness' by Lana Del Rey. It's a track from her album 'Summertime Sadness'. This song combines elements of pop, electronic, and rock with a touch of indie and dance. It has a catchy melody and a vibrant energy that could be a great fit for your video.","Sure! How about 'Summertime Sadness' by Lana Del Rey? It's a track from her album with the same name. This song incorporates pop, rock, and electronic elements, which align with Lana Del Rey's distinctive style. It also features female vocals, similar to Tycho's track 'Dye'. Combining these two tracks can create a unique blend of genres for your video.","Sure! How about 'Summertime Sadness' by Lana Del Rey? It's a track from her album with the same name. This song incorporates pop, rock, and electronic elements, which align with Lana Del Rey's distinctive style. It also features female vocals, similar to Tycho's track 'Dye'. Combining these two tracks can create a unique blend of genres for your video.",Summertime Sadness,Lana Del Rey,1,1,1,0,0,top1_generation_prompt_text_changed_only_precomputed_text_feature_unchanged
2368,pQdbNvEAmo0,pQdbNvEAmo0_GOkwlQbLNiM,pQdbNvEAmo0_GOkwlQbLNiM,pQdbNvEAmo0,1,1,cf_lyrical_piano,top1_prompt_level_preference_counterfactual,original,top1_reference,"I prefer lyrical piano background music with a slow tempo, soft acoustic texture, gentle melody, and a calm sentimental mood.","That sounds good, but I would like to include some elements of Lana Del Rey's style in the music as well. Can you suggest something that combines Lana Del Rey's pop and rock influences with Tycho's electronic and ambient sound?","I suggest you consider 'Summertime Sadness' by Lana Del Rey. It's a track from her album 'Summertime Sadness'. The song features a lyrical piano background with a slow tempo, soft acoustic texture, and a gentle melody. It has a calm and sentimental mood that could be a perfect fit for your video.","Sure! How about 'Summertime Sadness' by Lana Del Rey? It's a track from her album with the same name. This song incorporates pop, rock, and electronic elements, which align with Lana Del Rey's distinctive style. It also features female vocals, similar to Tycho's track 'Dye'. Combining these two tracks can create a unique blend of genres for your video.","Sure! How about 'Summertime Sadness' by Lana Del Rey? It's a track from her album with the same name. This song incorporates pop, rock, and electronic elements, which align with Lana Del Rey's distinctive style. It also features female vocals, similar to Tycho's track 'Dye'. Combining these two tracks can create a unique blend of genres for your video.",Summertime Sadness,Lana Del Rey,1,1,1,0,0,top1_generation_prompt_text_changed_only_precomputed_text_feature_unchanged
2378,2WzHhtkF8JM,2WzHhtkF8JM_0Y1v5HCWz6M,mfhddXg2-LQ_Gc8icdeqWI4,mfhddXg2-LQ,0,5,original,top1_prompt_level_preference_counterfactual,original,top1_reference,"That sounds cool, but I'm leaning towards something with a pop and dance vibe, maybe with female vocals?","That sounds cool, but I'm leaning towards something with a pop and dance vibe, maybe with female vocals?","In that case, 'Girlfriend' by Justin Bieber would be a perfect fit. It's a pop and dance track with female vocals, and it's known for its catchy and energetic vibe. Plus, it's part of the album 'Girlfriend' by Justin Bieber, which adds to its appeal.","Got it! For a pop and dance vibe with female vocals, I would recommend '이러쿵 저러쿵' by F-ve Dolls. It's a lively track from the album 'Club Remix Time To Play' and fits perfectly into the pop, rnb, dance, and soul genres. Plus, it has that loud and fast-paced feel that will definitely liven up your playlist.","Allow me to recommend 'Latin Girl' by Justin Bieber featuring Tayla Blake. This video was recorded in SOHO NYC and filmed in Hollywood Bch, FL. It falls under the genres of pop, dance, and R&B, with electronic elements and female vocalists. This track aligns well with Justin Bieber's comeback style and incorporates the energetic electronic beats you're looking for in your video.",Latin Girl,Justin Bieber featuring Tayla Blake,0,0,0,1,0,top1_generation_prompt_text_changed_only_precomputed_text_feature_unchanged
2378,2WzHhtkF8JM,2WzHhtkF8JM_0Y1v5HCWz6M,mfhddXg2-LQ_Gc8icdeqWI4,mfhddXg2-LQ,0,5,cf_upbeat_electronic,top1_prompt_level_preference_counterfactual,original,top1_reference,"I prefer upbeat electronic background music with a bright mood, clear rhythm, energetic beats, and a modern dance or pop feeling.","That sounds cool, but I'm leaning towards something with a pop and dance vibe, maybe with female vocals?","Based on your preferences, I recommend 'Baby' by Justin Bieber featuring Tayla Blake. It's a track from the album 'Baby' and offers a perfect blend of dance, pop, and electronic genres with female vocals. The song has a techno and fast-paced sound, which aligns well with your requirements.","Got it! For a pop and dance vibe with female vocals, I would recommend '이러쿵 저러쿵' by F-ve Dolls. It's a lively track from the album 'Club Remix Time To Play' and fits perfectly into the pop, rnb, dance, and soul genres. Plus, it has that loud and fast-paced feel that will definitely liven up your playlist.","Allow me to recommend 'Latin Girl' by Justin Bieber featuring Tayla Blake. This video was recorded in SOHO NYC and filmed in Hollywood Bch, FL. It falls under the genres of pop, dance, and R&B, with electronic elements and female vocalists. This track aligns well with Justin Bieber's comeback style and incorporates the energetic electronic beats you're looking for in your video.",Latin Girl,Justin Bieber featuring Tayla Blake,0,1,0,1,0,top1_generation_prompt_text_changed_only_precomputed_text_feature_unchanged
2378,2WzHhtkF8JM,2WzHhtkF8JM_0Y1v5HCWz6M,mfhddXg2-LQ_Gc8icdeqWI4,mfhddXg2-LQ,0,5,cf_lyrical_piano,top1_prompt_level_preference_counterfactual,original,top1_reference,"I prefer lyrical piano background music with a slow tempo, soft acoustic texture, gentle melody, and a calm sentimental mood.","That sounds cool, but I'm leaning towards something with a pop and dance vibe, maybe with female vocals?","I apologize, but I don't have enough information to recommend a specific track based on your preferences. However, I can suggest exploring the music of Justin Bieber, Tayla Blake, and other artists who specialize in pop, dance, and electronic genres. You may find a track that aligns with your preferences.","Got it! For a pop and dance vibe with female vocals, I would recommend '이러쿵 저러쿵' by F-ve Dolls. It's a lively track from the album 'Club Remix Time To Play' and fits perfectly into the pop, rnb, dance, and soul genres. Plus, it has that loud and fast-paced feel that will definitely liven up your playlist.","Allow me to recommend 'Latin Girl' by Justin Bieber featuring Tayla Blake. This video was recorded in SOHO NYC and filmed in Hollywood Bch, FL. It falls under the genres of pop, dance, and R&B, with electronic elements and female vocalists. This track aligns well with Justin Bieber's comeback style and incorporates the energetic electronic beats you're looking for in your video.",Latin Girl,Justin Bieber featuring Tayla Blake,0,0,0,1,0,top1_generation_prompt_text_changed_only_precomputed_text_feature_unchanged
2446,wWCZ65xE-7c,wWCZ65xE-7c_mLg_eN8JPzo,DxXKPDVcvK4_Klhdxt7hAxc,DxXKPDVcvK4,0,12,original,top1_prompt_level_preference_counterfactual,original,top1_reference,"That sounds great, but I want to incorporate more of W.A.S.P.'s style into the music. I'm also interested in the electro and pop influences.","That sounds great, but I want to incorporate more of W.A.S.P.'s style into the music. I'm also interested in the electro and pop influences.","Allow me to recommend 'W.A.S.P.' by DJ Xedo. It's a track from the album 'W.A.S.P.' by DJ Xedo. It combines elements of hip-hop, electronic, and pop with electro and dance influences. This track could be a fitting choice for your video.","Allow me to recommend 'Dashie Pon Dem' by W.A.S.P.. It's a track from their album 'Paypa Chaser Riddim'. This song combines elements of Hip-Hop, electronic, dance, electro, and pop. It has techno and loud electronic beats that could be a fitting choice for your video.","Sure! How about 'Estate' by DJ Xedo? It's an electronic track with elements of Hip-Hop, dance, pop, and electro. Although I don't have much information about the specific album or artists, this song aligns well with the electronic and dance elements you're looking for.",Estate,DJ Xedo,0,1,0,1,0,top1_generation_prompt_text_changed_only_precomputed_text_feature_unchanged
2446,wWCZ65xE-7c,wWCZ65xE-7c_mLg_eN8JPzo,DxXKPDVcvK4_Klhdxt7hAxc,DxXKPDVcvK4,0,12,cf_upbeat_electronic,top1_prompt_level_preference_counterfactual,original,top1_reference,"I prefer upbeat electronic background music with a bright mood, clear rhythm, energetic beats, and a modern dance or pop feeling.","That sounds great, but I want to incorporate more of W.A.S.P.'s style into the music. I'm also interested in the electro and pop influences.","Based on your preferences, I recommend 'DJ XEDO - MIXTURE'. It's a track with a bright mood, clear rhythm, energetic beats, and a modern dance or pop feeling. Although I don't have much information about the track, it aligns well with your requirements.","Allow me to recommend 'Dashie Pon Dem' by W.A.S.P.. It's a track from their album 'Paypa Chaser Riddim'. This song combines elements of Hip-Hop, electronic, dance, electro, and pop. It has techno and loud electronic beats that could be a fitting choice for your video.","Sure! How about 'Estate' by DJ Xedo? It's an electronic track with elements of Hip-Hop, dance, pop, and electro. Although I don't have much information about the specific album or artists, this song aligns well with the electronic and dance elements you're looking for.",Estate,DJ Xedo,0,1,0,1,0,top1_generation_prompt_text_changed_only_precomputed_text_feature_unchanged
2446,wWCZ65xE-7c,wWCZ65xE-7c_mLg_eN8JPzo,DxXKPDVcvK4_Klhdxt7hAxc,DxXKPDVcvK4,0,12,cf_lyrical_piano,top1_prompt_level_preference_counterfactual,original,top1_reference,"I prefer lyrical piano background music with a slow tempo, soft acoustic texture, gentle melody, and a calm sentimental mood.","That sounds great, but I want to incorporate more of W.A.S.P.'s style into the music. I'm also interested in the electro and pop influences.","I apologize, but I don't have enough information to recommend a specific track that matches your requirements. However, I can suggest exploring the works of artists who specialize in lyrical piano background music with a slow tempo, soft acoustic texture, gentle melody, and a calm sentimental mood.","Allow me to recommend 'Dashie Pon Dem' by W.A.S.P.. It's a track from their album 'Paypa Chaser Riddim'. This song combines elements of Hip-Hop, electronic, dance, electro, and pop. It has techno and loud electronic beats that could be a fitting choice for your video.","Sure! How about 'Estate' by DJ Xedo? It's an electronic track with elements of Hip-Hop, dance, pop, and electro. Although I don't have much information about the specific album or artists, this song aligns well with the electronic and dance elements you're looking for.",Estate,DJ Xedo,0,0,0,1,0,top1_generation_prompt_text_changed_only_precomputed_text_feature_unchanged
2449,JknekAM8pY4,JknekAM8pY4_FAi1atXAKHo,N-nmjWx0eXg_Xb1mfjitnI4,N-nmjWx0eXg,0,8,original,top1_prompt_level_preference_counterfactual,original,top1_reference,"That sounds good, but I would like to incorporate some elements of 80s and alternative rock into the music. I'm also interested in having drums and vocal as prominent features.","That sounds good, but I would like to incorporate some elements of 80s and alternative rock into the music. I'm also interested in having drums and vocal as prominent features.","Allow me to recommend 'Sve što je' by Vukašin Brajić. It's a track from his album 'Sve što je'. The song combines elements of rock, alternative, and 80s with a touch of indie. It features prominent drums and vocals, which aligns well with your preferences.","Allow me to recommend 'From My Heart' by Aom Sushar. Although I couldn't find specific information about the track, Aom Sushar is known for her indie and alternative rock style with influences from the 80s. Her music often features prominent guitar, drums, and vocal elements. You can check out her social media accounts for more information.","Allow me to recommend 'Na usnama' by Vukašin Brajić. It's a rock track with alternative and country influences. Although I don't have much information about this track, it aligns well with the rock and alternative style you're looking for. It might also have guitar elements that could be a fitting choice for your video.",Na usnama,Vukašin Brajić,0,1,0,1,0,top1_generation_prompt_text_changed_only_precomputed_text_feature_unchanged
2449,JknekAM8pY4,JknekAM8pY4_FAi1atXAKHo,N-nmjWx0eXg_Xb1mfjitnI4,N-nmjWx0eXg,0,8,cf_upbeat_electronic,top1_prompt_level_preference_counterfactual,original,top1_reference,"I prefer upbeat electronic background music with a bright mood, clear rhythm, energetic beats, and a modern dance or pop feeling.","That sounds good, but I would like to incorporate some elements of 80s and alternative rock into the music. I'm also interested in having drums and vocal as prominent features.",I suggest you consider the track '快樂' by 謝霆鋒. It's a pop and rock song with indie and alternative influences. The track has a fast tempo and energetic beats that could provide the upbeat and modern dance vibe you're looking for in your video.,"Allow me to recommend 'From My Heart' by Aom Sushar. Although I couldn't find specific information about the track, Aom Sushar is known for her indie and alternative rock style with influences from the 80s. Her music often features prominent guitar, drums, and vocal elements. You can check out her social media accounts for more information.","Allow me to recommend 'Na usnama' by Vukašin Brajić. It's a rock track with alternative and country influences. Although I don't have much information about this track, it aligns well with the rock and alternative style you're looking for. It might also have guitar elements that could be a fitting choice for your video.",Na usnama,Vukašin Brajić,0,0,0,1,0,top1_generation_prompt_text_changed_only_precomputed_text_feature_unchanged
2449,JknekAM8pY4,JknekAM8pY4_FAi1atXAKHo,N-nmjWx0eXg_Xb1mfjitnI4,N-nmjWx0eXg,0,8,cf_lyrical_piano,top1_prompt_level_preference_counterfactual,original,top1_reference,"I prefer lyrical piano background music with a slow tempo, soft acoustic texture, gentle melody, and a calm sentimental mood.","That sounds good, but I would like to incorporate some elements of 80s and alternative rock into the music. I'm also interested in having drums and vocal as prominent features.","I apologize, but I couldn't find any music that matches your preferences. However, I can recommend 'Samo Ti' by Vukašin Brajić. It's a rock track with alternative and indie influences. The song has a guitar-driven sound and features male vocals. It was released in 2012 and has a music video directed by Ivan Vuković.","Allow me to recommend 'From My Heart' by Aom Sushar. Although I couldn't find specific information about the track, Aom Sushar is known for her indie and alternative rock style with influences from the 80s. Her music often features prominent guitar, drums, and vocal elements. You can check out her social media accounts for more information.","Allow me to recommend 'Na usnama' by Vukašin Brajić. It's a rock track with alternative and country influences. Although I don't have much information about this track, it aligns well with the rock and alternative style you're looking for. It might also have guitar elements that could be a fitting choice for your video.",Na usnama,Vukašin Brajić,0,1,0,1,0,top1_generation_prompt_text_changed_only_precomputed_text_feature_unchanged
2455,gRKzFMRviAs,gRKzFMRviAs_qbZBq5WNw3k,gRKzFMRviAs_qbZBq5WNw3k,gRKzFMRviAs,1,1,original,top1_prompt_level_preference_counterfactual,original,top1_reference,That sounds great! I'm also interested in incorporating some electronic and house influences into my video. Do you have any recommendations that combine these genres with rock?,That sounds great! I'm also interested in incorporating some electronic and house influences into my video. Do you have any recommendations that combine these genres with rock?,"Certainly! I suggest 'We Are One (Ole Ola)' by Pitbull. It's a track from the album 'We Are One (Ole Ola)'. This song combines elements of electronic, house, and rock genres, which could be a fitting choice for your video. It has a fast-paced techno beat and catchy vocals that will add an energetic and dynamic touch to your video.","Certainly! How about the 'Play&Peace PlayStation Trailer' music? It's a dance and electronic track with elements of house and rock. Although I don't have specific information about the track name, album name, or artists, it could be a suitable choice for your video as it combines the electronic and house influences you're looking for with the rock genre.","Certainly! How about the 'Play&Peace PlayStation Trailer' music? It's a dance and electronic track with elements of house and rock. Although I don't have specific information about the track name, album name, or artists, it could be a suitable choice for your video as it combines the electronic and house influences you're looking for with the rock genre.",,,,,,0,0,top1_generation_prompt_text_changed_only_precomputed_text_feature_unchanged
2455,gRKzFMRviAs,gRKzFMRviAs_qbZBq5WNw3k,gRKzFMRviAs_qbZBq5WNw3k,gRKzFMRviAs,1,1,cf_upbeat_electronic,top1_prompt_level_preference_counterfactual,original,top1_reference,"I prefer upbeat electronic background music with a bright mood, clear rhythm, energetic beats, and a modern dance or pop feeling.",That sounds great! I'm also interested in incorporating some electronic and house influences into my video. Do you have any recommendations that combine these genres with rock?,"Based on your preferences, I recommend 'Sun Is Shining' by Fatman Scoop. It's a track from the album 'Sun Is Shining' and features a mix of dance, electronic, house, pop, and rock elements. The song has a fast tempo, energetic beats, and a modern dance or pop feel that aligns well with your video.","Certainly! How about the 'Play&Peace PlayStation Trailer' music? It's a dance and electronic track with elements of house and rock. Although I don't have specific information about the track name, album name, or artists, it could be a suitable choice for your video as it combines the electronic and house influences you're looking for with the rock genre.","Certainly! How about the 'Play&Peace PlayStation Trailer' music? It's a dance and electronic track with elements of house and rock. Although I don't have specific information about the track name, album name, or artists, it could be a suitable choice for your video as it combines the electronic and house influences you're looking for with the rock genre.",,,,,,0,0,top1_generation_prompt_text_changed_only_precomputed_text_feature_unchanged
2455,gRKzFMRviAs,gRKzFMRviAs_qbZBq5WNw3k,gRKzFMRviAs_qbZBq5WNw3k,gRKzFMRviAs,1,1,cf_lyrical_piano,top1_prompt_level_preference_counterfactual,original,top1_reference,"I prefer lyrical piano background music with a slow tempo, soft acoustic texture, gentle melody, and a calm sentimental mood.",That sounds great! I'm also interested in incorporating some electronic and house influences into my video. Do you have any recommendations that combine these genres with rock?,"I apologize, but I don't have enough information to recommend a specific track or artist based on your preferences. However, I can suggest exploring the electronic, dance, pop, and rock genres to find a suitable track for your video.","Certainly! How about the 'Play&Peace PlayStation Trailer' music? It's a dance and electronic track with elements of house and rock. Although I don't have specific information about the track name, album name, or artists, it could be a suitable choice for your video as it combines the electronic and house influences you're looking for with the rock genre.","Certainly! How about the 'Play&Peace PlayStation Trailer' music? It's a dance and electronic track with elements of house and rock. Although I don't have specific information about the track name, album name, or artists, it could be a suitable choice for your video as it combines the electronic and house influences you're looking for with the rock genre.",,,,,,0,0,top1_generation_prompt_text_changed_only_precomputed_text_feature_unchanged
2491,mn4WwaRfmKM,mn4WwaRfmKM_7Kxl3Y5zh5E,mn4WwaRfmKM_7Kxl3Y5zh5E,mn4WwaRfmKM,1,1,original,top1_prompt_level_preference_counterfactual,original,top1_reference,"That sounds great. I'm also interested in incorporating some elements of soul, pop, and 80s rock into the music. Is there a track that combines these genres?","That sounds great. I'm also interested in incorporating some elements of soul, pop, and 80s rock into the music. Is there a track that combines these genres?","Certainly! I recommend 'I'm Alive' by Hearts of Worship. It's a track that combines elements of soul, pop, and 80s rock. The song features female vocals and has a catchy and energetic vibe. It could be a fitting choice for your video.","Certainly! 'Happy' by Tyree Morris & Hearts of Worship is a track that combines elements of soul, pop, and 80s rock. It's from their album 'We Declare' released in 2014. This song has a joyful and uplifting vibe with a mix of techno and electronic beats. The vocals and drums add a dynamic touch to the overall sound. It could be a great addition to your video, blending different genres seamlessly.","Certainly! 'Happy' by Tyree Morris & Hearts of Worship is a track that combines elements of soul, pop, and 80s rock. It's from their album 'We Declare' released in 2014. This song has a joyful and uplifting vibe with a mix of techno and electronic beats. The vocals and drums add a dynamic touch to the overall sound. It could be a great addition to your video, blending different genres seamlessly.",Happy,Tyree Morris & Hearts of Worship is a track that combines elements of soul,0,0,0,1,0,top1_generation_prompt_text_changed_only_precomputed_text_feature_unchanged
2491,mn4WwaRfmKM,mn4WwaRfmKM_7Kxl3Y5zh5E,mn4WwaRfmKM_7Kxl3Y5zh5E,mn4WwaRfmKM,1,1,cf_upbeat_electronic,top1_prompt_level_preference_counterfactual,original,top1_reference,"I prefer upbeat electronic background music with a bright mood, clear rhythm, energetic beats, and a modern dance or pop feeling.","That sounds great. I'm also interested in incorporating some elements of soul, pop, and 80s rock into the music. Is there a track that combines these genres?","In that case, 'Happy' by Pharrell Williams would be an excellent choice. It's a track that perfectly encapsulates the upbeat electronic background music with a bright mood, clear rhythm, energetic beats, and a modern dance or pop feeling. It's a great fit for your video.","Certainly! 'Happy' by Tyree Morris & Hearts of Worship is a track that combines elements of soul, pop, and 80s rock. It's from their album 'We Declare' released in 2014. This song has a joyful and uplifting vibe with a mix of techno and electronic beats. The vocals and drums add a dynamic touch to the overall sound. It could be a great addition to your video, blending different genres seamlessly.","Certainly! 'Happy' by Tyree Morris & Hearts of Worship is a track that combines elements of soul, pop, and 80s rock. It's from their album 'We Declare' released in 2014. This song has a joyful and uplifting vibe with a mix of techno and electronic beats. The vocals and drums add a dynamic touch to the overall sound. It could be a great addition to your video, blending different genres seamlessly.",Happy,Tyree Morris & Hearts of Worship is a track that combines elements of soul,1,0,0,1,0,top1_generation_prompt_text_changed_only_precomputed_text_feature_unchanged
2491,mn4WwaRfmKM,mn4WwaRfmKM_7Kxl3Y5zh5E,mn4WwaRfmKM_7Kxl3Y5zh5E,mn4WwaRfmKM,1,1,cf_lyrical_piano,top1_prompt_level_preference_counterfactual,original,top1_reference,"I prefer lyrical piano background music with a slow tempo, soft acoustic texture, gentle melody, and a calm sentimental mood.","That sounds great. I'm also interested in incorporating some elements of soul, pop, and 80s rock into the music. Is there a track that combines these genres?","I suggest you consider 'I'm Yours' by Tyree Morris & Hearts of Worship. It's a track that combines elements of soul, pop, and rock with a lyrical piano background. The song has a slow tempo, soft acoustic texture, and a gentle melody that can create a calm and sentimental mood for your video.","Certainly! 'Happy' by Tyree Morris & Hearts of Worship is a track that combines elements of soul, pop, and 80s rock. It's from their album 'We Declare' released in 2014. This song has a joyful and uplifting vibe with a mix of techno and electronic beats. The vocals and drums add a dynamic touch to the overall sound. It could be a great addition to your video, blending different genres seamlessly.","Certainly! 'Happy' by Tyree Morris & Hearts of Worship is a track that combines elements of soul, pop, and 80s rock. It's from their album 'We Declare' released in 2014. This song has a joyful and uplifting vibe with a mix of techno and electronic beats. The vocals and drums add a dynamic touch to the overall sound. It could be a great addition to your video, blending different genres seamlessly.",Happy,Tyree Morris & Hearts of Worship is a track that combines elements of soul,0,0,0,1,0,top1_generation_prompt_text_changed_only_precomputed_text_feature_unchanged
2555,m7Cq8gduKP0,m7Cq8gduKP0_gk2j6CDUFpI,Gmlcb8EJqko_liKfNfVM_q0,Gmlcb8EJqko,0,3,original,top1_prompt_level_preference_counterfactual,original,top1_reference,"That sounds great, but I would like to incorporate some hip-hop and chillout elements into the music as well. Can you recommend something that includes those genres?","That sounds great, but I would like to incorporate some hip-hop and chillout elements into the music as well. Can you recommend something that includes those genres?","Certainly! How about 'Never Be Alone' by NFbeats? It's a track that combines hip-hop, electronic, and chillout elements. Although I don't have much information about the specific album or artists, the song itself aligns with the genres you mentioned. It could be a fitting choice for your video.","Allow me to recommend the track '18 ans' by Beli Blanco feat. Cirnese. Although the track doesn't have a specific album name or artist information, it falls into the genres of hip-hop and electronic with chillout and pop influences. It has a slow and synth-focused beat, which could be a fitting choice for your video.","In that case, I would recommend 'Never Be Alone' by NFbeats. This track has a Hip-Hop and indie influence, with elements of electronic and rock. The vocals are accompanied by guitar and piano, adding depth to the sound. It's a perfect fit for your video!",Never Be Alone,NFbeats,1,1,1,0,0,top1_generation_prompt_text_changed_only_precomputed_text_feature_unchanged
2555,m7Cq8gduKP0,m7Cq8gduKP0_gk2j6CDUFpI,Gmlcb8EJqko_liKfNfVM_q0,Gmlcb8EJqko,0,3,cf_upbeat_electronic,top1_prompt_level_preference_counterfactual,original,top1_reference,"I prefer upbeat electronic background music with a bright mood, clear rhythm, energetic beats, and a modern dance or pop feeling.","That sounds great, but I would like to incorporate some hip-hop and chillout elements into the music as well. Can you recommend something that includes those genres?","I suggest you consider 'Never Be Alone' by NFbeats. It's a track from the album 'Never Be Alone' and features a mix of Hip-Hop, electronic, R&B, pop, and dance genres. The song has a techno and electronic sound with a fast beat and synth elements. It was released in 2010 and has a modern and energetic vibe that aligns well with your preferences.","Allow me to recommend the track '18 ans' by Beli Blanco feat. Cirnese. Although the track doesn't have a specific album name or artist information, it falls into the genres of hip-hop and electronic with chillout and pop influences. It has a slow and synth-focused beat, which could be a fitting choice for your video.","In that case, I would recommend 'Never Be Alone' by NFbeats. This track has a Hip-Hop and indie influence, with elements of electronic and rock. The vocals are accompanied by guitar and piano, adding depth to the sound. It's a perfect fit for your video!",Never Be Alone,NFbeats,1,1,1,0,0,top1_generation_prompt_text_changed_only_precomputed_text_feature_unchanged
2555,m7Cq8gduKP0,m7Cq8gduKP0_gk2j6CDUFpI,Gmlcb8EJqko_liKfNfVM_q0,Gmlcb8EJqko,0,3,cf_lyrical_piano,top1_prompt_level_preference_counterfactual,original,top1_reference,"I prefer lyrical piano background music with a slow tempo, soft acoustic texture, gentle melody, and a calm sentimental mood.","That sounds great, but I would like to incorporate some hip-hop and chillout elements into the music as well. Can you recommend something that includes those genres?","Based on your preferences, I recommend 'Never Be Alone' by NFbeats. It's a track from the album 'Never Be Alone' and features lyrical piano background music with a slow tempo, soft acoustic texture, gentle melody, and a calm sentimental mood.","Allow me to recommend the track '18 ans' by Beli Blanco feat. Cirnese. Although the track doesn't have a specific album name or artist information, it falls into the genres of hip-hop and electronic with chillout and pop influences. It has a slow and synth-focused beat, which could be a fitting choice for your video.","In that case, I would recommend 'Never Be Alone' by NFbeats. This track has a Hip-Hop and indie influence, with elements of electronic and rock. The vocals are accompanied by guitar and piano, adding depth to the sound. It's a perfect fit for your video!",Never Be Alone,NFbeats,1,1,1,0,0,top1_generation_prompt_text_changed_only_precomputed_text_feature_unchanged
2609,iwxzc2MlkRg,iwxzc2MlkRg_UB7-5vH_veA,l-9W60iFVSM_O7uLRMUk1AM,l-9W60iFVSM,0,2,original,top1_prompt_level_preference_counterfactual,original,top1_reference,"That sounds great, but I would like to incorporate some elements of Mahalo's style into the music as well. Mahalo is known for their rock, pop, and indie sound with 80s influences. I'm also interested in guitar and male vocals.","That sounds great, but I would like to incorporate some elements of Mahalo's style into the music as well. Mahalo is known for their rock, pop, and indie sound with 80s influences. I'm also interested in guitar and male vocals.","Allow me to recommend 'Mahalo' by Mahalo. It's a track from their album 'Mahalo'. The song combines elements of rock, pop, and indie with a touch of 80s vibes. It features guitar and male vocals, which aligns well with your preferences.","Allow me to recommend 'Chora Brother' by Mahalo. It's a track from their album 'Gratidão'. The song combines elements of rock, pop, and indie with 80s influences. It features a strong guitar presence and male vocals by Pedro Nassif. It was also used as the soundtrack for the TV show 'Malhação' in 2013/2014, which indicates its popularity and catchy appeal.","In that case, I would recommend 'FANM MISTIK' by Fasil De Reginald Cange. This track has a soulful and jazzy sound with a touch of 80s vibes. It's a perfect fit for your video and will add a unique and nostalgic atmosphere.",FANM MISTIK,Fasil De Reginald Cange,0,0,0,1,0,top1_generation_prompt_text_changed_only_precomputed_text_feature_unchanged
2609,iwxzc2MlkRg,iwxzc2MlkRg_UB7-5vH_veA,l-9W60iFVSM_O7uLRMUk1AM,l-9W60iFVSM,0,2,cf_upbeat_electronic,top1_prompt_level_preference_counterfactual,original,top1_reference,"I prefer upbeat electronic background music with a bright mood, clear rhythm, energetic beats, and a modern dance or pop feeling.","That sounds great, but I would like to incorporate some elements of Mahalo's style into the music as well. Mahalo is known for their rock, pop, and indie sound with 80s influences. I'm also interested in guitar and male vocals.","I suggest you consider 'Mistik' by Fasil De Reginald Cange. It's a track from the album 'Mistik' and falls under the genres of pop, rock, and dance. The song has a fast-paced rhythm with a mix of electronic and guitar elements. It was released in 2012 and has a modern and energetic vibe that could be a great fit for your video.","Allow me to recommend 'Chora Brother' by Mahalo. It's a track from their album 'Gratidão'. The song combines elements of rock, pop, and indie with 80s influences. It features a strong guitar presence and male vocals by Pedro Nassif. It was also used as the soundtrack for the TV show 'Malhação' in 2013/2014, which indicates its popularity and catchy appeal.","In that case, I would recommend 'FANM MISTIK' by Fasil De Reginald Cange. This track has a soulful and jazzy sound with a touch of 80s vibes. It's a perfect fit for your video and will add a unique and nostalgic atmosphere.",FANM MISTIK,Fasil De Reginald Cange,0,1,0,1,0,top1_generation_prompt_text_changed_only_precomputed_text_feature_unchanged
2609,iwxzc2MlkRg,iwxzc2MlkRg_UB7-5vH_veA,l-9W60iFVSM_O7uLRMUk1AM,l-9W60iFVSM,0,2,cf_lyrical_piano,top1_prompt_level_preference_counterfactual,original,top1_reference,"I prefer lyrical piano background music with a slow tempo, soft acoustic texture, gentle melody, and a calm sentimental mood.","That sounds great, but I would like to incorporate some elements of Mahalo's style into the music as well. Mahalo is known for their rock, pop, and indie sound with 80s influences. I'm also interested in guitar and male vocals.","I suggest you consider 'Mistik' by Fasil De Reginald Cange. It's a track from the album 'Mistik' and features a lyrical piano background with a slow tempo, soft acoustic texture, and a gentle melody. The song has a calm and sentimental mood that could be a perfect fit for your video.","Allow me to recommend 'Chora Brother' by Mahalo. It's a track from their album 'Gratidão'. The song combines elements of rock, pop, and indie with 80s influences. It features a strong guitar presence and male vocals by Pedro Nassif. It was also used as the soundtrack for the TV show 'Malhação' in 2013/2014, which indicates its popularity and catchy appeal.","In that case, I would recommend 'FANM MISTIK' by Fasil De Reginald Cange. This track has a soulful and jazzy sound with a touch of 80s vibes. It's a perfect fit for your video and will add a unique and nostalgic atmosphere.",FANM MISTIK,Fasil De Reginald Cange,0,1,0,1,0,top1_generation_prompt_text_changed_only_precomputed_text_feature_unchanged
2627,4O_gGo7MsW4,4O_gGo7MsW4_1S84Sxh4x0c,-zzSU7LBtWI_gj-HX6qGYPg,-zzSU7LBtWI,0,76,original,top1_prompt_level_preference_counterfactual,original,top1_reference,"That sounds great, but I would like to incorporate a bit more of LT's distinctive style, especially their electronic and rock influences. I'm also interested in techno and male vocals.","That sounds great, but I would like to incorporate a bit more of LT's distinctive style, especially their electronic and rock influences. I'm also interested in techno and male vocals.","Allow me to recommend 'Ride Out' by LT featuring Kid Ink. It's a track from LT's album 'Ride Out'. It combines elements of hip-hop, electronic, and rock with techno beats and male vocals. This song could be a fitting choice for your video.","Allow me to recommend 'S'kena probleme' by LT. It's a track with a mix of hip-hop, electronic, dance, and pop genres, similar to the recommended track. Although there is no specific description provided, the song might contain the electronic and rock influences you're looking for. It also features a male vocalist and could be a suitable choice for your video.","In that case, I would recommend the track 'Ride Out' by Kid Ink, Tyga, Wale, YG, and Rich Homie Quan. This track has a mainstream appeal and combines the genres of Hip-Hop, R&B, and pop. It was featured in the Furious 7 movie and has a high-energy and catchy vibe.",Ride Out,Kid Ink,1,1,1,0,0,top1_generation_prompt_text_changed_only_precomputed_text_feature_unchanged
2627,4O_gGo7MsW4,4O_gGo7MsW4_1S84Sxh4x0c,-zzSU7LBtWI_gj-HX6qGYPg,-zzSU7LBtWI,0,76,cf_upbeat_electronic,top1_prompt_level_preference_counterfactual,original,top1_reference,"I prefer upbeat electronic background music with a bright mood, clear rhythm, energetic beats, and a modern dance or pop feeling.","That sounds great, but I would like to incorporate a bit more of LT's distinctive style, especially their electronic and rock influences. I'm also interested in techno and male vocals.","Based on your preferences, I recommend 'Ride Out' by Kid Ink. It's a track from the album 'Ride Out' and features a mix of hip-hop, electronic, pop, dance, and rock elements. The song has a fast-paced techno sound with a catchy beat and energetic vibe that aligns well with your requirements.","Allow me to recommend 'S'kena probleme' by LT. It's a track with a mix of hip-hop, electronic, dance, and pop genres, similar to the recommended track. Although there is no specific description provided, the song might contain the electronic and rock influences you're looking for. It also features a male vocalist and could be a suitable choice for your video.","In that case, I would recommend the track 'Ride Out' by Kid Ink, Tyga, Wale, YG, and Rich Homie Quan. This track has a mainstream appeal and combines the genres of Hip-Hop, R&B, and pop. It was featured in the Furious 7 movie and has a high-energy and catchy vibe.",Ride Out,Kid Ink,1,1,1,0,0,top1_generation_prompt_text_changed_only_precomputed_text_feature_unchanged
2627,4O_gGo7MsW4,4O_gGo7MsW4_1S84Sxh4x0c,-zzSU7LBtWI_gj-HX6qGYPg,-zzSU7LBtWI,0,76,cf_lyrical_piano,top1_prompt_level_preference_counterfactual,original,top1_reference,"I prefer lyrical piano background music with a slow tempo, soft acoustic texture, gentle melody, and a calm sentimental mood.","That sounds great, but I would like to incorporate a bit more of LT's distinctive style, especially their electronic and rock influences. I'm also interested in techno and male vocals.","I apologize, but I don't have enough information to recommend a specific track that matches your requirements. However, I can suggest exploring the works of artists like Kid Ink, who are known for their lyrical piano background music with a slow tempo, soft acoustic texture, gentle melody, and a calm sentimental mood.","Allow me to recommend 'S'kena probleme' by LT. It's a track with a mix of hip-hop, electronic, dance, and pop genres, similar to the recommended track. Although there is no specific description provided, the song might contain the electronic and rock influences you're looking for. It also features a male vocalist and could be a suitable choice for your video.","In that case, I would recommend the track 'Ride Out' by Kid Ink, Tyga, Wale, YG, and Rich Homie Quan. This track has a mainstream appeal and combines the genres of Hip-Hop, R&B, and pop. It was featured in the Furious 7 movie and has a high-energy and catchy vibe.",Ride Out,Kid Ink,0,1,0,1,0,top1_generation_prompt_text_changed_only_precomputed_text_feature_unchanged
2639,fn_GPyrIZDM,fn_GPyrIZDM_YxVvA5-Ndmg,ZTEfInwgxVs_FjC-cvKzElY,ZTEfInwgxVs,0,2,original,top1_prompt_level_preference_counterfactual,original,top1_reference,"That sounds good, but I would like to incorporate some elements of Polish hip-hop into the music. I'm also interested in soul, R&B, and pop influences.","That sounds good, but I would like to incorporate some elements of Polish hip-hop into the music. I'm also interested in soul, R&B, and pop influences.","Allow me to recommend 'Straight To the Bank' by 50 Cent. It's a track from the album 'Straight To the Bank'. It combines elements of hip-hop, soul, R&B, and pop, which aligns well with the Polish hip-hop style you're looking for. The song has a techno and electronic sound as well.","I understand your preference for Polish hip-hop. Let me recommend 'FIBE MIEJSCA' by FIBE. It's a track with elements of soul, R&B, and pop, but also incorporates rock influences. The song was released in 2013 and has a techno and electronic sound, with prominent drum beats. It could add a unique touch to your video.",Sure! How about 'Straight To the Bank' by 50 Cent? It's a hip-hop track with electronic and soul influences. The song was released in 2007 and has a catchy beat and male vocals. It could add a dynamic and energetic vibe to your video.,Straight To the Bank,50 Cent,1,1,1,0,0,top1_generation_prompt_text_changed_only_precomputed_text_feature_unchanged
2639,fn_GPyrIZDM,fn_GPyrIZDM_YxVvA5-Ndmg,ZTEfInwgxVs_FjC-cvKzElY,ZTEfInwgxVs,0,2,cf_upbeat_electronic,top1_prompt_level_preference_counterfactual,original,top1_reference,"I prefer upbeat electronic background music with a bright mood, clear rhythm, energetic beats, and a modern dance or pop feeling.","That sounds good, but I would like to incorporate some elements of Polish hip-hop into the music. I'm also interested in soul, R&B, and pop influences.","Based on your preferences, I recommend 'Straight To the Bank' by 50 Cent. It's a track from the album 'Straight To the Bank' and features a mix of Hip-Hop, R&B, pop, and electronic elements. The song has a fast-paced beat and a modern dance vibe that aligns well with your requirements.","I understand your preference for Polish hip-hop. Let me recommend 'FIBE MIEJSCA' by FIBE. It's a track with elements of soul, R&B, and pop, but also incorporates rock influences. The song was released in 2013 and has a techno and electronic sound, with prominent drum beats. It could add a unique touch to your video.",Sure! How about 'Straight To the Bank' by 50 Cent? It's a hip-hop track with electronic and soul influences. The song was released in 2007 and has a catchy beat and male vocals. It could add a dynamic and energetic vibe to your video.,Straight To the Bank,50 Cent,1,1,1,0,0,top1_generation_prompt_text_changed_only_precomputed_text_feature_unchanged
2639,fn_GPyrIZDM,fn_GPyrIZDM_YxVvA5-Ndmg,ZTEfInwgxVs_FjC-cvKzElY,ZTEfInwgxVs,0,2,cf_lyrical_piano,top1_prompt_level_preference_counterfactual,original,top1_reference,"I prefer lyrical piano background music with a slow tempo, soft acoustic texture, gentle melody, and a calm sentimental mood.","That sounds good, but I would like to incorporate some elements of Polish hip-hop into the music. I'm also interested in soul, R&B, and pop influences.","I suggest you consider 'Straight To the Bank' by 50 Cent. It's a track from the album 'Straight To the Bank'. The song combines hip-hop, R&B, and pop elements with a slow tempo and a piano-driven sound. It has a lyrical and sentimental vibe that could be a perfect fit for your video.","I understand your preference for Polish hip-hop. Let me recommend 'FIBE MIEJSCA' by FIBE. It's a track with elements of soul, R&B, and pop, but also incorporates rock influences. The song was released in 2013 and has a techno and electronic sound, with prominent drum beats. It could add a unique touch to your video.",Sure! How about 'Straight To the Bank' by 50 Cent? It's a hip-hop track with electronic and soul influences. The song was released in 2007 and has a catchy beat and male vocals. It could add a dynamic and energetic vibe to your video.,Straight To the Bank,50 Cent,1,1,1,0,0,top1_generation_prompt_text_changed_only_precomputed_text_feature_unchanged
2648,rSAbaOw7tNY,rSAbaOw7tNY_R6_kdKj7mJ0,rSAbaOw7tNY_R6_kdKj7mJ0,rSAbaOw7tNY,1,1,original,top1_prompt_level_preference_counterfactual,original,top1_reference,"That sounds good, but I want to incorporate some elements of electronic and experimental genres, similar to 'Uno Feat. Rahshon - All Night Long'. Can you suggest a song with those influences?","That sounds good, but I want to incorporate some elements of electronic and experimental genres, similar to 'Uno Feat. Rahshon - All Night Long'. Can you suggest a song with those influences?","Certainly! How about 'All Night Long' by Uno Feat; Rahshon? It's a track that combines elements of hip-hop, electronic, and rock with experimental and indie influences. The song has a techno and electronic sound with male vocals. It could be a fitting choice for your video.","I suggest you try 'All Night Long' by Uno Feat. Rahshon. It's an electronic and experimental track produced by Kenny Johnson III of Third Level Entertainment, LLC. The song has a unique sound and incorporates elements of hip-hop and rock as well.","I suggest you try 'All Night Long' by Uno Feat. Rahshon. It's an electronic and experimental track produced by Kenny Johnson III of Third Level Entertainment, LLC. The song has a unique sound and incorporates elements of hip-hop and rock as well.",All Night Long,Uno Feat,1,1,1,0,0,top1_generation_prompt_text_changed_only_precomputed_text_feature_unchanged
2648,rSAbaOw7tNY,rSAbaOw7tNY_R6_kdKj7mJ0,rSAbaOw7tNY_R6_kdKj7mJ0,rSAbaOw7tNY,1,1,cf_upbeat_electronic,top1_prompt_level_preference_counterfactual,original,top1_reference,"I prefer upbeat electronic background music with a bright mood, clear rhythm, energetic beats, and a modern dance or pop feeling.","That sounds good, but I want to incorporate some elements of electronic and experimental genres, similar to 'Uno Feat. Rahshon - All Night Long'. Can you suggest a song with those influences?","Based on your preferences, I recommend 'All Night Long' by Uno Feat. It's an electronic track with elements of Hip-Hop, rock, and pop. The song has a fast tempo and a catchy beat that will give your video a modern and energetic vibe.","I suggest you try 'All Night Long' by Uno Feat. Rahshon. It's an electronic and experimental track produced by Kenny Johnson III of Third Level Entertainment, LLC. The song has a unique sound and incorporates elements of hip-hop and rock as well.","I suggest you try 'All Night Long' by Uno Feat. Rahshon. It's an electronic and experimental track produced by Kenny Johnson III of Third Level Entertainment, LLC. The song has a unique sound and incorporates elements of hip-hop and rock as well.",All Night Long,Uno Feat,1,1,1,0,0,top1_generation_prompt_text_changed_only_precomputed_text_feature_unchanged
2648,rSAbaOw7tNY,rSAbaOw7tNY_R6_kdKj7mJ0,rSAbaOw7tNY_R6_kdKj7mJ0,rSAbaOw7tNY,1,1,cf_lyrical_piano,top1_prompt_level_preference_counterfactual,original,top1_reference,"I prefer lyrical piano background music with a slow tempo, soft acoustic texture, gentle melody, and a calm sentimental mood.","That sounds good, but I want to incorporate some elements of electronic and experimental genres, similar to 'Uno Feat. Rahshon - All Night Long'. Can you suggest a song with those influences?","I suggest you consider 'All Night Long' by Uno Feat. It's a track with lyrical piano background music that aligns with your preferences. The song has a slow tempo, soft acoustic texture, and a gentle melody that creates a calm and sentimental mood. It's a perfect choice for your video.","I suggest you try 'All Night Long' by Uno Feat. Rahshon. It's an electronic and experimental track produced by Kenny Johnson III of Third Level Entertainment, LLC. The song has a unique sound and incorporates elements of hip-hop and rock as well.","I suggest you try 'All Night Long' by Uno Feat. Rahshon. It's an electronic and experimental track produced by Kenny Johnson III of Third Level Entertainment, LLC. The song has a unique sound and incorporates elements of hip-hop and rock as well.",All Night Long,Uno Feat,1,1,1,0,0,top1_generation_prompt_text_changed_only_precomputed_text_feature_unchanged
2650,sucNsk45Bzg,sucNsk45Bzg_sFQ647JCX2I,ZHDCs0IiN2k_ZvZZQbW3C1k,ZHDCs0IiN2k,0,9,original,top1_prompt_level_preference_counterfactual,original,top1_reference,"That sounds great, I'm interested in incorporating more electronic and dance elements into the music. Is there any other recommendation?","That sounds great, I'm interested in incorporating more electronic and dance elements into the music. Is there any other recommendation?","Certainly! How about 'Dicen por Ahí' by Alx & Dissa? It's a track from their album 'Dicen por Ahí'. This song combines hip-hop, electronic, and dance genres with pop and electro influences. It has a fast-paced and energetic vibe that could be a fitting choice for your video.","Certainly! 'Cell' by HD is another option. It's a new single with elements of hip-hop, electronic, and dance genres. The song has a catchy beat and can add a vibrant and energetic feel to your video.","I understand. How about considering 'Dicen por Ahí' by Alx & Dissa? Although I don't have specific information about the album or artists, this track is classified as hip-hop, electronic, pop, rock, and dance. It might have the pop and dance influences you're looking for, along with a mix of electronic and rock elements. Unfortunately, I don't have any information about the release year or any other details about this track.",Dicen por Ahí,Alx & Dissa,1,1,1,0,0,top1_generation_prompt_text_changed_only_precomputed_text_feature_unchanged
2650,sucNsk45Bzg,sucNsk45Bzg_sFQ647JCX2I,ZHDCs0IiN2k_ZvZZQbW3C1k,ZHDCs0IiN2k,0,9,cf_upbeat_electronic,top1_prompt_level_preference_counterfactual,original,top1_reference,"I prefer upbeat electronic background music with a bright mood, clear rhythm, energetic beats, and a modern dance or pop feeling.","That sounds great, I'm interested in incorporating more electronic and dance elements into the music. Is there any other recommendation?","Based on your preferences, I recommend 'Dicen por Ahí' by Alx & Dissa. It's a track from their album 'Dicen por Ahí'. This song combines elements of Hip-Hop, electronic, dance, pop, and rock. It has a fast-paced techno sound with a catchy beat and a modern dance or pop vibe.","Certainly! 'Cell' by HD is another option. It's a new single with elements of hip-hop, electronic, and dance genres. The song has a catchy beat and can add a vibrant and energetic feel to your video.","I understand. How about considering 'Dicen por Ahí' by Alx & Dissa? Although I don't have specific information about the album or artists, this track is classified as hip-hop, electronic, pop, rock, and dance. It might have the pop and dance influences you're looking for, along with a mix of electronic and rock elements. Unfortunately, I don't have any information about the release year or any other details about this track.",Dicen por Ahí,Alx & Dissa,1,1,1,0,0,top1_generation_prompt_text_changed_only_precomputed_text_feature_unchanged
2650,sucNsk45Bzg,sucNsk45Bzg_sFQ647JCX2I,ZHDCs0IiN2k_ZvZZQbW3C1k,ZHDCs0IiN2k,0,9,cf_lyrical_piano,top1_prompt_level_preference_counterfactual,original,top1_reference,"I prefer lyrical piano background music with a slow tempo, soft acoustic texture, gentle melody, and a calm sentimental mood.","That sounds great, I'm interested in incorporating more electronic and dance elements into the music. Is there any other recommendation?","I apologize, but I don't have enough information to recommend a specific track that matches your requirements. However, I can suggest exploring the music of Ahí, as they are known for their lyrical piano background music with a slow tempo, soft acoustic texture, gentle melody, and a calm sentimental mood.","Certainly! 'Cell' by HD is another option. It's a new single with elements of hip-hop, electronic, and dance genres. The song has a catchy beat and can add a vibrant and energetic feel to your video.","I understand. How about considering 'Dicen por Ahí' by Alx & Dissa? Although I don't have specific information about the album or artists, this track is classified as hip-hop, electronic, pop, rock, and dance. It might have the pop and dance influences you're looking for, along with a mix of electronic and rock elements. Unfortunately, I don't have any information about the release year or any other details about this track.",Dicen por Ahí,Alx & Dissa,0,0,0,1,0,top1_generation_prompt_text_changed_only_precomputed_text_feature_unchanged
2658,vIaH35-MLsk,vIaH35-MLsk_SGEzNs5dArw,gHXWEvJa8kA_DxJI3yZOFKE,gHXWEvJa8kA,0,5,original,top1_prompt_level_preference_counterfactual,original,top1_reference,"Sounds interesting, but I'm looking for something with a catchy chorus and a bit more of a romantic vibe.","Sounds interesting, but I'm looking for something with a catchy chorus and a bit more of a romantic vibe.","In that case, I would recommend 'Mi Amor' by Ria Mae. This track has a catchy chorus and a romantic vibe, perfect for your video. It's part of the album 'Mi Amor' and features Ria Mae's soulful vocals.","In that case, I would recommend 'Right Now (Na Na Na)' by Akon. This track has a catchy chorus and falls into the pop, R&B, dance, and electronic genres. It features a female vocalist and has a romantic feel to it. It's part of the album 'Right Now (Na Na Na)' by Akon.","Certainly! How about 'weetna' by RIAMA? Although I don't have much information about the track, RIAMA is known for her electronic and chillout style with R&B influences. This track might be a good fit for your video to add some relaxed and soulful vibes.",weetna,RIAMA,0,1,0,1,0,top1_generation_prompt_text_changed_only_precomputed_text_feature_unchanged
2658,vIaH35-MLsk,vIaH35-MLsk_SGEzNs5dArw,gHXWEvJa8kA_DxJI3yZOFKE,gHXWEvJa8kA,0,5,cf_upbeat_electronic,top1_prompt_level_preference_counterfactual,original,top1_reference,"I prefer upbeat electronic background music with a bright mood, clear rhythm, energetic beats, and a modern dance or pop feeling.","Sounds interesting, but I'm looking for something with a catchy chorus and a bit more of a romantic vibe.","In that case, 'Mama' by Rihanna would be a perfect choice. It's a track from the album 'Mama' and features a beautiful blend of pop, R&B, soul, and dance genres. The song has a fast-paced techno beat with a strong female vocal performance, making it a great fit for your video.","In that case, I would recommend 'Right Now (Na Na Na)' by Akon. This track has a catchy chorus and falls into the pop, R&B, dance, and electronic genres. It features a female vocalist and has a romantic feel to it. It's part of the album 'Right Now (Na Na Na)' by Akon.","Certainly! How about 'weetna' by RIAMA? Although I don't have much information about the track, RIAMA is known for her electronic and chillout style with R&B influences. This track might be a good fit for your video to add some relaxed and soulful vibes.",weetna,RIAMA,0,0,0,1,0,top1_generation_prompt_text_changed_only_precomputed_text_feature_unchanged
2658,vIaH35-MLsk,vIaH35-MLsk_SGEzNs5dArw,gHXWEvJa8kA_DxJI3yZOFKE,gHXWEvJa8kA,0,5,cf_lyrical_piano,top1_prompt_level_preference_counterfactual,original,top1_reference,"I prefer lyrical piano background music with a slow tempo, soft acoustic texture, gentle melody, and a calm sentimental mood.","Sounds interesting, but I'm looking for something with a catchy chorus and a bit more of a romantic vibe.","I suggest you consider 'Mama' by Rihanna. It's a track from her album 'Mama'. This song features a lyrical piano background with a slow tempo, soft acoustic texture, and a gentle melody. It has a calm and sentimental mood that could be a perfect fit for your video.","In that case, I would recommend 'Right Now (Na Na Na)' by Akon. This track has a catchy chorus and falls into the pop, R&B, dance, and electronic genres. It features a female vocalist and has a romantic feel to it. It's part of the album 'Right Now (Na Na Na)' by Akon.","Certainly! How about 'weetna' by RIAMA? Although I don't have much information about the track, RIAMA is known for her electronic and chillout style with R&B influences. This track might be a good fit for your video to add some relaxed and soulful vibes.",weetna,RIAMA,0,0,0,1,0,top1_generation_prompt_text_changed_only_precomputed_text_feature_unchanged
2673,6I0Dv46ZgZE,6I0Dv46ZgZE_eZEP4QbTics,LozHFq_oVkY_fFe8S6eb560,LozHFq_oVkY,0,15,original,top1_prompt_level_preference_counterfactual,original,top1_reference,"That sounds interesting, but I'm looking for a track that aligns more with the rock, indie, and alternative genres. It would be great if it also has some metal elements.","That sounds interesting, but I'm looking for a track that aligns more with the rock, indie, and alternative genres. It would be great if it also has some metal elements.","Allow me to recommend 'Cromañon Canción Homenaje'. It's a track that falls under the rock, indie, alternative, and metal genres. Although I don't have much information about this track, it seems to align with your preferences.","Allow me to recommend 'Untitled 01' by RAMA again. This track combines elements of rock, metal, and alternative rock, which can capture the essence of your Disney Live Action collab. It has a fast-paced and loud sound with techno and electronic influences as well.","Allow me to recommend '30-12 (Cromañon Canción Homenaje)' by NI TE GASTES. It's a rock and indie track that can add the desired elements to your video. Although I don't have much information about the specific details of the track, it falls under the rock, indie, and alternative genres.",30-12 (Cromañon Canción Homenaje),NI TE GASTES,0,0,0,1,0,top1_generation_prompt_text_changed_only_precomputed_text_feature_unchanged
2673,6I0Dv46ZgZE,6I0Dv46ZgZE_eZEP4QbTics,LozHFq_oVkY_fFe8S6eb560,LozHFq_oVkY,0,15,cf_upbeat_electronic,top1_prompt_level_preference_counterfactual,original,top1_reference,"I prefer upbeat electronic background music with a bright mood, clear rhythm, energetic beats, and a modern dance or pop feeling.","That sounds interesting, but I'm looking for a track that aligns more with the rock, indie, and alternative genres. It would be great if it also has some metal elements.","I suggest you consider 'Cromañon Canción Homenaje' by NI TE GASTES. It's a track from their album 'Cromañon Canción Homenaje'. This song combines elements of rock, indie, alternative, and pop, which aligns well with your preferences. It has a guitar-driven sound and features male vocals.","Allow me to recommend 'Untitled 01' by RAMA again. This track combines elements of rock, metal, and alternative rock, which can capture the essence of your Disney Live Action collab. It has a fast-paced and loud sound with techno and electronic influences as well.","Allow me to recommend '30-12 (Cromañon Canción Homenaje)' by NI TE GASTES. It's a rock and indie track that can add the desired elements to your video. Although I don't have much information about the specific details of the track, it falls under the rock, indie, and alternative genres.",30-12 (Cromañon Canción Homenaje),NI TE GASTES,0,1,0,1,0,top1_generation_prompt_text_changed_only_precomputed_text_feature_unchanged
2673,6I0Dv46ZgZE,6I0Dv46ZgZE_eZEP4QbTics,LozHFq_oVkY_fFe8S6eb560,LozHFq_oVkY,0,15,cf_lyrical_piano,top1_prompt_level_preference_counterfactual,original,top1_reference,"I prefer lyrical piano background music with a slow tempo, soft acoustic texture, gentle melody, and a calm sentimental mood.","That sounds interesting, but I'm looking for a track that aligns more with the rock, indie, and alternative genres. It would be great if it also has some metal elements.","I suggest you consider 'Cromañon Canción Homenaje' by NI TE GASTES. It's a track from their album 'Cromañon Canción Homenaje'. This song combines elements of rock, indie, and alternative with a focus on piano and acoustic guitar. It has a slow tempo and a soft acoustic texture, which can create a calming and sentimental atmosphere for your video.","Allow me to recommend 'Untitled 01' by RAMA again. This track combines elements of rock, metal, and alternative rock, which can capture the essence of your Disney Live Action collab. It has a fast-paced and loud sound with techno and electronic influences as well.","Allow me to recommend '30-12 (Cromañon Canción Homenaje)' by NI TE GASTES. It's a rock and indie track that can add the desired elements to your video. Although I don't have much information about the specific details of the track, it falls under the rock, indie, and alternative genres.",30-12 (Cromañon Canción Homenaje),NI TE GASTES,0,1,0,1,0,top1_generation_prompt_text_changed_only_precomputed_text_feature_unchanged
2682,bnuOm-tHi9U,bnuOm-tHi9U_mk-5w3Di0jk,CkqlRC7i4Kg_55i14OoA4rQ,CkqlRC7i4Kg,0,5,original,top1_prompt_level_preference_counterfactual,original,top1_reference,"That sounds great, I like the indie and rock elements in your recommendation. However, I'm also interested in incorporating elements of Permanent Fish's style, which includes folk, jazz, and pop genres. I'm also looking for a slower tempo with female vocals.","That sounds great, I like the indie and rock elements in your recommendation. However, I'm also interested in incorporating elements of Permanent Fish's style, which includes folk, jazz, and pop genres. I'm also looking for a slower tempo with female vocals.","Allow me to recommend 'Après un reve' by Permanent Fish. It's a track from their album 'Après un reve'. The song combines elements of folk, jazz, and pop with a slower tempo and female vocals. It was released in 2007 and could be a fitting choice for your video.","Allow me to recommend '～街～' by Permanent Fish. It's a representative track from their mini album 'HOME'. This song beautifully combines elements of folk, rock, and jazz, with a touch of pop. The slow tempo and captivating female vocals make it a perfect choice for your video. It was released in 2006 and holds sentimental value, reflecting the importance of hometowns and cherished places.","Allow me to recommend 'Après un reve' by Janine Jansen. It's a track from her latest album 'Beau Soir'. The song is an instrumental piece with a classical and ambient vibe. It features the soothing sound of violin and strings, creating a beautiful and emotional atmosphere for your wedding video.",Après un reve,Janine Jansen,1,0,0,1,0,top1_generation_prompt_text_changed_only_precomputed_text_feature_unchanged
2682,bnuOm-tHi9U,bnuOm-tHi9U_mk-5w3Di0jk,CkqlRC7i4Kg_55i14OoA4rQ,CkqlRC7i4Kg,0,5,cf_upbeat_electronic,top1_prompt_level_preference_counterfactual,original,top1_reference,"I prefer upbeat electronic background music with a bright mood, clear rhythm, energetic beats, and a modern dance or pop feeling.","That sounds great, I like the indie and rock elements in your recommendation. However, I'm also interested in incorporating elements of Permanent Fish's style, which includes folk, jazz, and pop genres. I'm also looking for a slower tempo with female vocals.","I suggest you consider 'Après un reve' by Janine Jansen. It's a track from her album 'Après un reve'. This song combines elements of jazz, folk, and rock with a touch of pop. It has a slow and quiet beginning, but the tempo picks up and the music becomes more energetic. It's a beautiful and emotional piece that could add a unique touch to your video.","Allow me to recommend '～街～' by Permanent Fish. It's a representative track from their mini album 'HOME'. This song beautifully combines elements of folk, rock, and jazz, with a touch of pop. The slow tempo and captivating female vocals make it a perfect choice for your video. It was released in 2006 and holds sentimental value, reflecting the importance of hometowns and cherished places.","Allow me to recommend 'Après un reve' by Janine Jansen. It's a track from her latest album 'Beau Soir'. The song is an instrumental piece with a classical and ambient vibe. It features the soothing sound of violin and strings, creating a beautiful and emotional atmosphere for your wedding video.",Après un reve,Janine Jansen,1,1,1,0,0,top1_generation_prompt_text_changed_only_precomputed_text_feature_unchanged
2682,bnuOm-tHi9U,bnuOm-tHi9U_mk-5w3Di0jk,CkqlRC7i4Kg_55i14OoA4rQ,CkqlRC7i4Kg,0,5,cf_lyrical_piano,top1_prompt_level_preference_counterfactual,original,top1_reference,"I prefer lyrical piano background music with a slow tempo, soft acoustic texture, gentle melody, and a calm sentimental mood.","That sounds great, I like the indie and rock elements in your recommendation. However, I'm also interested in incorporating elements of Permanent Fish's style, which includes folk, jazz, and pop genres. I'm also looking for a slower tempo with female vocals.","Based on your preferences, I recommend 'Après un reve' by Janine Jansen. It's a beautiful track with lyrical piano and a slow tempo. The song has a soft acoustic texture and a gentle melody that creates a calm and sentimental mood. It's a perfect choice for your video.","Allow me to recommend '～街～' by Permanent Fish. It's a representative track from their mini album 'HOME'. This song beautifully combines elements of folk, rock, and jazz, with a touch of pop. The slow tempo and captivating female vocals make it a perfect choice for your video. It was released in 2006 and holds sentimental value, reflecting the importance of hometowns and cherished places.","Allow me to recommend 'Après un reve' by Janine Jansen. It's a track from her latest album 'Beau Soir'. The song is an instrumental piece with a classical and ambient vibe. It features the soothing sound of violin and strings, creating a beautiful and emotional atmosphere for your wedding video.",Après un reve,Janine Jansen,1,1,1,0,0,top1_generation_prompt_text_changed_only_precomputed_text_feature_unchanged
2688,7Rd-wFSnrTY,7Rd-wFSnrTY_a1_I0dYcqos,EoiL5LGwAeI_enlBmibFhMA,EoiL5LGwAeI,0,4,original,top1_prompt_level_preference_counterfactual,original,top1_reference,"That sounds great! I'm also interested in incorporating some elements of Gunplay's style, especially the hip hop and electronic components. Can you suggest something that combines those genres?","That sounds great! I'm also interested in incorporating some elements of Gunplay's style, especially the hip hop and electronic components. Can you suggest something that combines those genres?","Certainly! I recommend 'I'm A Hustla' by Gunplay. It's a track from his album 'I'm A Hustla'. The song combines elements of hip hop, electronic, and rock, which aligns well with the style you're looking for. It has a fast-paced and energetic vibe that could be a fitting choice for your video.","Allow me to recommend 'Drop Da Tint' by Gunplay. It's a hip hop track from his 'Acquitted' mixtape. The song blends hip hop with rock and electronic influences, creating a unique sound. It's a great choice if you want to incorporate Gunplay's style into your video.","Let me suggest 'Let's Get It' by Luey Champaign, Jstarr, & Syph Flips. It's a hip-hop and R&B influenced track with electronic and dance elements. Although there is no description available for this track, it aligns with the style and genre you're looking for.",Let's Get It,Luey Champaign,0,0,0,1,0,top1_generation_prompt_text_changed_only_precomputed_text_feature_unchanged
2688,7Rd-wFSnrTY,7Rd-wFSnrTY_a1_I0dYcqos,EoiL5LGwAeI_enlBmibFhMA,EoiL5LGwAeI,0,4,cf_upbeat_electronic,top1_prompt_level_preference_counterfactual,original,top1_reference,"I prefer upbeat electronic background music with a bright mood, clear rhythm, energetic beats, and a modern dance or pop feeling.","That sounds great! I'm also interested in incorporating some elements of Gunplay's style, especially the hip hop and electronic components. Can you suggest something that combines those genres?","Based on your preferences, I recommend 'Let's Get It' by Luey Champaign. It's a track from the album 'Let's Get It' and features a mix of Hip-Hop, R&B, electronic, dance, and pop elements. The song has a fast-paced beat and a modern dance or pop feel that aligns well with your requirements.","Allow me to recommend 'Drop Da Tint' by Gunplay. It's a hip hop track from his 'Acquitted' mixtape. The song blends hip hop with rock and electronic influences, creating a unique sound. It's a great choice if you want to incorporate Gunplay's style into your video.","Let me suggest 'Let's Get It' by Luey Champaign, Jstarr, & Syph Flips. It's a hip-hop and R&B influenced track with electronic and dance elements. Although there is no description available for this track, it aligns with the style and genre you're looking for.",Let's Get It,Luey Champaign,1,1,1,0,0,top1_generation_prompt_text_changed_only_precomputed_text_feature_unchanged
2688,7Rd-wFSnrTY,7Rd-wFSnrTY_a1_I0dYcqos,EoiL5LGwAeI_enlBmibFhMA,EoiL5LGwAeI,0,4,cf_lyrical_piano,top1_prompt_level_preference_counterfactual,original,top1_reference,"I prefer lyrical piano background music with a slow tempo, soft acoustic texture, gentle melody, and a calm sentimental mood.","That sounds great! I'm also interested in incorporating some elements of Gunplay's style, especially the hip hop and electronic components. Can you suggest something that combines those genres?","I apologize, but I don't have enough information to recommend a specific track that matches your requirements. However, I can suggest exploring the works of artists like Luey Champaign, who are known for their lyrical piano background music with a slow tempo and a calm sentimental mood.","Allow me to recommend 'Drop Da Tint' by Gunplay. It's a hip hop track from his 'Acquitted' mixtape. The song blends hip hop with rock and electronic influences, creating a unique sound. It's a great choice if you want to incorporate Gunplay's style into your video.","Let me suggest 'Let's Get It' by Luey Champaign, Jstarr, & Syph Flips. It's a hip-hop and R&B influenced track with electronic and dance elements. Although there is no description available for this track, it aligns with the style and genre you're looking for.",Let's Get It,Luey Champaign,0,1,0,1,0,top1_generation_prompt_text_changed_only_precomputed_text_feature_unchanged
2711,YJtkZTx7fmE,YJtkZTx7fmE_uJdYPnlSqEs,0BzetUgaRXQ__YchU_32bk4,0BzetUgaRXQ,0,19,original,top1_prompt_level_preference_counterfactual,original,top1_reference,"Sounds good, but I'm looking for something with a more soulful and indie vibe. Do you have any recommendations?","Sounds good, but I'm looking for something with a more soulful and indie vibe. Do you have any recommendations?","Certainly! If you're looking for a soulful and indie vibe, I would recommend 'Royals' by Lorde. This track is part of the album 'Royals' and offers a blend of pop, soul, and indie genres. It features female vocals and has a unique and captivating sound.","In that case, I would recommend 'Astrology' by Vanda. This track has a soulful and indie sound, with elements of pop and rock. The female vocals add a beautiful touch to the music. It's the second single from Vanda's self-titled album.","Allow me to recommend 'Royals' by Lorde (cover by Sonata). It's an acoustic rendition of Lorde's hit song. Sonata consists of Matheus Reckziegel on vocals and guitar, Leonardo Jochims on guitar, and Gabriel Valandro on bass. The cover aligns with the indie and acoustic style of Sonata, with elements of soul and pop from Lorde's original version. It features male vocals and guitar as prominent elements.",Royals,Lorde (cover by Sonata),1,0,0,1,0,top1_generation_prompt_text_changed_only_precomputed_text_feature_unchanged
2711,YJtkZTx7fmE,YJtkZTx7fmE_uJdYPnlSqEs,0BzetUgaRXQ__YchU_32bk4,0BzetUgaRXQ,0,19,cf_upbeat_electronic,top1_prompt_level_preference_counterfactual,original,top1_reference,"I prefer upbeat electronic background music with a bright mood, clear rhythm, energetic beats, and a modern dance or pop feeling.","Sounds good, but I'm looking for something with a more soulful and indie vibe. Do you have any recommendations?","I suggest you consider 'Royals' by Lorde. It's a cover by Sonata and falls under the genres of pop, indie, rock, and electronic. The song has a catchy and upbeat vibe with a mix of electronic and rock elements. It's a great choice for a dance or pop-themed video.","In that case, I would recommend 'Astrology' by Vanda. This track has a soulful and indie sound, with elements of pop and rock. The female vocals add a beautiful touch to the music. It's the second single from Vanda's self-titled album.","Allow me to recommend 'Royals' by Lorde (cover by Sonata). It's an acoustic rendition of Lorde's hit song. Sonata consists of Matheus Reckziegel on vocals and guitar, Leonardo Jochims on guitar, and Gabriel Valandro on bass. The cover aligns with the indie and acoustic style of Sonata, with elements of soul and pop from Lorde's original version. It features male vocals and guitar as prominent elements.",Royals,Lorde (cover by Sonata),1,0,0,1,0,top1_generation_prompt_text_changed_only_precomputed_text_feature_unchanged
2711,YJtkZTx7fmE,YJtkZTx7fmE_uJdYPnlSqEs,0BzetUgaRXQ__YchU_32bk4,0BzetUgaRXQ,0,19,cf_lyrical_piano,top1_prompt_level_preference_counterfactual,original,top1_reference,"I prefer lyrical piano background music with a slow tempo, soft acoustic texture, gentle melody, and a calm sentimental mood.","Sounds good, but I'm looking for something with a more soulful and indie vibe. Do you have any recommendations?","I suggest you consider 'Royals' by Lorde. It's a cover by Sonata and features a lyrical piano background with a slow tempo, soft acoustic texture, and a gentle melody. This track has a calm and sentimental mood that could be a perfect fit for your video.","In that case, I would recommend 'Astrology' by Vanda. This track has a soulful and indie sound, with elements of pop and rock. The female vocals add a beautiful touch to the music. It's the second single from Vanda's self-titled album.","Allow me to recommend 'Royals' by Lorde (cover by Sonata). It's an acoustic rendition of Lorde's hit song. Sonata consists of Matheus Reckziegel on vocals and guitar, Leonardo Jochims on guitar, and Gabriel Valandro on bass. The cover aligns with the indie and acoustic style of Sonata, with elements of soul and pop from Lorde's original version. It features male vocals and guitar as prominent elements.",Royals,Lorde (cover by Sonata),1,0,0,1,0,top1_generation_prompt_text_changed_only_precomputed_text_feature_unchanged
2742,ebG469K0XEs,ebG469K0XEs_-icvfZjs9hc,IP_5Ys5bRXs_abljtDd45uI,IP_5Ys5bRXs,0,7,original,top1_prompt_level_preference_counterfactual,original,top1_reference,"That sounds great, but I would like to incorporate more of O'Hara's dance and electronic style, especially her House influences. Can you suggest something that combines dance, pop, and electronic with female vocals?","That sounds great, but I would like to incorporate more of O'Hara's dance and electronic style, especially her House influences. Can you suggest something that combines dance, pop, and electronic with female vocals?",Allow me to recommend 'Tu Cafe' by O'Hara. It's a dance track with electronic and pop elements. The song features O'Hara's distinctive female vocals and has a House influence. It was released in 2012 and could be a fitting choice for your video.,"Allow me to recommend 'Stay' by O'Hara. It's a track with dance, pop, and electronic elements, featuring female vocals. Although I couldn't find much information about the specific album, this track was recorded in PTstudio and the description mentions the involvement of Max Moshkin, who may have contributed to its distinctive style.","Allow me to recommend 'Tu Cafe' by N O H A. It's a track from their album 'Mediamuv Discos'. 'Tu Cafe' is a dance and electronic song with house and pop influences. The track features an energetic beat and electro elements, which can add a catchy and vibrant touch to your video.",Tu Cafe,N O H A,1,0,0,1,0,top1_generation_prompt_text_changed_only_precomputed_text_feature_unchanged
2742,ebG469K0XEs,ebG469K0XEs_-icvfZjs9hc,IP_5Ys5bRXs_abljtDd45uI,IP_5Ys5bRXs,0,7,cf_upbeat_electronic,top1_prompt_level_preference_counterfactual,original,top1_reference,"I prefer upbeat electronic background music with a bright mood, clear rhythm, energetic beats, and a modern dance or pop feeling.","That sounds great, but I would like to incorporate more of O'Hara's dance and electronic style, especially her House influences. Can you suggest something that combines dance, pop, and electronic with female vocals?","Based on your preferences, I recommend 'Tu Cafe' by N O H A. It's a dance track with electronic and house elements. The song has a fast tempo and a catchy beat that will give your video a lively and modern feel.","Allow me to recommend 'Stay' by O'Hara. It's a track with dance, pop, and electronic elements, featuring female vocals. Although I couldn't find much information about the specific album, this track was recorded in PTstudio and the description mentions the involvement of Max Moshkin, who may have contributed to its distinctive style.","Allow me to recommend 'Tu Cafe' by N O H A. It's a track from their album 'Mediamuv Discos'. 'Tu Cafe' is a dance and electronic song with house and pop influences. The track features an energetic beat and electro elements, which can add a catchy and vibrant touch to your video.",Tu Cafe,N O H A,1,1,1,0,0,top1_generation_prompt_text_changed_only_precomputed_text_feature_unchanged
2742,ebG469K0XEs,ebG469K0XEs_-icvfZjs9hc,IP_5Ys5bRXs_abljtDd45uI,IP_5Ys5bRXs,0,7,cf_lyrical_piano,top1_prompt_level_preference_counterfactual,original,top1_reference,"I prefer lyrical piano background music with a slow tempo, soft acoustic texture, gentle melody, and a calm sentimental mood.","That sounds great, but I would like to incorporate more of O'Hara's dance and electronic style, especially her House influences. Can you suggest something that combines dance, pop, and electronic with female vocals?","I apologize, but I don't have enough information to recommend a specific track or artist based on your preferences. However, I can suggest exploring the music of N O H A, as they are known for their dance and electronic style with elements of pop and house. You may find a track that aligns with your preferences.","Allow me to recommend 'Stay' by O'Hara. It's a track with dance, pop, and electronic elements, featuring female vocals. Although I couldn't find much information about the specific album, this track was recorded in PTstudio and the description mentions the involvement of Max Moshkin, who may have contributed to its distinctive style.","Allow me to recommend 'Tu Cafe' by N O H A. It's a track from their album 'Mediamuv Discos'. 'Tu Cafe' is a dance and electronic song with house and pop influences. The track features an energetic beat and electro elements, which can add a catchy and vibrant touch to your video.",Tu Cafe,N O H A,0,1,0,1,0,top1_generation_prompt_text_changed_only_precomputed_text_feature_unchanged
2748,d5WTrglkHKc,d5WTrglkHKc_2ELIdD_qpAQ,cuHiYVqjp1E_sn8qjykJSoY,cuHiYVqjp1E,0,66,original,top1_prompt_level_preference_counterfactual,original,top1_reference,"That sounds great, but I would like to include more of Никита Ломакин's style in the music. I'm interested in his pop and electronic elements.","That sounds great, but I would like to include more of Никита Ломакин's style in the music. I'm interested in his pop and electronic elements.","Allow me to recommend 'Небо' by Никита Ломакин. It's a track from his album 'Небо'. The song combines elements of pop, rock, and electronic music, which aligns well with the style you're looking for. It was released in 2012 and has a catchy and energetic sound.","I suggest considering the track 'Хочу быть рядом с тобой' by Никита Ломакин. Although I don't have much information about the track, it is classified as pop, rock, electronic, indie, and alternative, which aligns with the pop and electronic elements you're looking for. It could be a fitting choice for your video.","Certainly! I suggest you consider 'Jij' by Joey Hartkamp. It's a track from his self-titled album 'Jij'. This song combines elements of rock, pop, and country, giving it a unique and distinctive sound. It features guitar and male vocals, which align with your preferences. Give it a listen and see if it fits your video!",Jij,Joey Hartkamp,0,0,0,1,0,top1_generation_prompt_text_changed_only_precomputed_text_feature_unchanged
2748,d5WTrglkHKc,d5WTrglkHKc_2ELIdD_qpAQ,cuHiYVqjp1E_sn8qjykJSoY,cuHiYVqjp1E,0,66,cf_upbeat_electronic,top1_prompt_level_preference_counterfactual,original,top1_reference,"I prefer upbeat electronic background music with a bright mood, clear rhythm, energetic beats, and a modern dance or pop feeling.","That sounds great, but I would like to include more of Никита Ломакин's style in the music. I'm interested in his pop and electronic elements.","I suggest you consider 'Ik wil je niet vergeten' by Joey Hartkamp. It's a track from his album 'Ik wil je niet vergeten'. The song combines elements of rock, pop, and country with a touch of indie and alternative. It has a guitar-driven sound and features male vocals. This track could provide the energetic and modern dance vibe you're looking for.","I suggest considering the track 'Хочу быть рядом с тобой' by Никита Ломакин. Although I don't have much information about the track, it is classified as pop, rock, electronic, indie, and alternative, which aligns with the pop and electronic elements you're looking for. It could be a fitting choice for your video.","Certainly! I suggest you consider 'Jij' by Joey Hartkamp. It's a track from his self-titled album 'Jij'. This song combines elements of rock, pop, and country, giving it a unique and distinctive sound. It features guitar and male vocals, which align with your preferences. Give it a listen and see if it fits your video!",Jij,Joey Hartkamp,0,1,0,1,0,top1_generation_prompt_text_changed_only_precomputed_text_feature_unchanged
2748,d5WTrglkHKc,d5WTrglkHKc_2ELIdD_qpAQ,cuHiYVqjp1E_sn8qjykJSoY,cuHiYVqjp1E,0,66,cf_lyrical_piano,top1_prompt_level_preference_counterfactual,original,top1_reference,"I prefer lyrical piano background music with a slow tempo, soft acoustic texture, gentle melody, and a calm sentimental mood.","That sounds great, but I would like to include more of Никита Ломакин's style in the music. I'm interested in his pop and electronic elements.","I apologize, but I don't have enough information to recommend a specific track that matches your requirements. However, I can suggest exploring the music of Joey Hartkamp, as he is known for his lyrical piano background music with a slow tempo, soft acoustic texture, and a calm sentimental mood.","I suggest considering the track 'Хочу быть рядом с тобой' by Никита Ломакин. Although I don't have much information about the track, it is classified as pop, rock, electronic, indie, and alternative, which aligns with the pop and electronic elements you're looking for. It could be a fitting choice for your video.","Certainly! I suggest you consider 'Jij' by Joey Hartkamp. It's a track from his self-titled album 'Jij'. This song combines elements of rock, pop, and country, giving it a unique and distinctive sound. It features guitar and male vocals, which align with your preferences. Give it a listen and see if it fits your video!",Jij,Joey Hartkamp,0,1,0,1,0,top1_generation_prompt_text_changed_only_precomputed_text_feature_unchanged
2749,zGEmF3Mj7dY,zGEmF3Mj7dY_mmr9I60GWnw,zGEmF3Mj7dY_mmr9I60GWnw,zGEmF3Mj7dY,1,1,original,top1_prompt_level_preference_counterfactual,original,top1_reference,"That sounds great, but I'm also looking for a music that incorporates folk, pop, and acoustic elements like Gerardo Gómez's style. Can you recommend something that includes these genres?","That sounds great, but I'm also looking for a music that incorporates folk, pop, and acoustic elements like Gerardo Gómez's style. Can you recommend something that includes these genres?","Certainly! I recommend 'Traicionera' by Gerardo Gómez. It's a track from his album 'Traicionera'. The song combines elements of folk, pop, and acoustic music, which aligns well with Gerardo Gómez's style. It features guitar and male vocals, adding a personal touch to the music.","I suggest checking out 'Traicionera' by Gerardo Gómez. It's a track from his album 'Traícionera' and combines elements of folk, pop, rock, and country. The song features acoustic guitar and his distinctive vocals, which can add a unique and emotional touch to your video.","I suggest checking out 'Traicionera' by Gerardo Gómez. It's a track from his album 'Traícionera' and combines elements of folk, pop, rock, and country. The song features acoustic guitar and his distinctive vocals, which can add a unique and emotional touch to your video.",Traicionera,Gerardo Gómez,1,1,1,0,0,top1_generation_prompt_text_changed_only_precomputed_text_feature_unchanged
2749,zGEmF3Mj7dY,zGEmF3Mj7dY_mmr9I60GWnw,zGEmF3Mj7dY_mmr9I60GWnw,zGEmF3Mj7dY,1,1,cf_upbeat_electronic,top1_prompt_level_preference_counterfactual,original,top1_reference,"I prefer upbeat electronic background music with a bright mood, clear rhythm, energetic beats, and a modern dance or pop feeling.","That sounds great, but I'm also looking for a music that incorporates folk, pop, and acoustic elements like Gerardo Gómez's style. Can you recommend something that includes these genres?","I suggest you consider 'Traicionera' by Gerardo Gómez. It's a track from his album 'Traicionera'. The song combines elements of pop, rock, and folk with a touch of country. It has a fast-paced rhythm and features guitar and male vocals. It was released in 2012 and could provide the energetic and modern dance vibe you're looking for.","I suggest checking out 'Traicionera' by Gerardo Gómez. It's a track from his album 'Traícionera' and combines elements of folk, pop, rock, and country. The song features acoustic guitar and his distinctive vocals, which can add a unique and emotional touch to your video.","I suggest checking out 'Traicionera' by Gerardo Gómez. It's a track from his album 'Traícionera' and combines elements of folk, pop, rock, and country. The song features acoustic guitar and his distinctive vocals, which can add a unique and emotional touch to your video.",Traicionera,Gerardo Gómez,1,1,1,0,0,top1_generation_prompt_text_changed_only_precomputed_text_feature_unchanged
2749,zGEmF3Mj7dY,zGEmF3Mj7dY_mmr9I60GWnw,zGEmF3Mj7dY_mmr9I60GWnw,zGEmF3Mj7dY,1,1,cf_lyrical_piano,top1_prompt_level_preference_counterfactual,original,top1_reference,"I prefer lyrical piano background music with a slow tempo, soft acoustic texture, gentle melody, and a calm sentimental mood.","That sounds great, but I'm also looking for a music that incorporates folk, pop, and acoustic elements like Gerardo Gómez's style. Can you recommend something that includes these genres?","Based on your preferences, I recommend 'Traicionera' by Gerardo Gómez. It's a track from his album 'Traicionera'. The song combines elements of folk, pop, and rock with a touch of country. It features a lyrical piano background and a slow tempo, creating a soothing and sentimental atmosphere.","I suggest checking out 'Traicionera' by Gerardo Gómez. It's a track from his album 'Traícionera' and combines elements of folk, pop, rock, and country. The song features acoustic guitar and his distinctive vocals, which can add a unique and emotional touch to your video.","I suggest checking out 'Traicionera' by Gerardo Gómez. It's a track from his album 'Traícionera' and combines elements of folk, pop, rock, and country. The song features acoustic guitar and his distinctive vocals, which can add a unique and emotional touch to your video.",Traicionera,Gerardo Gómez,1,1,1,0,0,top1_generation_prompt_text_changed_only_precomputed_text_feature_unchanged
2769,guwB1oxI3ko,guwB1oxI3ko_Qit1Ox1uOgY,Q6qNxygbKs0_dIwqCfWRh4E,Q6qNxygbKs0,0,5,original,top1_prompt_level_preference_counterfactual,original,top1_reference,"That sounds great, but I would also like to incorporate some experimental and indie elements into the music. Do you have any recommendations that fit these criteria?","That sounds great, but I would also like to incorporate some experimental and indie elements into the music. Do you have any recommendations that fit these criteria?","Certainly! How about 'Sunshine' by The New Futures? It's a track from their album 'Sunshine'. The song combines elements of rock, indie, and alternative with experimental influences. It has a unique and distinctive sound that could add an interesting touch to your video.","Certainly! How about 'Freak' by Silverchair? Although I don't have specific information about the track, Silverchair is known for their experimental and alternative rock sound. This could be a great addition to your video, combining the energetic and intense rock vibe with experimental and indie elements.","In that case, I would recommend 'Sunshine' by The New Futures. This track has a catchy melody and falls under the genres of rock, indie, and indie rock. It has an alternative and punk influence that adds a unique flavor to the song. It's the debut single from their 'Radioactive' EP, which you can find on iTunes.",Sunshine,The New Futures,1,1,1,0,0,top1_generation_prompt_text_changed_only_precomputed_text_feature_unchanged
2769,guwB1oxI3ko,guwB1oxI3ko_Qit1Ox1uOgY,Q6qNxygbKs0_dIwqCfWRh4E,Q6qNxygbKs0,0,5,cf_upbeat_electronic,top1_prompt_level_preference_counterfactual,original,top1_reference,"I prefer upbeat electronic background music with a bright mood, clear rhythm, energetic beats, and a modern dance or pop feeling.","That sounds great, but I would also like to incorporate some experimental and indie elements into the music. Do you have any recommendations that fit these criteria?","I suggest you consider 'Sunshine' by The New Futures. It's a track from their album 'Sunshine'. The song combines elements of rock, indie, and alternative with a pop influence. It has a fast-paced and energetic sound with a focus on guitar and drums. The music video for 'Sunshine' was directed by Jesse Dylan and features a vibrant and colorful visual style.","Certainly! How about 'Freak' by Silverchair? Although I don't have specific information about the track, Silverchair is known for their experimental and alternative rock sound. This could be a great addition to your video, combining the energetic and intense rock vibe with experimental and indie elements.","In that case, I would recommend 'Sunshine' by The New Futures. This track has a catchy melody and falls under the genres of rock, indie, and indie rock. It has an alternative and punk influence that adds a unique flavor to the song. It's the debut single from their 'Radioactive' EP, which you can find on iTunes.",Sunshine,The New Futures,1,1,1,0,0,top1_generation_prompt_text_changed_only_precomputed_text_feature_unchanged
2769,guwB1oxI3ko,guwB1oxI3ko_Qit1Ox1uOgY,Q6qNxygbKs0_dIwqCfWRh4E,Q6qNxygbKs0,0,5,cf_lyrical_piano,top1_prompt_level_preference_counterfactual,original,top1_reference,"I prefer lyrical piano background music with a slow tempo, soft acoustic texture, gentle melody, and a calm sentimental mood.","That sounds great, but I would also like to incorporate some experimental and indie elements into the music. Do you have any recommendations that fit these criteria?","I apologize, but I don't have enough information to recommend a specific track that matches your requirements. However, I can suggest exploring the music of The New Futures, as they are known for their rock, indie, and alternative style with elements of indie rock. You may find a track that aligns with your preferences.","Certainly! How about 'Freak' by Silverchair? Although I don't have specific information about the track, Silverchair is known for their experimental and alternative rock sound. This could be a great addition to your video, combining the energetic and intense rock vibe with experimental and indie elements.","In that case, I would recommend 'Sunshine' by The New Futures. This track has a catchy melody and falls under the genres of rock, indie, and indie rock. It has an alternative and punk influence that adds a unique flavor to the song. It's the debut single from their 'Radioactive' EP, which you can find on iTunes.",Sunshine,The New Futures,0,1,0,1,0,top1_generation_prompt_text_changed_only_precomputed_text_feature_unchanged
2786,PTVlbhZBOqA,PTVlbhZBOqA_dz_0TGTKutg,PTVlbhZBOqA_dz_0TGTKutg,PTVlbhZBOqA,1,1,original,top1_prompt_level_preference_counterfactual,original,top1_reference,"That sounds great, but I'm also interested in incorporating elements of rock, soul, and blues into the music. Can you recommend something that includes these styles?","That sounds great, but I'm also interested in incorporating elements of rock, soul, and blues into the music. Can you recommend something that includes these styles?","Certainly! How about 'Mama Dice' by Efe Yerom? It's a track that combines elements of rock, soul, and blues. Although I don't have much information about the specific album or artists, this song might be a good fit for your video as it incorporates these styles.","Allow me to recommend 'Mama Dice' by Efe Yerom. It's a track from the artist's videoclip released in 2007. The song combines elements of rock, Hip-Hop, pop, and soul, with hints of blues. It may be a fitting choice to incorporate these styles into your video.","Allow me to recommend 'Mama Dice' by Efe Yerom. It's a track from the artist's videoclip released in 2007. The song combines elements of rock, Hip-Hop, pop, and soul, with hints of blues. It may be a fitting choice to incorporate these styles into your video.",Mama Dice,Efe Yerom,1,1,1,0,0,top1_generation_prompt_text_changed_only_precomputed_text_feature_unchanged
2786,PTVlbhZBOqA,PTVlbhZBOqA_dz_0TGTKutg,PTVlbhZBOqA_dz_0TGTKutg,PTVlbhZBOqA,1,1,cf_upbeat_electronic,top1_prompt_level_preference_counterfactual,original,top1_reference,"I prefer upbeat electronic background music with a bright mood, clear rhythm, energetic beats, and a modern dance or pop feeling.","That sounds great, but I'm also interested in incorporating elements of rock, soul, and blues into the music. Can you recommend something that includes these styles?","Based on your preferences, I recommend 'Mama Dice' by Efe Yerom. It's a track from the album 'Mama Dice' and features a mix of Hip-Hop, pop, rock, and electronic elements. The song has a fast-paced rhythm and a modern dance vibe that could be a great fit for your video.","Allow me to recommend 'Mama Dice' by Efe Yerom. It's a track from the artist's videoclip released in 2007. The song combines elements of rock, Hip-Hop, pop, and soul, with hints of blues. It may be a fitting choice to incorporate these styles into your video.","Allow me to recommend 'Mama Dice' by Efe Yerom. It's a track from the artist's videoclip released in 2007. The song combines elements of rock, Hip-Hop, pop, and soul, with hints of blues. It may be a fitting choice to incorporate these styles into your video.",Mama Dice,Efe Yerom,1,1,1,0,0,top1_generation_prompt_text_changed_only_precomputed_text_feature_unchanged
2786,PTVlbhZBOqA,PTVlbhZBOqA_dz_0TGTKutg,PTVlbhZBOqA_dz_0TGTKutg,PTVlbhZBOqA,1,1,cf_lyrical_piano,top1_prompt_level_preference_counterfactual,original,top1_reference,"I prefer lyrical piano background music with a slow tempo, soft acoustic texture, gentle melody, and a calm sentimental mood.","That sounds great, but I'm also interested in incorporating elements of rock, soul, and blues into the music. Can you recommend something that includes these styles?","I suggest you listen to 'Mama Dice' by Efe Yerom. It's a track from the album 'Mama Dice' and features lyrical piano background music with a slow tempo, soft acoustic texture, gentle melody, and a calm sentimental mood.","Allow me to recommend 'Mama Dice' by Efe Yerom. It's a track from the artist's videoclip released in 2007. The song combines elements of rock, Hip-Hop, pop, and soul, with hints of blues. It may be a fitting choice to incorporate these styles into your video.","Allow me to recommend 'Mama Dice' by Efe Yerom. It's a track from the artist's videoclip released in 2007. The song combines elements of rock, Hip-Hop, pop, and soul, with hints of blues. It may be a fitting choice to incorporate these styles into your video.",Mama Dice,Efe Yerom,1,1,1,0,0,top1_generation_prompt_text_changed_only_precomputed_text_feature_unchanged
2798,sNyONVsPf8g,sNyONVsPf8g_0bB2faVoV48,ddAYTPfl484_T0417vNcf28,ddAYTPfl484,0,30,original,top1_prompt_level_preference_counterfactual,original,top1_reference,"That sounds good, but I would like to add a bit more of an aggressive and intense vibe to my video. I'm also interested in rap and hip-hop elements.","That sounds good, but I would like to add a bit more of an aggressive and intense vibe to my video. I'm also interested in rap and hip-hop elements.","Allow me to recommend 'D.W.U.D.' by Code Green. It's a rap track with electronic and dance influences. Although there is no specific information about the album or artists, the song itself has a fast-paced and energetic vibe that could be a fitting choice for your video.",Allow me to recommend 'Aggressive Deep Choir Instrumental Rap Hip Hop Beat' by Sero Produktion (UndercoverKanack). It's a track that combines aggressive rap and hip-hop beats with deep choir instrumentals. It has electronic and rock elements too. This track was released in 2014 and may contain the specific elements you're looking for to create an intense and aggressive atmosphere in your video.,"Certainly! In addition to 'D.W.U.D.' by Code Green, I recommend the track 'Underground Kings' by Apap ft Selas. It's a hip-hop and electronic dance track with pop and R&B influences. The song has catchy pop hooks and smooth vocals that can add a pop element to your video.",D.W.U.D.,Code Green,1,1,1,0,0,top1_generation_prompt_text_changed_only_precomputed_text_feature_unchanged
2798,sNyONVsPf8g,sNyONVsPf8g_0bB2faVoV48,ddAYTPfl484_T0417vNcf28,ddAYTPfl484,0,30,cf_upbeat_electronic,top1_prompt_level_preference_counterfactual,original,top1_reference,"I prefer upbeat electronic background music with a bright mood, clear rhythm, energetic beats, and a modern dance or pop feeling.","That sounds good, but I would like to add a bit more of an aggressive and intense vibe to my video. I'm also interested in rap and hip-hop elements.","Based on your preferences, I recommend 'D.W.U.D.' by Code Green. It's a track from their album 'D.W.U.D.' and it perfectly matches your requirements. The song combines elements of Hip-Hop, electronic, dance, pop, and rock, with a fast-paced techno beat and a modern dance or pop feeling. It's a great choice for your video.",Allow me to recommend 'Aggressive Deep Choir Instrumental Rap Hip Hop Beat' by Sero Produktion (UndercoverKanack). It's a track that combines aggressive rap and hip-hop beats with deep choir instrumentals. It has electronic and rock elements too. This track was released in 2014 and may contain the specific elements you're looking for to create an intense and aggressive atmosphere in your video.,"Certainly! In addition to 'D.W.U.D.' by Code Green, I recommend the track 'Underground Kings' by Apap ft Selas. It's a hip-hop and electronic dance track with pop and R&B influences. The song has catchy pop hooks and smooth vocals that can add a pop element to your video.",D.W.U.D.,Code Green,1,1,1,0,0,top1_generation_prompt_text_changed_only_precomputed_text_feature_unchanged
2798,sNyONVsPf8g,sNyONVsPf8g_0bB2faVoV48,ddAYTPfl484_T0417vNcf28,ddAYTPfl484,0,30,cf_lyrical_piano,top1_prompt_level_preference_counterfactual,original,top1_reference,"I prefer lyrical piano background music with a slow tempo, soft acoustic texture, gentle melody, and a calm sentimental mood.","That sounds good, but I would like to add a bit more of an aggressive and intense vibe to my video. I'm also interested in rap and hip-hop elements.","I apologize, but I don't have enough information to recommend a specific track that matches your requirements. However, I can suggest exploring the music of Code Green, as they are known for their lyrical piano background music with a slow tempo and a calm sentimental mood.",Allow me to recommend 'Aggressive Deep Choir Instrumental Rap Hip Hop Beat' by Sero Produktion (UndercoverKanack). It's a track that combines aggressive rap and hip-hop beats with deep choir instrumentals. It has electronic and rock elements too. This track was released in 2014 and may contain the specific elements you're looking for to create an intense and aggressive atmosphere in your video.,"Certainly! In addition to 'D.W.U.D.' by Code Green, I recommend the track 'Underground Kings' by Apap ft Selas. It's a hip-hop and electronic dance track with pop and R&B influences. The song has catchy pop hooks and smooth vocals that can add a pop element to your video.",D.W.U.D.,Code Green,0,1,0,1,0,top1_generation_prompt_text_changed_only_precomputed_text_feature_unchanged
2813,TFAyPoHmcBQ,TFAyPoHmcBQ_H_K1mi0EPdQ,r6Mw2fyB8DM_bB_t3D7zD2I,r6Mw2fyB8DM,0,6,original,top1_prompt_level_preference_counterfactual,original,top1_reference,"Sounds good, but I'm looking for something with a more rock and indie vibe.","Sounds good, but I'm looking for something with a more rock and indie vibe.","In that case, I would recommend 'Love Songs and Lullabyes' by Skittish. This track has a rock, indie, and alternative sound, with elements of pop and indie rock. It's a perfect fit for your video and will give it a cool and edgy vibe.","In that case, I would recommend 'Let's Get By' by Paddy Clegg. This track falls under the rock, indie, and alternative genres, and it has an indie rock and pop sound. It's a catchy and upbeat song that would add a cool vibe to your video.","Allow me to recommend 'Love Songs and Lullabyes' by Skittish. It's a pop-infused indie rock track from their album 'The Perfect Shade of Green'. This song incorporates guitar elements and has a male vocalist. It could be a fitting choice for your video, combining the indie rock style you're looking for with pop and guitar influences.",Love Songs and Lullabyes,Skittish,1,1,1,0,0,top1_generation_prompt_text_changed_only_precomputed_text_feature_unchanged
2813,TFAyPoHmcBQ,TFAyPoHmcBQ_H_K1mi0EPdQ,r6Mw2fyB8DM_bB_t3D7zD2I,r6Mw2fyB8DM,0,6,cf_upbeat_electronic,top1_prompt_level_preference_counterfactual,original,top1_reference,"I prefer upbeat electronic background music with a bright mood, clear rhythm, energetic beats, and a modern dance or pop feeling.","Sounds good, but I'm looking for something with a more rock and indie vibe.","I suggest you consider 'Love Songs and Lullabyes' by Skittish. It's a track from their album 'Love Songs and Lullabyes'. The song combines elements of rock, indie, alternative, and pop, with a focus on guitar and vocals. It has a fast-paced and energetic sound, which aligns well with the modern dance and pop vibe you're looking for.","In that case, I would recommend 'Let's Get By' by Paddy Clegg. This track falls under the rock, indie, and alternative genres, and it has an indie rock and pop sound. It's a catchy and upbeat song that would add a cool vibe to your video.","Allow me to recommend 'Love Songs and Lullabyes' by Skittish. It's a pop-infused indie rock track from their album 'The Perfect Shade of Green'. This song incorporates guitar elements and has a male vocalist. It could be a fitting choice for your video, combining the indie rock style you're looking for with pop and guitar influences.",Love Songs and Lullabyes,Skittish,1,1,1,0,0,top1_generation_prompt_text_changed_only_precomputed_text_feature_unchanged
2813,TFAyPoHmcBQ,TFAyPoHmcBQ_H_K1mi0EPdQ,r6Mw2fyB8DM_bB_t3D7zD2I,r6Mw2fyB8DM,0,6,cf_lyrical_piano,top1_prompt_level_preference_counterfactual,original,top1_reference,"I prefer lyrical piano background music with a slow tempo, soft acoustic texture, gentle melody, and a calm sentimental mood.","Sounds good, but I'm looking for something with a more rock and indie vibe.","I apologize, but I don't have enough information to recommend a specific track that matches your requirements. However, I can suggest exploring the music of Skittish, as they are known for their indie rock and alternative style with elements of pop and acoustic. You may find a track that aligns with your preferences.","In that case, I would recommend 'Let's Get By' by Paddy Clegg. This track falls under the rock, indie, and alternative genres, and it has an indie rock and pop sound. It's a catchy and upbeat song that would add a cool vibe to your video.","Allow me to recommend 'Love Songs and Lullabyes' by Skittish. It's a pop-infused indie rock track from their album 'The Perfect Shade of Green'. This song incorporates guitar elements and has a male vocalist. It could be a fitting choice for your video, combining the indie rock style you're looking for with pop and guitar influences.",Love Songs and Lullabyes,Skittish,0,1,0,1,0,top1_generation_prompt_text_changed_only_precomputed_text_feature_unchanged
2819,clwWCMWqqzk,clwWCMWqqzk__zUhqGT8TWg,6RToXUQPujU_3gox4tm1aRA,6RToXUQPujU,0,2,original,top1_prompt_level_preference_counterfactual,original,top1_reference,"Sounds good, but I'm looking for something with a pop and electronic vibe, preferably with female vocals.","Sounds good, but I'm looking for something with a pop and electronic vibe, preferably with female vocals.","In that case, I would recommend 'Follow Me' by 2NE1. This track has a pop and electronic sound with female vocals. It's part of the album 'To Anyone' and it's a great choice for your video.","In that case, I would recommend 'Love Game' by Lady Gaga. This track combines pop and electronic elements with catchy female vocals. It's part of the album 'LoveGame' and it's perfect for creating a vibrant and energetic atmosphere for your video.","Allow me to recommend '날 따라 해봐요 (Follow Me)' by 2NE1. It's a track from their album 'To Anyone'. It combines elements of hip-hop, pop, and R&B with a techno and electronic influence. It's a perfect choice to incorporate 2NE1's distinctive style into the video.",날 따라 해봐요 (Follow Me),2NE1,0,1,0,1,0,top1_generation_prompt_text_changed_only_precomputed_text_feature_unchanged
2819,clwWCMWqqzk,clwWCMWqqzk__zUhqGT8TWg,6RToXUQPujU_3gox4tm1aRA,6RToXUQPujU,0,2,cf_upbeat_electronic,top1_prompt_level_preference_counterfactual,original,top1_reference,"I prefer upbeat electronic background music with a bright mood, clear rhythm, energetic beats, and a modern dance or pop feeling.","Sounds good, but I'm looking for something with a pop and electronic vibe, preferably with female vocals.","If you're looking for a track that matches your preferences, I recommend 'Follow Me' by 2NE1. It's a popular song from their album 'To Anyone'. The track combines elements of hip-hop, R&B, pop, and electronic music, with a fast-paced techno beat and a catchy dance rhythm. It's a great choice to add a modern and energetic vibe to your video.","In that case, I would recommend 'Love Game' by Lady Gaga. This track combines pop and electronic elements with catchy female vocals. It's part of the album 'LoveGame' and it's perfect for creating a vibrant and energetic atmosphere for your video.","Allow me to recommend '날 따라 해봐요 (Follow Me)' by 2NE1. It's a track from their album 'To Anyone'. It combines elements of hip-hop, pop, and R&B with a techno and electronic influence. It's a perfect choice to incorporate 2NE1's distinctive style into the video.",날 따라 해봐요 (Follow Me),2NE1,0,1,0,1,0,top1_generation_prompt_text_changed_only_precomputed_text_feature_unchanged
2819,clwWCMWqqzk,clwWCMWqqzk__zUhqGT8TWg,6RToXUQPujU_3gox4tm1aRA,6RToXUQPujU,0,2,cf_lyrical_piano,top1_prompt_level_preference_counterfactual,original,top1_reference,"I prefer lyrical piano background music with a slow tempo, soft acoustic texture, gentle melody, and a calm sentimental mood.","Sounds good, but I'm looking for something with a pop and electronic vibe, preferably with female vocals.","I apologize, but I couldn't find any music that matches your preferences. However, I can recommend 'Follow Me' by 2NE1. It's a track from their album 'To Anyone'. The song combines elements of hip-hop, pop, and R&B with electronic and dance influences. It has a fast tempo and features female vocals.","In that case, I would recommend 'Love Game' by Lady Gaga. This track combines pop and electronic elements with catchy female vocals. It's part of the album 'LoveGame' and it's perfect for creating a vibrant and energetic atmosphere for your video.","Allow me to recommend '날 따라 해봐요 (Follow Me)' by 2NE1. It's a track from their album 'To Anyone'. It combines elements of hip-hop, pop, and R&B with a techno and electronic influence. It's a perfect choice to incorporate 2NE1's distinctive style into the video.",날 따라 해봐요 (Follow Me),2NE1,0,1,0,1,0,top1_generation_prompt_text_changed_only_precomputed_text_feature_unchanged
2834,5O5mdmyeeOs,5O5mdmyeeOs_NujXpZbhe2g,Hukr3h3y1JY_pgFpMp5zHDk,Hukr3h3y1JY,0,2,original,top1_prompt_level_preference_counterfactual,original,top1_reference,"That sounds great, but I'm also interested in incorporating some hip-hop and R&B elements into the music. I'd like it to have a soulful and pop vibe. Can you recommend something that fits those genres as well?","That sounds great, but I'm also interested in incorporating some hip-hop and R&B elements into the music. I'd like it to have a soulful and pop vibe. Can you recommend something that fits those genres as well?","Certainly! How about 'I Love Girls' by Pleasure P? It's a track from his album 'I Love Girls'. The song combines elements of hip-hop, R&B, and pop with soulful female vocals. It has a catchy and upbeat vibe that could be a fitting choice for your video.",Allow me to recommend 'BYE B**CH' by Mouse On Tha Track. It's a hip-hop track with electronic and soul influences. The song has a pop vibe and was directed by K.Shead and Mr.Vault. It aligns well with the soulful and pop elements you're looking for in the music.,Allow me to recommend 'I Love Girls' by Pleasure P. It's an R&B track with soulful vocals and pop influences. The song features female vocalists and has a smooth and catchy beat. It could be a fitting choice to incorporate the R&B and soul elements you're looking for in your video.,I Love Girls,Pleasure P,1,1,1,0,0,top1_generation_prompt_text_changed_only_precomputed_text_feature_unchanged
2834,5O5mdmyeeOs,5O5mdmyeeOs_NujXpZbhe2g,Hukr3h3y1JY_pgFpMp5zHDk,Hukr3h3y1JY,0,2,cf_upbeat_electronic,top1_prompt_level_preference_counterfactual,original,top1_reference,"I prefer upbeat electronic background music with a bright mood, clear rhythm, energetic beats, and a modern dance or pop feeling.","That sounds great, but I'm also interested in incorporating some hip-hop and R&B elements into the music. I'd like it to have a soulful and pop vibe. Can you recommend something that fits those genres as well?","Based on your preferences, I recommend 'I Love Girls' by Pleasure P. It's a track from the album 'I Love Girls' and features a mix of Hip-Hop, R&B, pop, and electronic elements. The song has a fast-paced beat and a catchy rhythm that will give your video a modern and energetic feel.",Allow me to recommend 'BYE B**CH' by Mouse On Tha Track. It's a hip-hop track with electronic and soul influences. The song has a pop vibe and was directed by K.Shead and Mr.Vault. It aligns well with the soulful and pop elements you're looking for in the music.,Allow me to recommend 'I Love Girls' by Pleasure P. It's an R&B track with soulful vocals and pop influences. The song features female vocalists and has a smooth and catchy beat. It could be a fitting choice to incorporate the R&B and soul elements you're looking for in your video.,I Love Girls,Pleasure P,1,1,1,0,0,top1_generation_prompt_text_changed_only_precomputed_text_feature_unchanged
2834,5O5mdmyeeOs,5O5mdmyeeOs_NujXpZbhe2g,Hukr3h3y1JY_pgFpMp5zHDk,Hukr3h3y1JY,0,2,cf_lyrical_piano,top1_prompt_level_preference_counterfactual,original,top1_reference,"I prefer lyrical piano background music with a slow tempo, soft acoustic texture, gentle melody, and a calm sentimental mood.","That sounds great, but I'm also interested in incorporating some hip-hop and R&B elements into the music. I'd like it to have a soulful and pop vibe. Can you recommend something that fits those genres as well?","I suggest you listen to 'I Love Girls' by Pleasure P. It's a track from his album 'The Introduction of Marcus Cooper'. The song combines elements of hip-hop, R&B, pop, and soul with a lyrical piano background. It has a slow tempo, soft acoustic texture, and a gentle melody that creates a calm and sentimental mood.",Allow me to recommend 'BYE B**CH' by Mouse On Tha Track. It's a hip-hop track with electronic and soul influences. The song has a pop vibe and was directed by K.Shead and Mr.Vault. It aligns well with the soulful and pop elements you're looking for in the music.,Allow me to recommend 'I Love Girls' by Pleasure P. It's an R&B track with soulful vocals and pop influences. The song features female vocalists and has a smooth and catchy beat. It could be a fitting choice to incorporate the R&B and soul elements you're looking for in your video.,I Love Girls,Pleasure P,1,1,1,0,0,top1_generation_prompt_text_changed_only_precomputed_text_feature_unchanged
2842,8DGkFYaSgJA,8DGkFYaSgJA_SOTSguAKVl8,4e0KjEQLhaw_iDczY7m-4z8,4e0KjEQLhaw,0,7,original,top1_prompt_level_preference_counterfactual,original,top1_reference,"Sounds interesting, but I'm looking for something with a more alternative rock sound and a catchy melody.","Sounds interesting, but I'm looking for something with a more alternative rock sound and a catchy melody.","In that case, I would recommend 'Take My Hand' by Kirk & Spock. This track has a strong alternative rock influence and features catchy melodies that will keep your viewers engaged. It's part of the album 'Take My Hand' and is performed by Kirk & Spock.","In that case, I would recommend 'Guidance' by RIOT|NOISE. This track is an alternative rock song with influences from indie and metal genres. It has a catchy melody and is the first single from the album 'Stand For Something'. It would be a great fit for your video.","Allow me to recommend 'Take my Hand' by Kirk & Spock. Although there is no specific information available about this track, based on the description and tags of their music, Kirk & Spock's music is classified as rock, alternative, indie, and metal. This could be a fitting choice for your video, combining elements of rock and alternative with a techno and guitar-focused sound.",Take my Hand,Kirk & Spock,1,1,1,0,0,top1_generation_prompt_text_changed_only_precomputed_text_feature_unchanged
2842,8DGkFYaSgJA,8DGkFYaSgJA_SOTSguAKVl8,4e0KjEQLhaw_iDczY7m-4z8,4e0KjEQLhaw,0,7,cf_upbeat_electronic,top1_prompt_level_preference_counterfactual,original,top1_reference,"I prefer upbeat electronic background music with a bright mood, clear rhythm, energetic beats, and a modern dance or pop feeling.","Sounds interesting, but I'm looking for something with a more alternative rock sound and a catchy melody.","I suggest you consider 'Take My Hand' by Kirk & Spock. It's a rock track with alternative and indie influences. The song has a fast-paced and energetic sound, which aligns well with the upbeat electronic background music you're looking for. It was released in 2013 and has a modern and pop feel.","In that case, I would recommend 'Guidance' by RIOT|NOISE. This track is an alternative rock song with influences from indie and metal genres. It has a catchy melody and is the first single from the album 'Stand For Something'. It would be a great fit for your video.","Allow me to recommend 'Take my Hand' by Kirk & Spock. Although there is no specific information available about this track, based on the description and tags of their music, Kirk & Spock's music is classified as rock, alternative, indie, and metal. This could be a fitting choice for your video, combining elements of rock and alternative with a techno and guitar-focused sound.",Take my Hand,Kirk & Spock,1,1,1,0,0,top1_generation_prompt_text_changed_only_precomputed_text_feature_unchanged
2842,8DGkFYaSgJA,8DGkFYaSgJA_SOTSguAKVl8,4e0KjEQLhaw_iDczY7m-4z8,4e0KjEQLhaw,0,7,cf_lyrical_piano,top1_prompt_level_preference_counterfactual,original,top1_reference,"I prefer lyrical piano background music with a slow tempo, soft acoustic texture, gentle melody, and a calm sentimental mood.","Sounds interesting, but I'm looking for something with a more alternative rock sound and a catchy melody.","I apologize, but I don't have enough information to recommend a specific track that matches your requirements. However, I can suggest exploring the music of Kirk & Spock, as they are known for their rock, alternative, and indie style with elements of hard rock. You may find a track that aligns with your preferences.","In that case, I would recommend 'Guidance' by RIOT|NOISE. This track is an alternative rock song with influences from indie and metal genres. It has a catchy melody and is the first single from the album 'Stand For Something'. It would be a great fit for your video.","Allow me to recommend 'Take my Hand' by Kirk & Spock. Although there is no specific information available about this track, based on the description and tags of their music, Kirk & Spock's music is classified as rock, alternative, indie, and metal. This could be a fitting choice for your video, combining elements of rock and alternative with a techno and guitar-focused sound.",Take my Hand,Kirk & Spock,0,1,0,1,0,top1_generation_prompt_text_changed_only_precomputed_text_feature_unchanged
2850,ecIjuCuj0Fc,ecIjuCuj0Fc_N9m9huNTwpA,ecIjuCuj0Fc_N9m9huNTwpA,ecIjuCuj0Fc,1,1,original,top1_prompt_level_preference_counterfactual,original,top1_reference,"That sounds like a great choice, but I'm looking for something with a pop and soul influence, preferably with female vocals. I would also like to include some guitar elements.","That sounds like a great choice, but I'm looking for something with a pop and soul influence, preferably with female vocals. I would also like to include some guitar elements.","Allow me to recommend 'Enamorada' by Cynthia. It's a pop and soul track with female vocals. Although there is no specific information about the album or artists, the song itself aligns with your preferences. It may also include guitar elements that you're looking for.","Allow me to recommend 'Enamorada' by Cynthia. It's a pop track with soul, folk, and jazz influences. The song features Cynthia's captivating vocals and incorporates guitar elements. It was released in 2015 and is available on iTunes. This could be a perfect fit for your video, infusing it with a combination of pop, soul, and guitar-driven sound.","Allow me to recommend 'Enamorada' by Cynthia. It's a pop track with soul, folk, and jazz influences. The song features Cynthia's captivating vocals and incorporates guitar elements. It was released in 2015 and is available on iTunes. This could be a perfect fit for your video, infusing it with a combination of pop, soul, and guitar-driven sound.",Enamorada,Cynthia,1,1,1,0,0,top1_generation_prompt_text_changed_only_precomputed_text_feature_unchanged
2850,ecIjuCuj0Fc,ecIjuCuj0Fc_N9m9huNTwpA,ecIjuCuj0Fc_N9m9huNTwpA,ecIjuCuj0Fc,1,1,cf_upbeat_electronic,top1_prompt_level_preference_counterfactual,original,top1_reference,"I prefer upbeat electronic background music with a bright mood, clear rhythm, energetic beats, and a modern dance or pop feeling.","That sounds like a great choice, but I'm looking for something with a pop and soul influence, preferably with female vocals. I would also like to include some guitar elements.",I suggest you consider 'Enamorada' by Cynthia. It's a pop track with female vocals and indie influences. The song has a catchy melody and a danceable rhythm that could add a modern and energetic vibe to your video.,"Allow me to recommend 'Enamorada' by Cynthia. It's a pop track with soul, folk, and jazz influences. The song features Cynthia's captivating vocals and incorporates guitar elements. It was released in 2015 and is available on iTunes. This could be a perfect fit for your video, infusing it with a combination of pop, soul, and guitar-driven sound.","Allow me to recommend 'Enamorada' by Cynthia. It's a pop track with soul, folk, and jazz influences. The song features Cynthia's captivating vocals and incorporates guitar elements. It was released in 2015 and is available on iTunes. This could be a perfect fit for your video, infusing it with a combination of pop, soul, and guitar-driven sound.",Enamorada,Cynthia,1,1,1,0,0,top1_generation_prompt_text_changed_only_precomputed_text_feature_unchanged
2850,ecIjuCuj0Fc,ecIjuCuj0Fc_N9m9huNTwpA,ecIjuCuj0Fc_N9m9huNTwpA,ecIjuCuj0Fc,1,1,cf_lyrical_piano,top1_prompt_level_preference_counterfactual,original,top1_reference,"I prefer lyrical piano background music with a slow tempo, soft acoustic texture, gentle melody, and a calm sentimental mood.","That sounds like a great choice, but I'm looking for something with a pop and soul influence, preferably with female vocals. I would also like to include some guitar elements.","Based on your preferences, I recommend 'Enamorada' by Cynthia. It's a beautiful track with lyrical piano background music. The song has a slow tempo, soft acoustic texture, and a gentle melody that creates a calm and sentimental mood. It's a perfect choice for your video.","Allow me to recommend 'Enamorada' by Cynthia. It's a pop track with soul, folk, and jazz influences. The song features Cynthia's captivating vocals and incorporates guitar elements. It was released in 2015 and is available on iTunes. This could be a perfect fit for your video, infusing it with a combination of pop, soul, and guitar-driven sound.","Allow me to recommend 'Enamorada' by Cynthia. It's a pop track with soul, folk, and jazz influences. The song features Cynthia's captivating vocals and incorporates guitar elements. It was released in 2015 and is available on iTunes. This could be a perfect fit for your video, infusing it with a combination of pop, soul, and guitar-driven sound.",Enamorada,Cynthia,1,1,1,0,0,top1_generation_prompt_text_changed_only_precomputed_text_feature_unchanged
2882,1yNEohtQSW8,1yNEohtQSW8_OBsuZx3xPcQ,qyI_z2sXks8_CKjlEtAmtIA,qyI_z2sXks8,0,4,original,top1_prompt_level_preference_counterfactual,original,top1_reference,"That sounds great, but I would like to include some elements of Mozart Opera Rock's style in the music. I'm particularly interested in their rock and alternative components, as well as female vocals.","That sounds great, but I would like to include some elements of Mozart Opera Rock's style in the music. I'm particularly interested in their rock and alternative components, as well as female vocals.","Allow me to recommend 'Tus Heridas Sanará' by Mozart Opera Rock. It's a track from their album 'Tus Heridas Sanará'. The song combines elements of rock, pop, and alternative with female vocals. It was released in 2009 and may contain the specific elements you're looking for.","Allow me to recommend 'Vivre à en crever' by Mozart Opera Rock. It's a track from their self-titled album 'Vivre à en crever'. The song combines rock, pop, indie, and alternative elements with powerful female vocals, which aligns with your preferences. It was released in 2009 and could provide a unique touch to your video.","In that case, I would recommend 'Tus Heridas Sanará' by Johan Paulino. This track has a mix of rock, pop, indie, and alternative rock elements. The uplifting lyrics and catchy melodies give it a positive vibe, while the guitar-driven sound adds a touch of indie influence.",Tus Heridas Sanará,Johan Paulino,1,0,0,1,0,top1_generation_prompt_text_changed_only_precomputed_text_feature_unchanged
2882,1yNEohtQSW8,1yNEohtQSW8_OBsuZx3xPcQ,qyI_z2sXks8_CKjlEtAmtIA,qyI_z2sXks8,0,4,cf_upbeat_electronic,top1_prompt_level_preference_counterfactual,original,top1_reference,"I prefer upbeat electronic background music with a bright mood, clear rhythm, energetic beats, and a modern dance or pop feeling.","That sounds great, but I would like to include some elements of Mozart Opera Rock's style in the music. I'm particularly interested in their rock and alternative components, as well as female vocals.","I suggest you consider 'Tus Heridas Sanará' by Johan Paulino. It's a track from his album 'Tus Heridas Sanará'. This song combines elements of rock, pop, and indie with alternative influences. It has a guitar-driven sound and features male vocals. It was released in 2009 and could provide the energetic and modern vibe you're looking for in your video.","Allow me to recommend 'Vivre à en crever' by Mozart Opera Rock. It's a track from their self-titled album 'Vivre à en crever'. The song combines rock, pop, indie, and alternative elements with powerful female vocals, which aligns with your preferences. It was released in 2009 and could provide a unique touch to your video.","In that case, I would recommend 'Tus Heridas Sanará' by Johan Paulino. This track has a mix of rock, pop, indie, and alternative rock elements. The uplifting lyrics and catchy melodies give it a positive vibe, while the guitar-driven sound adds a touch of indie influence.",Tus Heridas Sanará,Johan Paulino,1,1,1,0,0,top1_generation_prompt_text_changed_only_precomputed_text_feature_unchanged
2882,1yNEohtQSW8,1yNEohtQSW8_OBsuZx3xPcQ,qyI_z2sXks8_CKjlEtAmtIA,qyI_z2sXks8,0,4,cf_lyrical_piano,top1_prompt_level_preference_counterfactual,original,top1_reference,"I prefer lyrical piano background music with a slow tempo, soft acoustic texture, gentle melody, and a calm sentimental mood.","That sounds great, but I would like to include some elements of Mozart Opera Rock's style in the music. I'm particularly interested in their rock and alternative components, as well as female vocals.","I apologize, but I don't have enough information to recommend a specific track that matches your requirements. However, I can suggest exploring the music of Johan Paulino, as he is known for his lyrical piano background music with a slow tempo, soft acoustic texture, and a calm sentimental mood.","Allow me to recommend 'Vivre à en crever' by Mozart Opera Rock. It's a track from their self-titled album 'Vivre à en crever'. The song combines rock, pop, indie, and alternative elements with powerful female vocals, which aligns with your preferences. It was released in 2009 and could provide a unique touch to your video.","In that case, I would recommend 'Tus Heridas Sanará' by Johan Paulino. This track has a mix of rock, pop, indie, and alternative rock elements. The uplifting lyrics and catchy melodies give it a positive vibe, while the guitar-driven sound adds a touch of indie influence.",Tus Heridas Sanará,Johan Paulino,0,1,0,1,0,top1_generation_prompt_text_changed_only_precomputed_text_feature_unchanged
2896,j-2iakRCM3E,j-2iakRCM3E_wv7vo8dz4hg,ehQtpXHCdJI_qbRE4BC2YSU,ehQtpXHCdJI,0,9,original,top1_prompt_level_preference_counterfactual,original,top1_reference,"That sounds great, I like the rock and alternative types in your music recommendations. But I would like to incorporate a bit more of heavy metal components, as well as punk influences.","That sounds great, I like the rock and alternative types in your music recommendations. But I would like to incorporate a bit more of heavy metal components, as well as punk influences.","Allow me to recommend 'Intoxication' by Obituary. It's a track from their album 'Intoxication'. It combines elements of heavy metal, punk, and rock with a fast-paced and loud sound. It was recorded in 2008 which may contain the specific element you want.","Allow me to recommend 'Julmedley 2012 - The Kennedy Curse'. It's a metal track with heavy metal and punk influences. Although I couldn't find specific details about the album or artists, this track matches your desired style with its elements of rock, heavy metal, and punk. It could provide the intense and powerful sound you're looking for in your video.","Certainly! In that case, I would recommend 'Insane' by Obituary. This track is from their album 'Frozen In Time' and has a heavy metal and rock sound with elements of punk and hard rock. It was released in the 90s and captures the essence of that era.",Insane,Obituary,0,1,0,1,0,top1_generation_prompt_text_changed_only_precomputed_text_feature_unchanged
2896,j-2iakRCM3E,j-2iakRCM3E_wv7vo8dz4hg,ehQtpXHCdJI_qbRE4BC2YSU,ehQtpXHCdJI,0,9,cf_upbeat_electronic,top1_prompt_level_preference_counterfactual,original,top1_reference,"I prefer upbeat electronic background music with a bright mood, clear rhythm, energetic beats, and a modern dance or pop feeling.","That sounds great, I like the rock and alternative types in your music recommendations. But I would like to incorporate a bit more of heavy metal components, as well as punk influences.","I suggest you consider 'Intoxication' by Obituary. It's a track from their album 'Intoxication'. This song combines elements of metal, rock, and punk with heavy metal influences. It has a fast-paced and loud sound, which aligns well with the energetic and intense vibe you're looking for.","Allow me to recommend 'Julmedley 2012 - The Kennedy Curse'. It's a metal track with heavy metal and punk influences. Although I couldn't find specific details about the album or artists, this track matches your desired style with its elements of rock, heavy metal, and punk. It could provide the intense and powerful sound you're looking for in your video.","Certainly! In that case, I would recommend 'Insane' by Obituary. This track is from their album 'Frozen In Time' and has a heavy metal and rock sound with elements of punk and hard rock. It was released in the 90s and captures the essence of that era.",Insane,Obituary,0,1,0,1,0,top1_generation_prompt_text_changed_only_precomputed_text_feature_unchanged
2896,j-2iakRCM3E,j-2iakRCM3E_wv7vo8dz4hg,ehQtpXHCdJI_qbRE4BC2YSU,ehQtpXHCdJI,0,9,cf_lyrical_piano,top1_prompt_level_preference_counterfactual,original,top1_reference,"I prefer lyrical piano background music with a slow tempo, soft acoustic texture, gentle melody, and a calm sentimental mood.","That sounds great, I like the rock and alternative types in your music recommendations. But I would like to incorporate a bit more of heavy metal components, as well as punk influences.","I apologize, but I don't have enough information to recommend a specific track or artist based on your preferences. However, I can suggest exploring the music of Obituary, as they are known for their heavy metal and rock sound. You may find a track that aligns with your preferences.","Allow me to recommend 'Julmedley 2012 - The Kennedy Curse'. It's a metal track with heavy metal and punk influences. Although I couldn't find specific details about the album or artists, this track matches your desired style with its elements of rock, heavy metal, and punk. It could provide the intense and powerful sound you're looking for in your video.","Certainly! In that case, I would recommend 'Insane' by Obituary. This track is from their album 'Frozen In Time' and has a heavy metal and rock sound with elements of punk and hard rock. It was released in the 90s and captures the essence of that era.",Insane,Obituary,0,1,0,1,0,top1_generation_prompt_text_changed_only_precomputed_text_feature_unchanged
2897,51UTOkFidXQ,51UTOkFidXQ_OdEiMr-oOIs,T0N9pMn8SqM_82pfkfN4m6E,T0N9pMn8SqM,0,5,original,top1_prompt_level_preference_counterfactual,original,top1_reference,"That sounds great, but I would like to incorporate a bit more of Uniqplan's electronic and dance elements. I'm also interested in their indie and pop influences.","That sounds great, but I would like to incorporate a bit more of Uniqplan's electronic and dance elements. I'm also interested in their indie and pop influences.","Allow me to recommend 'Uniqplan' by Uniqplan. It's an electronic track with elements of dance, indie, and pop. Although I don't have much information about this specific track, it aligns well with the electronic and dance elements you're looking for.","Allow me to recommend 'This Makes Sense' by Uniqplan. It's a track from their album 'This Makes Sense'. It combines elements of electronic, pop, and rock with indie and dance influences. This song could add a catchy and upbeat vibe to your video.","Allow me to recommend 'Don't Stop' by Tim & Jean. It's a track from their album 'Don't Stop'. Combining elements of electronic, electro, and pop, this song also features indie influences. It has a fast tempo with loud and synth-driven beats, making it a suitable choice for your video. The song was released with an official video.",Don't Stop,Tim & Jean,0,0,0,1,0,top1_generation_prompt_text_changed_only_precomputed_text_feature_unchanged
2897,51UTOkFidXQ,51UTOkFidXQ_OdEiMr-oOIs,T0N9pMn8SqM_82pfkfN4m6E,T0N9pMn8SqM,0,5,cf_upbeat_electronic,top1_prompt_level_preference_counterfactual,original,top1_reference,"I prefer upbeat electronic background music with a bright mood, clear rhythm, energetic beats, and a modern dance or pop feeling.","That sounds great, but I would like to incorporate a bit more of Uniqplan's electronic and dance elements. I'm also interested in their indie and pop influences.","Based on your preferences, I recommend 'Don't Stop' by Tim & Jean. It's an electronic track with a dance and pop vibe. The song has a fast tempo and energetic beats that will add a lively and modern feel to your video.","Allow me to recommend 'This Makes Sense' by Uniqplan. It's a track from their album 'This Makes Sense'. It combines elements of electronic, pop, and rock with indie and dance influences. This song could add a catchy and upbeat vibe to your video.","Allow me to recommend 'Don't Stop' by Tim & Jean. It's a track from their album 'Don't Stop'. Combining elements of electronic, electro, and pop, this song also features indie influences. It has a fast tempo with loud and synth-driven beats, making it a suitable choice for your video. The song was released with an official video.",Don't Stop,Tim & Jean,1,1,1,0,0,top1_generation_prompt_text_changed_only_precomputed_text_feature_unchanged
2897,51UTOkFidXQ,51UTOkFidXQ_OdEiMr-oOIs,T0N9pMn8SqM_82pfkfN4m6E,T0N9pMn8SqM,0,5,cf_lyrical_piano,top1_prompt_level_preference_counterfactual,original,top1_reference,"I prefer lyrical piano background music with a slow tempo, soft acoustic texture, gentle melody, and a calm sentimental mood.","That sounds great, but I would like to incorporate a bit more of Uniqplan's electronic and dance elements. I'm also interested in their indie and pop influences.","I apologize, but I don't have enough information to recommend a specific track that matches your requirements. However, I can suggest exploring the music of Tim & Jean, as they are known for their electronic, indie, pop, and rock sound. You may find a track that aligns with your preferences.","Allow me to recommend 'This Makes Sense' by Uniqplan. It's a track from their album 'This Makes Sense'. It combines elements of electronic, pop, and rock with indie and dance influences. This song could add a catchy and upbeat vibe to your video.","Allow me to recommend 'Don't Stop' by Tim & Jean. It's a track from their album 'Don't Stop'. Combining elements of electronic, electro, and pop, this song also features indie influences. It has a fast tempo with loud and synth-driven beats, making it a suitable choice for your video. The song was released with an official video.",Don't Stop,Tim & Jean,0,1,0,1,0,top1_generation_prompt_text_changed_only_precomputed_text_feature_unchanged
2921,u_zXJNChISs,u_zXJNChISs_A_f5bbd7TaI,qNwspkeieXE_D5iyOYY1_88,qNwspkeieXE,0,6,original,top1_prompt_level_preference_counterfactual,original,top1_reference,"That sounds good, but I would like to incorporate a bit more of Lisa Caruso's style, especially her indie and folk elements. I'm also interested in slow and female vocals.","That sounds good, but I would like to incorporate a bit more of Lisa Caruso's style, especially her indie and folk elements. I'm also interested in slow and female vocals.","Allow me to recommend 'Magic Carpet Ride' by Lisa Caruso. It's a track from her album 'Magic Carpet Ride'. The song combines elements of indie, folk, and rock with slow and female vocals. It was released in 2012 and could be a fitting choice for your video.","Allow me to recommend 'I Will Be' by Lisa Caruso. It's a track with indie, rock, and pop influences that could be a fitting choice for your video. The song features female vocals and a slower tempo, which aligns with the style and mood you're looking for.","In that case, I would recommend 'Magic Carpet Ride' by Fourplay. This track is part of the album 'Elixir' and features beautiful acoustic elements. It has a romantic vibe that would be perfect for a wedding video. The vocals are performed by female vocalists.",Magic Carpet Ride,Fourplay,1,0,0,1,0,top1_generation_prompt_text_changed_only_precomputed_text_feature_unchanged
2921,u_zXJNChISs,u_zXJNChISs_A_f5bbd7TaI,qNwspkeieXE_D5iyOYY1_88,qNwspkeieXE,0,6,cf_upbeat_electronic,top1_prompt_level_preference_counterfactual,original,top1_reference,"I prefer upbeat electronic background music with a bright mood, clear rhythm, energetic beats, and a modern dance or pop feeling.","That sounds good, but I would like to incorporate a bit more of Lisa Caruso's style, especially her indie and folk elements. I'm also interested in slow and female vocals.","I suggest you consider 'Magic Carpet Ride' by Fourplay. It's a track from their album 'Magic Carpet Ride'. The song combines elements of rock, indie, pop, and folk with female vocals. It has a guitar-driven sound and a catchy rhythm that could be a fitting choice for your video.","Allow me to recommend 'I Will Be' by Lisa Caruso. It's a track with indie, rock, and pop influences that could be a fitting choice for your video. The song features female vocals and a slower tempo, which aligns with the style and mood you're looking for.","In that case, I would recommend 'Magic Carpet Ride' by Fourplay. This track is part of the album 'Elixir' and features beautiful acoustic elements. It has a romantic vibe that would be perfect for a wedding video. The vocals are performed by female vocalists.",Magic Carpet Ride,Fourplay,1,1,1,0,0,top1_generation_prompt_text_changed_only_precomputed_text_feature_unchanged
2921,u_zXJNChISs,u_zXJNChISs_A_f5bbd7TaI,qNwspkeieXE_D5iyOYY1_88,qNwspkeieXE,0,6,cf_lyrical_piano,top1_prompt_level_preference_counterfactual,original,top1_reference,"I prefer lyrical piano background music with a slow tempo, soft acoustic texture, gentle melody, and a calm sentimental mood.","That sounds good, but I would like to incorporate a bit more of Lisa Caruso's style, especially her indie and folk elements. I'm also interested in slow and female vocals.","Based on your preferences, I recommend 'Magic Carpet Ride' by Fourplay. It's a track from their album 'Magic Carpet Ride'. The song features lyrical piano, slow tempo, soft acoustic texture, and a gentle melody. It has a calm and sentimental mood that could be a perfect fit for your video.","Allow me to recommend 'I Will Be' by Lisa Caruso. It's a track with indie, rock, and pop influences that could be a fitting choice for your video. The song features female vocals and a slower tempo, which aligns with the style and mood you're looking for.","In that case, I would recommend 'Magic Carpet Ride' by Fourplay. This track is part of the album 'Elixir' and features beautiful acoustic elements. It has a romantic vibe that would be perfect for a wedding video. The vocals are performed by female vocalists.",Magic Carpet Ride,Fourplay,1,1,1,0,0,top1_generation_prompt_text_changed_only_precomputed_text_feature_unchanged
2926,t_DEpHCTR6k,t_DEpHCTR6k_Ar5KROYxrI4,t_DEpHCTR6k_Ar5KROYxrI4,t_DEpHCTR6k,1,1,original,top1_prompt_level_preference_counterfactual,original,top1_reference,"That sounds great, but I would like to include some elements of Mr. G Reality's style in my video. I'm interested in hip-hop, pop, and soul genres, as well as female vocals.","That sounds great, but I would like to include some elements of Mr. G Reality's style in my video. I'm interested in hip-hop, pop, and soul genres, as well as female vocals.","Allow me to recommend 'My Story' by Mr. G Reality. It's a track from his album 'The Reality'. The song combines elements of hip-hop, pop, and soul with female vocals. It was released in 2012 and could be a fitting choice for your video.","Let me recommend 'My Story' by Mr. G Reality featuring Cortney Marie and King Keleze. It's a track from their album 'King Solomon'. This song combines elements of hip-hop, pop, and rock with female vocals and soulful vibes. It was released by Rock Garden Studio.","Let me recommend 'My Story' by Mr. G Reality featuring Cortney Marie and King Keleze. It's a track from their album 'King Solomon'. This song combines elements of hip-hop, pop, and rock with female vocals and soulful vibes. It was released by Rock Garden Studio.",My Story,Mr,1,1,1,0,0,top1_generation_prompt_text_changed_only_precomputed_text_feature_unchanged
2926,t_DEpHCTR6k,t_DEpHCTR6k_Ar5KROYxrI4,t_DEpHCTR6k_Ar5KROYxrI4,t_DEpHCTR6k,1,1,cf_upbeat_electronic,top1_prompt_level_preference_counterfactual,original,top1_reference,"I prefer upbeat electronic background music with a bright mood, clear rhythm, energetic beats, and a modern dance or pop feeling.","That sounds great, but I would like to include some elements of Mr. G Reality's style in my video. I'm interested in hip-hop, pop, and soul genres, as well as female vocals.","Based on your preferences, I recommend 'My Story' by Mr. It's a track from his album 'My Story'. This song combines elements of Hip-Hop, electronic, pop, and rock, with a touch of R&B. It has a fast-paced techno sound with a catchy beat and energetic vibe. It's a great choice for a dance video with a modern and pop feel.","Let me recommend 'My Story' by Mr. G Reality featuring Cortney Marie and King Keleze. It's a track from their album 'King Solomon'. This song combines elements of hip-hop, pop, and rock with female vocals and soulful vibes. It was released by Rock Garden Studio.","Let me recommend 'My Story' by Mr. G Reality featuring Cortney Marie and King Keleze. It's a track from their album 'King Solomon'. This song combines elements of hip-hop, pop, and rock with female vocals and soulful vibes. It was released by Rock Garden Studio.",My Story,Mr,1,1,1,0,0,top1_generation_prompt_text_changed_only_precomputed_text_feature_unchanged
2926,t_DEpHCTR6k,t_DEpHCTR6k_Ar5KROYxrI4,t_DEpHCTR6k_Ar5KROYxrI4,t_DEpHCTR6k,1,1,cf_lyrical_piano,top1_prompt_level_preference_counterfactual,original,top1_reference,"I prefer lyrical piano background music with a slow tempo, soft acoustic texture, gentle melody, and a calm sentimental mood.","That sounds great, but I would like to include some elements of Mr. G Reality's style in my video. I'm interested in hip-hop, pop, and soul genres, as well as female vocals.","I suggest you listen to 'My Story' by Mr. It's a track from his album 'My Story'. This song combines elements of hip-hop, pop, and rock with a touch of R&B. It features a lyrical piano background and a slow tempo, creating a soothing and sentimental atmosphere.","Let me recommend 'My Story' by Mr. G Reality featuring Cortney Marie and King Keleze. It's a track from their album 'King Solomon'. This song combines elements of hip-hop, pop, and rock with female vocals and soulful vibes. It was released by Rock Garden Studio.","Let me recommend 'My Story' by Mr. G Reality featuring Cortney Marie and King Keleze. It's a track from their album 'King Solomon'. This song combines elements of hip-hop, pop, and rock with female vocals and soulful vibes. It was released by Rock Garden Studio.",My Story,Mr,1,1,1,0,0,top1_generation_prompt_text_changed_only_precomputed_text_feature_unchanged
3003,0J808gIog1o,0J808gIog1o_PoJFn_RIdkg,0J808gIog1o_PoJFn_RIdkg,0J808gIog1o,1,1,original,top1_prompt_level_preference_counterfactual,original,top1_reference,"Sounds interesting, but I'm looking for something with a bit more of a techno vibe and a powerful female vocal. Do you have any suggestions?","Sounds interesting, but I'm looking for something with a bit more of a techno vibe and a powerful female vocal. Do you have any suggestions?","In that case, I would recommend 'Kimi no sobade' by Sayaka Shionoya. This track has a techno influence and features a powerful female vocal. It's part of the album 'Kimi no sobade' and offers a unique blend of pop, dance, and electronic genres.","Absolutely! If you're looking for a track with a techno vibe and a powerful female vocal, I recommend 'Kimi no sobade' by Sayaka Shionoya. This track is part of the album 'Luna' and features the talented Sayaka Shionoya. It falls under the pop, R&B, dance, and soul genres, and it has elements of techno as well.","Absolutely! If you're looking for a track with a techno vibe and a powerful female vocal, I recommend 'Kimi no sobade' by Sayaka Shionoya. This track is part of the album 'Luna' and features the talented Sayaka Shionoya. It falls under the pop, R&B, dance, and soul genres, and it has elements of techno as well.","re looking for a track with a techno vibe and a powerful female vocal, I recommend 'Kimi no sobade",Sayaka Shionoya,0,1,0,1,0,top1_generation_prompt_text_changed_only_precomputed_text_feature_unchanged
3003,0J808gIog1o,0J808gIog1o_PoJFn_RIdkg,0J808gIog1o_PoJFn_RIdkg,0J808gIog1o,1,1,cf_upbeat_electronic,top1_prompt_level_preference_counterfactual,original,top1_reference,"I prefer upbeat electronic background music with a bright mood, clear rhythm, energetic beats, and a modern dance or pop feeling.","Sounds interesting, but I'm looking for something with a bit more of a techno vibe and a powerful female vocal. Do you have any suggestions?","In that case, I recommend 'Kimi no sobade' by Sayaka Shionoya. It's a track from her album 'Kimi no sobade'. This song combines elements of pop, dance, and electronic music with a female vocalist. It has a techno influence and a fast-paced rhythm that will add energy to your video.","Absolutely! If you're looking for a track with a techno vibe and a powerful female vocal, I recommend 'Kimi no sobade' by Sayaka Shionoya. This track is part of the album 'Luna' and features the talented Sayaka Shionoya. It falls under the pop, R&B, dance, and soul genres, and it has elements of techno as well.","Absolutely! If you're looking for a track with a techno vibe and a powerful female vocal, I recommend 'Kimi no sobade' by Sayaka Shionoya. This track is part of the album 'Luna' and features the talented Sayaka Shionoya. It falls under the pop, R&B, dance, and soul genres, and it has elements of techno as well.","re looking for a track with a techno vibe and a powerful female vocal, I recommend 'Kimi no sobade",Sayaka Shionoya,0,1,0,1,0,top1_generation_prompt_text_changed_only_precomputed_text_feature_unchanged
3003,0J808gIog1o,0J808gIog1o_PoJFn_RIdkg,0J808gIog1o_PoJFn_RIdkg,0J808gIog1o,1,1,cf_lyrical_piano,top1_prompt_level_preference_counterfactual,original,top1_reference,"I prefer lyrical piano background music with a slow tempo, soft acoustic texture, gentle melody, and a calm sentimental mood.","Sounds interesting, but I'm looking for something with a bit more of a techno vibe and a powerful female vocal. Do you have any suggestions?","In that case, I recommend 'Kimi no sobade' by Sayaka Shionoya. It's a track from her album 'Kimi no sobade'. This song features a beautiful female vocal and incorporates elements of pop, dance, and electronic genres. It has a slow tempo and a lyrical piano background that creates a soothing and sentimental atmosphere.","Absolutely! If you're looking for a track with a techno vibe and a powerful female vocal, I recommend 'Kimi no sobade' by Sayaka Shionoya. This track is part of the album 'Luna' and features the talented Sayaka Shionoya. It falls under the pop, R&B, dance, and soul genres, and it has elements of techno as well.","Absolutely! If you're looking for a track with a techno vibe and a powerful female vocal, I recommend 'Kimi no sobade' by Sayaka Shionoya. This track is part of the album 'Luna' and features the talented Sayaka Shionoya. It falls under the pop, R&B, dance, and soul genres, and it has elements of techno as well.","re looking for a track with a techno vibe and a powerful female vocal, I recommend 'Kimi no sobade",Sayaka Shionoya,0,1,0,1,0,top1_generation_prompt_text_changed_only_precomputed_text_feature_unchanged
3015,RafrGEPAiQg,RafrGEPAiQg_9VsDZikDkKI,nvg2dDGKgZI_SAL_xX-JV8s,nvg2dDGKgZI,0,9,original,top1_prompt_level_preference_counterfactual,original,top1_reference,"That sounds interesting, but I'm actually looking for a different style of music. I want something with a hip-hop and electronic sound, similar to BIGA RANX's 'freestyle Kickass Riddim'. Can you recommend something in that genre?","That sounds interesting, but I'm actually looking for a different style of music. I want something with a hip-hop and electronic sound, similar to BIGA RANX's 'freestyle Kickass Riddim'. Can you recommend something in that genre?",Certainly! I suggest checking out 'freestyle Kickass Riddim' by BIGA RANX. It's a hip-hop and electronic track with a dance and pop influence. The song has a fast beat and synth elements that give it a catchy and energetic vibe. It's a great choice if you're looking for a hip-hop and electronic sound for your video.,"Allow me to recommend 'freestyle Kickass Riddim' by BIGA RANX. It's a track that combines elements of hip-hop and electronic music. The fast-paced beat and synth sounds make it perfect for your video. Although there is no additional information provided about the track, it aligns well with the style you're looking for.","Allow me to recommend 'Welcome 2 Detroit' by Trick Trick featuring Eminem. It's a track from Trick Trick's album 'Welcome 2 Detroit'. The song combines hip-hop, electronic, and rock elements with a mix of electronic beats, synth sounds, and catchy vocals. It was released in 2005 under Motown Records, which adds a touch of the 90s vibe you may be looking for.",Welcome 2 Detroit,Trick Trick featuring Eminem,0,0,0,1,0,top1_generation_prompt_text_changed_only_precomputed_text_feature_unchanged
3015,RafrGEPAiQg,RafrGEPAiQg_9VsDZikDkKI,nvg2dDGKgZI_SAL_xX-JV8s,nvg2dDGKgZI,0,9,cf_upbeat_electronic,top1_prompt_level_preference_counterfactual,original,top1_reference,"I prefer upbeat electronic background music with a bright mood, clear rhythm, energetic beats, and a modern dance or pop feeling.","That sounds interesting, but I'm actually looking for a different style of music. I want something with a hip-hop and electronic sound, similar to BIGA RANX's 'freestyle Kickass Riddim'. Can you recommend something in that genre?","In that case, I recommend 'Welcome 2 Detroit' by Trick Trick featuring Eminem. It's a track from the album 'Welcome 2 Detroit' and combines elements of Hip-Hop, electronic, dance, pop, and rock. The song has a fast beat and a modern dance or pop feel, which aligns well with your preferences.","Allow me to recommend 'freestyle Kickass Riddim' by BIGA RANX. It's a track that combines elements of hip-hop and electronic music. The fast-paced beat and synth sounds make it perfect for your video. Although there is no additional information provided about the track, it aligns well with the style you're looking for.","Allow me to recommend 'Welcome 2 Detroit' by Trick Trick featuring Eminem. It's a track from Trick Trick's album 'Welcome 2 Detroit'. The song combines hip-hop, electronic, and rock elements with a mix of electronic beats, synth sounds, and catchy vocals. It was released in 2005 under Motown Records, which adds a touch of the 90s vibe you may be looking for.",Welcome 2 Detroit,Trick Trick featuring Eminem,1,1,1,0,0,top1_generation_prompt_text_changed_only_precomputed_text_feature_unchanged
3015,RafrGEPAiQg,RafrGEPAiQg_9VsDZikDkKI,nvg2dDGKgZI_SAL_xX-JV8s,nvg2dDGKgZI,0,9,cf_lyrical_piano,top1_prompt_level_preference_counterfactual,original,top1_reference,"I prefer lyrical piano background music with a slow tempo, soft acoustic texture, gentle melody, and a calm sentimental mood.","That sounds interesting, but I'm actually looking for a different style of music. I want something with a hip-hop and electronic sound, similar to BIGA RANX's 'freestyle Kickass Riddim'. Can you recommend something in that genre?","I apologize, but I don't have enough information to recommend a specific track that matches your requirements. However, I can suggest exploring the works of artists like Trick Trick, Eminem, or other artists who specialize in hip-hop, electronic, and rock genres. These artists often incorporate piano elements into their music, which may align with your preferences.","Allow me to recommend 'freestyle Kickass Riddim' by BIGA RANX. It's a track that combines elements of hip-hop and electronic music. The fast-paced beat and synth sounds make it perfect for your video. Although there is no additional information provided about the track, it aligns well with the style you're looking for.","Allow me to recommend 'Welcome 2 Detroit' by Trick Trick featuring Eminem. It's a track from Trick Trick's album 'Welcome 2 Detroit'. The song combines hip-hop, electronic, and rock elements with a mix of electronic beats, synth sounds, and catchy vocals. It was released in 2005 under Motown Records, which adds a touch of the 90s vibe you may be looking for.",Welcome 2 Detroit,Trick Trick featuring Eminem,0,0,0,1,0,top1_generation_prompt_text_changed_only_precomputed_text_feature_unchanged
3021,oCV9U-tP7Iw,oCV9U-tP7Iw_Pl2pBVt4mh0,dGH8cj6eUM4_CbArEIsvieU,dGH8cj6eUM4,0,5,original,top1_prompt_level_preference_counterfactual,original,top1_reference,"That sounds good, but I'm looking for something with a bit more of a R&B and soul vibe. I also prefer female vocals in the music.","That sounds good, but I'm looking for something with a bit more of a R&B and soul vibe. I also prefer female vocals in the music.","Allow me to recommend 'I'm Sorry' by Kyle Simpson. It's a track from his album 'I'm Sorry'. This song combines elements of R&B, soul, and pop with female vocals. It has a slow and melodic sound that could be a fitting choice for your video.","Allow me to recommend 'Kamusta Ka Na' by Hustle One. Although I couldn't find much information about the track, it falls under the genres of R&B, pop, and soul with female vocals. It might be a fitting choice for your video.",Certainly! I recommend 'It's Cool' by Kyle Simpson. It's an R&B track with soulful vocals and a mix of Hip-Hop and pop influences. The song features female vocalists Poetic Detroit and Fantasee Blu. It's a great choice if you're looking for a smooth and soulful sound.,It's Cool,Kyle Simpson,0,1,0,1,0,top1_generation_prompt_text_changed_only_precomputed_text_feature_unchanged
3021,oCV9U-tP7Iw,oCV9U-tP7Iw_Pl2pBVt4mh0,dGH8cj6eUM4_CbArEIsvieU,dGH8cj6eUM4,0,5,cf_upbeat_electronic,top1_prompt_level_preference_counterfactual,original,top1_reference,"I prefer upbeat electronic background music with a bright mood, clear rhythm, energetic beats, and a modern dance or pop feeling.","That sounds good, but I'm looking for something with a bit more of a R&B and soul vibe. I also prefer female vocals in the music.","Based on your preferences, I recommend 'I'm Good' by Kyle Simpson. It's a track from the album 'I'm Good' and features a mix of R&B, pop, and soul with electronic elements. The song has a fast tempo and a catchy beat that will give your video a modern and energetic feel.","Allow me to recommend 'Kamusta Ka Na' by Hustle One. Although I couldn't find much information about the track, it falls under the genres of R&B, pop, and soul with female vocals. It might be a fitting choice for your video.",Certainly! I recommend 'It's Cool' by Kyle Simpson. It's an R&B track with soulful vocals and a mix of Hip-Hop and pop influences. The song features female vocalists Poetic Detroit and Fantasee Blu. It's a great choice if you're looking for a smooth and soulful sound.,It's Cool,Kyle Simpson,0,1,0,1,0,top1_generation_prompt_text_changed_only_precomputed_text_feature_unchanged
3021,oCV9U-tP7Iw,oCV9U-tP7Iw_Pl2pBVt4mh0,dGH8cj6eUM4_CbArEIsvieU,dGH8cj6eUM4,0,5,cf_lyrical_piano,top1_prompt_level_preference_counterfactual,original,top1_reference,"I prefer lyrical piano background music with a slow tempo, soft acoustic texture, gentle melody, and a calm sentimental mood.","That sounds good, but I'm looking for something with a bit more of a R&B and soul vibe. I also prefer female vocals in the music.","Based on your preferences, I recommend 'I'm Sorry' by Kyle Simpson. It's a track from the album 'I'm Sorry' and features lyrical piano background music with a slow tempo, soft acoustic texture, gentle melody, and a calm sentimental mood.","Allow me to recommend 'Kamusta Ka Na' by Hustle One. Although I couldn't find much information about the track, it falls under the genres of R&B, pop, and soul with female vocals. It might be a fitting choice for your video.",Certainly! I recommend 'It's Cool' by Kyle Simpson. It's an R&B track with soulful vocals and a mix of Hip-Hop and pop influences. The song features female vocalists Poetic Detroit and Fantasee Blu. It's a great choice if you're looking for a smooth and soulful sound.,It's Cool,Kyle Simpson,0,1,0,1,0,top1_generation_prompt_text_changed_only_precomputed_text_feature_unchanged
3030,7dfx1xqgGMc,7dfx1xqgGMc_Vs_1IMX3GLE,U7bGGdcEruA_HBZE4Foytg4,U7bGGdcEruA,0,11,original,top1_prompt_level_preference_counterfactual,original,top1_reference,"That sounds great, but I would like to incorporate some pop elements into the music as well. I'm also looking for female vocalists and techno influences.","That sounds great, but I would like to incorporate some pop elements into the music as well. I'm also looking for female vocalists and techno influences.",Allow me to recommend 'Wrecking Ball' by Miley Cyrus. It's a pop track with electronic and rock elements. The song features Miley Cyrus' powerful female vocals and has a techno-influenced sound. It could be a fitting choice for your video.,"Allow me to recommend 'Summer Pop Medley 2011' by Sam Tsui. It's a pop track with dance, rock, and electronic influences. The song features female vocals and has a techno sound. Although I don't have much information about this track, it aligns with the pop and techno elements you are looking for.","I suggest you consider the Spanish version of 'Wrecking Ball' by Kevin Karla La Banda. Although I don't have any specific information about the creation of the song, it falls under the pop genre and features female vocals. It also has elements of dance, rock, and electronic music. The song has a catchy and energetic vibe that could add a lively touch to your video.",Wrecking Ball,Kevin Karla La Banda,1,0,0,1,0,top1_generation_prompt_text_changed_only_precomputed_text_feature_unchanged
3030,7dfx1xqgGMc,7dfx1xqgGMc_Vs_1IMX3GLE,U7bGGdcEruA_HBZE4Foytg4,U7bGGdcEruA,0,11,cf_upbeat_electronic,top1_prompt_level_preference_counterfactual,original,top1_reference,"I prefer upbeat electronic background music with a bright mood, clear rhythm, energetic beats, and a modern dance or pop feeling.","That sounds great, but I would like to incorporate some pop elements into the music as well. I'm also looking for female vocalists and techno influences.","Based on your preferences, I recommend 'Wrecking Ball' by Miley Cyrus. It's a pop and dance track with electronic and rock elements. The song has a fast tempo and a catchy beat that will add energy to your video.","Allow me to recommend 'Summer Pop Medley 2011' by Sam Tsui. It's a pop track with dance, rock, and electronic influences. The song features female vocals and has a techno sound. Although I don't have much information about this track, it aligns with the pop and techno elements you are looking for.","I suggest you consider the Spanish version of 'Wrecking Ball' by Kevin Karla La Banda. Although I don't have any specific information about the creation of the song, it falls under the pop genre and features female vocals. It also has elements of dance, rock, and electronic music. The song has a catchy and energetic vibe that could add a lively touch to your video.",Wrecking Ball,Kevin Karla La Banda,1,0,0,1,0,top1_generation_prompt_text_changed_only_precomputed_text_feature_unchanged
3030,7dfx1xqgGMc,7dfx1xqgGMc_Vs_1IMX3GLE,U7bGGdcEruA_HBZE4Foytg4,U7bGGdcEruA,0,11,cf_lyrical_piano,top1_prompt_level_preference_counterfactual,original,top1_reference,"I prefer lyrical piano background music with a slow tempo, soft acoustic texture, gentle melody, and a calm sentimental mood.","That sounds great, but I would like to incorporate some pop elements into the music as well. I'm also looking for female vocalists and techno influences.","I suggest you consider 'Wrecking Ball' by Miley Cyrus. It's a pop track with electronic and rock influences. The song features a female vocalist and has a slow tempo, which can create a lyrical piano background music with a soft acoustic texture and a gentle melody. It also has a calm and sentimental mood that can complement your video.","Allow me to recommend 'Summer Pop Medley 2011' by Sam Tsui. It's a pop track with dance, rock, and electronic influences. The song features female vocals and has a techno sound. Although I don't have much information about this track, it aligns with the pop and techno elements you are looking for.","I suggest you consider the Spanish version of 'Wrecking Ball' by Kevin Karla La Banda. Although I don't have any specific information about the creation of the song, it falls under the pop genre and features female vocals. It also has elements of dance, rock, and electronic music. The song has a catchy and energetic vibe that could add a lively touch to your video.",Wrecking Ball,Kevin Karla La Banda,1,0,0,1,0,top1_generation_prompt_text_changed_only_precomputed_text_feature_unchanged
3048,LAzK2fmfNoU,LAzK2fmfNoU_M5qG-NBjRck,LAzK2fmfNoU_M5qG-NBjRck,LAzK2fmfNoU,1,1,original,top1_prompt_level_preference_counterfactual,original,top1_reference,"That sounds great! I enjoy electronic and dance music, but I also want to incorporate some house and electronica elements into my video.","That sounds great! I enjoy electronic and dance music, but I also want to incorporate some house and electronica elements into my video.","In that case, I recommend 'No Way Home' by Richard Durand. It's a track from his album 'No Way Home'. This song combines elements of house, electronica, and electro, which aligns well with your preferences. It has a fast-paced techno sound with loud synths, making it a fitting choice for your video.","Allow me to recommend 'No Way Home' by Richard Durand. It's a track from his album 'No Way Home'. The song is classified as electronic, dance, pop, and house, with elements of electronica. It has a fast-paced beat and a catchy melody that could be a fitting choice for your video.","Allow me to recommend 'No Way Home' by Richard Durand. It's a track from his album 'No Way Home'. The song is classified as electronic, dance, pop, and house, with elements of electronica. It has a fast-paced beat and a catchy melody that could be a fitting choice for your video.",No Way Home,Richard Durand,1,1,1,0,0,top1_generation_prompt_text_changed_only_precomputed_text_feature_unchanged
3048,LAzK2fmfNoU,LAzK2fmfNoU_M5qG-NBjRck,LAzK2fmfNoU_M5qG-NBjRck,LAzK2fmfNoU,1,1,cf_upbeat_electronic,top1_prompt_level_preference_counterfactual,original,top1_reference,"I prefer upbeat electronic background music with a bright mood, clear rhythm, energetic beats, and a modern dance or pop feeling.","That sounds great! I enjoy electronic and dance music, but I also want to incorporate some house and electronica elements into my video.","Based on your preferences, I recommend 'No Way Home' by Richard Durand. It's a track from his album 'No Way Home'. This song combines elements of dance, electronic, house, and pop genres, with a fast-paced techno beat and a modern dance vibe. It's a perfect choice to create an energetic and lively atmosphere for your video.","Allow me to recommend 'No Way Home' by Richard Durand. It's a track from his album 'No Way Home'. The song is classified as electronic, dance, pop, and house, with elements of electronica. It has a fast-paced beat and a catchy melody that could be a fitting choice for your video.","Allow me to recommend 'No Way Home' by Richard Durand. It's a track from his album 'No Way Home'. The song is classified as electronic, dance, pop, and house, with elements of electronica. It has a fast-paced beat and a catchy melody that could be a fitting choice for your video.",No Way Home,Richard Durand,1,1,1,0,0,top1_generation_prompt_text_changed_only_precomputed_text_feature_unchanged
3048,LAzK2fmfNoU,LAzK2fmfNoU_M5qG-NBjRck,LAzK2fmfNoU_M5qG-NBjRck,LAzK2fmfNoU,1,1,cf_lyrical_piano,top1_prompt_level_preference_counterfactual,original,top1_reference,"I prefer lyrical piano background music with a slow tempo, soft acoustic texture, gentle melody, and a calm sentimental mood.","That sounds great! I enjoy electronic and dance music, but I also want to incorporate some house and electronica elements into my video.","I apologize, but I don't have enough information to recommend a specific track based on your preferences. However, I can suggest exploring the music of Richard Durand, as he is known for his electronic and dance music with elements of pop and house. You may find a track that aligns with your preferences.","Allow me to recommend 'No Way Home' by Richard Durand. It's a track from his album 'No Way Home'. The song is classified as electronic, dance, pop, and house, with elements of electronica. It has a fast-paced beat and a catchy melody that could be a fitting choice for your video.","Allow me to recommend 'No Way Home' by Richard Durand. It's a track from his album 'No Way Home'. The song is classified as electronic, dance, pop, and house, with elements of electronica. It has a fast-paced beat and a catchy melody that could be a fitting choice for your video.",No Way Home,Richard Durand,0,1,0,1,0,top1_generation_prompt_text_changed_only_precomputed_text_feature_unchanged
3052,3fFKAJXuLEM,3fFKAJXuLEM_emMlEvTKAN8,OTjJkJuQPrY_xBBIBkuND3k,OTjJkJuQPrY,0,2,original,top1_prompt_level_preference_counterfactual,original,top1_reference,"That sounds great, but I would like to include some spoken word elements in the music as well. Can you recommend something that combines hip-hop and spoken word?","That sounds great, but I would like to include some spoken word elements in the music as well. Can you recommend something that combines hip-hop and spoken word?",Certainly! How about 'The Truth' by Y Not Flow? It's a track that combines hip-hop and spoken word. The song is from the album 'The Truth' and features a collaboration with J.R. from the group The C.O.D.E. It has a soulful and powerful vibe that could be a fitting choice for your video.,"Sure! I recommend 'SO FAR AWAY' by PIT featuring BIG FITZ DA POET. It's a hip-hop and spoken word collaboration that combines the elements you're looking for. The track has a mix of electronic, rock, and pop influences, along with indie vibes. It features male vocals and a techno touch. This unique combination will give your video a distinct and engaging sound.","Allow me to recommend 'Violence' by Y Not Flow. It's a track from their mixtape 'Adios/Agur'. The song combines elements of hip-hop, soul, and rock with fast-paced electronic beats and powerful vocals. It was filmed in the Basque Country, which adds a unique touch to the music video.",Violence,Y Not Flow,0,1,0,1,0,top1_generation_prompt_text_changed_only_precomputed_text_feature_unchanged
3052,3fFKAJXuLEM,3fFKAJXuLEM_emMlEvTKAN8,OTjJkJuQPrY_xBBIBkuND3k,OTjJkJuQPrY,0,2,cf_upbeat_electronic,top1_prompt_level_preference_counterfactual,original,top1_reference,"I prefer upbeat electronic background music with a bright mood, clear rhythm, energetic beats, and a modern dance or pop feeling.","That sounds great, but I would like to include some spoken word elements in the music as well. Can you recommend something that combines hip-hop and spoken word?","Based on your preferences, I recommend 'Violence' by Y Not Flow. It's a track from their album 'The Y Not Flow'. This song combines elements of Hip-Hop, electronic, rock, and pop, with a fast-paced techno beat and a modern dance vibe. It was released in 2012 and has a catchy and energetic sound that aligns well with your requirements.","Sure! I recommend 'SO FAR AWAY' by PIT featuring BIG FITZ DA POET. It's a hip-hop and spoken word collaboration that combines the elements you're looking for. The track has a mix of electronic, rock, and pop influences, along with indie vibes. It features male vocals and a techno touch. This unique combination will give your video a distinct and engaging sound.","Allow me to recommend 'Violence' by Y Not Flow. It's a track from their mixtape 'Adios/Agur'. The song combines elements of hip-hop, soul, and rock with fast-paced electronic beats and powerful vocals. It was filmed in the Basque Country, which adds a unique touch to the music video.",Violence,Y Not Flow,1,1,1,0,0,top1_generation_prompt_text_changed_only_precomputed_text_feature_unchanged
3052,3fFKAJXuLEM,3fFKAJXuLEM_emMlEvTKAN8,OTjJkJuQPrY_xBBIBkuND3k,OTjJkJuQPrY,0,2,cf_lyrical_piano,top1_prompt_level_preference_counterfactual,original,top1_reference,"I prefer lyrical piano background music with a slow tempo, soft acoustic texture, gentle melody, and a calm sentimental mood.","That sounds great, but I would like to include some spoken word elements in the music as well. Can you recommend something that combines hip-hop and spoken word?","I suggest you consider 'Violence' by Y Not Flow. It's a track from their album 'The Y Not Flow'. This song combines elements of hip-hop, R&B, and soul with a lyrical piano background. It has a slow tempo and a soft acoustic texture that can create a calm and sentimental mood for your video.","Sure! I recommend 'SO FAR AWAY' by PIT featuring BIG FITZ DA POET. It's a hip-hop and spoken word collaboration that combines the elements you're looking for. The track has a mix of electronic, rock, and pop influences, along with indie vibes. It features male vocals and a techno touch. This unique combination will give your video a distinct and engaging sound.","Allow me to recommend 'Violence' by Y Not Flow. It's a track from their mixtape 'Adios/Agur'. The song combines elements of hip-hop, soul, and rock with fast-paced electronic beats and powerful vocals. It was filmed in the Basque Country, which adds a unique touch to the music video.",Violence,Y Not Flow,1,1,1,0,0,top1_generation_prompt_text_changed_only_precomputed_text_feature_unchanged
3059,ReWzeILttoY,ReWzeILttoY_UKzkpkHNeN0,i-yWEa6uMDg_Mz8Ecb_Pd7o,i-yWEa6uMDg,0,4,original,top1_prompt_level_preference_counterfactual,original,top1_reference,"That sounds great, I like the electronic and techno elements in your music recommendations. But I'm also interested in incorporating a bit more of Violetta's pop and dance style, as well as rock and female vocalists.","That sounds great, I like the electronic and techno elements in your music recommendations. But I'm also interested in incorporating a bit more of Violetta's pop and dance style, as well as rock and female vocalists.","Allow me to recommend 'Violetta' by Violetta. It's a track from the album 'Violetta'. It combines elements of pop, dance, and rock with female vocals. It was released in 2012 and may contain the specific elements you want.","Allow me to recommend 'las mejores 3 canciones de violetta temporada 123'. It's a collection of three songs from Violetta's seasons 1, 2, and 3. These songs represent her pop, dance, and rock styles, with a strong emphasis on female vocalists. They also have electronic elements that align with the techno sound you're looking for.","Allow me to recommend 'O Lo Haces Tú O Lo Hago Yo' by Dulce María. It's a track from her album 'O Lo Haces Tú O Lo Hago Yo'. It combines elements of pop, dance, and rock with electronic beats that could be a fitting choice for your video. It features female vocals and was released in 2014, which may contain the specific elements you want.",O Lo Haces Tú O Lo Hago Yo,Dulce María,0,0,0,1,0,top1_generation_prompt_text_changed_only_precomputed_text_feature_unchanged
3059,ReWzeILttoY,ReWzeILttoY_UKzkpkHNeN0,i-yWEa6uMDg_Mz8Ecb_Pd7o,i-yWEa6uMDg,0,4,cf_upbeat_electronic,top1_prompt_level_preference_counterfactual,original,top1_reference,"I prefer upbeat electronic background music with a bright mood, clear rhythm, energetic beats, and a modern dance or pop feeling.","That sounds great, I like the electronic and techno elements in your music recommendations. But I'm also interested in incorporating a bit more of Violetta's pop and dance style, as well as rock and female vocalists.","Based on your preferences, I recommend 'Lo Haces Tú' by Dulce María. It's a track from her album 'Lo Haces Tú'. This song combines elements of pop, electronic, and rock with a dance and Hip-Hop influence. It has a fast-paced rhythm and energetic beats that will add a modern and lively feel to your video.","Allow me to recommend 'las mejores 3 canciones de violetta temporada 123'. It's a collection of three songs from Violetta's seasons 1, 2, and 3. These songs represent her pop, dance, and rock styles, with a strong emphasis on female vocalists. They also have electronic elements that align with the techno sound you're looking for.","Allow me to recommend 'O Lo Haces Tú O Lo Hago Yo' by Dulce María. It's a track from her album 'O Lo Haces Tú O Lo Hago Yo'. It combines elements of pop, dance, and rock with electronic beats that could be a fitting choice for your video. It features female vocals and was released in 2014, which may contain the specific elements you want.",O Lo Haces Tú O Lo Hago Yo,Dulce María,0,1,0,1,0,top1_generation_prompt_text_changed_only_precomputed_text_feature_unchanged
3059,ReWzeILttoY,ReWzeILttoY_UKzkpkHNeN0,i-yWEa6uMDg_Mz8Ecb_Pd7o,i-yWEa6uMDg,0,4,cf_lyrical_piano,top1_prompt_level_preference_counterfactual,original,top1_reference,"I prefer lyrical piano background music with a slow tempo, soft acoustic texture, gentle melody, and a calm sentimental mood.","That sounds great, I like the electronic and techno elements in your music recommendations. But I'm also interested in incorporating a bit more of Violetta's pop and dance style, as well as rock and female vocalists.","I apologize, but I don't have enough information to recommend a specific track that matches your requirements. However, I can suggest exploring the music of Dulce María, as she is known for her pop, rock, and electronic style with female vocals. You may find a track that aligns with your preferences.","Allow me to recommend 'las mejores 3 canciones de violetta temporada 123'. It's a collection of three songs from Violetta's seasons 1, 2, and 3. These songs represent her pop, dance, and rock styles, with a strong emphasis on female vocalists. They also have electronic elements that align with the techno sound you're looking for.","Allow me to recommend 'O Lo Haces Tú O Lo Hago Yo' by Dulce María. It's a track from her album 'O Lo Haces Tú O Lo Hago Yo'. It combines elements of pop, dance, and rock with electronic beats that could be a fitting choice for your video. It features female vocals and was released in 2014, which may contain the specific elements you want.",O Lo Haces Tú O Lo Hago Yo,Dulce María,0,1,0,1,0,top1_generation_prompt_text_changed_only_precomputed_text_feature_unchanged
3094,w_TlhlzrpTs,w_TlhlzrpTs_6sbXqAdkiFM,H2pjord3Ueg_aCmZWeBtTDs,H2pjord3Ueg,0,2,original,top1_prompt_level_preference_counterfactual,original,top1_reference,"That sounds great, but I'm also interested in punk and alternative genres with female vocals. Do you have any recommendations that incorporate these elements?","That sounds great, but I'm also interested in punk and alternative genres with female vocals. Do you have any recommendations that incorporate these elements?","Certainly! How about 'Happy Birthday' by BiS? It's a track from their album 'Happy Birthday'. BiS is known for their punk and alternative style with female vocals. This song combines elements of rock, punk, and alternative genres, which could be a fitting choice for your video.","Allow me to recommend 'Message' by G-YUN. It's a punk and alternative track with female vocals. Although no album information is available, the track was released as G-YUN's debut single in 2011. It has a rock and fast-paced sound with techno and guitar elements, which might be a fitting choice for your video.","Certainly! In that case, I would recommend 'Hi' by BiS. This track is from their album 'WHO KiLLED IDOL?' and it has a punk and alternative sound with elements of rock and electronic. It was released in 2013 and has a positive and energetic vibe that would complement your video.",Hi,BiS,1,1,1,0,0,top1_generation_prompt_text_changed_only_precomputed_text_feature_unchanged
3094,w_TlhlzrpTs,w_TlhlzrpTs_6sbXqAdkiFM,H2pjord3Ueg_aCmZWeBtTDs,H2pjord3Ueg,0,2,cf_upbeat_electronic,top1_prompt_level_preference_counterfactual,original,top1_reference,"I prefer upbeat electronic background music with a bright mood, clear rhythm, energetic beats, and a modern dance or pop feeling.","That sounds great, but I'm also interested in punk and alternative genres with female vocals. Do you have any recommendations that incorporate these elements?","Based on your preferences, I recommend 'Happy Birthday' by BiS. It's a track from their album 'Happy Birthday'. This song combines elements of rock, punk, and alternative with a fast-paced and energetic sound. It has a techno and electronic influence, which aligns well with your requirements.","Allow me to recommend 'Message' by G-YUN. It's a punk and alternative track with female vocals. Although no album information is available, the track was released as G-YUN's debut single in 2011. It has a rock and fast-paced sound with techno and guitar elements, which might be a fitting choice for your video.","Certainly! In that case, I would recommend 'Hi' by BiS. This track is from their album 'WHO KiLLED IDOL?' and it has a punk and alternative sound with elements of rock and electronic. It was released in 2013 and has a positive and energetic vibe that would complement your video.",Hi,BiS,1,1,1,0,0,top1_generation_prompt_text_changed_only_precomputed_text_feature_unchanged
3094,w_TlhlzrpTs,w_TlhlzrpTs_6sbXqAdkiFM,H2pjord3Ueg_aCmZWeBtTDs,H2pjord3Ueg,0,2,cf_lyrical_piano,top1_prompt_level_preference_counterfactual,original,top1_reference,"I prefer lyrical piano background music with a slow tempo, soft acoustic texture, gentle melody, and a calm sentimental mood.","That sounds great, but I'm also interested in punk and alternative genres with female vocals. Do you have any recommendations that incorporate these elements?","I apologize, but I don't have enough information to recommend a specific track or artist based on your preferences. However, I can suggest exploring the music of BiS, a Japanese rock band known for their energetic and powerful rock sound. They have a track called 'Hi' that might align with your preferences.","Allow me to recommend 'Message' by G-YUN. It's a punk and alternative track with female vocals. Although no album information is available, the track was released as G-YUN's debut single in 2011. It has a rock and fast-paced sound with techno and guitar elements, which might be a fitting choice for your video.","Certainly! In that case, I would recommend 'Hi' by BiS. This track is from their album 'WHO KiLLED IDOL?' and it has a punk and alternative sound with elements of rock and electronic. It was released in 2013 and has a positive and energetic vibe that would complement your video.",Hi,BiS,1,1,1,0,0,top1_generation_prompt_text_changed_only_precomputed_text_feature_unchanged
3106,Yifg3RyrEso,Yifg3RyrEso_VhieV6GXfNY,kkiuoYdcd7Q_nGT90FIWL0Q,kkiuoYdcd7Q,0,9,original,top1_prompt_level_preference_counterfactual,original,top1_reference,"That sounds great, but I would like to incorporate a bit more of Daveed Diggs' unique style, especially his hip-hop and electronic elements. I'm also interested in male vocals.","That sounds great, but I would like to incorporate a bit more of Daveed Diggs' unique style, especially his hip-hop and electronic elements. I'm also interested in male vocals.","Allow me to recommend 'The Blind Leading the Blind' by Daveed Diggs. It's a track from his album 'The Blind Leading the Blind'. This song combines elements of hip-hop, electronic, and rock with male vocals. It was released in 2012 and has a fast-paced and energetic vibe that could be a fitting choice for your video.","Allow me to recommend 'Small Things to a Giant' by Daveed Diggs feat. Rafael Casal. It's a track from Diggs' 'SMALL THINGS TO A GIANT LP' album. This song combines elements of hip-hop, electronic, R&B, and rock, with male vocals. It was directed by Rafael Casal and has a special thanks section mentioned in the description, which may add to the authenticity you're looking for.","Allow me to recommend 'Ridin around n gigin in Berkeley' by TURF FEINZ. Although there is no specific track name, this music by TURF FEINZ has chillout and electronica elements that could enhance your dance video. The music is by Rockie Fresh and is associated with YAK FILMS, a dance-focused platform. It was released in 2012 and can provide the chill and electronic vibes you're looking for.",Ridin around n gigin in Berkeley,TURF FEINZ,0,0,0,1,0,top1_generation_prompt_text_changed_only_precomputed_text_feature_unchanged
3106,Yifg3RyrEso,Yifg3RyrEso_VhieV6GXfNY,kkiuoYdcd7Q_nGT90FIWL0Q,kkiuoYdcd7Q,0,9,cf_upbeat_electronic,top1_prompt_level_preference_counterfactual,original,top1_reference,"I prefer upbeat electronic background music with a bright mood, clear rhythm, energetic beats, and a modern dance or pop feeling.","That sounds great, but I would like to incorporate a bit more of Daveed Diggs' unique style, especially his hip-hop and electronic elements. I'm also interested in male vocals.","Based on your preferences, I recommend 'Ridin Around' by TURF FEINZ. It's a track from their album 'Ridin Around'. This song combines elements of Hip-Hop, electronic, dance, and pop with a fast-paced techno beat. It has a modern and energetic vibe that aligns well with your requirements.","Allow me to recommend 'Small Things to a Giant' by Daveed Diggs feat. Rafael Casal. It's a track from Diggs' 'SMALL THINGS TO A GIANT LP' album. This song combines elements of hip-hop, electronic, R&B, and rock, with male vocals. It was directed by Rafael Casal and has a special thanks section mentioned in the description, which may add to the authenticity you're looking for.","Allow me to recommend 'Ridin around n gigin in Berkeley' by TURF FEINZ. Although there is no specific track name, this music by TURF FEINZ has chillout and electronica elements that could enhance your dance video. The music is by Rockie Fresh and is associated with YAK FILMS, a dance-focused platform. It was released in 2012 and can provide the chill and electronic vibes you're looking for.",Ridin around n gigin in Berkeley,TURF FEINZ,0,1,0,1,0,top1_generation_prompt_text_changed_only_precomputed_text_feature_unchanged
3106,Yifg3RyrEso,Yifg3RyrEso_VhieV6GXfNY,kkiuoYdcd7Q_nGT90FIWL0Q,kkiuoYdcd7Q,0,9,cf_lyrical_piano,top1_prompt_level_preference_counterfactual,original,top1_reference,"I prefer lyrical piano background music with a slow tempo, soft acoustic texture, gentle melody, and a calm sentimental mood.","That sounds great, but I would like to incorporate a bit more of Daveed Diggs' unique style, especially his hip-hop and electronic elements. I'm also interested in male vocals.","I apologize, but I don't have enough information to recommend a specific track that matches your requirements. However, I can suggest exploring the works of artists like TURF FEINZ who specialize in hip-hop, electronic, and rock genres. They may have tracks that align with your preferences.","Allow me to recommend 'Small Things to a Giant' by Daveed Diggs feat. Rafael Casal. It's a track from Diggs' 'SMALL THINGS TO A GIANT LP' album. This song combines elements of hip-hop, electronic, R&B, and rock, with male vocals. It was directed by Rafael Casal and has a special thanks section mentioned in the description, which may add to the authenticity you're looking for.","Allow me to recommend 'Ridin around n gigin in Berkeley' by TURF FEINZ. Although there is no specific track name, this music by TURF FEINZ has chillout and electronica elements that could enhance your dance video. The music is by Rockie Fresh and is associated with YAK FILMS, a dance-focused platform. It was released in 2012 and can provide the chill and electronic vibes you're looking for.",Ridin around n gigin in Berkeley,TURF FEINZ,0,1,0,1,0,top1_generation_prompt_text_changed_only_precomputed_text_feature_unchanged
3121,yyM7brxTe6E,yyM7brxTe6E_JaBKUH59Zwo,-zzSU7LBtWI_gj-HX6qGYPg,-zzSU7LBtWI,0,9,original,top1_prompt_level_preference_counterfactual,original,top1_reference,"That's a nice suggestion, but I'm looking for something with a hip-hop or electronic element. I also prefer male vocals.","That's a nice suggestion, but I'm looking for something with a hip-hop or electronic element. I also prefer male vocals.","In that case, 'Ride Out' by Kid Ink would be a perfect fit. It's a track from the album 'Ride Out' and combines hip-hop, electronic, and pop elements. The song features male vocals and has a fast-paced and energetic vibe that aligns with your preferences.","I understand. In that case, I recommend 'Une histoire de plus' by Jack Volpe. Although there is limited information available about this track, it is part of the T.R.I.P. episode 16 and features a mix of hip-hop, rock, pop, indie, and electronic genres. The track has a male vocal element and was produced by The Unbeatables, giving it a unique and diverse sound.","In that case, I would recommend the track 'Ride Out' by Kid Ink, Tyga, Wale, YG, and Rich Homie Quan. This track has a mainstream appeal and combines the genres of Hip-Hop, R&B, and pop. It was featured in the Furious 7 movie and has a high-energy and catchy vibe.",Ride Out,Kid Ink,1,1,1,0,0,top1_generation_prompt_text_changed_only_precomputed_text_feature_unchanged
3121,yyM7brxTe6E,yyM7brxTe6E_JaBKUH59Zwo,-zzSU7LBtWI_gj-HX6qGYPg,-zzSU7LBtWI,0,9,cf_upbeat_electronic,top1_prompt_level_preference_counterfactual,original,top1_reference,"I prefer upbeat electronic background music with a bright mood, clear rhythm, energetic beats, and a modern dance or pop feeling.","That's a nice suggestion, but I'm looking for something with a hip-hop or electronic element. I also prefer male vocals.","Based on your preferences, I recommend 'Ride Out' by Kid Ink. It's a track from the album 'Ride Out' and features a mix of hip-hop, electronic, pop, dance, and rock elements. The song has a fast-paced techno sound with a catchy beat and energetic vibe that aligns well with your requirements.","I understand. In that case, I recommend 'Une histoire de plus' by Jack Volpe. Although there is limited information available about this track, it is part of the T.R.I.P. episode 16 and features a mix of hip-hop, rock, pop, indie, and electronic genres. The track has a male vocal element and was produced by The Unbeatables, giving it a unique and diverse sound.","In that case, I would recommend the track 'Ride Out' by Kid Ink, Tyga, Wale, YG, and Rich Homie Quan. This track has a mainstream appeal and combines the genres of Hip-Hop, R&B, and pop. It was featured in the Furious 7 movie and has a high-energy and catchy vibe.",Ride Out,Kid Ink,1,1,1,0,0,top1_generation_prompt_text_changed_only_precomputed_text_feature_unchanged
3121,yyM7brxTe6E,yyM7brxTe6E_JaBKUH59Zwo,-zzSU7LBtWI_gj-HX6qGYPg,-zzSU7LBtWI,0,9,cf_lyrical_piano,top1_prompt_level_preference_counterfactual,original,top1_reference,"I prefer lyrical piano background music with a slow tempo, soft acoustic texture, gentle melody, and a calm sentimental mood.","That's a nice suggestion, but I'm looking for something with a hip-hop or electronic element. I also prefer male vocals.","I apologize, but I don't have enough information to recommend a specific track that matches your preferences. However, I can suggest exploring the works of artists who specialize in lyrical piano background music with a slow tempo, soft acoustic texture, gentle melody, and a calm sentimental mood.","I understand. In that case, I recommend 'Une histoire de plus' by Jack Volpe. Although there is limited information available about this track, it is part of the T.R.I.P. episode 16 and features a mix of hip-hop, rock, pop, indie, and electronic genres. The track has a male vocal element and was produced by The Unbeatables, giving it a unique and diverse sound.","In that case, I would recommend the track 'Ride Out' by Kid Ink, Tyga, Wale, YG, and Rich Homie Quan. This track has a mainstream appeal and combines the genres of Hip-Hop, R&B, and pop. It was featured in the Furious 7 movie and has a high-energy and catchy vibe.",Ride Out,Kid Ink,0,0,0,1,0,top1_generation_prompt_text_changed_only_precomputed_text_feature_unchanged
3126,pDwBFbI3j8k,pDwBFbI3j8k_Uy_BogBCpp8,1kg6unPigrU_lIDWbCDR4zs,1kg6unPigrU,0,34,original,top1_prompt_level_preference_counterfactual,original,top1_reference,"Sounds good, but I'm looking for something that has more of an electronic and jazz influence.","Sounds good, but I'm looking for something that has more of an electronic and jazz influence.","In that case, I would recommend 'No Comeback' by Corndog Cheesefingers ft. Thee Tom Hardy. This track combines elements of Hip-Hop, electronic, rock, and jazz, giving it a unique and dynamic sound. It's part of the album 'No Comeback' and features a collaboration with Thee Tom Hardy.","In that case, I would recommend 'E.RillA - WoodGrain'. This track has a great electronic and jazz influence, and it also supports a good cause as half of the proceeds earned from this record will be donated for Cancer Awareness. You can find it on iTunes.","Certainly! How about 'No Comeback' by Corndog Cheesefingers ft. Little T & Izzy Jones? This track has hip-hop and electronic elements, as well as influences from rock and jazz. It has a chillout vibe that could complement your video project. Unfortunately, I don't have any specific information about the album or release date for this track.",No Comeback,Corndog Cheesefingers ft,1,1,1,0,0,top1_generation_prompt_text_changed_only_precomputed_text_feature_unchanged
3126,pDwBFbI3j8k,pDwBFbI3j8k_Uy_BogBCpp8,1kg6unPigrU_lIDWbCDR4zs,1kg6unPigrU,0,34,cf_upbeat_electronic,top1_prompt_level_preference_counterfactual,original,top1_reference,"I prefer upbeat electronic background music with a bright mood, clear rhythm, energetic beats, and a modern dance or pop feeling.","Sounds good, but I'm looking for something that has more of an electronic and jazz influence.","Based on your preferences, I recommend 'No Comeback' by Corndog Cheesefingers ft. It's a track from the album 'No Comeback' and features a mix of Hip-Hop, electronic, rock, and dance genres. The song has a fast-paced beat and a modern sound that aligns well with your requirements.","In that case, I would recommend 'E.RillA - WoodGrain'. This track has a great electronic and jazz influence, and it also supports a good cause as half of the proceeds earned from this record will be donated for Cancer Awareness. You can find it on iTunes.","Certainly! How about 'No Comeback' by Corndog Cheesefingers ft. Little T & Izzy Jones? This track has hip-hop and electronic elements, as well as influences from rock and jazz. It has a chillout vibe that could complement your video project. Unfortunately, I don't have any specific information about the album or release date for this track.",No Comeback,Corndog Cheesefingers ft,1,1,1,0,0,top1_generation_prompt_text_changed_only_precomputed_text_feature_unchanged
3126,pDwBFbI3j8k,pDwBFbI3j8k_Uy_BogBCpp8,1kg6unPigrU_lIDWbCDR4zs,1kg6unPigrU,0,34,cf_lyrical_piano,top1_prompt_level_preference_counterfactual,original,top1_reference,"I prefer lyrical piano background music with a slow tempo, soft acoustic texture, gentle melody, and a calm sentimental mood.","Sounds good, but I'm looking for something that has more of an electronic and jazz influence.","I suggest you listen to 'No Comeback' by Corndog Cheesefingers ft. It's a track from their album 'No Comeback'. This song combines elements of hip-hop, electronic, and rock with a focus on lyrical piano. It has a slow tempo, soft acoustic texture, and a gentle melody that creates a calm and sentimental mood.","In that case, I would recommend 'E.RillA - WoodGrain'. This track has a great electronic and jazz influence, and it also supports a good cause as half of the proceeds earned from this record will be donated for Cancer Awareness. You can find it on iTunes.","Certainly! How about 'No Comeback' by Corndog Cheesefingers ft. Little T & Izzy Jones? This track has hip-hop and electronic elements, as well as influences from rock and jazz. It has a chillout vibe that could complement your video project. Unfortunately, I don't have any specific information about the album or release date for this track.",No Comeback,Corndog Cheesefingers ft,1,1,1,0,0,top1_generation_prompt_text_changed_only_precomputed_text_feature_unchanged
3129,TcfxyMRLVRg,TcfxyMRLVRg_U9CmRdMAtIc,TcfxyMRLVRg_U9CmRdMAtIc,TcfxyMRLVRg,1,1,original,top1_prompt_level_preference_counterfactual,original,top1_reference,"That sounds great, but I would like to incorporate some elements of Michelle Chen's music style into the recommendation. She is known for her pop and rock music with indie and folk influences. I also prefer female vocals.","That sounds great, but I would like to incorporate some elements of Michelle Chen's music style into the recommendation. She is known for her pop and rock music with indie and folk influences. I also prefer female vocals.","Allow me to recommend '懸崖上的玫瑰' by Michelle Chen. It's a track from her album '懸崖上的玫瑰'. The song combines elements of pop, rock, indie, and folk, with Michelle Chen's distinctive female vocals. It was released in 2013 and could be a fitting choice for your video.","Allow me to recommend '懸崖上的玫瑰' by 陳妍希. It's a track from her album 'Me, Myself, and I'. The song combines elements of pop and rock with indie and folk influences, and features Michelle Chen's distinctive female vocals. It could be a fitting choice for your video project.","Allow me to recommend '懸崖上的玫瑰' by 陳妍希. It's a track from her album 'Me, Myself, and I'. The song combines elements of pop and rock with indie and folk influences, and features Michelle Chen's distinctive female vocals. It could be a fitting choice for your video project.",懸崖上的玫瑰,陳妍希,1,0,0,1,0,top1_generation_prompt_text_changed_only_precomputed_text_feature_unchanged
3129,TcfxyMRLVRg,TcfxyMRLVRg_U9CmRdMAtIc,TcfxyMRLVRg_U9CmRdMAtIc,TcfxyMRLVRg,1,1,cf_upbeat_electronic,top1_prompt_level_preference_counterfactual,original,top1_reference,"I prefer upbeat electronic background music with a bright mood, clear rhythm, energetic beats, and a modern dance or pop feeling.","That sounds great, but I would like to incorporate some elements of Michelle Chen's music style into the recommendation. She is known for her pop and rock music with indie and folk influences. I also prefer female vocals.",I suggest you consider the track '懸崖上的玫瑰' by 陳妍希. It's a pop and rock song with indie and alternative influences. The song has a female vocalist and a guitar-driven sound. It was released in 2012 and could provide the upbeat and energetic vibe you're looking for in your video.,"Allow me to recommend '懸崖上的玫瑰' by 陳妍希. It's a track from her album 'Me, Myself, and I'. The song combines elements of pop and rock with indie and folk influences, and features Michelle Chen's distinctive female vocals. It could be a fitting choice for your video project.","Allow me to recommend '懸崖上的玫瑰' by 陳妍希. It's a track from her album 'Me, Myself, and I'. The song combines elements of pop and rock with indie and folk influences, and features Michelle Chen's distinctive female vocals. It could be a fitting choice for your video project.",懸崖上的玫瑰,陳妍希,1,1,1,0,0,top1_generation_prompt_text_changed_only_precomputed_text_feature_unchanged
3129,TcfxyMRLVRg,TcfxyMRLVRg_U9CmRdMAtIc,TcfxyMRLVRg_U9CmRdMAtIc,TcfxyMRLVRg,1,1,cf_lyrical_piano,top1_prompt_level_preference_counterfactual,original,top1_reference,"I prefer lyrical piano background music with a slow tempo, soft acoustic texture, gentle melody, and a calm sentimental mood.","That sounds great, but I would like to incorporate some elements of Michelle Chen's music style into the recommendation. She is known for her pop and rock music with indie and folk influences. I also prefer female vocals.","Based on your preferences, I recommend the track '懸崖上的玫瑰' by 陳妍希. It's a beautiful song with lyrical piano background music and a slow tempo. The song has a soft acoustic texture and a gentle melody that creates a calm and sentimental mood. It's a perfect choice for your video.","Allow me to recommend '懸崖上的玫瑰' by 陳妍希. It's a track from her album 'Me, Myself, and I'. The song combines elements of pop and rock with indie and folk influences, and features Michelle Chen's distinctive female vocals. It could be a fitting choice for your video project.","Allow me to recommend '懸崖上的玫瑰' by 陳妍希. It's a track from her album 'Me, Myself, and I'. The song combines elements of pop and rock with indie and folk influences, and features Michelle Chen's distinctive female vocals. It could be a fitting choice for your video project.",懸崖上的玫瑰,陳妍希,1,1,1,0,0,top1_generation_prompt_text_changed_only_precomputed_text_feature_unchanged
3135,yCDcZ9UtIWg,yCDcZ9UtIWg_Hl-pSwEXlFw,mfMubjqQybo_uFWJbDCrLpU,mfMubjqQybo,0,28,original,top1_prompt_level_preference_counterfactual,original,top1_reference,"That sounds great, but I would like to incorporate a bit more of YRS Thug Brothers' style. I'm interested in their hip-hop and rock components. I'm also looking for a male artist with a similar electronic and dance sound.","That sounds great, but I would like to incorporate a bit more of YRS Thug Brothers' style. I'm interested in their hip-hop and rock components. I'm also looking for a male artist with a similar electronic and dance sound.","Allow me to recommend 'YRS Thug Brothers' by YRS Thug Brothers. It's a track from their album 'YRS Thug Brothers'. The song combines elements of hip-hop, rock, and electronic music with a dance vibe. It features a male artist and was released in 2013. It may be a fitting choice for your video.","Allow me to recommend 'It's Up' by YRS Thug Brothers. It's a hip-hop track from their album 'Bloodline Reloaded'. The song features Lil B and 1500 Weezy and combines elements of hip-hop, rock, and electronic dance music. It has a fast-paced and techno-influenced sound, which aligns well with the energetic and electronic vibe you're looking for in a male artist.","Allow me to recommend 'Uncrown Villain' by theonekemist. It's a track from their album 'Words from the Soul' and combines elements of hip-hop, rock, punk, and electronic with a soulful touch. This song may have the specific elements you're looking for.",Uncrown Villain,theonekemist,0,0,0,1,0,top1_generation_prompt_text_changed_only_precomputed_text_feature_unchanged
3135,yCDcZ9UtIWg,yCDcZ9UtIWg_Hl-pSwEXlFw,mfMubjqQybo_uFWJbDCrLpU,mfMubjqQybo,0,28,cf_upbeat_electronic,top1_prompt_level_preference_counterfactual,original,top1_reference,"I prefer upbeat electronic background music with a bright mood, clear rhythm, energetic beats, and a modern dance or pop feeling.","That sounds great, but I would like to incorporate a bit more of YRS Thug Brothers' style. I'm interested in their hip-hop and rock components. I'm also looking for a male artist with a similar electronic and dance sound.","Based on your preferences, I recommend 'Uncrown Villain' by theonekemist. It's a track from the album 'The One Kemist' and features a mix of Hip-Hop, electronic, rock, dance, and pop genres. The song has a fast-paced beat and energetic drums, which align with your requirements. It was released in 2014 and has a modern sound that could be a great fit for your video.","Allow me to recommend 'It's Up' by YRS Thug Brothers. It's a hip-hop track from their album 'Bloodline Reloaded'. The song features Lil B and 1500 Weezy and combines elements of hip-hop, rock, and electronic dance music. It has a fast-paced and techno-influenced sound, which aligns well with the energetic and electronic vibe you're looking for in a male artist.","Allow me to recommend 'Uncrown Villain' by theonekemist. It's a track from their album 'Words from the Soul' and combines elements of hip-hop, rock, punk, and electronic with a soulful touch. This song may have the specific elements you're looking for.",Uncrown Villain,theonekemist,1,1,1,0,0,top1_generation_prompt_text_changed_only_precomputed_text_feature_unchanged
3135,yCDcZ9UtIWg,yCDcZ9UtIWg_Hl-pSwEXlFw,mfMubjqQybo_uFWJbDCrLpU,mfMubjqQybo,0,28,cf_lyrical_piano,top1_prompt_level_preference_counterfactual,original,top1_reference,"I prefer lyrical piano background music with a slow tempo, soft acoustic texture, gentle melody, and a calm sentimental mood.","That sounds great, but I would like to incorporate a bit more of YRS Thug Brothers' style. I'm interested in their hip-hop and rock components. I'm also looking for a male artist with a similar electronic and dance sound.","I suggest you listen to 'Uncrown Villain' by theonekemist. It's a track from the album 'The One Kemist' and features lyrical piano background music with a slow tempo, soft acoustic texture, gentle melody, and a calm sentimental mood.","Allow me to recommend 'It's Up' by YRS Thug Brothers. It's a hip-hop track from their album 'Bloodline Reloaded'. The song features Lil B and 1500 Weezy and combines elements of hip-hop, rock, and electronic dance music. It has a fast-paced and techno-influenced sound, which aligns well with the energetic and electronic vibe you're looking for in a male artist.","Allow me to recommend 'Uncrown Villain' by theonekemist. It's a track from their album 'Words from the Soul' and combines elements of hip-hop, rock, punk, and electronic with a soulful touch. This song may have the specific elements you're looking for.",Uncrown Villain,theonekemist,1,1,1,0,0,top1_generation_prompt_text_changed_only_precomputed_text_feature_unchanged
3170,pT9lqqvBsdo,pT9lqqvBsdo_iF7HM0jzDP8,pT9lqqvBsdo_iF7HM0jzDP8,pT9lqqvBsdo,1,1,original,top1_prompt_level_preference_counterfactual,original,top1_reference,"That sounds great! However, I'm looking for something more on the electronic side with a mix of techno and synth. Do you have any suggestions?","That sounds great! However, I'm looking for something more on the electronic side with a mix of techno and synth. Do you have any suggestions?","Certainly! For a more electronic and techno-infused sound, I would recommend 'The Party' by The Party. This track is a perfect blend of electronic, electro, and dance genres. It has a fast tempo and features synth elements that will give your video a dynamic and energetic feel.","Absolutely! If you're looking for a blend of techno and synth, then I recommend 'Show Ning Lab Presents Th3 Asian Affair'. This track was performed by various DJs at an event in 2013. It features a mix of electronic and electro elements, with fast-paced beats and a vibrant atmosphere. It's the perfect choice for your video.","Absolutely! If you're looking for a blend of techno and synth, then I recommend 'Show Ning Lab Presents Th3 Asian Affair'. This track was performed by various DJs at an event in 2013. It features a mix of electronic and electro elements, with fast-paced beats and a vibrant atmosphere. It's the perfect choice for your video.",,,,,,0,0,top1_generation_prompt_text_changed_only_precomputed_text_feature_unchanged
3170,pT9lqqvBsdo,pT9lqqvBsdo_iF7HM0jzDP8,pT9lqqvBsdo_iF7HM0jzDP8,pT9lqqvBsdo,1,1,cf_upbeat_electronic,top1_prompt_level_preference_counterfactual,original,top1_reference,"I prefer upbeat electronic background music with a bright mood, clear rhythm, energetic beats, and a modern dance or pop feeling.","That sounds great! However, I'm looking for something more on the electronic side with a mix of techno and synth. Do you have any suggestions?","Based on your preferences, I recommend 'Bassline' by Bassline. It's an electronic track with a fast tempo and a catchy beat. The song has a modern dance and pop feel, which aligns well with your requirements. It's a great choice to add an energetic and lively atmosphere to your video.","Absolutely! If you're looking for a blend of techno and synth, then I recommend 'Show Ning Lab Presents Th3 Asian Affair'. This track was performed by various DJs at an event in 2013. It features a mix of electronic and electro elements, with fast-paced beats and a vibrant atmosphere. It's the perfect choice for your video.","Absolutely! If you're looking for a blend of techno and synth, then I recommend 'Show Ning Lab Presents Th3 Asian Affair'. This track was performed by various DJs at an event in 2013. It features a mix of electronic and electro elements, with fast-paced beats and a vibrant atmosphere. It's the perfect choice for your video.",,,,,,0,0,top1_generation_prompt_text_changed_only_precomputed_text_feature_unchanged
3170,pT9lqqvBsdo,pT9lqqvBsdo_iF7HM0jzDP8,pT9lqqvBsdo_iF7HM0jzDP8,pT9lqqvBsdo,1,1,cf_lyrical_piano,top1_prompt_level_preference_counterfactual,original,top1_reference,"I prefer lyrical piano background music with a slow tempo, soft acoustic texture, gentle melody, and a calm sentimental mood.","That sounds great! However, I'm looking for something more on the electronic side with a mix of techno and synth. Do you have any suggestions?","I apologize, but I don't have enough information to recommend a specific track or artist based on your preferences. However, I can suggest exploring the electronic, dance, and pop genres to find music that aligns with your desired mood and atmosphere.","Absolutely! If you're looking for a blend of techno and synth, then I recommend 'Show Ning Lab Presents Th3 Asian Affair'. This track was performed by various DJs at an event in 2013. It features a mix of electronic and electro elements, with fast-paced beats and a vibrant atmosphere. It's the perfect choice for your video.","Absolutely! If you're looking for a blend of techno and synth, then I recommend 'Show Ning Lab Presents Th3 Asian Affair'. This track was performed by various DJs at an event in 2013. It features a mix of electronic and electro elements, with fast-paced beats and a vibrant atmosphere. It's the perfect choice for your video.",,,,,,0,0,top1_generation_prompt_text_changed_only_precomputed_text_feature_unchanged
3225,QtCxsZNx8pE,QtCxsZNx8pE_zmWpJONAYzU,QtCxsZNx8pE_zmWpJONAYzU,QtCxsZNx8pE,1,1,original,top1_prompt_level_preference_counterfactual,original,top1_reference,"That sounds great, I like the rock and electronic types in your music recommendations. But I would like to incorporate a bit more of Couturier's distinctive style, especially their experimental components. I'm also interested in guitar and techno influences.","That sounds great, I like the rock and electronic types in your music recommendations. But I would like to incorporate a bit more of Couturier's distinctive style, especially their experimental components. I'm also interested in guitar and techno influences.","Allow me to recommend 'Comme un seul homme' by Couturier. It's a track from their album 'Comme un seul homme'. It combines elements of rock, indie, and electronic with experimental and guitar-focused sound. It was released in 2012 and may contain the specific elements you want.","Allow me to recommend 'Comme un seul homme' by Couturier. It's the title track from their album 'Comme un seul homme'. The song combines elements of indie rock, alternative, and experimental genres. It has a rock vibe with loud guitar and techno elements, which could be a fitting choice for your video.","Allow me to recommend 'Comme un seul homme' by Couturier. It's the title track from their album 'Comme un seul homme'. The song combines elements of indie rock, alternative, and experimental genres. It has a rock vibe with loud guitar and techno elements, which could be a fitting choice for your video.",Comme un seul homme,Couturier,1,1,1,0,0,top1_generation_prompt_text_changed_only_precomputed_text_feature_unchanged
3225,QtCxsZNx8pE,QtCxsZNx8pE_zmWpJONAYzU,QtCxsZNx8pE_zmWpJONAYzU,QtCxsZNx8pE,1,1,cf_upbeat_electronic,top1_prompt_level_preference_counterfactual,original,top1_reference,"I prefer upbeat electronic background music with a bright mood, clear rhythm, energetic beats, and a modern dance or pop feeling.","That sounds great, I like the rock and electronic types in your music recommendations. But I would like to incorporate a bit more of Couturier's distinctive style, especially their experimental components. I'm also interested in guitar and techno influences.",I suggest you consider 'Comme un seul homme' by Couturier. It's an electronic track with indie and rock influences. The song has a fast tempo and a catchy beat that can add energy and a modern dance or pop feel to your video.,"Allow me to recommend 'Comme un seul homme' by Couturier. It's the title track from their album 'Comme un seul homme'. The song combines elements of indie rock, alternative, and experimental genres. It has a rock vibe with loud guitar and techno elements, which could be a fitting choice for your video.","Allow me to recommend 'Comme un seul homme' by Couturier. It's the title track from their album 'Comme un seul homme'. The song combines elements of indie rock, alternative, and experimental genres. It has a rock vibe with loud guitar and techno elements, which could be a fitting choice for your video.",Comme un seul homme,Couturier,1,1,1,0,0,top1_generation_prompt_text_changed_only_precomputed_text_feature_unchanged
3225,QtCxsZNx8pE,QtCxsZNx8pE_zmWpJONAYzU,QtCxsZNx8pE_zmWpJONAYzU,QtCxsZNx8pE,1,1,cf_lyrical_piano,top1_prompt_level_preference_counterfactual,original,top1_reference,"I prefer lyrical piano background music with a slow tempo, soft acoustic texture, gentle melody, and a calm sentimental mood.","That sounds great, I like the rock and electronic types in your music recommendations. But I would like to incorporate a bit more of Couturier's distinctive style, especially their experimental components. I'm also interested in guitar and techno influences.","I apologize, but I don't have enough information to recommend a specific track that matches your requirements. However, I can suggest exploring the music of Couturier, as they are known for their lyrical piano background music with a slow tempo, soft acoustic texture, and a calm sentimental mood.","Allow me to recommend 'Comme un seul homme' by Couturier. It's the title track from their album 'Comme un seul homme'. The song combines elements of indie rock, alternative, and experimental genres. It has a rock vibe with loud guitar and techno elements, which could be a fitting choice for your video.","Allow me to recommend 'Comme un seul homme' by Couturier. It's the title track from their album 'Comme un seul homme'. The song combines elements of indie rock, alternative, and experimental genres. It has a rock vibe with loud guitar and techno elements, which could be a fitting choice for your video.",Comme un seul homme,Couturier,0,1,0,1,0,top1_generation_prompt_text_changed_only_precomputed_text_feature_unchanged
3243,mgP4sPHu0mU,mgP4sPHu0mU_8L3KkaMjYaw,kEJtRcElVQY_2n8dip-Bdhc,kEJtRcElVQY,0,84,original,top1_prompt_level_preference_counterfactual,original,top1_reference,"That sounds great! I'm particularly interested in incorporating elements of Hip-Hop, electronic, and synth into the music. Can you suggest something that aligns with these preferences?","That sounds great! I'm particularly interested in incorporating elements of Hip-Hop, electronic, and synth into the music. Can you suggest something that aligns with these preferences?","Certainly! How about 'Bring It' by B.o.B? It's a track from the album 'B.o.B Presents: The Adventures of Bobby Ray'. This song combines elements of Hip-Hop, electronic, and dance with a fast-paced beat and synth sounds. It could be a fitting choice for your video.","Allow me to recommend 'Bad Girl' by HeatWave. Although I don't have much information about the track, it falls under the genres of Hip-Hop, electronic, and rock, with indie and alternative influences. It may have the elements you're looking for, such as electronic beats and synth sounds.","Based on your preferences, I recommend checking out 'Will The Spacekid Ft Corey Bapes & Papa Flow ( Ask About Me)'. It's a hip-hop and electronic track with a fast beat and electronic dance elements. Although I don't have much information about the specific track, it seems to align well with your requirements.",,,,,,0,0,top1_generation_prompt_text_changed_only_precomputed_text_feature_unchanged
3243,mgP4sPHu0mU,mgP4sPHu0mU_8L3KkaMjYaw,kEJtRcElVQY_2n8dip-Bdhc,kEJtRcElVQY,0,84,cf_upbeat_electronic,top1_prompt_level_preference_counterfactual,original,top1_reference,"I prefer upbeat electronic background music with a bright mood, clear rhythm, energetic beats, and a modern dance or pop feeling.","That sounds great! I'm particularly interested in incorporating elements of Hip-Hop, electronic, and synth into the music. Can you suggest something that aligns with these preferences?","Based on your preferences, I recommend 'Bounce' by Lil Wayne. It's a track from the album 'Bounce' and features a mix of hip-hop, electronic, dance, pop, and R&B elements. The song has a fast tempo, catchy beats, and a modern dance or pop feel that aligns well with your video.","Allow me to recommend 'Bad Girl' by HeatWave. Although I don't have much information about the track, it falls under the genres of Hip-Hop, electronic, and rock, with indie and alternative influences. It may have the elements you're looking for, such as electronic beats and synth sounds.","Based on your preferences, I recommend checking out 'Will The Spacekid Ft Corey Bapes & Papa Flow ( Ask About Me)'. It's a hip-hop and electronic track with a fast beat and electronic dance elements. Although I don't have much information about the specific track, it seems to align well with your requirements.",,,,,,0,0,top1_generation_prompt_text_changed_only_precomputed_text_feature_unchanged
3243,mgP4sPHu0mU,mgP4sPHu0mU_8L3KkaMjYaw,kEJtRcElVQY_2n8dip-Bdhc,kEJtRcElVQY,0,84,cf_lyrical_piano,top1_prompt_level_preference_counterfactual,original,top1_reference,"I prefer lyrical piano background music with a slow tempo, soft acoustic texture, gentle melody, and a calm sentimental mood.","That sounds great! I'm particularly interested in incorporating elements of Hip-Hop, electronic, and synth into the music. Can you suggest something that aligns with these preferences?","I apologize, but I don't have enough information to recommend a specific track that matches your preferences. However, I can suggest exploring the music of artists like Drake, Lil Wayne, or Nicki Minaj, who are known for their lyrical piano background music with a slow tempo, soft acoustic texture, gentle melody, and a calm sentimental mood.","Allow me to recommend 'Bad Girl' by HeatWave. Although I don't have much information about the track, it falls under the genres of Hip-Hop, electronic, and rock, with indie and alternative influences. It may have the elements you're looking for, such as electronic beats and synth sounds.","Based on your preferences, I recommend checking out 'Will The Spacekid Ft Corey Bapes & Papa Flow ( Ask About Me)'. It's a hip-hop and electronic track with a fast beat and electronic dance elements. Although I don't have much information about the specific track, it seems to align well with your requirements.",,,,,,0,0,top1_generation_prompt_text_changed_only_precomputed_text_feature_unchanged
3256,cqoeZEweGy4,cqoeZEweGy4_HYgZR5EiTsM,EXBEt6PsL3Q_lqb48EPY-KY,EXBEt6PsL3Q,0,15,original,top1_prompt_level_preference_counterfactual,original,top1_reference,"That sounds great, but I'd also like to incorporate hip-hop and R&B elements into my video. Do you have any recommendations?","That sounds great, but I'd also like to incorporate hip-hop and R&B elements into my video. Do you have any recommendations?",Certainly! How about 'Mi Vida' by DiA? It's a hip-hop track with electronic and R&B influences. The song was released in 2009 and has a catchy beat and synth elements. It could be a fitting choice for your video.,"Let me recommend 'Uradi pravu stvar' by I.BEE feat. Magdalena. It's a track categorized as hip-hop, soul, and R&B with female vocals. Although I don't have much information about this specific track, it could be a good fit for your video considering the hip-hop and R&B elements you mentioned.",Allow me to recommend 'Piano Killer' by DiA. It's a track with hip-hop and electronic genres. The song has a chillout vibe and features a beat created by Nipe Beats. It may contain guitar and drum elements that align with your desired music style.,Piano Killer,DiA,0,1,0,1,0,top1_generation_prompt_text_changed_only_precomputed_text_feature_unchanged
3256,cqoeZEweGy4,cqoeZEweGy4_HYgZR5EiTsM,EXBEt6PsL3Q_lqb48EPY-KY,EXBEt6PsL3Q,0,15,cf_upbeat_electronic,top1_prompt_level_preference_counterfactual,original,top1_reference,"I prefer upbeat electronic background music with a bright mood, clear rhythm, energetic beats, and a modern dance or pop feeling.","That sounds great, but I'd also like to incorporate hip-hop and R&B elements into my video. Do you have any recommendations?","Based on your preferences, I recommend 'Mi Vida' by DiA. It's a track from their album 'Mi Vida'. The song combines elements of Hip-Hop, electronic, rock, and pop with a dance vibe. It has a fast-paced beat and a modern sound that aligns well with your requirements.","Let me recommend 'Uradi pravu stvar' by I.BEE feat. Magdalena. It's a track categorized as hip-hop, soul, and R&B with female vocals. Although I don't have much information about this specific track, it could be a good fit for your video considering the hip-hop and R&B elements you mentioned.",Allow me to recommend 'Piano Killer' by DiA. It's a track with hip-hop and electronic genres. The song has a chillout vibe and features a beat created by Nipe Beats. It may contain guitar and drum elements that align with your desired music style.,Piano Killer,DiA,0,1,0,1,0,top1_generation_prompt_text_changed_only_precomputed_text_feature_unchanged
3256,cqoeZEweGy4,cqoeZEweGy4_HYgZR5EiTsM,EXBEt6PsL3Q_lqb48EPY-KY,EXBEt6PsL3Q,0,15,cf_lyrical_piano,top1_prompt_level_preference_counterfactual,original,top1_reference,"I prefer lyrical piano background music with a slow tempo, soft acoustic texture, gentle melody, and a calm sentimental mood.","That sounds great, but I'd also like to incorporate hip-hop and R&B elements into my video. Do you have any recommendations?","I suggest you listen to 'Piano Killer' by DiA. It's a track from their album 'Piano Killer'. The song combines elements of hip-hop, electronic, and rock with a focus on lyrical piano. It has a slow tempo, soft acoustic texture, and a gentle melody that creates a calm and sentimental mood.","Let me recommend 'Uradi pravu stvar' by I.BEE feat. Magdalena. It's a track categorized as hip-hop, soul, and R&B with female vocals. Although I don't have much information about this specific track, it could be a good fit for your video considering the hip-hop and R&B elements you mentioned.",Allow me to recommend 'Piano Killer' by DiA. It's a track with hip-hop and electronic genres. The song has a chillout vibe and features a beat created by Nipe Beats. It may contain guitar and drum elements that align with your desired music style.,Piano Killer,DiA,1,1,1,0,0,top1_generation_prompt_text_changed_only_precomputed_text_feature_unchanged
3271,fnbjTTxMN0I,fnbjTTxMN0I_HKo7DEOjXng,LDyllqMQXHY_DKVpBlJUQgw,LDyllqMQXHY,0,5,original,top1_prompt_level_preference_counterfactual,original,top1_reference,"That sounds great, but I'm also interested in incorporating some elements of hip-hop and soul into the music. Do you have any recommendations that fit these genres as well?","That sounds great, but I'm also interested in incorporating some elements of hip-hop and soul into the music. Do you have any recommendations that fit these genres as well?","Certainly! How about 'Segundos Fuera' by Santaflow? It's a track from their album 'Segundos Fuera'. This song combines elements of hip-hop, R&B, and soul, which could be a fitting choice for your video. It has a catchy beat and electronic influences as well.","Certainly! How about 'Say Oh !!!' by Mr. Foxxx? It's a hip-hop and R&B track with pop and electronic elements. Although I don't have much information about the specific album or release, the song itself combines the genres you mentioned, and it might be a good fit for your video.","Certainly! I suggest checking out 'Segundos Fuera' by Santaflow. It's a track from their album 'Ave Fénix' and features collaborations with Enyser, Porta, Curricé, and Norykko. The song blends hip-hop and electronic elements with a touch of pop and R&B. It has a fast-paced beat and female vocals, which can add a unique flavor to your video.",Segundos Fuera,Santaflow,1,1,1,0,0,top1_generation_prompt_text_changed_only_precomputed_text_feature_unchanged
3271,fnbjTTxMN0I,fnbjTTxMN0I_HKo7DEOjXng,LDyllqMQXHY_DKVpBlJUQgw,LDyllqMQXHY,0,5,cf_upbeat_electronic,top1_prompt_level_preference_counterfactual,original,top1_reference,"I prefer upbeat electronic background music with a bright mood, clear rhythm, energetic beats, and a modern dance or pop feeling.","That sounds great, but I'm also interested in incorporating some elements of hip-hop and soul into the music. Do you have any recommendations that fit these genres as well?","Based on your preferences, I recommend 'Segundos Fuera' by Santaflow. It's a track from their album 'Segundos Fuera'. This song combines elements of Hip-Hop, R&B, pop, and electronic music. It has a fast-paced beat and a catchy rhythm that will give your video a modern and energetic feel.","Certainly! How about 'Say Oh !!!' by Mr. Foxxx? It's a hip-hop and R&B track with pop and electronic elements. Although I don't have much information about the specific album or release, the song itself combines the genres you mentioned, and it might be a good fit for your video.","Certainly! I suggest checking out 'Segundos Fuera' by Santaflow. It's a track from their album 'Ave Fénix' and features collaborations with Enyser, Porta, Curricé, and Norykko. The song blends hip-hop and electronic elements with a touch of pop and R&B. It has a fast-paced beat and female vocals, which can add a unique flavor to your video.",Segundos Fuera,Santaflow,1,1,1,0,0,top1_generation_prompt_text_changed_only_precomputed_text_feature_unchanged
3271,fnbjTTxMN0I,fnbjTTxMN0I_HKo7DEOjXng,LDyllqMQXHY_DKVpBlJUQgw,LDyllqMQXHY,0,5,cf_lyrical_piano,top1_prompt_level_preference_counterfactual,original,top1_reference,"I prefer lyrical piano background music with a slow tempo, soft acoustic texture, gentle melody, and a calm sentimental mood.","That sounds great, but I'm also interested in incorporating some elements of hip-hop and soul into the music. Do you have any recommendations that fit these genres as well?","I apologize, but I don't have enough information to recommend a specific track that matches your preferences. However, I can suggest exploring the music of Santaflow, as they are known for their lyrical piano background music with a slow tempo and a calm sentimental mood.","Certainly! How about 'Say Oh !!!' by Mr. Foxxx? It's a hip-hop and R&B track with pop and electronic elements. Although I don't have much information about the specific album or release, the song itself combines the genres you mentioned, and it might be a good fit for your video.","Certainly! I suggest checking out 'Segundos Fuera' by Santaflow. It's a track from their album 'Ave Fénix' and features collaborations with Enyser, Porta, Curricé, and Norykko. The song blends hip-hop and electronic elements with a touch of pop and R&B. It has a fast-paced beat and female vocals, which can add a unique flavor to your video.",Segundos Fuera,Santaflow,0,1,0,1,0,top1_generation_prompt_text_changed_only_precomputed_text_feature_unchanged
3290,6fAbkc0sdtA,6fAbkc0sdtA_3L1cePInKU8,RBddaV6uK08_2ggCw-EFhfY,RBddaV6uK08,0,31,original,top1_prompt_level_preference_counterfactual,original,top1_reference,That sounds great! I'm also interested in incorporating some chillout vibes and female vocalists in the music. Do you have any recommendations that align with these preferences?,That sounds great! I'm also interested in incorporating some chillout vibes and female vocalists in the music. Do you have any recommendations that align with these preferences?,"Certainly! I suggest 'Lion Queen' by Nikki Borodi. It's a track from her album 'Lion Queen'. The song combines elements of pop, soul, and rock with chillout vibes. It features female vocals and was released in 2013. It could be a fitting choice for your video.","Certainly! I recommend 'When You Cry' by Desi Mo. It's a cover of Frank Ocean's 'We All Try' and features Desi Mo's unique style. The track combines elements of hip-hop, electronic, and R&B with chillout vibes and powerful female vocals. It could be a perfect fit for your video, adding a touch of relaxation and emotional depth.","I suggest you consider 'Lion Queen' by Nikki Borodi. While the track doesn't have a specific description, it is tagged as rock, indie, and pop. It features female vocals and alternative influences, which can add a unique touch to your dance performance.",Lion Queen,Nikki Borodi,1,1,1,0,0,top1_generation_prompt_text_changed_only_precomputed_text_feature_unchanged
3290,6fAbkc0sdtA,6fAbkc0sdtA_3L1cePInKU8,RBddaV6uK08_2ggCw-EFhfY,RBddaV6uK08,0,31,cf_upbeat_electronic,top1_prompt_level_preference_counterfactual,original,top1_reference,"I prefer upbeat electronic background music with a bright mood, clear rhythm, energetic beats, and a modern dance or pop feeling.",That sounds great! I'm also interested in incorporating some chillout vibes and female vocalists in the music. Do you have any recommendations that align with these preferences?,"Based on your preferences, I recommend 'Lion Queen' by Nikki Borodi. It's a track from her album 'Lion Queen'. The song combines elements of electronic, pop, and rock with a female vocalist. It has a fast-paced and energetic sound, perfect for creating a modern and danceable atmosphere in your video.","Certainly! I recommend 'When You Cry' by Desi Mo. It's a cover of Frank Ocean's 'We All Try' and features Desi Mo's unique style. The track combines elements of hip-hop, electronic, and R&B with chillout vibes and powerful female vocals. It could be a perfect fit for your video, adding a touch of relaxation and emotional depth.","I suggest you consider 'Lion Queen' by Nikki Borodi. While the track doesn't have a specific description, it is tagged as rock, indie, and pop. It features female vocals and alternative influences, which can add a unique touch to your dance performance.",Lion Queen,Nikki Borodi,1,1,1,0,0,top1_generation_prompt_text_changed_only_precomputed_text_feature_unchanged
3290,6fAbkc0sdtA,6fAbkc0sdtA_3L1cePInKU8,RBddaV6uK08_2ggCw-EFhfY,RBddaV6uK08,0,31,cf_lyrical_piano,top1_prompt_level_preference_counterfactual,original,top1_reference,"I prefer lyrical piano background music with a slow tempo, soft acoustic texture, gentle melody, and a calm sentimental mood.",That sounds great! I'm also interested in incorporating some chillout vibes and female vocalists in the music. Do you have any recommendations that align with these preferences?,"Based on your preferences, I recommend 'Lion Queen' by Nikki Borodi. It's a track from her album 'Lion Queen'. The song features lyrical piano, slow tempo, soft acoustic texture, and a gentle melody. It has a calm and sentimental mood that aligns well with your video.","Certainly! I recommend 'When You Cry' by Desi Mo. It's a cover of Frank Ocean's 'We All Try' and features Desi Mo's unique style. The track combines elements of hip-hop, electronic, and R&B with chillout vibes and powerful female vocals. It could be a perfect fit for your video, adding a touch of relaxation and emotional depth.","I suggest you consider 'Lion Queen' by Nikki Borodi. While the track doesn't have a specific description, it is tagged as rock, indie, and pop. It features female vocals and alternative influences, which can add a unique touch to your dance performance.",Lion Queen,Nikki Borodi,1,1,1,0,0,top1_generation_prompt_text_changed_only_precomputed_text_feature_unchanged
3300,fVFgTzPNGM8,fVFgTzPNGM8_hyM348BSQEw,fVFgTzPNGM8_hyM348BSQEw,fVFgTzPNGM8,1,1,original,top1_prompt_level_preference_counterfactual,original,top1_reference,"That sounds great! I really like the techno and electronic elements in your music recommendations. However, I would like to incorporate a bit more of Eminem's distinctive style, especially his hip-hop and soul influences. I'm also interested in songs with a strong emotional message.","That sounds great! I really like the techno and electronic elements in your music recommendations. However, I would like to incorporate a bit more of Eminem's distinctive style, especially his hip-hop and soul influences. I'm also interested in songs with a strong emotional message.","Allow me to recommend 'Mockingbird' by Eminem. It's a track from his album 'Mockingbird'. This song combines elements of hip-hop, soul, and electronic music. It has a strong emotional message and was released in 2009. It could be a fitting choice for your video.","Allow me to recommend 'Mockingbird' by Eminem. It's a track from his album 'Mockingbird'. The song combines elements of hip-hop, soul, R&B, and electronic genres. It is dedicated to mothers and carries a strong emotional message. This could be a fitting choice for your video.","Allow me to recommend 'Mockingbird' by Eminem. It's a track from his album 'Mockingbird'. The song combines elements of hip-hop, soul, R&B, and electronic genres. It is dedicated to mothers and carries a strong emotional message. This could be a fitting choice for your video.",Mockingbird,Eminem,1,1,1,0,0,top1_generation_prompt_text_changed_only_precomputed_text_feature_unchanged
3300,fVFgTzPNGM8,fVFgTzPNGM8_hyM348BSQEw,fVFgTzPNGM8_hyM348BSQEw,fVFgTzPNGM8,1,1,cf_upbeat_electronic,top1_prompt_level_preference_counterfactual,original,top1_reference,"I prefer upbeat electronic background music with a bright mood, clear rhythm, energetic beats, and a modern dance or pop feeling.","That sounds great! I really like the techno and electronic elements in your music recommendations. However, I would like to incorporate a bit more of Eminem's distinctive style, especially his hip-hop and soul influences. I'm also interested in songs with a strong emotional message.","Based on your preferences, I recommend 'Mockingbird' by Eminem. It's a track from the album 'Mockingbird' and features a mix of Hip-Hop, R&B, pop, and soul elements. The song has a techno and electronic sound with a fast beat, which aligns well with your requirements.","Allow me to recommend 'Mockingbird' by Eminem. It's a track from his album 'Mockingbird'. The song combines elements of hip-hop, soul, R&B, and electronic genres. It is dedicated to mothers and carries a strong emotional message. This could be a fitting choice for your video.","Allow me to recommend 'Mockingbird' by Eminem. It's a track from his album 'Mockingbird'. The song combines elements of hip-hop, soul, R&B, and electronic genres. It is dedicated to mothers and carries a strong emotional message. This could be a fitting choice for your video.",Mockingbird,Eminem,1,1,1,0,0,top1_generation_prompt_text_changed_only_precomputed_text_feature_unchanged
3300,fVFgTzPNGM8,fVFgTzPNGM8_hyM348BSQEw,fVFgTzPNGM8_hyM348BSQEw,fVFgTzPNGM8,1,1,cf_lyrical_piano,top1_prompt_level_preference_counterfactual,original,top1_reference,"I prefer lyrical piano background music with a slow tempo, soft acoustic texture, gentle melody, and a calm sentimental mood.","That sounds great! I really like the techno and electronic elements in your music recommendations. However, I would like to incorporate a bit more of Eminem's distinctive style, especially his hip-hop and soul influences. I'm also interested in songs with a strong emotional message.","Based on your preferences, I recommend 'Mockingbird' by Eminem. It's a track from the album 'Mockingbird' and features a lyrical piano background with a slow tempo, soft acoustic texture, gentle melody, and a calm sentimental mood. It aligns well with your requirements.","Allow me to recommend 'Mockingbird' by Eminem. It's a track from his album 'Mockingbird'. The song combines elements of hip-hop, soul, R&B, and electronic genres. It is dedicated to mothers and carries a strong emotional message. This could be a fitting choice for your video.","Allow me to recommend 'Mockingbird' by Eminem. It's a track from his album 'Mockingbird'. The song combines elements of hip-hop, soul, R&B, and electronic genres. It is dedicated to mothers and carries a strong emotional message. This could be a fitting choice for your video.",Mockingbird,Eminem,1,1,1,0,0,top1_generation_prompt_text_changed_only_precomputed_text_feature_unchanged
3317,yN6J9nQSaJw,yN6J9nQSaJw_EZrv2vrQZXg,yN6J9nQSaJw_EZrv2vrQZXg,yN6J9nQSaJw,1,1,original,top1_prompt_level_preference_counterfactual,original,top1_reference,"That sounds great, but I'm also interested in incorporating elements of hip-hop, R&B, and electronic music into my project. Can you recommend something that aligns with these genres?","That sounds great, but I'm also interested in incorporating elements of hip-hop, R&B, and electronic music into my project. Can you recommend something that aligns with these genres?","Certainly! How about 'All Eyes on Green' by Shotta G featuring TRIXIE Le'Ray? It's a track that combines elements of hip-hop, R&B, and electronic music. The song has a catchy beat and a smooth vocal performance. It could be a fitting choice for your project.","I understand your preference. How about checking out the music video for 'All Eyes on Green' by Shotta G featuring TRIXIE Le'Ray? It's a track from the Black & Mild Music Mixtape. This song combines elements of hip-hop, R&B, and electronic music, with female vocals adding a unique touch. It might be a suitable choice for your project.","I understand your preference. How about checking out the music video for 'All Eyes on Green' by Shotta G featuring TRIXIE Le'Ray? It's a track from the Black & Mild Music Mixtape. This song combines elements of hip-hop, R&B, and electronic music, with female vocals adding a unique touch. It might be a suitable choice for your project.",All Eyes on Green,Shotta G featuring TRIXIE Le'Ray,1,1,1,0,0,top1_generation_prompt_text_changed_only_precomputed_text_feature_unchanged
3317,yN6J9nQSaJw,yN6J9nQSaJw_EZrv2vrQZXg,yN6J9nQSaJw_EZrv2vrQZXg,yN6J9nQSaJw,1,1,cf_upbeat_electronic,top1_prompt_level_preference_counterfactual,original,top1_reference,"I prefer upbeat electronic background music with a bright mood, clear rhythm, energetic beats, and a modern dance or pop feeling.","That sounds great, but I'm also interested in incorporating elements of hip-hop, R&B, and electronic music into my project. Can you recommend something that aligns with these genres?","Based on your preferences, I recommend 'All Eyes on Green' by Shotta G featuring TRIXIE Le'Ray. It's a track from the album 'All Eyes on Green' and offers a blend of Hip-Hop, electronic, dance, pop, and R&B genres. The song has a fast-paced beat and a modern dance or pop feel that aligns well with your requirements.","I understand your preference. How about checking out the music video for 'All Eyes on Green' by Shotta G featuring TRIXIE Le'Ray? It's a track from the Black & Mild Music Mixtape. This song combines elements of hip-hop, R&B, and electronic music, with female vocals adding a unique touch. It might be a suitable choice for your project.","I understand your preference. How about checking out the music video for 'All Eyes on Green' by Shotta G featuring TRIXIE Le'Ray? It's a track from the Black & Mild Music Mixtape. This song combines elements of hip-hop, R&B, and electronic music, with female vocals adding a unique touch. It might be a suitable choice for your project.",All Eyes on Green,Shotta G featuring TRIXIE Le'Ray,1,1,1,0,0,top1_generation_prompt_text_changed_only_precomputed_text_feature_unchanged
3317,yN6J9nQSaJw,yN6J9nQSaJw_EZrv2vrQZXg,yN6J9nQSaJw_EZrv2vrQZXg,yN6J9nQSaJw,1,1,cf_lyrical_piano,top1_prompt_level_preference_counterfactual,original,top1_reference,"I prefer lyrical piano background music with a slow tempo, soft acoustic texture, gentle melody, and a calm sentimental mood.","That sounds great, but I'm also interested in incorporating elements of hip-hop, R&B, and electronic music into my project. Can you recommend something that aligns with these genres?","I apologize, but I don't have enough information to recommend a specific track that matches your requirements. However, I can suggest exploring the works of artists who specialize in lyrical piano background music with a slow tempo, soft acoustic texture, gentle melody, and a calm sentimental mood.","I understand your preference. How about checking out the music video for 'All Eyes on Green' by Shotta G featuring TRIXIE Le'Ray? It's a track from the Black & Mild Music Mixtape. This song combines elements of hip-hop, R&B, and electronic music, with female vocals adding a unique touch. It might be a suitable choice for your project.","I understand your preference. How about checking out the music video for 'All Eyes on Green' by Shotta G featuring TRIXIE Le'Ray? It's a track from the Black & Mild Music Mixtape. This song combines elements of hip-hop, R&B, and electronic music, with female vocals adding a unique touch. It might be a suitable choice for your project.",All Eyes on Green,Shotta G featuring TRIXIE Le'Ray,0,0,0,1,0,top1_generation_prompt_text_changed_only_precomputed_text_feature_unchanged
3346,xzeRWhp2HIc,xzeRWhp2HIc_gELSZUuDJrY,26_hE18CwtY_bFAF9pVUpMM,26_hE18CwtY,0,56,original,top1_prompt_level_preference_counterfactual,original,top1_reference,"That sounds great, I like the electronic and techno influences in your recommendation. However, I would like to incorporate a bit more of Gosple's unique style, especially their hip-hop and alternative components. I'm also interested in male vocals.","That sounds great, I like the electronic and techno influences in your recommendation. However, I would like to incorporate a bit more of Gosple's unique style, especially their hip-hop and alternative components. I'm also interested in male vocals.","Allow me to recommend 'Gosple' by Gosple. It's a track from their album 'Gosple'. It combines elements of hip-hop, rock, and electronic with alternative influences. The song features male vocals and was released in 2013. It may contain the specific elements you are looking for.","Allow me to recommend 'V' by Gosple. Although I don't have much information about the track, Gosple is known for their hip-hop and alternative style, which aligns well with what you're looking for. The song may also feature male vocals, making it a fitting choice for your video.","Allow me to recommend 'TO YOUNG LEADERS' by Guante & Big Cats. It's a track from their album 'YOU BETTER WEAPONIZE'. It combines elements of hip-hop, electronic, and rock with fast-paced beats and male vocals, which could be a fitting choice for your video. The song was directed by PCP and features Antonio Schoen as the actor.",TO YOUNG LEADERS,Guante & Big Cats,0,0,0,1,0,top1_generation_prompt_text_changed_only_precomputed_text_feature_unchanged
3346,xzeRWhp2HIc,xzeRWhp2HIc_gELSZUuDJrY,26_hE18CwtY_bFAF9pVUpMM,26_hE18CwtY,0,56,cf_upbeat_electronic,top1_prompt_level_preference_counterfactual,original,top1_reference,"I prefer upbeat electronic background music with a bright mood, clear rhythm, energetic beats, and a modern dance or pop feeling.","That sounds great, I like the electronic and techno influences in your recommendation. However, I would like to incorporate a bit more of Gosple's unique style, especially their hip-hop and alternative components. I'm also interested in male vocals.","Based on your preferences, I recommend 'To Young Leaders' by Guante & Big Cats. It's a track from their album 'To Young Leaders'. This song combines elements of Hip-Hop, electronic, rock, dance, and pop, which aligns well with your requirements. It has a fast-paced and energetic vibe with a modern dance or pop feel.","Allow me to recommend 'V' by Gosple. Although I don't have much information about the track, Gosple is known for their hip-hop and alternative style, which aligns well with what you're looking for. The song may also feature male vocals, making it a fitting choice for your video.","Allow me to recommend 'TO YOUNG LEADERS' by Guante & Big Cats. It's a track from their album 'YOU BETTER WEAPONIZE'. It combines elements of hip-hop, electronic, and rock with fast-paced beats and male vocals, which could be a fitting choice for your video. The song was directed by PCP and features Antonio Schoen as the actor.",TO YOUNG LEADERS,Guante & Big Cats,1,1,1,0,0,top1_generation_prompt_text_changed_only_precomputed_text_feature_unchanged
3346,xzeRWhp2HIc,xzeRWhp2HIc_gELSZUuDJrY,26_hE18CwtY_bFAF9pVUpMM,26_hE18CwtY,0,56,cf_lyrical_piano,top1_prompt_level_preference_counterfactual,original,top1_reference,"I prefer lyrical piano background music with a slow tempo, soft acoustic texture, gentle melody, and a calm sentimental mood.","That sounds great, I like the electronic and techno influences in your recommendation. However, I would like to incorporate a bit more of Gosple's unique style, especially their hip-hop and alternative components. I'm also interested in male vocals.","I apologize, but I don't have enough information to recommend a specific track that matches your requirements. However, I can suggest exploring the works of Guante & Big Cats, as they are known for their lyrical piano background music with a slow tempo, soft acoustic texture, gentle melody, and a calm sentimental mood.","Allow me to recommend 'V' by Gosple. Although I don't have much information about the track, Gosple is known for their hip-hop and alternative style, which aligns well with what you're looking for. The song may also feature male vocals, making it a fitting choice for your video.","Allow me to recommend 'TO YOUNG LEADERS' by Guante & Big Cats. It's a track from their album 'YOU BETTER WEAPONIZE'. It combines elements of hip-hop, electronic, and rock with fast-paced beats and male vocals, which could be a fitting choice for your video. The song was directed by PCP and features Antonio Schoen as the actor.",TO YOUNG LEADERS,Guante & Big Cats,0,1,0,1,0,top1_generation_prompt_text_changed_only_precomputed_text_feature_unchanged
3362,AVVxorwxecw,AVVxorwxecw_aAV_itgeW4w,lgT1AidzRWM_XE62ND-fcoE,lgT1AidzRWM,0,18,original,top1_prompt_level_preference_counterfactual,original,top1_reference,That sounds great! I also want to include some hip-hop and R&B influences in the music. Do you have any recommendations that incorporate these genres?,That sounds great! I also want to include some hip-hop and R&B influences in the music. Do you have any recommendations that incorporate these genres?,"Certainly! How about 'Beautiful' by Eminem? It's a track from his album 'Beautiful'. This song combines elements of hip-hop, R&B, and pop, which could be a fitting choice for your video. It has a catchy and melodic sound that could complement the visuals.","Certainly! I suggest you consider 'RIGHT HERE' by Walter, Badu, Roccjuan, and Mistah-A.S.I. featuring Chamorro Rap. It's a track that combines elements of hip-hop, pop, and R&B with a touch of rock and electronic. This rendition of 'RIGHT HERE WAITING' by Richard Marx features Chamorro Rapper Pete 'Badu' Magofna and Mistah-A.S.I. It has a catchy vocal and electronic sound that could complement your video.","I understand what you're looking for. In that case, I would recommend 'Beautiful' by Eminem. This track combines elements of hip-hop and rock, and it has a more positive and uplifting vibe. It's performed by Eminem and was released in 2009. It's part of the album 'Beautiful' and the music video has been remastered in HD.","re looking for. In that case, I would recommend 'Beautiful",Eminem,0,1,0,1,0,top1_generation_prompt_text_changed_only_precomputed_text_feature_unchanged
3362,AVVxorwxecw,AVVxorwxecw_aAV_itgeW4w,lgT1AidzRWM_XE62ND-fcoE,lgT1AidzRWM,0,18,cf_upbeat_electronic,top1_prompt_level_preference_counterfactual,original,top1_reference,"I prefer upbeat electronic background music with a bright mood, clear rhythm, energetic beats, and a modern dance or pop feeling.",That sounds great! I also want to include some hip-hop and R&B influences in the music. Do you have any recommendations that incorporate these genres?,"In that case, I would recommend 'Beautiful' by Eminem. This track is a perfect fit for your requirements as it falls under the genres of Hip-Hop, R&B, pop, and electronic. It has a fast-paced rhythm and energetic beats that will give your video a modern and upbeat feel.","Certainly! I suggest you consider 'RIGHT HERE' by Walter, Badu, Roccjuan, and Mistah-A.S.I. featuring Chamorro Rap. It's a track that combines elements of hip-hop, pop, and R&B with a touch of rock and electronic. This rendition of 'RIGHT HERE WAITING' by Richard Marx features Chamorro Rapper Pete 'Badu' Magofna and Mistah-A.S.I. It has a catchy vocal and electronic sound that could complement your video.","I understand what you're looking for. In that case, I would recommend 'Beautiful' by Eminem. This track combines elements of hip-hop and rock, and it has a more positive and uplifting vibe. It's performed by Eminem and was released in 2009. It's part of the album 'Beautiful' and the music video has been remastered in HD.","re looking for. In that case, I would recommend 'Beautiful",Eminem,0,1,0,1,0,top1_generation_prompt_text_changed_only_precomputed_text_feature_unchanged
3362,AVVxorwxecw,AVVxorwxecw_aAV_itgeW4w,lgT1AidzRWM_XE62ND-fcoE,lgT1AidzRWM,0,18,cf_lyrical_piano,top1_prompt_level_preference_counterfactual,original,top1_reference,"I prefer lyrical piano background music with a slow tempo, soft acoustic texture, gentle melody, and a calm sentimental mood.",That sounds great! I also want to include some hip-hop and R&B influences in the music. Do you have any recommendations that incorporate these genres?,"In that case, I would recommend 'Beautiful' by Eminem. This track has a lyrical piano background music with a slow tempo, soft acoustic texture, gentle melody, and a calm sentimental mood. It's a perfect fit for your video.","Certainly! I suggest you consider 'RIGHT HERE' by Walter, Badu, Roccjuan, and Mistah-A.S.I. featuring Chamorro Rap. It's a track that combines elements of hip-hop, pop, and R&B with a touch of rock and electronic. This rendition of 'RIGHT HERE WAITING' by Richard Marx features Chamorro Rapper Pete 'Badu' Magofna and Mistah-A.S.I. It has a catchy vocal and electronic sound that could complement your video.","I understand what you're looking for. In that case, I would recommend 'Beautiful' by Eminem. This track combines elements of hip-hop and rock, and it has a more positive and uplifting vibe. It's performed by Eminem and was released in 2009. It's part of the album 'Beautiful' and the music video has been remastered in HD.","re looking for. In that case, I would recommend 'Beautiful",Eminem,0,1,0,1,0,top1_generation_prompt_text_changed_only_precomputed_text_feature_unchanged
3365,SQBmCpPJGGw,SQBmCpPJGGw_2m7Tdn7gVdE,4ByocBSjvo0_Z2_AD11sGsM,4ByocBSjvo0,0,28,original,top1_prompt_level_preference_counterfactual,original,top1_reference,"Sounds good, but I'm looking for a track with a more rock and indie vibe. Can you recommend something in that genre?","Sounds good, but I'm looking for a track with a more rock and indie vibe. Can you recommend something in that genre?",Certainly! I suggest you check out 'Desde que te ví' by Rockeros y Borregos. This track has a rock and indie sound with elements of alternative and pop. It's a great choice to add a touch of coolness to your video.,"Certainly! If you're looking for a rock and indie track, I'd recommend 'Ja Nu Tā Esi Tu' by Dazadi Izpilditaji. This track is part of the album 'Latviešu Rokmūzikas Izlase' and has a blend of rock, indie, alternative, and pop elements. It's a great choice to add a unique and edgy vibe to your video.","Certainly! How about 'Desde que te ví' by Rockeros y Borregos? It's a track with classic rock and pop influences. Although I don't have much information about the specific album or artist, the song itself combines elements of rock, indie, alternative, and classic rock. It was released in 2014, which may contain the specific elements you're looking for.",Desde que te ví,Rockeros y Borregos,1,1,1,0,0,top1_generation_prompt_text_changed_only_precomputed_text_feature_unchanged
3365,SQBmCpPJGGw,SQBmCpPJGGw_2m7Tdn7gVdE,4ByocBSjvo0_Z2_AD11sGsM,4ByocBSjvo0,0,28,cf_upbeat_electronic,top1_prompt_level_preference_counterfactual,original,top1_reference,"I prefer upbeat electronic background music with a bright mood, clear rhythm, energetic beats, and a modern dance or pop feeling.","Sounds good, but I'm looking for a track with a more rock and indie vibe. Can you recommend something in that genre?","I suggest you consider 'Desde que te ví' by Rockeros y Borregos. It's a track from their album 'Desde que te ví'. The song combines elements of rock, indie, and alternative with a touch of pop. It has a catchy guitar-driven sound and a vibrant energy that could be a fitting choice for your video.","Certainly! If you're looking for a rock and indie track, I'd recommend 'Ja Nu Tā Esi Tu' by Dazadi Izpilditaji. This track is part of the album 'Latviešu Rokmūzikas Izlase' and has a blend of rock, indie, alternative, and pop elements. It's a great choice to add a unique and edgy vibe to your video.","Certainly! How about 'Desde que te ví' by Rockeros y Borregos? It's a track with classic rock and pop influences. Although I don't have much information about the specific album or artist, the song itself combines elements of rock, indie, alternative, and classic rock. It was released in 2014, which may contain the specific elements you're looking for.",Desde que te ví,Rockeros y Borregos,1,1,1,0,0,top1_generation_prompt_text_changed_only_precomputed_text_feature_unchanged
3365,SQBmCpPJGGw,SQBmCpPJGGw_2m7Tdn7gVdE,4ByocBSjvo0_Z2_AD11sGsM,4ByocBSjvo0,0,28,cf_lyrical_piano,top1_prompt_level_preference_counterfactual,original,top1_reference,"I prefer lyrical piano background music with a slow tempo, soft acoustic texture, gentle melody, and a calm sentimental mood.","Sounds good, but I'm looking for a track with a more rock and indie vibe. Can you recommend something in that genre?","I apologize, but I don't have enough information to recommend a specific track or artist based on your preferences. However, I can suggest exploring the music of Rockeros y Borregos, as they are known for their indie rock and alternative style. You may find a track that aligns with your preferences.","Certainly! If you're looking for a rock and indie track, I'd recommend 'Ja Nu Tā Esi Tu' by Dazadi Izpilditaji. This track is part of the album 'Latviešu Rokmūzikas Izlase' and has a blend of rock, indie, alternative, and pop elements. It's a great choice to add a unique and edgy vibe to your video.","Certainly! How about 'Desde que te ví' by Rockeros y Borregos? It's a track with classic rock and pop influences. Although I don't have much information about the specific album or artist, the song itself combines elements of rock, indie, alternative, and classic rock. It was released in 2014, which may contain the specific elements you're looking for.",Desde que te ví,Rockeros y Borregos,0,1,0,1,0,top1_generation_prompt_text_changed_only_precomputed_text_feature_unchanged
3381,X1QRMJq-h9U,X1QRMJq-h9U_IobSd71BE9g,mI_JUp7oP-s_oOHpaYYPdP8,mI_JUp7oP-s,0,7,original,top1_prompt_level_preference_counterfactual,original,top1_reference,"That sounds great, but I'm looking for a female vocalist in the rock or pop genre. Do you have any recommendations that fit that criteria?","That sounds great, but I'm looking for a female vocalist in the rock or pop genre. Do you have any recommendations that fit that criteria?",Certainly! How about 'Solo Tu' by Mayris? It's a rock and pop track with a female vocalist. The song has a catchy and energetic vibe that could be a perfect fit for your video. It was released in 2010 and has a music video directed by Carlos Lopez.,"Certainly! I recommend 'Magkia Mou' by Aggeliki Iliadi. It's a track from her album 'Magkia Mou'. Aggeliki Iliadi is a female vocalist known for her rock, pop, and alternative style. This song should add a unique touch to your video with its indie influences and powerful vocals.","Allow me to recommend 'Альберто' by Майрис. It's a track from her music video, which has indie and alternative influences along with elements of rock. The song features Майрис's distinctive female vocals and was released under the direction of Евгений Ножечкин. It may be a fitting choice for your video.",Альберто,Майрис,0,0,0,1,0,top1_generation_prompt_text_changed_only_precomputed_text_feature_unchanged
3381,X1QRMJq-h9U,X1QRMJq-h9U_IobSd71BE9g,mI_JUp7oP-s_oOHpaYYPdP8,mI_JUp7oP-s,0,7,cf_upbeat_electronic,top1_prompt_level_preference_counterfactual,original,top1_reference,"I prefer upbeat electronic background music with a bright mood, clear rhythm, energetic beats, and a modern dance or pop feeling.","That sounds great, but I'm looking for a female vocalist in the rock or pop genre. Do you have any recommendations that fit that criteria?","I suggest you consider 'Sin Ti' by Mayris. It's a track from her album 'Sin Ti'. The song combines elements of pop, rock, and indie with female vocals. It has a fast-paced and energetic sound, which aligns well with the upbeat electronic background music you're looking for.","Certainly! I recommend 'Magkia Mou' by Aggeliki Iliadi. It's a track from her album 'Magkia Mou'. Aggeliki Iliadi is a female vocalist known for her rock, pop, and alternative style. This song should add a unique touch to your video with its indie influences and powerful vocals.","Allow me to recommend 'Альберто' by Майрис. It's a track from her music video, which has indie and alternative influences along with elements of rock. The song features Майрис's distinctive female vocals and was released under the direction of Евгений Ножечкин. It may be a fitting choice for your video.",Альберто,Майрис,0,0,0,1,0,top1_generation_prompt_text_changed_only_precomputed_text_feature_unchanged
3381,X1QRMJq-h9U,X1QRMJq-h9U_IobSd71BE9g,mI_JUp7oP-s_oOHpaYYPdP8,mI_JUp7oP-s,0,7,cf_lyrical_piano,top1_prompt_level_preference_counterfactual,original,top1_reference,"I prefer lyrical piano background music with a slow tempo, soft acoustic texture, gentle melody, and a calm sentimental mood.","That sounds great, but I'm looking for a female vocalist in the rock or pop genre. Do you have any recommendations that fit that criteria?","I apologize, but I don't have enough information about the specific track, album, or artist you mentioned. However, I can recommend 'Sin Ti' by Mayris. It's a pop and rock track with female vocals. It may have the lyrical piano background music and slow tempo you're looking for.","Certainly! I recommend 'Magkia Mou' by Aggeliki Iliadi. It's a track from her album 'Magkia Mou'. Aggeliki Iliadi is a female vocalist known for her rock, pop, and alternative style. This song should add a unique touch to your video with its indie influences and powerful vocals.","Allow me to recommend 'Альберто' by Майрис. It's a track from her music video, which has indie and alternative influences along with elements of rock. The song features Майрис's distinctive female vocals and was released under the direction of Евгений Ножечкин. It may be a fitting choice for your video.",Альберто,Майрис,0,0,0,1,0,top1_generation_prompt_text_changed_only_precomputed_text_feature_unchanged
3414,GvGlDimlZxc,GvGlDimlZxc_rNXvMajnoQ4,nL7WENopFuQ_Y0IykNYCd_o,nL7WENopFuQ,0,4,original,top1_prompt_level_preference_counterfactual,original,top1_reference,"That sounds intriguing, but I'm looking for a recommendation that incorporates rock and metal styles. I also want to add some loud and electronic elements to the music.","That sounds intriguing, but I'm looking for a recommendation that incorporates rock and metal styles. I also want to add some loud and electronic elements to the music.","Allow me to recommend 'On the Way Down' by In Fear and Faith. It's a track from their album 'The World Is Ours'. This song combines elements of rock, metal, and alternative with a touch of punk. It has a loud and fast-paced sound with techno and electronic influences. It was released in 2012 and could be a fitting choice for your video.","Let me suggest 'Answers' by Divine Ascension. This track falls into the rock and metal genres with hard rock and heavy metal components. It also contains loud and fast-paced sections, along with techno and electronic elements that can add the energy and intensity you're looking for in your video.","Allow me to recommend 'It All Comes Out (On the Way Down)' by In Fear and Faith. It's a track from their album 'It All Comes Out (On the Way Down)'. The song combines elements of metal, rock, and alternative genres with heavy metal and electronic influences. It has a loud and fast-paced sound with techno and piano elements, which can add the distinctive style you're looking for.",It All Comes Out (On the Way Down),In Fear and Faith,0,1,0,1,0,top1_generation_prompt_text_changed_only_precomputed_text_feature_unchanged
3414,GvGlDimlZxc,GvGlDimlZxc_rNXvMajnoQ4,nL7WENopFuQ_Y0IykNYCd_o,nL7WENopFuQ,0,4,cf_upbeat_electronic,top1_prompt_level_preference_counterfactual,original,top1_reference,"I prefer upbeat electronic background music with a bright mood, clear rhythm, energetic beats, and a modern dance or pop feeling.","That sounds intriguing, but I'm looking for a recommendation that incorporates rock and metal styles. I also want to add some loud and electronic elements to the music.","I suggest you consider 'On the Way Down' by In Fear and Faith. It's a track from their album 'The World Is Ours'. This song combines elements of rock, metal, and alternative with a fast-paced and loud sound. It may provide the energetic and modern dance vibe you're looking for.","Let me suggest 'Answers' by Divine Ascension. This track falls into the rock and metal genres with hard rock and heavy metal components. It also contains loud and fast-paced sections, along with techno and electronic elements that can add the energy and intensity you're looking for in your video.","Allow me to recommend 'It All Comes Out (On the Way Down)' by In Fear and Faith. It's a track from their album 'It All Comes Out (On the Way Down)'. The song combines elements of metal, rock, and alternative genres with heavy metal and electronic influences. It has a loud and fast-paced sound with techno and piano elements, which can add the distinctive style you're looking for.",It All Comes Out (On the Way Down),In Fear and Faith,0,1,0,1,0,top1_generation_prompt_text_changed_only_precomputed_text_feature_unchanged
3414,GvGlDimlZxc,GvGlDimlZxc_rNXvMajnoQ4,nL7WENopFuQ_Y0IykNYCd_o,nL7WENopFuQ,0,4,cf_lyrical_piano,top1_prompt_level_preference_counterfactual,original,top1_reference,"I prefer lyrical piano background music with a slow tempo, soft acoustic texture, gentle melody, and a calm sentimental mood.","That sounds intriguing, but I'm looking for a recommendation that incorporates rock and metal styles. I also want to add some loud and electronic elements to the music.","I apologize, but I don't have enough information to recommend a specific track, album, or artist that matches your requirements. However, I can suggest exploring the music of In Fear and Faith, as they are known for their rock, metal, punk, and alternative style. You may find a track that aligns with your preferences.","Let me suggest 'Answers' by Divine Ascension. This track falls into the rock and metal genres with hard rock and heavy metal components. It also contains loud and fast-paced sections, along with techno and electronic elements that can add the energy and intensity you're looking for in your video.","Allow me to recommend 'It All Comes Out (On the Way Down)' by In Fear and Faith. It's a track from their album 'It All Comes Out (On the Way Down)'. The song combines elements of metal, rock, and alternative genres with heavy metal and electronic influences. It has a loud and fast-paced sound with techno and piano elements, which can add the distinctive style you're looking for.",It All Comes Out (On the Way Down),In Fear and Faith,0,1,0,1,0,top1_generation_prompt_text_changed_only_precomputed_text_feature_unchanged
3454,qf-l0RJThfA,qf-l0RJThfA_74jEqQczxGc,qf-l0RJThfA_74jEqQczxGc,qf-l0RJThfA,1,1,original,top1_prompt_level_preference_counterfactual,original,top1_reference,"Sounds good, but I'm looking for something that leans more toward rock with an indie and alternative vibe.","Sounds good, but I'm looking for something that leans more toward rock with an indie and alternative vibe.","In that case, I would recommend 'Say It' by The Dirty Stayouts. This track is part of their album 'Say It' and it perfectly captures the rock, indie, and alternative genres you're looking for. It has a catchy and energetic sound that will complement your video.","In that case, I would recommend 'Faith Healer' by Mike Dunn. This track falls into the rock genre with an indie and alternative influence. It's part of the album 'Hard Luck Soft Rock' and it's performed by Mike Dunn.","In that case, I would recommend 'Faith Healer' by Mike Dunn. This track falls into the rock genre with an indie and alternative influence. It's part of the album 'Hard Luck Soft Rock' and it's performed by Mike Dunn.",Faith Healer,Mike Dunn,0,0,0,1,0,top1_generation_prompt_text_changed_only_precomputed_text_feature_unchanged
3454,qf-l0RJThfA,qf-l0RJThfA_74jEqQczxGc,qf-l0RJThfA_74jEqQczxGc,qf-l0RJThfA,1,1,cf_upbeat_electronic,top1_prompt_level_preference_counterfactual,original,top1_reference,"I prefer upbeat electronic background music with a bright mood, clear rhythm, energetic beats, and a modern dance or pop feeling.","Sounds good, but I'm looking for something that leans more toward rock with an indie and alternative vibe.","I suggest you consider 'Sunshine' by The Dirty Nil. It's a track from their album 'Sunshine'. The song combines elements of rock, indie, and alternative with a pop influence. It has a fast-paced and energetic sound with a focus on guitar and drums. The music video for 'Sunshine' was directed by Mike Dunn and features a vibrant and colorful visual style.","In that case, I would recommend 'Faith Healer' by Mike Dunn. This track falls into the rock genre with an indie and alternative influence. It's part of the album 'Hard Luck Soft Rock' and it's performed by Mike Dunn.","In that case, I would recommend 'Faith Healer' by Mike Dunn. This track falls into the rock genre with an indie and alternative influence. It's part of the album 'Hard Luck Soft Rock' and it's performed by Mike Dunn.",Faith Healer,Mike Dunn,0,1,0,1,0,top1_generation_prompt_text_changed_only_precomputed_text_feature_unchanged
3454,qf-l0RJThfA,qf-l0RJThfA_74jEqQczxGc,qf-l0RJThfA_74jEqQczxGc,qf-l0RJThfA,1,1,cf_lyrical_piano,top1_prompt_level_preference_counterfactual,original,top1_reference,"I prefer lyrical piano background music with a slow tempo, soft acoustic texture, gentle melody, and a calm sentimental mood.","Sounds good, but I'm looking for something that leans more toward rock with an indie and alternative vibe.","I apologize, but I don't have enough information to recommend a specific track that matches your requirements. However, I can suggest exploring the music of Mike Dunn, as he is known for his lyrical piano background music with a slow tempo, soft acoustic texture, gentle melody, and a calm sentimental mood.","In that case, I would recommend 'Faith Healer' by Mike Dunn. This track falls into the rock genre with an indie and alternative influence. It's part of the album 'Hard Luck Soft Rock' and it's performed by Mike Dunn.","In that case, I would recommend 'Faith Healer' by Mike Dunn. This track falls into the rock genre with an indie and alternative influence. It's part of the album 'Hard Luck Soft Rock' and it's performed by Mike Dunn.",Faith Healer,Mike Dunn,0,1,0,1,0,top1_generation_prompt_text_changed_only_precomputed_text_feature_unchanged
3463,Ga9vrr_fB-k,Ga9vrr_fB-k_nGpQxNRnNtQ,lDZaG3bpeeY_QFzkW1_SeIo,lDZaG3bpeeY,0,18,original,top1_prompt_level_preference_counterfactual,original,top1_reference,"That sounds good, but I'm also interested in incorporating some elements of the Hip-Hop genre. Can you recommend something that combines electronic and dance music with Hip-Hop influences?","That sounds good, but I'm also interested in incorporating some elements of the Hip-Hop genre. Can you recommend something that combines electronic and dance music with Hip-Hop influences?","Certainly! How about 'What Up?' by Héctor Guerra? It's a track from his album 'What Up?'. This song combines elements of Hip-Hop, electronic, and dance music, which aligns well with your preferences. It has a fast-paced beat and catchy rhythms that could add a dynamic touch to your video.","Certainly! How about 'Never Fear Dem / Bommaz' by Advance? It's a Hip-Hop track with electronic and dance elements. Although I don't have specific information about the album or artists, the song was released in 2013 and falls under the MSD tags of Hip-Hop, electronic, dance, and pop, which may align with your requirements.","Allow me to recommend 'What Up?' by Héctor Guerra. It's a track from his album 'Amor'. It combines elements of electronic, Hip-Hop, pop, and indie with fast-paced beats and techno influences. This track could be a fitting choice for your video.",What Up?,Héctor Guerra,1,1,1,0,0,top1_generation_prompt_text_changed_only_precomputed_text_feature_unchanged
3463,Ga9vrr_fB-k,Ga9vrr_fB-k_nGpQxNRnNtQ,lDZaG3bpeeY_QFzkW1_SeIo,lDZaG3bpeeY,0,18,cf_upbeat_electronic,top1_prompt_level_preference_counterfactual,original,top1_reference,"I prefer upbeat electronic background music with a bright mood, clear rhythm, energetic beats, and a modern dance or pop feeling.","That sounds good, but I'm also interested in incorporating some elements of the Hip-Hop genre. Can you recommend something that combines electronic and dance music with Hip-Hop influences?","Based on your preferences, I recommend 'What Up?' by Héctor Guerra. It's a track from the album 'What Up?' and it falls under the genres of Hip-Hop, electronic, dance, pop, and rock. The song has a fast-paced techno beat with a catchy rhythm, making it a great choice for a video with an energetic and modern dance or pop feel.","Certainly! How about 'Never Fear Dem / Bommaz' by Advance? It's a Hip-Hop track with electronic and dance elements. Although I don't have specific information about the album or artists, the song was released in 2013 and falls under the MSD tags of Hip-Hop, electronic, dance, and pop, which may align with your requirements.","Allow me to recommend 'What Up?' by Héctor Guerra. It's a track from his album 'Amor'. It combines elements of electronic, Hip-Hop, pop, and indie with fast-paced beats and techno influences. This track could be a fitting choice for your video.",What Up?,Héctor Guerra,1,1,1,0,0,top1_generation_prompt_text_changed_only_precomputed_text_feature_unchanged
3463,Ga9vrr_fB-k,Ga9vrr_fB-k_nGpQxNRnNtQ,lDZaG3bpeeY_QFzkW1_SeIo,lDZaG3bpeeY,0,18,cf_lyrical_piano,top1_prompt_level_preference_counterfactual,original,top1_reference,"I prefer lyrical piano background music with a slow tempo, soft acoustic texture, gentle melody, and a calm sentimental mood.","That sounds good, but I'm also interested in incorporating some elements of the Hip-Hop genre. Can you recommend something that combines electronic and dance music with Hip-Hop influences?","I apologize, but I don't have enough information to recommend a specific track that matches your preferences. However, I can suggest exploring the music of Héctor Guerra, as he is known for his lyrical piano background music with a slow tempo, soft acoustic texture, gentle melody, and a calm sentimental mood.","Certainly! How about 'Never Fear Dem / Bommaz' by Advance? It's a Hip-Hop track with electronic and dance elements. Although I don't have specific information about the album or artists, the song was released in 2013 and falls under the MSD tags of Hip-Hop, electronic, dance, and pop, which may align with your requirements.","Allow me to recommend 'What Up?' by Héctor Guerra. It's a track from his album 'Amor'. It combines elements of electronic, Hip-Hop, pop, and indie with fast-paced beats and techno influences. This track could be a fitting choice for your video.",What Up?,Héctor Guerra,0,1,0,1,0,top1_generation_prompt_text_changed_only_precomputed_text_feature_unchanged
3471,hxub0S_4u8Q,hxub0S_4u8Q_S53iYzSn4p8,nrTUONmbZ7M_PWsnQ_nr-AU,nrTUONmbZ7M,0,4,original,top1_prompt_level_preference_counterfactual,original,top1_reference,"Sounds interesting, but I'm looking for something with a more electronic and hip-hop vibe. Do you have any suggestions?","Sounds interesting, but I'm looking for something with a more electronic and hip-hop vibe. Do you have any suggestions?","Certainly! In that case, I would recommend 'Shaka Ponk - Bus (Palladium)'. This track combines electronic, hip-hop, rock, and indie elements, creating a unique and energetic sound. It's perfect for adding a modern and dynamic feel to your video.","Certainly! If you're looking for a track with a mix of electronic and hip-hop, I recommend 'Barbra Streisand (Radio Edit)' by Duck Sauce. This track combines electronic, dance, hip-hop, house, and electro genres to create a unique and energetic sound. It's guaranteed to add a vibrant and dynamic vibe to your video.","Allow me to recommend the track 'MONKEY TV _ 14-05-23_Bus_Palladium' by Shaka Ponk. While I couldn't find specific information about the track, Shaka Ponk is known for combining rock, electronic, hip-hop, and indie elements in their music. They have a unique and energetic sound that might align well with what you're looking for in your video.",MONKEY TV _ 14-05-23_Bus_Palladium,Shaka Ponk,0,1,0,1,0,top1_generation_prompt_text_changed_only_precomputed_text_feature_unchanged
3471,hxub0S_4u8Q,hxub0S_4u8Q_S53iYzSn4p8,nrTUONmbZ7M_PWsnQ_nr-AU,nrTUONmbZ7M,0,4,cf_upbeat_electronic,top1_prompt_level_preference_counterfactual,original,top1_reference,"I prefer upbeat electronic background music with a bright mood, clear rhythm, energetic beats, and a modern dance or pop feeling.","Sounds interesting, but I'm looking for something with a more electronic and hip-hop vibe. Do you have any suggestions?","Based on your preferences, I recommend 'Monkey TV' by Shaka Ponk. It's an electronic track with elements of dance, rock, and pop. The song has a fast tempo and energetic beats that will give your video a lively and modern feel.","Certainly! If you're looking for a track with a mix of electronic and hip-hop, I recommend 'Barbra Streisand (Radio Edit)' by Duck Sauce. This track combines electronic, dance, hip-hop, house, and electro genres to create a unique and energetic sound. It's guaranteed to add a vibrant and dynamic vibe to your video.","Allow me to recommend the track 'MONKEY TV _ 14-05-23_Bus_Palladium' by Shaka Ponk. While I couldn't find specific information about the track, Shaka Ponk is known for combining rock, electronic, hip-hop, and indie elements in their music. They have a unique and energetic sound that might align well with what you're looking for in your video.",MONKEY TV _ 14-05-23_Bus_Palladium,Shaka Ponk,0,1,0,1,0,top1_generation_prompt_text_changed_only_precomputed_text_feature_unchanged
3471,hxub0S_4u8Q,hxub0S_4u8Q_S53iYzSn4p8,nrTUONmbZ7M_PWsnQ_nr-AU,nrTUONmbZ7M,0,4,cf_lyrical_piano,top1_prompt_level_preference_counterfactual,original,top1_reference,"I prefer lyrical piano background music with a slow tempo, soft acoustic texture, gentle melody, and a calm sentimental mood.","Sounds interesting, but I'm looking for something with a more electronic and hip-hop vibe. Do you have any suggestions?","I apologize, but I couldn't find any music that matches your requirements. However, I can recommend 'Sweet Dreams' by Marilyn Monroe. It's a beautiful piano instrumental with a slow tempo, soft acoustic texture, and a gentle melody. It has a calming and sentimental vibe that could be a perfect fit for your video.","Certainly! If you're looking for a track with a mix of electronic and hip-hop, I recommend 'Barbra Streisand (Radio Edit)' by Duck Sauce. This track combines electronic, dance, hip-hop, house, and electro genres to create a unique and energetic sound. It's guaranteed to add a vibrant and dynamic vibe to your video.","Allow me to recommend the track 'MONKEY TV _ 14-05-23_Bus_Palladium' by Shaka Ponk. While I couldn't find specific information about the track, Shaka Ponk is known for combining rock, electronic, hip-hop, and indie elements in their music. They have a unique and energetic sound that might align well with what you're looking for in your video.",MONKEY TV _ 14-05-23_Bus_Palladium,Shaka Ponk,0,0,0,1,0,top1_generation_prompt_text_changed_only_precomputed_text_feature_unchanged
3494,9EO4nBIe-yA,9EO4nBIe-yA_RUjHBwO0EgM,9EO4nBIe-yA_RUjHBwO0EgM,9EO4nBIe-yA,1,1,original,top1_prompt_level_preference_counterfactual,original,top1_reference,"Sounds good, but I'm looking for something that has an electronic and indie sound with a mix of pop and rock.","Sounds good, but I'm looking for something that has an electronic and indie sound with a mix of pop and rock.","In that case, I would recommend 'Sunny Day' by The Boss. This track has an electronic and indie sound with elements of pop and rock. It's part of the album 'Sunny Day' by The Boss.","In that case, I would recommend 'GOODWARP / レイニー白書 (MUSIC VIDEO)'. This track has an electronic and indie vibe with elements of pop and rock. Although I don't have much information about this track, it matches your desired genres and will add a unique sound to your video.","In that case, I would recommend 'GOODWARP / レイニー白書 (MUSIC VIDEO)'. This track has an electronic and indie vibe with elements of pop and rock. Although I don't have much information about this track, it matches your desired genres and will add a unique sound to your video.",,,,,,0,0,top1_generation_prompt_text_changed_only_precomputed_text_feature_unchanged
3494,9EO4nBIe-yA,9EO4nBIe-yA_RUjHBwO0EgM,9EO4nBIe-yA_RUjHBwO0EgM,9EO4nBIe-yA,1,1,cf_upbeat_electronic,top1_prompt_level_preference_counterfactual,original,top1_reference,"I prefer upbeat electronic background music with a bright mood, clear rhythm, energetic beats, and a modern dance or pop feeling.","Sounds good, but I'm looking for something that has an electronic and indie sound with a mix of pop and rock.","Based on your preferences, I recommend the track 'Sunshine' by ストロベリー・スパンキー. It's a dance-pop song with electronic and rock elements. The track has a fast tempo and a catchy beat that will give your video a vibrant and energetic atmosphere.","In that case, I would recommend 'GOODWARP / レイニー白書 (MUSIC VIDEO)'. This track has an electronic and indie vibe with elements of pop and rock. Although I don't have much information about this track, it matches your desired genres and will add a unique sound to your video.","In that case, I would recommend 'GOODWARP / レイニー白書 (MUSIC VIDEO)'. This track has an electronic and indie vibe with elements of pop and rock. Although I don't have much information about this track, it matches your desired genres and will add a unique sound to your video.",,,,,,0,0,top1_generation_prompt_text_changed_only_precomputed_text_feature_unchanged
3494,9EO4nBIe-yA,9EO4nBIe-yA_RUjHBwO0EgM,9EO4nBIe-yA_RUjHBwO0EgM,9EO4nBIe-yA,1,1,cf_lyrical_piano,top1_prompt_level_preference_counterfactual,original,top1_reference,"I prefer lyrical piano background music with a slow tempo, soft acoustic texture, gentle melody, and a calm sentimental mood.","Sounds good, but I'm looking for something that has an electronic and indie sound with a mix of pop and rock.","I apologize, but I don't have enough information to recommend a specific track or artist based on your preferences. However, I can suggest exploring the music of artists who specialize in lyrical piano background music with a slow tempo, soft acoustic texture, gentle melody, and a calm sentimental mood.","In that case, I would recommend 'GOODWARP / レイニー白書 (MUSIC VIDEO)'. This track has an electronic and indie vibe with elements of pop and rock. Although I don't have much information about this track, it matches your desired genres and will add a unique sound to your video.","In that case, I would recommend 'GOODWARP / レイニー白書 (MUSIC VIDEO)'. This track has an electronic and indie vibe with elements of pop and rock. Although I don't have much information about this track, it matches your desired genres and will add a unique sound to your video.",,,,,,0,0,top1_generation_prompt_text_changed_only_precomputed_text_feature_unchanged
3506,raE8dGyRTXQ,raE8dGyRTXQ_IPawwnMx32I,BYu8ZyETnKo_sn4URcxq3vQ,BYu8ZyETnKo,0,5,original,top1_prompt_level_preference_counterfactual,original,top1_reference,"I like the indie and electronic blend, but I'm also looking for something with a strong vocal performance, preferably with a guitar backing. Do you have anything like that?","I like the indie and electronic blend, but I'm also looking for something with a strong vocal performance, preferably with a guitar backing. Do you have anything like that?","Certainly! In that case, I would recommend 'Word of God Speak' by MercyMe. This track is part of the album 'The Hurt & The Healer' and offers a powerful vocal performance with a mix of rock, indie, pop, and alternative genres. The guitar adds a beautiful touch to the overall sound.","For a track that combines strong vocal performances with guitar, I recommend 'All of Me (Glee Cast Version)' performed by the Glee Cast. It's a wonderful rendition that highlights vocal talent and is complemented by guitar. This track suits a range of moods and settings, making it a versatile pick for anyone looking for quality singing with guitar accompaniment.","Allow me to recommend 'Word of God Speak' by MercyMe. It's a track from their album '10'. It combines elements of rock, indie, pop, and alternative genres with electronic touches. It was recorded in 2004, which may contain the specific elements you want.",Word of God Speak,MercyMe,1,1,1,0,0,top1_generation_prompt_text_changed_only_precomputed_text_feature_unchanged
3506,raE8dGyRTXQ,raE8dGyRTXQ_IPawwnMx32I,BYu8ZyETnKo_sn4URcxq3vQ,BYu8ZyETnKo,0,5,cf_upbeat_electronic,top1_prompt_level_preference_counterfactual,original,top1_reference,"I prefer upbeat electronic background music with a bright mood, clear rhythm, energetic beats, and a modern dance or pop feeling.","I like the indie and electronic blend, but I'm also looking for something with a strong vocal performance, preferably with a guitar backing. Do you have anything like that?","I suggest you consider 'Word of God Speak' by MercyMe. It's a track from their album 'Word of God Speak'. The song combines elements of rock, pop, indie, and alternative with a touch of electronic influences. It has a fast-paced and energetic sound, perfect for a dance video.","For a track that combines strong vocal performances with guitar, I recommend 'All of Me (Glee Cast Version)' performed by the Glee Cast. It's a wonderful rendition that highlights vocal talent and is complemented by guitar. This track suits a range of moods and settings, making it a versatile pick for anyone looking for quality singing with guitar accompaniment.","Allow me to recommend 'Word of God Speak' by MercyMe. It's a track from their album '10'. It combines elements of rock, indie, pop, and alternative genres with electronic touches. It was recorded in 2004, which may contain the specific elements you want.",Word of God Speak,MercyMe,1,1,1,0,0,top1_generation_prompt_text_changed_only_precomputed_text_feature_unchanged
3506,raE8dGyRTXQ,raE8dGyRTXQ_IPawwnMx32I,BYu8ZyETnKo_sn4URcxq3vQ,BYu8ZyETnKo,0,5,cf_lyrical_piano,top1_prompt_level_preference_counterfactual,original,top1_reference,"I prefer lyrical piano background music with a slow tempo, soft acoustic texture, gentle melody, and a calm sentimental mood.","I like the indie and electronic blend, but I'm also looking for something with a strong vocal performance, preferably with a guitar backing. Do you have anything like that?","Based on your preferences, I recommend 'Word of God Speak' by MercyMe. It's a track from their album 'Word of God Speak'. This song combines elements of rock, pop, indie, and alternative with a focus on piano and acoustic guitar. It has a slow tempo and a soft acoustic texture, creating a gentle and sentimental mood that could be a perfect fit for your video.","For a track that combines strong vocal performances with guitar, I recommend 'All of Me (Glee Cast Version)' performed by the Glee Cast. It's a wonderful rendition that highlights vocal talent and is complemented by guitar. This track suits a range of moods and settings, making it a versatile pick for anyone looking for quality singing with guitar accompaniment.","Allow me to recommend 'Word of God Speak' by MercyMe. It's a track from their album '10'. It combines elements of rock, indie, pop, and alternative genres with electronic touches. It was recorded in 2004, which may contain the specific elements you want.",Word of God Speak,MercyMe,1,1,1,0,0,top1_generation_prompt_text_changed_only_precomputed_text_feature_unchanged
3514,6FE8jlwBGJs,6FE8jlwBGJs_T5V0hhZ3IVg,DoDMfKMx2Xw_qBglQfeyNdA,DoDMfKMx2Xw,0,2,original,top1_prompt_level_preference_counterfactual,original,top1_reference,That sounds great! I also want to incorporate some classic rock and folk elements into the music. Can you recommend something that combines these styles?,That sounds great! I also want to incorporate some classic rock and folk elements into the music. Can you recommend something that combines these styles?,"Certainly! How about 'It's Worth It' by Scott May? It's a track that combines elements of rock, indie, classic rock, and folk. The song has a guitar-driven sound with male vocals, which can add a touch of nostalgia and authenticity to your video.","Sure! How about 'One More Day' by Go With Me? It's a track from their album 'Bad Jones'. The song incorporates elements of classic rock, folk, and pop, which will give your video a diverse and dynamic sound. It was written by Bob Idakaar and performed by his band Go With Me. The song has a guitar-focused sound and features male vocals. It was recorded in Morris County, New Jersey at MUZIKSTUDIO.COM.","I understand. In that case, I recommend 'It's Worth It' by Scott May. Although I don't have much information about this track, Scott May is known for his indie and folk-inspired music. His songs often have acoustic and alternative elements, which might be what you're looking for.",It's Worth It,Scott May,1,1,1,0,0,top1_generation_prompt_text_changed_only_precomputed_text_feature_unchanged
3514,6FE8jlwBGJs,6FE8jlwBGJs_T5V0hhZ3IVg,DoDMfKMx2Xw_qBglQfeyNdA,DoDMfKMx2Xw,0,2,cf_upbeat_electronic,top1_prompt_level_preference_counterfactual,original,top1_reference,"I prefer upbeat electronic background music with a bright mood, clear rhythm, energetic beats, and a modern dance or pop feeling.",That sounds great! I also want to incorporate some classic rock and folk elements into the music. Can you recommend something that combines these styles?,"I suggest you consider 'It's Worth It' by Scott May. It's a track from his album 'It's Worth It'. The song combines elements of rock, indie, pop, and alternative with a focus on guitar and vocals. It has a catchy and uplifting vibe that could complement your video.","Sure! How about 'One More Day' by Go With Me? It's a track from their album 'Bad Jones'. The song incorporates elements of classic rock, folk, and pop, which will give your video a diverse and dynamic sound. It was written by Bob Idakaar and performed by his band Go With Me. The song has a guitar-focused sound and features male vocals. It was recorded in Morris County, New Jersey at MUZIKSTUDIO.COM.","I understand. In that case, I recommend 'It's Worth It' by Scott May. Although I don't have much information about this track, Scott May is known for his indie and folk-inspired music. His songs often have acoustic and alternative elements, which might be what you're looking for.",It's Worth It,Scott May,1,1,1,0,0,top1_generation_prompt_text_changed_only_precomputed_text_feature_unchanged
3514,6FE8jlwBGJs,6FE8jlwBGJs_T5V0hhZ3IVg,DoDMfKMx2Xw_qBglQfeyNdA,DoDMfKMx2Xw,0,2,cf_lyrical_piano,top1_prompt_level_preference_counterfactual,original,top1_reference,"I prefer lyrical piano background music with a slow tempo, soft acoustic texture, gentle melody, and a calm sentimental mood.",That sounds great! I also want to incorporate some classic rock and folk elements into the music. Can you recommend something that combines these styles?,"Based on your preferences, I recommend 'It's Worth It' by Scott May. It's a track from his album 'It's Worth It'. The song combines elements of rock, indie, pop, and alternative with a focus on piano and acoustic guitar. It has a slow tempo and a soft acoustic texture, creating a gentle and sentimental mood that could be a perfect fit for your video.","Sure! How about 'One More Day' by Go With Me? It's a track from their album 'Bad Jones'. The song incorporates elements of classic rock, folk, and pop, which will give your video a diverse and dynamic sound. It was written by Bob Idakaar and performed by his band Go With Me. The song has a guitar-focused sound and features male vocals. It was recorded in Morris County, New Jersey at MUZIKSTUDIO.COM.","I understand. In that case, I recommend 'It's Worth It' by Scott May. Although I don't have much information about this track, Scott May is known for his indie and folk-inspired music. His songs often have acoustic and alternative elements, which might be what you're looking for.",It's Worth It,Scott May,1,1,1,0,0,top1_generation_prompt_text_changed_only_precomputed_text_feature_unchanged
3515,IBgI2Mniq6w,IBgI2Mniq6w_TfbhL9w7DHE,IBgI2Mniq6w_TfbhL9w7DHE,IBgI2Mniq6w,1,1,original,top1_prompt_level_preference_counterfactual,original,top1_reference,"That sounds great, I like the techno and electronic elements in your recommendation. But I would like to incorporate a bit more of Dragonette's style, especially their electronic and pop components. I'm also interested in dance and synth influences.","That sounds great, I like the techno and electronic elements in your recommendation. But I would like to incorporate a bit more of Dragonette's style, especially their electronic and pop components. I'm also interested in dance and synth influences.","Allow me to recommend 'Let It Go (Faustix & Imanos Remix)' by Dragonette. It's a track from their album 'Let It Go'. It combines elements of electronic, pop, and dance with a focus on synth and techno sounds. This remix version could be a fitting choice for your video.","Allow me to recommend 'Let It Go (Faustix & Imanos Remix)' by Dragonette. It's a track from their album 'Bodyparts'. It combines elements of electronic, dance, and pop music with fast-paced synth and drum beats that could be a fitting choice for your video. It was released in 2012 and may contain the specific elements you're looking for.","Allow me to recommend 'Let It Go (Faustix & Imanos Remix)' by Dragonette. It's a track from their album 'Bodyparts'. It combines elements of electronic, dance, and pop music with fast-paced synth and drum beats that could be a fitting choice for your video. It was released in 2012 and may contain the specific elements you're looking for.",Let It Go (Faustix & Imanos Remix),Dragonette,1,1,1,0,0,top1_generation_prompt_text_changed_only_precomputed_text_feature_unchanged
3515,IBgI2Mniq6w,IBgI2Mniq6w_TfbhL9w7DHE,IBgI2Mniq6w_TfbhL9w7DHE,IBgI2Mniq6w,1,1,cf_upbeat_electronic,top1_prompt_level_preference_counterfactual,original,top1_reference,"I prefer upbeat electronic background music with a bright mood, clear rhythm, energetic beats, and a modern dance or pop feeling.","That sounds great, I like the techno and electronic elements in your recommendation. But I would like to incorporate a bit more of Dragonette's style, especially their electronic and pop components. I'm also interested in dance and synth influences.","Based on your preferences, I recommend 'Let It Go (Faustix & Imanos Remix)' by Dragonette. It's a track from their album 'Let It Go'. This remix combines electronic, dance, and pop elements with a house and electro sound. It has a fast tempo and a catchy beat that will add energy and a modern feel to your video.","Allow me to recommend 'Let It Go (Faustix & Imanos Remix)' by Dragonette. It's a track from their album 'Bodyparts'. It combines elements of electronic, dance, and pop music with fast-paced synth and drum beats that could be a fitting choice for your video. It was released in 2012 and may contain the specific elements you're looking for.","Allow me to recommend 'Let It Go (Faustix & Imanos Remix)' by Dragonette. It's a track from their album 'Bodyparts'. It combines elements of electronic, dance, and pop music with fast-paced synth and drum beats that could be a fitting choice for your video. It was released in 2012 and may contain the specific elements you're looking for.",Let It Go (Faustix & Imanos Remix),Dragonette,1,1,1,0,0,top1_generation_prompt_text_changed_only_precomputed_text_feature_unchanged
3515,IBgI2Mniq6w,IBgI2Mniq6w_TfbhL9w7DHE,IBgI2Mniq6w_TfbhL9w7DHE,IBgI2Mniq6w,1,1,cf_lyrical_piano,top1_prompt_level_preference_counterfactual,original,top1_reference,"I prefer lyrical piano background music with a slow tempo, soft acoustic texture, gentle melody, and a calm sentimental mood.","That sounds great, I like the techno and electronic elements in your recommendation. But I would like to incorporate a bit more of Dragonette's style, especially their electronic and pop components. I'm also interested in dance and synth influences.","I apologize, but I don't have enough information to recommend a specific track or artist based on your preferences. However, I can suggest exploring the music of Dragonette, as they are known for their electronic, dance, and pop music with female vocalists. You may find a track that aligns with your preferences.","Allow me to recommend 'Let It Go (Faustix & Imanos Remix)' by Dragonette. It's a track from their album 'Bodyparts'. It combines elements of electronic, dance, and pop music with fast-paced synth and drum beats that could be a fitting choice for your video. It was released in 2012 and may contain the specific elements you're looking for.","Allow me to recommend 'Let It Go (Faustix & Imanos Remix)' by Dragonette. It's a track from their album 'Bodyparts'. It combines elements of electronic, dance, and pop music with fast-paced synth and drum beats that could be a fitting choice for your video. It was released in 2012 and may contain the specific elements you're looking for.",Let It Go (Faustix & Imanos Remix),Dragonette,0,1,0,1,0,top1_generation_prompt_text_changed_only_precomputed_text_feature_unchanged
3563,O8k8XT6gLzI,O8k8XT6gLzI_cgKt90e0500,v7i6SrO2zTI_PuHq0tkQRzo,v7i6SrO2zTI,0,4,original,top1_prompt_level_preference_counterfactual,original,top1_reference,"That sounds great! I really enjoy the rock and punk genres in your music recommendations. However, I would like to include some elements from LOSTAGE's distinctive style. They are known for their indie and alternative rock sound, and I would like to incorporate that into my video.","That sounds great! I really enjoy the rock and punk genres in your music recommendations. However, I would like to include some elements from LOSTAGE's distinctive style. They are known for their indie and alternative rock sound, and I would like to incorporate that into my video.","Allow me to recommend 'Senza Parole' by LOSTAGE. It's a track from their album 'Senza Parole'. The song combines elements of indie rock and alternative rock, which aligns well with LOSTAGE's distinctive style. It was released in 2010 and has a guitar-driven sound with a focus on vocals. This track could be a fitting choice for your video.","Allow me to recommend the song 'ひとり' by LOSTAGE. Although I don't have much information about this specific track, LOSTAGE is known for their indie and alternative rock style. This track could add a unique touch to your video with its rock influences and possibly some punk elements.",Certainly! How about 'Caligine Versual' by Volumen? It's an indie rock track with elements of alternative and pop. The song was released in 2012 as part of their album 'MEdES'. It has a unique blend of guitar-driven rock with catchy vocals and a pop sensibility. It could be a great addition to your video.,Caligine Versual,Volumen,0,0,0,1,0,top1_generation_prompt_text_changed_only_precomputed_text_feature_unchanged
3563,O8k8XT6gLzI,O8k8XT6gLzI_cgKt90e0500,v7i6SrO2zTI_PuHq0tkQRzo,v7i6SrO2zTI,0,4,cf_upbeat_electronic,top1_prompt_level_preference_counterfactual,original,top1_reference,"I prefer upbeat electronic background music with a bright mood, clear rhythm, energetic beats, and a modern dance or pop feeling.","That sounds great! I really enjoy the rock and punk genres in your music recommendations. However, I would like to include some elements from LOSTAGE's distinctive style. They are known for their indie and alternative rock sound, and I would like to incorporate that into my video.","I suggest you consider 'Caligine Versual' by Volumen. It's a track from their album 'Volumen'. The song combines elements of rock, indie, and alternative with a touch of indie rock. It has a fast-paced and energetic sound with guitar and drums, which aligns well with the upbeat electronic background music you're looking for.","Allow me to recommend the song 'ひとり' by LOSTAGE. Although I don't have much information about this specific track, LOSTAGE is known for their indie and alternative rock style. This track could add a unique touch to your video with its rock influences and possibly some punk elements.",Certainly! How about 'Caligine Versual' by Volumen? It's an indie rock track with elements of alternative and pop. The song was released in 2012 as part of their album 'MEdES'. It has a unique blend of guitar-driven rock with catchy vocals and a pop sensibility. It could be a great addition to your video.,Caligine Versual,Volumen,1,1,1,0,0,top1_generation_prompt_text_changed_only_precomputed_text_feature_unchanged
3563,O8k8XT6gLzI,O8k8XT6gLzI_cgKt90e0500,v7i6SrO2zTI_PuHq0tkQRzo,v7i6SrO2zTI,0,4,cf_lyrical_piano,top1_prompt_level_preference_counterfactual,original,top1_reference,"I prefer lyrical piano background music with a slow tempo, soft acoustic texture, gentle melody, and a calm sentimental mood.","That sounds great! I really enjoy the rock and punk genres in your music recommendations. However, I would like to include some elements from LOSTAGE's distinctive style. They are known for their indie and alternative rock sound, and I would like to incorporate that into my video.","I apologize, but I don't have enough information about the specific track, album, or artist you mentioned. However, I can recommend exploring the music of Volumen, as they are known for their rock, indie, and alternative style with elements of blues and classic rock. You may find a suitable track that aligns with your preferences.","Allow me to recommend the song 'ひとり' by LOSTAGE. Although I don't have much information about this specific track, LOSTAGE is known for their indie and alternative rock style. This track could add a unique touch to your video with its rock influences and possibly some punk elements.",Certainly! How about 'Caligine Versual' by Volumen? It's an indie rock track with elements of alternative and pop. The song was released in 2012 as part of their album 'MEdES'. It has a unique blend of guitar-driven rock with catchy vocals and a pop sensibility. It could be a great addition to your video.,Caligine Versual,Volumen,0,1,0,1,0,top1_generation_prompt_text_changed_only_precomputed_text_feature_unchanged
3565,G_PjcAfVJkY,G_PjcAfVJkY_butKQYYzySM,YJWZDhRnAAk_e9Chg_yPtAA,YJWZDhRnAAk,0,23,original,top1_prompt_level_preference_counterfactual,original,top1_reference,"Sounds good, but I'm actually looking for something with a hip-hop and electronic vibe, with a touch of indie and pop.","Sounds good, but I'm actually looking for something with a hip-hop and electronic vibe, with a touch of indie and pop.","In that case, I would recommend 'The Way I Am' by The Cool Kids. This track combines hip-hop, electronic, indie, and pop elements, creating a unique and catchy sound. It's part of the album 'The Way I Am' and is performed by The Cool Kids.","In that case, I would recommend 'Karavaani kulkee' by Paleface feat. Terakaft. This track combines elements of hip-hop, electronic, indie, and pop. It has a unique blend of genres and captures a vibrant and energetic atmosphere. It's part of the album 'Helsinki - Shangri-La (10-vuotisjuhlajulkaisu)'.","Allow me to recommend 'Macam-Macam Malaysia'. It's a track by various artists and the music is composed by Dnesh. The song combines elements of hip-hop, pop, electronic, and rock, providing a diverse and dynamic sound that aligns well with Malaysia's music style. The lyrics are in multiple languages, including Malay, Chinese, and Tamil, which adds to the cultural richness of the music.",,,,,,0,0,top1_generation_prompt_text_changed_only_precomputed_text_feature_unchanged
3565,G_PjcAfVJkY,G_PjcAfVJkY_butKQYYzySM,YJWZDhRnAAk_e9Chg_yPtAA,YJWZDhRnAAk,0,23,cf_upbeat_electronic,top1_prompt_level_preference_counterfactual,original,top1_reference,"I prefer upbeat electronic background music with a bright mood, clear rhythm, energetic beats, and a modern dance or pop feeling.","Sounds good, but I'm actually looking for something with a hip-hop and electronic vibe, with a touch of indie and pop.","Based on your preferences, I recommend 'I'm A Hustla' by J.R. featuring J.R. It's a track from the album 'I'm A Hustla'. This song combines elements of Hip-Hop, electronic, dance, and pop with a fast-paced techno beat. It has a modern and energetic sound that aligns well with your requirements.","In that case, I would recommend 'Karavaani kulkee' by Paleface feat. Terakaft. This track combines elements of hip-hop, electronic, indie, and pop. It has a unique blend of genres and captures a vibrant and energetic atmosphere. It's part of the album 'Helsinki - Shangri-La (10-vuotisjuhlajulkaisu)'.","Allow me to recommend 'Macam-Macam Malaysia'. It's a track by various artists and the music is composed by Dnesh. The song combines elements of hip-hop, pop, electronic, and rock, providing a diverse and dynamic sound that aligns well with Malaysia's music style. The lyrics are in multiple languages, including Malay, Chinese, and Tamil, which adds to the cultural richness of the music.",,,,,,0,0,top1_generation_prompt_text_changed_only_precomputed_text_feature_unchanged
3565,G_PjcAfVJkY,G_PjcAfVJkY_butKQYYzySM,YJWZDhRnAAk_e9Chg_yPtAA,YJWZDhRnAAk,0,23,cf_lyrical_piano,top1_prompt_level_preference_counterfactual,original,top1_reference,"I prefer lyrical piano background music with a slow tempo, soft acoustic texture, gentle melody, and a calm sentimental mood.","Sounds good, but I'm actually looking for something with a hip-hop and electronic vibe, with a touch of indie and pop.","I apologize, but I don't have enough information to recommend a specific track that matches your preferences. However, I can suggest exploring the music of artists like Drake, Kanye West, or Jay-Z, who are known for their lyrical piano background music with a slow tempo and a calm sentimental mood.","In that case, I would recommend 'Karavaani kulkee' by Paleface feat. Terakaft. This track combines elements of hip-hop, electronic, indie, and pop. It has a unique blend of genres and captures a vibrant and energetic atmosphere. It's part of the album 'Helsinki - Shangri-La (10-vuotisjuhlajulkaisu)'.","Allow me to recommend 'Macam-Macam Malaysia'. It's a track by various artists and the music is composed by Dnesh. The song combines elements of hip-hop, pop, electronic, and rock, providing a diverse and dynamic sound that aligns well with Malaysia's music style. The lyrics are in multiple languages, including Malay, Chinese, and Tamil, which adds to the cultural richness of the music.",,,,,,0,0,top1_generation_prompt_text_changed_only_precomputed_text_feature_unchanged
3587,K7KMRBoqQUg,K7KMRBoqQUg_P56SorCCSmI,__erZwTa-VE_lu4R8ufjGZ0,__erZwTa-VE,0,2,original,top1_prompt_level_preference_counterfactual,original,top1_reference,"That sounds interesting, but I would like a music recommendation that is more in line with Owl City's electronic and pop style. I'm also looking for something with a faster tempo and a bit more energy.","That sounds interesting, but I would like a music recommendation that is more in line with Owl City's electronic and pop style. I'm also looking for something with a faster tempo and a bit more energy.","Allow me to recommend 'Good Time' by Owl City. It's a track from their album 'Good Time'. This song combines elements of electronic, pop, and indie rock, which aligns well with Owl City's distinctive style. It has a fast tempo and a catchy beat that can add energy to your video.","I understand what you're looking for. How about 'Shooting Star' by Owl City? It's a track from the album 'Shooting Star' and has an electronic and pop sound. The song is classified as electronic, dance, and indie with electro influences. Although there is no description for this particular track, it aligns well with Owl City's style and should provide the faster tempo and energetic vibe you're looking for.","Certainly! I recommend 'Thank You' by MKTO. It's a pop track with indie and electronic influences. The song also has elements of rock, which can give your video a dynamic sound. You can find the official lyric video for 'Thank You' on MKTO's website and social media channels.",Thank You,MKTO,0,0,0,1,0,top1_generation_prompt_text_changed_only_precomputed_text_feature_unchanged
3587,K7KMRBoqQUg,K7KMRBoqQUg_P56SorCCSmI,__erZwTa-VE_lu4R8ufjGZ0,__erZwTa-VE,0,2,cf_upbeat_electronic,top1_prompt_level_preference_counterfactual,original,top1_reference,"I prefer upbeat electronic background music with a bright mood, clear rhythm, energetic beats, and a modern dance or pop feeling.","That sounds interesting, but I would like a music recommendation that is more in line with Owl City's electronic and pop style. I'm also looking for something with a faster tempo and a bit more energy.","Based on your preferences, I recommend 'Thank You' by MKTO. It's a track from their album 'Thank You'. The song combines elements of pop, electronic, and rock with a dance and indie influence. It has a fast-paced rhythm and energetic beats that align with your requirements.","I understand what you're looking for. How about 'Shooting Star' by Owl City? It's a track from the album 'Shooting Star' and has an electronic and pop sound. The song is classified as electronic, dance, and indie with electro influences. Although there is no description for this particular track, it aligns well with Owl City's style and should provide the faster tempo and energetic vibe you're looking for.","Certainly! I recommend 'Thank You' by MKTO. It's a pop track with indie and electronic influences. The song also has elements of rock, which can give your video a dynamic sound. You can find the official lyric video for 'Thank You' on MKTO's website and social media channels.",Thank You,MKTO,1,1,1,0,0,top1_generation_prompt_text_changed_only_precomputed_text_feature_unchanged
3587,K7KMRBoqQUg,K7KMRBoqQUg_P56SorCCSmI,__erZwTa-VE_lu4R8ufjGZ0,__erZwTa-VE,0,2,cf_lyrical_piano,top1_prompt_level_preference_counterfactual,original,top1_reference,"I prefer lyrical piano background music with a slow tempo, soft acoustic texture, gentle melody, and a calm sentimental mood.","That sounds interesting, but I would like a music recommendation that is more in line with Owl City's electronic and pop style. I'm also looking for something with a faster tempo and a bit more energy.","I apologize, but I don't have enough information to recommend a specific track that matches your requirements. However, I can suggest exploring the music of MKTO, as they are known for their pop, rock, indie, and electronic sound. You may find a track that aligns with your preferences.","I understand what you're looking for. How about 'Shooting Star' by Owl City? It's a track from the album 'Shooting Star' and has an electronic and pop sound. The song is classified as electronic, dance, and indie with electro influences. Although there is no description for this particular track, it aligns well with Owl City's style and should provide the faster tempo and energetic vibe you're looking for.","Certainly! I recommend 'Thank You' by MKTO. It's a pop track with indie and electronic influences. The song also has elements of rock, which can give your video a dynamic sound. You can find the official lyric video for 'Thank You' on MKTO's website and social media channels.",Thank You,MKTO,0,1,0,1,0,top1_generation_prompt_text_changed_only_precomputed_text_feature_unchanged
3601,0pzNkHgIdHk,0pzNkHgIdHk_zVaXHQhVXhQ,0pzNkHgIdHk_zVaXHQhVXhQ,0pzNkHgIdHk,1,1,original,top1_prompt_level_preference_counterfactual,original,top1_reference,"That sounds great, I like the electronic and techno genres in your music recommendations. However, I would also like to incorporate elements of rock, soul, and blues into the music. Do you have any suggestions?","That sounds great, I like the electronic and techno genres in your music recommendations. However, I would also like to incorporate elements of rock, soul, and blues into the music. Do you have any suggestions?","Certainly! How about 'Bisogno d'Amore' by Sud Sound System? It's a track from their album 'Bisogno d'Amore'. The song combines elements of rock, soul, and blues with a pop and electronic touch. It features female vocals and has a guitar-driven sound. This track could be a fitting choice for your video.","Allow me to recommend 'Bisogno d'Amore' by Sud Sound System. It's a track from their album 'Ultimamente' released in 2010. The song combines elements of rock, soul, pop, and blues, which can add a diverse and dynamic sound to your video. It was also recorded in 2010, which may suit your preference.","Allow me to recommend 'Bisogno d'Amore' by Sud Sound System. It's a track from their album 'Ultimamente' released in 2010. The song combines elements of rock, soul, pop, and blues, which can add a diverse and dynamic sound to your video. It was also recorded in 2010, which may suit your preference.",Bisogno d'Amore,Sud Sound System,1,1,1,0,0,top1_generation_prompt_text_changed_only_precomputed_text_feature_unchanged
3601,0pzNkHgIdHk,0pzNkHgIdHk_zVaXHQhVXhQ,0pzNkHgIdHk_zVaXHQhVXhQ,0pzNkHgIdHk,1,1,cf_upbeat_electronic,top1_prompt_level_preference_counterfactual,original,top1_reference,"I prefer upbeat electronic background music with a bright mood, clear rhythm, energetic beats, and a modern dance or pop feeling.","That sounds great, I like the electronic and techno genres in your music recommendations. However, I would also like to incorporate elements of rock, soul, and blues into the music. Do you have any suggestions?","Based on your preferences, I recommend 'Bisogno d'Amore' by Sud Sound System. It's a track from their album 'Bisogno d'Amore'. This song combines elements of rock, pop, and soul with a dance and electronic vibe. It has a fast-paced rhythm and energetic beats that align with your preferences.","Allow me to recommend 'Bisogno d'Amore' by Sud Sound System. It's a track from their album 'Ultimamente' released in 2010. The song combines elements of rock, soul, pop, and blues, which can add a diverse and dynamic sound to your video. It was also recorded in 2010, which may suit your preference.","Allow me to recommend 'Bisogno d'Amore' by Sud Sound System. It's a track from their album 'Ultimamente' released in 2010. The song combines elements of rock, soul, pop, and blues, which can add a diverse and dynamic sound to your video. It was also recorded in 2010, which may suit your preference.",Bisogno d'Amore,Sud Sound System,1,1,1,0,0,top1_generation_prompt_text_changed_only_precomputed_text_feature_unchanged
3601,0pzNkHgIdHk,0pzNkHgIdHk_zVaXHQhVXhQ,0pzNkHgIdHk_zVaXHQhVXhQ,0pzNkHgIdHk,1,1,cf_lyrical_piano,top1_prompt_level_preference_counterfactual,original,top1_reference,"I prefer lyrical piano background music with a slow tempo, soft acoustic texture, gentle melody, and a calm sentimental mood.","That sounds great, I like the electronic and techno genres in your music recommendations. However, I would also like to incorporate elements of rock, soul, and blues into the music. Do you have any suggestions?","Based on your preferences, I recommend 'Bisogno d'Amore' by Sud Sound System. It's a track from their album 'Bisogno d'Amore'. This song combines elements of rock, pop, and soul with a touch of 80s vibes. It features a lyrical piano background and a slow tempo, creating a soothing and sentimental atmosphere.","Allow me to recommend 'Bisogno d'Amore' by Sud Sound System. It's a track from their album 'Ultimamente' released in 2010. The song combines elements of rock, soul, pop, and blues, which can add a diverse and dynamic sound to your video. It was also recorded in 2010, which may suit your preference.","Allow me to recommend 'Bisogno d'Amore' by Sud Sound System. It's a track from their album 'Ultimamente' released in 2010. The song combines elements of rock, soul, pop, and blues, which can add a diverse and dynamic sound to your video. It was also recorded in 2010, which may suit your preference.",Bisogno d'Amore,Sud Sound System,1,1,1,0,0,top1_generation_prompt_text_changed_only_precomputed_text_feature_unchanged
3603,aloy-hdZ3CE,aloy-hdZ3CE_VgXFWk_EDGU,aloy-hdZ3CE_VgXFWk_EDGU,aloy-hdZ3CE,1,1,original,top1_prompt_level_preference_counterfactual,original,top1_reference,"That sounds good, but I'm also looking for a track with a similar style to 'True North' by The Crossing. Can you recommend something with alternative and indie rock influences?","That sounds good, but I'm also looking for a track with a similar style to 'True North' by The Crossing. Can you recommend something with alternative and indie rock influences?","Certainly! How about 'True North' by The Crossing? It's a track from their album 'True North'. The song combines elements of alternative rock and indie rock, which aligns well with the style you're looking for. It has a rock sound with guitar and drums, and it was released in 2013.","Allow me to recommend 'True North' by The Crossing. It's the title track from their EP 'True North'. The song combines elements of rock, alternative, and indie rock, which aligns well with the alternative and indie rock style you're looking for. It was released in 2014 and has a distinct male vocal sound.","Allow me to recommend 'True North' by The Crossing. It's the title track from their EP 'True North'. The song combines elements of rock, alternative, and indie rock, which aligns well with the alternative and indie rock style you're looking for. It was released in 2014 and has a distinct male vocal sound.",True North,The Crossing,1,1,1,0,0,top1_generation_prompt_text_changed_only_precomputed_text_feature_unchanged
3603,aloy-hdZ3CE,aloy-hdZ3CE_VgXFWk_EDGU,aloy-hdZ3CE_VgXFWk_EDGU,aloy-hdZ3CE,1,1,cf_upbeat_electronic,top1_prompt_level_preference_counterfactual,original,top1_reference,"I prefer upbeat electronic background music with a bright mood, clear rhythm, energetic beats, and a modern dance or pop feeling.","That sounds good, but I'm also looking for a track with a similar style to 'True North' by The Crossing. Can you recommend something with alternative and indie rock influences?","I suggest you consider 'The Crossing - True North'. It's a track from their album 'True North'. The song combines elements of rock, indie, alternative, and pop, which aligns well with your preferences. It has a fast-paced and energetic sound with a focus on guitar and drums.","Allow me to recommend 'True North' by The Crossing. It's the title track from their EP 'True North'. The song combines elements of rock, alternative, and indie rock, which aligns well with the alternative and indie rock style you're looking for. It was released in 2014 and has a distinct male vocal sound.","Allow me to recommend 'True North' by The Crossing. It's the title track from their EP 'True North'. The song combines elements of rock, alternative, and indie rock, which aligns well with the alternative and indie rock style you're looking for. It was released in 2014 and has a distinct male vocal sound.",True North,The Crossing,1,1,1,0,0,top1_generation_prompt_text_changed_only_precomputed_text_feature_unchanged
3603,aloy-hdZ3CE,aloy-hdZ3CE_VgXFWk_EDGU,aloy-hdZ3CE_VgXFWk_EDGU,aloy-hdZ3CE,1,1,cf_lyrical_piano,top1_prompt_level_preference_counterfactual,original,top1_reference,"I prefer lyrical piano background music with a slow tempo, soft acoustic texture, gentle melody, and a calm sentimental mood.","That sounds good, but I'm also looking for a track with a similar style to 'True North' by The Crossing. Can you recommend something with alternative and indie rock influences?","I apologize, but I don't have enough information to recommend a specific track that matches your requirements. However, I can suggest exploring the music of The Crossing, as they are known for their rock, indie, alternative, and pop sound. You may find a track that aligns with your preferences.","Allow me to recommend 'True North' by The Crossing. It's the title track from their EP 'True North'. The song combines elements of rock, alternative, and indie rock, which aligns well with the alternative and indie rock style you're looking for. It was released in 2014 and has a distinct male vocal sound.","Allow me to recommend 'True North' by The Crossing. It's the title track from their EP 'True North'. The song combines elements of rock, alternative, and indie rock, which aligns well with the alternative and indie rock style you're looking for. It was released in 2014 and has a distinct male vocal sound.",True North,The Crossing,0,1,0,1,0,top1_generation_prompt_text_changed_only_precomputed_text_feature_unchanged
3605,Iyy9VDuS3oM,Iyy9VDuS3oM_4oB7o8Tl9so,Iyy9VDuS3oM_4oB7o8Tl9so,Iyy9VDuS3oM,1,1,original,top1_prompt_level_preference_counterfactual,original,top1_reference,"That sounds great, I like the electronic and rock types in your recommendations. But I would like to incorporate a bit more of ARTMATA's distinctive style, especially their indie and alternative components. I'm also interested in the drum and electronic influences.","That sounds great, I like the electronic and rock types in your recommendations. But I would like to incorporate a bit more of ARTMATA's distinctive style, especially their indie and alternative components. I'm also interested in the drum and electronic influences.","Allow me to recommend 'O Tempo Passa' by ARTMATA. It's a track from their album 'O Tempo Passa'. It combines elements of hip-hop, rock, and electronic with indie and alternative influences. The song has a fast-paced drum and electronic sound that could be a fitting choice for your video.","Allow me to recommend 'O Tempo Passa' by ARTMATA. It's a track from their EP released in 2012. It combines elements of rock, Hip-Hop, and electronic with alternative and indie influences. The song has a drum-focused sound with a mix of electronic beats, which could be a fitting choice for your video.","Allow me to recommend 'O Tempo Passa' by ARTMATA. It's a track from their EP released in 2012. It combines elements of rock, Hip-Hop, and electronic with alternative and indie influences. The song has a drum-focused sound with a mix of electronic beats, which could be a fitting choice for your video.",O Tempo Passa,ARTMATA,1,1,1,0,0,top1_generation_prompt_text_changed_only_precomputed_text_feature_unchanged
3605,Iyy9VDuS3oM,Iyy9VDuS3oM_4oB7o8Tl9so,Iyy9VDuS3oM_4oB7o8Tl9so,Iyy9VDuS3oM,1,1,cf_upbeat_electronic,top1_prompt_level_preference_counterfactual,original,top1_reference,"I prefer upbeat electronic background music with a bright mood, clear rhythm, energetic beats, and a modern dance or pop feeling.","That sounds great, I like the electronic and rock types in your recommendations. But I would like to incorporate a bit more of ARTMATA's distinctive style, especially their indie and alternative components. I'm also interested in the drum and electronic influences.","Based on your preferences, I recommend 'O Tempo Passa' by ARTMATA. It's a track from their album 'O Tempo Passa'. This song combines elements of Hip-Hop, electronic, rock, dance, and pop. It has a fast-paced rhythm with energetic beats, which aligns well with your requirements.","Allow me to recommend 'O Tempo Passa' by ARTMATA. It's a track from their EP released in 2012. It combines elements of rock, Hip-Hop, and electronic with alternative and indie influences. The song has a drum-focused sound with a mix of electronic beats, which could be a fitting choice for your video.","Allow me to recommend 'O Tempo Passa' by ARTMATA. It's a track from their EP released in 2012. It combines elements of rock, Hip-Hop, and electronic with alternative and indie influences. The song has a drum-focused sound with a mix of electronic beats, which could be a fitting choice for your video.",O Tempo Passa,ARTMATA,1,1,1,0,0,top1_generation_prompt_text_changed_only_precomputed_text_feature_unchanged
3605,Iyy9VDuS3oM,Iyy9VDuS3oM_4oB7o8Tl9so,Iyy9VDuS3oM_4oB7o8Tl9so,Iyy9VDuS3oM,1,1,cf_lyrical_piano,top1_prompt_level_preference_counterfactual,original,top1_reference,"I prefer lyrical piano background music with a slow tempo, soft acoustic texture, gentle melody, and a calm sentimental mood.","That sounds great, I like the electronic and rock types in your recommendations. But I would like to incorporate a bit more of ARTMATA's distinctive style, especially their indie and alternative components. I'm also interested in the drum and electronic influences.","I suggest you listen to 'O Tempo Passa' by ARTMATA. It's a track from their album 'O Tempo Passa'. The song combines elements of hip-hop, rock, and electronic music with a slow tempo and acoustic piano. It has a lyrical and sentimental vibe that could be a perfect fit for your video.","Allow me to recommend 'O Tempo Passa' by ARTMATA. It's a track from their EP released in 2012. It combines elements of rock, Hip-Hop, and electronic with alternative and indie influences. The song has a drum-focused sound with a mix of electronic beats, which could be a fitting choice for your video.","Allow me to recommend 'O Tempo Passa' by ARTMATA. It's a track from their EP released in 2012. It combines elements of rock, Hip-Hop, and electronic with alternative and indie influences. The song has a drum-focused sound with a mix of electronic beats, which could be a fitting choice for your video.",O Tempo Passa,ARTMATA,1,1,1,0,0,top1_generation_prompt_text_changed_only_precomputed_text_feature_unchanged
3635,MsvUscdzkAc,MsvUscdzkAc_aZuqmdRgEHE,kdMrPdbbWU8_0xCWcchuyDQ,kdMrPdbbWU8,0,5,original,top1_prompt_level_preference_counterfactual,original,top1_reference,"That sounds great, but I'm also interested in incorporating MakSim's style into my video. I like the pop and electronic influences in her music, as well as the instrumental elements. Can you recommend a song that combines these elements?","That sounds great, but I'm also interested in incorporating MakSim's style into my video. I like the pop and electronic influences in her music, as well as the instrumental elements. Can you recommend a song that combines these elements?","Certainly! I recommend 'Svet' by MakSim. It's a track from her album 'Svet'. The song combines elements of pop, rock, and electronic music with instrumental elements. It features MakSim's distinctive female vocals and was released in 2009. It could be a fitting choice for your video.","Allow me to recommend 'My Paradise' by MakSim. It's a track from her album 'Running on the waves'. This song combines pop, electronic, and instrumental elements, which align well with the style you're looking for in your video. MakSim is known for her distinctive female vocal style, and this song showcases her talent in that aspect.","Allow me to recommend 'En Pogled' by Masa and the Crystal Penguins. It's a track from their album 'Wonders'. The song combines elements of 80s pop, rock, and electronic music, with synth and techno influences. It features female vocals as well.",En Pogled,Masa and the Crystal Penguins,0,0,0,1,0,top1_generation_prompt_text_changed_only_precomputed_text_feature_unchanged
3635,MsvUscdzkAc,MsvUscdzkAc_aZuqmdRgEHE,kdMrPdbbWU8_0xCWcchuyDQ,kdMrPdbbWU8,0,5,cf_upbeat_electronic,top1_prompt_level_preference_counterfactual,original,top1_reference,"I prefer upbeat electronic background music with a bright mood, clear rhythm, energetic beats, and a modern dance or pop feeling.","That sounds great, but I'm also interested in incorporating MakSim's style into my video. I like the pop and electronic influences in her music, as well as the instrumental elements. Can you recommend a song that combines these elements?","Based on your preferences, I recommend 'En Pogled' by Masa and the Crystal Penguins. It's a track from their album 'En Pogled'. This song combines elements of pop, rock, and electronic music with a dance and indie vibe. It has a fast-paced rhythm and energetic beats that will add a modern and lively feel to your video.","Allow me to recommend 'My Paradise' by MakSim. It's a track from her album 'Running on the waves'. This song combines pop, electronic, and instrumental elements, which align well with the style you're looking for in your video. MakSim is known for her distinctive female vocal style, and this song showcases her talent in that aspect.","Allow me to recommend 'En Pogled' by Masa and the Crystal Penguins. It's a track from their album 'Wonders'. The song combines elements of 80s pop, rock, and electronic music, with synth and techno influences. It features female vocals as well.",En Pogled,Masa and the Crystal Penguins,1,1,1,0,0,top1_generation_prompt_text_changed_only_precomputed_text_feature_unchanged
3635,MsvUscdzkAc,MsvUscdzkAc_aZuqmdRgEHE,kdMrPdbbWU8_0xCWcchuyDQ,kdMrPdbbWU8,0,5,cf_lyrical_piano,top1_prompt_level_preference_counterfactual,original,top1_reference,"I prefer lyrical piano background music with a slow tempo, soft acoustic texture, gentle melody, and a calm sentimental mood.","That sounds great, but I'm also interested in incorporating MakSim's style into my video. I like the pop and electronic influences in her music, as well as the instrumental elements. Can you recommend a song that combines these elements?","I suggest you consider 'En Pogled' by Masa and the Crystal Penguins. It's a track from their album 'En Pogled'. This song combines elements of pop, rock, and folk with a touch of jazz. It features a beautiful piano melody and a slow tempo, creating a soothing and sentimental atmosphere.","Allow me to recommend 'My Paradise' by MakSim. It's a track from her album 'Running on the waves'. This song combines pop, electronic, and instrumental elements, which align well with the style you're looking for in your video. MakSim is known for her distinctive female vocal style, and this song showcases her talent in that aspect.","Allow me to recommend 'En Pogled' by Masa and the Crystal Penguins. It's a track from their album 'Wonders'. The song combines elements of 80s pop, rock, and electronic music, with synth and techno influences. It features female vocals as well.",En Pogled,Masa and the Crystal Penguins,1,1,1,0,0,top1_generation_prompt_text_changed_only_precomputed_text_feature_unchanged
3645,fpPHM9g7doo,fpPHM9g7doo_gXmN3m7GpEk,fpPHM9g7doo_gXmN3m7GpEk,fpPHM9g7doo,1,1,original,top1_prompt_level_preference_counterfactual,original,top1_reference,"That sounds great, I like the dance and electronic genres in your music recommendations. But I would like to incorporate a bit more of Nav Sidhu's distinctive style, especially his hip-hop and R&B components. I'm also interested in Indian beats.","That sounds great, I like the dance and electronic genres in your music recommendations. But I would like to incorporate a bit more of Nav Sidhu's distinctive style, especially his hip-hop and R&B components. I'm also interested in Indian beats.","Allow me to recommend 'London' by Nav Sidhu. It's a track from his album 'London'. It combines elements of hip-hop, R&B, and electronic music with Indian beats. It was released in 2012 and may contain the specific elements you want.","Allow me to recommend 'London'o Phone' by Nav Sidhu. Although there is no detailed information available about this track, Nav Sidhu is known for his hip-hop and R&B style. You can expect elements of pop, dance, and electronic genres in this song as well. It might be a suitable choice for your video, incorporating the Indian beats you're interested in.","Allow me to recommend 'London'o Phone' by Nav Sidhu. Although there is no detailed information available about this track, Nav Sidhu is known for his hip-hop and R&B style. You can expect elements of pop, dance, and electronic genres in this song as well. It might be a suitable choice for your video, incorporating the Indian beats you're interested in.",London'o Phone,Nav Sidhu,0,1,0,1,0,top1_generation_prompt_text_changed_only_precomputed_text_feature_unchanged
3645,fpPHM9g7doo,fpPHM9g7doo_gXmN3m7GpEk,fpPHM9g7doo_gXmN3m7GpEk,fpPHM9g7doo,1,1,cf_upbeat_electronic,top1_prompt_level_preference_counterfactual,original,top1_reference,"I prefer upbeat electronic background music with a bright mood, clear rhythm, energetic beats, and a modern dance or pop feeling.","That sounds great, I like the dance and electronic genres in your music recommendations. But I would like to incorporate a bit more of Nav Sidhu's distinctive style, especially his hip-hop and R&B components. I'm also interested in Indian beats.","Based on your preferences, I recommend 'London' by Nav Sidhu. It's a track from the album 'London' and falls under the genres of Hip-Hop, electronic, dance, pop, and R&B. The song has a fast-paced techno beat with a catchy rhythm, making it a great choice for a dance video. It was released in 2012 and has a modern sound that aligns with your requirements.","Allow me to recommend 'London'o Phone' by Nav Sidhu. Although there is no detailed information available about this track, Nav Sidhu is known for his hip-hop and R&B style. You can expect elements of pop, dance, and electronic genres in this song as well. It might be a suitable choice for your video, incorporating the Indian beats you're interested in.","Allow me to recommend 'London'o Phone' by Nav Sidhu. Although there is no detailed information available about this track, Nav Sidhu is known for his hip-hop and R&B style. You can expect elements of pop, dance, and electronic genres in this song as well. It might be a suitable choice for your video, incorporating the Indian beats you're interested in.",London'o Phone,Nav Sidhu,0,1,0,1,0,top1_generation_prompt_text_changed_only_precomputed_text_feature_unchanged
3645,fpPHM9g7doo,fpPHM9g7doo_gXmN3m7GpEk,fpPHM9g7doo_gXmN3m7GpEk,fpPHM9g7doo,1,1,cf_lyrical_piano,top1_prompt_level_preference_counterfactual,original,top1_reference,"I prefer lyrical piano background music with a slow tempo, soft acoustic texture, gentle melody, and a calm sentimental mood.","That sounds great, I like the dance and electronic genres in your music recommendations. But I would like to incorporate a bit more of Nav Sidhu's distinctive style, especially his hip-hop and R&B components. I'm also interested in Indian beats.","I apologize, but I don't have enough information to recommend a specific track that matches your requirements. However, I can suggest exploring the music of Nav Sidhu, as he is known for his lyrical piano background music with a slow tempo and a calm sentimental mood. You may find a suitable track in his discography.","Allow me to recommend 'London'o Phone' by Nav Sidhu. Although there is no detailed information available about this track, Nav Sidhu is known for his hip-hop and R&B style. You can expect elements of pop, dance, and electronic genres in this song as well. It might be a suitable choice for your video, incorporating the Indian beats you're interested in.","Allow me to recommend 'London'o Phone' by Nav Sidhu. Although there is no detailed information available about this track, Nav Sidhu is known for his hip-hop and R&B style. You can expect elements of pop, dance, and electronic genres in this song as well. It might be a suitable choice for your video, incorporating the Indian beats you're interested in.",London'o Phone,Nav Sidhu,0,1,0,1,0,top1_generation_prompt_text_changed_only_precomputed_text_feature_unchanged
3660,K2Tehu9FskU,K2Tehu9FskU_mrUSad1Tdzk,K2Tehu9FskU_mrUSad1Tdzk,K2Tehu9FskU,1,1,original,top1_prompt_level_preference_counterfactual,original,top1_reference,"That sounds great, I like the rock and electronic types in your music recommendations. But I would like to incorporate a bit more of a pop and indie style, especially with female vocals. I'm also interested in a more vocal-focused sound.","That sounds great, I like the rock and electronic types in your music recommendations. But I would like to incorporate a bit more of a pop and indie style, especially with female vocals. I'm also interested in a more vocal-focused sound.","Allow me to recommend 'Revelation Song' by Steve and Sandi Padilla. It's a track from their album 'Revelation Song'. It combines elements of pop, indie, and rock with female vocals. The song has a vocal-focused sound that could be a fitting choice for your video.","Allow me to recommend the track 'Revelation Song' by Steve and Sandi Padilla. Although there is no specific information available about the track, based on the artist's genre tags of pop, electronic, and rock, and the MTT tags of female and vocal, it may align with your preferences for a pop and indie style with female vocals. As an AMV, it's important to have a strong vocal presence to convey emotions effectively.","Allow me to recommend the track 'Revelation Song' by Steve and Sandi Padilla. Although there is no specific information available about the track, based on the artist's genre tags of pop, electronic, and rock, and the MTT tags of female and vocal, it may align with your preferences for a pop and indie style with female vocals. As an AMV, it's important to have a strong vocal presence to convey emotions effectively.",Revelation Song,Steve and Sandi Padilla,1,1,1,0,0,top1_generation_prompt_text_changed_only_precomputed_text_feature_unchanged
3660,K2Tehu9FskU,K2Tehu9FskU_mrUSad1Tdzk,K2Tehu9FskU_mrUSad1Tdzk,K2Tehu9FskU,1,1,cf_upbeat_electronic,top1_prompt_level_preference_counterfactual,original,top1_reference,"I prefer upbeat electronic background music with a bright mood, clear rhythm, energetic beats, and a modern dance or pop feeling.","That sounds great, I like the rock and electronic types in your music recommendations. But I would like to incorporate a bit more of a pop and indie style, especially with female vocals. I'm also interested in a more vocal-focused sound.","I suggest you consider 'Revelation Song' by Steve and Sandi Padilla. It's a track from their album 'Revelation Song'. The song combines elements of rock, pop, and indie with female vocals. It has a fast-paced and energetic sound that aligns well with your preferences.","Allow me to recommend the track 'Revelation Song' by Steve and Sandi Padilla. Although there is no specific information available about the track, based on the artist's genre tags of pop, electronic, and rock, and the MTT tags of female and vocal, it may align with your preferences for a pop and indie style with female vocals. As an AMV, it's important to have a strong vocal presence to convey emotions effectively.","Allow me to recommend the track 'Revelation Song' by Steve and Sandi Padilla. Although there is no specific information available about the track, based on the artist's genre tags of pop, electronic, and rock, and the MTT tags of female and vocal, it may align with your preferences for a pop and indie style with female vocals. As an AMV, it's important to have a strong vocal presence to convey emotions effectively.",Revelation Song,Steve and Sandi Padilla,1,1,1,0,0,top1_generation_prompt_text_changed_only_precomputed_text_feature_unchanged
3660,K2Tehu9FskU,K2Tehu9FskU_mrUSad1Tdzk,K2Tehu9FskU_mrUSad1Tdzk,K2Tehu9FskU,1,1,cf_lyrical_piano,top1_prompt_level_preference_counterfactual,original,top1_reference,"I prefer lyrical piano background music with a slow tempo, soft acoustic texture, gentle melody, and a calm sentimental mood.","That sounds great, I like the rock and electronic types in your music recommendations. But I would like to incorporate a bit more of a pop and indie style, especially with female vocals. I'm also interested in a more vocal-focused sound.",I suggest you consider 'Revelation Song' by Steve and Sandi Padilla. It's a beautiful track with lyrical piano background music and a slow tempo. The song has a soft acoustic texture and a gentle melody that can create a calm and sentimental mood for your video.,"Allow me to recommend the track 'Revelation Song' by Steve and Sandi Padilla. Although there is no specific information available about the track, based on the artist's genre tags of pop, electronic, and rock, and the MTT tags of female and vocal, it may align with your preferences for a pop and indie style with female vocals. As an AMV, it's important to have a strong vocal presence to convey emotions effectively.","Allow me to recommend the track 'Revelation Song' by Steve and Sandi Padilla. Although there is no specific information available about the track, based on the artist's genre tags of pop, electronic, and rock, and the MTT tags of female and vocal, it may align with your preferences for a pop and indie style with female vocals. As an AMV, it's important to have a strong vocal presence to convey emotions effectively.",Revelation Song,Steve and Sandi Padilla,1,1,1,0,0,top1_generation_prompt_text_changed_only_precomputed_text_feature_unchanged
3673,h5Dl5y6er04,h5Dl5y6er04_rHV4SRg0aSU,Vfxj2zLHkSI_AfOSCflq5VM,Vfxj2zLHkSI,0,2,original,top1_prompt_level_preference_counterfactual,original,top1_reference,"Sounds interesting, but I'm looking for something with a more rock and punk vibe. Is there any other recommendation you can give?","Sounds interesting, but I'm looking for something with a more rock and punk vibe. Is there any other recommendation you can give?","Certainly! If you're looking for a rock and punk vibe, I would recommend 'The Last Time' by The Dirty Nil. This track is part of their album 'Minimum R&B' and it perfectly captures the energy and attitude of rock and punk music. It's a great choice to add some edge to your video.","Certainly! If you're looking for a rock and punk vibe, I suggest you check out 'Ezra' by David R Black. It's the latest video from this 3-piece rock band and offers a mix of rock, indie, alternative, and punk genres. This track is part of their new album 'Secret City', which you can find on their website or download from various online platforms like iTunes, Napster, Rhapsody, eMusic, and Amazon.","Allow me to recommend 'うさぎ／児玉梨奈'. It's a rock track by the usagi band. Although there is limited information available about the album or artists, the song falls under the indie, alternative, and female vocalists genres. It has a distinct indie rock vibe and was scheduled for release in September 2010.",,,,,,0,0,top1_generation_prompt_text_changed_only_precomputed_text_feature_unchanged
3673,h5Dl5y6er04,h5Dl5y6er04_rHV4SRg0aSU,Vfxj2zLHkSI_AfOSCflq5VM,Vfxj2zLHkSI,0,2,cf_upbeat_electronic,top1_prompt_level_preference_counterfactual,original,top1_reference,"I prefer upbeat electronic background music with a bright mood, clear rhythm, energetic beats, and a modern dance or pop feeling.","Sounds interesting, but I'm looking for something with a more rock and punk vibe. Is there any other recommendation you can give?","I suggest you consider 'The Last Time' by The Dirty Youth. It's a track from their album 'The Last Time'. The song combines elements of rock, indie, and alternative with a fast-paced and energetic sound. It has a techno and electronic influence, which aligns well with the upbeat and modern dance vibe you're looking for.","Certainly! If you're looking for a rock and punk vibe, I suggest you check out 'Ezra' by David R Black. It's the latest video from this 3-piece rock band and offers a mix of rock, indie, alternative, and punk genres. This track is part of their new album 'Secret City', which you can find on their website or download from various online platforms like iTunes, Napster, Rhapsody, eMusic, and Amazon.","Allow me to recommend 'うさぎ／児玉梨奈'. It's a rock track by the usagi band. Although there is limited information available about the album or artists, the song falls under the indie, alternative, and female vocalists genres. It has a distinct indie rock vibe and was scheduled for release in September 2010.",,,,,,0,0,top1_generation_prompt_text_changed_only_precomputed_text_feature_unchanged
3673,h5Dl5y6er04,h5Dl5y6er04_rHV4SRg0aSU,Vfxj2zLHkSI_AfOSCflq5VM,Vfxj2zLHkSI,0,2,cf_lyrical_piano,top1_prompt_level_preference_counterfactual,original,top1_reference,"I prefer lyrical piano background music with a slow tempo, soft acoustic texture, gentle melody, and a calm sentimental mood.","Sounds interesting, but I'm looking for something with a more rock and punk vibe. Is there any other recommendation you can give?","I apologize, but I don't have enough information to recommend a specific track, album, or artist based on your preferences. However, I can suggest exploring the music of artists who specialize in lyrical piano background music with a slow tempo, soft acoustic texture, gentle melody, and a calm sentimental mood.","Certainly! If you're looking for a rock and punk vibe, I suggest you check out 'Ezra' by David R Black. It's the latest video from this 3-piece rock band and offers a mix of rock, indie, alternative, and punk genres. This track is part of their new album 'Secret City', which you can find on their website or download from various online platforms like iTunes, Napster, Rhapsody, eMusic, and Amazon.","Allow me to recommend 'うさぎ／児玉梨奈'. It's a rock track by the usagi band. Although there is limited information available about the album or artists, the song falls under the indie, alternative, and female vocalists genres. It has a distinct indie rock vibe and was scheduled for release in September 2010.",,,,,,0,0,top1_generation_prompt_text_changed_only_precomputed_text_feature_unchanged
3689,mkPFefiDPsY,mkPFefiDPsY_eyPHi3taRcM,EKuoiY8ZVo0_Bc2R4GRgDgo,EKuoiY8ZVo0,0,3,original,top1_prompt_level_preference_counterfactual,original,top1_reference,"That sounds great, I like the electronic and rock fusion in your music recommendations. However, I would like to include a touch of Şebnem Ferah's unique style, especially her pop and indie elements. I'm also interested in female vocals and guitar sounds.","That sounds great, I like the electronic and rock fusion in your music recommendations. However, I would like to include a touch of Şebnem Ferah's unique style, especially her pop and indie elements. I'm also interested in female vocals and guitar sounds.","Allow me to recommend 'Bir Yerde' by Şebnem Ferah. It's a track from her album 'Bir Yerde'. The song combines elements of pop, rock, and indie with female vocals and guitar sounds. It was released in 2012 and could be a fitting choice for your video.","Allow me to recommend 'Ünzile' by Şebnem Ferah. It's a track from her album 'Onno Tunc Sarkilari'. The song combines pop, rock, and folk genres with indie influences. It features Şebnem Ferah's distinctive female vocals and includes guitar elements. It's a fitting choice for your video.","Allow me to recommend 'Finding You in a Sea of People' by 許豪中 + 雷雪倪. It's a track performed by Lin Yu Chun. Although I couldn't find much information about the album, it aligns with Lin Yu Chun's style of female vocals in the pop, rock, and indie genres. This song may have the folk influences you're looking for and could be a fitting choice for your wedding video.",Finding You in a Sea of People,許豪中 + 雷雪倪,0,0,0,1,0,top1_generation_prompt_text_changed_only_precomputed_text_feature_unchanged
3689,mkPFefiDPsY,mkPFefiDPsY_eyPHi3taRcM,EKuoiY8ZVo0_Bc2R4GRgDgo,EKuoiY8ZVo0,0,3,cf_upbeat_electronic,top1_prompt_level_preference_counterfactual,original,top1_reference,"I prefer upbeat electronic background music with a bright mood, clear rhythm, energetic beats, and a modern dance or pop feeling.","That sounds great, I like the electronic and rock fusion in your music recommendations. However, I would like to include a touch of Şebnem Ferah's unique style, especially her pop and indie elements. I'm also interested in female vocals and guitar sounds.","I suggest you consider 'Finding You in a Sea of People' by 許豪中 + 雷雪倪. It's a track from their album 'Finding You in a Sea of People'. This song combines elements of pop, rock, and electronic music with female vocals. It has a catchy and energetic vibe that could be a great fit for your video.","Allow me to recommend 'Ünzile' by Şebnem Ferah. It's a track from her album 'Onno Tunc Sarkilari'. The song combines pop, rock, and folk genres with indie influences. It features Şebnem Ferah's distinctive female vocals and includes guitar elements. It's a fitting choice for your video.","Allow me to recommend 'Finding You in a Sea of People' by 許豪中 + 雷雪倪. It's a track performed by Lin Yu Chun. Although I couldn't find much information about the album, it aligns with Lin Yu Chun's style of female vocals in the pop, rock, and indie genres. This song may have the folk influences you're looking for and could be a fitting choice for your wedding video.",Finding You in a Sea of People,許豪中 + 雷雪倪,1,1,1,0,0,top1_generation_prompt_text_changed_only_precomputed_text_feature_unchanged
3689,mkPFefiDPsY,mkPFefiDPsY_eyPHi3taRcM,EKuoiY8ZVo0_Bc2R4GRgDgo,EKuoiY8ZVo0,0,3,cf_lyrical_piano,top1_prompt_level_preference_counterfactual,original,top1_reference,"I prefer lyrical piano background music with a slow tempo, soft acoustic texture, gentle melody, and a calm sentimental mood.","That sounds great, I like the electronic and rock fusion in your music recommendations. However, I would like to include a touch of Şebnem Ferah's unique style, especially her pop and indie elements. I'm also interested in female vocals and guitar sounds.","I suggest you consider 'Finding You in a Sea of People' by 許豪中 + 雷雪倪. It's a track from their album 'Finding You in a Sea of People'. This song combines elements of pop, rock, and indie with a touch of folk. It features female vocals and has a slow tempo, which aligns well with your preferences.","Allow me to recommend 'Ünzile' by Şebnem Ferah. It's a track from her album 'Onno Tunc Sarkilari'. The song combines pop, rock, and folk genres with indie influences. It features Şebnem Ferah's distinctive female vocals and includes guitar elements. It's a fitting choice for your video.","Allow me to recommend 'Finding You in a Sea of People' by 許豪中 + 雷雪倪. It's a track performed by Lin Yu Chun. Although I couldn't find much information about the album, it aligns with Lin Yu Chun's style of female vocals in the pop, rock, and indie genres. This song may have the folk influences you're looking for and could be a fitting choice for your wedding video.",Finding You in a Sea of People,許豪中 + 雷雪倪,1,1,1,0,0,top1_generation_prompt_text_changed_only_precomputed_text_feature_unchanged
3705,SQZT17IAxeA,SQZT17IAxeA_tj0qwm941gg,UBdpX4ZXHTk_LSNactdL9l4,UBdpX4ZXHTk,0,4,original,top1_prompt_level_preference_counterfactual,original,top1_reference,"That sounds good, but I would like to include more elements of indie and dance music in the recommendation. I'm also interested in having some synth and vocal effects in the track.","That sounds good, but I would like to include more elements of indie and dance music in the recommendation. I'm also interested in having some synth and vocal effects in the track.","Allow me to recommend 'I'm On It' by Young Scooter. It's a track from his album 'I'm On It'. The song combines elements of hip-hop, electronic, and dance music with indie influences. It has a fast-paced techno sound with synth and vocal effects that could be a fitting choice for your video.","Let me suggest a track from D.Money and Ricky Mazarati titled '#Struggle'. Although there is no specific description available for this track, based on the MSD tags, it falls under the hip-hop, electronic, and indie genres. It might have the elements you are looking for, including dance influences and synth effects. Since it's a collaboration between two artists, it might also have interesting vocal effects.","Allow me to recommend the track from K98 Jamz 2013 PBC Awards Riley J BASH Ent & TOS Cypher. It's a hip-hop track with electronic and R&B elements that could be a fitting choice for your video. It also incorporates dance and rock influences, which add to its energetic and dynamic sound. This track was part of the 2013 PBC Award Cypher by B.A.S.H. Ent. & TOS Cypher.",,,,,,0,0,top1_generation_prompt_text_changed_only_precomputed_text_feature_unchanged
3705,SQZT17IAxeA,SQZT17IAxeA_tj0qwm941gg,UBdpX4ZXHTk_LSNactdL9l4,UBdpX4ZXHTk,0,4,cf_upbeat_electronic,top1_prompt_level_preference_counterfactual,original,top1_reference,"I prefer upbeat electronic background music with a bright mood, clear rhythm, energetic beats, and a modern dance or pop feeling.","That sounds good, but I would like to include more elements of indie and dance music in the recommendation. I'm also interested in having some synth and vocal effects in the track.","Based on your preferences, I recommend 'Ballin' by Yungin. It's a track from the album 'Ballin' by Yungin. This song combines elements of Hip-Hop, electronic, dance, R&B, and pop. It has a fast-paced beat and a modern dance or pop feel that could be a great fit for your video.","Let me suggest a track from D.Money and Ricky Mazarati titled '#Struggle'. Although there is no specific description available for this track, based on the MSD tags, it falls under the hip-hop, electronic, and indie genres. It might have the elements you are looking for, including dance influences and synth effects. Since it's a collaboration between two artists, it might also have interesting vocal effects.","Allow me to recommend the track from K98 Jamz 2013 PBC Awards Riley J BASH Ent & TOS Cypher. It's a hip-hop track with electronic and R&B elements that could be a fitting choice for your video. It also incorporates dance and rock influences, which add to its energetic and dynamic sound. This track was part of the 2013 PBC Award Cypher by B.A.S.H. Ent. & TOS Cypher.",,,,,,0,0,top1_generation_prompt_text_changed_only_precomputed_text_feature_unchanged
3705,SQZT17IAxeA,SQZT17IAxeA_tj0qwm941gg,UBdpX4ZXHTk_LSNactdL9l4,UBdpX4ZXHTk,0,4,cf_lyrical_piano,top1_prompt_level_preference_counterfactual,original,top1_reference,"I prefer lyrical piano background music with a slow tempo, soft acoustic texture, gentle melody, and a calm sentimental mood.","That sounds good, but I would like to include more elements of indie and dance music in the recommendation. I'm also interested in having some synth and vocal effects in the track.","I apologize, but I don't have enough information to recommend a specific track that matches your requirements. However, I can suggest exploring the music of artists like Drake, Kanye West, or Jay-Z, who are known for their lyrical piano background music with a slow tempo, soft acoustic texture, gentle melody, and a calm sentimental mood.","Let me suggest a track from D.Money and Ricky Mazarati titled '#Struggle'. Although there is no specific description available for this track, based on the MSD tags, it falls under the hip-hop, electronic, and indie genres. It might have the elements you are looking for, including dance influences and synth effects. Since it's a collaboration between two artists, it might also have interesting vocal effects.","Allow me to recommend the track from K98 Jamz 2013 PBC Awards Riley J BASH Ent & TOS Cypher. It's a hip-hop track with electronic and R&B elements that could be a fitting choice for your video. It also incorporates dance and rock influences, which add to its energetic and dynamic sound. This track was part of the 2013 PBC Award Cypher by B.A.S.H. Ent. & TOS Cypher.",,,,,,0,0,top1_generation_prompt_text_changed_only_precomputed_text_feature_unchanged
3711,xSAt_9AARZg,xSAt_9AARZg_qJbtrYcfTfo,xSAt_9AARZg_qJbtrYcfTfo,xSAt_9AARZg,1,1,original,top1_prompt_level_preference_counterfactual,original,top1_reference,"That sounds great, I like the genres you mentioned. However, I would like to incorporate a bit more of Christina Ross's style, especially her folk and jazz influences. I'm also interested in slow and acoustic sounds.","That sounds great, I like the genres you mentioned. However, I would like to incorporate a bit more of Christina Ross's style, especially her folk and jazz influences. I'm also interested in slow and acoustic sounds.","Allow me to recommend 'In Your Arms' by Christina Ross. It's a track from her album 'In Your Arms'. The song combines elements of pop, folk, and jazz with acoustic and slow-paced sounds. It features Christina Ross's beautiful vocals and could be a fitting choice for your video.","Allow me to recommend 'In Your Arms' by Christina Ross. It's a track from her album 'In Your Arms'. This song combines elements of folk, pop, and jazz with slow guitar and soothing female vocals, providing a perfect fit for your video. Since there is no description available, I cannot provide additional information about the track.","Allow me to recommend 'In Your Arms' by Christina Ross. It's a track from her album 'In Your Arms'. This song combines elements of folk, pop, and jazz with slow guitar and soothing female vocals, providing a perfect fit for your video. Since there is no description available, I cannot provide additional information about the track.",In Your Arms,Christina Ross,1,1,1,0,0,top1_generation_prompt_text_changed_only_precomputed_text_feature_unchanged
3711,xSAt_9AARZg,xSAt_9AARZg_qJbtrYcfTfo,xSAt_9AARZg_qJbtrYcfTfo,xSAt_9AARZg,1,1,cf_upbeat_electronic,top1_prompt_level_preference_counterfactual,original,top1_reference,"I prefer upbeat electronic background music with a bright mood, clear rhythm, energetic beats, and a modern dance or pop feeling.","That sounds great, I like the genres you mentioned. However, I would like to incorporate a bit more of Christina Ross's style, especially her folk and jazz influences. I'm also interested in slow and acoustic sounds.",I suggest you consider 'In Your Arms' by Christina Ross. It's a pop track with female vocals and indie influences. The song has a catchy melody and a danceable rhythm that could add a modern and energetic vibe to your video.,"Allow me to recommend 'In Your Arms' by Christina Ross. It's a track from her album 'In Your Arms'. This song combines elements of folk, pop, and jazz with slow guitar and soothing female vocals, providing a perfect fit for your video. Since there is no description available, I cannot provide additional information about the track.","Allow me to recommend 'In Your Arms' by Christina Ross. It's a track from her album 'In Your Arms'. This song combines elements of folk, pop, and jazz with slow guitar and soothing female vocals, providing a perfect fit for your video. Since there is no description available, I cannot provide additional information about the track.",In Your Arms,Christina Ross,1,1,1,0,0,top1_generation_prompt_text_changed_only_precomputed_text_feature_unchanged
3711,xSAt_9AARZg,xSAt_9AARZg_qJbtrYcfTfo,xSAt_9AARZg_qJbtrYcfTfo,xSAt_9AARZg,1,1,cf_lyrical_piano,top1_prompt_level_preference_counterfactual,original,top1_reference,"I prefer lyrical piano background music with a slow tempo, soft acoustic texture, gentle melody, and a calm sentimental mood.","That sounds great, I like the genres you mentioned. However, I would like to incorporate a bit more of Christina Ross's style, especially her folk and jazz influences. I'm also interested in slow and acoustic sounds.","Based on your preferences, I recommend 'In Your Arms' by Christina Ross. It's a beautiful song with lyrical piano background music. The track has a slow tempo, soft acoustic texture, and a gentle melody that creates a calm and sentimental mood. It's a perfect choice for your video.","Allow me to recommend 'In Your Arms' by Christina Ross. It's a track from her album 'In Your Arms'. This song combines elements of folk, pop, and jazz with slow guitar and soothing female vocals, providing a perfect fit for your video. Since there is no description available, I cannot provide additional information about the track.","Allow me to recommend 'In Your Arms' by Christina Ross. It's a track from her album 'In Your Arms'. This song combines elements of folk, pop, and jazz with slow guitar and soothing female vocals, providing a perfect fit for your video. Since there is no description available, I cannot provide additional information about the track.",In Your Arms,Christina Ross,1,1,1,0,0,top1_generation_prompt_text_changed_only_precomputed_text_feature_unchanged
3715,HalzeiAqMCs,HalzeiAqMCs_fJniB5oey-s,3QZ0y2FNkZc_sLmBqznOra8,3QZ0y2FNkZc,0,5,original,top1_prompt_level_preference_counterfactual,original,top1_reference,"That sounds like a great option, but I would like the music to have a pop and rock influence with a female vocalist. Can you suggest something that fits these criteria?","That sounds like a great option, but I would like the music to have a pop and rock influence with a female vocalist. Can you suggest something that fits these criteria?","Certainly! How about 'Thinking About You' by Chad Saaiman? It's a pop and rock track with a female vocalist. The song has a soulful and indie vibe, which could add a unique touch to your video. It was released in 2013 and has a music video directed by Craig Shields.",Allow me to recommend 'El Perdedor' by Enrique Iglesias. It's a track from his album 'El Perdedor' and features Marco Antonio Solís. The song has elements of pop and rock with a female vocalist. It was released as a bachata version which adds a unique touch to the music.,"Allow me to recommend 'Thinking About You' by Chad Saaiman. It's a track from his album 'The Flight'. It combines elements of pop, soul, and rock with captivating guitar melodies and powerful vocals. This song may be a fitting choice for your video as it captures the essence of Chad Saaiman's unique style.",Thinking About You,Chad Saaiman,1,1,1,0,0,top1_generation_prompt_text_changed_only_precomputed_text_feature_unchanged
3715,HalzeiAqMCs,HalzeiAqMCs_fJniB5oey-s,3QZ0y2FNkZc_sLmBqznOra8,3QZ0y2FNkZc,0,5,cf_upbeat_electronic,top1_prompt_level_preference_counterfactual,original,top1_reference,"I prefer upbeat electronic background music with a bright mood, clear rhythm, energetic beats, and a modern dance or pop feeling.","That sounds like a great option, but I would like the music to have a pop and rock influence with a female vocalist. Can you suggest something that fits these criteria?","I suggest you consider 'Thinking About You' by Chad Saaiman. It's a track from his album 'Thinking About You'. The song combines elements of pop, rock, and soul with a touch of country. It has a catchy and upbeat sound with a focus on guitar and vocals. The music video for this track was directed by Greg de Hoest and features a mix of live and studio footage.",Allow me to recommend 'El Perdedor' by Enrique Iglesias. It's a track from his album 'El Perdedor' and features Marco Antonio Solís. The song has elements of pop and rock with a female vocalist. It was released as a bachata version which adds a unique touch to the music.,"Allow me to recommend 'Thinking About You' by Chad Saaiman. It's a track from his album 'The Flight'. It combines elements of pop, soul, and rock with captivating guitar melodies and powerful vocals. This song may be a fitting choice for your video as it captures the essence of Chad Saaiman's unique style.",Thinking About You,Chad Saaiman,1,1,1,0,0,top1_generation_prompt_text_changed_only_precomputed_text_feature_unchanged
3715,HalzeiAqMCs,HalzeiAqMCs_fJniB5oey-s,3QZ0y2FNkZc_sLmBqznOra8,3QZ0y2FNkZc,0,5,cf_lyrical_piano,top1_prompt_level_preference_counterfactual,original,top1_reference,"I prefer lyrical piano background music with a slow tempo, soft acoustic texture, gentle melody, and a calm sentimental mood.","That sounds like a great option, but I would like the music to have a pop and rock influence with a female vocalist. Can you suggest something that fits these criteria?","Based on your preferences, I recommend 'Thinking About You' by Chad Saaiman. It's a track from his album 'Thinking About You'. The song features a lyrical piano background with a slow tempo, soft acoustic texture, and a gentle melody. It has a calm and sentimental mood that could be a perfect fit for your video.",Allow me to recommend 'El Perdedor' by Enrique Iglesias. It's a track from his album 'El Perdedor' and features Marco Antonio Solís. The song has elements of pop and rock with a female vocalist. It was released as a bachata version which adds a unique touch to the music.,"Allow me to recommend 'Thinking About You' by Chad Saaiman. It's a track from his album 'The Flight'. It combines elements of pop, soul, and rock with captivating guitar melodies and powerful vocals. This song may be a fitting choice for your video as it captures the essence of Chad Saaiman's unique style.",Thinking About You,Chad Saaiman,1,1,1,0,0,top1_generation_prompt_text_changed_only_precomputed_text_feature_unchanged
3754,GI6_MCrDl6o,GI6_MCrDl6o_fYEhUcWefXY,cozzY1QsCbM_7tAafrZ7QP8,cozzY1QsCbM,0,10,original,top1_prompt_level_preference_counterfactual,original,top1_reference,"That sounds great, but I'm also interested in incorporating Avicii and Nicky Romero's style into my video. I like the electronic and pop genres, and I'm particularly interested in female vocalists.","That sounds great, but I'm also interested in incorporating Avicii and Nicky Romero's style into my video. I like the electronic and pop genres, and I'm particularly interested in female vocalists.","Allow me to recommend 'I Could Be The One' by Avicii and Nicky Romero. It's a track from their album 'I Could Be The One'. The song combines elements of electronic, dance, and pop genres with female vocalists. It has a catchy and energetic vibe that could be a fitting choice for your video.","Let me recommend 'I Could Be The One' by Avicii vs Nicky Romero. It's an instrumental mix from their album 'I Could Be The One'. The track combines elements of electronic, pop, and house music, with a focus on female vocalists. It's a high-energy song that could complement your video well.","Absolutely, for an electronic and house vibe, I'd recommend 'Runaway (U & I) (Kaskade Remix)' by Galantis. This track is not only energetic but also combines elements of electronic, dance, house, and electro-pop. It's a great choice for capturing the high-energy spirit of an event.",d recommend 'Runaway (U & I) (Kaskade Remix),Galantis,0,0,0,1,0,top1_generation_prompt_text_changed_only_precomputed_text_feature_unchanged
3754,GI6_MCrDl6o,GI6_MCrDl6o_fYEhUcWefXY,cozzY1QsCbM_7tAafrZ7QP8,cozzY1QsCbM,0,10,cf_upbeat_electronic,top1_prompt_level_preference_counterfactual,original,top1_reference,"I prefer upbeat electronic background music with a bright mood, clear rhythm, energetic beats, and a modern dance or pop feeling.","That sounds great, but I'm also interested in incorporating Avicii and Nicky Romero's style into my video. I like the electronic and pop genres, and I'm particularly interested in female vocalists.","Based on your preferences, I recommend 'Runaway (U & I) (Kaskade Remix)' by Galantis. It's a track from their album 'Runaway (U & I) (Kaskade Remix)'. This song combines elements of electronic, dance, and pop genres with a house and electro influence. It has a fast tempo and a catchy beat that will add energy to your video.","Let me recommend 'I Could Be The One' by Avicii vs Nicky Romero. It's an instrumental mix from their album 'I Could Be The One'. The track combines elements of electronic, pop, and house music, with a focus on female vocalists. It's a high-energy song that could complement your video well.","Absolutely, for an electronic and house vibe, I'd recommend 'Runaway (U & I) (Kaskade Remix)' by Galantis. This track is not only energetic but also combines elements of electronic, dance, house, and electro-pop. It's a great choice for capturing the high-energy spirit of an event.",d recommend 'Runaway (U & I) (Kaskade Remix),Galantis,0,1,0,1,0,top1_generation_prompt_text_changed_only_precomputed_text_feature_unchanged
3754,GI6_MCrDl6o,GI6_MCrDl6o_fYEhUcWefXY,cozzY1QsCbM_7tAafrZ7QP8,cozzY1QsCbM,0,10,cf_lyrical_piano,top1_prompt_level_preference_counterfactual,original,top1_reference,"I prefer lyrical piano background music with a slow tempo, soft acoustic texture, gentle melody, and a calm sentimental mood.","That sounds great, but I'm also interested in incorporating Avicii and Nicky Romero's style into my video. I like the electronic and pop genres, and I'm particularly interested in female vocalists.","I apologize, but I don't have enough information to recommend a specific track that matches your requirements. However, I can suggest exploring the music of Galantis, as they are known for their electronic and dance music with elements of pop and house. You may find a track that aligns with your preferences.","Let me recommend 'I Could Be The One' by Avicii vs Nicky Romero. It's an instrumental mix from their album 'I Could Be The One'. The track combines elements of electronic, pop, and house music, with a focus on female vocalists. It's a high-energy song that could complement your video well.","Absolutely, for an electronic and house vibe, I'd recommend 'Runaway (U & I) (Kaskade Remix)' by Galantis. This track is not only energetic but also combines elements of electronic, dance, house, and electro-pop. It's a great choice for capturing the high-energy spirit of an event.",d recommend 'Runaway (U & I) (Kaskade Remix),Galantis,0,1,0,1,0,top1_generation_prompt_text_changed_only_precomputed_text_feature_unchanged
3788,cv-jSWbgOKU,cv-jSWbgOKU_C5A5d8ZWeWQ,cv-jSWbgOKU_C5A5d8ZWeWQ,cv-jSWbgOKU,1,1,original,top1_prompt_level_preference_counterfactual,original,top1_reference,"That sounds great, but I would like to incorporate some acoustic and folk elements into the music as well. Is there any other recommendation that combines these genres?","That sounds great, but I would like to incorporate some acoustic and folk elements into the music as well. Is there any other recommendation that combines these genres?","Certainly! How about 'Let Her Go' by Passenger? It's an acoustic track with elements of rock, indie, and folk. The song features guitar and male vocals, which can add a soothing and melodic touch to your video. It's a popular choice among fans of Passenger's music.","Certainly! How about 'Let Her Go' by Passenger? It's a cover version by Tom Harrigan & Ryan Fisk. Although I don't have much information about the album or artists, this track is known for its acoustic, indie, folk, and rock elements. It could provide a more mellow and introspective vibe to your video.","Certainly! How about 'Let Her Go' by Passenger? It's a cover version by Tom Harrigan & Ryan Fisk. Although I don't have much information about the album or artists, this track is known for its acoustic, indie, folk, and rock elements. It could provide a more mellow and introspective vibe to your video.",Let Her Go,Passenger,1,1,1,0,0,top1_generation_prompt_text_changed_only_precomputed_text_feature_unchanged
3788,cv-jSWbgOKU,cv-jSWbgOKU_C5A5d8ZWeWQ,cv-jSWbgOKU_C5A5d8ZWeWQ,cv-jSWbgOKU,1,1,cf_upbeat_electronic,top1_prompt_level_preference_counterfactual,original,top1_reference,"I prefer upbeat electronic background music with a bright mood, clear rhythm, energetic beats, and a modern dance or pop feeling.","That sounds great, but I would like to incorporate some acoustic and folk elements into the music as well. Is there any other recommendation that combines these genres?","I suggest you consider 'Let Her Go' by Passenger. It's a track from their album 'Let Her Go'. The song combines elements of rock, indie, and pop with a folk influence. It has a slow tempo and features guitar and male vocals. The music video for this song was directed by Sammy Leigh and filmed by Sammy Leigh and Ben Hewitt.","Certainly! How about 'Let Her Go' by Passenger? It's a cover version by Tom Harrigan & Ryan Fisk. Although I don't have much information about the album or artists, this track is known for its acoustic, indie, folk, and rock elements. It could provide a more mellow and introspective vibe to your video.","Certainly! How about 'Let Her Go' by Passenger? It's a cover version by Tom Harrigan & Ryan Fisk. Although I don't have much information about the album or artists, this track is known for its acoustic, indie, folk, and rock elements. It could provide a more mellow and introspective vibe to your video.",Let Her Go,Passenger,1,1,1,0,0,top1_generation_prompt_text_changed_only_precomputed_text_feature_unchanged
3788,cv-jSWbgOKU,cv-jSWbgOKU_C5A5d8ZWeWQ,cv-jSWbgOKU_C5A5d8ZWeWQ,cv-jSWbgOKU,1,1,cf_lyrical_piano,top1_prompt_level_preference_counterfactual,original,top1_reference,"I prefer lyrical piano background music with a slow tempo, soft acoustic texture, gentle melody, and a calm sentimental mood.","That sounds great, but I would like to incorporate some acoustic and folk elements into the music as well. Is there any other recommendation that combines these genres?","Based on your preferences, I recommend 'Let Her Go' by Passenger. It's a beautiful song with lyrical piano background music. The song has a slow tempo, soft acoustic texture, and a gentle melody that creates a calm and sentimental mood. It's a perfect choice for your video.","Certainly! How about 'Let Her Go' by Passenger? It's a cover version by Tom Harrigan & Ryan Fisk. Although I don't have much information about the album or artists, this track is known for its acoustic, indie, folk, and rock elements. It could provide a more mellow and introspective vibe to your video.","Certainly! How about 'Let Her Go' by Passenger? It's a cover version by Tom Harrigan & Ryan Fisk. Although I don't have much information about the album or artists, this track is known for its acoustic, indie, folk, and rock elements. It could provide a more mellow and introspective vibe to your video.",Let Her Go,Passenger,1,1,1,0,0,top1_generation_prompt_text_changed_only_precomputed_text_feature_unchanged
3819,qIJqSGTpfA0,qIJqSGTpfA0_babtBEl69zc,1XWlSatg95g_uz9nwvf5wbI,1XWlSatg95g,0,11,original,top1_prompt_level_preference_counterfactual,original,top1_reference,"That sounds great, but I would like to incorporate some indie and pop elements into the music as well. I'm also interested in dance music.","That sounds great, but I would like to incorporate some indie and pop elements into the music as well. I'm also interested in dance music.","Allow me to recommend 'Wonderful Life' by Tina Cousins. It's a track from her album 'Wonderful Life'. The song combines elements of electronic, rock, and pop with indie influences. It has a danceable beat and catchy melodies that could be a fitting choice for your video.","Allow me to recommend 'SHINING CRANE' by dESEO. It's an electronic track with influences from indie, rock, pop, and dance genres. Although there is no description available for this track, based on the artist's genre tags, it seems to have the elements you're looking for. Unfortunately, I don't have further information about the track's album name or artist name. But it might be worth exploring.","Certainly! How about 'Wonderful Life' by Tina Cousins? It's a track from her album 'Mastermind' and falls under the genres of dance, electronic, and pop. It features Tina Cousins' distinctive female vocals and has a catchy, upbeat sound that could be a fitting choice for your video.",Wonderful Life,Tina Cousins,1,1,1,0,0,top1_generation_prompt_text_changed_only_precomputed_text_feature_unchanged
3819,qIJqSGTpfA0,qIJqSGTpfA0_babtBEl69zc,1XWlSatg95g_uz9nwvf5wbI,1XWlSatg95g,0,11,cf_upbeat_electronic,top1_prompt_level_preference_counterfactual,original,top1_reference,"I prefer upbeat electronic background music with a bright mood, clear rhythm, energetic beats, and a modern dance or pop feeling.","That sounds great, but I would like to incorporate some indie and pop elements into the music as well. I'm also interested in dance music.","Based on your preferences, I recommend 'Wonderful Life' by Tina Cousins. It's an electronic track with a dance and pop vibe. The song has a fast tempo and features female vocals, which aligns well with your requirements.","Allow me to recommend 'SHINING CRANE' by dESEO. It's an electronic track with influences from indie, rock, pop, and dance genres. Although there is no description available for this track, based on the artist's genre tags, it seems to have the elements you're looking for. Unfortunately, I don't have further information about the track's album name or artist name. But it might be worth exploring.","Certainly! How about 'Wonderful Life' by Tina Cousins? It's a track from her album 'Mastermind' and falls under the genres of dance, electronic, and pop. It features Tina Cousins' distinctive female vocals and has a catchy, upbeat sound that could be a fitting choice for your video.",Wonderful Life,Tina Cousins,1,1,1,0,0,top1_generation_prompt_text_changed_only_precomputed_text_feature_unchanged
3819,qIJqSGTpfA0,qIJqSGTpfA0_babtBEl69zc,1XWlSatg95g_uz9nwvf5wbI,1XWlSatg95g,0,11,cf_lyrical_piano,top1_prompt_level_preference_counterfactual,original,top1_reference,"I prefer lyrical piano background music with a slow tempo, soft acoustic texture, gentle melody, and a calm sentimental mood.","That sounds great, but I would like to incorporate some indie and pop elements into the music as well. I'm also interested in dance music.","I suggest you consider 'Wonderful Life' by Tina Cousins. It's a track from her album 'Wonderful Life'. The song combines elements of pop, electronic, and rock with a touch of 80s influence. It features a female vocalist and has a slow tempo, which aligns with your preference for lyrical piano background music with a soft acoustic texture and a calm sentimental mood.","Allow me to recommend 'SHINING CRANE' by dESEO. It's an electronic track with influences from indie, rock, pop, and dance genres. Although there is no description available for this track, based on the artist's genre tags, it seems to have the elements you're looking for. Unfortunately, I don't have further information about the track's album name or artist name. But it might be worth exploring.","Certainly! How about 'Wonderful Life' by Tina Cousins? It's a track from her album 'Mastermind' and falls under the genres of dance, electronic, and pop. It features Tina Cousins' distinctive female vocals and has a catchy, upbeat sound that could be a fitting choice for your video.",Wonderful Life,Tina Cousins,1,1,1,0,0,top1_generation_prompt_text_changed_only_precomputed_text_feature_unchanged
3876,5vOcmkN9MIk,5vOcmkN9MIk_YKkdrHiem3o,5vOcmkN9MIk_YKkdrHiem3o,5vOcmkN9MIk,1,1,original,top1_prompt_level_preference_counterfactual,original,top1_reference,"That sounds great, but I would like to incorporate a bit more of Rasta Squad's distinctive style, especially their electronic and dance components. I'm also interested in hip-hop and pop influences.","That sounds great, but I would like to incorporate a bit more of Rasta Squad's distinctive style, especially their electronic and dance components. I'm also interested in hip-hop and pop influences.","Allow me to recommend 'Webster (JAHBESTIN)' by Rasta Squad. It's a track from their album 'Webster (JAHBESTIN)'. It combines elements of hip-hop, electronic, and dance with a pop influence. The song was released in 2010 and has a fast-paced and energetic vibe that could be a fitting choice for your video.","Allow me to recommend the track 'Webster (JAHBESTIN)' by Rasta Squad. It's a track from their album 'Legalizacja'. It combines elements of hip-hop, electronic, rock, and pop with dance influences. Although there is no description available, it is likely to have the specific elements you are looking for based on the artist's style.","Allow me to recommend the track 'Webster (JAHBESTIN)' by Rasta Squad. It's a track from their album 'Legalizacja'. It combines elements of hip-hop, electronic, rock, and pop with dance influences. Although there is no description available, it is likely to have the specific elements you are looking for based on the artist's style.",Webster (JAHBESTIN),Rasta Squad,1,1,1,0,0,top1_generation_prompt_text_changed_only_precomputed_text_feature_unchanged
3876,5vOcmkN9MIk,5vOcmkN9MIk_YKkdrHiem3o,5vOcmkN9MIk_YKkdrHiem3o,5vOcmkN9MIk,1,1,cf_upbeat_electronic,top1_prompt_level_preference_counterfactual,original,top1_reference,"I prefer upbeat electronic background music with a bright mood, clear rhythm, energetic beats, and a modern dance or pop feeling.","That sounds great, but I would like to incorporate a bit more of Rasta Squad's distinctive style, especially their electronic and dance components. I'm also interested in hip-hop and pop influences.","Based on your preferences, I recommend 'Wir sind die Besten' by Rasta Squad. It's a track from their album 'Wir sind die Besten'. This song combines elements of Hip-Hop, electronic, dance, pop, and rock. It has a fast-paced beat and a modern dance or pop feel that aligns well with your requirements.","Allow me to recommend the track 'Webster (JAHBESTIN)' by Rasta Squad. It's a track from their album 'Legalizacja'. It combines elements of hip-hop, electronic, rock, and pop with dance influences. Although there is no description available, it is likely to have the specific elements you are looking for based on the artist's style.","Allow me to recommend the track 'Webster (JAHBESTIN)' by Rasta Squad. It's a track from their album 'Legalizacja'. It combines elements of hip-hop, electronic, rock, and pop with dance influences. Although there is no description available, it is likely to have the specific elements you are looking for based on the artist's style.",Webster (JAHBESTIN),Rasta Squad,0,1,0,1,0,top1_generation_prompt_text_changed_only_precomputed_text_feature_unchanged
3876,5vOcmkN9MIk,5vOcmkN9MIk_YKkdrHiem3o,5vOcmkN9MIk_YKkdrHiem3o,5vOcmkN9MIk,1,1,cf_lyrical_piano,top1_prompt_level_preference_counterfactual,original,top1_reference,"I prefer lyrical piano background music with a slow tempo, soft acoustic texture, gentle melody, and a calm sentimental mood.","That sounds great, but I would like to incorporate a bit more of Rasta Squad's distinctive style, especially their electronic and dance components. I'm also interested in hip-hop and pop influences.","I apologize, but I don't have enough information to recommend a specific track that matches your requirements. However, I can suggest exploring the works of artists like Rasta Squad, who specialize in hip-hop, electronic, and pop music with a chillout and ambient vibe. You may find a suitable track that aligns with your preferences.","Allow me to recommend the track 'Webster (JAHBESTIN)' by Rasta Squad. It's a track from their album 'Legalizacja'. It combines elements of hip-hop, electronic, rock, and pop with dance influences. Although there is no description available, it is likely to have the specific elements you are looking for based on the artist's style.","Allow me to recommend the track 'Webster (JAHBESTIN)' by Rasta Squad. It's a track from their album 'Legalizacja'. It combines elements of hip-hop, electronic, rock, and pop with dance influences. Although there is no description available, it is likely to have the specific elements you are looking for based on the artist's style.",Webster (JAHBESTIN),Rasta Squad,0,1,0,1,0,top1_generation_prompt_text_changed_only_precomputed_text_feature_unchanged
3905,H-W68B4KTVI,H-W68B4KTVI_ulxuGZNxbA0,ZZGwle80SUg_jeCpb0O6-tE,ZZGwle80SUg,0,17,original,top1_prompt_level_preference_counterfactual,original,top1_reference,"That sounds great, but I also want to include some ambient and female vocalists in the music. Do you have any recommendations that fit those criteria?","That sounds great, but I also want to include some ambient and female vocalists in the music. Do you have any recommendations that fit those criteria?",Certainly! How about 'The Way You Make Me Feel' by The Funky Lowlifes? It's an electronic track with ambient and chillout elements. The song features female vocalists and was released in 2012. It could be a fitting choice for your video.,"I apologize, but I don't have enough information about the target music to provide a specific recommendation. However, based on your preference for ambient and female vocalists, I suggest exploring the music of L2K. They are known for their electronic and pop sound with female vocalists. You may find a suitable track from their discography.","Allow me to recommend an electronic track with a chillout vibe. Unfortunately, I don't have any information about the specific title, album, or artist. However, it falls under the genres of electronic, chillout, and ambient, which can create a soothing and relaxing atmosphere for your travel video. I believe this track can provide the desired atmosphere for your travel video.",,,,,,0,0,top1_generation_prompt_text_changed_only_precomputed_text_feature_unchanged
3905,H-W68B4KTVI,H-W68B4KTVI_ulxuGZNxbA0,ZZGwle80SUg_jeCpb0O6-tE,ZZGwle80SUg,0,17,cf_upbeat_electronic,top1_prompt_level_preference_counterfactual,original,top1_reference,"I prefer upbeat electronic background music with a bright mood, clear rhythm, energetic beats, and a modern dance or pop feeling.","That sounds great, but I also want to include some ambient and female vocalists in the music. Do you have any recommendations that fit those criteria?","Based on your preferences, I recommend 'Sunshine' by Sara Bareilles. It's an electronic track with a pop and dance vibe. The song has a catchy beat and a bright, energetic sound that could be a great fit for your video.","I apologize, but I don't have enough information about the target music to provide a specific recommendation. However, based on your preference for ambient and female vocalists, I suggest exploring the music of L2K. They are known for their electronic and pop sound with female vocalists. You may find a suitable track from their discography.","Allow me to recommend an electronic track with a chillout vibe. Unfortunately, I don't have any information about the specific title, album, or artist. However, it falls under the genres of electronic, chillout, and ambient, which can create a soothing and relaxing atmosphere for your travel video. I believe this track can provide the desired atmosphere for your travel video.",,,,,,0,0,top1_generation_prompt_text_changed_only_precomputed_text_feature_unchanged
3905,H-W68B4KTVI,H-W68B4KTVI_ulxuGZNxbA0,ZZGwle80SUg_jeCpb0O6-tE,ZZGwle80SUg,0,17,cf_lyrical_piano,top1_prompt_level_preference_counterfactual,original,top1_reference,"I prefer lyrical piano background music with a slow tempo, soft acoustic texture, gentle melody, and a calm sentimental mood.","That sounds great, but I also want to include some ambient and female vocalists in the music. Do you have any recommendations that fit those criteria?","I suggest you consider 'Love Is Alive' by Gary Numan. It's a track from his album 'Love Is Alive'. This song combines electronic, pop, and chillout elements with a slow tempo and a lyrical piano melody. It has a soothing and sentimental vibe that could be a perfect fit for your video.","I apologize, but I don't have enough information about the target music to provide a specific recommendation. However, based on your preference for ambient and female vocalists, I suggest exploring the music of L2K. They are known for their electronic and pop sound with female vocalists. You may find a suitable track from their discography.","Allow me to recommend an electronic track with a chillout vibe. Unfortunately, I don't have any information about the specific title, album, or artist. However, it falls under the genres of electronic, chillout, and ambient, which can create a soothing and relaxing atmosphere for your travel video. I believe this track can provide the desired atmosphere for your travel video.",,,,,,0,0,top1_generation_prompt_text_changed_only_precomputed_text_feature_unchanged
3915,4Q4VQyHfiPI,4Q4VQyHfiPI_5KMORmZGYRc,pL6JO8iNtfQ_Jlm5kSTc4_w,pL6JO8iNtfQ,0,4,original,top1_prompt_level_preference_counterfactual,original,top1_reference,"That sounds great, I like the electronic and Hip-Hop genres in your music recommendations. But I would like to add a touch of Jhon KPO & Edsson's style, especially their electronic and vocal elements. I'm also interested in incorporating some beat and drum influences.","That sounds great, I like the electronic and Hip-Hop genres in your music recommendations. But I would like to add a touch of Jhon KPO & Edsson's style, especially their electronic and vocal elements. I'm also interested in incorporating some beat and drum influences.","Allow me to recommend 'She Dey Do Me' by Jhon KPO & Edsson. It's a track from their album 'She Dey Do Me'. It combines elements of electronic, Hip-Hop, and pop with catchy beats and drums. The song features vocal performances by Jhon KPO & Edsson, which could be a fitting choice for your video.","Allow me to recommend 'Se siente el party' by Jhon KPO & Edsson. It's an electronic track released in 2015. The song combines elements of Hip-Hop, pop, and dance with a focus on electronic beats and vocals. It has a lively and energetic sound that incorporates the beat and drum influences you're looking for.","In that case, I would recommend the track 'She Dey Do Me' by Castro D'destroyer. This track has a fast tempo and combines elements of Hip-Hop, electronic, dance, pop, and electro. It would provide the energetic and electronic vibes you're looking for in your dance freestyle video.",She Dey Do Me,Castro D'destroyer,1,0,0,1,0,top1_generation_prompt_text_changed_only_precomputed_text_feature_unchanged
3915,4Q4VQyHfiPI,4Q4VQyHfiPI_5KMORmZGYRc,pL6JO8iNtfQ_Jlm5kSTc4_w,pL6JO8iNtfQ,0,4,cf_upbeat_electronic,top1_prompt_level_preference_counterfactual,original,top1_reference,"I prefer upbeat electronic background music with a bright mood, clear rhythm, energetic beats, and a modern dance or pop feeling.","That sounds great, I like the electronic and Hip-Hop genres in your music recommendations. But I would like to add a touch of Jhon KPO & Edsson's style, especially their electronic and vocal elements. I'm also interested in incorporating some beat and drum influences.","Based on your preferences, I recommend 'She Dey Do Me' by Castro D'destroyer. It's a track from the album 'She Dey Do Me' and falls under the genres of Hip-Hop, electronic, dance, pop, and electro. The song has a fast-paced beat and a modern dance or pop feel that aligns well with your video.","Allow me to recommend 'Se siente el party' by Jhon KPO & Edsson. It's an electronic track released in 2015. The song combines elements of Hip-Hop, pop, and dance with a focus on electronic beats and vocals. It has a lively and energetic sound that incorporates the beat and drum influences you're looking for.","In that case, I would recommend the track 'She Dey Do Me' by Castro D'destroyer. This track has a fast tempo and combines elements of Hip-Hop, electronic, dance, pop, and electro. It would provide the energetic and electronic vibes you're looking for in your dance freestyle video.",She Dey Do Me,Castro D'destroyer,1,1,1,0,0,top1_generation_prompt_text_changed_only_precomputed_text_feature_unchanged
3915,4Q4VQyHfiPI,4Q4VQyHfiPI_5KMORmZGYRc,pL6JO8iNtfQ_Jlm5kSTc4_w,pL6JO8iNtfQ,0,4,cf_lyrical_piano,top1_prompt_level_preference_counterfactual,original,top1_reference,"I prefer lyrical piano background music with a slow tempo, soft acoustic texture, gentle melody, and a calm sentimental mood.","That sounds great, I like the electronic and Hip-Hop genres in your music recommendations. But I would like to add a touch of Jhon KPO & Edsson's style, especially their electronic and vocal elements. I'm also interested in incorporating some beat and drum influences.","I apologize, but I don't have enough information to recommend a specific track that matches your preferences. However, I can suggest exploring the music of Castro D'destroyer, as they are known for their lyrical piano background music with a slow tempo and a calm sentimental mood.","Allow me to recommend 'Se siente el party' by Jhon KPO & Edsson. It's an electronic track released in 2015. The song combines elements of Hip-Hop, pop, and dance with a focus on electronic beats and vocals. It has a lively and energetic sound that incorporates the beat and drum influences you're looking for.","In that case, I would recommend the track 'She Dey Do Me' by Castro D'destroyer. This track has a fast tempo and combines elements of Hip-Hop, electronic, dance, pop, and electro. It would provide the energetic and electronic vibes you're looking for in your dance freestyle video.",She Dey Do Me,Castro D'destroyer,0,1,0,1,0,top1_generation_prompt_text_changed_only_precomputed_text_feature_unchanged
3916,TME4uekY9hc,TME4uekY9hc_p79AdYDjlFU,5eOeqLInmKQ_Agc6sXk98Do,5eOeqLInmKQ,0,10,original,top1_prompt_level_preference_counterfactual,original,top1_reference,"Sounds good, but I'm looking for something with a more chill and relaxed vibe, similar to 'Vibe Tribe' by Just Juice.","Sounds good, but I'm looking for something with a more chill and relaxed vibe, similar to 'Vibe Tribe' by Just Juice.","In that case, I would recommend 'Vibe Tribe' by Just Juice. This track has a chillout and electronic sound with elements of Hip-Hop and R&B. It's perfect for creating a relaxed and laid-back atmosphere in your video.","In that case, I would recommend 'Breathe' by Just Juice. This track has a similar chill and relaxed vibe to 'Vibe Tribe' and is part of his mixtape 'For The People'. It was produced by 6ix, adding an electronic touch to the sound.","Allow me to recommend 'WYLIZMIDUPE.COM' by SD. It's a track from their album 'UMIEJĘTNOŚCI'. It combines elements of Hip-Hop, electronic, and rock with chillout and experimental vibes. The song was released in 2007 which may contain the specific elements you want.",WYLIZMIDUPE.COM,SD,0,0,0,1,0,top1_generation_prompt_text_changed_only_precomputed_text_feature_unchanged
3916,TME4uekY9hc,TME4uekY9hc_p79AdYDjlFU,5eOeqLInmKQ_Agc6sXk98Do,5eOeqLInmKQ,0,10,cf_upbeat_electronic,top1_prompt_level_preference_counterfactual,original,top1_reference,"I prefer upbeat electronic background music with a bright mood, clear rhythm, energetic beats, and a modern dance or pop feeling.","Sounds good, but I'm looking for something with a more chill and relaxed vibe, similar to 'Vibe Tribe' by Just Juice.","I suggest you consider 'WYLIZMIDUPE.COM' by SD. It's a track from the album 'WYLIZMIDUPE.COM' by SD. This song combines elements of Hip-Hop, electronic, rock, and pop with a dance influence. It has a fast-paced beat and a modern sound that could be a fitting choice for your video.","In that case, I would recommend 'Breathe' by Just Juice. This track has a similar chill and relaxed vibe to 'Vibe Tribe' and is part of his mixtape 'For The People'. It was produced by 6ix, adding an electronic touch to the sound.","Allow me to recommend 'WYLIZMIDUPE.COM' by SD. It's a track from their album 'UMIEJĘTNOŚCI'. It combines elements of Hip-Hop, electronic, and rock with chillout and experimental vibes. The song was released in 2007 which may contain the specific elements you want.",WYLIZMIDUPE.COM,SD,1,1,1,0,0,top1_generation_prompt_text_changed_only_precomputed_text_feature_unchanged
3916,TME4uekY9hc,TME4uekY9hc_p79AdYDjlFU,5eOeqLInmKQ_Agc6sXk98Do,5eOeqLInmKQ,0,10,cf_lyrical_piano,top1_prompt_level_preference_counterfactual,original,top1_reference,"I prefer lyrical piano background music with a slow tempo, soft acoustic texture, gentle melody, and a calm sentimental mood.","Sounds good, but I'm looking for something with a more chill and relaxed vibe, similar to 'Vibe Tribe' by Just Juice.","Based on your preferences, I recommend 'WYLIZMIDUPE.COM' by SD. It's a track with lyrical piano background music and a slow tempo. The song has a soft acoustic texture and a gentle melody, creating a calm and sentimental mood. It's a perfect choice for your video.","In that case, I would recommend 'Breathe' by Just Juice. This track has a similar chill and relaxed vibe to 'Vibe Tribe' and is part of his mixtape 'For The People'. It was produced by 6ix, adding an electronic touch to the sound.","Allow me to recommend 'WYLIZMIDUPE.COM' by SD. It's a track from their album 'UMIEJĘTNOŚCI'. It combines elements of Hip-Hop, electronic, and rock with chillout and experimental vibes. The song was released in 2007 which may contain the specific elements you want.",WYLIZMIDUPE.COM,SD,1,1,1,0,0,top1_generation_prompt_text_changed_only_precomputed_text_feature_unchanged
3931,arOdnIxy3tk,arOdnIxy3tk_dniPTlMnvKA,bPMBlvETSNo_thPFdfMWJcc,bPMBlvETSNo,0,10,original,top1_prompt_level_preference_counterfactual,original,top1_reference,"Sounds good, but I'm looking for something with a bit more of a 90s feel and a mix of genres like Hip-Hop, jazz, electronic, rock, and pop.","Sounds good, but I'm looking for something with a bit more of a 90s feel and a mix of genres like Hip-Hop, jazz, electronic, rock, and pop.","In that case, I would recommend 'Keep Movin' by Eddie Brock of THE EPIXX featuring John Q. This track combines elements of Hip-Hop, jazz, electronic, rock, and pop, giving it a unique and diverse sound. It has a 90s vibe that will add a nostalgic touch to your video.","In that case, I would recommend 'Save Your Life - NonFiction' by Aprilighost. This track has a mix of genres including Hip-Hop, jazz, electronic, rock, and pop. The piano and male vocals give it a unique sound, and it has a slower tempo. It was released in 2012 and has an official music video.","Allow me to recommend 'Keep Movin' by Eddie Brock of THE EPIXX featuring John Q. It's a track from Eddie Brock's album 'Tension'. It combines elements of hip-hop, rock, electronic, and soul with a chillout vibe that could be a fitting choice for your video. It was filmed by AMG Cinematic Films.",Keep Movin,Eddie Brock of THE EPIXX featuring John Q,1,1,1,0,0,top1_generation_prompt_text_changed_only_precomputed_text_feature_unchanged
3931,arOdnIxy3tk,arOdnIxy3tk_dniPTlMnvKA,bPMBlvETSNo_thPFdfMWJcc,bPMBlvETSNo,0,10,cf_upbeat_electronic,top1_prompt_level_preference_counterfactual,original,top1_reference,"I prefer upbeat electronic background music with a bright mood, clear rhythm, energetic beats, and a modern dance or pop feeling.","Sounds good, but I'm looking for something with a bit more of a 90s feel and a mix of genres like Hip-Hop, jazz, electronic, rock, and pop.","I suggest you consider 'Keep Movin' by Eddie Brock of THE EPIXX featuring John Q. It's a track from their album 'The Epixx'. This song combines elements of Hip-Hop, electronic, rock, and pop with a dance vibe. It has a fast-paced beat and a modern sound that could be a great fit for your video.","In that case, I would recommend 'Save Your Life - NonFiction' by Aprilighost. This track has a mix of genres including Hip-Hop, jazz, electronic, rock, and pop. The piano and male vocals give it a unique sound, and it has a slower tempo. It was released in 2012 and has an official music video.","Allow me to recommend 'Keep Movin' by Eddie Brock of THE EPIXX featuring John Q. It's a track from Eddie Brock's album 'Tension'. It combines elements of hip-hop, rock, electronic, and soul with a chillout vibe that could be a fitting choice for your video. It was filmed by AMG Cinematic Films.",Keep Movin,Eddie Brock of THE EPIXX featuring John Q,1,1,1,0,0,top1_generation_prompt_text_changed_only_precomputed_text_feature_unchanged
3931,arOdnIxy3tk,arOdnIxy3tk_dniPTlMnvKA,bPMBlvETSNo_thPFdfMWJcc,bPMBlvETSNo,0,10,cf_lyrical_piano,top1_prompt_level_preference_counterfactual,original,top1_reference,"I prefer lyrical piano background music with a slow tempo, soft acoustic texture, gentle melody, and a calm sentimental mood.","Sounds good, but I'm looking for something with a bit more of a 90s feel and a mix of genres like Hip-Hop, jazz, electronic, rock, and pop.","Based on your preferences, I recommend 'Keep Movin' by Eddie Brock of THE EPIXX featuring John Q. It's a track from their album 'The Epixx'. This song combines elements of hip-hop, rock, and electronic music with a slow tempo and a piano-driven melody. It has a lyrical and sentimental vibe that aligns with your preferences.","In that case, I would recommend 'Save Your Life - NonFiction' by Aprilighost. This track has a mix of genres including Hip-Hop, jazz, electronic, rock, and pop. The piano and male vocals give it a unique sound, and it has a slower tempo. It was released in 2012 and has an official music video.","Allow me to recommend 'Keep Movin' by Eddie Brock of THE EPIXX featuring John Q. It's a track from Eddie Brock's album 'Tension'. It combines elements of hip-hop, rock, electronic, and soul with a chillout vibe that could be a fitting choice for your video. It was filmed by AMG Cinematic Films.",Keep Movin,Eddie Brock of THE EPIXX featuring John Q,1,1,1,0,0,top1_generation_prompt_text_changed_only_precomputed_text_feature_unchanged
3936,brSk7jSBrUo,brSk7jSBrUo_Uf0v56xKJtU,ugDrXID6P0s_H52fs923axY,ugDrXID6P0s,0,5,original,top1_prompt_level_preference_counterfactual,original,top1_reference,"That sounds cool, but I'm leaning towards something with a bit more of a Hip-Hop vibe but still maintaining that fast pace. Any ideas?","That sounds cool, but I'm leaning towards something with a bit more of a Hip-Hop vibe but still maintaining that fast pace. Any ideas?","If you're looking for a track that combines Hip-Hop with a fast pace, 'Hardcore' by Bizzle from the album 'The Good Life' would be a perfect fit. It's a blend of Hip-Hop, electronic, rock, pop, and dance, with a techno and electronic sound that's sure to keep your viewers engaged.","I have just the track for you - 'Kiss Your Ass Goodbye' by Sheek Louch, from the album 'After Taxes'. It's a fantastic choice if you're looking for something that has a strong Hip-Hop core, complemented by elements of electronic, rock, and even a touch of ambient and indie. Its beats are fast and it has an energetic vibe, perfect for a high-energy scene while keeping that Hip-Hop essence.","Sure! How about 'What I've Got' by Bloop? It's a promotional track produced by Bloop himself, and it showcases his unique blend of hip-hop, rock, pop, and electronic elements. Although there isn't much information available about the track, it aligns well with the genres you're looking for.",What I've Got,Bloop,0,0,0,1,0,top1_generation_prompt_text_changed_only_precomputed_text_feature_unchanged
3936,brSk7jSBrUo,brSk7jSBrUo_Uf0v56xKJtU,ugDrXID6P0s_H52fs923axY,ugDrXID6P0s,0,5,cf_upbeat_electronic,top1_prompt_level_preference_counterfactual,original,top1_reference,"I prefer upbeat electronic background music with a bright mood, clear rhythm, energetic beats, and a modern dance or pop feeling.","That sounds cool, but I'm leaning towards something with a bit more of a Hip-Hop vibe but still maintaining that fast pace. Any ideas?","I suggest you consider 'What I've Got' by Bloop. It's a track from the album 'What I've Got' and features a mix of Hip-Hop, electronic, rock, pop, and dance genres. The song has a fast-paced beat and a catchy rhythm that could be a great fit for your video.","I have just the track for you - 'Kiss Your Ass Goodbye' by Sheek Louch, from the album 'After Taxes'. It's a fantastic choice if you're looking for something that has a strong Hip-Hop core, complemented by elements of electronic, rock, and even a touch of ambient and indie. Its beats are fast and it has an energetic vibe, perfect for a high-energy scene while keeping that Hip-Hop essence.","Sure! How about 'What I've Got' by Bloop? It's a promotional track produced by Bloop himself, and it showcases his unique blend of hip-hop, rock, pop, and electronic elements. Although there isn't much information available about the track, it aligns well with the genres you're looking for.",What I've Got,Bloop,1,1,1,0,0,top1_generation_prompt_text_changed_only_precomputed_text_feature_unchanged
3936,brSk7jSBrUo,brSk7jSBrUo_Uf0v56xKJtU,ugDrXID6P0s_H52fs923axY,ugDrXID6P0s,0,5,cf_lyrical_piano,top1_prompt_level_preference_counterfactual,original,top1_reference,"I prefer lyrical piano background music with a slow tempo, soft acoustic texture, gentle melody, and a calm sentimental mood.","That sounds cool, but I'm leaning towards something with a bit more of a Hip-Hop vibe but still maintaining that fast pace. Any ideas?","I suggest you consider 'What I've Got' by Bloop. It's a track from the album 'What I've Got' and features lyrical piano background music with a slow tempo, soft acoustic texture, gentle melody, and a calm sentimental mood. It aligns well with your preferences.","I have just the track for you - 'Kiss Your Ass Goodbye' by Sheek Louch, from the album 'After Taxes'. It's a fantastic choice if you're looking for something that has a strong Hip-Hop core, complemented by elements of electronic, rock, and even a touch of ambient and indie. Its beats are fast and it has an energetic vibe, perfect for a high-energy scene while keeping that Hip-Hop essence.","Sure! How about 'What I've Got' by Bloop? It's a promotional track produced by Bloop himself, and it showcases his unique blend of hip-hop, rock, pop, and electronic elements. Although there isn't much information available about the track, it aligns well with the genres you're looking for.",What I've Got,Bloop,1,1,1,0,0,top1_generation_prompt_text_changed_only_precomputed_text_feature_unchanged
3952,hlhgYkDKqn4,hlhgYkDKqn4_jKBmrIgG-Nw,pIIHeqgq2tk_PyxpMASSAbE,pIIHeqgq2tk,0,2,original,top1_prompt_level_preference_counterfactual,original,top1_reference,"That sounds great, I like the fast-paced and electronic elements in your music recommendations. But I would like to incorporate a bit more of Carlos Vives' distinctive style, especially his folk and rock influences. I'm also interested in guitar and vocal elements.","That sounds great, I like the fast-paced and electronic elements in your music recommendations. But I would like to incorporate a bit more of Carlos Vives' distinctive style, especially his folk and rock influences. I'm also interested in guitar and vocal elements.","Allow me to recommend 'La Tierra del Olvido' by Carlos Vives. It's a track from his album 'La Tierra del Olvido'. It combines elements of folk, rock, and pop with guitar and vocal-focused sound. It was released in 2011 and may contain the specific elements you're looking for.","Allow me to recommend 'La Tierra del Olvido' by Carlos Vives ft Varios Artistas. It's a track from the album 'PFC 2: Songs Around The World' by Playing For Change. The song combines elements of folk, rock, pop, and jazz with beautiful vocal performances. It may have the guitar and vocal elements you're looking for to enhance your video.","Allow me to recommend 'Marina' by Dennie Damaro. It's a track classified as country, pop, oldies, and rock. Although there is no description available for this specific track, Dennie Damaro is known for his country and rock music. This song could be a fitting choice for your video to incorporate his distinctive style.",Marina,Dennie Damaro,0,0,0,1,0,top1_generation_prompt_text_changed_only_precomputed_text_feature_unchanged
3952,hlhgYkDKqn4,hlhgYkDKqn4_jKBmrIgG-Nw,pIIHeqgq2tk_PyxpMASSAbE,pIIHeqgq2tk,0,2,cf_upbeat_electronic,top1_prompt_level_preference_counterfactual,original,top1_reference,"I prefer upbeat electronic background music with a bright mood, clear rhythm, energetic beats, and a modern dance or pop feeling.","That sounds great, I like the fast-paced and electronic elements in your music recommendations. But I would like to incorporate a bit more of Carlos Vives' distinctive style, especially his folk and rock influences. I'm also interested in guitar and vocal elements.","I suggest you consider 'Marina' by Dennie Damaro. It's a track from the album 'Marina' and features a mix of rock, pop, country, and folk elements. The song has a catchy and upbeat sound with a mix of guitar and drums. It was released in 2012 and has a modern and energetic vibe that aligns well with your preferences.","Allow me to recommend 'La Tierra del Olvido' by Carlos Vives ft Varios Artistas. It's a track from the album 'PFC 2: Songs Around The World' by Playing For Change. The song combines elements of folk, rock, pop, and jazz with beautiful vocal performances. It may have the guitar and vocal elements you're looking for to enhance your video.","Allow me to recommend 'Marina' by Dennie Damaro. It's a track classified as country, pop, oldies, and rock. Although there is no description available for this specific track, Dennie Damaro is known for his country and rock music. This song could be a fitting choice for your video to incorporate his distinctive style.",Marina,Dennie Damaro,1,1,1,0,0,top1_generation_prompt_text_changed_only_precomputed_text_feature_unchanged
3952,hlhgYkDKqn4,hlhgYkDKqn4_jKBmrIgG-Nw,pIIHeqgq2tk_PyxpMASSAbE,pIIHeqgq2tk,0,2,cf_lyrical_piano,top1_prompt_level_preference_counterfactual,original,top1_reference,"I prefer lyrical piano background music with a slow tempo, soft acoustic texture, gentle melody, and a calm sentimental mood.","That sounds great, I like the fast-paced and electronic elements in your music recommendations. But I would like to incorporate a bit more of Carlos Vives' distinctive style, especially his folk and rock influences. I'm also interested in guitar and vocal elements.","I apologize, but I don't have enough information to recommend a specific track that matches your preferences. However, I can suggest exploring the music of Dennie Damaro, as he is known for his lyrical piano background music with a slow tempo, soft acoustic texture, and a calm sentimental mood.","Allow me to recommend 'La Tierra del Olvido' by Carlos Vives ft Varios Artistas. It's a track from the album 'PFC 2: Songs Around The World' by Playing For Change. The song combines elements of folk, rock, pop, and jazz with beautiful vocal performances. It may have the guitar and vocal elements you're looking for to enhance your video.","Allow me to recommend 'Marina' by Dennie Damaro. It's a track classified as country, pop, oldies, and rock. Although there is no description available for this specific track, Dennie Damaro is known for his country and rock music. This song could be a fitting choice for your video to incorporate his distinctive style.",Marina,Dennie Damaro,0,1,0,1,0,top1_generation_prompt_text_changed_only_precomputed_text_feature_unchanged
3963,Wu8w5gYs6ZI,Wu8w5gYs6ZI_RzKd8etBkhQ,QavmGzKcFKo_8leVBEw1K1Q,QavmGzKcFKo,0,2,original,top1_prompt_level_preference_counterfactual,original,top1_reference,"That sounds great, I like the hip-hop and electronic genres in your music recommendations. But I would also like to incorporate a bit more of Vinyl Therapy's distinctive style, especially their jazz and soul influences. I'm also interested in chillout elements.","That sounds great, I like the hip-hop and electronic genres in your music recommendations. But I would also like to incorporate a bit more of Vinyl Therapy's distinctive style, especially their jazz and soul influences. I'm also interested in chillout elements.","Allow me to recommend 'Vinyl Therapy' by Vinyl Therapy. It's a track from their album 'Vinyl Therapy'. It combines elements of hip-hop, electronic, jazz, and soul with a chillout vibe. The song was released in 2012 and may contain the specific elements you're looking for.","Allow me to recommend 'Una Vida' by Vinyl Therapy ft. Pipo Ti, Crypy, Rapsoda, and Tcap Leviatán. It's a track that combines elements of hip-hop, electronic, jazz, and chillout. The song aims to bring back the true elements of hip-hop from the 90s golden era and features a soulful vibe. It might be a fitting choice for your video.","In that case, I would recommend 'Badman' by Michall V Reaves, also known as s k i n n y l o w. This track combines the elements of Hip-Hop, jazz, and electronic, while also incorporating a soulful and R&B sound. It's part of the album 'Nistolgic'.",Badman,Michall V Reaves,0,0,0,1,0,top1_generation_prompt_text_changed_only_precomputed_text_feature_unchanged
3963,Wu8w5gYs6ZI,Wu8w5gYs6ZI_RzKd8etBkhQ,QavmGzKcFKo_8leVBEw1K1Q,QavmGzKcFKo,0,2,cf_upbeat_electronic,top1_prompt_level_preference_counterfactual,original,top1_reference,"I prefer upbeat electronic background music with a bright mood, clear rhythm, energetic beats, and a modern dance or pop feeling.","That sounds great, I like the hip-hop and electronic genres in your music recommendations. But I would also like to incorporate a bit more of Vinyl Therapy's distinctive style, especially their jazz and soul influences. I'm also interested in chillout elements.","I suggest you consider 'Badman' by Michall V Reaves. It's a track from the album 'The Badman Mixtape'. This song combines elements of hip-hop, electronic, and rock with a chillout vibe. It has a techno and electronic sound with a fast beat and synth elements.","Allow me to recommend 'Una Vida' by Vinyl Therapy ft. Pipo Ti, Crypy, Rapsoda, and Tcap Leviatán. It's a track that combines elements of hip-hop, electronic, jazz, and chillout. The song aims to bring back the true elements of hip-hop from the 90s golden era and features a soulful vibe. It might be a fitting choice for your video.","In that case, I would recommend 'Badman' by Michall V Reaves, also known as s k i n n y l o w. This track combines the elements of Hip-Hop, jazz, and electronic, while also incorporating a soulful and R&B sound. It's part of the album 'Nistolgic'.",Badman,Michall V Reaves,1,1,1,0,0,top1_generation_prompt_text_changed_only_precomputed_text_feature_unchanged
3963,Wu8w5gYs6ZI,Wu8w5gYs6ZI_RzKd8etBkhQ,QavmGzKcFKo_8leVBEw1K1Q,QavmGzKcFKo,0,2,cf_lyrical_piano,top1_prompt_level_preference_counterfactual,original,top1_reference,"I prefer lyrical piano background music with a slow tempo, soft acoustic texture, gentle melody, and a calm sentimental mood.","That sounds great, I like the hip-hop and electronic genres in your music recommendations. But I would also like to incorporate a bit more of Vinyl Therapy's distinctive style, especially their jazz and soul influences. I'm also interested in chillout elements.","I suggest you listen to 'Badman' by Michall V Reaves. It's a track from the album 'The Art of Rhyme' by Michall V Reaves. This song combines elements of hip-hop, electronic, and rock with a slow tempo and a piano-driven sound. It has a relaxed and introspective vibe that aligns with your preferences.","Allow me to recommend 'Una Vida' by Vinyl Therapy ft. Pipo Ti, Crypy, Rapsoda, and Tcap Leviatán. It's a track that combines elements of hip-hop, electronic, jazz, and chillout. The song aims to bring back the true elements of hip-hop from the 90s golden era and features a soulful vibe. It might be a fitting choice for your video.","In that case, I would recommend 'Badman' by Michall V Reaves, also known as s k i n n y l o w. This track combines the elements of Hip-Hop, jazz, and electronic, while also incorporating a soulful and R&B sound. It's part of the album 'Nistolgic'.",Badman,Michall V Reaves,1,1,1,0,0,top1_generation_prompt_text_changed_only_precomputed_text_feature_unchanged
3980,saTEJs6bLos,saTEJs6bLos_P9_I1wHU2zk,0lkuVDqosG0_Im1bp7Ljud4,0lkuVDqosG0,0,4,original,top1_prompt_level_preference_counterfactual,original,top1_reference,"That sounds great, but I'm looking to incorporate a bit more of Perez's unique style into the video. I'm interested in his experimental electronic sound and his vocals.","That sounds great, but I'm looking to incorporate a bit more of Perez's unique style into the video. I'm interested in his experimental electronic sound and his vocals.","Allow me to recommend 'Perez' by Perez. It's a track from his album 'Perez'. The song combines elements of hip-hop, electronic, and rock with experimental and indie influences. It features Perez's distinctive vocals and has a techno and electronic sound. The music video for this track was directed by Javier Sánchez and produced by Javier Sánchez and Perez.","Allow me to recommend 'Distúrbio' by Perez. It's a track from his mixtape 'Histórias Lá Do Bairro' recorded under the label M401. 'Distúrbio' combines elements of hip-hop, electronic, and experimental music with a unique rock and electronica sound. It may be a fitting choice for your video, especially if you want to highlight Perez's vocals and experimental electronic style.","I suggest checking out K.I.Z.'s album 'Sexismus gegen Rechts'. It features a mix of hip-hop, rock, electronic, folk, and blues elements. Although I don't have information on a specific track name, you can explore the album to find a song that aligns with the style you're looking for.",,,,,,0,0,top1_generation_prompt_text_changed_only_precomputed_text_feature_unchanged
3980,saTEJs6bLos,saTEJs6bLos_P9_I1wHU2zk,0lkuVDqosG0_Im1bp7Ljud4,0lkuVDqosG0,0,4,cf_upbeat_electronic,top1_prompt_level_preference_counterfactual,original,top1_reference,"I prefer upbeat electronic background music with a bright mood, clear rhythm, energetic beats, and a modern dance or pop feeling.","That sounds great, but I'm looking to incorporate a bit more of Perez's unique style into the video. I'm interested in his experimental electronic sound and his vocals.","Based on your preferences, I recommend 'Bonjour' by S.O.S. It's a track from their album 'Bonjour'. This song combines elements of hip-hop, electronic, rock, and dance with a fast-paced techno beat. It has a modern and energetic sound that aligns well with your requirements.","Allow me to recommend 'Distúrbio' by Perez. It's a track from his mixtape 'Histórias Lá Do Bairro' recorded under the label M401. 'Distúrbio' combines elements of hip-hop, electronic, and experimental music with a unique rock and electronica sound. It may be a fitting choice for your video, especially if you want to highlight Perez's vocals and experimental electronic style.","I suggest checking out K.I.Z.'s album 'Sexismus gegen Rechts'. It features a mix of hip-hop, rock, electronic, folk, and blues elements. Although I don't have information on a specific track name, you can explore the album to find a song that aligns with the style you're looking for.",,,,,,0,0,top1_generation_prompt_text_changed_only_precomputed_text_feature_unchanged
3980,saTEJs6bLos,saTEJs6bLos_P9_I1wHU2zk,0lkuVDqosG0_Im1bp7Ljud4,0lkuVDqosG0,0,4,cf_lyrical_piano,top1_prompt_level_preference_counterfactual,original,top1_reference,"I prefer lyrical piano background music with a slow tempo, soft acoustic texture, gentle melody, and a calm sentimental mood.","That sounds great, but I'm looking to incorporate a bit more of Perez's unique style into the video. I'm interested in his experimental electronic sound and his vocals.","I apologize, but I don't have enough information to recommend a specific track that matches your requirements. However, I can suggest exploring the works of artists like Kendrick Lamar, who are known for their lyrical piano background music with a slow tempo, soft acoustic texture, gentle melody, and a calm sentimental mood.","Allow me to recommend 'Distúrbio' by Perez. It's a track from his mixtape 'Histórias Lá Do Bairro' recorded under the label M401. 'Distúrbio' combines elements of hip-hop, electronic, and experimental music with a unique rock and electronica sound. It may be a fitting choice for your video, especially if you want to highlight Perez's vocals and experimental electronic style.","I suggest checking out K.I.Z.'s album 'Sexismus gegen Rechts'. It features a mix of hip-hop, rock, electronic, folk, and blues elements. Although I don't have information on a specific track name, you can explore the album to find a song that aligns with the style you're looking for.",,,,,,0,0,top1_generation_prompt_text_changed_only_precomputed_text_feature_unchanged
3981,s4UKAbZXMD8,s4UKAbZXMD8_c6F-7olJ_VI,vqIII04IVWE_AnqmaLYLzbk,vqIII04IVWE,0,3,original,top1_prompt_level_preference_counterfactual,original,top1_reference,That sounds great! I'm also interested in incorporating some acoustic and folk elements into the music. Do you have any recommendations that blend rock and folk?,That sounds great! I'm also interested in incorporating some acoustic and folk elements into the music. Do you have any recommendations that blend rock and folk?,"Certainly! How about 'Rahaee' by KIOSK? It's a track from their album 'Rahaee'. The song combines elements of rock, indie, and folk with acoustic guitar and male vocals. It has a unique blend of genres that could add a touch of folk and acoustic to your video.","Certainly! How about 'Video Games' by Lana Del Rey? It's a cover by May Tomorrow. The original track is known for its indie, rock, and alternative sound, and this cover adds acoustic and folk elements to it. It could be a great choice to blend rock and folk in your video.","Allow me to recommend 'Rahaee' by KIOSK. It's a track from their album 'تشکیلات موازی - کیوسک'. The song combines elements of indie, rock, folk, and pop with strong vocal performances. It may contain the specific elements you're looking for in KIOSK's distinctive style.",Rahaee,KIOSK,1,1,1,0,0,top1_generation_prompt_text_changed_only_precomputed_text_feature_unchanged
3981,s4UKAbZXMD8,s4UKAbZXMD8_c6F-7olJ_VI,vqIII04IVWE_AnqmaLYLzbk,vqIII04IVWE,0,3,cf_upbeat_electronic,top1_prompt_level_preference_counterfactual,original,top1_reference,"I prefer upbeat electronic background music with a bright mood, clear rhythm, energetic beats, and a modern dance or pop feeling.",That sounds great! I'm also interested in incorporating some acoustic and folk elements into the music. Do you have any recommendations that blend rock and folk?,"I suggest you consider 'Rahaee' by KIOSK. It's a track from their album 'Rahaee'. The song combines elements of rock, indie, pop, and alternative with a touch of folk. It has a guitar-driven sound with a focus on vocals. The music video for 'Rahaee' was directed by Alireza Shojaei and features a unique blend of visuals and music.","Certainly! How about 'Video Games' by Lana Del Rey? It's a cover by May Tomorrow. The original track is known for its indie, rock, and alternative sound, and this cover adds acoustic and folk elements to it. It could be a great choice to blend rock and folk in your video.","Allow me to recommend 'Rahaee' by KIOSK. It's a track from their album 'تشکیلات موازی - کیوسک'. The song combines elements of indie, rock, folk, and pop with strong vocal performances. It may contain the specific elements you're looking for in KIOSK's distinctive style.",Rahaee,KIOSK,1,1,1,0,0,top1_generation_prompt_text_changed_only_precomputed_text_feature_unchanged
3981,s4UKAbZXMD8,s4UKAbZXMD8_c6F-7olJ_VI,vqIII04IVWE_AnqmaLYLzbk,vqIII04IVWE,0,3,cf_lyrical_piano,top1_prompt_level_preference_counterfactual,original,top1_reference,"I prefer lyrical piano background music with a slow tempo, soft acoustic texture, gentle melody, and a calm sentimental mood.",That sounds great! I'm also interested in incorporating some acoustic and folk elements into the music. Do you have any recommendations that blend rock and folk?,"Based on your preferences, I recommend 'Rahaee' by KIOSK. It's a track from their album 'Rahaee'. The song combines elements of rock, indie, pop, and folk with a focus on piano and acoustic instruments. It has a slow tempo and a soothing acoustic texture that can create a calm and sentimental mood for your video.","Certainly! How about 'Video Games' by Lana Del Rey? It's a cover by May Tomorrow. The original track is known for its indie, rock, and alternative sound, and this cover adds acoustic and folk elements to it. It could be a great choice to blend rock and folk in your video.","Allow me to recommend 'Rahaee' by KIOSK. It's a track from their album 'تشکیلات موازی - کیوسک'. The song combines elements of indie, rock, folk, and pop with strong vocal performances. It may contain the specific elements you're looking for in KIOSK's distinctive style.",Rahaee,KIOSK,1,1,1,0,0,top1_generation_prompt_text_changed_only_precomputed_text_feature_unchanged
4025,BSA-zYdJkw8,BSA-zYdJkw8_jO8zlog3yfo,1B7MkrUexcg_ePC_ApHWm6c,1B7MkrUexcg,0,3,original,top1_prompt_level_preference_counterfactual,original,top1_reference,"I like that suggestion, but I'm searching for something that has more of an R&B twist to it as well. Do you have anything like that?","I like that suggestion, but I'm searching for something that has more of an R&B twist to it as well. Do you have anything like that?","Certainly! In that case, I'd recommend 'I'm Yours' by Jason Derulo. This track is a perfect blend of pop, R&B, and soul, with a touch of rock and electronic elements. It's a beautiful song that's sure to add a romantic vibe to your wedding video.","For an R&B twist with a blend of pop and electronic, 'I Love You' by Jonathan McReynolds from the album 'Walking In The Light Vol. II' would be a perfect match for your playlist. The song features beautiful female vocals and offers a mix of pop, R&B, and electronic elements that you're looking for.","Allow me to recommend '你撕碎了我的心' by A-ONE. It's a track from their album '截拳道'. This song combines elements of pop, R&B, soul, and rock genres. It features female vocals and may include guitar sounds that align with the style you're looking for.",你撕碎了我的心,A-ONE,0,0,0,1,0,top1_generation_prompt_text_changed_only_precomputed_text_feature_unchanged
4025,BSA-zYdJkw8,BSA-zYdJkw8_jO8zlog3yfo,1B7MkrUexcg_ePC_ApHWm6c,1B7MkrUexcg,0,3,cf_upbeat_electronic,top1_prompt_level_preference_counterfactual,original,top1_reference,"I prefer upbeat electronic background music with a bright mood, clear rhythm, energetic beats, and a modern dance or pop feeling.","I like that suggestion, but I'm searching for something that has more of an R&B twist to it as well. Do you have anything like that?","Based on your preferences, I recommend '我愛你' by 吳昱昱. It's a track from the album '我愛你'. This song combines elements of pop, R&B, soul, and dance, which aligns well with your desired upbeat electronic background music with a bright mood, clear rhythm, energetic beats, and a modern dance or pop feeling.","For an R&B twist with a blend of pop and electronic, 'I Love You' by Jonathan McReynolds from the album 'Walking In The Light Vol. II' would be a perfect match for your playlist. The song features beautiful female vocals and offers a mix of pop, R&B, and electronic elements that you're looking for.","Allow me to recommend '你撕碎了我的心' by A-ONE. It's a track from their album '截拳道'. This song combines elements of pop, R&B, soul, and rock genres. It features female vocals and may include guitar sounds that align with the style you're looking for.",你撕碎了我的心,A-ONE,0,0,0,1,0,top1_generation_prompt_text_changed_only_precomputed_text_feature_unchanged
4025,BSA-zYdJkw8,BSA-zYdJkw8_jO8zlog3yfo,1B7MkrUexcg_ePC_ApHWm6c,1B7MkrUexcg,0,3,cf_lyrical_piano,top1_prompt_level_preference_counterfactual,original,top1_reference,"I prefer lyrical piano background music with a slow tempo, soft acoustic texture, gentle melody, and a calm sentimental mood.","I like that suggestion, but I'm searching for something that has more of an R&B twist to it as well. Do you have anything like that?","I suggest you consider '你撕碎了我的心' by A-ONE. It's a track from their album '你撕碎了我的心'. This song combines elements of pop, R&B, soul, and rock, with a focus on female vocals. It has a slow tempo and a soothing acoustic sound that can create a calm and sentimental atmosphere for your video.","For an R&B twist with a blend of pop and electronic, 'I Love You' by Jonathan McReynolds from the album 'Walking In The Light Vol. II' would be a perfect match for your playlist. The song features beautiful female vocals and offers a mix of pop, R&B, and electronic elements that you're looking for.","Allow me to recommend '你撕碎了我的心' by A-ONE. It's a track from their album '截拳道'. This song combines elements of pop, R&B, soul, and rock genres. It features female vocals and may include guitar sounds that align with the style you're looking for.",你撕碎了我的心,A-ONE,1,1,1,0,0,top1_generation_prompt_text_changed_only_precomputed_text_feature_unchanged
4053,RtN6hQUg_8A,RtN6hQUg_8A_uASCrVnpPG0,Ouklg8O_w-0_cOtZyGZI298,Ouklg8O_w-0,0,5,original,top1_prompt_level_preference_counterfactual,original,top1_reference,"I like the electronic touch but I'm searching for something with more of an electro and house influence, possibly something that has been used in cool events.","I like the electronic touch but I'm searching for something with more of an electro and house influence, possibly something that has been used in cool events.","If you're looking for a track that's been used in cool events with an electro and house influence, 'The Party' by The Party would be a perfect fit. This track is part of the album 'The Party' and offers a blend of electronic, electro, dance, and house genres. It's a great choice for adding a lively and energetic vibe to your event.","For something with a strong electro and house vibe that's been featured in cool events, I'd recommend 'Scary Monsters and Nice Sprites' by Skrillex. It's a track with a great mix of electronic, electro, dance, and house. The energy of this track is unmatched and it fits perfectly for vibrant party scenes.",Allow me to recommend 'Love Ya' by SS501. It's a pop and dance track with electronic and house elements. The song features female vocalists and was released with a mini drama/music video. It may be a fitting choice for your video and align well with the style and influences you're looking for.,Love Ya,SS501,0,0,0,1,0,top1_generation_prompt_text_changed_only_precomputed_text_feature_unchanged
4053,RtN6hQUg_8A,RtN6hQUg_8A_uASCrVnpPG0,Ouklg8O_w-0_cOtZyGZI298,Ouklg8O_w-0,0,5,cf_upbeat_electronic,top1_prompt_level_preference_counterfactual,original,top1_reference,"I prefer upbeat electronic background music with a bright mood, clear rhythm, energetic beats, and a modern dance or pop feeling.","I like the electronic touch but I'm searching for something with more of an electro and house influence, possibly something that has been used in cool events.","Based on your preferences, I recommend 'Love Ya' by SS501. It's a track from their album 'SUPER JUNIOR THE 5TH ASIA TOUR CONCERT IN SEOUL'. This song combines electronic, Hip-Hop, and dance elements with a fast-paced techno beat. It has a modern and energetic vibe that aligns well with your requirements.","For something with a strong electro and house vibe that's been featured in cool events, I'd recommend 'Scary Monsters and Nice Sprites' by Skrillex. It's a track with a great mix of electronic, electro, dance, and house. The energy of this track is unmatched and it fits perfectly for vibrant party scenes.",Allow me to recommend 'Love Ya' by SS501. It's a pop and dance track with electronic and house elements. The song features female vocalists and was released with a mini drama/music video. It may be a fitting choice for your video and align well with the style and influences you're looking for.,Love Ya,SS501,1,1,1,0,0,top1_generation_prompt_text_changed_only_precomputed_text_feature_unchanged
4053,RtN6hQUg_8A,RtN6hQUg_8A_uASCrVnpPG0,Ouklg8O_w-0_cOtZyGZI298,Ouklg8O_w-0,0,5,cf_lyrical_piano,top1_prompt_level_preference_counterfactual,original,top1_reference,"I prefer lyrical piano background music with a slow tempo, soft acoustic texture, gentle melody, and a calm sentimental mood.","I like the electronic touch but I'm searching for something with more of an electro and house influence, possibly something that has been used in cool events.","I apologize, but I don't have enough information to recommend a specific track based on your preferences. However, I can suggest exploring the music of SS501, as they are known for their lyrical piano background music with a slow tempo and a calm sentimental mood.","For something with a strong electro and house vibe that's been featured in cool events, I'd recommend 'Scary Monsters and Nice Sprites' by Skrillex. It's a track with a great mix of electronic, electro, dance, and house. The energy of this track is unmatched and it fits perfectly for vibrant party scenes.",Allow me to recommend 'Love Ya' by SS501. It's a pop and dance track with electronic and house elements. The song features female vocalists and was released with a mini drama/music video. It may be a fitting choice for your video and align well with the style and influences you're looking for.,Love Ya,SS501,0,1,0,1,0,top1_generation_prompt_text_changed_only_precomputed_text_feature_unchanged
4087,khe8nWxLC6A,khe8nWxLC6A_GM5NClxKzV4,-XiN_yDGDjE_Bt2ha5B3X3c,-XiN_yDGDjE,0,3,original,top1_prompt_level_preference_counterfactual,original,top1_reference,"That sounds great, I like the hip-hop and electronic genres in your music recommendations. But I would like to incorporate a bit more of Troy Nathans' distinctive style, especially his pop influences. I'm also interested in vocal and guitar elements.","That sounds great, I like the hip-hop and electronic genres in your music recommendations. But I would like to incorporate a bit more of Troy Nathans' distinctive style, especially his pop influences. I'm also interested in vocal and guitar elements.","Allow me to recommend 'Walking On Water' by Troy Nathans. It's a track from his album 'Walking On Water'. It combines elements of hip-hop, rock, and pop with electronic beats and guitar-focused sound. The song was released in 2013 and may contain the specific elements you're looking for.","Allow me to recommend 'Show My Soul' by Troy Nathans feat. Eli. It's a track recorded at The Chicago Recording Company, one of the most prestigious recording studios. The song combines elements of hip-hop, electronic, and pop music with rock and indie influences. It features a vocal performance and guitar elements. The track was mixed and mastered by Kyle Burt and additional engineering was done by Tom Zalduendo.","Allow me to recommend 'Whips & Waves' by Clarkoh. It's a reflective track that captures a life journey since senior year in high school. Although there is no specific information about the album or artists, the song's genre tags indicate that it falls within the hip-hop, rock, indie, and folk genres. It may incorporate male vocals and guitar as well.",Whips & Waves,Clarkoh,0,0,0,1,0,top1_generation_prompt_text_changed_only_precomputed_text_feature_unchanged
4087,khe8nWxLC6A,khe8nWxLC6A_GM5NClxKzV4,-XiN_yDGDjE_Bt2ha5B3X3c,-XiN_yDGDjE,0,3,cf_upbeat_electronic,top1_prompt_level_preference_counterfactual,original,top1_reference,"I prefer upbeat electronic background music with a bright mood, clear rhythm, energetic beats, and a modern dance or pop feeling.","That sounds great, I like the hip-hop and electronic genres in your music recommendations. But I would like to incorporate a bit more of Troy Nathans' distinctive style, especially his pop influences. I'm also interested in vocal and guitar elements.","I suggest you consider 'Whips & Waves' by Clarkoh. It's a track from the album 'Whips & Waves'. This song combines elements of Hip-Hop, electronic, rock, and pop, with a focus on indie and alternative influences. It has a fast-paced and energetic sound with a modern dance or pop feel.","Allow me to recommend 'Show My Soul' by Troy Nathans feat. Eli. It's a track recorded at The Chicago Recording Company, one of the most prestigious recording studios. The song combines elements of hip-hop, electronic, and pop music with rock and indie influences. It features a vocal performance and guitar elements. The track was mixed and mastered by Kyle Burt and additional engineering was done by Tom Zalduendo.","Allow me to recommend 'Whips & Waves' by Clarkoh. It's a reflective track that captures a life journey since senior year in high school. Although there is no specific information about the album or artists, the song's genre tags indicate that it falls within the hip-hop, rock, indie, and folk genres. It may incorporate male vocals and guitar as well.",Whips & Waves,Clarkoh,1,1,1,0,0,top1_generation_prompt_text_changed_only_precomputed_text_feature_unchanged
4087,khe8nWxLC6A,khe8nWxLC6A_GM5NClxKzV4,-XiN_yDGDjE_Bt2ha5B3X3c,-XiN_yDGDjE,0,3,cf_lyrical_piano,top1_prompt_level_preference_counterfactual,original,top1_reference,"I prefer lyrical piano background music with a slow tempo, soft acoustic texture, gentle melody, and a calm sentimental mood.","That sounds great, I like the hip-hop and electronic genres in your music recommendations. But I would like to incorporate a bit more of Troy Nathans' distinctive style, especially his pop influences. I'm also interested in vocal and guitar elements.","I suggest you listen to 'Whips & Waves' by Clarkoh. It's a track from his album 'Whips & Waves'. The song combines elements of hip-hop, rock, indie, and pop with a focus on lyrical piano and a slow tempo. It has a soft acoustic texture and a gentle melody that creates a calm and sentimental mood.","Allow me to recommend 'Show My Soul' by Troy Nathans feat. Eli. It's a track recorded at The Chicago Recording Company, one of the most prestigious recording studios. The song combines elements of hip-hop, electronic, and pop music with rock and indie influences. It features a vocal performance and guitar elements. The track was mixed and mastered by Kyle Burt and additional engineering was done by Tom Zalduendo.","Allow me to recommend 'Whips & Waves' by Clarkoh. It's a reflective track that captures a life journey since senior year in high school. Although there is no specific information about the album or artists, the song's genre tags indicate that it falls within the hip-hop, rock, indie, and folk genres. It may incorporate male vocals and guitar as well.",Whips & Waves,Clarkoh,1,1,1,0,0,top1_generation_prompt_text_changed_only_precomputed_text_feature_unchanged
4147,5cE75y2eQRw,5cE75y2eQRw_MtAwCNqg2jY,R-6hBsPMYwM_e4q_aryI3AM,R-6hBsPMYwM,0,7,original,top1_prompt_level_preference_counterfactual,original,top1_reference,"That sounds like a good recommendation, but I'm also looking for a music video that has a more energetic and powerful rock vibe. Can you recommend something that aligns with these preferences?","That sounds like a good recommendation, but I'm also looking for a music video that has a more energetic and powerful rock vibe. Can you recommend something that aligns with these preferences?","Certainly! How about 'Every Time I Think About You' by Dirty Glory? It's a rock track with elements of alternative and indie rock. The song has a powerful and energetic sound, which could be a great fit for your music video. It was released in 2013 and has a music video that you can check out.","I understand your preference for a more energetic rock vibe. I recommend 'Me Leva Pra Casa' by Aran e Ariel. Although I couldn't find much information about the track, it is classified as rock, indie, pop, and alternative rock, which aligns with your preferences. It also has a music video available in full HD.","In that case, I would recommend 'Every Time I Think About You' by Dirty Glory. This track falls under the rock, indie, and alternative genres. It has a catchy guitar riff and a male vocalist that adds to the rock vibe. Give it a listen!",Every Time I Think About You,Dirty Glory,1,1,1,0,0,top1_generation_prompt_text_changed_only_precomputed_text_feature_unchanged
4147,5cE75y2eQRw,5cE75y2eQRw_MtAwCNqg2jY,R-6hBsPMYwM_e4q_aryI3AM,R-6hBsPMYwM,0,7,cf_upbeat_electronic,top1_prompt_level_preference_counterfactual,original,top1_reference,"I prefer upbeat electronic background music with a bright mood, clear rhythm, energetic beats, and a modern dance or pop feeling.","That sounds like a good recommendation, but I'm also looking for a music video that has a more energetic and powerful rock vibe. Can you recommend something that aligns with these preferences?",I suggest you consider 'Every Time I Think About You' by Dirty Glory. It's a rock track with alternative and indie influences. The song has a catchy guitar-driven sound and a pop-rock vibe that could complement your video.,"I understand your preference for a more energetic rock vibe. I recommend 'Me Leva Pra Casa' by Aran e Ariel. Although I couldn't find much information about the track, it is classified as rock, indie, pop, and alternative rock, which aligns with your preferences. It also has a music video available in full HD.","In that case, I would recommend 'Every Time I Think About You' by Dirty Glory. This track falls under the rock, indie, and alternative genres. It has a catchy guitar riff and a male vocalist that adds to the rock vibe. Give it a listen!",Every Time I Think About You,Dirty Glory,1,1,1,0,0,top1_generation_prompt_text_changed_only_precomputed_text_feature_unchanged
4147,5cE75y2eQRw,5cE75y2eQRw_MtAwCNqg2jY,R-6hBsPMYwM_e4q_aryI3AM,R-6hBsPMYwM,0,7,cf_lyrical_piano,top1_prompt_level_preference_counterfactual,original,top1_reference,"I prefer lyrical piano background music with a slow tempo, soft acoustic texture, gentle melody, and a calm sentimental mood.","That sounds like a good recommendation, but I'm also looking for a music video that has a more energetic and powerful rock vibe. Can you recommend something that aligns with these preferences?","I apologize, but I couldn't find any music that matches your preferences. However, I can recommend 'Every Time I Think About You' by Dirty Glory. It's a rock track with alternative and indie influences. The song has a guitar-driven sound and features male vocals. It was released in 2013 and has a music video directed by Jesse Dylan.","I understand your preference for a more energetic rock vibe. I recommend 'Me Leva Pra Casa' by Aran e Ariel. Although I couldn't find much information about the track, it is classified as rock, indie, pop, and alternative rock, which aligns with your preferences. It also has a music video available in full HD.","In that case, I would recommend 'Every Time I Think About You' by Dirty Glory. This track falls under the rock, indie, and alternative genres. It has a catchy guitar riff and a male vocalist that adds to the rock vibe. Give it a listen!",Every Time I Think About You,Dirty Glory,1,1,1,0,0,top1_generation_prompt_text_changed_only_precomputed_text_feature_unchanged
4148,HdVY4pBsahU,HdVY4pBsahU_12WBWg1BAmU,If7YbwYCIrk_bf7L6ZcSiWQ,If7YbwYCIrk,0,6,original,top1_prompt_level_preference_counterfactual,original,top1_reference,That sounds great. I'm also interested in incorporating some rock and pop elements into the music. Do you have any suggestions?,That sounds great. I'm also interested in incorporating some rock and pop elements into the music. Do you have any suggestions?,"Certainly! How about 'Sunshine' by Maxi B? It's a track from his album 'Sunshine'. This song combines elements of hip-hop, electronic, rock, and pop. It has a catchy and upbeat vibe that could be a fitting choice for your video.","Certainly! 'Survive Life' by FRESH is a track that combines hip-hop and electronic genres with indie, rock, and pop influences. It has a synth-based sound and male vocals. This song might be a good fit for your video, providing a mix of different styles.","Allow me to recommend 'CONTRO VENTO' by MAXI B. It's a track from his album 'L'OTTAVO GIORNO DELLA SETTIMANA'. The song is produced by DJ C.I. and has a mix of hip-hop, electronic, pop, and rock influences. It also has a danceable rhythm that could add a catchy and energetic vibe to your video. 'CONTRO VENTO' was mixed and mastered by DJ C.I. and Tiziano Trotto at REAL JUNGLE STUDIO - LUGANO. You can find the album in various stores and on iTunes.",CONTRO VENTO,MAXI B,0,1,0,1,0,top1_generation_prompt_text_changed_only_precomputed_text_feature_unchanged
4148,HdVY4pBsahU,HdVY4pBsahU_12WBWg1BAmU,If7YbwYCIrk_bf7L6ZcSiWQ,If7YbwYCIrk,0,6,cf_upbeat_electronic,top1_prompt_level_preference_counterfactual,original,top1_reference,"I prefer upbeat electronic background music with a bright mood, clear rhythm, energetic beats, and a modern dance or pop feeling.",That sounds great. I'm also interested in incorporating some rock and pop elements into the music. Do you have any suggestions?,"Based on your preferences, I recommend 'Contro Vento' by Maxi B. It's a track from the album 'Contro Vento' and it falls under the genres of Hip-Hop, electronic, pop, dance, and rock. This song has a fast-paced techno sound with a strong beat, which aligns well with your requirements.","Certainly! 'Survive Life' by FRESH is a track that combines hip-hop and electronic genres with indie, rock, and pop influences. It has a synth-based sound and male vocals. This song might be a good fit for your video, providing a mix of different styles.","Allow me to recommend 'CONTRO VENTO' by MAXI B. It's a track from his album 'L'OTTAVO GIORNO DELLA SETTIMANA'. The song is produced by DJ C.I. and has a mix of hip-hop, electronic, pop, and rock influences. It also has a danceable rhythm that could add a catchy and energetic vibe to your video. 'CONTRO VENTO' was mixed and mastered by DJ C.I. and Tiziano Trotto at REAL JUNGLE STUDIO - LUGANO. You can find the album in various stores and on iTunes.",CONTRO VENTO,MAXI B,1,1,1,0,0,top1_generation_prompt_text_changed_only_precomputed_text_feature_unchanged
4148,HdVY4pBsahU,HdVY4pBsahU_12WBWg1BAmU,If7YbwYCIrk_bf7L6ZcSiWQ,If7YbwYCIrk,0,6,cf_lyrical_piano,top1_prompt_level_preference_counterfactual,original,top1_reference,"I prefer lyrical piano background music with a slow tempo, soft acoustic texture, gentle melody, and a calm sentimental mood.",That sounds great. I'm also interested in incorporating some rock and pop elements into the music. Do you have any suggestions?,"I suggest you listen to 'Contro Vento' by Maxi B. It's a track from his album 'Contro Vento'. This song combines elements of hip-hop, pop, and electronic music with a slow tempo and a lyrical piano background. It has a soft acoustic texture and a calm, sentimental mood that could be a perfect fit for your video.","Certainly! 'Survive Life' by FRESH is a track that combines hip-hop and electronic genres with indie, rock, and pop influences. It has a synth-based sound and male vocals. This song might be a good fit for your video, providing a mix of different styles.","Allow me to recommend 'CONTRO VENTO' by MAXI B. It's a track from his album 'L'OTTAVO GIORNO DELLA SETTIMANA'. The song is produced by DJ C.I. and has a mix of hip-hop, electronic, pop, and rock influences. It also has a danceable rhythm that could add a catchy and energetic vibe to your video. 'CONTRO VENTO' was mixed and mastered by DJ C.I. and Tiziano Trotto at REAL JUNGLE STUDIO - LUGANO. You can find the album in various stores and on iTunes.",CONTRO VENTO,MAXI B,1,1,1,0,0,top1_generation_prompt_text_changed_only_precomputed_text_feature_unchanged
4150,Z0Ujpe2xWKs,Z0Ujpe2xWKs_bxU95SaM06c,Z0Ujpe2xWKs_bxU95SaM06c,Z0Ujpe2xWKs,1,1,original,top1_prompt_level_preference_counterfactual,original,top1_reference,"That sounds great, but I would like to include some electronic and techno elements in the music as well.","That sounds great, but I would like to include some electronic and techno elements in the music as well.","Allow me to recommend 'Cave In by Owl City'. It's a track from their album 'Cave In'. The song combines electronic, pop, and rock genres with elements of techno and fast-paced beats. It was released in 2011 and could be a fitting choice for your video.","I understand your preference for electronic and techno elements. Unfortunately, I don't have enough information about the candidate music to determine if it contains these specific elements. However, based on your target music, 'Cave In' by Owl City could be a suitable choice. It's an electronic pop track with indie and dance influences. The song features synth sounds and a fast-paced beat.","I understand your preference for electronic and techno elements. Unfortunately, I don't have enough information about the candidate music to determine if it contains these specific elements. However, based on your target music, 'Cave In' by Owl City could be a suitable choice. It's an electronic pop track with indie and dance influences. The song features synth sounds and a fast-paced beat.","t have enough information about the candidate music to determine if it contains these specific elements. However, based on your target music, 'Cave In",Owl City could be a suitable choice,0,0,0,1,0,top1_generation_prompt_text_changed_only_precomputed_text_feature_unchanged
4150,Z0Ujpe2xWKs,Z0Ujpe2xWKs_bxU95SaM06c,Z0Ujpe2xWKs_bxU95SaM06c,Z0Ujpe2xWKs,1,1,cf_upbeat_electronic,top1_prompt_level_preference_counterfactual,original,top1_reference,"I prefer upbeat electronic background music with a bright mood, clear rhythm, energetic beats, and a modern dance or pop feeling.","That sounds great, but I would like to include some electronic and techno elements in the music as well.","In that case, 'Cave In by Owl City would be an excellent choice. It's a track from the album 'Cave In' and offers a blend of electronic, dance, pop, and rock elements. The song has a fast tempo, catchy beats, and a modern dance or pop vibe that aligns well with your preferences.","I understand your preference for electronic and techno elements. Unfortunately, I don't have enough information about the candidate music to determine if it contains these specific elements. However, based on your target music, 'Cave In' by Owl City could be a suitable choice. It's an electronic pop track with indie and dance influences. The song features synth sounds and a fast-paced beat.","I understand your preference for electronic and techno elements. Unfortunately, I don't have enough information about the candidate music to determine if it contains these specific elements. However, based on your target music, 'Cave In' by Owl City could be a suitable choice. It's an electronic pop track with indie and dance influences. The song features synth sounds and a fast-paced beat.","t have enough information about the candidate music to determine if it contains these specific elements. However, based on your target music, 'Cave In",Owl City could be a suitable choice,0,0,0,1,0,top1_generation_prompt_text_changed_only_precomputed_text_feature_unchanged
4150,Z0Ujpe2xWKs,Z0Ujpe2xWKs_bxU95SaM06c,Z0Ujpe2xWKs_bxU95SaM06c,Z0Ujpe2xWKs,1,1,cf_lyrical_piano,top1_prompt_level_preference_counterfactual,original,top1_reference,"I prefer lyrical piano background music with a slow tempo, soft acoustic texture, gentle melody, and a calm sentimental mood.","That sounds great, but I would like to include some electronic and techno elements in the music as well.","Based on your preference for lyrical piano background music with a slow tempo, soft acoustic texture, gentle melody, and a calm sentimental mood, 'Cave In by Owl City' would be a suitable choice. It's a track from the album 'Cave In' and features lyrical piano elements with a slow tempo and a soft acoustic texture. The song has a gentle melody and a calm sentimental mood that aligns with your requirements.","I understand your preference for electronic and techno elements. Unfortunately, I don't have enough information about the candidate music to determine if it contains these specific elements. However, based on your target music, 'Cave In' by Owl City could be a suitable choice. It's an electronic pop track with indie and dance influences. The song features synth sounds and a fast-paced beat.","I understand your preference for electronic and techno elements. Unfortunately, I don't have enough information about the candidate music to determine if it contains these specific elements. However, based on your target music, 'Cave In' by Owl City could be a suitable choice. It's an electronic pop track with indie and dance influences. The song features synth sounds and a fast-paced beat.","t have enough information about the candidate music to determine if it contains these specific elements. However, based on your target music, 'Cave In",Owl City could be a suitable choice,0,0,0,1,0,top1_generation_prompt_text_changed_only_precomputed_text_feature_unchanged
4180,KDOK211mTgA,KDOK211mTgA_A4RbtN9IarQ,183e81o0Mvo_Q3r1JtpH6b8,183e81o0Mvo,0,3,original,top1_prompt_level_preference_counterfactual,original,top1_reference,"That sounds great, but I would like to incorporate some classic rock and alternative elements into the music as well. Can you suggest something that fits those genres?","That sounds great, but I would like to incorporate some classic rock and alternative elements into the music as well. Can you suggest something that fits those genres?","Certainly! How about 'Sin Ti' by The Russian Brides? It's a track from their album 'Sin Ti'. The song combines elements of classic rock, alternative, and indie with a touch of pop. It features guitar and vocals, which can add a unique and catchy sound to your video.","Certainly! How about 'Vem adorar' by Ministério Soma? It's a track that falls under the genres of rock, indie, alternative, and classic rock. Although I don't have much information about the song or the artist, it could be a suitable choice for incorporating classic rock and alternative elements into your video.","I suggest you consider 'Pain' by The Russian Brides. It's a rock track with classic rock, pop, and blues influences. Although I don't have much information about this song, you might find it interesting for your video as it aligns with your desired music styles.",Pain,The Russian Brides,0,1,0,1,0,top1_generation_prompt_text_changed_only_precomputed_text_feature_unchanged
4180,KDOK211mTgA,KDOK211mTgA_A4RbtN9IarQ,183e81o0Mvo_Q3r1JtpH6b8,183e81o0Mvo,0,3,cf_upbeat_electronic,top1_prompt_level_preference_counterfactual,original,top1_reference,"I prefer upbeat electronic background music with a bright mood, clear rhythm, energetic beats, and a modern dance or pop feeling.","That sounds great, but I would like to incorporate some classic rock and alternative elements into the music as well. Can you suggest something that fits those genres?","I suggest you consider 'Sin Ti' by The Russian Brides. It's a track from their album 'Sin Ti'. The song combines elements of rock, indie, alternative, and pop, with a focus on guitar and vocals. It has a slow tempo and features male vocals, which may align with your preferences.","Certainly! How about 'Vem adorar' by Ministério Soma? It's a track that falls under the genres of rock, indie, alternative, and classic rock. Although I don't have much information about the song or the artist, it could be a suitable choice for incorporating classic rock and alternative elements into your video.","I suggest you consider 'Pain' by The Russian Brides. It's a rock track with classic rock, pop, and blues influences. Although I don't have much information about this song, you might find it interesting for your video as it aligns with your desired music styles.",Pain,The Russian Brides,0,1,0,1,0,top1_generation_prompt_text_changed_only_precomputed_text_feature_unchanged
4180,KDOK211mTgA,KDOK211mTgA_A4RbtN9IarQ,183e81o0Mvo_Q3r1JtpH6b8,183e81o0Mvo,0,3,cf_lyrical_piano,top1_prompt_level_preference_counterfactual,original,top1_reference,"I prefer lyrical piano background music with a slow tempo, soft acoustic texture, gentle melody, and a calm sentimental mood.","That sounds great, but I would like to incorporate some classic rock and alternative elements into the music as well. Can you suggest something that fits those genres?","I suggest you consider 'Sin Ti' by The Russian Brides. It's a track from their album 'Sin Ti'. The song combines elements of rock, indie, and alternative with a touch of pop. It features a lyrical piano background and has a slow tempo, soft acoustic texture, and a gentle melody that can create a calm and sentimental mood for your video.","Certainly! How about 'Vem adorar' by Ministério Soma? It's a track that falls under the genres of rock, indie, alternative, and classic rock. Although I don't have much information about the song or the artist, it could be a suitable choice for incorporating classic rock and alternative elements into your video.","I suggest you consider 'Pain' by The Russian Brides. It's a rock track with classic rock, pop, and blues influences. Although I don't have much information about this song, you might find it interesting for your video as it aligns with your desired music styles.",Pain,The Russian Brides,0,1,0,1,0,top1_generation_prompt_text_changed_only_precomputed_text_feature_unchanged
