sample_idx,video_id,gt_music_id,top1_music_id,top1_video_id,top1_is_gt,rank,preference_variant,generation_mode,prompt_variant,title_source,user_text,original_user_text,generated_text,reference_text,top1_reference_text,music_title,music_artist,generated_mentions_top1_title,generated_mentions_top1_artist,title_consistency,needs_manual_review,is_fallback,scope_note
54,_8YWB9SlUFU,_8YWB9SlUFU_QP5qHCe9FP4,ePF9CI5_0fc_fyTPFnboQQQ,ePF9CI5_0fc,0,4,original,top1_prompt_level_preference_counterfactual,original,top1_reference,"Sounds good, but I'm looking for something with a more indie and folk sound, with a touch of melancholy.","Sounds good, but I'm looking for something with a more indie and folk sound, with a touch of melancholy.","In that case, I would recommend 'The Wrong Direction' by The Weeks. This track has an indie, rock, and folk sound with a touch of melancholy. It's part of the album 'Dear Bo Jackson' and would be a great fit for your video.","In that case, I would recommend 'Youth' by Daughter. This track has a beautiful indie sound with female vocals that bring a sense of melancholy. It's part of the album 'Wild Youth' and perfectly captures the emotions you're looking for in your video.","Allow me to recommend the song 'WEDDING DAY АЛЕКСАНДР И СВЕТЛАНА'. It's an indie track with elements of rock, folk, electronic, and alternative genres. Although there is no specific description available for this track, it may have the distinctive indie and electronic elements you're looking for. It has a slower tempo and features male vocals that could be a good fit for your video inspired by a wedding day.",,,,,,0,0,top1_generation_prompt_text_changed_only_precomputed_text_feature_unchanged
54,_8YWB9SlUFU,_8YWB9SlUFU_QP5qHCe9FP4,ePF9CI5_0fc_fyTPFnboQQQ,ePF9CI5_0fc,0,4,cf_upbeat_electronic,top1_prompt_level_preference_counterfactual,original,top1_reference,"I prefer upbeat electronic background music with a bright mood, clear rhythm, energetic beats, and a modern dance or pop feeling.","Sounds good, but I'm looking for something with a more indie and folk sound, with a touch of melancholy.","In that case, I recommend 'The Wrong Direction' by The Wombats. It's an indie rock track with electronic and pop influences. The song has a fast-paced rhythm and a bright, energetic sound that could be a great fit for your video.","In that case, I would recommend 'Youth' by Daughter. This track has a beautiful indie sound with female vocals that bring a sense of melancholy. It's part of the album 'Wild Youth' and perfectly captures the emotions you're looking for in your video.","Allow me to recommend the song 'WEDDING DAY АЛЕКСАНДР И СВЕТЛАНА'. It's an indie track with elements of rock, folk, electronic, and alternative genres. Although there is no specific description available for this track, it may have the distinctive indie and electronic elements you're looking for. It has a slower tempo and features male vocals that could be a good fit for your video inspired by a wedding day.",,,,,,0,0,top1_generation_prompt_text_changed_only_precomputed_text_feature_unchanged
54,_8YWB9SlUFU,_8YWB9SlUFU_QP5qHCe9FP4,ePF9CI5_0fc_fyTPFnboQQQ,ePF9CI5_0fc,0,4,cf_lyrical_piano,top1_prompt_level_preference_counterfactual,original,top1_reference,"I prefer lyrical piano background music with a slow tempo, soft acoustic texture, gentle melody, and a calm sentimental mood.","Sounds good, but I'm looking for something with a more indie and folk sound, with a touch of melancholy.","Allow me to recommend 'Sleepyhead' by Passion Pit. It's a track from their album 'Sleepyhead'. It combines elements of indie, rock, and pop with a slow tempo, piano-driven sound, and a soft acoustic texture. The song has a gentle melody and a calm, sentimental mood that could be a fitting choice for your video.","In that case, I would recommend 'Youth' by Daughter. This track has a beautiful indie sound with female vocals that bring a sense of melancholy. It's part of the album 'Wild Youth' and perfectly captures the emotions you're looking for in your video.","Allow me to recommend the song 'WEDDING DAY АЛЕКСАНДР И СВЕТЛАНА'. It's an indie track with elements of rock, folk, electronic, and alternative genres. Although there is no specific description available for this track, it may have the distinctive indie and electronic elements you're looking for. It has a slower tempo and features male vocals that could be a good fit for your video inspired by a wedding day.",,,,,,0,0,top1_generation_prompt_text_changed_only_precomputed_text_feature_unchanged
104,iV3xE72xNJg,iV3xE72xNJg_K124ajZigxc,zMoTcF7GlmU_XDTYdw3X8JI,zMoTcF7GlmU,0,50,original,top1_prompt_level_preference_counterfactual,original,top1_reference,That sounds great! Can you also suggest a music that incorporates Kapris' electronic and chillout style?,That sounds great! Can you also suggest a music that incorporates Kapris' electronic and chillout style?,"Certainly! I recommend 'Kapris' by Generacja 80' ft. Kapris. It's a track from their album 'Generacja 80' and combines elements of hip-hop, electronic, and chillout music. The song has a relaxed and laid-back vibe, which aligns well with Kapris' style. It was released in 2012 and could be a fitting choice for your video.","Certainly! I would recommend 'TOPCRIMINAL' by Kapris. It's a track from their MIXTAPE 2009 'Analiz&Foseptik'. This song combines electronic, Hip-Hop, and ambient elements with a chillout vibe. It's a great choice if you want to incorporate Kapris' distinctive style into your video.","Allow me to recommend 'Cisza przed burzą' by Generacja 80' ft. Bartosz. It's a track that combines elements of hip-hop, chillout, electronic, and soul. The song has a relaxed and laid-back vibe, perfect for incorporating chillout and soul influences into your video. It also features electronic beats and synths, which add an interesting touch to the music.",Cisza przed burzą,Generacja 80' ft,0,1,0,1,0,top1_generation_prompt_text_changed_only_precomputed_text_feature_unchanged
104,iV3xE72xNJg,iV3xE72xNJg_K124ajZigxc,zMoTcF7GlmU_XDTYdw3X8JI,zMoTcF7GlmU,0,50,cf_upbeat_electronic,top1_prompt_level_preference_counterfactual,original,top1_reference,"I prefer upbeat electronic background music with a bright mood, clear rhythm, energetic beats, and a modern dance or pop feeling.",That sounds great! Can you also suggest a music that incorporates Kapris' electronic and chillout style?,"In that case, I would recommend 'Cisza przed burzą' by Generacja 80' ft;. This track combines elements of Hip-Hop, electronic, rock, and pop, creating a unique and energetic sound. It has a bright mood and clear rhythm, making it a perfect fit for your video.","Certainly! I would recommend 'TOPCRIMINAL' by Kapris. It's a track from their MIXTAPE 2009 'Analiz&Foseptik'. This song combines electronic, Hip-Hop, and ambient elements with a chillout vibe. It's a great choice if you want to incorporate Kapris' distinctive style into your video.","Allow me to recommend 'Cisza przed burzą' by Generacja 80' ft. Bartosz. It's a track that combines elements of hip-hop, chillout, electronic, and soul. The song has a relaxed and laid-back vibe, perfect for incorporating chillout and soul influences into your video. It also features electronic beats and synths, which add an interesting touch to the music.",Cisza przed burzą,Generacja 80' ft,1,1,1,0,0,top1_generation_prompt_text_changed_only_precomputed_text_feature_unchanged
104,iV3xE72xNJg,iV3xE72xNJg_K124ajZigxc,zMoTcF7GlmU_XDTYdw3X8JI,zMoTcF7GlmU,0,50,cf_lyrical_piano,top1_prompt_level_preference_counterfactual,original,top1_reference,"I prefer lyrical piano background music with a slow tempo, soft acoustic texture, gentle melody, and a calm sentimental mood.",That sounds great! Can you also suggest a music that incorporates Kapris' electronic and chillout style?,"Allow me to recommend 'Cisza przed burzą' by Generacja 80' ft;. It's a track from their album 'Cisza przed burzą'. This song combines elements of hip-hop, electronic, and rock with a slow tempo and piano-driven sound. It has a soothing and sentimental vibe that could be a fitting choice for your video.","Certainly! I would recommend 'TOPCRIMINAL' by Kapris. It's a track from their MIXTAPE 2009 'Analiz&Foseptik'. This song combines electronic, Hip-Hop, and ambient elements with a chillout vibe. It's a great choice if you want to incorporate Kapris' distinctive style into your video.","Allow me to recommend 'Cisza przed burzą' by Generacja 80' ft. Bartosz. It's a track that combines elements of hip-hop, chillout, electronic, and soul. The song has a relaxed and laid-back vibe, perfect for incorporating chillout and soul influences into your video. It also features electronic beats and synths, which add an interesting touch to the music.",Cisza przed burzą,Generacja 80' ft,1,1,1,0,0,top1_generation_prompt_text_changed_only_precomputed_text_feature_unchanged
123,iWKoFZAX4MM,iWKoFZAX4MM_dVoN7QajNz8,FBgvb5Dl0oo_JkzTbiDw57M,FBgvb5Dl0oo,0,176,original,top1_prompt_level_preference_counterfactual,original,top1_reference,"I'm also looking for something with a summery vibe, possibly a collaboration that's been produced by a known band.","I'm also looking for something with a summery vibe, possibly a collaboration that's been produced by a known band.","In that case, 'Summer Love' by Justin Bieber and Pitbull would be a perfect fit. It's a track that's been produced by a known band, and it's got a summery vibe with its pop, electronic, and indie influences. Plus, it's a collaboration between two well-known artists, making it a great choice for your video.","For a summery vibe with a distinguished collaboration, 'Summer Time' by EnThéos featuring Deys would be perfect. It's produced by Hot Chip, known for their eclectic mix of electronic, pop, and indie. The track has a lively feel, ideal for summer playlists, and it's part of the 'Dark and Stormy' album. Don't forget to check out the music video directed by Julius Jones-Carter for the full experience!","Let me recommend 'Not an Ordinary Love Story' by 12:00. It's a track that combines pop, indie, and rock elements with electronic and alternative influences. The song features a female vocal and guitar, which adds a unique touch to the music. While the description doesn't provide much information, the tags suggest that it aligns with your preferences. Give it a listen and see if it fits your video project.",Not an Ordinary Love Story,12:00,0,0,0,1,0,top1_generation_prompt_text_changed_only_precomputed_text_feature_unchanged
123,iWKoFZAX4MM,iWKoFZAX4MM_dVoN7QajNz8,FBgvb5Dl0oo_JkzTbiDw57M,FBgvb5Dl0oo,0,176,cf_upbeat_electronic,top1_prompt_level_preference_counterfactual,original,top1_reference,"I prefer upbeat electronic background music with a bright mood, clear rhythm, energetic beats, and a modern dance or pop feeling.","I'm also looking for something with a summery vibe, possibly a collaboration that's been produced by a known band.","In that case, I recommend 'Not an Ordinary Love Story' by 12:00. This track is a perfect fit for your needs as it combines elements of pop, electronic, and indie with a danceable rhythm. It has a modern and energetic feel that will complement your video.","For a summery vibe with a distinguished collaboration, 'Summer Time' by EnThéos featuring Deys would be perfect. It's produced by Hot Chip, known for their eclectic mix of electronic, pop, and indie. The track has a lively feel, ideal for summer playlists, and it's part of the 'Dark and Stormy' album. Don't forget to check out the music video directed by Julius Jones-Carter for the full experience!","Let me recommend 'Not an Ordinary Love Story' by 12:00. It's a track that combines pop, indie, and rock elements with electronic and alternative influences. The song features a female vocal and guitar, which adds a unique touch to the music. While the description doesn't provide much information, the tags suggest that it aligns with your preferences. Give it a listen and see if it fits your video project.",Not an Ordinary Love Story,12:00,1,1,1,0,0,top1_generation_prompt_text_changed_only_precomputed_text_feature_unchanged
123,iWKoFZAX4MM,iWKoFZAX4MM_dVoN7QajNz8,FBgvb5Dl0oo_JkzTbiDw57M,FBgvb5Dl0oo,0,176,cf_lyrical_piano,top1_prompt_level_preference_counterfactual,original,top1_reference,"I prefer lyrical piano background music with a slow tempo, soft acoustic texture, gentle melody, and a calm sentimental mood.","I'm also looking for something with a summery vibe, possibly a collaboration that's been produced by a known band.","In that case, I would recommend 'Not an Ordinary Love Story' by 12:00. This track has a lyrical piano background with a slow tempo, soft acoustic texture, and a gentle melody. It creates a sentimental mood that would be perfect for your video.","For a summery vibe with a distinguished collaboration, 'Summer Time' by EnThéos featuring Deys would be perfect. It's produced by Hot Chip, known for their eclectic mix of electronic, pop, and indie. The track has a lively feel, ideal for summer playlists, and it's part of the 'Dark and Stormy' album. Don't forget to check out the music video directed by Julius Jones-Carter for the full experience!","Let me recommend 'Not an Ordinary Love Story' by 12:00. It's a track that combines pop, indie, and rock elements with electronic and alternative influences. The song features a female vocal and guitar, which adds a unique touch to the music. While the description doesn't provide much information, the tags suggest that it aligns with your preferences. Give it a listen and see if it fits your video project.",Not an Ordinary Love Story,12:00,1,1,1,0,0,top1_generation_prompt_text_changed_only_precomputed_text_feature_unchanged
166,QKvUGxF7qzA,QKvUGxF7qzA_scdO5HE8so4,QKvUGxF7qzA_scdO5HE8so4,QKvUGxF7qzA,1,1,original,top1_prompt_level_preference_counterfactual,original,top1_reference,"That sounds good, but I would also like to incorporate some rock and punk elements in the music recommendation. I'm interested in fast-paced and loud tracks with guitar and techno influences.","That sounds good, but I would also like to incorporate some rock and punk elements in the music recommendation. I'm interested in fast-paced and loud tracks with guitar and techno influences.",Allow me to recommend 'Stadt der Engel' by Massendefekt. It's a rock track with punk and alternative influences. The song has a fast-paced and loud sound with guitar and techno elements. It was released in 2013 and could be a fitting choice for your video.,"Let me suggest 'Stadt der Engel' by Massendefekt. It's a track from their album 'Stadt der Engel'. The song combines rock, punk, and alternative rock genres with fast-paced guitar riffs and techno elements. This track can give your video a powerful and intense feel.","Let me suggest 'Stadt der Engel' by Massendefekt. It's a track from their album 'Stadt der Engel'. The song combines rock, punk, and alternative rock genres with fast-paced guitar riffs and techno elements. This track can give your video a powerful and intense feel.",Stadt der Engel,Massendefekt,1,1,1,0,0,top1_generation_prompt_text_changed_only_precomputed_text_feature_unchanged
166,QKvUGxF7qzA,QKvUGxF7qzA_scdO5HE8so4,QKvUGxF7qzA_scdO5HE8so4,QKvUGxF7qzA,1,1,cf_upbeat_electronic,top1_prompt_level_preference_counterfactual,original,top1_reference,"I prefer upbeat electronic background music with a bright mood, clear rhythm, energetic beats, and a modern dance or pop feeling.","That sounds good, but I would also like to incorporate some rock and punk elements in the music recommendation. I'm interested in fast-paced and loud tracks with guitar and techno influences.","100% I recommend 'Stadt der Engel' by Massendefekt. It's a track from their album 'Stadt der Engel'. This song combines elements of rock, punk, and alternative with a fast-paced and energetic sound. It aligns well with the upbeat and modern dance vibe you're looking for.","Let me suggest 'Stadt der Engel' by Massendefekt. It's a track from their album 'Stadt der Engel'. The song combines rock, punk, and alternative rock genres with fast-paced guitar riffs and techno elements. This track can give your video a powerful and intense feel.","Let me suggest 'Stadt der Engel' by Massendefekt. It's a track from their album 'Stadt der Engel'. The song combines rock, punk, and alternative rock genres with fast-paced guitar riffs and techno elements. This track can give your video a powerful and intense feel.",Stadt der Engel,Massendefekt,1,1,1,0,0,top1_generation_prompt_text_changed_only_precomputed_text_feature_unchanged
166,QKvUGxF7qzA,QKvUGxF7qzA_scdO5HE8so4,QKvUGxF7qzA_scdO5HE8so4,QKvUGxF7qzA,1,1,cf_lyrical_piano,top1_prompt_level_preference_counterfactual,original,top1_reference,"I prefer lyrical piano background music with a slow tempo, soft acoustic texture, gentle melody, and a calm sentimental mood.","That sounds good, but I would also like to incorporate some rock and punk elements in the music recommendation. I'm interested in fast-paced and loud tracks with guitar and techno influences.",10000000000000000000000000000000000000000000000000000000000000000000000000000000000000000000000000000000000000000000000000000000,"Let me suggest 'Stadt der Engel' by Massendefekt. It's a track from their album 'Stadt der Engel'. The song combines rock, punk, and alternative rock genres with fast-paced guitar riffs and techno elements. This track can give your video a powerful and intense feel.","Let me suggest 'Stadt der Engel' by Massendefekt. It's a track from their album 'Stadt der Engel'. The song combines rock, punk, and alternative rock genres with fast-paced guitar riffs and techno elements. This track can give your video a powerful and intense feel.",Stadt der Engel,Massendefekt,0,0,0,1,0,top1_generation_prompt_text_changed_only_precomputed_text_feature_unchanged
215,yyaNJKJ6y6k,yyaNJKJ6y6k_0hMrj3zZxB8,xNrRR9abIS0_KzubQxXVQ9s,xNrRR9abIS0,0,7,original,top1_prompt_level_preference_counterfactual,original,top1_reference,I like the sound of that but was hoping for something with a bit more of an electronic and dance feel. Something that really gets the energy up.,I like the sound of that but was hoping for something with a bit more of an electronic and dance feel. Something that really gets the energy up.,"In that case, 'Around the World (Kenlou Mix)' by Daft Punk would be an excellent choice. It's a track that's known for its electronic, dance, electro, and house elements, making it perfect for a video that needs to be energetic and engaging. It's part of the album 'Around the World' and was featured in the video game 'DJ Hero 2'.","In that case, 'The Pretender' by Infected Mushroom would be a perfect fit. This track is from their album 'Army of Mushrooms' and combines electronic, dance, electronica, and rock elements for an energetic and engaging listen. It's known for its techno, fast, electronic, loud, and dance characteristics, making it great for lifting the energy of any project.","In that case, I would recommend 'Around the World (Kenlou Mix)' by Daft Punk. This track falls under the electronic, dance, electro, house, and electronica genres. It has a fast tempo and a catchy beat that will add energy to your presentation video.",Around the World (Kenlou Mix),Daft Punk,1,1,1,0,0,top1_generation_prompt_text_changed_only_precomputed_text_feature_unchanged
215,yyaNJKJ6y6k,yyaNJKJ6y6k_0hMrj3zZxB8,xNrRR9abIS0_KzubQxXVQ9s,xNrRR9abIS0,0,7,cf_upbeat_electronic,top1_prompt_level_preference_counterfactual,original,top1_reference,"I prefer upbeat electronic background music with a bright mood, clear rhythm, energetic beats, and a modern dance or pop feeling.",I like the sound of that but was hoping for something with a bit more of an electronic and dance feel. Something that really gets the energy up.,"In that case, I recommend 'Around the World (Kenlou Mix)' by Daft Punk. This track is a remix of the original song and offers a fast-paced electronic sound with a dance and pop vibe. It's perfect for creating an energetic and modern atmosphere in your video.","In that case, 'The Pretender' by Infected Mushroom would be a perfect fit. This track is from their album 'Army of Mushrooms' and combines electronic, dance, electronica, and rock elements for an energetic and engaging listen. It's known for its techno, fast, electronic, loud, and dance characteristics, making it great for lifting the energy of any project.","In that case, I would recommend 'Around the World (Kenlou Mix)' by Daft Punk. This track falls under the electronic, dance, electro, house, and electronica genres. It has a fast tempo and a catchy beat that will add energy to your presentation video.",Around the World (Kenlou Mix),Daft Punk,1,1,1,0,0,top1_generation_prompt_text_changed_only_precomputed_text_feature_unchanged
215,yyaNJKJ6y6k,yyaNJKJ6y6k_0hMrj3zZxB8,xNrRR9abIS0_KzubQxXVQ9s,xNrRR9abIS0,0,7,cf_lyrical_piano,top1_prompt_level_preference_counterfactual,original,top1_reference,"I prefer lyrical piano background music with a slow tempo, soft acoustic texture, gentle melody, and a calm sentimental mood.",I like the sound of that but was hoping for something with a bit more of an electronic and dance feel. Something that really gets the energy up.,"In that case, I recommend 'Lyrical Piano - 100' by Pianobook. This track is a beautiful piece of lyrical piano music with a slow tempo, soft acoustic texture, and a gentle melody. It has a calm and sentimental mood that would be perfect for your video.","In that case, 'The Pretender' by Infected Mushroom would be a perfect fit. This track is from their album 'Army of Mushrooms' and combines electronic, dance, electronica, and rock elements for an energetic and engaging listen. It's known for its techno, fast, electronic, loud, and dance characteristics, making it great for lifting the energy of any project.","In that case, I would recommend 'Around the World (Kenlou Mix)' by Daft Punk. This track falls under the electronic, dance, electro, house, and electronica genres. It has a fast tempo and a catchy beat that will add energy to your presentation video.",Around the World (Kenlou Mix),Daft Punk,0,0,0,1,0,top1_generation_prompt_text_changed_only_precomputed_text_feature_unchanged
256,JOUczfMaLTE,JOUczfMaLTE_F91pQy19-j0,WunV3WJNbYE_ey5aMPntsYk,WunV3WJNbYE,0,121,original,top1_prompt_level_preference_counterfactual,original,top1_reference,"That sounds great, but I want to incorporate elements of Juaninacka's style into the music as well. I'm looking for a track that combines hip-hop and electronic genres, with a chillout and rock vibe. Can you recommend something like that?","That sounds great, but I want to incorporate elements of Juaninacka's style into the music as well. I'm looking for a track that combines hip-hop and electronic genres, with a chillout and rock vibe. Can you recommend something like that?","Allow me to recommend 'Ella Me Quiere' by Juaninacka. It's a track from his album 'Ella Me Quiere'. This song combines elements of hip-hop, electronic, and pop genres with a chillout and rock influence. It was released in 2012 and has a unique blend of beats and vocals that could be a fitting choice for your video.",Allow me to recommend 'Fe' by Juaninacka. It's a track from his album '41100 Rock'. This song blends hip-hop and electronic elements with a chillout and rock influence. It was released as an official music video and captures the essence of Juaninacka's unique style. The track was recorded as part of his discography and may have the specific elements you're looking for.,"In that case, I would recommend 'Te Digo Adios' by Tazzy. This track combines electronic, Hip-Hop, pop, and indie elements, giving it a unique and catchy sound. It also has a touch of rock influence. The electronic elements add an interesting twist to the overall vibe. You can find the official video on Tazzy's social media accounts.",Te Digo Adios,Tazzy,0,0,0,1,0,top1_generation_prompt_text_changed_only_precomputed_text_feature_unchanged
256,JOUczfMaLTE,JOUczfMaLTE_F91pQy19-j0,WunV3WJNbYE_ey5aMPntsYk,WunV3WJNbYE,0,121,cf_upbeat_electronic,top1_prompt_level_preference_counterfactual,original,top1_reference,"I prefer upbeat electronic background music with a bright mood, clear rhythm, energetic beats, and a modern dance or pop feeling.","That sounds great, but I want to incorporate elements of Juaninacka's style into the music as well. I'm looking for a track that combines hip-hop and electronic genres, with a chillout and rock vibe. Can you recommend something like that?","In that case, I recommend 'Tazzy - Te Digo Adios'. It's a track with a bright mood, clear rhythm, energetic beats, and a modern dance or pop feeling. Although I don't have much information about the track, it aligns well with your preferences.",Allow me to recommend 'Fe' by Juaninacka. It's a track from his album '41100 Rock'. This song blends hip-hop and electronic elements with a chillout and rock influence. It was released as an official music video and captures the essence of Juaninacka's unique style. The track was recorded as part of his discography and may have the specific elements you're looking for.,"In that case, I would recommend 'Te Digo Adios' by Tazzy. This track combines electronic, Hip-Hop, pop, and indie elements, giving it a unique and catchy sound. It also has a touch of rock influence. The electronic elements add an interesting twist to the overall vibe. You can find the official video on Tazzy's social media accounts.",Te Digo Adios,Tazzy,1,1,1,0,0,top1_generation_prompt_text_changed_only_precomputed_text_feature_unchanged
256,JOUczfMaLTE,JOUczfMaLTE_F91pQy19-j0,WunV3WJNbYE_ey5aMPntsYk,WunV3WJNbYE,0,121,cf_lyrical_piano,top1_prompt_level_preference_counterfactual,original,top1_reference,"I prefer lyrical piano background music with a slow tempo, soft acoustic texture, gentle melody, and a calm sentimental mood.","That sounds great, but I want to incorporate elements of Juaninacka's style into the music as well. I'm looking for a track that combines hip-hop and electronic genres, with a chillout and rock vibe. Can you recommend something like that?","Allow me to recommend 'Te Digo Adios' by Tazzy. It's a track from their album 'Te Digo Adios'. It combines elements of hip-hop, electronic, and pop with a slow tempo and lyrical piano. The song has a soft acoustic texture and a gentle melody that can create a calm and sentimental mood for your video.",Allow me to recommend 'Fe' by Juaninacka. It's a track from his album '41100 Rock'. This song blends hip-hop and electronic elements with a chillout and rock influence. It was released as an official music video and captures the essence of Juaninacka's unique style. The track was recorded as part of his discography and may have the specific elements you're looking for.,"In that case, I would recommend 'Te Digo Adios' by Tazzy. This track combines electronic, Hip-Hop, pop, and indie elements, giving it a unique and catchy sound. It also has a touch of rock influence. The electronic elements add an interesting twist to the overall vibe. You can find the official video on Tazzy's social media accounts.",Te Digo Adios,Tazzy,1,1,1,0,0,top1_generation_prompt_text_changed_only_precomputed_text_feature_unchanged
261,dLkm-Bpkgv4,dLkm-Bpkgv4_Hwl1Bf4gLvI,9EnOsXXK1Co_EbArGEbYA1s,9EnOsXXK1Co,0,16,original,top1_prompt_level_preference_counterfactual,original,top1_reference,"Sounds interesting, but I'm looking for something with a heavier and more experimental sound. Do you have any recommendations?","Sounds interesting, but I'm looking for something with a heavier and more experimental sound. Do you have any recommendations?","Absolutely! If you're looking for a heavier and more experimental sound, I would recommend 'The Last One' by The Last One. This track is part of their album 'The Last One' and it falls under the genres of metal, rock, punk, and experimental. It has a unique and intense sound that will add a powerful and edgy vibe to your video.","Certainly! For a heavier and more experimental sound, I would recommend 'Also Am I' by 36 Crazyfists. This track is a blend of metal, rock, alternative, and experimental genres. It is part of the album 'Time And Trauma' and was released in 2014. The music video for this track was produced by Spinefarm Records, a Universal Music Company.","Certainly! In that case, I recommend the track 'Snow' by Sun Heights. This track is part of the album 'The War' and is performed by the band Sun Heights. It falls into the alternative, indie, and rock genres, with elements of punk. It has a metal influence as well, which adds an interesting twist to the sound.",Snow,Sun Heights,0,0,0,1,0,top1_generation_prompt_text_changed_only_precomputed_text_feature_unchanged
261,dLkm-Bpkgv4,dLkm-Bpkgv4_Hwl1Bf4gLvI,9EnOsXXK1Co_EbArGEbYA1s,9EnOsXXK1Co,0,16,cf_upbeat_electronic,top1_prompt_level_preference_counterfactual,original,top1_reference,"I prefer upbeat electronic background music with a bright mood, clear rhythm, energetic beats, and a modern dance or pop feeling.","Sounds interesting, but I'm looking for something with a heavier and more experimental sound. Do you have any recommendations?","Based on your preferences, I recommend 'The Last One' by The Last One. It's a track from their album 'The Last One'. This song combines elements of metal, rock, and punk with an indie and alternative touch. It has a fast-paced and loud sound, which aligns well with your requirements.","Certainly! For a heavier and more experimental sound, I would recommend 'Also Am I' by 36 Crazyfists. This track is a blend of metal, rock, alternative, and experimental genres. It is part of the album 'Time And Trauma' and was released in 2014. The music video for this track was produced by Spinefarm Records, a Universal Music Company.","Certainly! In that case, I recommend the track 'Snow' by Sun Heights. This track is part of the album 'The War' and is performed by the band Sun Heights. It falls into the alternative, indie, and rock genres, with elements of punk. It has a metal influence as well, which adds an interesting twist to the sound.",Snow,Sun Heights,0,0,0,1,0,top1_generation_prompt_text_changed_only_precomputed_text_feature_unchanged
261,dLkm-Bpkgv4,dLkm-Bpkgv4_Hwl1Bf4gLvI,9EnOsXXK1Co_EbArGEbYA1s,9EnOsXXK1Co,0,16,cf_lyrical_piano,top1_prompt_level_preference_counterfactual,original,top1_reference,"I prefer lyrical piano background music with a slow tempo, soft acoustic texture, gentle melody, and a calm sentimental mood.","Sounds interesting, but I'm looking for something with a heavier and more experimental sound. Do you have any recommendations?",10000000000000000000000000000000000000000000000000000000000000000000000000000000000000000000000000000000000000000000000000000000,"Certainly! For a heavier and more experimental sound, I would recommend 'Also Am I' by 36 Crazyfists. This track is a blend of metal, rock, alternative, and experimental genres. It is part of the album 'Time And Trauma' and was released in 2014. The music video for this track was produced by Spinefarm Records, a Universal Music Company.","Certainly! In that case, I recommend the track 'Snow' by Sun Heights. This track is part of the album 'The War' and is performed by the band Sun Heights. It falls into the alternative, indie, and rock genres, with elements of punk. It has a metal influence as well, which adds an interesting twist to the sound.",Snow,Sun Heights,0,0,0,1,0,top1_generation_prompt_text_changed_only_precomputed_text_feature_unchanged
307,DL3dhkazIc8,DL3dhkazIc8_tQjxTUSkOqs,aOCawlHTP8U_9cEVEXS2btk,aOCawlHTP8U,0,5,original,top1_prompt_level_preference_counterfactual,original,top1_reference,That sounds great! I'm also interested in incorporating some elements of Redhooknoodles' hip-hop style with electronic and jazz influences. Do you have any recommendations?,That sounds great! I'm also interested in incorporating some elements of Redhooknoodles' hip-hop style with electronic and jazz influences. Do you have any recommendations?,Certainly! I recommend 'Redhooknoodles' by K-Otix. It's a hip-hop track with electronic and jazz elements. The song was produced by K-Otix and has a unique blend of genres that could add an interesting touch to your video.,"Certainly! I suggest you consider using 'Sick Perfect Banger hip-hop beat {rap} Instrumental' by Redhooknoodles. Although I couldn't find the specific track name, Redhooknoodles is known for producing hip-hop beats with electronic, pop, and jazz elements. This instrumental track can provide a unique and dynamic background for your video.","Allow me to recommend 'World Renown' by K-Otix. It's a track from their album 'Universal'. It combines elements of hip-hop, electronic, and indie music with vocal influences. The song 'World Renown' was recorded as a freestyle performance and has a chillout vibe similar to what you're looking for.",World Renown,K-Otix,0,1,0,1,0,top1_generation_prompt_text_changed_only_precomputed_text_feature_unchanged
307,DL3dhkazIc8,DL3dhkazIc8_tQjxTUSkOqs,aOCawlHTP8U_9cEVEXS2btk,aOCawlHTP8U,0,5,cf_upbeat_electronic,top1_prompt_level_preference_counterfactual,original,top1_reference,"I prefer upbeat electronic background music with a bright mood, clear rhythm, energetic beats, and a modern dance or pop feeling.",That sounds great! I'm also interested in incorporating some elements of Redhooknoodles' hip-hop style with electronic and jazz influences. Do you have any recommendations?,"In that case, I recommend 'World Renown' by K-Otix. It's a track from their album 'World Renown'. This song combines elements of Hip-Hop, electronic, and rock with a dance and pop influence. It has a techno and electronic sound with a fast beat, which aligns well with the energetic and modern vibe you're looking for.","Certainly! I suggest you consider using 'Sick Perfect Banger hip-hop beat {rap} Instrumental' by Redhooknoodles. Although I couldn't find the specific track name, Redhooknoodles is known for producing hip-hop beats with electronic, pop, and jazz elements. This instrumental track can provide a unique and dynamic background for your video.","Allow me to recommend 'World Renown' by K-Otix. It's a track from their album 'Universal'. It combines elements of hip-hop, electronic, and indie music with vocal influences. The song 'World Renown' was recorded as a freestyle performance and has a chillout vibe similar to what you're looking for.",World Renown,K-Otix,1,1,1,0,0,top1_generation_prompt_text_changed_only_precomputed_text_feature_unchanged
307,DL3dhkazIc8,DL3dhkazIc8_tQjxTUSkOqs,aOCawlHTP8U_9cEVEXS2btk,aOCawlHTP8U,0,5,cf_lyrical_piano,top1_prompt_level_preference_counterfactual,original,top1_reference,"I prefer lyrical piano background music with a slow tempo, soft acoustic texture, gentle melody, and a calm sentimental mood.",That sounds great! I'm also interested in incorporating some elements of Redhooknoodles' hip-hop style with electronic and jazz influences. Do you have any recommendations?,"Allow me to recommend 'World Renown' by K-Otix. It's a track from their album 'World Renown'. It combines elements of hip-hop, electronic, and rock with a slow tempo and piano-driven sound. The song has a lyrical and emotional vibe that could be a fitting choice for your video.","Certainly! I suggest you consider using 'Sick Perfect Banger hip-hop beat {rap} Instrumental' by Redhooknoodles. Although I couldn't find the specific track name, Redhooknoodles is known for producing hip-hop beats with electronic, pop, and jazz elements. This instrumental track can provide a unique and dynamic background for your video.","Allow me to recommend 'World Renown' by K-Otix. It's a track from their album 'Universal'. It combines elements of hip-hop, electronic, and indie music with vocal influences. The song 'World Renown' was recorded as a freestyle performance and has a chillout vibe similar to what you're looking for.",World Renown,K-Otix,1,1,1,0,0,top1_generation_prompt_text_changed_only_precomputed_text_feature_unchanged
310,9wVRNILwL4I,9wVRNILwL4I_yp0PNekX4vI,UZwd986KVeM_RnXvWWCxOqE,UZwd986KVeM,0,15,original,top1_prompt_level_preference_counterfactual,original,top1_reference,"Sounds interesting, but I'm looking for something with a mix of Hip-Hop, electronic, and pop with a fast beat.","Sounds interesting, but I'm looking for something with a mix of Hip-Hop, electronic, and pop with a fast beat.","In that case, I would recommend 'Hell of a Life' by Perry Mystique. This track combines elements of Hip-Hop, electronic, and pop genres, creating a dynamic and catchy sound. The fast beat adds an energetic vibe to the music, making it perfect for your video.","In that case, I would recommend 'Unchained Melody-917' by SINIMA BEATS. This track combines the elements of Hip-Hop, electronic, and pop genres with a fast beat. It has a catchy and energetic sound that would be perfect for your video.","I suggest checking out 'Hell of a Life' by Perry Mystique. It's a promo song from Perry Mystique's 'Out of Space' mixtape. The track incorporates elements of hip-hop, R&B, electronic, and soul genres. It has a fast-paced techno beat and catchy synth melodies. The song was released as a freestyle over T.I.'s 'Hell of a Life'. This could be a fitting choice for your video, as it combines the style of T.I.'s track with Perry Mystique's unique musical elements.",Hell of a Life,Perry Mystique,1,1,1,0,0,top1_generation_prompt_text_changed_only_precomputed_text_feature_unchanged
310,9wVRNILwL4I,9wVRNILwL4I_yp0PNekX4vI,UZwd986KVeM_RnXvWWCxOqE,UZwd986KVeM,0,15,cf_upbeat_electronic,top1_prompt_level_preference_counterfactual,original,top1_reference,"I prefer upbeat electronic background music with a bright mood, clear rhythm, energetic beats, and a modern dance or pop feeling.","Sounds interesting, but I'm looking for something with a mix of Hip-Hop, electronic, and pop with a fast beat.","In that case, I would recommend 'Hell of a Life' by Perry Mystique. This track combines elements of Hip-Hop, electronic, dance, pop, and R&B, creating a vibrant and energetic sound. It's perfect for adding a modern and upbeat vibe to your video.","In that case, I would recommend 'Unchained Melody-917' by SINIMA BEATS. This track combines the elements of Hip-Hop, electronic, and pop genres with a fast beat. It has a catchy and energetic sound that would be perfect for your video.","I suggest checking out 'Hell of a Life' by Perry Mystique. It's a promo song from Perry Mystique's 'Out of Space' mixtape. The track incorporates elements of hip-hop, R&B, electronic, and soul genres. It has a fast-paced techno beat and catchy synth melodies. The song was released as a freestyle over T.I.'s 'Hell of a Life'. This could be a fitting choice for your video, as it combines the style of T.I.'s track with Perry Mystique's unique musical elements.",Hell of a Life,Perry Mystique,1,1,1,0,0,top1_generation_prompt_text_changed_only_precomputed_text_feature_unchanged
310,9wVRNILwL4I,9wVRNILwL4I_yp0PNekX4vI,UZwd986KVeM_RnXvWWCxOqE,UZwd986KVeM,0,15,cf_lyrical_piano,top1_prompt_level_preference_counterfactual,original,top1_reference,"I prefer lyrical piano background music with a slow tempo, soft acoustic texture, gentle melody, and a calm sentimental mood.","Sounds interesting, but I'm looking for something with a mix of Hip-Hop, electronic, and pop with a fast beat.","In that case, I would recommend 'Hell of a Life' by Perry Mystique. This track has a lyrical piano background with a slow tempo, soft acoustic texture, and a gentle melody. It creates a calm and sentimental mood that would be perfect for your video.","In that case, I would recommend 'Unchained Melody-917' by SINIMA BEATS. This track combines the elements of Hip-Hop, electronic, and pop genres with a fast beat. It has a catchy and energetic sound that would be perfect for your video.","I suggest checking out 'Hell of a Life' by Perry Mystique. It's a promo song from Perry Mystique's 'Out of Space' mixtape. The track incorporates elements of hip-hop, R&B, electronic, and soul genres. It has a fast-paced techno beat and catchy synth melodies. The song was released as a freestyle over T.I.'s 'Hell of a Life'. This could be a fitting choice for your video, as it combines the style of T.I.'s track with Perry Mystique's unique musical elements.",Hell of a Life,Perry Mystique,1,1,1,0,0,top1_generation_prompt_text_changed_only_precomputed_text_feature_unchanged
313,z7Dy7s5tg2o,z7Dy7s5tg2o_ziYVQWdqAEM,Z7m4rr9QiZQ_h18K_JnUi4Q,Z7m4rr9QiZQ,0,8,original,top1_prompt_level_preference_counterfactual,original,top1_reference,"That sounds great, but I'm also interested in incorporating elements of pop and house music into the playlist. Can you suggest a track that combines these genres?","That sounds great, but I'm also interested in incorporating elements of pop and house music into the playlist. Can you suggest a track that combines these genres?","Allow me to recommend 'Change Your Life' by Far East Movement. It's a track from their album 'Change Your Life'. This song combines elements of pop, house, and electronic music, which could be a fitting choice for your video. It has a catchy and energetic vibe that aligns well with the dance and electronic genres.","Certainly! How about 'TechnoColour Dreams Invades Mansion NightClub May 19th 2013'? Although I don't have much information about this track, it's tagged as electronic, dance, electro, pop, and house, which suggests it could be a fitting choice for your event. It might have the pop and house elements you're looking for.","Certainly! How about 'Change Your Life' by Far East Movement? It's a track from their album 'Change Your Life'. The song is classified as electronic, dance, and pop, with electro and house influences. Although the specific remix without Flo Rida is not available, the original version captures the essence of Far East Movement's style with its energetic electronic beats and catchy melodies.",Change Your Life,Far East Movement,1,1,1,0,0,top1_generation_prompt_text_changed_only_precomputed_text_feature_unchanged
313,z7Dy7s5tg2o,z7Dy7s5tg2o_ziYVQWdqAEM,Z7m4rr9QiZQ_h18K_JnUi4Q,Z7m4rr9QiZQ,0,8,cf_upbeat_electronic,top1_prompt_level_preference_counterfactual,original,top1_reference,"I prefer upbeat electronic background music with a bright mood, clear rhythm, energetic beats, and a modern dance or pop feeling.","That sounds great, but I'm also interested in incorporating elements of pop and house music into the playlist. Can you suggest a track that combines these genres?","In that case, I recommend 'Change Your Life' by Far East Movement. It's a track from their album 'Change Your Life'. This song combines elements of dance, electronic, pop, and house music, with a fast-paced techno beat. It has a bright and energetic vibe that will add a lively atmosphere to your video.","Certainly! How about 'TechnoColour Dreams Invades Mansion NightClub May 19th 2013'? Although I don't have much information about this track, it's tagged as electronic, dance, electro, pop, and house, which suggests it could be a fitting choice for your event. It might have the pop and house elements you're looking for.","Certainly! How about 'Change Your Life' by Far East Movement? It's a track from their album 'Change Your Life'. The song is classified as electronic, dance, and pop, with electro and house influences. Although the specific remix without Flo Rida is not available, the original version captures the essence of Far East Movement's style with its energetic electronic beats and catchy melodies.",Change Your Life,Far East Movement,1,1,1,0,0,top1_generation_prompt_text_changed_only_precomputed_text_feature_unchanged
313,z7Dy7s5tg2o,z7Dy7s5tg2o_ziYVQWdqAEM,Z7m4rr9QiZQ_h18K_JnUi4Q,Z7m4rr9QiZQ,0,8,cf_lyrical_piano,top1_prompt_level_preference_counterfactual,original,top1_reference,"I prefer lyrical piano background music with a slow tempo, soft acoustic texture, gentle melody, and a calm sentimental mood.","That sounds great, but I'm also interested in incorporating elements of pop and house music into the playlist. Can you suggest a track that combines these genres?","1. I recommend 'Change Your Life' by Far East Movement. It's a track from their album 'Change Your Life'. This song combines elements of dance, electronic, pop, and rock with a house influence. It has a fast-paced techno sound and features male vocals.","Certainly! How about 'TechnoColour Dreams Invades Mansion NightClub May 19th 2013'? Although I don't have much information about this track, it's tagged as electronic, dance, electro, pop, and house, which suggests it could be a fitting choice for your event. It might have the pop and house elements you're looking for.","Certainly! How about 'Change Your Life' by Far East Movement? It's a track from their album 'Change Your Life'. The song is classified as electronic, dance, and pop, with electro and house influences. Although the specific remix without Flo Rida is not available, the original version captures the essence of Far East Movement's style with its energetic electronic beats and catchy melodies.",Change Your Life,Far East Movement,1,1,1,0,0,top1_generation_prompt_text_changed_only_precomputed_text_feature_unchanged
323,7KnEzXBwovQ,7KnEzXBwovQ_VdzigTcir9U,6Y_hv6OsVds_iU_wozLCUUM,6Y_hv6OsVds,0,13,original,top1_prompt_level_preference_counterfactual,original,top1_reference,"That sounds great! I also want to incorporate some Korean music into my video. Can you recommend a track from the Korean music scene that combines elements of hip-hop, pop, and electronic?","That sounds great! I also want to incorporate some Korean music into my video. Can you recommend a track from the Korean music scene that combines elements of hip-hop, pop, and electronic?","I suggest checking out the track 'Gangnam Style' by PSY. It's a popular Korean music video that combines elements of hip-hop, pop, and electronic. The song has a catchy beat and is known for its danceable rhythm. It's a great choice to incorporate Korean music into your video.","Allow me to recommend a video titled '盘点韩国歌坛5大舞王' from Tudou最音乐. It showcases the dance skills of Super Junior's member Yoon Hee, Shinhwa's member Lee Min-woo, TVXQ's Yunho, Rain, and Jang Yoon-ha. Although no specific track name or artist is mentioned, it suggests the Korean music scene's diversity in genres such as hip-hop, pop, electronic, and even rock. This video might be a great fit for your video project.","Allow me to recommend 'Время-Timati - Time'. It's a track by Тимати that falls under the genres of electronic and Hip-Hop. Although I don't have any specific information about the album or release year, it's likely to contain the elements you're looking for.",,,,,,0,0,top1_generation_prompt_text_changed_only_precomputed_text_feature_unchanged
323,7KnEzXBwovQ,7KnEzXBwovQ_VdzigTcir9U,6Y_hv6OsVds_iU_wozLCUUM,6Y_hv6OsVds,0,13,cf_upbeat_electronic,top1_prompt_level_preference_counterfactual,original,top1_reference,"I prefer upbeat electronic background music with a bright mood, clear rhythm, energetic beats, and a modern dance or pop feeling.","That sounds great! I also want to incorporate some Korean music into my video. Can you recommend a track from the Korean music scene that combines elements of hip-hop, pop, and electronic?","In that case, I recommend 'Gangnam Style' by PSY. It's a popular track from the album 'PSY SIX RULES Pt.1'. The song combines elements of hip-hop, electronic, pop, and dance, with a fast-paced techno beat. It has a bright and energetic vibe that could be a great fit for your video.","Allow me to recommend a video titled '盘点韩国歌坛5大舞王' from Tudou最音乐. It showcases the dance skills of Super Junior's member Yoon Hee, Shinhwa's member Lee Min-woo, TVXQ's Yunho, Rain, and Jang Yoon-ha. Although no specific track name or artist is mentioned, it suggests the Korean music scene's diversity in genres such as hip-hop, pop, electronic, and even rock. This video might be a great fit for your video project.","Allow me to recommend 'Время-Timati - Time'. It's a track by Тимати that falls under the genres of electronic and Hip-Hop. Although I don't have any specific information about the album or release year, it's likely to contain the elements you're looking for.",,,,,,0,0,top1_generation_prompt_text_changed_only_precomputed_text_feature_unchanged
323,7KnEzXBwovQ,7KnEzXBwovQ_VdzigTcir9U,6Y_hv6OsVds_iU_wozLCUUM,6Y_hv6OsVds,0,13,cf_lyrical_piano,top1_prompt_level_preference_counterfactual,original,top1_reference,"I prefer lyrical piano background music with a slow tempo, soft acoustic texture, gentle melody, and a calm sentimental mood.","That sounds great! I also want to incorporate some Korean music into my video. Can you recommend a track from the Korean music scene that combines elements of hip-hop, pop, and electronic?",在您的要求下，我們推薦的兩首歌曲均具有悠遊氣氛，並具有悠遊氣氛的感覺。您可以選擇兩首歌曲中的一首，以悠遊氣氛為主體，並與您的要求相符,"Allow me to recommend a video titled '盘点韩国歌坛5大舞王' from Tudou最音乐. It showcases the dance skills of Super Junior's member Yoon Hee, Shinhwa's member Lee Min-woo, TVXQ's Yunho, Rain, and Jang Yoon-ha. Although no specific track name or artist is mentioned, it suggests the Korean music scene's diversity in genres such as hip-hop, pop, electronic, and even rock. This video might be a great fit for your video project.","Allow me to recommend 'Время-Timati - Time'. It's a track by Тимати that falls under the genres of electronic and Hip-Hop. Although I don't have any specific information about the album or release year, it's likely to contain the elements you're looking for.",,,,,,0,0,top1_generation_prompt_text_changed_only_precomputed_text_feature_unchanged
326,Nun6L-ahGL8,Nun6L-ahGL8_nbchhRSriRg,tLiT2biXrE0_tu-n5fUfjc4,tLiT2biXrE0,0,32,original,top1_prompt_level_preference_counterfactual,original,top1_reference,"That sounds great, but I would like to incorporate a bit more of Kokane's distinctive style, especially his R&B and pop components. I'm also interested in rock elements.","That sounds great, but I would like to incorporate a bit more of Kokane's distinctive style, especially his R&B and pop components. I'm also interested in rock elements.","Allow me to recommend 'I'm a Hustla' by Kokane. It's a track from his album 'I'm a Hustla'. It combines elements of R&B, pop, and rock with electronic beats that could be a fitting choice for your video. It was released in 2011 which may contain the specific element you want.","Allow me to recommend 'My World' by Kokane. It's a track from the album 'Lady Kokane Presents: Kokane Love Songs'. It combines elements of hip-hop, electronic, R&B, pop, and rock, which could be a fitting choice for your video. The song has a mix of electronic beats, synth sounds, and drums that add to the overall sound.","In that case, I would recommend 'Morgan Murray - Higher Meaning' featuring Jay Free. This track incorporates elements of Hip-Hop, soul, electronic, pop, and R&B genres. It has a smooth and soulful vibe with electronic elements that give it a modern touch. Directed, mixed, and mastered by Alex Delarge in 2013.",,,,,,0,0,top1_generation_prompt_text_changed_only_precomputed_text_feature_unchanged
326,Nun6L-ahGL8,Nun6L-ahGL8_nbchhRSriRg,tLiT2biXrE0_tu-n5fUfjc4,tLiT2biXrE0,0,32,cf_upbeat_electronic,top1_prompt_level_preference_counterfactual,original,top1_reference,"I prefer upbeat electronic background music with a bright mood, clear rhythm, energetic beats, and a modern dance or pop feeling.","That sounds great, but I would like to incorporate a bit more of Kokane's distinctive style, especially his R&B and pop components. I'm also interested in rock elements.","Based on your preferences, I recommend 'I'm Good' by J.R. featuring J.R. and J.R. It's a track from the album 'I'm Good' and combines elements of Hip-Hop, R&B, pop, and electronic music. The song has a fast-paced beat and a catchy rhythm that could be a great fit for your video.","Allow me to recommend 'My World' by Kokane. It's a track from the album 'Lady Kokane Presents: Kokane Love Songs'. It combines elements of hip-hop, electronic, R&B, pop, and rock, which could be a fitting choice for your video. The song has a mix of electronic beats, synth sounds, and drums that add to the overall sound.","In that case, I would recommend 'Morgan Murray - Higher Meaning' featuring Jay Free. This track incorporates elements of Hip-Hop, soul, electronic, pop, and R&B genres. It has a smooth and soulful vibe with electronic elements that give it a modern touch. Directed, mixed, and mastered by Alex Delarge in 2013.",,,,,,0,0,top1_generation_prompt_text_changed_only_precomputed_text_feature_unchanged
326,Nun6L-ahGL8,Nun6L-ahGL8_nbchhRSriRg,tLiT2biXrE0_tu-n5fUfjc4,tLiT2biXrE0,0,32,cf_lyrical_piano,top1_prompt_level_preference_counterfactual,original,top1_reference,"I prefer lyrical piano background music with a slow tempo, soft acoustic texture, gentle melody, and a calm sentimental mood.","That sounds great, but I would like to incorporate a bit more of Kokane's distinctive style, especially his R&B and pop components. I'm also interested in rock elements.","In that case, I would recommend 'I'm Good' by J.R. featuring J.R.O. It's a track that combines elements of Hip-Hop, R&B, pop, and soul with a slow tempo and a piano-driven sound. The song has a lyrical and emotional depth that could add a touch of sentimentality to your video.","Allow me to recommend 'My World' by Kokane. It's a track from the album 'Lady Kokane Presents: Kokane Love Songs'. It combines elements of hip-hop, electronic, R&B, pop, and rock, which could be a fitting choice for your video. The song has a mix of electronic beats, synth sounds, and drums that add to the overall sound.","In that case, I would recommend 'Morgan Murray - Higher Meaning' featuring Jay Free. This track incorporates elements of Hip-Hop, soul, electronic, pop, and R&B genres. It has a smooth and soulful vibe with electronic elements that give it a modern touch. Directed, mixed, and mastered by Alex Delarge in 2013.",,,,,,0,0,top1_generation_prompt_text_changed_only_precomputed_text_feature_unchanged
348,6WpF3T7_-WY,6WpF3T7_-WY_334K3xDT5OU,S9vw3TuUqi0_dFcvLRUtD2I,S9vw3TuUqi0,0,5,original,top1_prompt_level_preference_counterfactual,original,top1_reference,"That sounds great, but I would like to incorporate some elements of Diez Mo's style as well. Can you recommend a track that combines hip-hop, electronic, and soul with a dance vibe?","That sounds great, but I would like to incorporate some elements of Diez Mo's style as well. Can you recommend a track that combines hip-hop, electronic, and soul with a dance vibe?","Allow me to recommend 'Só o Amor' by Diez Mo. It's a track from their album 'Só o Amor'. It combines elements of hip-hop, electronic, and soul with a dance vibe. The song was produced by Dj M.C. and has a catchy beat that could be a fitting choice for your video.","Sure! How about 'Poser' by Diez Mo feat. Modibo? It's a track from their project 'Diezporama'. It combines elements of hip-hop, electronic, soul, and dance. It was directed by FEDZ and has a catchy beat and synth sound.","Allow me to recommend 'Soldado Di Liberdade' by Na Praça featuring Jay Dizafor - Fidjos Cabral & Que. It's a track with a chilled and ambient feel, falling under the hip-hop and electronic genres. Although I don't have much background information about the track, it fits the description you provided.",Soldado Di Liberdade,Na Praça featuring Jay Dizafor - Fidjos Cabral & Que,0,0,0,1,0,top1_generation_prompt_text_changed_only_precomputed_text_feature_unchanged
348,6WpF3T7_-WY,6WpF3T7_-WY_334K3xDT5OU,S9vw3TuUqi0_dFcvLRUtD2I,S9vw3TuUqi0,0,5,cf_upbeat_electronic,top1_prompt_level_preference_counterfactual,original,top1_reference,"I prefer upbeat electronic background music with a bright mood, clear rhythm, energetic beats, and a modern dance or pop feeling.","That sounds great, but I would like to incorporate some elements of Diez Mo's style as well. Can you recommend a track that combines hip-hop, electronic, and soul with a dance vibe?","Allow me to recommend 'Soldado Di Liberdade' by Na Praça featuring Jay Dizafor - Fidjos Cabral & Que. It's a track from their album 'Soldado Di Liberdade'. It combines elements of hip-hop, electronic, and pop with a dance and rock influence. The song has a fast-paced beat and a catchy rhythm that could be a fitting choice for your video.","Sure! How about 'Poser' by Diez Mo feat. Modibo? It's a track from their project 'Diezporama'. It combines elements of hip-hop, electronic, soul, and dance. It was directed by FEDZ and has a catchy beat and synth sound.","Allow me to recommend 'Soldado Di Liberdade' by Na Praça featuring Jay Dizafor - Fidjos Cabral & Que. It's a track with a chilled and ambient feel, falling under the hip-hop and electronic genres. Although I don't have much background information about the track, it fits the description you provided.",Soldado Di Liberdade,Na Praça featuring Jay Dizafor - Fidjos Cabral & Que,1,1,1,0,0,top1_generation_prompt_text_changed_only_precomputed_text_feature_unchanged
348,6WpF3T7_-WY,6WpF3T7_-WY_334K3xDT5OU,S9vw3TuUqi0_dFcvLRUtD2I,S9vw3TuUqi0,0,5,cf_lyrical_piano,top1_prompt_level_preference_counterfactual,original,top1_reference,"I prefer lyrical piano background music with a slow tempo, soft acoustic texture, gentle melody, and a calm sentimental mood.","That sounds great, but I would like to incorporate some elements of Diez Mo's style as well. Can you recommend a track that combines hip-hop, electronic, and soul with a dance vibe?","Allow me to recommend 'Soldado Di Liberdade' by Na Praça featuring Jay Dizafor - Fidjos Cabral & Que. It's a track with lyrical piano background music that aligns well with your preferences. The song has a slow tempo, soft acoustic texture, gentle melody, and a calm sentimental mood. It was released in 2012 and has a mix of hip-hop, electronic, and pop elements.","Sure! How about 'Poser' by Diez Mo feat. Modibo? It's a track from their project 'Diezporama'. It combines elements of hip-hop, electronic, soul, and dance. It was directed by FEDZ and has a catchy beat and synth sound.","Allow me to recommend 'Soldado Di Liberdade' by Na Praça featuring Jay Dizafor - Fidjos Cabral & Que. It's a track with a chilled and ambient feel, falling under the hip-hop and electronic genres. Although I don't have much background information about the track, it fits the description you provided.",Soldado Di Liberdade,Na Praça featuring Jay Dizafor - Fidjos Cabral & Que,1,1,1,0,0,top1_generation_prompt_text_changed_only_precomputed_text_feature_unchanged
357,aXgXFr89wpY,aXgXFr89wpY_5cdy3zeBS0w,AI47sOL0RO4_T63PjvdqgGQ,AI47sOL0RO4,0,31,original,top1_prompt_level_preference_counterfactual,original,top1_reference,"That sounds great, but I also want to incorporate some hip-hop and rock influences into the music. I'm also interested in male vocals and electronic beats.","That sounds great, but I also want to incorporate some hip-hop and rock influences into the music. I'm also interested in male vocals and electronic beats.","Allow me to recommend 'Just Bought a 45' by BigJohn. It's a hip-hop track with rock, pop, and electronic elements. The song features male vocals and has a techno and electronic sound. It was released in 2013 and could be a fitting choice for your video.",Allow me to recommend 'Vampires' by Da Messenger ft. T-Clax. It's a hip-hop track with electronic and rock elements that could be a fitting choice for your video. It features male vocals and has an energetic and dynamic sound with electronic beats.,"Allow me to recommend 'Just Bought a 45' by BigJohn. It's a hip-hop track with rock and electronic influences, and it has a pop feel to it. The song features a male vocal and is the first official music video by BigJohn from Polk County, Florida. You can follow BigJohn on social media platforms like Facebook, Twitter, and Instagram with the handle @863bigjohn.",Just Bought a 45,BigJohn,1,1,1,0,0,top1_generation_prompt_text_changed_only_precomputed_text_feature_unchanged
357,aXgXFr89wpY,aXgXFr89wpY_5cdy3zeBS0w,AI47sOL0RO4_T63PjvdqgGQ,AI47sOL0RO4,0,31,cf_upbeat_electronic,top1_prompt_level_preference_counterfactual,original,top1_reference,"I prefer upbeat electronic background music with a bright mood, clear rhythm, energetic beats, and a modern dance or pop feeling.","That sounds great, but I also want to incorporate some hip-hop and rock influences into the music. I'm also interested in male vocals and electronic beats.","In that case, I recommend 'Just Bought a 45' by BigJohn. It's a track from his album 'Just Bought a 45'. This song combines elements of Hip-Hop, rock, electronic, and pop, with a danceable rhythm. It has a techno and electronic sound with a fast beat, which aligns well with the energetic and modern dance vibe you're looking for.",Allow me to recommend 'Vampires' by Da Messenger ft. T-Clax. It's a hip-hop track with electronic and rock elements that could be a fitting choice for your video. It features male vocals and has an energetic and dynamic sound with electronic beats.,"Allow me to recommend 'Just Bought a 45' by BigJohn. It's a hip-hop track with rock and electronic influences, and it has a pop feel to it. The song features a male vocal and is the first official music video by BigJohn from Polk County, Florida. You can follow BigJohn on social media platforms like Facebook, Twitter, and Instagram with the handle @863bigjohn.",Just Bought a 45,BigJohn,1,1,1,0,0,top1_generation_prompt_text_changed_only_precomputed_text_feature_unchanged
357,aXgXFr89wpY,aXgXFr89wpY_5cdy3zeBS0w,AI47sOL0RO4_T63PjvdqgGQ,AI47sOL0RO4,0,31,cf_lyrical_piano,top1_prompt_level_preference_counterfactual,original,top1_reference,"I prefer lyrical piano background music with a slow tempo, soft acoustic texture, gentle melody, and a calm sentimental mood.","That sounds great, but I also want to incorporate some hip-hop and rock influences into the music. I'm also interested in male vocals and electronic beats.","Allow me to recommend 'Just Bought a 45' by BigJohn. It's a track from his album 'Just Bought a 45'. It combines elements of hip-hop, rock, and electronic with a slow tempo and a piano-driven sound. The song has a lyrical and emotional vibe that could be a fitting choice for your video.",Allow me to recommend 'Vampires' by Da Messenger ft. T-Clax. It's a hip-hop track with electronic and rock elements that could be a fitting choice for your video. It features male vocals and has an energetic and dynamic sound with electronic beats.,"Allow me to recommend 'Just Bought a 45' by BigJohn. It's a hip-hop track with rock and electronic influences, and it has a pop feel to it. The song features a male vocal and is the first official music video by BigJohn from Polk County, Florida. You can follow BigJohn on social media platforms like Facebook, Twitter, and Instagram with the handle @863bigjohn.",Just Bought a 45,BigJohn,1,1,1,0,0,top1_generation_prompt_text_changed_only_precomputed_text_feature_unchanged
358,4ldBWUbiDTM,4ldBWUbiDTM_bs9xnYfKAQA,48Ebe-oCMIQ_s2Odvz0uDyU,48Ebe-oCMIQ,0,3,original,top1_prompt_level_preference_counterfactual,original,top1_reference,"That sounds great, I like the rock and alternative types in your music recommendations. But I would like to incorporate a bit more of La Crus's distinctive style, especially their 80s and indie components. I'm also interested in pop elements with female vocals.","That sounds great, I like the rock and alternative types in your music recommendations. But I would like to incorporate a bit more of La Crus's distinctive style, especially their 80s and indie components. I'm also interested in pop elements with female vocals.","Allow me to recommend 'La Crus' by La Crus. It's a track from their album 'La Crus'. It combines elements of rock, pop, and indie with female vocals that could be a fitting choice for your video. The song has an 80s vibe which may contain the specific element you want.","Allow me to recommend 'Mentimi' by La Crus. It's a track from their album 'Mentimi'. It combines elements of 80s, indie, and alternative rock with pop influences. This song has guitar-based music and features female vocals. It was released in 2008, which may contain the specific elements you're looking for.","Certainly! How about 'Si C'Est Une Ile' by Jenifer? It's a track that showcases her rock and pop style with indie and alternative influences. The song features female vocals, which adds a unique touch to the music. It was released in 2008 and could bring a nostalgic feel to your video.",Si C'Est Une Ile,Jenifer,0,0,0,1,0,top1_generation_prompt_text_changed_only_precomputed_text_feature_unchanged
358,4ldBWUbiDTM,4ldBWUbiDTM_bs9xnYfKAQA,48Ebe-oCMIQ_s2Odvz0uDyU,48Ebe-oCMIQ,0,3,cf_upbeat_electronic,top1_prompt_level_preference_counterfactual,original,top1_reference,"I prefer upbeat electronic background music with a bright mood, clear rhythm, energetic beats, and a modern dance or pop feeling.","That sounds great, I like the rock and alternative types in your music recommendations. But I would like to incorporate a bit more of La Crus's distinctive style, especially their 80s and indie components. I'm also interested in pop elements with female vocals.","In that case, I would recommend 'C'est une île' by Jenifer. This track has a bright and energetic electronic sound with a pop and dance influence. It's perfect for creating a lively and modern atmosphere in your video.","Allow me to recommend 'Mentimi' by La Crus. It's a track from their album 'Mentimi'. It combines elements of 80s, indie, and alternative rock with pop influences. This song has guitar-based music and features female vocals. It was released in 2008, which may contain the specific elements you're looking for.","Certainly! How about 'Si C'Est Une Ile' by Jenifer? It's a track that showcases her rock and pop style with indie and alternative influences. The song features female vocals, which adds a unique touch to the music. It was released in 2008 and could bring a nostalgic feel to your video.",Si C'Est Une Ile,Jenifer,0,1,0,1,0,top1_generation_prompt_text_changed_only_precomputed_text_feature_unchanged
358,4ldBWUbiDTM,4ldBWUbiDTM_bs9xnYfKAQA,48Ebe-oCMIQ_s2Odvz0uDyU,48Ebe-oCMIQ,0,3,cf_lyrical_piano,top1_prompt_level_preference_counterfactual,original,top1_reference,"I prefer lyrical piano background music with a slow tempo, soft acoustic texture, gentle melody, and a calm sentimental mood.","That sounds great, I like the rock and alternative types in your music recommendations. But I would like to incorporate a bit more of La Crus's distinctive style, especially their 80s and indie components. I'm also interested in pop elements with female vocals.","Allow me to recommend 'Si C'Est Une Ile' by Jenifer. It's a track from her album 'Si C'Est Une Ile'. This song combines elements of rock, pop, and alternative with a touch of 80s influence. It features a piano-driven melody and a slow tempo, creating a soothing and sentimental atmosphere.","Allow me to recommend 'Mentimi' by La Crus. It's a track from their album 'Mentimi'. It combines elements of 80s, indie, and alternative rock with pop influences. This song has guitar-based music and features female vocals. It was released in 2008, which may contain the specific elements you're looking for.","Certainly! How about 'Si C'Est Une Ile' by Jenifer? It's a track that showcases her rock and pop style with indie and alternative influences. The song features female vocals, which adds a unique touch to the music. It was released in 2008 and could bring a nostalgic feel to your video.",Si C'Est Une Ile,Jenifer,1,1,1,0,0,top1_generation_prompt_text_changed_only_precomputed_text_feature_unchanged
364,XKMGhFjOoXg,XKMGhFjOoXg_Mbau7DWaexI,XKMGhFjOoXg_Mbau7DWaexI,XKMGhFjOoXg,1,1,original,top1_prompt_level_preference_counterfactual,original,top1_reference,"That sounds good, but I'm looking for a track with more diverse influences. I want to incorporate elements of hip-hop, indie, and rock into the music. It would be great if the song also had pop and electronic elements.","That sounds good, but I'm looking for a track with more diverse influences. I want to incorporate elements of hip-hop, indie, and rock into the music. It would be great if the song also had pop and electronic elements.","Allow me to recommend 'Zemsta' by Mezo. It's a track from their album 'Zemsta'. The song combines elements of hip-hop, indie, rock, pop, and electronic music. It has a unique blend of genres that could add diversity to your video. The track was released in 2012 and has a distinctive style that aligns with your preferences.","Allow me to recommend 'Zemsta' by Mezo. It's a track that combines elements of hip-hop, indie, rock, pop, and electronic music. Mezo is known for his diverse style, and 'Zemsta' captures the fusion of these genres. The song has a catchy pop melody with guitar-driven rock elements and electronic beats, making it a versatile choice for your video.","Allow me to recommend 'Zemsta' by Mezo. It's a track that combines elements of hip-hop, indie, rock, pop, and electronic music. Mezo is known for his diverse style, and 'Zemsta' captures the fusion of these genres. The song has a catchy pop melody with guitar-driven rock elements and electronic beats, making it a versatile choice for your video.",Zemsta,Mezo,1,1,1,0,0,top1_generation_prompt_text_changed_only_precomputed_text_feature_unchanged
364,XKMGhFjOoXg,XKMGhFjOoXg_Mbau7DWaexI,XKMGhFjOoXg_Mbau7DWaexI,XKMGhFjOoXg,1,1,cf_upbeat_electronic,top1_prompt_level_preference_counterfactual,original,top1_reference,"I prefer upbeat electronic background music with a bright mood, clear rhythm, energetic beats, and a modern dance or pop feeling.","That sounds good, but I'm looking for a track with more diverse influences. I want to incorporate elements of hip-hop, indie, and rock into the music. It would be great if the song also had pop and electronic elements.","In that case, I recommend 'Zemsta' by Mezo. It's a track from the album 'Zemsta' and combines elements of Hip-Hop, indie, rock, and electronic music. The song has a fast-paced rhythm and a techno influence, which aligns well with the energetic and modern dance vibe you're looking for.","Allow me to recommend 'Zemsta' by Mezo. It's a track that combines elements of hip-hop, indie, rock, pop, and electronic music. Mezo is known for his diverse style, and 'Zemsta' captures the fusion of these genres. The song has a catchy pop melody with guitar-driven rock elements and electronic beats, making it a versatile choice for your video.","Allow me to recommend 'Zemsta' by Mezo. It's a track that combines elements of hip-hop, indie, rock, pop, and electronic music. Mezo is known for his diverse style, and 'Zemsta' captures the fusion of these genres. The song has a catchy pop melody with guitar-driven rock elements and electronic beats, making it a versatile choice for your video.",Zemsta,Mezo,1,1,1,0,0,top1_generation_prompt_text_changed_only_precomputed_text_feature_unchanged
364,XKMGhFjOoXg,XKMGhFjOoXg_Mbau7DWaexI,XKMGhFjOoXg_Mbau7DWaexI,XKMGhFjOoXg,1,1,cf_lyrical_piano,top1_prompt_level_preference_counterfactual,original,top1_reference,"I prefer lyrical piano background music with a slow tempo, soft acoustic texture, gentle melody, and a calm sentimental mood.","That sounds good, but I'm looking for a track with more diverse influences. I want to incorporate elements of hip-hop, indie, and rock into the music. It would be great if the song also had pop and electronic elements.","Allow me to recommend 'Zemsta' by Mezo. It's a track from their album 'Zemsta'. It combines elements of hip-hop, indie, and rock with a slow tempo, piano-driven sound, and a soft acoustic texture. The song has a gentle melody and a calm, sentimental mood that could be a fitting choice for your video.","Allow me to recommend 'Zemsta' by Mezo. It's a track that combines elements of hip-hop, indie, rock, pop, and electronic music. Mezo is known for his diverse style, and 'Zemsta' captures the fusion of these genres. The song has a catchy pop melody with guitar-driven rock elements and electronic beats, making it a versatile choice for your video.","Allow me to recommend 'Zemsta' by Mezo. It's a track that combines elements of hip-hop, indie, rock, pop, and electronic music. Mezo is known for his diverse style, and 'Zemsta' captures the fusion of these genres. The song has a catchy pop melody with guitar-driven rock elements and electronic beats, making it a versatile choice for your video.",Zemsta,Mezo,1,1,1,0,0,top1_generation_prompt_text_changed_only_precomputed_text_feature_unchanged
410,q5bry6xHfxc,q5bry6xHfxc_TxqJOm0601k,rklmqungfLI_f2WBpFDoAx0,rklmqungfLI,0,18,original,top1_prompt_level_preference_counterfactual,original,top1_reference,"That sounds great, but I'm also looking for some R&B and vocal elements in the music. Can you recommend something that combines Hip-Hop, electronic, and R&B with vocal presence?","That sounds great, but I'm also looking for some R&B and vocal elements in the music. Can you recommend something that combines Hip-Hop, electronic, and R&B with vocal presence?","Allow me to recommend 'Still Callin' by DOM KENNEDY featuring TeeFlii. It's a track that combines elements of Hip-Hop, electronic, and R&B with vocal presence. Although I don't have much information about the specific album or artists, this song aligns well with the style you're looking for.","Certainly! How about 'Karma' by J-Blaze featuring HD? It's a track from their album 'Karma'. This song combines elements of Hip-Hop, electronic, R&B, and pop with a vocal presence. The music video was filmed and edited by PJ Flores of 4 Dub Ent, which adds a visual element to the music. It could be a great fit for your video, incorporating the desired genres and vocal elements.","Allow me to recommend 'Still Callin' by DOM KENNEDY featuring TeeFlii. It's a track that combines elements of hip-hop, R&B, and pop, with soulful female vocals and a prominent synth backdrop. Although there is no specific description available for this track, it aligns well with DOM KENNEDY's style and the elements you're looking for in your video.",Still Callin,DOM KENNEDY featuring TeeFlii,1,1,1,0,0,top1_generation_prompt_text_changed_only_precomputed_text_feature_unchanged
410,q5bry6xHfxc,q5bry6xHfxc_TxqJOm0601k,rklmqungfLI_f2WBpFDoAx0,rklmqungfLI,0,18,cf_upbeat_electronic,top1_prompt_level_preference_counterfactual,original,top1_reference,"I prefer upbeat electronic background music with a bright mood, clear rhythm, energetic beats, and a modern dance or pop feeling.","That sounds great, but I'm also looking for some R&B and vocal elements in the music. Can you recommend something that combines Hip-Hop, electronic, and R&B with vocal presence?","Based on your preferences, I recommend 'Still Callin' by DOM KENNEDY featuring TeeFlii. It's a track from the album 'Still Callin' and combines elements of Hip-Hop, R&B, electronic, pop, and dance. The song has a fast-paced beat and a catchy rhythm that could be a great fit for your video.","Certainly! How about 'Karma' by J-Blaze featuring HD? It's a track from their album 'Karma'. This song combines elements of Hip-Hop, electronic, R&B, and pop with a vocal presence. The music video was filmed and edited by PJ Flores of 4 Dub Ent, which adds a visual element to the music. It could be a great fit for your video, incorporating the desired genres and vocal elements.","Allow me to recommend 'Still Callin' by DOM KENNEDY featuring TeeFlii. It's a track that combines elements of hip-hop, R&B, and pop, with soulful female vocals and a prominent synth backdrop. Although there is no specific description available for this track, it aligns well with DOM KENNEDY's style and the elements you're looking for in your video.",Still Callin,DOM KENNEDY featuring TeeFlii,1,1,1,0,0,top1_generation_prompt_text_changed_only_precomputed_text_feature_unchanged
410,q5bry6xHfxc,q5bry6xHfxc_TxqJOm0601k,rklmqungfLI_f2WBpFDoAx0,rklmqungfLI,0,18,cf_lyrical_piano,top1_prompt_level_preference_counterfactual,original,top1_reference,"I prefer lyrical piano background music with a slow tempo, soft acoustic texture, gentle melody, and a calm sentimental mood.","That sounds great, but I'm also looking for some R&B and vocal elements in the music. Can you recommend something that combines Hip-Hop, electronic, and R&B with vocal presence?","In that case, I recommend 'Still Callin' by DOM KENNEDY featuring TeeFlii. It's a track from the album 'Still Callin' and combines elements of Hip-Hop, R&B, electronic, pop, and soul. The song has a slow tempo and features lyrical piano, which aligns well with your preferences.","Certainly! How about 'Karma' by J-Blaze featuring HD? It's a track from their album 'Karma'. This song combines elements of Hip-Hop, electronic, R&B, and pop with a vocal presence. The music video was filmed and edited by PJ Flores of 4 Dub Ent, which adds a visual element to the music. It could be a great fit for your video, incorporating the desired genres and vocal elements.","Allow me to recommend 'Still Callin' by DOM KENNEDY featuring TeeFlii. It's a track that combines elements of hip-hop, R&B, and pop, with soulful female vocals and a prominent synth backdrop. Although there is no specific description available for this track, it aligns well with DOM KENNEDY's style and the elements you're looking for in your video.",Still Callin,DOM KENNEDY featuring TeeFlii,1,1,1,0,0,top1_generation_prompt_text_changed_only_precomputed_text_feature_unchanged
412,b5QuBBHUgSQ,b5QuBBHUgSQ_51EjCZjDzWA,BlVhWJpYwUI_4pC6XWkUmQw,BlVhWJpYwUI,0,74,original,top1_prompt_level_preference_counterfactual,original,top1_reference,"That sounds great! I like the electronic and techno styles in your music recommendation. But I would like to incorporate a bit more of Ads Antalik's distinctive style, specifically their 90s hip-hop and dance components. I'm also interested in male vocal and synth influences.","That sounds great! I like the electronic and techno styles in your music recommendation. But I would like to incorporate a bit more of Ads Antalik's distinctive style, specifically their 90s hip-hop and dance components. I'm also interested in male vocal and synth influences.","Allow me to recommend 'I'm A Star' by Ads Antalik. It's a track from their album 'I'm A Star'. It combines elements of 90s hip-hop, electronic, and dance with male vocals and synth sounds. It was released in 2012 which may contain the specific elements you want.","Allow me to recommend 'Gloria Clemente / Mind Frame '13' by Ads Antalik. Although I don't have detailed information about this track, Ads Antalik is known for their hip-hop, electronic, and 90s dance influences. This song might have the specific elements you're looking for, including male vocals and synth elements.","Allow me to recommend a song called 'Lester Lions' by Deno Soas & Jr Da Star. This music film has elements of hip-hop, electronic, and rock genres with 90s dance influences. Although there are no specific details provided in the description, the track was filmed, directed, and edited by Blac Gotti.",Lester Lions,Deno Soas & Jr Da Star,0,0,0,1,0,top1_generation_prompt_text_changed_only_precomputed_text_feature_unchanged
412,b5QuBBHUgSQ,b5QuBBHUgSQ_51EjCZjDzWA,BlVhWJpYwUI_4pC6XWkUmQw,BlVhWJpYwUI,0,74,cf_upbeat_electronic,top1_prompt_level_preference_counterfactual,original,top1_reference,"I prefer upbeat electronic background music with a bright mood, clear rhythm, energetic beats, and a modern dance or pop feeling.","That sounds great! I like the electronic and techno styles in your music recommendation. But I would like to incorporate a bit more of Ads Antalik's distinctive style, specifically their 90s hip-hop and dance components. I'm also interested in male vocal and synth influences.","Based on your preferences, I recommend 'Lester Lions' by Deno Soas & Jr Da Star. It's a track that combines elements of Hip-Hop, electronic, rock, and pop with a dance vibe. The song has a fast-paced beat and energetic drums that will add a lively and modern feel to your video.","Allow me to recommend 'Gloria Clemente / Mind Frame '13' by Ads Antalik. Although I don't have detailed information about this track, Ads Antalik is known for their hip-hop, electronic, and 90s dance influences. This song might have the specific elements you're looking for, including male vocals and synth elements.","Allow me to recommend a song called 'Lester Lions' by Deno Soas & Jr Da Star. This music film has elements of hip-hop, electronic, and rock genres with 90s dance influences. Although there are no specific details provided in the description, the track was filmed, directed, and edited by Blac Gotti.",Lester Lions,Deno Soas & Jr Da Star,1,1,1,0,0,top1_generation_prompt_text_changed_only_precomputed_text_feature_unchanged
412,b5QuBBHUgSQ,b5QuBBHUgSQ_51EjCZjDzWA,BlVhWJpYwUI_4pC6XWkUmQw,BlVhWJpYwUI,0,74,cf_lyrical_piano,top1_prompt_level_preference_counterfactual,original,top1_reference,"I prefer lyrical piano background music with a slow tempo, soft acoustic texture, gentle melody, and a calm sentimental mood.","That sounds great! I like the electronic and techno styles in your music recommendation. But I would like to incorporate a bit more of Ads Antalik's distinctive style, specifically their 90s hip-hop and dance components. I'm also interested in male vocal and synth influences.","In that case, I would recommend 'Lester Lions' by Deno Soas & Jr Da Star. This track has a lyrical piano background with a slow tempo, soft acoustic texture, gentle melody, and a calm, sentimental mood. It's a perfect fit for your video.","Allow me to recommend 'Gloria Clemente / Mind Frame '13' by Ads Antalik. Although I don't have detailed information about this track, Ads Antalik is known for their hip-hop, electronic, and 90s dance influences. This song might have the specific elements you're looking for, including male vocals and synth elements.","Allow me to recommend a song called 'Lester Lions' by Deno Soas & Jr Da Star. This music film has elements of hip-hop, electronic, and rock genres with 90s dance influences. Although there are no specific details provided in the description, the track was filmed, directed, and edited by Blac Gotti.",Lester Lions,Deno Soas & Jr Da Star,1,1,1,0,0,top1_generation_prompt_text_changed_only_precomputed_text_feature_unchanged
448,R_R2JC4Ekw0,R_R2JC4Ekw0_47xbkT3calM,JUJ40Pm3UHQ_Pd6Z7qIiniI,JUJ40Pm3UHQ,0,6,original,top1_prompt_level_preference_counterfactual,original,top1_reference,"That sounds great, I'm looking for a track with electronic and dance elements. Do you have any recommendations that align with those genres?","That sounds great, I'm looking for a track with electronic and dance elements. Do you have any recommendations that align with those genres?",Certainly! How about 'Ella Me Quiere' by Sin Recreo? It's an electronic dance track with pop and house influences. The song has a catchy beat and a vibrant sound that could complement your video. It was released in 2013 and has a music video directed by Javier Mendez.,"Certainly! How about 'LA TOALLA' by ANAÍS vs THE BOYS MACHINE y BABY? It's a dance track with electronic and house influences, and it features female vocals. It could be a fitting choice for your video.",Certainly! You might consider 'Esto Es Sin Recreo' by Sin Recreo. It's a pop and electronic track with dance and chillout influences. The song features female vocals and was released in 2013. The overall vibe of the track aligns well with the pop and dance elements you're looking for in your video.,Esto Es Sin Recreo,Sin Recreo,0,1,0,1,0,top1_generation_prompt_text_changed_only_precomputed_text_feature_unchanged
448,R_R2JC4Ekw0,R_R2JC4Ekw0_47xbkT3calM,JUJ40Pm3UHQ_Pd6Z7qIiniI,JUJ40Pm3UHQ,0,6,cf_upbeat_electronic,top1_prompt_level_preference_counterfactual,original,top1_reference,"I prefer upbeat electronic background music with a bright mood, clear rhythm, energetic beats, and a modern dance or pop feeling.","That sounds great, I'm looking for a track with electronic and dance elements. Do you have any recommendations that align with those genres?","In that case, I recommend 'Ella Me Quiere' by Sin Recreo. It's an electronic dance track with a pop and house influence. The song has a fast tempo and a catchy beat that will add energy to your video.","Certainly! How about 'LA TOALLA' by ANAÍS vs THE BOYS MACHINE y BABY? It's a dance track with electronic and house influences, and it features female vocals. It could be a fitting choice for your video.",Certainly! You might consider 'Esto Es Sin Recreo' by Sin Recreo. It's a pop and electronic track with dance and chillout influences. The song features female vocals and was released in 2013. The overall vibe of the track aligns well with the pop and dance elements you're looking for in your video.,Esto Es Sin Recreo,Sin Recreo,0,1,0,1,0,top1_generation_prompt_text_changed_only_precomputed_text_feature_unchanged
448,R_R2JC4Ekw0,R_R2JC4Ekw0_47xbkT3calM,JUJ40Pm3UHQ_Pd6Z7qIiniI,JUJ40Pm3UHQ,0,6,cf_lyrical_piano,top1_prompt_level_preference_counterfactual,original,top1_reference,"I prefer lyrical piano background music with a slow tempo, soft acoustic texture, gentle melody, and a calm sentimental mood.","That sounds great, I'm looking for a track with electronic and dance elements. Do you have any recommendations that align with those genres?","Allow me to recommend 'Esto Es Sin Recreo' by Sin Recreo. It's a track from their album 'Esto Es Sin Recreo'. It combines elements of electronic, pop, and dance with a slow tempo and a lyrical piano. The song has a soft acoustic texture and a gentle melody that creates a calm and sentimental mood.","Certainly! How about 'LA TOALLA' by ANAÍS vs THE BOYS MACHINE y BABY? It's a dance track with electronic and house influences, and it features female vocals. It could be a fitting choice for your video.",Certainly! You might consider 'Esto Es Sin Recreo' by Sin Recreo. It's a pop and electronic track with dance and chillout influences. The song features female vocals and was released in 2013. The overall vibe of the track aligns well with the pop and dance elements you're looking for in your video.,Esto Es Sin Recreo,Sin Recreo,1,1,1,0,0,top1_generation_prompt_text_changed_only_precomputed_text_feature_unchanged
451,ggHIsQy7Db8,ggHIsQy7Db8_Z18Cnx5YJX8,NkhOVpuDTYs_al2m-IPmf5o,NkhOVpuDTYs,0,4,original,top1_prompt_level_preference_counterfactual,original,top1_reference,"That's a great recommendation, I like the mix of genres and the powerful vocals. However, I would like to incorporate a bit more of Samantha J's style, especially her dance and electronic elements. I'm also interested in female vocalists and fast-paced beats.","That's a great recommendation, I like the mix of genres and the powerful vocals. However, I would like to incorporate a bit more of Samantha J's style, especially her dance and electronic elements. I'm also interested in female vocalists and fast-paced beats.","Allow me to recommend 'I'm Not Your Toy' by Samantha J. It's a dance track with electronic and pop influences. The song features powerful female vocals and fast-paced beats, which align well with the energetic and electronic vibe you're looking for. It was released in 2012 and is part of Samantha J's album 'I'm Not Your Toy'.",Allow me to recommend 'Tight Skirt' by Samantha J. It's a dance-pop track with elements of R&B and Hip-Hop. The song features Samantha J's powerful vocals and fast-paced beats that could be a fitting choice for your school project. It has electronic influences as well. You can find a French translation of the song by the Step Ova Squad on their Facebook page.,"Certainly! I recommend 'Bo Peep Bo Peep (Instrumental)' by T-ara. It's a track from their album 'Bo Peep Bo Peep'. This song combines elements of pop, electronic, and house genres, with female vocalists taking the lead. It's a catchy and vibrant track that would complement your video nicely.",Bo Peep Bo Peep (Instrumental),T-ara,0,0,0,1,0,top1_generation_prompt_text_changed_only_precomputed_text_feature_unchanged
451,ggHIsQy7Db8,ggHIsQy7Db8_Z18Cnx5YJX8,NkhOVpuDTYs_al2m-IPmf5o,NkhOVpuDTYs,0,4,cf_upbeat_electronic,top1_prompt_level_preference_counterfactual,original,top1_reference,"I prefer upbeat electronic background music with a bright mood, clear rhythm, energetic beats, and a modern dance or pop feeling.","That's a great recommendation, I like the mix of genres and the powerful vocals. However, I would like to incorporate a bit more of Samantha J's style, especially her dance and electronic elements. I'm also interested in female vocalists and fast-paced beats.","In that case, I recommend 'Bo Peep Bo Peep (Instrumental)' by T-ara. It's a dance-pop track with electronic and house influences. The instrumental version of the song will provide a vibrant and energetic background for your video.",Allow me to recommend 'Tight Skirt' by Samantha J. It's a dance-pop track with elements of R&B and Hip-Hop. The song features Samantha J's powerful vocals and fast-paced beats that could be a fitting choice for your school project. It has electronic influences as well. You can find a French translation of the song by the Step Ova Squad on their Facebook page.,"Certainly! I recommend 'Bo Peep Bo Peep (Instrumental)' by T-ara. It's a track from their album 'Bo Peep Bo Peep'. This song combines elements of pop, electronic, and house genres, with female vocalists taking the lead. It's a catchy and vibrant track that would complement your video nicely.",Bo Peep Bo Peep (Instrumental),T-ara,1,1,1,0,0,top1_generation_prompt_text_changed_only_precomputed_text_feature_unchanged
451,ggHIsQy7Db8,ggHIsQy7Db8_Z18Cnx5YJX8,NkhOVpuDTYs_al2m-IPmf5o,NkhOVpuDTYs,0,4,cf_lyrical_piano,top1_prompt_level_preference_counterfactual,original,top1_reference,"I prefer lyrical piano background music with a slow tempo, soft acoustic texture, gentle melody, and a calm sentimental mood.","That's a great recommendation, I like the mix of genres and the powerful vocals. However, I would like to incorporate a bit more of Samantha J's style, especially her dance and electronic elements. I'm also interested in female vocalists and fast-paced beats.",1. Allow me to recommend 'Love Is In The Air' by John Paul Young. It's a dance-pop track with electronic and house influences. The song has a fast tempo and features female vocals. It was released in 2011 and is available on iTunes.,Allow me to recommend 'Tight Skirt' by Samantha J. It's a dance-pop track with elements of R&B and Hip-Hop. The song features Samantha J's powerful vocals and fast-paced beats that could be a fitting choice for your school project. It has electronic influences as well. You can find a French translation of the song by the Step Ova Squad on their Facebook page.,"Certainly! I recommend 'Bo Peep Bo Peep (Instrumental)' by T-ara. It's a track from their album 'Bo Peep Bo Peep'. This song combines elements of pop, electronic, and house genres, with female vocalists taking the lead. It's a catchy and vibrant track that would complement your video nicely.",Bo Peep Bo Peep (Instrumental),T-ara,0,0,0,1,0,top1_generation_prompt_text_changed_only_precomputed_text_feature_unchanged
457,_MV0BuKm0VE,_MV0BuKm0VE_xbzDeFsKwfY,glThsEZuD2Y_ToZljXVGbFs,glThsEZuD2Y,0,3,original,top1_prompt_level_preference_counterfactual,original,top1_reference,"That sounds great, but I also want the music to have a house or electro influence.","That sounds great, but I also want the music to have a house or electro influence.","Allow me to recommend 'Bring The Night' by Thomas Gold & Borgeous. It's a track from their album 'Bring The Night'. It combines elements of house, electro, and techno with a fast-paced and loud sound. It was recorded in 2013 and may contain the specific elements you're looking for.","Allow me to recommend 'S.O.T.U.' by Nicky Romero featuring Fast Eddie. It's a track from Nicky Romero's album 'S.O.T.U.' that combines elements of electronic, dance, and house. The fast beat and electronic sound of the track should be a good fit for your video.","Certainly! I suggest 'Beast' by Thomas Gold & Borgeous. It's an electronic and house track with elements of electro and electronica. The song has a fast tempo and loud energy, which can complement the intensity of your video. It was released as part of the 'Spinnin Sessions Amsterdam Dance Event 2014' album.",Beast,Thomas Gold & Borgeous,0,1,0,1,0,top1_generation_prompt_text_changed_only_precomputed_text_feature_unchanged
457,_MV0BuKm0VE,_MV0BuKm0VE_xbzDeFsKwfY,glThsEZuD2Y_ToZljXVGbFs,glThsEZuD2Y,0,3,cf_upbeat_electronic,top1_prompt_level_preference_counterfactual,original,top1_reference,"I prefer upbeat electronic background music with a bright mood, clear rhythm, energetic beats, and a modern dance or pop feeling.","That sounds great, but I also want the music to have a house or electro influence.","In that case, I recommend 'Bring The Night' by Thomas Gold & Borgeous. It's a track from their album 'Bring The Night'. This song combines elements of electronic, dance, house, electro, and pop, which aligns well with the upbeat and energetic vibe you're looking for.","Allow me to recommend 'S.O.T.U.' by Nicky Romero featuring Fast Eddie. It's a track from Nicky Romero's album 'S.O.T.U.' that combines elements of electronic, dance, and house. The fast beat and electronic sound of the track should be a good fit for your video.","Certainly! I suggest 'Beast' by Thomas Gold & Borgeous. It's an electronic and house track with elements of electro and electronica. The song has a fast tempo and loud energy, which can complement the intensity of your video. It was released as part of the 'Spinnin Sessions Amsterdam Dance Event 2014' album.",Beast,Thomas Gold & Borgeous,0,1,0,1,0,top1_generation_prompt_text_changed_only_precomputed_text_feature_unchanged
457,_MV0BuKm0VE,_MV0BuKm0VE_xbzDeFsKwfY,glThsEZuD2Y_ToZljXVGbFs,glThsEZuD2Y,0,3,cf_lyrical_piano,top1_prompt_level_preference_counterfactual,original,top1_reference,"I prefer lyrical piano background music with a slow tempo, soft acoustic texture, gentle melody, and a calm sentimental mood.","That sounds great, but I also want the music to have a house or electro influence.",10000000000000000000000000000000000000000000000000000000000000000000000000000000000000000000000000000000000000000000000000000000,"Allow me to recommend 'S.O.T.U.' by Nicky Romero featuring Fast Eddie. It's a track from Nicky Romero's album 'S.O.T.U.' that combines elements of electronic, dance, and house. The fast beat and electronic sound of the track should be a good fit for your video.","Certainly! I suggest 'Beast' by Thomas Gold & Borgeous. It's an electronic and house track with elements of electro and electronica. The song has a fast tempo and loud energy, which can complement the intensity of your video. It was released as part of the 'Spinnin Sessions Amsterdam Dance Event 2014' album.",Beast,Thomas Gold & Borgeous,0,0,0,1,0,top1_generation_prompt_text_changed_only_precomputed_text_feature_unchanged
512,k3DP1RijqII,k3DP1RijqII_toNy7VhxPk4,6yDYgRWdOh8_7rTA6PdP_7g,6yDYgRWdOh8,0,3,original,top1_prompt_level_preference_counterfactual,original,top1_reference,"That sounds great, I like the electronic and techno elements in your recommendation. But I would like to incorporate a bit more of В Двух шагах's distinctive style, especially their hip-hop and R&B components. I'm also interested in female vocals and electronic influences.","That sounds great, I like the electronic and techno elements in your recommendation. But I would like to incorporate a bit more of В Двух шагах's distinctive style, especially their hip-hop and R&B components. I'm also interested in female vocals and electronic influences.","Allow me to recommend 'В Двух шагах' by В Двух шагах. It's a track from their album 'В Двух шагах'. It combines elements of hip-hop, R&B, and electronic music with female vocals. It was released in 2012 and may contain the specific elements you're looking for.","Allow me to recommend 'Владелица моих мыслей'. It's a track by В Двух шагах that falls into the genres of hip-hop, pop, and R&B, with electronic elements and female vocals. Although I don't have much information about this track, it's likely to have the specific elements you're looking for.","Allow me to recommend 'Кто есть Кто' by Fly Flow. It's one of the early music videos of the emerging rap group. The track combines elements of hip-hop, electronic, and R&B with female vocalists and chillout vibes. The music video was directed by Anastasia Perova. It seems to align well with your interest in synth and fast-paced beats.",Кто есть Кто,Fly Flow,0,0,0,1,0,top1_generation_prompt_text_changed_only_precomputed_text_feature_unchanged
512,k3DP1RijqII,k3DP1RijqII_toNy7VhxPk4,6yDYgRWdOh8_7rTA6PdP_7g,6yDYgRWdOh8,0,3,cf_upbeat_electronic,top1_prompt_level_preference_counterfactual,original,top1_reference,"I prefer upbeat electronic background music with a bright mood, clear rhythm, energetic beats, and a modern dance or pop feeling.","That sounds great, I like the electronic and techno elements in your recommendation. But I would like to incorporate a bit more of В Двух шагах's distinctive style, especially their hip-hop and R&B components. I'm also interested in female vocals and electronic influences.","For a modern dance or pop feeling with energetic beats, I recommend 'Sunshine' by Dizzy Wright. This track combines Hip-Hop, R&B, pop, and electronic elements, creating a vibrant and upbeat atmosphere. It's part of the album 'Sunshine' by Dizzy Wright.","Allow me to recommend 'Владелица моих мыслей'. It's a track by В Двух шагах that falls into the genres of hip-hop, pop, and R&B, with electronic elements and female vocals. Although I don't have much information about this track, it's likely to have the specific elements you're looking for.","Allow me to recommend 'Кто есть Кто' by Fly Flow. It's one of the early music videos of the emerging rap group. The track combines elements of hip-hop, electronic, and R&B with female vocalists and chillout vibes. The music video was directed by Anastasia Perova. It seems to align well with your interest in synth and fast-paced beats.",Кто есть Кто,Fly Flow,0,0,0,1,0,top1_generation_prompt_text_changed_only_precomputed_text_feature_unchanged
512,k3DP1RijqII,k3DP1RijqII_toNy7VhxPk4,6yDYgRWdOh8_7rTA6PdP_7g,6yDYgRWdOh8,0,3,cf_lyrical_piano,top1_prompt_level_preference_counterfactual,original,top1_reference,"I prefer lyrical piano background music with a slow tempo, soft acoustic texture, gentle melody, and a calm sentimental mood.","That sounds great, I like the electronic and techno elements in your recommendation. But I would like to incorporate a bit more of В Двух шагах's distinctive style, especially their hip-hop and R&B components. I'm also interested in female vocals and electronic influences.","For a lyrical piano background music with a slow tempo, soft acoustic texture, gentle melody, and a calm sentimental mood, I recommend 'Love Is' by Fly Flow. This track is part of the album 'Love Is' and offers a beautiful blend of Hip-Hop, R&B, pop, and soul with a touch of rock. It's a perfect choice for creating a heartfelt and emotional atmosphere in your video.","Allow me to recommend 'Владелица моих мыслей'. It's a track by В Двух шагах that falls into the genres of hip-hop, pop, and R&B, with electronic elements and female vocals. Although I don't have much information about this track, it's likely to have the specific elements you're looking for.","Allow me to recommend 'Кто есть Кто' by Fly Flow. It's one of the early music videos of the emerging rap group. The track combines elements of hip-hop, electronic, and R&B with female vocalists and chillout vibes. The music video was directed by Anastasia Perova. It seems to align well with your interest in synth and fast-paced beats.",Кто есть Кто,Fly Flow,0,1,0,1,0,top1_generation_prompt_text_changed_only_precomputed_text_feature_unchanged
553,ynVK3EsW9Ws,ynVK3EsW9Ws_7i6N8WLd2zU,nYJlpPRKcGk__gVIVGoKxyw,nYJlpPRKcGk,0,2,original,top1_prompt_level_preference_counterfactual,original,top1_reference,"Sounds good, but I'm looking for something with a mix of hip-hop, electronic, and pop. Do you have any recommendations?","Sounds good, but I'm looking for something with a mix of hip-hop, electronic, and pop. Do you have any recommendations?","Absolutely! I would recommend 'Born To Die' by Lana Del Rey. This track combines elements of hip-hop, electronic, and pop, creating a unique and captivating sound. It's part of the album 'Born To Die' and features Lana Del Rey's powerful vocals.","In that case, I would recommend 'In The Zone' by LZ. This track combines elements of hip-hop, electronic, and pop, making it the perfect fit for your video. It has a vibrant and energetic vibe that will keep your viewers engaged.","In that case, I would recommend 'Biiz Forever | Mixtape Intro' by Biiz. This track has a high-energy vibe and features a male vocal. It falls under the genres of Hip-Hop, electronic, rock, indie, and pop. It's part of the album 'Rich Forever' by Rick Ross.",Biiz Forever | Mixtape Intro,Biiz,0,0,0,1,0,top1_generation_prompt_text_changed_only_precomputed_text_feature_unchanged
553,ynVK3EsW9Ws,ynVK3EsW9Ws_7i6N8WLd2zU,nYJlpPRKcGk__gVIVGoKxyw,nYJlpPRKcGk,0,2,cf_upbeat_electronic,top1_prompt_level_preference_counterfactual,original,top1_reference,"I prefer upbeat electronic background music with a bright mood, clear rhythm, energetic beats, and a modern dance or pop feeling.","Sounds good, but I'm looking for something with a mix of hip-hop, electronic, and pop. Do you have any recommendations?","In that case, I recommend 'I'm Alive' by Biiz. This track is from the mixtape 'I'm Alive' and it perfectly fits your requirements. It has a bright mood, clear rhythm, energetic beats, and a modern dance or pop feeling. It's a great choice for your video.","In that case, I would recommend 'In The Zone' by LZ. This track combines elements of hip-hop, electronic, and pop, making it the perfect fit for your video. It has a vibrant and energetic vibe that will keep your viewers engaged.","In that case, I would recommend 'Biiz Forever | Mixtape Intro' by Biiz. This track has a high-energy vibe and features a male vocal. It falls under the genres of Hip-Hop, electronic, rock, indie, and pop. It's part of the album 'Rich Forever' by Rick Ross.",Biiz Forever | Mixtape Intro,Biiz,0,1,0,1,0,top1_generation_prompt_text_changed_only_precomputed_text_feature_unchanged
553,ynVK3EsW9Ws,ynVK3EsW9Ws_7i6N8WLd2zU,nYJlpPRKcGk__gVIVGoKxyw,nYJlpPRKcGk,0,2,cf_lyrical_piano,top1_prompt_level_preference_counterfactual,original,top1_reference,"I prefer lyrical piano background music with a slow tempo, soft acoustic texture, gentle melody, and a calm sentimental mood.","Sounds good, but I'm looking for something with a mix of hip-hop, electronic, and pop. Do you have any recommendations?","Allow me to recommend 'Lyrical Piano Background Music - 100' by Piano Background Music. It's a track from their album 'Lyrical Piano Background Music - 100'. This song combines elements of hip-hop, pop, and rock with a slow tempo, soft acoustic texture, and a gentle melody. It has a calm and sentimental mood that could be a fitting choice for your video.","In that case, I would recommend 'In The Zone' by LZ. This track combines elements of hip-hop, electronic, and pop, making it the perfect fit for your video. It has a vibrant and energetic vibe that will keep your viewers engaged.","In that case, I would recommend 'Biiz Forever | Mixtape Intro' by Biiz. This track has a high-energy vibe and features a male vocal. It falls under the genres of Hip-Hop, electronic, rock, indie, and pop. It's part of the album 'Rich Forever' by Rick Ross.",Biiz Forever | Mixtape Intro,Biiz,0,0,0,1,0,top1_generation_prompt_text_changed_only_precomputed_text_feature_unchanged
559,1fMjQttld5U,1fMjQttld5U_-_Q9D5vl8lQ,as8flEM67N4_sX7IoKmjd5c,as8flEM67N4,0,15,original,top1_prompt_level_preference_counterfactual,original,top1_reference,"That sounds great, but I would like to incorporate a bit more of Marina Elali's style, especially her pop and rock components. I'm also interested in female vocals and electronic influences.","That sounds great, but I would like to incorporate a bit more of Marina Elali's style, especially her pop and rock components. I'm also interested in female vocals and electronic influences.","Allow me to recommend '愛像流星' by Marina Elali. It's a track from her album '愛像流星'. It combines elements of pop, rock, and electronic music with female vocals. This song may be a fitting choice for your video, as it aligns well with the energetic and electronic vibe you're looking for.",Allow me to recommend 'Encontrei' by Marina Elali. It's a pop track with electronic and rock elements. The song features Marina Elali's distinctive female vocals and could be a fitting choice for your video.,"Allow me to recommend '愛像流星' by 吳勇濱. It's a track from the album '流浪的愛' released in 2013. The song combines pop, rock, indie, and alternative genres with electronic elements. It has a catchy melody and heartfelt lyrics, which can add a touch of 吳勇濱's distinctive style to your video.",愛像流星,吳勇濱,1,0,0,1,0,top1_generation_prompt_text_changed_only_precomputed_text_feature_unchanged
559,1fMjQttld5U,1fMjQttld5U_-_Q9D5vl8lQ,as8flEM67N4_sX7IoKmjd5c,as8flEM67N4,0,15,cf_upbeat_electronic,top1_prompt_level_preference_counterfactual,original,top1_reference,"I prefer upbeat electronic background music with a bright mood, clear rhythm, energetic beats, and a modern dance or pop feeling.","That sounds great, but I would like to incorporate a bit more of Marina Elali's style, especially her pop and rock components. I'm also interested in female vocals and electronic influences.","In that case, I recommend the track '愛像流星' by 吳勇濱. It's a pop and rock song with electronic and indie influences. The song has a fast-paced rhythm and a bright, energetic sound that aligns well with the upbeat and modern dance vibe you're looking for.",Allow me to recommend 'Encontrei' by Marina Elali. It's a pop track with electronic and rock elements. The song features Marina Elali's distinctive female vocals and could be a fitting choice for your video.,"Allow me to recommend '愛像流星' by 吳勇濱. It's a track from the album '流浪的愛' released in 2013. The song combines pop, rock, indie, and alternative genres with electronic elements. It has a catchy melody and heartfelt lyrics, which can add a touch of 吳勇濱's distinctive style to your video.",愛像流星,吳勇濱,1,1,1,0,0,top1_generation_prompt_text_changed_only_precomputed_text_feature_unchanged
559,1fMjQttld5U,1fMjQttld5U_-_Q9D5vl8lQ,as8flEM67N4_sX7IoKmjd5c,as8flEM67N4,0,15,cf_lyrical_piano,top1_prompt_level_preference_counterfactual,original,top1_reference,"I prefer lyrical piano background music with a slow tempo, soft acoustic texture, gentle melody, and a calm sentimental mood.","That sounds great, but I would like to incorporate a bit more of Marina Elali's style, especially her pop and rock components. I'm also interested in female vocals and electronic influences.","Allow me to recommend '愛像流星' by 吳勇濱. It's a track from their album '愛像流星'. This song combines elements of pop, rock, and indie with a slow tempo and a piano-driven sound. It has a lyrical and sentimental vibe that could be a fitting choice for your video.",Allow me to recommend 'Encontrei' by Marina Elali. It's a pop track with electronic and rock elements. The song features Marina Elali's distinctive female vocals and could be a fitting choice for your video.,"Allow me to recommend '愛像流星' by 吳勇濱. It's a track from the album '流浪的愛' released in 2013. The song combines pop, rock, indie, and alternative genres with electronic elements. It has a catchy melody and heartfelt lyrics, which can add a touch of 吳勇濱's distinctive style to your video.",愛像流星,吳勇濱,1,1,1,0,0,top1_generation_prompt_text_changed_only_precomputed_text_feature_unchanged
562,Tl7ZXX6wbRE,Tl7ZXX6wbRE_rKoU3ekYQ-I,Tl7ZXX6wbRE_rKoU3ekYQ-I,Tl7ZXX6wbRE,1,1,original,top1_prompt_level_preference_counterfactual,original,top1_reference,"Sounds interesting, but I'm looking for something with a bit more of a 90s feel and a mix of Hip-Hop, electronic, and alternative genres.","Sounds interesting, but I'm looking for something with a bit more of a 90s feel and a mix of Hip-Hop, electronic, and alternative genres.","In that case, I would recommend 'I'm Good' by J.R. It's a track that combines elements of Hip-Hop, electronic, rock, indie, and alternative genres. Although there is no specific information about the track name, album name, or artists, it perfectly captures the 90s vibe you're looking for.","In that case, I would recommend 'If I Hit The Lotto' by Rayzr. Although there's not much information available about this track, it falls under the Hip-Hop, electronic, rock, indie, and alternative genres, which align with your preferences. The combination of these genres can give your video a nostalgic 90s vibe.","In that case, I would recommend 'If I Hit The Lotto' by Rayzr. Although there's not much information available about this track, it falls under the Hip-Hop, electronic, rock, indie, and alternative genres, which align with your preferences. The combination of these genres can give your video a nostalgic 90s vibe.",If I Hit The Lotto,Rayzr,0,0,0,1,0,top1_generation_prompt_text_changed_only_precomputed_text_feature_unchanged
562,Tl7ZXX6wbRE,Tl7ZXX6wbRE_rKoU3ekYQ-I,Tl7ZXX6wbRE_rKoU3ekYQ-I,Tl7ZXX6wbRE,1,1,cf_upbeat_electronic,top1_prompt_level_preference_counterfactual,original,top1_reference,"I prefer upbeat electronic background music with a bright mood, clear rhythm, energetic beats, and a modern dance or pop feeling.","Sounds interesting, but I'm looking for something with a bit more of a 90s feel and a mix of Hip-Hop, electronic, and alternative genres.","In that case, I recommend 'If I Hit The Lotto' by Rayzr. It's a track from the album 'If I Hit The Lotto'. This song combines elements of Hip-Hop, electronic, rock, indie, and pop. It has a techno influence and features male vocals. It was released in 2013 and has a fast-paced and energetic sound that aligns well with your preferences.","In that case, I would recommend 'If I Hit The Lotto' by Rayzr. Although there's not much information available about this track, it falls under the Hip-Hop, electronic, rock, indie, and alternative genres, which align with your preferences. The combination of these genres can give your video a nostalgic 90s vibe.","In that case, I would recommend 'If I Hit The Lotto' by Rayzr. Although there's not much information available about this track, it falls under the Hip-Hop, electronic, rock, indie, and alternative genres, which align with your preferences. The combination of these genres can give your video a nostalgic 90s vibe.",If I Hit The Lotto,Rayzr,1,1,1,0,0,top1_generation_prompt_text_changed_only_precomputed_text_feature_unchanged
562,Tl7ZXX6wbRE,Tl7ZXX6wbRE_rKoU3ekYQ-I,Tl7ZXX6wbRE_rKoU3ekYQ-I,Tl7ZXX6wbRE,1,1,cf_lyrical_piano,top1_prompt_level_preference_counterfactual,original,top1_reference,"I prefer lyrical piano background music with a slow tempo, soft acoustic texture, gentle melody, and a calm sentimental mood.","Sounds interesting, but I'm looking for something with a bit more of a 90s feel and a mix of Hip-Hop, electronic, and alternative genres.","Allow me to recommend 'If I Hit The Lotto' by Rayzr. It's a track with lyrical piano background music that aligns well with your preferences. Although there is no specific information about the album or artist, the song falls under the hip-hop, electronic, and rock genres with indie and alternative influences. It has a slow tempo and a soft acoustic texture, which creates a gentle melody and a calm sentimental mood.","In that case, I would recommend 'If I Hit The Lotto' by Rayzr. Although there's not much information available about this track, it falls under the Hip-Hop, electronic, rock, indie, and alternative genres, which align with your preferences. The combination of these genres can give your video a nostalgic 90s vibe.","In that case, I would recommend 'If I Hit The Lotto' by Rayzr. Although there's not much information available about this track, it falls under the Hip-Hop, electronic, rock, indie, and alternative genres, which align with your preferences. The combination of these genres can give your video a nostalgic 90s vibe.",If I Hit The Lotto,Rayzr,1,1,1,0,0,top1_generation_prompt_text_changed_only_precomputed_text_feature_unchanged
627,YIyiT96Ojqg,YIyiT96Ojqg_ijpcMBW6eeE,oU2oOq-Vrrg_E4EMKzpDQNA,oU2oOq-Vrrg,0,11,original,top1_prompt_level_preference_counterfactual,original,top1_reference,"That sounds great, but I also want to incorporate some reggaeton and dance elements into the music. Do you have any recommendations?","That sounds great, but I also want to incorporate some reggaeton and dance elements into the music. Do you have any recommendations?",Certainly! How about 'Guaya' by Arcangel Ft Daddy Yankee? It's a reggaeton track with a dance and pop vibe. The song features female vocals and has a fast-paced techno sound. It could be a fitting choice for your video.,"I apologize, but I couldn't find any specific track that matches your request. However, I can recommend 'Pa' Que Retozen' by Tego Calderon. It's a reggaeton track with electronic, pop, and rock elements. Although I don't have much information about the album or artists, this song might be a good fit for your video.","Allow me to recommend 'Guaya' by Arcangel Ft Daddy Yankee. It's a track from their album 'Mediamuv Discos'. 'Guaya' combines elements of hip-hop, electronic, pop, and dance with R&B influences. The song has a fast tempo and catchy beats that could be a fitting choice for your video.",Guaya,Arcangel Ft Daddy Yankee,1,1,1,0,0,top1_generation_prompt_text_changed_only_precomputed_text_feature_unchanged
627,YIyiT96Ojqg,YIyiT96Ojqg_ijpcMBW6eeE,oU2oOq-Vrrg_E4EMKzpDQNA,oU2oOq-Vrrg,0,11,cf_upbeat_electronic,top1_prompt_level_preference_counterfactual,original,top1_reference,"I prefer upbeat electronic background music with a bright mood, clear rhythm, energetic beats, and a modern dance or pop feeling.","That sounds great, but I also want to incorporate some reggaeton and dance elements into the music. Do you have any recommendations?","In that case, I recommend 'Guaya' by Arcangel Ft Daddy Yankee. It's a track from the album 'Guaya' and combines elements of Hip-Hop, electronic, pop, and dance with a fast-paced techno beat. The song has a bright and energetic vibe that could be a great fit for your video.","I apologize, but I couldn't find any specific track that matches your request. However, I can recommend 'Pa' Que Retozen' by Tego Calderon. It's a reggaeton track with electronic, pop, and rock elements. Although I don't have much information about the album or artists, this song might be a good fit for your video.","Allow me to recommend 'Guaya' by Arcangel Ft Daddy Yankee. It's a track from their album 'Mediamuv Discos'. 'Guaya' combines elements of hip-hop, electronic, pop, and dance with R&B influences. The song has a fast tempo and catchy beats that could be a fitting choice for your video.",Guaya,Arcangel Ft Daddy Yankee,1,1,1,0,0,top1_generation_prompt_text_changed_only_precomputed_text_feature_unchanged
627,YIyiT96Ojqg,YIyiT96Ojqg_ijpcMBW6eeE,oU2oOq-Vrrg_E4EMKzpDQNA,oU2oOq-Vrrg,0,11,cf_lyrical_piano,top1_prompt_level_preference_counterfactual,original,top1_reference,"I prefer lyrical piano background music with a slow tempo, soft acoustic texture, gentle melody, and a calm sentimental mood.","That sounds great, but I also want to incorporate some reggaeton and dance elements into the music. Do you have any recommendations?","Allow me to recommend 'Guaya' by Arcangel Ft Daddy Yankee. It's a track from their album 'Guaya'. It combines elements of hip-hop, pop, and electronic with a dance and R&B vibe. The song has a slow tempo and features lyrical piano, which aligns well with the emotional and sentimental mood you're looking for.","I apologize, but I couldn't find any specific track that matches your request. However, I can recommend 'Pa' Que Retozen' by Tego Calderon. It's a reggaeton track with electronic, pop, and rock elements. Although I don't have much information about the album or artists, this song might be a good fit for your video.","Allow me to recommend 'Guaya' by Arcangel Ft Daddy Yankee. It's a track from their album 'Mediamuv Discos'. 'Guaya' combines elements of hip-hop, electronic, pop, and dance with R&B influences. The song has a fast tempo and catchy beats that could be a fitting choice for your video.",Guaya,Arcangel Ft Daddy Yankee,1,1,1,0,0,top1_generation_prompt_text_changed_only_precomputed_text_feature_unchanged
685,SSmTgwp15FQ,SSmTgwp15FQ_SH8esP19qww,SSmTgwp15FQ_SH8esP19qww,SSmTgwp15FQ,1,1,original,top1_prompt_level_preference_counterfactual,original,top1_reference,"Sounds interesting, but I'm looking for something more on the pop side with a touch of 80s influence.","Sounds interesting, but I'm looking for something more on the pop side with a touch of 80s influence.","In that case, I would recommend 'Love Songs' by Joel Crouse. This track has a pop sound with elements of rock, indie, and alternative. It also has a touch of 80s influence, which adds a nostalgic feel to the music. It's part of the album 'Love Songs'.","In that case, I would recommend 'Why God Made Love Songs' by Joel Crouse. This track has a pop-rock sound with a touch of indie and alternative influences. It also has a hint of 80s vibes, making it perfect for your video. You can find it on iTunes, Amazon, and Google.","In that case, I would recommend 'Why God Made Love Songs' by Joel Crouse. This track has a pop-rock sound with a touch of indie and alternative influences. It also has a hint of 80s vibes, making it perfect for your video. You can find it on iTunes, Amazon, and Google.",Why God Made Love Songs,Joel Crouse,0,1,0,1,0,top1_generation_prompt_text_changed_only_precomputed_text_feature_unchanged
685,SSmTgwp15FQ,SSmTgwp15FQ_SH8esP19qww,SSmTgwp15FQ_SH8esP19qww,SSmTgwp15FQ,1,1,cf_upbeat_electronic,top1_prompt_level_preference_counterfactual,original,top1_reference,"I prefer upbeat electronic background music with a bright mood, clear rhythm, energetic beats, and a modern dance or pop feeling.","Sounds interesting, but I'm looking for something more on the pop side with a touch of 80s influence.","In that case, I recommend 'Why God Made Love Songs' by Joel Crouse. This track combines elements of rock, pop, and indie with a touch of alternative. It has a fast-paced rhythm and catchy melodies that will add energy to your video.","In that case, I would recommend 'Why God Made Love Songs' by Joel Crouse. This track has a pop-rock sound with a touch of indie and alternative influences. It also has a hint of 80s vibes, making it perfect for your video. You can find it on iTunes, Amazon, and Google.","In that case, I would recommend 'Why God Made Love Songs' by Joel Crouse. This track has a pop-rock sound with a touch of indie and alternative influences. It also has a hint of 80s vibes, making it perfect for your video. You can find it on iTunes, Amazon, and Google.",Why God Made Love Songs,Joel Crouse,1,1,1,0,0,top1_generation_prompt_text_changed_only_precomputed_text_feature_unchanged
685,SSmTgwp15FQ,SSmTgwp15FQ_SH8esP19qww,SSmTgwp15FQ_SH8esP19qww,SSmTgwp15FQ,1,1,cf_lyrical_piano,top1_prompt_level_preference_counterfactual,original,top1_reference,"I prefer lyrical piano background music with a slow tempo, soft acoustic texture, gentle melody, and a calm sentimental mood.","Sounds interesting, but I'm looking for something more on the pop side with a touch of 80s influence.","In that case, I would recommend 'Why God Made Love Songs' by Joel Crouse. This track is a beautiful love song with lyrical piano and a slow tempo. It has a soft acoustic texture and a gentle melody that creates a sentimental mood. It's the perfect choice for your video.","In that case, I would recommend 'Why God Made Love Songs' by Joel Crouse. This track has a pop-rock sound with a touch of indie and alternative influences. It also has a hint of 80s vibes, making it perfect for your video. You can find it on iTunes, Amazon, and Google.","In that case, I would recommend 'Why God Made Love Songs' by Joel Crouse. This track has a pop-rock sound with a touch of indie and alternative influences. It also has a hint of 80s vibes, making it perfect for your video. You can find it on iTunes, Amazon, and Google.",Why God Made Love Songs,Joel Crouse,1,1,1,0,0,top1_generation_prompt_text_changed_only_precomputed_text_feature_unchanged
777,T56LFxaEJV8,T56LFxaEJV8_H5Nn-SIDfWo,yK__-fGo_Ew_JAcEv35pGA0,yK__-fGo_Ew,0,2,original,top1_prompt_level_preference_counterfactual,original,top1_reference,"That sounds great. I'm also interested in incorporating some elements from Stefano Ercolino's music, particularly his classic rock and electronic style from the 70s. Can you suggest something that combines these elements?","That sounds great. I'm also interested in incorporating some elements from Stefano Ercolino's music, particularly his classic rock and electronic style from the 70s. Can you suggest something that combines these elements?","Certainly! I recommend 'Senza Parole' by Stefano Ercolino. It's a track from his album 'Senza Parole'. This song combines elements of classic rock, pop, and electronic music from the 70s. It has a guitar-driven sound with catchy vocals and a mix of electronic beats. It could be a fitting choice for your video.","Certainly! I recommend 'Lovely Fire' by Stefano Ercolino. It's a rock track with classic rock and electronic influences reminiscent of the 70s. The song features guitar and drum-driven sound, which aligns well with the energetic and powerful rock vibe you're looking for. It also has elements of pop and techno, giving it a unique blend of styles.","In that case, I would recommend 'Train' by Robert Bradley's Blackwater Surprise. This track has a 90s vibe and combines elements of rock, pop, indie, and alternative genres. It's part of the album 'Train' and would be a great fit for your video.",Train,Robert Bradley's Blackwater Surprise,0,0,0,1,0,top1_generation_prompt_text_changed_only_precomputed_text_feature_unchanged
777,T56LFxaEJV8,T56LFxaEJV8_H5Nn-SIDfWo,yK__-fGo_Ew_JAcEv35pGA0,yK__-fGo_Ew,0,2,cf_upbeat_electronic,top1_prompt_level_preference_counterfactual,original,top1_reference,"I prefer upbeat electronic background music with a bright mood, clear rhythm, energetic beats, and a modern dance or pop feeling.","That sounds great. I'm also interested in incorporating some elements from Stefano Ercolino's music, particularly his classic rock and electronic style from the 70s. Can you suggest something that combines these elements?","In that case, I recommend 'Sunshine' by Robert Bradley's Blackwater Surprise. It's a track from their album 'Sunshine'. This song combines elements of rock, pop, and electronic music with a fast-paced rhythm and a danceable beat. It has a bright and energetic vibe that could be a great fit for your video.","Certainly! I recommend 'Lovely Fire' by Stefano Ercolino. It's a rock track with classic rock and electronic influences reminiscent of the 70s. The song features guitar and drum-driven sound, which aligns well with the energetic and powerful rock vibe you're looking for. It also has elements of pop and techno, giving it a unique blend of styles.","In that case, I would recommend 'Train' by Robert Bradley's Blackwater Surprise. This track has a 90s vibe and combines elements of rock, pop, indie, and alternative genres. It's part of the album 'Train' and would be a great fit for your video.",Train,Robert Bradley's Blackwater Surprise,0,1,0,1,0,top1_generation_prompt_text_changed_only_precomputed_text_feature_unchanged
777,T56LFxaEJV8,T56LFxaEJV8_H5Nn-SIDfWo,yK__-fGo_Ew_JAcEv35pGA0,yK__-fGo_Ew,0,2,cf_lyrical_piano,top1_prompt_level_preference_counterfactual,original,top1_reference,"I prefer lyrical piano background music with a slow tempo, soft acoustic texture, gentle melody, and a calm sentimental mood.","That sounds great. I'm also interested in incorporating some elements from Stefano Ercolino's music, particularly his classic rock and electronic style from the 70s. Can you suggest something that combines these elements?","Allow me to recommend 'Sweet Home Alabama' by Lynyrd Skynyrd. It's a track from their album 'Sweet Home Alabama'. This song combines elements of rock, pop, and classic rock with a slow tempo and acoustic guitar. It has a sentimental and emotional vibe that could be a fitting choice for your video.","Certainly! I recommend 'Lovely Fire' by Stefano Ercolino. It's a rock track with classic rock and electronic influences reminiscent of the 70s. The song features guitar and drum-driven sound, which aligns well with the energetic and powerful rock vibe you're looking for. It also has elements of pop and techno, giving it a unique blend of styles.","In that case, I would recommend 'Train' by Robert Bradley's Blackwater Surprise. This track has a 90s vibe and combines elements of rock, pop, indie, and alternative genres. It's part of the album 'Train' and would be a great fit for your video.",Train,Robert Bradley's Blackwater Surprise,0,0,0,1,0,top1_generation_prompt_text_changed_only_precomputed_text_feature_unchanged
780,5ZVQ6_Hd4zc,5ZVQ6_Hd4zc_58ip325ZOu8,g6qLLFo3aBo_UzxzplIEWNU,g6qLLFo3aBo,0,2,original,top1_prompt_level_preference_counterfactual,original,top1_reference,"That sounds great, I like the electronic and indie genres in your music recommendations. But I would like to incorporate a bit more of Breezewax's distinctive style, especially their ambient and chillout components. I'm also interested in female vocals.","That sounds great, I like the electronic and indie genres in your music recommendations. But I would like to incorporate a bit more of Breezewax's distinctive style, especially their ambient and chillout components. I'm also interested in female vocals.","Allow me to recommend 'Breezewax - The Wave'. It's a track from their album 'The Wave'. It combines elements of electronic, ambient, and chillout with female vocals that could be a fitting choice for your video. The song has a relaxing and atmospheric vibe that aligns well with the chillout and ambient genres.","Allow me to recommend a track from Breezewax's EP 'What Matters Is Now'. Although I don't have the track name or album name, I can tell you that it's an electronic track with elements of ambient and indie genres. It features female vocals and has a slow, chillout vibe that could fit well with your video.","In that case, I would recommend 'One Two Three (No Gravity)' by Closer Musik. This track is part of the album 'Kompakt: Total 2' and perfectly fits your requirements. It has an ambient and experimental sound with elements of electronic and chillout. The slower tempo and chillout vibes create a relaxing and immersive atmosphere.",One Two Three (No Gravity),Closer Musik,0,0,0,1,0,top1_generation_prompt_text_changed_only_precomputed_text_feature_unchanged
780,5ZVQ6_Hd4zc,5ZVQ6_Hd4zc_58ip325ZOu8,g6qLLFo3aBo_UzxzplIEWNU,g6qLLFo3aBo,0,2,cf_upbeat_electronic,top1_prompt_level_preference_counterfactual,original,top1_reference,"I prefer upbeat electronic background music with a bright mood, clear rhythm, energetic beats, and a modern dance or pop feeling.","That sounds great, I like the electronic and indie genres in your music recommendations. But I would like to incorporate a bit more of Breezewax's distinctive style, especially their ambient and chillout components. I'm also interested in female vocals.","Based on your preferences, I recommend 'One Two Three (No Gravity)' by Closer Musik. It's an electronic track with a fast-paced beat and a modern dance or pop feel. The song has a bright and energetic vibe that aligns well with your requirements.","Allow me to recommend a track from Breezewax's EP 'What Matters Is Now'. Although I don't have the track name or album name, I can tell you that it's an electronic track with elements of ambient and indie genres. It features female vocals and has a slow, chillout vibe that could fit well with your video.","In that case, I would recommend 'One Two Three (No Gravity)' by Closer Musik. This track is part of the album 'Kompakt: Total 2' and perfectly fits your requirements. It has an ambient and experimental sound with elements of electronic and chillout. The slower tempo and chillout vibes create a relaxing and immersive atmosphere.",One Two Three (No Gravity),Closer Musik,1,1,1,0,0,top1_generation_prompt_text_changed_only_precomputed_text_feature_unchanged
780,5ZVQ6_Hd4zc,5ZVQ6_Hd4zc_58ip325ZOu8,g6qLLFo3aBo_UzxzplIEWNU,g6qLLFo3aBo,0,2,cf_lyrical_piano,top1_prompt_level_preference_counterfactual,original,top1_reference,"I prefer lyrical piano background music with a slow tempo, soft acoustic texture, gentle melody, and a calm sentimental mood.","That sounds great, I like the electronic and indie genres in your music recommendations. But I would like to incorporate a bit more of Breezewax's distinctive style, especially their ambient and chillout components. I'm also interested in female vocals.","Allow me to recommend 'One Two Three (No Gravity)' by Closer Musik. It's a track from their album 'One Two Three (No Gravity)'. This song combines electronic, indie, and rock elements with a slow tempo and lyrical piano. It has a soothing and sentimental vibe that could be a fitting choice for your video.","Allow me to recommend a track from Breezewax's EP 'What Matters Is Now'. Although I don't have the track name or album name, I can tell you that it's an electronic track with elements of ambient and indie genres. It features female vocals and has a slow, chillout vibe that could fit well with your video.","In that case, I would recommend 'One Two Three (No Gravity)' by Closer Musik. This track is part of the album 'Kompakt: Total 2' and perfectly fits your requirements. It has an ambient and experimental sound with elements of electronic and chillout. The slower tempo and chillout vibes create a relaxing and immersive atmosphere.",One Two Three (No Gravity),Closer Musik,1,1,1,0,0,top1_generation_prompt_text_changed_only_precomputed_text_feature_unchanged
781,bqzAothNuZs,bqzAothNuZs_7Exf7LE_ef0,bqzAothNuZs_7Exf7LE_ef0,bqzAothNuZs,1,1,original,top1_prompt_level_preference_counterfactual,original,top1_reference,"That sounds great! I like the electronic and hip-hop fusion in your recommendation. However, I also want to incorporate elements of funk and soul into the music. Do you have any suggestions that blend those genres with the techno and electronic aspects?","That sounds great! I like the electronic and hip-hop fusion in your recommendation. However, I also want to incorporate elements of funk and soul into the music. Do you have any suggestions that blend those genres with the techno and electronic aspects?","Allow me to recommend 'This Side Up' by This Side Up. It's a track from their album 'This Side Up'. The song combines elements of hip-hop, electronic, funk, and soul, which aligns well with the energetic and fast-paced vibe you're looking for. It was released in 2012 and has a techno and electronic sound that could be a fitting choice for your video.","I suggest you consider 'Be Staunch' by This Side Up. It's a track by an Irish hip hop group that combines hip-hop, funk, soul, and electronic elements. Although there is no available description for this track, it was performed live at the Electric Picnic Music Festival in 2013. The production was handled by Myster-E, and the video was shot and edited by Peter Martin. This track might provide the blend of genres you're looking for.","I suggest you consider 'Be Staunch' by This Side Up. It's a track by an Irish hip hop group that combines hip-hop, funk, soul, and electronic elements. Although there is no available description for this track, it was performed live at the Electric Picnic Music Festival in 2013. The production was handled by Myster-E, and the video was shot and edited by Peter Martin. This track might provide the blend of genres you're looking for.",Be Staunch,This Side Up,0,1,0,1,0,top1_generation_prompt_text_changed_only_precomputed_text_feature_unchanged
781,bqzAothNuZs,bqzAothNuZs_7Exf7LE_ef0,bqzAothNuZs_7Exf7LE_ef0,bqzAothNuZs,1,1,cf_upbeat_electronic,top1_prompt_level_preference_counterfactual,original,top1_reference,"I prefer upbeat electronic background music with a bright mood, clear rhythm, energetic beats, and a modern dance or pop feeling.","That sounds great! I like the electronic and hip-hop fusion in your recommendation. However, I also want to incorporate elements of funk and soul into the music. Do you have any suggestions that blend those genres with the techno and electronic aspects?","In that case, I recommend 'Be Staunch' by This Side Up. It's a track from their album 'Be Staunch'. This song combines elements of Hip-Hop, electronic, and pop with a danceable rhythm. It has a fast-paced beat and a modern sound that could be a great fit for your video.","I suggest you consider 'Be Staunch' by This Side Up. It's a track by an Irish hip hop group that combines hip-hop, funk, soul, and electronic elements. Although there is no available description for this track, it was performed live at the Electric Picnic Music Festival in 2013. The production was handled by Myster-E, and the video was shot and edited by Peter Martin. This track might provide the blend of genres you're looking for.","I suggest you consider 'Be Staunch' by This Side Up. It's a track by an Irish hip hop group that combines hip-hop, funk, soul, and electronic elements. Although there is no available description for this track, it was performed live at the Electric Picnic Music Festival in 2013. The production was handled by Myster-E, and the video was shot and edited by Peter Martin. This track might provide the blend of genres you're looking for.",Be Staunch,This Side Up,1,1,1,0,0,top1_generation_prompt_text_changed_only_precomputed_text_feature_unchanged
781,bqzAothNuZs,bqzAothNuZs_7Exf7LE_ef0,bqzAothNuZs_7Exf7LE_ef0,bqzAothNuZs,1,1,cf_lyrical_piano,top1_prompt_level_preference_counterfactual,original,top1_reference,"I prefer lyrical piano background music with a slow tempo, soft acoustic texture, gentle melody, and a calm sentimental mood.","That sounds great! I like the electronic and hip-hop fusion in your recommendation. However, I also want to incorporate elements of funk and soul into the music. Do you have any suggestions that blend those genres with the techno and electronic aspects?","Allow me to recommend 'Be Staunch' by This Side Up. It's a track from their album 'Be Staunch'. It combines elements of hip-hop, electronic, and rock with a slow tempo and a piano-driven sound. The song has a lyrical and sentimental vibe that could be a fitting choice for your video.","I suggest you consider 'Be Staunch' by This Side Up. It's a track by an Irish hip hop group that combines hip-hop, funk, soul, and electronic elements. Although there is no available description for this track, it was performed live at the Electric Picnic Music Festival in 2013. The production was handled by Myster-E, and the video was shot and edited by Peter Martin. This track might provide the blend of genres you're looking for.","I suggest you consider 'Be Staunch' by This Side Up. It's a track by an Irish hip hop group that combines hip-hop, funk, soul, and electronic elements. Although there is no available description for this track, it was performed live at the Electric Picnic Music Festival in 2013. The production was handled by Myster-E, and the video was shot and edited by Peter Martin. This track might provide the blend of genres you're looking for.",Be Staunch,This Side Up,1,1,1,0,0,top1_generation_prompt_text_changed_only_precomputed_text_feature_unchanged
800,2NDgbLNNWTI,2NDgbLNNWTI_KOSv-bV8qDU,K_vX_WlDBGc__7dGOiHcYnk,K_vX_WlDBGc,0,32,original,top1_prompt_level_preference_counterfactual,original,top1_reference,"That sounds great, but I would like a track with more of a rock and pop influence. I also prefer tracks with female vocals.","That sounds great, but I would like a track with more of a rock and pop influence. I also prefer tracks with female vocals.","Allow me to recommend 'Move Up & Shine' by The River 68's. It's a track from their album 'Move Up & Shine'. This song combines elements of rock, pop, and indie with female vocals. It has a catchy and uplifting sound that could be a fitting choice for your video.","Allow me to recommend 'Thank God' by Julie Ingram. It's a rock and pop influenced track with female vocals. Although I don't have specific information about this track's album or artist, it aligns with your preferences for rock, pop, and female vocalists. It could be a suitable choice for your video.","Allow me to recommend 'Move Up & Shine' by The River 68's. Although there is no specific information available about this track, The River 68's are known for their rock, pop, indie, and alternative style, which incorporates female vocals. This track might be a fitting choice for your video, combining elements of these genres. However, please note that I don't have additional details about the specific sound or production of this track.",Move Up & Shine,The River 68's,1,1,1,0,0,top1_generation_prompt_text_changed_only_precomputed_text_feature_unchanged
800,2NDgbLNNWTI,2NDgbLNNWTI_KOSv-bV8qDU,K_vX_WlDBGc__7dGOiHcYnk,K_vX_WlDBGc,0,32,cf_upbeat_electronic,top1_prompt_level_preference_counterfactual,original,top1_reference,"I prefer upbeat electronic background music with a bright mood, clear rhythm, energetic beats, and a modern dance or pop feeling.","That sounds great, but I would like a track with more of a rock and pop influence. I also prefer tracks with female vocals.","In that case, I recommend 'Move Up & Shine' by The River 68's. It's a track from their album 'Move Up & Shine'. This song combines elements of rock, pop, and indie with female vocals, creating a bright and energetic atmosphere. It was released in 2012 and has a modern dance vibe that could be a great fit for your video.","Allow me to recommend 'Thank God' by Julie Ingram. It's a rock and pop influenced track with female vocals. Although I don't have specific information about this track's album or artist, it aligns with your preferences for rock, pop, and female vocalists. It could be a suitable choice for your video.","Allow me to recommend 'Move Up & Shine' by The River 68's. Although there is no specific information available about this track, The River 68's are known for their rock, pop, indie, and alternative style, which incorporates female vocals. This track might be a fitting choice for your video, combining elements of these genres. However, please note that I don't have additional details about the specific sound or production of this track.",Move Up & Shine,The River 68's,1,1,1,0,0,top1_generation_prompt_text_changed_only_precomputed_text_feature_unchanged
800,2NDgbLNNWTI,2NDgbLNNWTI_KOSv-bV8qDU,K_vX_WlDBGc__7dGOiHcYnk,K_vX_WlDBGc,0,32,cf_lyrical_piano,top1_prompt_level_preference_counterfactual,original,top1_reference,"I prefer lyrical piano background music with a slow tempo, soft acoustic texture, gentle melody, and a calm sentimental mood.","That sounds great, but I would like a track with more of a rock and pop influence. I also prefer tracks with female vocals.","Allow me to recommend 'Move Up & Shine' by The River 68's. It's a track from their album 'Move Up & Shine'. This song combines elements of rock, pop, and indie with a slow tempo and acoustic guitar. It has a lyrical piano and a gentle melody that can create a calm and sentimental atmosphere for your video.","Allow me to recommend 'Thank God' by Julie Ingram. It's a rock and pop influenced track with female vocals. Although I don't have specific information about this track's album or artist, it aligns with your preferences for rock, pop, and female vocalists. It could be a suitable choice for your video.","Allow me to recommend 'Move Up & Shine' by The River 68's. Although there is no specific information available about this track, The River 68's are known for their rock, pop, indie, and alternative style, which incorporates female vocals. This track might be a fitting choice for your video, combining elements of these genres. However, please note that I don't have additional details about the specific sound or production of this track.",Move Up & Shine,The River 68's,1,1,1,0,0,top1_generation_prompt_text_changed_only_precomputed_text_feature_unchanged
806,3O3gFRSiBC4,3O3gFRSiBC4_ygio6cVZmec,bjAT4stJQnU_hQX8ZYEnlfQ,bjAT4stJQnU,0,15,original,top1_prompt_level_preference_counterfactual,original,top1_reference,"Sounds good, but I'm looking for something with a bit more of a pop and electro vibe.","Sounds good, but I'm looking for something with a bit more of a pop and electro vibe.","In that case, I would recommend 'La Musica (The Trumpeter)' by Ray Foxx featuring Lovelle. This track has a pop and electro sound with elements of dance and house music. It's part of the album 'La Musica (The Trumpeter)' and it's performed by Ray Foxx featuring Lovelle.","In that case, I would recommend the 'Hush (Catz 'n Dogz 2013 Remix)' by Thomas Schumacher. This track has a pop and electro influence, and it's a remix of the original song. It's perfect for adding a catchy and energetic vibe to your video.","Allow me to recommend 'La Musica (The Trumpeter)' by Ray Foxx featuring Lovelle. It's a track that falls under the House genre. Although there is no description provided for this track, based on artist information and genre tags, it features electronic elements and female vocals which align with your preferences.",La Musica (The Trumpeter),Ray Foxx featuring Lovelle,1,1,1,0,0,top1_generation_prompt_text_changed_only_precomputed_text_feature_unchanged
806,3O3gFRSiBC4,3O3gFRSiBC4_ygio6cVZmec,bjAT4stJQnU_hQX8ZYEnlfQ,bjAT4stJQnU,0,15,cf_upbeat_electronic,top1_prompt_level_preference_counterfactual,original,top1_reference,"I prefer upbeat electronic background music with a bright mood, clear rhythm, energetic beats, and a modern dance or pop feeling.","Sounds good, but I'm looking for something with a bit more of a pop and electro vibe.","In that case, I recommend 'La Musica (The Trumpeter)' by Ray Foxx featuring Lovelle. It's an electronic dance track with a bright mood and energetic beats. The song has a modern pop feel and was released in 2012. It aligns well with the upbeat and energetic vibe you're looking for.","In that case, I would recommend the 'Hush (Catz 'n Dogz 2013 Remix)' by Thomas Schumacher. This track has a pop and electro influence, and it's a remix of the original song. It's perfect for adding a catchy and energetic vibe to your video.","Allow me to recommend 'La Musica (The Trumpeter)' by Ray Foxx featuring Lovelle. It's a track that falls under the House genre. Although there is no description provided for this track, based on artist information and genre tags, it features electronic elements and female vocals which align with your preferences.",La Musica (The Trumpeter),Ray Foxx featuring Lovelle,1,1,1,0,0,top1_generation_prompt_text_changed_only_precomputed_text_feature_unchanged
806,3O3gFRSiBC4,3O3gFRSiBC4_ygio6cVZmec,bjAT4stJQnU_hQX8ZYEnlfQ,bjAT4stJQnU,0,15,cf_lyrical_piano,top1_prompt_level_preference_counterfactual,original,top1_reference,"I prefer lyrical piano background music with a slow tempo, soft acoustic texture, gentle melody, and a calm sentimental mood.","Sounds good, but I'm looking for something with a bit more of a pop and electro vibe.","Allow me to recommend 'Lyrical Piano Background Music - 10000' by Plain Simple. It's a track from their album 'Lyrical Piano Background Music - 10000'. This song combines elements of electronic, pop, and dance genres with a slow tempo and a soft acoustic texture. It has a gentle melody and a calm, sentimental mood that could be a fitting choice for your video.","In that case, I would recommend the 'Hush (Catz 'n Dogz 2013 Remix)' by Thomas Schumacher. This track has a pop and electro influence, and it's a remix of the original song. It's perfect for adding a catchy and energetic vibe to your video.","Allow me to recommend 'La Musica (The Trumpeter)' by Ray Foxx featuring Lovelle. It's a track that falls under the House genre. Although there is no description provided for this track, based on artist information and genre tags, it features electronic elements and female vocals which align with your preferences.",La Musica (The Trumpeter),Ray Foxx featuring Lovelle,0,0,0,1,0,top1_generation_prompt_text_changed_only_precomputed_text_feature_unchanged
839,_0kWPBMmYEU,_0kWPBMmYEU_p21n2iGmd_s,myYV5QPNZ4c_ugRL_q8IVhc,myYV5QPNZ4c,0,4,original,top1_prompt_level_preference_counterfactual,original,top1_reference,"That sounds great, but I would like to incorporate some elements of hip-hop, soul, and pop into the music. I'm also interested in female vocals and drum components.","That sounds great, but I would like to incorporate some elements of hip-hop, soul, and pop into the music. I'm also interested in female vocals and drum components.","Allow me to recommend 'Kolejka' by TMK aka Piekielny x MEX x Kieres. It's a track that combines elements of hip-hop, soul, and pop with female vocals. The song has a techno and electronic sound with drum beats, which could be a fitting choice for your video.","Allow me to recommend 'Supporting the Dreams of the Doers - a Netsurit State of Mind'. It's a track that blends hip-hop, soul, and pop genres with elements of rock and 80s music. Although I don't have specific information about the artist or album, the song may have female vocals and drum components that could be a fitting choice for your video.","Certainly! How about 'Kolejka' by TMK aka Piekielny x MEX x Kieres? Although I couldn't find any additional information about this track, it falls under the genres of hip-hop, rock, electronic, and pop. It may have the electronic and pop influences you're looking for. Unfortunately, I couldn't find any specific information about the artists or album.",Kolejka,TMK aka Piekielny x MEX x Kieres,1,1,1,0,0,top1_generation_prompt_text_changed_only_precomputed_text_feature_unchanged
839,_0kWPBMmYEU,_0kWPBMmYEU_p21n2iGmd_s,myYV5QPNZ4c_ugRL_q8IVhc,myYV5QPNZ4c,0,4,cf_upbeat_electronic,top1_prompt_level_preference_counterfactual,original,top1_reference,"I prefer upbeat electronic background music with a bright mood, clear rhythm, energetic beats, and a modern dance or pop feeling.","That sounds great, but I would like to incorporate some elements of hip-hop, soul, and pop into the music. I'm also interested in female vocals and drum components.","In that case, I recommend 'Kolejka' by TMK aka Piekielny x MEX x Kieres. This track combines elements of Hip-Hop, electronic, rock, and pop, with a dance vibe. It has a fast-paced beat and synth elements that give it an energetic and modern feel.","Allow me to recommend 'Supporting the Dreams of the Doers - a Netsurit State of Mind'. It's a track that blends hip-hop, soul, and pop genres with elements of rock and 80s music. Although I don't have specific information about the artist or album, the song may have female vocals and drum components that could be a fitting choice for your video.","Certainly! How about 'Kolejka' by TMK aka Piekielny x MEX x Kieres? Although I couldn't find any additional information about this track, it falls under the genres of hip-hop, rock, electronic, and pop. It may have the electronic and pop influences you're looking for. Unfortunately, I couldn't find any specific information about the artists or album.",Kolejka,TMK aka Piekielny x MEX x Kieres,1,1,1,0,0,top1_generation_prompt_text_changed_only_precomputed_text_feature_unchanged
839,_0kWPBMmYEU,_0kWPBMmYEU_p21n2iGmd_s,myYV5QPNZ4c_ugRL_q8IVhc,myYV5QPNZ4c,0,4,cf_lyrical_piano,top1_prompt_level_preference_counterfactual,original,top1_reference,"I prefer lyrical piano background music with a slow tempo, soft acoustic texture, gentle melody, and a calm sentimental mood.","That sounds great, but I would like to incorporate some elements of hip-hop, soul, and pop into the music. I'm also interested in female vocals and drum components.","Allow me to recommend 'Kolejka' by TMK aka Piekielny x MEX x Kieres. It's a track from their album 'Kolejka'. This song combines elements of hip-hop, electronic, and rock with a slow tempo and a piano-driven sound. It has a lyrical and emotional vibe that could be a fitting choice for your video.","Allow me to recommend 'Supporting the Dreams of the Doers - a Netsurit State of Mind'. It's a track that blends hip-hop, soul, and pop genres with elements of rock and 80s music. Although I don't have specific information about the artist or album, the song may have female vocals and drum components that could be a fitting choice for your video.","Certainly! How about 'Kolejka' by TMK aka Piekielny x MEX x Kieres? Although I couldn't find any additional information about this track, it falls under the genres of hip-hop, rock, electronic, and pop. It may have the electronic and pop influences you're looking for. Unfortunately, I couldn't find any specific information about the artists or album.",Kolejka,TMK aka Piekielny x MEX x Kieres,1,1,1,0,0,top1_generation_prompt_text_changed_only_precomputed_text_feature_unchanged
863,fL_-VnFyBEg,fL_-VnFyBEg_Ejy-05oqXs8,fhqPHsFXEDk_aBgzFGSgVxo,fhqPHsFXEDk,0,19,original,top1_prompt_level_preference_counterfactual,original,top1_reference,"Sounds good, but I'm looking for something with a bit more of a dance and pop vibe, something that will get people moving.","Sounds good, but I'm looking for something with a bit more of a dance and pop vibe, something that will get people moving.","In that case, I would recommend 'Get Up (Before The Night Is Over)' by B.O.B. This track is a perfect blend of dance, pop, and electronic genres. It has a catchy beat and energetic vibe that will definitely get people moving. It's part of the album 'Get Up (Before The Night Is Over)'.","In that case, I would recommend 'A Quien Le Importa' by Thalia. This track is a dance-pop anthem with electronic elements and powerful female vocals. It has a 90s vibe that will bring a nostalgic feel to your video. It's part of the album 'A Quien Le Importa' by Thalia.","Allow me to recommend 'Jump For Joy' by 2 Unlimited. It's a dance track that was part of the promo for O.B.S. Het Galjoen, Den Haag. Although I don't have specific information about its release date or album, it aligns well with the 90s pop and electronica style you're looking for. It also has elements of dance and electronic, with a mix of techno and synth sounds.",Jump For Joy,2 Unlimited,0,0,0,1,0,top1_generation_prompt_text_changed_only_precomputed_text_feature_unchanged
863,fL_-VnFyBEg,fL_-VnFyBEg_Ejy-05oqXs8,fhqPHsFXEDk_aBgzFGSgVxo,fhqPHsFXEDk,0,19,cf_upbeat_electronic,top1_prompt_level_preference_counterfactual,original,top1_reference,"I prefer upbeat electronic background music with a bright mood, clear rhythm, energetic beats, and a modern dance or pop feeling.","Sounds good, but I'm looking for something with a bit more of a dance and pop vibe, something that will get people moving.","In that case, I recommend 'Get Ready For This' by 2 Unlimited. It's a dance track with electronic and house influences. The song has a fast-paced techno beat and a catchy pop sound. It's a perfect choice for a video with an upbeat and energetic atmosphere.","In that case, I would recommend 'A Quien Le Importa' by Thalia. This track is a dance-pop anthem with electronic elements and powerful female vocals. It has a 90s vibe that will bring a nostalgic feel to your video. It's part of the album 'A Quien Le Importa' by Thalia.","Allow me to recommend 'Jump For Joy' by 2 Unlimited. It's a dance track that was part of the promo for O.B.S. Het Galjoen, Den Haag. Although I don't have specific information about its release date or album, it aligns well with the 90s pop and electronica style you're looking for. It also has elements of dance and electronic, with a mix of techno and synth sounds.",Jump For Joy,2 Unlimited,0,1,0,1,0,top1_generation_prompt_text_changed_only_precomputed_text_feature_unchanged
863,fL_-VnFyBEg,fL_-VnFyBEg_Ejy-05oqXs8,fhqPHsFXEDk_aBgzFGSgVxo,fhqPHsFXEDk,0,19,cf_lyrical_piano,top1_prompt_level_preference_counterfactual,original,top1_reference,"I prefer lyrical piano background music with a slow tempo, soft acoustic texture, gentle melody, and a calm sentimental mood.","Sounds good, but I'm looking for something with a bit more of a dance and pop vibe, something that will get people moving.","In that case, I would recommend 'Love Is Gone' by 2 Unlimited. This track has a lyrical piano background and a slow tempo, creating a soothing and sentimental atmosphere. It falls under the genres of dance, pop, electronic, and House, which align with your preferences.","In that case, I would recommend 'A Quien Le Importa' by Thalia. This track is a dance-pop anthem with electronic elements and powerful female vocals. It has a 90s vibe that will bring a nostalgic feel to your video. It's part of the album 'A Quien Le Importa' by Thalia.","Allow me to recommend 'Jump For Joy' by 2 Unlimited. It's a dance track that was part of the promo for O.B.S. Het Galjoen, Den Haag. Although I don't have specific information about its release date or album, it aligns well with the 90s pop and electronica style you're looking for. It also has elements of dance and electronic, with a mix of techno and synth sounds.",Jump For Joy,2 Unlimited,0,1,0,1,0,top1_generation_prompt_text_changed_only_precomputed_text_feature_unchanged
869,omK0RvdNINg,omK0RvdNINg_5PbXu0pQnQ0,2am-BU7R94w_-LnoJDMjnLw,2am-BU7R94w,0,10,original,top1_prompt_level_preference_counterfactual,original,top1_reference,"Sounds good, but I'm looking for something with an electronic and dance vibe. Do you have any recommendations?","Sounds good, but I'm looking for something with an electronic and dance vibe. Do you have any recommendations?","Absolutely! If you're looking for an electronic and dance vibe, I would recommend 'Sunrise' by Dirty South. This track is part of the album 'Sunrise' and it falls under the genres of electronic, dance, electro, house, and electronica. It has a catchy beat and a vibrant energy that will add a lively atmosphere to your video.","Absolutely! If you're looking for an electronic and dance track, I would recommend 'SCHWARZE MILCH' TRAILER 2009. This track has a great mix of electronic, electro, dance, house, and indie elements. It's perfect for creating an energetic and upbeat atmosphere in your video!","Allow me to recommend 'Say' by Nostalgia and Aami. It's a track from their album 'The Outlaster LP'. It combines elements of electronic, pop, and techno with a fast-paced beat and danceable sound. This track could be a fitting choice for your dance video.",Say,Nostalgia and Aami,0,0,0,1,0,top1_generation_prompt_text_changed_only_precomputed_text_feature_unchanged
869,omK0RvdNINg,omK0RvdNINg_5PbXu0pQnQ0,2am-BU7R94w_-LnoJDMjnLw,2am-BU7R94w,0,10,cf_upbeat_electronic,top1_prompt_level_preference_counterfactual,original,top1_reference,"I prefer upbeat electronic background music with a bright mood, clear rhythm, energetic beats, and a modern dance or pop feeling.","Sounds good, but I'm looking for something with an electronic and dance vibe. Do you have any recommendations?","In that case, I recommend 'Sunrise' by Dirty South. It's an electronic track with a fast tempo and a catchy beat. The song has a modern dance and pop vibe, which aligns well with the energetic and upbeat atmosphere you're looking for in your video.","Absolutely! If you're looking for an electronic and dance track, I would recommend 'SCHWARZE MILCH' TRAILER 2009. This track has a great mix of electronic, electro, dance, house, and indie elements. It's perfect for creating an energetic and upbeat atmosphere in your video!","Allow me to recommend 'Say' by Nostalgia and Aami. It's a track from their album 'The Outlaster LP'. It combines elements of electronic, pop, and techno with a fast-paced beat and danceable sound. This track could be a fitting choice for your dance video.",Say,Nostalgia and Aami,0,0,0,1,0,top1_generation_prompt_text_changed_only_precomputed_text_feature_unchanged
869,omK0RvdNINg,omK0RvdNINg_5PbXu0pQnQ0,2am-BU7R94w_-LnoJDMjnLw,2am-BU7R94w,0,10,cf_lyrical_piano,top1_prompt_level_preference_counterfactual,original,top1_reference,"I prefer lyrical piano background music with a slow tempo, soft acoustic texture, gentle melody, and a calm sentimental mood.","Sounds good, but I'm looking for something with an electronic and dance vibe. Do you have any recommendations?","In that case, I would recommend 'Love Is Blind' by Nero. This track is a perfect fit for your video as it combines electronic, dance, and pop elements with a touch of rock. The lyrics are by Nero and the music is by Nero and Skrillex. It has a fast tempo and a loud energy, which will add excitement to your video.","Absolutely! If you're looking for an electronic and dance track, I would recommend 'SCHWARZE MILCH' TRAILER 2009. This track has a great mix of electronic, electro, dance, house, and indie elements. It's perfect for creating an energetic and upbeat atmosphere in your video!","Allow me to recommend 'Say' by Nostalgia and Aami. It's a track from their album 'The Outlaster LP'. It combines elements of electronic, pop, and techno with a fast-paced beat and danceable sound. This track could be a fitting choice for your dance video.",Say,Nostalgia and Aami,0,0,0,1,0,top1_generation_prompt_text_changed_only_precomputed_text_feature_unchanged
884,dD8gAWEPwAI,dD8gAWEPwAI_zYVQCWt0u0U,ebesijzBMrI_haCBCyMpgXo,ebesijzBMrI,0,30,original,top1_prompt_level_preference_counterfactual,original,top1_reference,"That sounds great, but I'd like to add a touch of indie and folk music to my video. Can you recommend something with a female vocalist? I'm also interested in incorporating guitar and drum elements.","That sounds great, but I'd like to add a touch of indie and folk music to my video. Can you recommend something with a female vocalist? I'm also interested in incorporating guitar and drum elements.","Allow me to recommend 'In My Head' by The Two. It's a track from their album 'In My Head'. The song features a female vocalist and combines elements of indie, rock, and folk music. It has a guitar-driven sound with prominent drums, which could be a fitting choice for your video.","Allow me to recommend 'ESTAMOS PERDIDOS' by Mon Feijóo (Mon Musicóo). This track features a female vocalist and falls under the genres of pop, folk, and rock with indie influences. While there is no specific description available, the song is likely to have guitar and drum elements that could give your video a unique and distinct sound.","I suggest considering 'In My Head' by The Two. It's a track from their self-titled album. The Two is known for their indie and rock style, with folk and alternative influences. This song also features female vocals and incorporates electronic elements. It could provide a unique blend of genres for your video.",In My Head,The Two,1,1,1,0,0,top1_generation_prompt_text_changed_only_precomputed_text_feature_unchanged
884,dD8gAWEPwAI,dD8gAWEPwAI_zYVQCWt0u0U,ebesijzBMrI_haCBCyMpgXo,ebesijzBMrI,0,30,cf_upbeat_electronic,top1_prompt_level_preference_counterfactual,original,top1_reference,"I prefer upbeat electronic background music with a bright mood, clear rhythm, energetic beats, and a modern dance or pop feeling.","That sounds great, but I'd like to add a touch of indie and folk music to my video. Can you recommend something with a female vocalist? I'm also interested in incorporating guitar and drum elements.","Based on your preferences, I recommend 'In My Head' by The Two. It's a track from their album 'In My Head'. The song combines elements of rock, indie, and pop with female vocals, creating a vibrant and energetic sound. It aligns well with your preference for upbeat electronic music with a modern dance or pop feel.","Allow me to recommend 'ESTAMOS PERDIDOS' by Mon Feijóo (Mon Musicóo). This track features a female vocalist and falls under the genres of pop, folk, and rock with indie influences. While there is no specific description available, the song is likely to have guitar and drum elements that could give your video a unique and distinct sound.","I suggest considering 'In My Head' by The Two. It's a track from their self-titled album. The Two is known for their indie and rock style, with folk and alternative influences. This song also features female vocals and incorporates electronic elements. It could provide a unique blend of genres for your video.",In My Head,The Two,1,1,1,0,0,top1_generation_prompt_text_changed_only_precomputed_text_feature_unchanged
884,dD8gAWEPwAI,dD8gAWEPwAI_zYVQCWt0u0U,ebesijzBMrI_haCBCyMpgXo,ebesijzBMrI,0,30,cf_lyrical_piano,top1_prompt_level_preference_counterfactual,original,top1_reference,"I prefer lyrical piano background music with a slow tempo, soft acoustic texture, gentle melody, and a calm sentimental mood.","That sounds great, but I'd like to add a touch of indie and folk music to my video. Can you recommend something with a female vocalist? I'm also interested in incorporating guitar and drum elements.","Allow me to recommend 'In My Head' by The Two. It's a track from their album 'In My Head'. This song combines elements of indie, rock, and alternative with a focus on lyrical piano and slow tempo. It has a soft acoustic texture and a gentle melody that can create a calm and sentimental mood for your video.","Allow me to recommend 'ESTAMOS PERDIDOS' by Mon Feijóo (Mon Musicóo). This track features a female vocalist and falls under the genres of pop, folk, and rock with indie influences. While there is no specific description available, the song is likely to have guitar and drum elements that could give your video a unique and distinct sound.","I suggest considering 'In My Head' by The Two. It's a track from their self-titled album. The Two is known for their indie and rock style, with folk and alternative influences. This song also features female vocals and incorporates electronic elements. It could provide a unique blend of genres for your video.",In My Head,The Two,1,1,1,0,0,top1_generation_prompt_text_changed_only_precomputed_text_feature_unchanged
889,4iY51ffFXYo,4iY51ffFXYo_ccYZoJO7iGc,oKRaZDk2rZg_11eWvA3E5qE,oKRaZDk2rZg,0,67,original,top1_prompt_level_preference_counterfactual,original,top1_reference,"That sounds great! I'm also interested in incorporating some elements of Mike Black's style, especially the hip-hop and electronic components. Can you recommend something that aligns with that?","That sounds great! I'm also interested in incorporating some elements of Mike Black's style, especially the hip-hop and electronic components. Can you recommend something that aligns with that?",Certainly! I recommend 'I'm Back' by Mike Black. It's a hip-hop track with electronic and R&B influences. The song has a catchy beat and combines elements of pop and soul as well. It was released in 2010 and could add a unique touch to your video.,"Sure! How about 'Pockets Full Of Cash' by Mike Black? It's a track that falls into the hip-hop and electronic genres. Although I don't have specific information about the album or release date, it should have the elements you're looking for.","Allow me to recommend 'alpha's back' by alpha. It's the first single from their upcoming debut album. The track combines elements of Hip-Hop, R&B, and electronic music with soulful vocals and catchy pop melodies. It was directed by Bern Hardy and has a male vocal and beat-focused sound that may be a fitting choice for your video.",alpha's back,alpha,0,0,0,1,0,top1_generation_prompt_text_changed_only_precomputed_text_feature_unchanged
889,4iY51ffFXYo,4iY51ffFXYo_ccYZoJO7iGc,oKRaZDk2rZg_11eWvA3E5qE,oKRaZDk2rZg,0,67,cf_upbeat_electronic,top1_prompt_level_preference_counterfactual,original,top1_reference,"I prefer upbeat electronic background music with a bright mood, clear rhythm, energetic beats, and a modern dance or pop feeling.","That sounds great! I'm also interested in incorporating some elements of Mike Black's style, especially the hip-hop and electronic components. Can you recommend something that aligns with that?","Based on your preferences, I recommend 'I'm Back' by alpha. It's a track from his album 'I'm Back'. This song combines elements of Hip-Hop, R&B, electronic, pop, and dance, which aligns well with the upbeat and energetic vibe you're looking for. It has a modern sound and was released in 2010.","Sure! How about 'Pockets Full Of Cash' by Mike Black? It's a track that falls into the hip-hop and electronic genres. Although I don't have specific information about the album or release date, it should have the elements you're looking for.","Allow me to recommend 'alpha's back' by alpha. It's the first single from their upcoming debut album. The track combines elements of Hip-Hop, R&B, and electronic music with soulful vocals and catchy pop melodies. It was directed by Bern Hardy and has a male vocal and beat-focused sound that may be a fitting choice for your video.",alpha's back,alpha,0,1,0,1,0,top1_generation_prompt_text_changed_only_precomputed_text_feature_unchanged
889,4iY51ffFXYo,4iY51ffFXYo_ccYZoJO7iGc,oKRaZDk2rZg_11eWvA3E5qE,oKRaZDk2rZg,0,67,cf_lyrical_piano,top1_prompt_level_preference_counterfactual,original,top1_reference,"I prefer lyrical piano background music with a slow tempo, soft acoustic texture, gentle melody, and a calm sentimental mood.","That sounds great! I'm also interested in incorporating some elements of Mike Black's style, especially the hip-hop and electronic components. Can you recommend something that aligns with that?","In that case, I recommend 'I'm Back' by alpha. It's a track from his album 'I'm Back'. This song combines elements of Hip-Hop, R&B, pop, and soul with a slow tempo and piano-driven melody. It has a soothing and sentimental vibe that could be a perfect fit for your video.","Sure! How about 'Pockets Full Of Cash' by Mike Black? It's a track that falls into the hip-hop and electronic genres. Although I don't have specific information about the album or release date, it should have the elements you're looking for.","Allow me to recommend 'alpha's back' by alpha. It's the first single from their upcoming debut album. The track combines elements of Hip-Hop, R&B, and electronic music with soulful vocals and catchy pop melodies. It was directed by Bern Hardy and has a male vocal and beat-focused sound that may be a fitting choice for your video.",alpha's back,alpha,0,1,0,1,0,top1_generation_prompt_text_changed_only_precomputed_text_feature_unchanged
910,5lKPjuBuYDc,5lKPjuBuYDc_KjSks1ZBt_U,4VBns9DlZQs_M0m236ePh8s,4VBns9DlZQs,0,28,original,top1_prompt_level_preference_counterfactual,original,top1_reference,"Sounds good, but I'm looking for something with more of an electronic and dance vibe. Can you recommend something like that?","Sounds good, but I'm looking for something with more of an electronic and dance vibe. Can you recommend something like that?","Absolutely! If you're looking for a track with an electronic and dance vibe, I would recommend 'Sunrise (Original Mix)' by Dash Berlin. This track is part of the album 'Sunrise' and it falls under the genres of electronic, dance, electro, house, and electronica. It has a fast tempo and a loud energy that will add excitement to your video.","Certainly! In that case, I would recommend 'I Gotta Feeling' by The Black Eyed Peas. This track is known for its electronic, dance, rock, and pop influences. It's a high-energy song that will give your video a lively and upbeat feel.","Allow me to recommend 'DJ Tommy Rogers at Finlandia Mácháč 2014'. It's an electronic track that falls into the genres of electro, House, and electronica. Although there is no specific description available for the track, it is likely to have elements of techno, fast beats, and loud synth sounds based on the genre classification. This track may align better with your desired style for the dance workshop video.",,,,,,0,0,top1_generation_prompt_text_changed_only_precomputed_text_feature_unchanged
910,5lKPjuBuYDc,5lKPjuBuYDc_KjSks1ZBt_U,4VBns9DlZQs_M0m236ePh8s,4VBns9DlZQs,0,28,cf_upbeat_electronic,top1_prompt_level_preference_counterfactual,original,top1_reference,"I prefer upbeat electronic background music with a bright mood, clear rhythm, energetic beats, and a modern dance or pop feeling.","Sounds good, but I'm looking for something with more of an electronic and dance vibe. Can you recommend something like that?","Based on your preferences, I recommend 'Sun Is Shining (Radio Edit)' by Axwell & Ingrosso. It's a track from their album 'Sun Is Shining'. This song combines elements of electronic, dance, and pop genres, with a techno and fast-paced beat. It has a bright and energetic vibe that aligns well with your requirements.","Certainly! In that case, I would recommend 'I Gotta Feeling' by The Black Eyed Peas. This track is known for its electronic, dance, rock, and pop influences. It's a high-energy song that will give your video a lively and upbeat feel.","Allow me to recommend 'DJ Tommy Rogers at Finlandia Mácháč 2014'. It's an electronic track that falls into the genres of electro, House, and electronica. Although there is no specific description available for the track, it is likely to have elements of techno, fast beats, and loud synth sounds based on the genre classification. This track may align better with your desired style for the dance workshop video.",,,,,,0,0,top1_generation_prompt_text_changed_only_precomputed_text_feature_unchanged
910,5lKPjuBuYDc,5lKPjuBuYDc_KjSks1ZBt_U,4VBns9DlZQs_M0m236ePh8s,4VBns9DlZQs,0,28,cf_lyrical_piano,top1_prompt_level_preference_counterfactual,original,top1_reference,"I prefer lyrical piano background music with a slow tempo, soft acoustic texture, gentle melody, and a calm sentimental mood.","Sounds good, but I'm looking for something with more of an electronic and dance vibe. Can you recommend something like that?","Based on your preferences, I recommend the track 'Lyrical Piano - 100' by Piano Tutorials. It's a beautiful piano piece with a slow tempo, soft acoustic texture, and a gentle melody. The track has a calming and sentimental mood that can create a soothing atmosphere for your video.","Certainly! In that case, I would recommend 'I Gotta Feeling' by The Black Eyed Peas. This track is known for its electronic, dance, rock, and pop influences. It's a high-energy song that will give your video a lively and upbeat feel.","Allow me to recommend 'DJ Tommy Rogers at Finlandia Mácháč 2014'. It's an electronic track that falls into the genres of electro, House, and electronica. Although there is no specific description available for the track, it is likely to have elements of techno, fast beats, and loud synth sounds based on the genre classification. This track may align better with your desired style for the dance workshop video.",,,,,,0,0,top1_generation_prompt_text_changed_only_precomputed_text_feature_unchanged
916,kqK-Ovwua30,kqK-Ovwua30_OdsKCY4_gc0,U9oXfZM7IAQ_zd-SkyAI6lk,U9oXfZM7IAQ,0,9,original,top1_prompt_level_preference_counterfactual,original,top1_reference,"That sounds great, but I'm looking for something with a more ambient and indie feel, possibly even instrumental.","That sounds great, but I'm looking for something with a more ambient and indie feel, possibly even instrumental.","In that case, 'A Thousand Years' by Christina Perri would be an excellent choice. It's an instrumental track with a beautiful blend of ambient, indie, and rock elements. The song is known for its heartfelt and emotional vibe, making it a perfect fit for a wedding video.","In that case, 'Tree of Life' by Rix, Kevin from the album 'Awakenings' might be exactly what you're looking for. It offers a mix of rock, electronic, ambient, indie, and pop, with elements like drums and guitar creating an immersive and emotional soundscape. It's perfect for creating a memorable and atmospheric wedding highlight video.","In that case, I would recommend 'Beethoven's 5 Secrets' by The Piano Guys. This instrumental track combines elements of classical music with an ambient and electronic sound. It features beautiful violin and strings arrangements, creating a soothing and atmospheric vibe that could enhance the quality of your video.",Beethoven's 5 Secrets,The Piano Guys,0,0,0,1,0,top1_generation_prompt_text_changed_only_precomputed_text_feature_unchanged
916,kqK-Ovwua30,kqK-Ovwua30_OdsKCY4_gc0,U9oXfZM7IAQ_zd-SkyAI6lk,U9oXfZM7IAQ,0,9,cf_upbeat_electronic,top1_prompt_level_preference_counterfactual,original,top1_reference,"I prefer upbeat electronic background music with a bright mood, clear rhythm, energetic beats, and a modern dance or pop feeling.","That sounds great, but I'm looking for something with a more ambient and indie feel, possibly even instrumental.","In that case, I recommend 'A Thousand Years' by Christina Perri. It's a beautiful track with a mix of electronic, rock, and pop elements. The song has a slow tempo and features piano and guitar, creating a romantic and emotional atmosphere. It's perfect for a wedding video.","In that case, 'Tree of Life' by Rix, Kevin from the album 'Awakenings' might be exactly what you're looking for. It offers a mix of rock, electronic, ambient, indie, and pop, with elements like drums and guitar creating an immersive and emotional soundscape. It's perfect for creating a memorable and atmospheric wedding highlight video.","In that case, I would recommend 'Beethoven's 5 Secrets' by The Piano Guys. This instrumental track combines elements of classical music with an ambient and electronic sound. It features beautiful violin and strings arrangements, creating a soothing and atmospheric vibe that could enhance the quality of your video.",Beethoven's 5 Secrets,The Piano Guys,0,0,0,1,0,top1_generation_prompt_text_changed_only_precomputed_text_feature_unchanged
916,kqK-Ovwua30,kqK-Ovwua30_OdsKCY4_gc0,U9oXfZM7IAQ_zd-SkyAI6lk,U9oXfZM7IAQ,0,9,cf_lyrical_piano,top1_prompt_level_preference_counterfactual,original,top1_reference,"I prefer lyrical piano background music with a slow tempo, soft acoustic texture, gentle melody, and a calm sentimental mood.","That sounds great, but I'm looking for something with a more ambient and indie feel, possibly even instrumental.","In that case, I recommend 'Beethoven's 5 Secrets' by The Piano Guys. This track is a beautiful blend of classical and pop music, featuring lyrical piano and a slow tempo. It has a soft acoustic texture, gentle melody, and a calm, sentimental mood that would be perfect for your wedding video.","In that case, 'Tree of Life' by Rix, Kevin from the album 'Awakenings' might be exactly what you're looking for. It offers a mix of rock, electronic, ambient, indie, and pop, with elements like drums and guitar creating an immersive and emotional soundscape. It's perfect for creating a memorable and atmospheric wedding highlight video.","In that case, I would recommend 'Beethoven's 5 Secrets' by The Piano Guys. This instrumental track combines elements of classical music with an ambient and electronic sound. It features beautiful violin and strings arrangements, creating a soothing and atmospheric vibe that could enhance the quality of your video.",Beethoven's 5 Secrets,The Piano Guys,1,1,1,0,0,top1_generation_prompt_text_changed_only_precomputed_text_feature_unchanged
1036,YhFYuZyr5Yo,YhFYuZyr5Yo_vBqoI_4em_o,HnrQrQYw9MQ_conGhaEoJQk,HnrQrQYw9MQ,0,5,original,top1_prompt_level_preference_counterfactual,original,top1_reference,"That sounds great, but I'm also interested in a song by The Charlatans. Do you have any recommendations?","That sounds great, but I'm also interested in a song by The Charlatans. Do you have any recommendations?","Certainly! I suggest 'Up To You' by The Charlatans. It's a rock track with indie and alternative influences. The song has a catchy guitar-driven sound and powerful vocals, which could complement your video nicely.","Certainly! I recommend 'Up At The Lake' by The Charlatans. It's a track from their album 'Up At The Lake' and has a classic rock, indie rock, and alternative sound. The song was released in 2004 and showcases The Charlatans' signature rock style with catchy guitar riffs and powerful vocals.","Allow me to recommend 'White Wedding (Pt. 1)' by Billy Idol. It's a classic rock track from his album 'White Wedding'. This song combines elements of 80s rock, alternative, and pop with techno beats and powerful vocals. It has a distinctive style that could add a unique touch to your fashion video.",White Wedding (Pt. 1),Billy Idol,0,0,0,1,0,top1_generation_prompt_text_changed_only_precomputed_text_feature_unchanged
1036,YhFYuZyr5Yo,YhFYuZyr5Yo_vBqoI_4em_o,HnrQrQYw9MQ_conGhaEoJQk,HnrQrQYw9MQ,0,5,cf_upbeat_electronic,top1_prompt_level_preference_counterfactual,original,top1_reference,"I prefer upbeat electronic background music with a bright mood, clear rhythm, energetic beats, and a modern dance or pop feeling.","That sounds great, but I'm also interested in a song by The Charlatans. Do you have any recommendations?","In that case, I recommend 'White Wedding (Pt. 1)' by Billy Idol. This track is a classic rock and indie song with a fast-paced rhythm and energetic beats. It has a modern dance and pop feel that aligns well with your preferences.","Certainly! I recommend 'Up At The Lake' by The Charlatans. It's a track from their album 'Up At The Lake' and has a classic rock, indie rock, and alternative sound. The song was released in 2004 and showcases The Charlatans' signature rock style with catchy guitar riffs and powerful vocals.","Allow me to recommend 'White Wedding (Pt. 1)' by Billy Idol. It's a classic rock track from his album 'White Wedding'. This song combines elements of 80s rock, alternative, and pop with techno beats and powerful vocals. It has a distinctive style that could add a unique touch to your fashion video.",White Wedding (Pt. 1),Billy Idol,1,1,1,0,0,top1_generation_prompt_text_changed_only_precomputed_text_feature_unchanged
1036,YhFYuZyr5Yo,YhFYuZyr5Yo_vBqoI_4em_o,HnrQrQYw9MQ_conGhaEoJQk,HnrQrQYw9MQ,0,5,cf_lyrical_piano,top1_prompt_level_preference_counterfactual,original,top1_reference,"I prefer lyrical piano background music with a slow tempo, soft acoustic texture, gentle melody, and a calm sentimental mood.","That sounds great, but I'm also interested in a song by The Charlatans. Do you have any recommendations?","Allow me to recommend 'White Wedding (Pt. 1)' by Billy Idol. It's a track from his album 'White Wedding (Pt. 1)'. This song combines elements of rock, indie, and alternative with a touch of pop. It has a slow tempo, soft acoustic texture, and a gentle melody that can create a sentimental mood for your video.","Certainly! I recommend 'Up At The Lake' by The Charlatans. It's a track from their album 'Up At The Lake' and has a classic rock, indie rock, and alternative sound. The song was released in 2004 and showcases The Charlatans' signature rock style with catchy guitar riffs and powerful vocals.","Allow me to recommend 'White Wedding (Pt. 1)' by Billy Idol. It's a classic rock track from his album 'White Wedding'. This song combines elements of 80s rock, alternative, and pop with techno beats and powerful vocals. It has a distinctive style that could add a unique touch to your fashion video.",White Wedding (Pt. 1),Billy Idol,1,1,1,0,0,top1_generation_prompt_text_changed_only_precomputed_text_feature_unchanged
1060,D8B7F9T1eZM,D8B7F9T1eZM_z08BQP7eZX4,D8B7F9T1eZM_z08BQP7eZX4,D8B7F9T1eZM,1,1,original,top1_prompt_level_preference_counterfactual,original,top1_reference,"That sounds interesting, but I would like to incorporate a bit more of Die Lollipops' style, especially their electronic and rock elements. I'm also interested in female vocals and drum influences.","That sounds interesting, but I would like to incorporate a bit more of Die Lollipops' style, especially their electronic and rock elements. I'm also interested in female vocals and drum influences.","Allow me to recommend 'Pssst' by Die Lollipops. It's a track from their album 'Pssst'. It combines elements of electronic, rock, and pop with female vocals and drum beats that could be a fitting choice for your video. The song has a catchy and energetic sound that aligns well with your preferences.","Allow me to recommend 'Pssst' by Die Lollipops. It's a track from their album 'Zusammen sind wir doppelt stark-Unser Freundschaftsalbum'. The song combines electronic and rock elements with energetic female vocals. It has a catchy dance vibe and could be a fitting choice for your video. Unfortunately, there is no additional description information available for this track.","Allow me to recommend 'Pssst' by Die Lollipops. It's a track from their album 'Zusammen sind wir doppelt stark-Unser Freundschaftsalbum'. The song combines electronic and rock elements with energetic female vocals. It has a catchy dance vibe and could be a fitting choice for your video. Unfortunately, there is no additional description information available for this track.",Pssst,Die Lollipops,1,1,1,0,0,top1_generation_prompt_text_changed_only_precomputed_text_feature_unchanged
1060,D8B7F9T1eZM,D8B7F9T1eZM_z08BQP7eZX4,D8B7F9T1eZM_z08BQP7eZX4,D8B7F9T1eZM,1,1,cf_upbeat_electronic,top1_prompt_level_preference_counterfactual,original,top1_reference,"I prefer upbeat electronic background music with a bright mood, clear rhythm, energetic beats, and a modern dance or pop feeling.","That sounds interesting, but I would like to incorporate a bit more of Die Lollipops' style, especially their electronic and rock elements. I'm also interested in female vocals and drum influences.","In that case, I recommend 'Pssst' by Die Lollipops. It's a track from their album 'Pssst'. This song combines elements of dance, pop, and electronic music with a female vocalist. It has a techno and fast-paced beat that can add energy to your video.","Allow me to recommend 'Pssst' by Die Lollipops. It's a track from their album 'Zusammen sind wir doppelt stark-Unser Freundschaftsalbum'. The song combines electronic and rock elements with energetic female vocals. It has a catchy dance vibe and could be a fitting choice for your video. Unfortunately, there is no additional description information available for this track.","Allow me to recommend 'Pssst' by Die Lollipops. It's a track from their album 'Zusammen sind wir doppelt stark-Unser Freundschaftsalbum'. The song combines electronic and rock elements with energetic female vocals. It has a catchy dance vibe and could be a fitting choice for your video. Unfortunately, there is no additional description information available for this track.",Pssst,Die Lollipops,1,1,1,0,0,top1_generation_prompt_text_changed_only_precomputed_text_feature_unchanged
1060,D8B7F9T1eZM,D8B7F9T1eZM_z08BQP7eZX4,D8B7F9T1eZM_z08BQP7eZX4,D8B7F9T1eZM,1,1,cf_lyrical_piano,top1_prompt_level_preference_counterfactual,original,top1_reference,"I prefer lyrical piano background music with a slow tempo, soft acoustic texture, gentle melody, and a calm sentimental mood.","That sounds interesting, but I would like to incorporate a bit more of Die Lollipops' style, especially their electronic and rock elements. I'm also interested in female vocals and drum influences.","In that case, I would recommend 'Lollipop' by Mika. This track has a lyrical piano background and a slow tempo, which creates a soothing and sentimental atmosphere. The acoustic texture and gentle melody add a touch of elegance to the music. It's a perfect choice for your video.","Allow me to recommend 'Pssst' by Die Lollipops. It's a track from their album 'Zusammen sind wir doppelt stark-Unser Freundschaftsalbum'. The song combines electronic and rock elements with energetic female vocals. It has a catchy dance vibe and could be a fitting choice for your video. Unfortunately, there is no additional description information available for this track.","Allow me to recommend 'Pssst' by Die Lollipops. It's a track from their album 'Zusammen sind wir doppelt stark-Unser Freundschaftsalbum'. The song combines electronic and rock elements with energetic female vocals. It has a catchy dance vibe and could be a fitting choice for your video. Unfortunately, there is no additional description information available for this track.",Pssst,Die Lollipops,0,0,0,1,0,top1_generation_prompt_text_changed_only_precomputed_text_feature_unchanged
1083,IzsgBQQmV5w,IzsgBQQmV5w_-bpv_MI1RFY,fX9ycQz4xPM_xCQT9A2V3mQ,fX9ycQz4xPM,0,67,original,top1_prompt_level_preference_counterfactual,original,top1_reference,"That sounds like a good recommendation, but I'm also interested in incorporating some elements of Porta's style into the music. Porta is known for his hip-hop and electronic music with pop, R&B, and rock influences. Can you recommend something that combines these elements?","That sounds like a good recommendation, but I'm also interested in incorporating some elements of Porta's style into the music. Porta is known for his hip-hop and electronic music with pop, R&B, and rock influences. Can you recommend something that combines these elements?","Allow me to recommend 'Nie ma miłości' by Porta featuring KęKę. It's a track from Porta's album 'Nie ma miłości'. This song combines elements of hip-hop, electronic, pop, R&B, and rock. It has a techno and electronic sound with male vocals. It was released in 2013 and may contain the specific elements you're looking for.","Allow me to recommend the track 'Dans Ma Téte' by Jhr. It's from his album 'No Hay Truco' and falls under the genres of hip-hop, pop, electronic, R&B, and rock. Although I don't have specific information about the track's release date, the combination of these genres may align well with the style you're looking for in your video.","Allow me to recommend 'Bez ohledu' by SIGR featuring Animo and Michajlov. Although there is no specific information available about the track's album, it combines elements of R&B, pop, and electronic genres with male vocals. The song was produced by ShortyBeats.",Bez ohledu,SIGR featuring Animo and Michajlov,0,0,0,1,0,top1_generation_prompt_text_changed_only_precomputed_text_feature_unchanged
1083,IzsgBQQmV5w,IzsgBQQmV5w_-bpv_MI1RFY,fX9ycQz4xPM_xCQT9A2V3mQ,fX9ycQz4xPM,0,67,cf_upbeat_electronic,top1_prompt_level_preference_counterfactual,original,top1_reference,"I prefer upbeat electronic background music with a bright mood, clear rhythm, energetic beats, and a modern dance or pop feeling.","That sounds like a good recommendation, but I'm also interested in incorporating some elements of Porta's style into the music. Porta is known for his hip-hop and electronic music with pop, R&B, and rock influences. Can you recommend something that combines these elements?","In that case, I recommend 'Bez ohledu' by SIGR featuring Animo and Michajlov. It's a track from their album 'Bez ohledu'. This song combines elements of Hip-Hop, electronic, pop, and dance, with a fast-paced techno beat and synth sounds. It has a bright and energetic vibe that could be a great fit for your video.","Allow me to recommend the track 'Dans Ma Téte' by Jhr. It's from his album 'No Hay Truco' and falls under the genres of hip-hop, pop, electronic, R&B, and rock. Although I don't have specific information about the track's release date, the combination of these genres may align well with the style you're looking for in your video.","Allow me to recommend 'Bez ohledu' by SIGR featuring Animo and Michajlov. Although there is no specific information available about the track's album, it combines elements of R&B, pop, and electronic genres with male vocals. The song was produced by ShortyBeats.",Bez ohledu,SIGR featuring Animo and Michajlov,1,1,1,0,0,top1_generation_prompt_text_changed_only_precomputed_text_feature_unchanged
1083,IzsgBQQmV5w,IzsgBQQmV5w_-bpv_MI1RFY,fX9ycQz4xPM_xCQT9A2V3mQ,fX9ycQz4xPM,0,67,cf_lyrical_piano,top1_prompt_level_preference_counterfactual,original,top1_reference,"I prefer lyrical piano background music with a slow tempo, soft acoustic texture, gentle melody, and a calm sentimental mood.","That sounds like a good recommendation, but I'm also interested in incorporating some elements of Porta's style into the music. Porta is known for his hip-hop and electronic music with pop, R&B, and rock influences. Can you recommend something that combines these elements?","Allow me to recommend 'Bez ohledu' by SIGR featuring Animo and Michajlov. It's a track from their album 'Bez ohledu'. It combines elements of hip-hop, pop, and electronic with a slow tempo and piano-driven sound. The song has a lyrical and emotional vibe that could be a fitting choice for your video.","Allow me to recommend the track 'Dans Ma Téte' by Jhr. It's from his album 'No Hay Truco' and falls under the genres of hip-hop, pop, electronic, R&B, and rock. Although I don't have specific information about the track's release date, the combination of these genres may align well with the style you're looking for in your video.","Allow me to recommend 'Bez ohledu' by SIGR featuring Animo and Michajlov. Although there is no specific information available about the track's album, it combines elements of R&B, pop, and electronic genres with male vocals. The song was produced by ShortyBeats.",Bez ohledu,SIGR featuring Animo and Michajlov,1,1,1,0,0,top1_generation_prompt_text_changed_only_precomputed_text_feature_unchanged
1105,K0kCJKdYWik,K0kCJKdYWik_tAZtZfm0MnY,g0iXoNpqYTg_3RPin0jEjH8,g0iXoNpqYTg,0,21,original,top1_prompt_level_preference_counterfactual,original,top1_reference,"That sounds great, but I also want to include some soul and R&B elements in my video. Do you have any recommendations that combine hip-hop, soul, and R&B?","That sounds great, but I also want to include some soul and R&B elements in my video. Do you have any recommendations that combine hip-hop, soul, and R&B?","Certainly! How about 'I'm Sorry' by Queen Shirl'e? It's a soulful R&B track with elements of hip-hop and pop. The song features female vocals and has a smooth and melodic sound. It could be a great addition to your video, combining the hip-hop, soul, and R&B elements you're looking for.","Certainly! How about 'Njoo' by Wakamba Wawili? It's a track that falls under the genres of hip-hop, soul, and R&B, with electronic and chillout influences. The song has a smooth and laid-back vibe that could add a touch of soulfulness to your video.","Allow me to recommend 'Deluxe City' by Queen Shirl'e. It's a track from her album 'Falling in Love (Street EP, Vol. 2) - EP'. The song combines elements of R&B, pop, and soul with female vocalists, which adds a distinct and soulful touch to your video. It was directed by Johni Sagala and produced by Shirl;e Sagala.",Deluxe City,Queen Shirl'e,0,1,0,1,0,top1_generation_prompt_text_changed_only_precomputed_text_feature_unchanged
1105,K0kCJKdYWik,K0kCJKdYWik_tAZtZfm0MnY,g0iXoNpqYTg_3RPin0jEjH8,g0iXoNpqYTg,0,21,cf_upbeat_electronic,top1_prompt_level_preference_counterfactual,original,top1_reference,"I prefer upbeat electronic background music with a bright mood, clear rhythm, energetic beats, and a modern dance or pop feeling.","That sounds great, but I also want to include some soul and R&B elements in my video. Do you have any recommendations that combine hip-hop, soul, and R&B?","In that case, I would recommend 'Love Me' by Queen Shirl'e. This track has a bright mood, clear rhythm, energetic beats, and a modern dance or pop feeling. It's a perfect fit for your video.","Certainly! How about 'Njoo' by Wakamba Wawili? It's a track that falls under the genres of hip-hop, soul, and R&B, with electronic and chillout influences. The song has a smooth and laid-back vibe that could add a touch of soulfulness to your video.","Allow me to recommend 'Deluxe City' by Queen Shirl'e. It's a track from her album 'Falling in Love (Street EP, Vol. 2) - EP'. The song combines elements of R&B, pop, and soul with female vocalists, which adds a distinct and soulful touch to your video. It was directed by Johni Sagala and produced by Shirl;e Sagala.",Deluxe City,Queen Shirl'e,0,1,0,1,0,top1_generation_prompt_text_changed_only_precomputed_text_feature_unchanged
1105,K0kCJKdYWik,K0kCJKdYWik_tAZtZfm0MnY,g0iXoNpqYTg_3RPin0jEjH8,g0iXoNpqYTg,0,21,cf_lyrical_piano,top1_prompt_level_preference_counterfactual,original,top1_reference,"I prefer lyrical piano background music with a slow tempo, soft acoustic texture, gentle melody, and a calm sentimental mood.","That sounds great, but I also want to include some soul and R&B elements in my video. Do you have any recommendations that combine hip-hop, soul, and R&B?","In that case, I recommend 'Love Me' by Queen Shirl'e. It's a track from her album 'Love Me'. This song combines elements of hip-hop, R&B, pop, and soul with a lyrical piano and slow tempo. It has a soft acoustic texture and a gentle melody that creates a calm and sentimental mood.","Certainly! How about 'Njoo' by Wakamba Wawili? It's a track that falls under the genres of hip-hop, soul, and R&B, with electronic and chillout influences. The song has a smooth and laid-back vibe that could add a touch of soulfulness to your video.","Allow me to recommend 'Deluxe City' by Queen Shirl'e. It's a track from her album 'Falling in Love (Street EP, Vol. 2) - EP'. The song combines elements of R&B, pop, and soul with female vocalists, which adds a distinct and soulful touch to your video. It was directed by Johni Sagala and produced by Shirl;e Sagala.",Deluxe City,Queen Shirl'e,0,1,0,1,0,top1_generation_prompt_text_changed_only_precomputed_text_feature_unchanged
1119,rZb8WsdW5eM,rZb8WsdW5eM_8l5B3peJABY,rZb8WsdW5eM_8l5B3peJABY,rZb8WsdW5eM,1,1,original,top1_prompt_level_preference_counterfactual,original,top1_reference,"That sounds great, but I would like to include some elements from Rachel Brown and ELEW's cover of 'Stay' in my video. I'm interested in incorporating piano, female vocals, and an indie/folk/pop/rock style.","That sounds great, but I would like to include some elements from Rachel Brown and ELEW's cover of 'Stay' in my video. I'm interested in incorporating piano, female vocals, and an indie/folk/pop/rock style.","Allow me to recommend 'Stay' by Rachel Brown and ELEW. It's a cover of the Rihanna song and features piano, female vocals, and an indie/folk/pop/rock style. The track was recorded in 2012 and has a beautiful and emotional sound that could complement your video.","Allow me to recommend 'Stay' by Rachel Brown & ELEW. It's a cover of Rihanna's song and features piano, female vocals, and a mix of indie, folk, pop, and rock genres. The collaborative performance by Rachel Brown and ELEW brings a unique and soulful touch to the track, which could enhance the emotional and expressive aspects of your video project.","Allow me to recommend 'Stay' by Rachel Brown & ELEW. It's a cover of Rihanna's song and features piano, female vocals, and a mix of indie, folk, pop, and rock genres. The collaborative performance by Rachel Brown and ELEW brings a unique and soulful touch to the track, which could enhance the emotional and expressive aspects of your video project.",Stay,Rachel Brown & ELEW,1,0,0,1,0,top1_generation_prompt_text_changed_only_precomputed_text_feature_unchanged
1119,rZb8WsdW5eM,rZb8WsdW5eM_8l5B3peJABY,rZb8WsdW5eM_8l5B3peJABY,rZb8WsdW5eM,1,1,cf_upbeat_electronic,top1_prompt_level_preference_counterfactual,original,top1_reference,"I prefer upbeat electronic background music with a bright mood, clear rhythm, energetic beats, and a modern dance or pop feeling.","That sounds great, but I would like to include some elements from Rachel Brown and ELEW's cover of 'Stay' in my video. I'm interested in incorporating piano, female vocals, and an indie/folk/pop/rock style.","In that case, I recommend 'Stay' by Rachel Brown & ELEW. It's a beautiful track with a mix of pop, folk, and rock elements. The female vocals and acoustic guitar create a soothing and heartfelt atmosphere, perfect for a wedding video.","Allow me to recommend 'Stay' by Rachel Brown & ELEW. It's a cover of Rihanna's song and features piano, female vocals, and a mix of indie, folk, pop, and rock genres. The collaborative performance by Rachel Brown and ELEW brings a unique and soulful touch to the track, which could enhance the emotional and expressive aspects of your video project.","Allow me to recommend 'Stay' by Rachel Brown & ELEW. It's a cover of Rihanna's song and features piano, female vocals, and a mix of indie, folk, pop, and rock genres. The collaborative performance by Rachel Brown and ELEW brings a unique and soulful touch to the track, which could enhance the emotional and expressive aspects of your video project.",Stay,Rachel Brown & ELEW,1,1,1,0,0,top1_generation_prompt_text_changed_only_precomputed_text_feature_unchanged
1119,rZb8WsdW5eM,rZb8WsdW5eM_8l5B3peJABY,rZb8WsdW5eM_8l5B3peJABY,rZb8WsdW5eM,1,1,cf_lyrical_piano,top1_prompt_level_preference_counterfactual,original,top1_reference,"I prefer lyrical piano background music with a slow tempo, soft acoustic texture, gentle melody, and a calm sentimental mood.","That sounds great, but I would like to include some elements from Rachel Brown and ELEW's cover of 'Stay' in my video. I'm interested in incorporating piano, female vocals, and an indie/folk/pop/rock style.","Allow me to recommend 'Stay' by Rachel Brown & ELEW. It's a track from their album 'Stay'. This song combines elements of pop, jazz, and folk with a slow tempo and soft acoustic sound. It has a gentle melody and a calm, sentimental mood that could be a fitting choice for your video.","Allow me to recommend 'Stay' by Rachel Brown & ELEW. It's a cover of Rihanna's song and features piano, female vocals, and a mix of indie, folk, pop, and rock genres. The collaborative performance by Rachel Brown and ELEW brings a unique and soulful touch to the track, which could enhance the emotional and expressive aspects of your video project.","Allow me to recommend 'Stay' by Rachel Brown & ELEW. It's a cover of Rihanna's song and features piano, female vocals, and a mix of indie, folk, pop, and rock genres. The collaborative performance by Rachel Brown and ELEW brings a unique and soulful touch to the track, which could enhance the emotional and expressive aspects of your video project.",Stay,Rachel Brown & ELEW,1,1,1,0,0,top1_generation_prompt_text_changed_only_precomputed_text_feature_unchanged
1136,zI51uay2YXg,zI51uay2YXg_GAPYhU8aI8A,jcKhV6MO3F8__Xeku9QEDFE,jcKhV6MO3F8,0,36,original,top1_prompt_level_preference_counterfactual,original,top1_reference,"That sounds great, but I would like to add some elements of hip-hop and electronic music to my video. I'm also interested in rock and indie genres.","That sounds great, but I would like to add some elements of hip-hop and electronic music to my video. I'm also interested in rock and indie genres.","Allow me to recommend 'Bang Bang' by BIGBANG. It's a track from their album 'Special Edition 'Still Alive''. It combines elements of hip-hop, electronic, and rock with indie influences. The song has a fast-paced and loud sound, which could be a fitting choice for your video.",Allow me to recommend 'Ceria' by Lil O. It's a hip-hop track with electronic and pop elements. The song features an indie rock influence and was recorded by Ikrami Prawira. This combination of genres and styles could be a perfect fit for your video.,"Sure! How about 'New.. O.G' by Ghrab? Although I don't have much information about this track, based on the tags, it seems to have elements of hip-hop, electronic, and experimental genres. It could provide the chillout and experimental vibe you're looking for in your video.",New.. O.G,Ghrab,0,0,0,1,0,top1_generation_prompt_text_changed_only_precomputed_text_feature_unchanged
1136,zI51uay2YXg,zI51uay2YXg_GAPYhU8aI8A,jcKhV6MO3F8__Xeku9QEDFE,jcKhV6MO3F8,0,36,cf_upbeat_electronic,top1_prompt_level_preference_counterfactual,original,top1_reference,"I prefer upbeat electronic background music with a bright mood, clear rhythm, energetic beats, and a modern dance or pop feeling.","That sounds great, but I would like to add some elements of hip-hop and electronic music to my video. I'm also interested in rock and indie genres.","In that case, I recommend 'Mi Vida' by El Chacal. It's a track from the album 'Mi Vida'. This song combines elements of Hip-Hop, electronic, rock, and dance with a pop influence. It has a fast-paced techno sound and a loud, energetic vibe that could be a great fit for your video.",Allow me to recommend 'Ceria' by Lil O. It's a hip-hop track with electronic and pop elements. The song features an indie rock influence and was recorded by Ikrami Prawira. This combination of genres and styles could be a perfect fit for your video.,"Sure! How about 'New.. O.G' by Ghrab? Although I don't have much information about this track, based on the tags, it seems to have elements of hip-hop, electronic, and experimental genres. It could provide the chillout and experimental vibe you're looking for in your video.",New.. O.G,Ghrab,0,0,0,1,0,top1_generation_prompt_text_changed_only_precomputed_text_feature_unchanged
1136,zI51uay2YXg,zI51uay2YXg_GAPYhU8aI8A,jcKhV6MO3F8__Xeku9QEDFE,jcKhV6MO3F8,0,36,cf_lyrical_piano,top1_prompt_level_preference_counterfactual,original,top1_reference,"I prefer lyrical piano background music with a slow tempo, soft acoustic texture, gentle melody, and a calm sentimental mood.","That sounds great, but I would like to add some elements of hip-hop and electronic music to my video. I'm also interested in rock and indie genres.",在您的要求中，我們推薦的兩首歌曲均具有數位媒體的特色，並具有數位媒體的感覺。兩首歌曲分別為「[MV] 專輯宣傳- 數位媒體 專輯宣傳 MV,Allow me to recommend 'Ceria' by Lil O. It's a hip-hop track with electronic and pop elements. The song features an indie rock influence and was recorded by Ikrami Prawira. This combination of genres and styles could be a perfect fit for your video.,"Sure! How about 'New.. O.G' by Ghrab? Although I don't have much information about this track, based on the tags, it seems to have elements of hip-hop, electronic, and experimental genres. It could provide the chillout and experimental vibe you're looking for in your video.",New.. O.G,Ghrab,0,0,0,1,0,top1_generation_prompt_text_changed_only_precomputed_text_feature_unchanged
1207,ItV4NVU0u6I,ItV4NVU0u6I_Ldq1rh8OYuc,ItV4NVU0u6I_Ldq1rh8OYuc,ItV4NVU0u6I,1,1,original,top1_prompt_level_preference_counterfactual,original,top1_reference,"That sounds great, but I would like to incorporate more of the indie rock and alternative style into the music. I also prefer tracks with guitar and drum elements. Can you recommend something that matches these preferences?","That sounds great, but I would like to incorporate more of the indie rock and alternative style into the music. I also prefer tracks with guitar and drum elements. Can you recommend something that matches these preferences?","Allow me to recommend 'Nada Que Objetar' by Nada Que Objetar. It's an indie rock track with alternative influences. Although I don't have much information about the specific album or artists, the song aligns well with your preferences. It has a guitar-driven sound with prominent drums, which could be a fitting choice for your video.","Allow me to recommend 'Nuestra Vida' by Nada Que Objetar. It's a track from their album 'Nuestra Vida'. The song falls under the genres of indie rock, alternative, and pop, which aligns well with your preference for indie and alternative styles. It also features guitar and drum elements that could be a fitting choice for your video.","Allow me to recommend 'Nuestra Vida' by Nada Que Objetar. It's a track from their album 'Nuestra Vida'. The song falls under the genres of indie rock, alternative, and pop, which aligns well with your preference for indie and alternative styles. It also features guitar and drum elements that could be a fitting choice for your video.",Nuestra Vida,Nada Que Objetar,0,1,0,1,0,top1_generation_prompt_text_changed_only_precomputed_text_feature_unchanged
1207,ItV4NVU0u6I,ItV4NVU0u6I_Ldq1rh8OYuc,ItV4NVU0u6I_Ldq1rh8OYuc,ItV4NVU0u6I,1,1,cf_upbeat_electronic,top1_prompt_level_preference_counterfactual,original,top1_reference,"I prefer upbeat electronic background music with a bright mood, clear rhythm, energetic beats, and a modern dance or pop feeling.","That sounds great, but I would like to incorporate more of the indie rock and alternative style into the music. I also prefer tracks with guitar and drum elements. Can you recommend something that matches these preferences?","Allow me to recommend 'Nada Que Objetar' by Nada Que Objetar. It's a track from their album 'Nada Que Objetar'. It combines elements of indie rock, alternative, and pop with a fast-paced and energetic sound. The song was released in 2012 and may contain the specific elements you're looking for.","Allow me to recommend 'Nuestra Vida' by Nada Que Objetar. It's a track from their album 'Nuestra Vida'. The song falls under the genres of indie rock, alternative, and pop, which aligns well with your preference for indie and alternative styles. It also features guitar and drum elements that could be a fitting choice for your video.","Allow me to recommend 'Nuestra Vida' by Nada Que Objetar. It's a track from their album 'Nuestra Vida'. The song falls under the genres of indie rock, alternative, and pop, which aligns well with your preference for indie and alternative styles. It also features guitar and drum elements that could be a fitting choice for your video.",Nuestra Vida,Nada Que Objetar,0,1,0,1,0,top1_generation_prompt_text_changed_only_precomputed_text_feature_unchanged
1207,ItV4NVU0u6I,ItV4NVU0u6I_Ldq1rh8OYuc,ItV4NVU0u6I_Ldq1rh8OYuc,ItV4NVU0u6I,1,1,cf_lyrical_piano,top1_prompt_level_preference_counterfactual,original,top1_reference,"I prefer lyrical piano background music with a slow tempo, soft acoustic texture, gentle melody, and a calm sentimental mood.","That sounds great, but I would like to incorporate more of the indie rock and alternative style into the music. I also prefer tracks with guitar and drum elements. Can you recommend something that matches these preferences?","Allow me to recommend 'Nada Que Objetar' by Nada Que Objetar. It's a track from their album 'Nada Que Objetar'. It combines elements of rock, indie, and alternative with a pop influence. The song has a guitar-driven sound with a slow tempo and a quiet atmosphere, which could be a fitting choice for your video.","Allow me to recommend 'Nuestra Vida' by Nada Que Objetar. It's a track from their album 'Nuestra Vida'. The song falls under the genres of indie rock, alternative, and pop, which aligns well with your preference for indie and alternative styles. It also features guitar and drum elements that could be a fitting choice for your video.","Allow me to recommend 'Nuestra Vida' by Nada Que Objetar. It's a track from their album 'Nuestra Vida'. The song falls under the genres of indie rock, alternative, and pop, which aligns well with your preference for indie and alternative styles. It also features guitar and drum elements that could be a fitting choice for your video.",Nuestra Vida,Nada Que Objetar,0,1,0,1,0,top1_generation_prompt_text_changed_only_precomputed_text_feature_unchanged
1210,ah7goU7kudo,ah7goU7kudo_al2m-IPmf5o,bMXzqpLvHic_wWP3asMyaZY,bMXzqpLvHic,0,2,original,top1_prompt_level_preference_counterfactual,original,top1_reference,"That sounds great, but I would like to incorporate more of Cro's style into my video. I'm looking for a mix of electronic, rock, indie, and hip-hop elements. Do you have any recommendations?","That sounds great, but I would like to incorporate more of Cro's style into my video. I'm looking for a mix of electronic, rock, indie, and hip-hop elements. Do you have any recommendations?","Allow me to recommend 'Cro's Style'. It's a track that combines elements of electronic, rock, indie, and hip-hop. Although I don't have specific information about the track name, album name, or artists, it aligns well with the style you're looking for.","Sure! How about 'Whatever msp' by Cro? It's a track that combines electronic, rock, indie, and hip-hop influences. While I don't have much information about the specific album or artists, the song itself aligns with the style you're looking for.","Allow me to recommend 'Brother' by Rick & Daryl. Although I don't have much information about this track, based on the genres you mentioned, it seems like a fitting choice. It may have elements of rock, pop, hip-hop, and R&B that could complement your video.",Brother,Rick & Daryl,0,0,0,1,0,top1_generation_prompt_text_changed_only_precomputed_text_feature_unchanged
1210,ah7goU7kudo,ah7goU7kudo_al2m-IPmf5o,bMXzqpLvHic_wWP3asMyaZY,bMXzqpLvHic,0,2,cf_upbeat_electronic,top1_prompt_level_preference_counterfactual,original,top1_reference,"I prefer upbeat electronic background music with a bright mood, clear rhythm, energetic beats, and a modern dance or pop feeling.","That sounds great, but I would like to incorporate more of Cro's style into my video. I'm looking for a mix of electronic, rock, indie, and hip-hop elements. Do you have any recommendations?","In that case, I recommend 'Happy' by Pharrell Williams. This track is known for its upbeat electronic sound and its bright, happy vibe. It's perfect for creating a lively and energetic atmosphere in your video.","Sure! How about 'Whatever msp' by Cro? It's a track that combines electronic, rock, indie, and hip-hop influences. While I don't have much information about the specific album or artists, the song itself aligns with the style you're looking for.","Allow me to recommend 'Brother' by Rick & Daryl. Although I don't have much information about this track, based on the genres you mentioned, it seems like a fitting choice. It may have elements of rock, pop, hip-hop, and R&B that could complement your video.",Brother,Rick & Daryl,0,0,0,1,0,top1_generation_prompt_text_changed_only_precomputed_text_feature_unchanged
1210,ah7goU7kudo,ah7goU7kudo_al2m-IPmf5o,bMXzqpLvHic_wWP3asMyaZY,bMXzqpLvHic,0,2,cf_lyrical_piano,top1_prompt_level_preference_counterfactual,original,top1_reference,"I prefer lyrical piano background music with a slow tempo, soft acoustic texture, gentle melody, and a calm sentimental mood.","That sounds great, but I would like to incorporate more of Cro's style into my video. I'm looking for a mix of electronic, rock, indie, and hip-hop elements. Do you have any recommendations?","In that case, I recommend 'Brother' by Rick & Daryl. This track is a beautiful blend of pop, rock, indie, and electronic genres. It features lyrical piano and a slow tempo, creating a soft and gentle atmosphere. The song has a sentimental mood that can add a touch of emotion to your video.","Sure! How about 'Whatever msp' by Cro? It's a track that combines electronic, rock, indie, and hip-hop influences. While I don't have much information about the specific album or artists, the song itself aligns with the style you're looking for.","Allow me to recommend 'Brother' by Rick & Daryl. Although I don't have much information about this track, based on the genres you mentioned, it seems like a fitting choice. It may have elements of rock, pop, hip-hop, and R&B that could complement your video.",Brother,Rick & Daryl,1,1,1,0,0,top1_generation_prompt_text_changed_only_precomputed_text_feature_unchanged
1226,VBDoZ0Tu5CI,VBDoZ0Tu5CI_K29bp9zG0jA,VBDoZ0Tu5CI_K29bp9zG0jA,VBDoZ0Tu5CI,1,1,original,top1_prompt_level_preference_counterfactual,original,top1_reference,"That sounds good, but I want to incorporate more of Santaye's style into the music. I'm specifically interested in pop, dance, and electronic genres, and I want a female vocalist like Santaye.","That sounds good, but I want to incorporate more of Santaye's style into the music. I'm specifically interested in pop, dance, and electronic genres, and I want a female vocalist like Santaye.",Allow me to recommend 'Eras Tu' by Santaye. It's a pop and dance track with electronic elements and features a female vocalist. The song was released in 2014 and has a catchy and energetic vibe that could be a great fit for your video.,Allow me to recommend 'Eras Tu' by Santaye. It's a pop and dance track with electronic and rock influences. The song features female vocals and was released as Santaye's new single. You can find more information on Santaye's official website and social media accounts.,Allow me to recommend 'Eras Tu' by Santaye. It's a pop and dance track with electronic and rock influences. The song features female vocals and was released as Santaye's new single. You can find more information on Santaye's official website and social media accounts.,Eras Tu,Santaye,1,1,1,0,0,top1_generation_prompt_text_changed_only_precomputed_text_feature_unchanged
1226,VBDoZ0Tu5CI,VBDoZ0Tu5CI_K29bp9zG0jA,VBDoZ0Tu5CI_K29bp9zG0jA,VBDoZ0Tu5CI,1,1,cf_upbeat_electronic,top1_prompt_level_preference_counterfactual,original,top1_reference,"I prefer upbeat electronic background music with a bright mood, clear rhythm, energetic beats, and a modern dance or pop feeling.","That sounds good, but I want to incorporate more of Santaye's style into the music. I'm specifically interested in pop, dance, and electronic genres, and I want a female vocalist like Santaye.","In that case, I would recommend 'Sin Ti' by Santaye. This track has a bright mood and clear rhythm, with energetic beats and a modern dance or pop feel. It's perfect for creating a lively atmosphere in your video.",Allow me to recommend 'Eras Tu' by Santaye. It's a pop and dance track with electronic and rock influences. The song features female vocals and was released as Santaye's new single. You can find more information on Santaye's official website and social media accounts.,Allow me to recommend 'Eras Tu' by Santaye. It's a pop and dance track with electronic and rock influences. The song features female vocals and was released as Santaye's new single. You can find more information on Santaye's official website and social media accounts.,Eras Tu,Santaye,0,1,0,1,0,top1_generation_prompt_text_changed_only_precomputed_text_feature_unchanged
1226,VBDoZ0Tu5CI,VBDoZ0Tu5CI_K29bp9zG0jA,VBDoZ0Tu5CI_K29bp9zG0jA,VBDoZ0Tu5CI,1,1,cf_lyrical_piano,top1_prompt_level_preference_counterfactual,original,top1_reference,"I prefer lyrical piano background music with a slow tempo, soft acoustic texture, gentle melody, and a calm sentimental mood.","That sounds good, but I want to incorporate more of Santaye's style into the music. I'm specifically interested in pop, dance, and electronic genres, and I want a female vocalist like Santaye.","In that case, I would recommend 'Sin Ti' by Santaye. This track has a lyrical piano background and a slow tempo, creating a soothing and sentimental atmosphere. The acoustic texture and gentle melody add a touch of elegance to the music. It's a perfect choice for your video.",Allow me to recommend 'Eras Tu' by Santaye. It's a pop and dance track with electronic and rock influences. The song features female vocals and was released as Santaye's new single. You can find more information on Santaye's official website and social media accounts.,Allow me to recommend 'Eras Tu' by Santaye. It's a pop and dance track with electronic and rock influences. The song features female vocals and was released as Santaye's new single. You can find more information on Santaye's official website and social media accounts.,Eras Tu,Santaye,0,1,0,1,0,top1_generation_prompt_text_changed_only_precomputed_text_feature_unchanged
1240,Tqo1UOK1I44,Tqo1UOK1I44_skTcQLUZKEA,ChPSy_O-vqc_US-76F4d_l0,ChPSy_O-vqc,0,2,original,top1_prompt_level_preference_counterfactual,original,top1_reference,"That sounds great, I like the rock and indie elements in your recommendation. But I would like to incorporate a bit more of Generación 12's distinctive style, especially their electronic and alternative components. I'm also interested in indie rock and drum influences.","That sounds great, I like the rock and indie elements in your recommendation. But I would like to incorporate a bit more of Generación 12's distinctive style, especially their electronic and alternative components. I'm also interested in indie rock and drum influences.","Allow me to recommend 'La Vida' by Generación 12. It's a track from their album 'La Vida'. It combines elements of rock, indie, and electronic with alternative influences. The song has a fast-paced drum-driven sound that could be a fitting choice for your video.",Allow me to recommend Generación 12's performance in Ecuador in 2012. It's an electronic and alternative rock concert that combines elements of indie rock with fast-paced drum beats. The band's unique style and energetic performance make it a fitting choice for your video.,"Allow me to recommend the track 'Ma Vision' by Djoce. It's a song released in 2011 and it embodies Djoce's unique blend of indie, rock, Hip-Hop, pop, and alternative genres. Although I don't have much information about the album or artist, this track should align well with your desired music style for the video.",Ma Vision,Djoce,0,0,0,1,0,top1_generation_prompt_text_changed_only_precomputed_text_feature_unchanged
1240,Tqo1UOK1I44,Tqo1UOK1I44_skTcQLUZKEA,ChPSy_O-vqc_US-76F4d_l0,ChPSy_O-vqc,0,2,cf_upbeat_electronic,top1_prompt_level_preference_counterfactual,original,top1_reference,"I prefer upbeat electronic background music with a bright mood, clear rhythm, energetic beats, and a modern dance or pop feeling.","That sounds great, I like the rock and indie elements in your recommendation. But I would like to incorporate a bit more of Generación 12's distinctive style, especially their electronic and alternative components. I'm also interested in indie rock and drum influences.","Based on your preferences, I recommend 'Ma Vision' by Djoce. It's a track from their album 'Ma Vision'. This song combines elements of rock, pop, indie, and electronic music, which aligns well with your desired upbeat and energetic vibe. It also has a modern dance feel that could enhance your video.",Allow me to recommend Generación 12's performance in Ecuador in 2012. It's an electronic and alternative rock concert that combines elements of indie rock with fast-paced drum beats. The band's unique style and energetic performance make it a fitting choice for your video.,"Allow me to recommend the track 'Ma Vision' by Djoce. It's a song released in 2011 and it embodies Djoce's unique blend of indie, rock, Hip-Hop, pop, and alternative genres. Although I don't have much information about the album or artist, this track should align well with your desired music style for the video.",Ma Vision,Djoce,1,1,1,0,0,top1_generation_prompt_text_changed_only_precomputed_text_feature_unchanged
1240,Tqo1UOK1I44,Tqo1UOK1I44_skTcQLUZKEA,ChPSy_O-vqc_US-76F4d_l0,ChPSy_O-vqc,0,2,cf_lyrical_piano,top1_prompt_level_preference_counterfactual,original,top1_reference,"I prefer lyrical piano background music with a slow tempo, soft acoustic texture, gentle melody, and a calm sentimental mood.","That sounds great, I like the rock and indie elements in your recommendation. But I would like to incorporate a bit more of Generación 12's distinctive style, especially their electronic and alternative components. I'm also interested in indie rock and drum influences.","Allow me to recommend 'Ma Vision' by Djoce. It's a track from their album 'Ma Vision'. It combines elements of rock, pop, and indie with a slow tempo and acoustic piano. The song has a gentle melody and a calm, sentimental mood that could be a fitting choice for your video.",Allow me to recommend Generación 12's performance in Ecuador in 2012. It's an electronic and alternative rock concert that combines elements of indie rock with fast-paced drum beats. The band's unique style and energetic performance make it a fitting choice for your video.,"Allow me to recommend the track 'Ma Vision' by Djoce. It's a song released in 2011 and it embodies Djoce's unique blend of indie, rock, Hip-Hop, pop, and alternative genres. Although I don't have much information about the album or artist, this track should align well with your desired music style for the video.",Ma Vision,Djoce,1,1,1,0,0,top1_generation_prompt_text_changed_only_precomputed_text_feature_unchanged
1269,KGmsoYvx7ng,KGmsoYvx7ng_s6CDWoTZi68,DukXfifJSrA_2GCm4cqhJ1I,DukXfifJSrA,0,17,original,top1_prompt_level_preference_counterfactual,original,top1_reference,"That sounds great, I like the rock and metal types in your music recommendations. But I would like to incorporate a bit more of A＆D's distinctive style, especially their heavy metal and hard rock components. I'm also interested in punk influences.","That sounds great, I like the rock and metal types in your music recommendations. But I would like to incorporate a bit more of A＆D's distinctive style, especially their heavy metal and hard rock components. I'm also interested in punk influences.","Allow me to recommend '疾風のDeparture' by A＆D. It's a track from their album '疾風のDeparture'. It combines elements of heavy metal, hard rock, and punk, which could be a fitting choice for your video. The song has a fast-paced and loud sound, with a strong guitar presence.","Allow me to recommend 'Under World' by A＆D. It's a track from their album with the same name. It combines elements of heavy metal, hard rock, and punk, which could be a fitting choice for your video. Unfortunately, I don't have more information about this track.","Allow me to recommend '疾風のDeparture' by DAIDA LAIDA. Although I don't have much information about this track, DAIDA LAIDA is known for their heavy metal, rock, and classic rock style. They might have incorporated guitar and techno elements in this song as well.",疾風のDeparture,DAIDA LAIDA,1,0,0,1,0,top1_generation_prompt_text_changed_only_precomputed_text_feature_unchanged
1269,KGmsoYvx7ng,KGmsoYvx7ng_s6CDWoTZi68,DukXfifJSrA_2GCm4cqhJ1I,DukXfifJSrA,0,17,cf_upbeat_electronic,top1_prompt_level_preference_counterfactual,original,top1_reference,"I prefer upbeat electronic background music with a bright mood, clear rhythm, energetic beats, and a modern dance or pop feeling.","That sounds great, I like the rock and metal types in your music recommendations. But I would like to incorporate a bit more of A＆D's distinctive style, especially their heavy metal and hard rock components. I'm also interested in punk influences.",エンターテインメントの為に、「疾風のDeparture」のリミックスを収録したアルバム「疾風のDeparture」をお勧めします。,"Allow me to recommend 'Under World' by A＆D. It's a track from their album with the same name. It combines elements of heavy metal, hard rock, and punk, which could be a fitting choice for your video. Unfortunately, I don't have more information about this track.","Allow me to recommend '疾風のDeparture' by DAIDA LAIDA. Although I don't have much information about this track, DAIDA LAIDA is known for their heavy metal, rock, and classic rock style. They might have incorporated guitar and techno elements in this song as well.",疾風のDeparture,DAIDA LAIDA,1,0,0,1,0,top1_generation_prompt_text_changed_only_precomputed_text_feature_unchanged
1269,KGmsoYvx7ng,KGmsoYvx7ng_s6CDWoTZi68,DukXfifJSrA_2GCm4cqhJ1I,DukXfifJSrA,0,17,cf_lyrical_piano,top1_prompt_level_preference_counterfactual,original,top1_reference,"I prefer lyrical piano background music with a slow tempo, soft acoustic texture, gentle melody, and a calm sentimental mood.","That sounds great, I like the rock and metal types in your music recommendations. But I would like to incorporate a bit more of A＆D's distinctive style, especially their heavy metal and hard rock components. I'm also interested in punk influences.",はありません。,"Allow me to recommend 'Under World' by A＆D. It's a track from their album with the same name. It combines elements of heavy metal, hard rock, and punk, which could be a fitting choice for your video. Unfortunately, I don't have more information about this track.","Allow me to recommend '疾風のDeparture' by DAIDA LAIDA. Although I don't have much information about this track, DAIDA LAIDA is known for their heavy metal, rock, and classic rock style. They might have incorporated guitar and techno elements in this song as well.",疾風のDeparture,DAIDA LAIDA,0,0,0,1,0,top1_generation_prompt_text_changed_only_precomputed_text_feature_unchanged
1311,CSvBwXlOQPY,CSvBwXlOQPY_iZOXwI35PZY,y9m3lC50srw_lmFkBpHhWUk,y9m3lC50srw,0,8,original,top1_prompt_level_preference_counterfactual,original,top1_reference,"That sounds great, but I'd like to incorporate some hip-hop and ambient elements into the music as well. Do you have any recommendations?","That sounds great, but I'd like to incorporate some hip-hop and ambient elements into the music as well. Do you have any recommendations?",Allow me to recommend 'ANIMAL - DREAM (VIDEO) (CLIMATE CHANGE MIXTAPE) by Mickey Factz. It's a track from the album 'Climate Change Mixtape'. This song combines hip-hop and electronic genres with ambient and chillout vibes. It has a slow tempo and features male vocals. It was released in 2010 and could be a fitting choice for your video.,I suggest checking out 'EL CHAMAKITO' by LA EMINENCIA. It's a hip-hop track with electronic and ambient influences. The song has a pop and rock vibe as well. It was released by @GURUELVIS and could add the desired elements to your video.,"Certainly! If you're looking for a chill and ambient vibe, I suggest 'ANIMAL - DREAM (VIDEO) (CLIMATE CHANGE MIXTAPE)' by Mickey Factz. The track is called 'Mal-Function' and it's part of the album 'Luve.Lust.Lost'. It combines hip-hop and electronic elements with a chillout and ambient atmosphere. The vocals are male, adding a soothing touch to the overall sound. You can find more information and download the mixtape on the website www.HIGHFREQUENCYOFFICIAL.co.uk.","re looking for a chill and ambient vibe, I suggest 'ANIMAL - DREAM (VIDEO) (CLIMATE CHANGE MIXTAPE)",Mickey Factz,0,1,0,1,0,top1_generation_prompt_text_changed_only_precomputed_text_feature_unchanged
1311,CSvBwXlOQPY,CSvBwXlOQPY_iZOXwI35PZY,y9m3lC50srw_lmFkBpHhWUk,y9m3lC50srw,0,8,cf_upbeat_electronic,top1_prompt_level_preference_counterfactual,original,top1_reference,"I prefer upbeat electronic background music with a bright mood, clear rhythm, energetic beats, and a modern dance or pop feeling.","That sounds great, but I'd like to incorporate some hip-hop and ambient elements into the music as well. Do you have any recommendations?","For a more upbeat and energetic vibe, I recommend 'DREAM' by Mickey Factz from the album 'CLIMATE CHANGE MIXTAPE'. This track combines elements of Hip-Hop, electronic, and rock, creating a dynamic and energetic sound. It's perfect for adding a lively atmosphere to your video.",I suggest checking out 'EL CHAMAKITO' by LA EMINENCIA. It's a hip-hop track with electronic and ambient influences. The song has a pop and rock vibe as well. It was released by @GURUELVIS and could add the desired elements to your video.,"Certainly! If you're looking for a chill and ambient vibe, I suggest 'ANIMAL - DREAM (VIDEO) (CLIMATE CHANGE MIXTAPE)' by Mickey Factz. The track is called 'Mal-Function' and it's part of the album 'Luve.Lust.Lost'. It combines hip-hop and electronic elements with a chillout and ambient atmosphere. The vocals are male, adding a soothing touch to the overall sound. You can find more information and download the mixtape on the website www.HIGHFREQUENCYOFFICIAL.co.uk.","re looking for a chill and ambient vibe, I suggest 'ANIMAL - DREAM (VIDEO) (CLIMATE CHANGE MIXTAPE)",Mickey Factz,0,1,0,1,0,top1_generation_prompt_text_changed_only_precomputed_text_feature_unchanged
1311,CSvBwXlOQPY,CSvBwXlOQPY_iZOXwI35PZY,y9m3lC50srw_lmFkBpHhWUk,y9m3lC50srw,0,8,cf_lyrical_piano,top1_prompt_level_preference_counterfactual,original,top1_reference,"I prefer lyrical piano background music with a slow tempo, soft acoustic texture, gentle melody, and a calm sentimental mood.","That sounds great, but I'd like to incorporate some hip-hop and ambient elements into the music as well. Do you have any recommendations?","Allow me to recommend 'ANIMAL - DREAM (VIDEO) (CLIMATE CHANGE MIXTAPE) by Mickey Factz. It's a track from the album 'CLIMATE CHANGE MIXTAPE'. This song combines elements of hip-hop, electronic, and rock with a chillout and ambient vibe. It features lyrical piano and has a slow tempo, soft acoustic texture, and a calm, sentimental mood that could be a fitting choice for your video.",I suggest checking out 'EL CHAMAKITO' by LA EMINENCIA. It's a hip-hop track with electronic and ambient influences. The song has a pop and rock vibe as well. It was released by @GURUELVIS and could add the desired elements to your video.,"Certainly! If you're looking for a chill and ambient vibe, I suggest 'ANIMAL - DREAM (VIDEO) (CLIMATE CHANGE MIXTAPE)' by Mickey Factz. The track is called 'Mal-Function' and it's part of the album 'Luve.Lust.Lost'. It combines hip-hop and electronic elements with a chillout and ambient atmosphere. The vocals are male, adding a soothing touch to the overall sound. You can find more information and download the mixtape on the website www.HIGHFREQUENCYOFFICIAL.co.uk.","re looking for a chill and ambient vibe, I suggest 'ANIMAL - DREAM (VIDEO) (CLIMATE CHANGE MIXTAPE)",Mickey Factz,0,1,0,1,0,top1_generation_prompt_text_changed_only_precomputed_text_feature_unchanged
1322,pgoDe__Fm-Y,pgoDe__Fm-Y_vf4LLox2GTE,qZKCet3JOTc_YkS-Had1grQ,qZKCet3JOTc,0,9,original,top1_prompt_level_preference_counterfactual,original,top1_reference,"That sounds great, I like the rock and indie genres in your music recommendations. But I would like to add a bit more of Kodaline's style to the music, especially their pop and folk influences. I'm also interested in female vocalists.","That sounds great, I like the rock and indie genres in your music recommendations. But I would like to add a bit more of Kodaline's style to the music, especially their pop and folk influences. I'm also interested in female vocalists.","Allow me to recommend 'All I Want' by Kodaline. It's a track from their album 'All I Want'. It combines elements of pop, rock, and indie with female vocals. The song has a folk influence as well, which could be a fitting choice for your video.","Allow me to recommend 'High Hopes' by Kodaline. It's a cover performed by Mollie Bylett. The song has pop, indie, and folk elements with female vocals. This could be a fitting choice for your video, incorporating Kodaline's distinctive style.","Allow me to recommend the song 'Miasto' by Ania Iwanek & Riya Sokół ft. Piotr Cugowski. Although I don't have much information about this track, it is likely to contain the indie and alternative elements you are looking for. It also features female vocals, which aligns with your preferences.",Miasto,Ania Iwanek & Riya Sokół ft,0,0,0,1,0,top1_generation_prompt_text_changed_only_precomputed_text_feature_unchanged
1322,pgoDe__Fm-Y,pgoDe__Fm-Y_vf4LLox2GTE,qZKCet3JOTc_YkS-Had1grQ,qZKCet3JOTc,0,9,cf_upbeat_electronic,top1_prompt_level_preference_counterfactual,original,top1_reference,"I prefer upbeat electronic background music with a bright mood, clear rhythm, energetic beats, and a modern dance or pop feeling.","That sounds great, I like the rock and indie genres in your music recommendations. But I would like to add a bit more of Kodaline's style to the music, especially their pop and folk influences. I'm also interested in female vocalists.","In that case, I recommend 'Love Is Alive' by Gary Wright. It's a track from the album 'Love Is Alive'. This song combines elements of pop, rock, and electronic music with a fast-paced techno beat. It has a bright and energetic vibe that could be a great fit for your video.","Allow me to recommend 'High Hopes' by Kodaline. It's a cover performed by Mollie Bylett. The song has pop, indie, and folk elements with female vocals. This could be a fitting choice for your video, incorporating Kodaline's distinctive style.","Allow me to recommend the song 'Miasto' by Ania Iwanek & Riya Sokół ft. Piotr Cugowski. Although I don't have much information about this track, it is likely to contain the indie and alternative elements you are looking for. It also features female vocals, which aligns with your preferences.",Miasto,Ania Iwanek & Riya Sokół ft,0,0,0,1,0,top1_generation_prompt_text_changed_only_precomputed_text_feature_unchanged
1322,pgoDe__Fm-Y,pgoDe__Fm-Y_vf4LLox2GTE,qZKCet3JOTc_YkS-Had1grQ,qZKCet3JOTc,0,9,cf_lyrical_piano,top1_prompt_level_preference_counterfactual,original,top1_reference,"I prefer lyrical piano background music with a slow tempo, soft acoustic texture, gentle melody, and a calm sentimental mood.","That sounds great, I like the rock and indie genres in your music recommendations. But I would like to add a bit more of Kodaline's style to the music, especially their pop and folk influences. I'm also interested in female vocalists.","Allow me to recommend 'Miasto' by Ania Iwanek & Riya Sokół ft; 2M. It's a track from their album 'Miasto'. This song combines elements of pop, rock, and indie with a slow tempo and acoustic piano. It has a gentle melody and a calm, sentimental mood that could be a fitting choice for your video.","Allow me to recommend 'High Hopes' by Kodaline. It's a cover performed by Mollie Bylett. The song has pop, indie, and folk elements with female vocals. This could be a fitting choice for your video, incorporating Kodaline's distinctive style.","Allow me to recommend the song 'Miasto' by Ania Iwanek & Riya Sokół ft. Piotr Cugowski. Although I don't have much information about this track, it is likely to contain the indie and alternative elements you are looking for. It also features female vocals, which aligns with your preferences.",Miasto,Ania Iwanek & Riya Sokół ft,1,1,1,0,0,top1_generation_prompt_text_changed_only_precomputed_text_feature_unchanged
1333,sZNtPlWq5gI,sZNtPlWq5gI_tl_4Jx7umvs,mA7rZps14Zw_meaJ1m4zKGE,mA7rZps14Zw,0,3,original,top1_prompt_level_preference_counterfactual,original,top1_reference,"That sounds great, I like the techno and electronic influences in your music recommendations. But I would like to incorporate a bit more of the Christmas theme into the music. Can you recommend something that combines hip-hop, electronic, and rock genres, with a touch of holiday spirit?","That sounds great, I like the techno and electronic influences in your music recommendations. But I would like to incorporate a bit more of the Christmas theme into the music. Can you recommend something that combines hip-hop, electronic, and rock genres, with a touch of holiday spirit?","Allow me to recommend 'Christmas in the City' by Sam Lachow. It's a track from his album 'Christmas in the City'. The song combines elements of hip-hop, electronic, and rock genres, with a touch of holiday spirit. It was released in 2012 and has a catchy and upbeat sound that could be a fitting choice for your video.","Allow me to recommend 'Christmas in LA'. It's a track that captures the Christmas spirit in the beautiful city of Los Angeles. Although I don't have specific information about the artist, album, or track name, based on the description, it seems to contain elements of hip-hop, electronic, rock, and pop genres. This song could be a fitting choice for your video, combining the energetic and catchy beats with a touch of holiday cheer.","I understand. Allow me to recommend 'Cadillacs and Videos' by Sam Lachow. It's a track from his album 'Huckleberry' released in 2014. This song combines electronic beats, Hip-Hop vocals, and elements of rock and pop. It could add a unique and dynamic touch to your video, aligning well with Sam Lachow's distinctive style.",Cadillacs and Videos,Sam Lachow,0,1,0,1,0,top1_generation_prompt_text_changed_only_precomputed_text_feature_unchanged
1333,sZNtPlWq5gI,sZNtPlWq5gI_tl_4Jx7umvs,mA7rZps14Zw_meaJ1m4zKGE,mA7rZps14Zw,0,3,cf_upbeat_electronic,top1_prompt_level_preference_counterfactual,original,top1_reference,"I prefer upbeat electronic background music with a bright mood, clear rhythm, energetic beats, and a modern dance or pop feeling.","That sounds great, I like the techno and electronic influences in your music recommendations. But I would like to incorporate a bit more of the Christmas theme into the music. Can you recommend something that combines hip-hop, electronic, and rock genres, with a touch of holiday spirit?","Based on your preferences, I recommend 'Cadillacs and Videos' by Sam Lachow. It's an electronic track with elements of Hip-Hop, indie, and pop. The song has a fast tempo and a catchy beat that can add energy to your video.","Allow me to recommend 'Christmas in LA'. It's a track that captures the Christmas spirit in the beautiful city of Los Angeles. Although I don't have specific information about the artist, album, or track name, based on the description, it seems to contain elements of hip-hop, electronic, rock, and pop genres. This song could be a fitting choice for your video, combining the energetic and catchy beats with a touch of holiday cheer.","I understand. Allow me to recommend 'Cadillacs and Videos' by Sam Lachow. It's a track from his album 'Huckleberry' released in 2014. This song combines electronic beats, Hip-Hop vocals, and elements of rock and pop. It could add a unique and dynamic touch to your video, aligning well with Sam Lachow's distinctive style.",Cadillacs and Videos,Sam Lachow,1,1,1,0,0,top1_generation_prompt_text_changed_only_precomputed_text_feature_unchanged
1333,sZNtPlWq5gI,sZNtPlWq5gI_tl_4Jx7umvs,mA7rZps14Zw_meaJ1m4zKGE,mA7rZps14Zw,0,3,cf_lyrical_piano,top1_prompt_level_preference_counterfactual,original,top1_reference,"I prefer lyrical piano background music with a slow tempo, soft acoustic texture, gentle melody, and a calm sentimental mood.","That sounds great, I like the techno and electronic influences in your music recommendations. But I would like to incorporate a bit more of the Christmas theme into the music. Can you recommend something that combines hip-hop, electronic, and rock genres, with a touch of holiday spirit?","Allow me to recommend 'Cadillacs and Videos' by Sam Lachow. It's a track from his album 'Cadillacs and Videos'. The song combines elements of hip-hop, electronic, and indie with a slow tempo and piano-driven sound. It has a relaxed and sentimental vibe that could be a fitting choice for your video.","Allow me to recommend 'Christmas in LA'. It's a track that captures the Christmas spirit in the beautiful city of Los Angeles. Although I don't have specific information about the artist, album, or track name, based on the description, it seems to contain elements of hip-hop, electronic, rock, and pop genres. This song could be a fitting choice for your video, combining the energetic and catchy beats with a touch of holiday cheer.","I understand. Allow me to recommend 'Cadillacs and Videos' by Sam Lachow. It's a track from his album 'Huckleberry' released in 2014. This song combines electronic beats, Hip-Hop vocals, and elements of rock and pop. It could add a unique and dynamic touch to your video, aligning well with Sam Lachow's distinctive style.",Cadillacs and Videos,Sam Lachow,1,1,1,0,0,top1_generation_prompt_text_changed_only_precomputed_text_feature_unchanged
1395,ufnqxvG8TZ4,ufnqxvG8TZ4_t4zXT4mcPUI,hoRiq6795R8_AmAAhdN5gEE,hoRiq6795R8,0,6,original,top1_prompt_level_preference_counterfactual,original,top1_reference,"Sounds good, but I'm looking for something that has a more indie and alternative vibe.","Sounds good, but I'm looking for something that has a more indie and alternative vibe.","In that case, I would recommend 'Всё начинается с одного' by Azen feat. 25/7. This track has a unique blend of Hip-Hop, electronic, indie, rock, and alternative genres. It offers a more experimental and indie sound, perfect for adding a touch of creativity to your video.","In that case, I would recommend 'Zwoardduel' by Samoerai. This track has elements of Hip-Hop, electronic, rock, indie, and alternative genres. It has a unique and edgy sound that will give your video a distinctive vibe.","Allow me to recommend 'Эта жизнь братка' by Azen feat. J-Time. Although I don't have much information about this track, it is classified as Hip-Hop, electronic, and indie, which aligns with the chillout and electronica components you're looking for. It may be a fitting choice to combine elements of Azen feat. J-Time's style with the energetic vibe of 'Voi Che Parlate...(BLA BLA BLA)' by Tom Beaver Feat. Fly-$.",Эта жизнь братка,Azen feat,0,1,0,1,0,top1_generation_prompt_text_changed_only_precomputed_text_feature_unchanged
1395,ufnqxvG8TZ4,ufnqxvG8TZ4_t4zXT4mcPUI,hoRiq6795R8_AmAAhdN5gEE,hoRiq6795R8,0,6,cf_upbeat_electronic,top1_prompt_level_preference_counterfactual,original,top1_reference,"I prefer upbeat electronic background music with a bright mood, clear rhythm, energetic beats, and a modern dance or pop feeling.","Sounds good, but I'm looking for something that has a more indie and alternative vibe.","In that case, I recommend 'Всё начинается с одного' by Azen feat. 25/7. It's a track from the album 'Всё начинается с одного'. This song combines elements of Hip-Hop, electronic, indie, and rock, with a dance and pop influence. It has a techno and electronic sound with a fast beat, which aligns well with the energetic and modern vibe you're looking for.","In that case, I would recommend 'Zwoardduel' by Samoerai. This track has elements of Hip-Hop, electronic, rock, indie, and alternative genres. It has a unique and edgy sound that will give your video a distinctive vibe.","Allow me to recommend 'Эта жизнь братка' by Azen feat. J-Time. Although I don't have much information about this track, it is classified as Hip-Hop, electronic, and indie, which aligns with the chillout and electronica components you're looking for. It may be a fitting choice to combine elements of Azen feat. J-Time's style with the energetic vibe of 'Voi Che Parlate...(BLA BLA BLA)' by Tom Beaver Feat. Fly-$.",Эта жизнь братка,Azen feat,0,1,0,1,0,top1_generation_prompt_text_changed_only_precomputed_text_feature_unchanged
1395,ufnqxvG8TZ4,ufnqxvG8TZ4_t4zXT4mcPUI,hoRiq6795R8_AmAAhdN5gEE,hoRiq6795R8,0,6,cf_lyrical_piano,top1_prompt_level_preference_counterfactual,original,top1_reference,"I prefer lyrical piano background music with a slow tempo, soft acoustic texture, gentle melody, and a calm sentimental mood.","Sounds good, but I'm looking for something that has a more indie and alternative vibe.","Allow me to recommend 'Эта жизнь братка' by Azen feat;  from the album 'Эта жизнь братка'. It's a track that combines elements of hip-hop, electronic, and indie with a slow tempo and piano-driven sound. The song has a lyrical and sentimental vibe that could be a fitting choice for your video.","In that case, I would recommend 'Zwoardduel' by Samoerai. This track has elements of Hip-Hop, electronic, rock, indie, and alternative genres. It has a unique and edgy sound that will give your video a distinctive vibe.","Allow me to recommend 'Эта жизнь братка' by Azen feat. J-Time. Although I don't have much information about this track, it is classified as Hip-Hop, electronic, and indie, which aligns with the chillout and electronica components you're looking for. It may be a fitting choice to combine elements of Azen feat. J-Time's style with the energetic vibe of 'Voi Che Parlate...(BLA BLA BLA)' by Tom Beaver Feat. Fly-$.",Эта жизнь братка,Azen feat,1,1,1,0,0,top1_generation_prompt_text_changed_only_precomputed_text_feature_unchanged
1401,9-lebVWosiE,9-lebVWosiE_Y3XSMfhR43g,xFAtipCnkcU_fNvFCQfF50U,xFAtipCnkcU,0,6,original,top1_prompt_level_preference_counterfactual,original,top1_reference,"That sounds great, but I'd like to incorporate some elements of ソレカラ's indie and alternative rock style in the music. I'm also interested in pop influences.","That sounds great, but I'd like to incorporate some elements of ソレカラ's indie and alternative rock style in the music. I'm also interested in pop influences.","Allow me to recommend 'ソレカラ' by ソレカラ. It's a track from their album 'ソレカラ'. The song combines elements of indie rock, alternative rock, and pop. It has a rock sound with guitar-driven melodies and catchy vocals. This track could be a fitting choice for your video.","Allow me to recommend the track '髪' by ソレカラ. It's from their album '優しい嘘に疲れたら'. This song combines the elements of indie rock and alternative rock, with a touch of pop influences. It's a perfect choice if you want to incorporate ソレカラ's distinctive style in your video.","Allow me to recommend 'Quando a Noite Cai' by Linha 2. It's the first track from their new EP and showcases their indie rock, alternative, and punk sound. It falls under the rock genre with guitar-focused elements. It was recorded recently and may contain the specific element you want.",Quando a Noite Cai,Linha 2,0,0,0,1,0,top1_generation_prompt_text_changed_only_precomputed_text_feature_unchanged
1401,9-lebVWosiE,9-lebVWosiE_Y3XSMfhR43g,xFAtipCnkcU_fNvFCQfF50U,xFAtipCnkcU,0,6,cf_upbeat_electronic,top1_prompt_level_preference_counterfactual,original,top1_reference,"I prefer upbeat electronic background music with a bright mood, clear rhythm, energetic beats, and a modern dance or pop feeling.","That sounds great, but I'd like to incorporate some elements of ソレカラ's indie and alternative rock style in the music. I'm also interested in pop influences.","In that case, I recommend 'When the Night Falls' by Linha 2. It's a rock track with indie and alternative influences. The song has a fast-paced rhythm and energetic beats, which align with your preferences. It was released in 2010 and has a modern and pop feel.","Allow me to recommend the track '髪' by ソレカラ. It's from their album '優しい嘘に疲れたら'. This song combines the elements of indie rock and alternative rock, with a touch of pop influences. It's a perfect choice if you want to incorporate ソレカラ's distinctive style in your video.","Allow me to recommend 'Quando a Noite Cai' by Linha 2. It's the first track from their new EP and showcases their indie rock, alternative, and punk sound. It falls under the rock genre with guitar-focused elements. It was recorded recently and may contain the specific element you want.",Quando a Noite Cai,Linha 2,0,1,0,1,0,top1_generation_prompt_text_changed_only_precomputed_text_feature_unchanged
1401,9-lebVWosiE,9-lebVWosiE_Y3XSMfhR43g,xFAtipCnkcU_fNvFCQfF50U,xFAtipCnkcU,0,6,cf_lyrical_piano,top1_prompt_level_preference_counterfactual,original,top1_reference,"I prefer lyrical piano background music with a slow tempo, soft acoustic texture, gentle melody, and a calm sentimental mood.","That sounds great, but I'd like to incorporate some elements of ソレカラ's indie and alternative rock style in the music. I'm also interested in pop influences.","Allow me to recommend 'Quando a Noite Cai' by Linha 2. It's a track from their album 'Quando a Noite Cai'. The song combines elements of rock, indie, and alternative with a pop influence. It has a slow tempo, soft acoustic texture, and a gentle melody that can create a calm and sentimental mood for your video.","Allow me to recommend the track '髪' by ソレカラ. It's from their album '優しい嘘に疲れたら'. This song combines the elements of indie rock and alternative rock, with a touch of pop influences. It's a perfect choice if you want to incorporate ソレカラ's distinctive style in your video.","Allow me to recommend 'Quando a Noite Cai' by Linha 2. It's the first track from their new EP and showcases their indie rock, alternative, and punk sound. It falls under the rock genre with guitar-focused elements. It was recorded recently and may contain the specific element you want.",Quando a Noite Cai,Linha 2,1,1,1,0,0,top1_generation_prompt_text_changed_only_precomputed_text_feature_unchanged
1434,Gzse71YV_-Q,Gzse71YV_-Q_dGe3HxoH1nM,9Jd4824Xqog_9WMtMXzj9iY,9Jd4824Xqog,0,8,original,top1_prompt_level_preference_counterfactual,original,top1_reference,"That sounds great, but I also want to include some elements of funk and dance in the music. Do you have any recommendations that combine those genres?","That sounds great, but I also want to include some elements of funk and dance in the music. Do you have any recommendations that combine those genres?","Certainly! How about 'The Funky Fresh' by The Funky Fresh? It's a track that combines elements of hip-hop, electronic, rock, and funk. The song has a danceable beat and energetic vibe that could be a fitting choice for your video.","I suggest 'Linnin' It' by MISS KO 葛仲珊. It's a hip-hop track with pop and funk influences. The song also features female vocals and dance elements, which can add a dynamic and lively vibe to your video. Although I don't have much information about the track, it seems to align with the funk and dance genres you're looking for.","Allow me to recommend 'The Joe Budden Experience'. It's a track by Joe Budden that falls into the Hip-Hop genre. Although there is no specific information about the experimental and indie components of the track, being a fan-made and self-made piece, it may include these elements. Additionally, it has electronic influences and may have synth sounds that could be a fitting choice for your video.",,,,,,0,0,top1_generation_prompt_text_changed_only_precomputed_text_feature_unchanged
1434,Gzse71YV_-Q,Gzse71YV_-Q_dGe3HxoH1nM,9Jd4824Xqog_9WMtMXzj9iY,9Jd4824Xqog,0,8,cf_upbeat_electronic,top1_prompt_level_preference_counterfactual,original,top1_reference,"I prefer upbeat electronic background music with a bright mood, clear rhythm, energetic beats, and a modern dance or pop feeling.","That sounds great, but I also want to include some elements of funk and dance in the music. Do you have any recommendations that combine those genres?","Based on your preferences, I recommend 'Bright Lights, Bigger City' by Kendrick Lamar. It's a track from his album 'Bright Lights, Bigger City'. This song combines elements of Hip-Hop, electronic, rock, and dance with a fast-paced techno beat. It has a bright and energetic vibe that aligns well with your requirements.","I suggest 'Linnin' It' by MISS KO 葛仲珊. It's a hip-hop track with pop and funk influences. The song also features female vocals and dance elements, which can add a dynamic and lively vibe to your video. Although I don't have much information about the track, it seems to align with the funk and dance genres you're looking for.","Allow me to recommend 'The Joe Budden Experience'. It's a track by Joe Budden that falls into the Hip-Hop genre. Although there is no specific information about the experimental and indie components of the track, being a fan-made and self-made piece, it may include these elements. Additionally, it has electronic influences and may have synth sounds that could be a fitting choice for your video.",,,,,,0,0,top1_generation_prompt_text_changed_only_precomputed_text_feature_unchanged
1434,Gzse71YV_-Q,Gzse71YV_-Q_dGe3HxoH1nM,9Jd4824Xqog_9WMtMXzj9iY,9Jd4824Xqog,0,8,cf_lyrical_piano,top1_prompt_level_preference_counterfactual,original,top1_reference,"I prefer lyrical piano background music with a slow tempo, soft acoustic texture, gentle melody, and a calm sentimental mood.","That sounds great, but I also want to include some elements of funk and dance in the music. Do you have any recommendations that combine those genres?","In that case, I would recommend 'The City' by The Roots. This track is part of the album 'The City' and it perfectly captures the lyrical piano background you're looking for. It has a slow tempo, soft acoustic texture, and a gentle melody that creates a calm and sentimental mood.","I suggest 'Linnin' It' by MISS KO 葛仲珊. It's a hip-hop track with pop and funk influences. The song also features female vocals and dance elements, which can add a dynamic and lively vibe to your video. Although I don't have much information about the track, it seems to align with the funk and dance genres you're looking for.","Allow me to recommend 'The Joe Budden Experience'. It's a track by Joe Budden that falls into the Hip-Hop genre. Although there is no specific information about the experimental and indie components of the track, being a fan-made and self-made piece, it may include these elements. Additionally, it has electronic influences and may have synth sounds that could be a fitting choice for your video.",,,,,,0,0,top1_generation_prompt_text_changed_only_precomputed_text_feature_unchanged
1455,XXgtN7TA1V8,XXgtN7TA1V8_LqTg77a6R9I,XXgtN7TA1V8_LqTg77a6R9I,XXgtN7TA1V8,1,1,original,top1_prompt_level_preference_counterfactual,original,top1_reference,"Sounds good, but I'm looking for something with a bit more of a Hip-Hop and R&B vibe, along with some ambient elements.","Sounds good, but I'm looking for something with a bit more of a Hip-Hop and R&B vibe, along with some ambient elements.","In that case, I would recommend 'Szczęście' by K.A.S.A. This track combines the elements of Hip-Hop, R&B, and ambient music. It has a unique blend of electronic and rock influences, creating a captivating and atmospheric sound.","In that case, I would recommend 'Дежавю' by Just name. While there isn't much information available about this track, it falls under the Hip-Hop, electronic, ambient, rock, and R&B genres. It has a male vocal and could add a unique touch to your video with its ambient elements.","In that case, I would recommend 'Дежавю' by Just name. While there isn't much information available about this track, it falls under the Hip-Hop, electronic, ambient, rock, and R&B genres. It has a male vocal and could add a unique touch to your video with its ambient elements.",Дежавю,Just name,0,0,0,1,0,top1_generation_prompt_text_changed_only_precomputed_text_feature_unchanged
1455,XXgtN7TA1V8,XXgtN7TA1V8_LqTg77a6R9I,XXgtN7TA1V8_LqTg77a6R9I,XXgtN7TA1V8,1,1,cf_upbeat_electronic,top1_prompt_level_preference_counterfactual,original,top1_reference,"I prefer upbeat electronic background music with a bright mood, clear rhythm, energetic beats, and a modern dance or pop feeling.","Sounds good, but I'm looking for something with a bit more of a Hip-Hop and R&B vibe, along with some ambient elements.","In that case, I recommend 'Nie ma czasu' by K.A.R.E.N. featuring K.A.R.E.N. It's a track from the album 'Nie ma czasu'. This song combines elements of Hip-Hop, R&B, electronic, pop, and dance, which aligns well with the upbeat, energetic, and modern dance vibe you're looking for.","In that case, I would recommend 'Дежавю' by Just name. While there isn't much information available about this track, it falls under the Hip-Hop, electronic, ambient, rock, and R&B genres. It has a male vocal and could add a unique touch to your video with its ambient elements.","In that case, I would recommend 'Дежавю' by Just name. While there isn't much information available about this track, it falls under the Hip-Hop, electronic, ambient, rock, and R&B genres. It has a male vocal and could add a unique touch to your video with its ambient elements.",Дежавю,Just name,0,0,0,1,0,top1_generation_prompt_text_changed_only_precomputed_text_feature_unchanged
1455,XXgtN7TA1V8,XXgtN7TA1V8_LqTg77a6R9I,XXgtN7TA1V8_LqTg77a6R9I,XXgtN7TA1V8,1,1,cf_lyrical_piano,top1_prompt_level_preference_counterfactual,original,top1_reference,"I prefer lyrical piano background music with a slow tempo, soft acoustic texture, gentle melody, and a calm sentimental mood.","Sounds good, but I'm looking for something with a bit more of a Hip-Hop and R&B vibe, along with some ambient elements.","Allow me to recommend 'Nie ma miłości' by Just name. It's a track with lyrical piano background music that aligns well with your preferences. The song has a slow tempo, soft acoustic texture, gentle melody, and a calm sentimental mood. It was released in 2012 and may contain the specific elements you're looking for.","In that case, I would recommend 'Дежавю' by Just name. While there isn't much information available about this track, it falls under the Hip-Hop, electronic, ambient, rock, and R&B genres. It has a male vocal and could add a unique touch to your video with its ambient elements.","In that case, I would recommend 'Дежавю' by Just name. While there isn't much information available about this track, it falls under the Hip-Hop, electronic, ambient, rock, and R&B genres. It has a male vocal and could add a unique touch to your video with its ambient elements.",Дежавю,Just name,0,1,0,1,0,top1_generation_prompt_text_changed_only_precomputed_text_feature_unchanged
1463,reOgdkVqjsg,reOgdkVqjsg_sSInpse53Tk,vtf5Xfbn8Do_HH5ElSgJehQ,vtf5Xfbn8Do,0,11,original,top1_prompt_level_preference_counterfactual,original,top1_reference,"That's a good choice, but I would like to incorporate more of Mike Montes' style into the music. I'm also interested in the alternative and indie rock genres.","That's a good choice, but I would like to incorporate more of Mike Montes' style into the music. I'm also interested in the alternative and indie rock genres.","Allow me to recommend 'Sin Ti' by Mike Montes. It's a track from his album 'Sin Ti'. The song combines elements of rock, pop, and alternative with indie influences. It features guitar-driven melodies and male vocals, which align with Mike Montes' distinctive style.","Allow me to recommend 'Sin Dudar' by Mike Montes. It's a track from his album 'El Regalo'. The song combines elements of rock, pop, indie, and alternative with a distinctive indie rock vibe. It was recorded in 2013, which may contain the specific elements you're looking for.","Allow me to recommend 'SEQUENCE 02' by Maher Zain. Although I don't have specific information about the album or artists, the track combines elements of country, rock, and pop. It features strong guitar and vocal elements, which could align well with your preferences.",SEQUENCE 02,Maher Zain,0,0,0,1,0,top1_generation_prompt_text_changed_only_precomputed_text_feature_unchanged
1463,reOgdkVqjsg,reOgdkVqjsg_sSInpse53Tk,vtf5Xfbn8Do_HH5ElSgJehQ,vtf5Xfbn8Do,0,11,cf_upbeat_electronic,top1_prompt_level_preference_counterfactual,original,top1_reference,"I prefer upbeat electronic background music with a bright mood, clear rhythm, energetic beats, and a modern dance or pop feeling.","That's a good choice, but I would like to incorporate more of Mike Montes' style into the music. I'm also interested in the alternative and indie rock genres.","In that case, I recommend 'Say It' by Maher Zain. It's a pop and rock track with indie and alternative influences. The song has a fast-paced rhythm and catchy melodies that could be a great fit for your video.","Allow me to recommend 'Sin Dudar' by Mike Montes. It's a track from his album 'El Regalo'. The song combines elements of rock, pop, indie, and alternative with a distinctive indie rock vibe. It was recorded in 2013, which may contain the specific elements you're looking for.","Allow me to recommend 'SEQUENCE 02' by Maher Zain. Although I don't have specific information about the album or artists, the track combines elements of country, rock, and pop. It features strong guitar and vocal elements, which could align well with your preferences.",SEQUENCE 02,Maher Zain,0,1,0,1,0,top1_generation_prompt_text_changed_only_precomputed_text_feature_unchanged
1463,reOgdkVqjsg,reOgdkVqjsg_sSInpse53Tk,vtf5Xfbn8Do_HH5ElSgJehQ,vtf5Xfbn8Do,0,11,cf_lyrical_piano,top1_prompt_level_preference_counterfactual,original,top1_reference,"I prefer lyrical piano background music with a slow tempo, soft acoustic texture, gentle melody, and a calm sentimental mood.","That's a good choice, but I would like to incorporate more of Mike Montes' style into the music. I'm also interested in the alternative and indie rock genres.","Allow me to recommend 'SEQUENCE 02' by Maher Zain. It's a track from his album 'The Journey Begins'. This song combines elements of pop, rock, and country with a touch of indie and alternative. It features a slow tempo, soft acoustic texture, and a gentle melody that creates a calm and sentimental mood.","Allow me to recommend 'Sin Dudar' by Mike Montes. It's a track from his album 'El Regalo'. The song combines elements of rock, pop, indie, and alternative with a distinctive indie rock vibe. It was recorded in 2013, which may contain the specific elements you're looking for.","Allow me to recommend 'SEQUENCE 02' by Maher Zain. Although I don't have specific information about the album or artists, the track combines elements of country, rock, and pop. It features strong guitar and vocal elements, which could align well with your preferences.",SEQUENCE 02,Maher Zain,1,1,1,0,0,top1_generation_prompt_text_changed_only_precomputed_text_feature_unchanged
1489,8Ej4PzaoqpU,8Ej4PzaoqpU_A84hNilKxFM,DOc8HbV8kQc_1awwMS1CJUM,DOc8HbV8kQc,0,13,original,top1_prompt_level_preference_counterfactual,original,top1_reference,"Sounds good, but I'm looking for something with a bit more of an ambient and dance vibe.","Sounds good, but I'm looking for something with a bit more of an ambient and dance vibe.","In that case, I would recommend 'Ballin' by J.R. featuring J.R. and J.R. This track has a strong ambient and dance vibe, perfect for creating a lively atmosphere in your video. It's a great choice to add energy and excitement to your visuals.","In that case, I would recommend 'True Story' by Young Legend featuring Kyle Bent. This track combines elements of Hip-Hop, electronic, R&B, ambient, and dance genres. Although it doesn't have a specific description, it has a high energy and fast-paced vibe that will work well for your video.","I apologize for the misunderstanding. Based on your preferences for experimental and indie genres, I recommend 'Coming To America' by Klark. It's an amazing freestyle track from the 'Klark University Mixtape'. The song combines hip-hop, electronic, and rock elements with an indie and experimental twist. It's a unique and captivating choice for your video.",Coming To America,Klark,0,0,0,1,0,top1_generation_prompt_text_changed_only_precomputed_text_feature_unchanged
1489,8Ej4PzaoqpU,8Ej4PzaoqpU_A84hNilKxFM,DOc8HbV8kQc_1awwMS1CJUM,DOc8HbV8kQc,0,13,cf_upbeat_electronic,top1_prompt_level_preference_counterfactual,original,top1_reference,"I prefer upbeat electronic background music with a bright mood, clear rhythm, energetic beats, and a modern dance or pop feeling.","Sounds good, but I'm looking for something with a bit more of an ambient and dance vibe.","For a track that matches your requirements, I recommend 'Coming To America' by Klark. This song is a perfect blend of Hip-Hop, electronic, dance, and pop genres. It has a fast tempo and a catchy beat that will surely get your audience moving. The track is part of the album 'Coming To America' by Klark.","In that case, I would recommend 'True Story' by Young Legend featuring Kyle Bent. This track combines elements of Hip-Hop, electronic, R&B, ambient, and dance genres. Although it doesn't have a specific description, it has a high energy and fast-paced vibe that will work well for your video.","I apologize for the misunderstanding. Based on your preferences for experimental and indie genres, I recommend 'Coming To America' by Klark. It's an amazing freestyle track from the 'Klark University Mixtape'. The song combines hip-hop, electronic, and rock elements with an indie and experimental twist. It's a unique and captivating choice for your video.",Coming To America,Klark,1,1,1,0,0,top1_generation_prompt_text_changed_only_precomputed_text_feature_unchanged
1489,8Ej4PzaoqpU,8Ej4PzaoqpU_A84hNilKxFM,DOc8HbV8kQc_1awwMS1CJUM,DOc8HbV8kQc,0,13,cf_lyrical_piano,top1_prompt_level_preference_counterfactual,original,top1_reference,"I prefer lyrical piano background music with a slow tempo, soft acoustic texture, gentle melody, and a calm sentimental mood.","Sounds good, but I'm looking for something with a bit more of an ambient and dance vibe.","Based on your preferences, I recommend 'Coming To America' by Klark. It's a hip-hop track with electronic and rock influences. The song has a slow tempo and features lyrical piano. It has a calm and sentimental mood, which aligns well with your requirements.","In that case, I would recommend 'True Story' by Young Legend featuring Kyle Bent. This track combines elements of Hip-Hop, electronic, R&B, ambient, and dance genres. Although it doesn't have a specific description, it has a high energy and fast-paced vibe that will work well for your video.","I apologize for the misunderstanding. Based on your preferences for experimental and indie genres, I recommend 'Coming To America' by Klark. It's an amazing freestyle track from the 'Klark University Mixtape'. The song combines hip-hop, electronic, and rock elements with an indie and experimental twist. It's a unique and captivating choice for your video.",Coming To America,Klark,1,1,1,0,0,top1_generation_prompt_text_changed_only_precomputed_text_feature_unchanged
1509,rVO2byp-tWg,rVO2byp-tWg_m0YLOxKlURQ,04Vmw8a2U28_O2ayBUoCCo0,04Vmw8a2U28,0,22,original,top1_prompt_level_preference_counterfactual,original,top1_reference,"Sounds good, but I'm looking for something with a more mainstream and contemporary sound, preferably with a female vocalist.","Sounds good, but I'm looking for something with a more mainstream and contemporary sound, preferably with a female vocalist.","In that case, I would recommend 'Happy' by Pharrell Williams. This track is a popular mainstream and contemporary song with a female vocalist. It has elements of pop, rock, indie, and alternative genres. It's a catchy and upbeat song that would be perfect for your video.","In that case, I recommend the song 'Carry You Home' by Zara Larsson. This track is a pop song with electronic and indie influences. It features Zara Larsson, a talented female vocalist known for her powerful performances. It has a modern and catchy sound that will fit well with your video.","In that case, I would recommend 'Just Give Me a Reason' by P!nk. This track has powerful female vocals and combines elements of pop, rock, and soul. It would be a perfect fit for your video. Enjoy!",Just Give Me a Reason,P,0,1,0,1,0,top1_generation_prompt_text_changed_only_precomputed_text_feature_unchanged
1509,rVO2byp-tWg,rVO2byp-tWg_m0YLOxKlURQ,04Vmw8a2U28_O2ayBUoCCo0,04Vmw8a2U28,0,22,cf_upbeat_electronic,top1_prompt_level_preference_counterfactual,original,top1_reference,"I prefer upbeat electronic background music with a bright mood, clear rhythm, energetic beats, and a modern dance or pop feeling.","Sounds good, but I'm looking for something with a more mainstream and contemporary sound, preferably with a female vocalist.","In that case, I would recommend 'Just Give Me a Reason' by P!nk. This track has a pop and rock sound with female vocals. It has a catchy melody and a danceable rhythm that will add energy to your video.","In that case, I recommend the song 'Carry You Home' by Zara Larsson. This track is a pop song with electronic and indie influences. It features Zara Larsson, a talented female vocalist known for her powerful performances. It has a modern and catchy sound that will fit well with your video.","In that case, I would recommend 'Just Give Me a Reason' by P!nk. This track has powerful female vocals and combines elements of pop, rock, and soul. It would be a perfect fit for your video. Enjoy!",Just Give Me a Reason,P,1,1,1,0,0,top1_generation_prompt_text_changed_only_precomputed_text_feature_unchanged
1509,rVO2byp-tWg,rVO2byp-tWg_m0YLOxKlURQ,04Vmw8a2U28_O2ayBUoCCo0,04Vmw8a2U28,0,22,cf_lyrical_piano,top1_prompt_level_preference_counterfactual,original,top1_reference,"I prefer lyrical piano background music with a slow tempo, soft acoustic texture, gentle melody, and a calm sentimental mood.","Sounds good, but I'm looking for something with a more mainstream and contemporary sound, preferably with a female vocalist.","In that case, I would recommend 'Just Give Me a Reason' by P!nk. This track has a lyrical piano background and a slow tempo, which creates a soothing and sentimental atmosphere. The vocals are performed by P!nk, adding a touch of emotion to the music. It's a perfect choice for your video.","In that case, I recommend the song 'Carry You Home' by Zara Larsson. This track is a pop song with electronic and indie influences. It features Zara Larsson, a talented female vocalist known for her powerful performances. It has a modern and catchy sound that will fit well with your video.","In that case, I would recommend 'Just Give Me a Reason' by P!nk. This track has powerful female vocals and combines elements of pop, rock, and soul. It would be a perfect fit for your video. Enjoy!",Just Give Me a Reason,P,1,1,1,0,0,top1_generation_prompt_text_changed_only_precomputed_text_feature_unchanged
1528,lXhW9YQhkEU,lXhW9YQhkEU_tGlKac8RVS4,3C7tLeDIZBU_-PoSD8i-5uo,3C7tLeDIZBU,0,3,original,top1_prompt_level_preference_counterfactual,original,top1_reference,"That sounds great, but I'd like to include some electronic and 80s influences as well. Do you have any recommendations?","That sounds great, but I'd like to include some electronic and 80s influences as well. Do you have any recommendations?","80s Influences Allow me to recommend 'Who's That Chick? (Radio Edit)' by David Guetta featuring Rihanna. It's a track from the album 'Who's That Chick?'. This song combines elements of electronic, rock, and 80s pop, which could be a fitting choice for your video. It has a fast-paced techno sound and features female vocals.","Certainly! How about 'Morning Sun' by Strange Talk? It's an electronic track with rock, dance, and pop elements. The song also has an 80s vibe, which could complement your video nicely.","Allow me to recommend 'Who's That Chick?' by David Guetta featuring Rihanna. It's an extended track from the album 'Who's That Chick?'. The song combines elements of electronic, rock, and jazz with blues influences. It has female vocals, which aligns well with the energetic vibe you're looking for.",Who's That Chick?,David Guetta featuring Rihanna,1,1,1,0,0,top1_generation_prompt_text_changed_only_precomputed_text_feature_unchanged
1528,lXhW9YQhkEU,lXhW9YQhkEU_tGlKac8RVS4,3C7tLeDIZBU_-PoSD8i-5uo,3C7tLeDIZBU,0,3,cf_upbeat_electronic,top1_prompt_level_preference_counterfactual,original,top1_reference,"I prefer upbeat electronic background music with a bright mood, clear rhythm, energetic beats, and a modern dance or pop feeling.","That sounds great, but I'd like to include some electronic and 80s influences as well. Do you have any recommendations?","In that case, I recommend 'Who's That Chick?' by David Guetta featuring Rihanna. This track is a perfect fit for your video as it combines electronic, dance, and pop elements with a fast-paced rhythm. It has a bright and energetic vibe that will enhance the overall mood of your video.","Certainly! How about 'Morning Sun' by Strange Talk? It's an electronic track with rock, dance, and pop elements. The song also has an 80s vibe, which could complement your video nicely.","Allow me to recommend 'Who's That Chick?' by David Guetta featuring Rihanna. It's an extended track from the album 'Who's That Chick?'. The song combines elements of electronic, rock, and jazz with blues influences. It has female vocals, which aligns well with the energetic vibe you're looking for.",Who's That Chick?,David Guetta featuring Rihanna,1,1,1,0,0,top1_generation_prompt_text_changed_only_precomputed_text_feature_unchanged
1528,lXhW9YQhkEU,lXhW9YQhkEU_tGlKac8RVS4,3C7tLeDIZBU_-PoSD8i-5uo,3C7tLeDIZBU,0,3,cf_lyrical_piano,top1_prompt_level_preference_counterfactual,original,top1_reference,"I prefer lyrical piano background music with a slow tempo, soft acoustic texture, gentle melody, and a calm sentimental mood.","That sounds great, but I'd like to include some electronic and 80s influences as well. Do you have any recommendations?","In that case, I recommend the track 'Who's That Chick?' by David Guetta featuring Rihanna. It's a pop and electronic song with a slow tempo, soft acoustic texture, and a gentle melody. The lyrics are by Rihanna and the music is by David Guetta. It has a calm and sentimental mood that could be a perfect fit for your video.","Certainly! How about 'Morning Sun' by Strange Talk? It's an electronic track with rock, dance, and pop elements. The song also has an 80s vibe, which could complement your video nicely.","Allow me to recommend 'Who's That Chick?' by David Guetta featuring Rihanna. It's an extended track from the album 'Who's That Chick?'. The song combines elements of electronic, rock, and jazz with blues influences. It has female vocals, which aligns well with the energetic vibe you're looking for.",Who's That Chick?,David Guetta featuring Rihanna,1,1,1,0,0,top1_generation_prompt_text_changed_only_precomputed_text_feature_unchanged
1566,CXKRC8Bfy0M,CXKRC8Bfy0M_KJvt2xsg34s,CXKRC8Bfy0M_KJvt2xsg34s,CXKRC8Bfy0M,1,1,original,top1_prompt_level_preference_counterfactual,original,top1_reference,"That sounds great, but I would like to incorporate a bit more of the dance and pop elements from Mutya Buena's music. I'm also interested in female vocalists and electronic beats.","That sounds great, but I would like to incorporate a bit more of the dance and pop elements from Mutya Buena's music. I'm also interested in female vocalists and electronic beats.",Allow me to recommend 'Fallin' by Mutya Buena ft; 2 Unlimited. It's a dance-pop track with electronic beats and female vocals. The song was released in 2006 and has a catchy and energetic vibe that could be a fitting choice for your video.,"Allow me to recommend 'Fallin' by Mutya Buena ft. Agent X & Ultra. It's a dance-pop track with electronic and house influences. The song features female vocalists and was released in 2009. It could be a fitting choice for your AMV video, combining the energetic and fast-paced elements with electronic beats and catchy vocals.","Allow me to recommend 'Fallin' by Mutya Buena ft. Agent X & Ultra. It's a dance-pop track with electronic and house influences. The song features female vocalists and was released in 2009. It could be a fitting choice for your AMV video, combining the energetic and fast-paced elements with electronic beats and catchy vocals.",Fallin,Mutya Buena ft,1,1,1,0,0,top1_generation_prompt_text_changed_only_precomputed_text_feature_unchanged
1566,CXKRC8Bfy0M,CXKRC8Bfy0M_KJvt2xsg34s,CXKRC8Bfy0M_KJvt2xsg34s,CXKRC8Bfy0M,1,1,cf_upbeat_electronic,top1_prompt_level_preference_counterfactual,original,top1_reference,"I prefer upbeat electronic background music with a bright mood, clear rhythm, energetic beats, and a modern dance or pop feeling.","That sounds great, but I would like to incorporate a bit more of the dance and pop elements from Mutya Buena's music. I'm also interested in female vocalists and electronic beats.","In that case, I recommend 'Fallin' by Mutya Buena ft; 2 Unlimited. It's a dance-pop track with electronic and house influences. The song has a fast tempo and a catchy beat that will add energy to your video. It was released in 2006, which aligns with the modern dance and pop feel you're looking for.","Allow me to recommend 'Fallin' by Mutya Buena ft. Agent X & Ultra. It's a dance-pop track with electronic and house influences. The song features female vocalists and was released in 2009. It could be a fitting choice for your AMV video, combining the energetic and fast-paced elements with electronic beats and catchy vocals.","Allow me to recommend 'Fallin' by Mutya Buena ft. Agent X & Ultra. It's a dance-pop track with electronic and house influences. The song features female vocalists and was released in 2009. It could be a fitting choice for your AMV video, combining the energetic and fast-paced elements with electronic beats and catchy vocals.",Fallin,Mutya Buena ft,1,1,1,0,0,top1_generation_prompt_text_changed_only_precomputed_text_feature_unchanged
1566,CXKRC8Bfy0M,CXKRC8Bfy0M_KJvt2xsg34s,CXKRC8Bfy0M_KJvt2xsg34s,CXKRC8Bfy0M,1,1,cf_lyrical_piano,top1_prompt_level_preference_counterfactual,original,top1_reference,"I prefer lyrical piano background music with a slow tempo, soft acoustic texture, gentle melody, and a calm sentimental mood.","That sounds great, but I would like to incorporate a bit more of the dance and pop elements from Mutya Buena's music. I'm also interested in female vocalists and electronic beats.","Based on your preferences, I recommend the track 'Fallin' by Mutya Buena ft; 2. It's a pop and dance song with electronic and R&B influences. The lyrics are by Mutya Buena and the music is composed by Mutya Buena and 2. The song has a slow tempo and features lyrical piano, which aligns well with your requirements.","Allow me to recommend 'Fallin' by Mutya Buena ft. Agent X & Ultra. It's a dance-pop track with electronic and house influences. The song features female vocalists and was released in 2009. It could be a fitting choice for your AMV video, combining the energetic and fast-paced elements with electronic beats and catchy vocals.","Allow me to recommend 'Fallin' by Mutya Buena ft. Agent X & Ultra. It's a dance-pop track with electronic and house influences. The song features female vocalists and was released in 2009. It could be a fitting choice for your AMV video, combining the energetic and fast-paced elements with electronic beats and catchy vocals.",Fallin,Mutya Buena ft,1,1,1,0,0,top1_generation_prompt_text_changed_only_precomputed_text_feature_unchanged
1586,ssc67bXV6lU,ssc67bXV6lU_TxqJOm0601k,MCAC_K5WCrg_ANYiuQgLoJY,MCAC_K5WCrg,0,4,original,top1_prompt_level_preference_counterfactual,original,top1_reference,"That sounds great, but I want to incorporate a bit more of Outkast's style, especially their funk and soul elements. I'm also interested in techno beats and electronic sounds.","That sounds great, but I want to incorporate a bit more of Outkast's style, especially their funk and soul elements. I'm also interested in techno beats and electronic sounds.","Allow me to recommend 'So Fresh, So Clean' by Outkast. It's a track from their album 'So Fresh, So Clean'. It combines elements of hip-hop, funk, and soul with techno beats and electronic sounds. It was released in 1992, which may contain the specific elements you want.","Allow me to recommend 'Southernplayalisticadillacmuzik'. It's a track by Outkast from their album 'Southernplayalisticadillacmuzik'. It combines elements of Hip-Hop, funk, and soul with techno beats and electronic sounds. It's a great choice to incorporate Outkast's distinctive style into your video.","Allow me to recommend 'Pourquoi tu fais du rap' by Darklight and KronikGz. It's a track with hip-hop, electronic, jazz, rock, and funk elements. The beat and production were done by Soké, and the music video was directed by Prolifik Filmz. It was released in 2014.",Pourquoi tu fais du rap,Darklight and KronikGz,0,0,0,1,0,top1_generation_prompt_text_changed_only_precomputed_text_feature_unchanged
1586,ssc67bXV6lU,ssc67bXV6lU_TxqJOm0601k,MCAC_K5WCrg_ANYiuQgLoJY,MCAC_K5WCrg,0,4,cf_upbeat_electronic,top1_prompt_level_preference_counterfactual,original,top1_reference,"I prefer upbeat electronic background music with a bright mood, clear rhythm, energetic beats, and a modern dance or pop feeling.","That sounds great, but I want to incorporate a bit more of Outkast's style, especially their funk and soul elements. I'm also interested in techno beats and electronic sounds.","Allow me to recommend 'Pourquoi tu fais du rap' by Darklight and KronikGz. It's a track from their album 'Pourquoi tu fais du rap'. It combines elements of hip-hop, electronic, and dance with a pop and rock influence. The song has a fast-paced techno sound and a catchy beat that could be a fitting choice for your video.","Allow me to recommend 'Southernplayalisticadillacmuzik'. It's a track by Outkast from their album 'Southernplayalisticadillacmuzik'. It combines elements of Hip-Hop, funk, and soul with techno beats and electronic sounds. It's a great choice to incorporate Outkast's distinctive style into your video.","Allow me to recommend 'Pourquoi tu fais du rap' by Darklight and KronikGz. It's a track with hip-hop, electronic, jazz, rock, and funk elements. The beat and production were done by Soké, and the music video was directed by Prolifik Filmz. It was released in 2014.",Pourquoi tu fais du rap,Darklight and KronikGz,1,1,1,0,0,top1_generation_prompt_text_changed_only_precomputed_text_feature_unchanged
1586,ssc67bXV6lU,ssc67bXV6lU_TxqJOm0601k,MCAC_K5WCrg_ANYiuQgLoJY,MCAC_K5WCrg,0,4,cf_lyrical_piano,top1_prompt_level_preference_counterfactual,original,top1_reference,"I prefer lyrical piano background music with a slow tempo, soft acoustic texture, gentle melody, and a calm sentimental mood.","That sounds great, but I want to incorporate a bit more of Outkast's style, especially their funk and soul elements. I'm also interested in techno beats and electronic sounds.","Allow me to recommend 'Pourquoi tu fais du rap' by Darklight and KronikGz. It's a track from their album 'Pourquoi tu fais du rap'. It combines elements of hip-hop, electronic, and rock with a slow tempo and a piano-driven sound. The song has a lyrical and emotional vibe that could be a fitting choice for your video.","Allow me to recommend 'Southernplayalisticadillacmuzik'. It's a track by Outkast from their album 'Southernplayalisticadillacmuzik'. It combines elements of Hip-Hop, funk, and soul with techno beats and electronic sounds. It's a great choice to incorporate Outkast's distinctive style into your video.","Allow me to recommend 'Pourquoi tu fais du rap' by Darklight and KronikGz. It's a track with hip-hop, electronic, jazz, rock, and funk elements. The beat and production were done by Soké, and the music video was directed by Prolifik Filmz. It was released in 2014.",Pourquoi tu fais du rap,Darklight and KronikGz,1,1,1,0,0,top1_generation_prompt_text_changed_only_precomputed_text_feature_unchanged
1596,TIQC76MfPHQ,TIQC76MfPHQ_lzjELi7VPx0,jk6o2JBck3E_lu4R8ufjGZ0,jk6o2JBck3E,0,2,original,top1_prompt_level_preference_counterfactual,original,top1_reference,"That sounds good, but I would like the music to have a strong female vocal and a more mainstream pop feel. Can you recommend something that fits those criteria?","That sounds good, but I would like the music to have a strong female vocal and a more mainstream pop feel. Can you recommend something that fits those criteria?",Allow me to recommend 'Blah Blah Blah' by Ke$ha. It's a pop and dance track with electronic and rock influences. The song features Ke$ha's distinctive female vocals and has a catchy and upbeat sound. It aligns well with the mainstream pop feel you're looking for.,"I suggest you consider the song '3' by Britney Spears. Although I don't have any specific information about this track, based on Britney Spears' discography, it's likely to have the pop and dance vibe you're looking for, with strong female vocals. It's a popular song, released in the past, so it may have the mainstream pop feel you desire.","Certainly! How about 'Blah Blah Blah' by Ke$ha? It's an electronic pop track with techno influences. The song features fast-paced beats and catchy female vocals, which can add an energetic and upbeat vibe to your video. It's a popular song that could resonate well with your audience.",Blah Blah Blah,Ke$ha,1,1,1,0,0,top1_generation_prompt_text_changed_only_precomputed_text_feature_unchanged
1596,TIQC76MfPHQ,TIQC76MfPHQ_lzjELi7VPx0,jk6o2JBck3E_lu4R8ufjGZ0,jk6o2JBck3E,0,2,cf_upbeat_electronic,top1_prompt_level_preference_counterfactual,original,top1_reference,"I prefer upbeat electronic background music with a bright mood, clear rhythm, energetic beats, and a modern dance or pop feeling.","That sounds good, but I would like the music to have a strong female vocal and a more mainstream pop feel. Can you recommend something that fits those criteria?","In that case, I recommend 'Blah Blah Blah' by Ke$ha. It's a track from her album 'Blah Blah Blah'. This song combines elements of pop, dance, and electronic music with a fast-paced techno beat. It has a bright and energetic vibe that could be a great fit for your video.","I suggest you consider the song '3' by Britney Spears. Although I don't have any specific information about this track, based on Britney Spears' discography, it's likely to have the pop and dance vibe you're looking for, with strong female vocals. It's a popular song, released in the past, so it may have the mainstream pop feel you desire.","Certainly! How about 'Blah Blah Blah' by Ke$ha? It's an electronic pop track with techno influences. The song features fast-paced beats and catchy female vocals, which can add an energetic and upbeat vibe to your video. It's a popular song that could resonate well with your audience.",Blah Blah Blah,Ke$ha,1,1,1,0,0,top1_generation_prompt_text_changed_only_precomputed_text_feature_unchanged
1596,TIQC76MfPHQ,TIQC76MfPHQ_lzjELi7VPx0,jk6o2JBck3E_lu4R8ufjGZ0,jk6o2JBck3E,0,2,cf_lyrical_piano,top1_prompt_level_preference_counterfactual,original,top1_reference,"I prefer lyrical piano background music with a slow tempo, soft acoustic texture, gentle melody, and a calm sentimental mood.","That sounds good, but I would like the music to have a strong female vocal and a more mainstream pop feel. Can you recommend something that fits those criteria?","In that case, I recommend 'Blah Blah Blah' by Ke$ha. It's a pop and dance track with electronic and rock influences. The song features lyrical piano and has a slow tempo, soft acoustic texture, gentle melody, and a calm sentimental mood. It's a perfect choice for your video.","I suggest you consider the song '3' by Britney Spears. Although I don't have any specific information about this track, based on Britney Spears' discography, it's likely to have the pop and dance vibe you're looking for, with strong female vocals. It's a popular song, released in the past, so it may have the mainstream pop feel you desire.","Certainly! How about 'Blah Blah Blah' by Ke$ha? It's an electronic pop track with techno influences. The song features fast-paced beats and catchy female vocals, which can add an energetic and upbeat vibe to your video. It's a popular song that could resonate well with your audience.",Blah Blah Blah,Ke$ha,1,1,1,0,0,top1_generation_prompt_text_changed_only_precomputed_text_feature_unchanged
1601,8_VrafS-ldU,8_VrafS-ldU_gze0sjhxZ7Q,HV5jcK9zRbc_VJ9v2E5jrgA,HV5jcK9zRbc,0,4,original,top1_prompt_level_preference_counterfactual,original,top1_reference,"That sounds great, but I also want to incorporate some electronic and dance elements into the music. Can you recommend something that fits this description?","That sounds great, but I also want to incorporate some electronic and dance elements into the music. Can you recommend something that fits this description?","Allow me to recommend 'Lazy Body' by PsychoFreud feat; 24K. It's a track from their album 'Lazy Body'. It combines elements of electronic, dance, and pop with a hip-hop influence. The song has a fast-paced techno beat and catchy vocals that could be a fitting choice for your video.","Sure! How about 'Le temps d4une danse' by Lasconi featuring Mamarie? It's a track from their album 'Realize' and has electronic, pop, Hip-Hop, and dance influences. It also features indie elements. This song could add the electronic and dance vibe you're looking for in your video.","Allow me to recommend 'Lazy Body' by PsychoFreud feat. Ras Demo & Echo Minott. It's a track produced by PsychoFreud in 2013. It combines elements of hip-hop, electronic, and dance with a pop and rock influence. It has fast-paced electronic beats and an energetic vibe that could be a fitting choice for your video.",Lazy Body,PsychoFreud feat,1,1,1,0,0,top1_generation_prompt_text_changed_only_precomputed_text_feature_unchanged
1601,8_VrafS-ldU,8_VrafS-ldU_gze0sjhxZ7Q,HV5jcK9zRbc_VJ9v2E5jrgA,HV5jcK9zRbc,0,4,cf_upbeat_electronic,top1_prompt_level_preference_counterfactual,original,top1_reference,"I prefer upbeat electronic background music with a bright mood, clear rhythm, energetic beats, and a modern dance or pop feeling.","That sounds great, but I also want to incorporate some electronic and dance elements into the music. Can you recommend something that fits this description?","In that case, I recommend 'Lazy Body' by PsychoFreud feat; 24K. This track is a perfect fit for your requirements. It falls under the genres of Hip-Hop, electronic, dance, pop, and indie. It has a fast-paced beat and a catchy rhythm that will add energy to your video.","Sure! How about 'Le temps d4une danse' by Lasconi featuring Mamarie? It's a track from their album 'Realize' and has electronic, pop, Hip-Hop, and dance influences. It also features indie elements. This song could add the electronic and dance vibe you're looking for in your video.","Allow me to recommend 'Lazy Body' by PsychoFreud feat. Ras Demo & Echo Minott. It's a track produced by PsychoFreud in 2013. It combines elements of hip-hop, electronic, and dance with a pop and rock influence. It has fast-paced electronic beats and an energetic vibe that could be a fitting choice for your video.",Lazy Body,PsychoFreud feat,1,1,1,0,0,top1_generation_prompt_text_changed_only_precomputed_text_feature_unchanged
1601,8_VrafS-ldU,8_VrafS-ldU_gze0sjhxZ7Q,HV5jcK9zRbc_VJ9v2E5jrgA,HV5jcK9zRbc,0,4,cf_lyrical_piano,top1_prompt_level_preference_counterfactual,original,top1_reference,"I prefer lyrical piano background music with a slow tempo, soft acoustic texture, gentle melody, and a calm sentimental mood.","That sounds great, but I also want to incorporate some electronic and dance elements into the music. Can you recommend something that fits this description?","In that case, I would recommend 'Lazy Body' by PsychoFreud feat; 24hrs. This track combines elements of Hip-Hop, electronic, pop, dance, and rock. It has a slow tempo and features lyrical piano, creating a relaxing and soothing atmosphere.","Sure! How about 'Le temps d4une danse' by Lasconi featuring Mamarie? It's a track from their album 'Realize' and has electronic, pop, Hip-Hop, and dance influences. It also features indie elements. This song could add the electronic and dance vibe you're looking for in your video.","Allow me to recommend 'Lazy Body' by PsychoFreud feat. Ras Demo & Echo Minott. It's a track produced by PsychoFreud in 2013. It combines elements of hip-hop, electronic, and dance with a pop and rock influence. It has fast-paced electronic beats and an energetic vibe that could be a fitting choice for your video.",Lazy Body,PsychoFreud feat,1,1,1,0,0,top1_generation_prompt_text_changed_only_precomputed_text_feature_unchanged
1603,l3IbMrnSJtM,l3IbMrnSJtM_1JLiGvkrL0s,Fjdk5d0rHlo_cQidl_TkvsA,Fjdk5d0rHlo,0,3,original,top1_prompt_level_preference_counterfactual,original,top1_reference,"That sounds great, I like the indie and rock genres in your music recommendation. But I would like to incorporate a bit more of a female vocalist and pop influence in the music as well.","That sounds great, I like the indie and rock genres in your music recommendation. But I would like to incorporate a bit more of a female vocalist and pop influence in the music as well.","Allow me to recommend 'Write It on My Arm' by Jayna Sweet. It's a pop track with female vocals. Although I don't have much information about the album or the artist, the song itself falls under the genres of pop, rock, indie, and alternative. It has a catchy and upbeat sound that could be a fitting choice for your video.","Allow me to recommend the track '太陽と月' by Shoko Furukawa & Albert Takagi. It's an original song that features vocals by Shoko Furukawa and Albert Takagi. The track falls under the genres of indie, rock, and pop, and it showcases the unique vocal style of a female vocalist. The song has a melodic sound with a mix of guitar and piano, which adds a pop element to the music. It's a fitting choice for your video, as it incorporates the elements of female vocals, pop, and indie rock that you're looking for.","I understand. In that case, I recommend 'Write It on My Arm' by Jayna Sweet. It's a track from her album 'First Love'. The song combines elements of indie, rock, and alternative with Jayna Sweet's distinctive female vocal style. It's a perfect choice to incorporate her style into your video while still maintaining the energetic and electronic sound from 'KISS'.",Write It on My Arm,Jayna Sweet,1,1,1,0,0,top1_generation_prompt_text_changed_only_precomputed_text_feature_unchanged
1603,l3IbMrnSJtM,l3IbMrnSJtM_1JLiGvkrL0s,Fjdk5d0rHlo_cQidl_TkvsA,Fjdk5d0rHlo,0,3,cf_upbeat_electronic,top1_prompt_level_preference_counterfactual,original,top1_reference,"I prefer upbeat electronic background music with a bright mood, clear rhythm, energetic beats, and a modern dance or pop feeling.","That sounds great, I like the indie and rock genres in your music recommendation. But I would like to incorporate a bit more of a female vocalist and pop influence in the music as well.","In that case, I recommend 'Write It on My Arm' by Jayna Sweet. It's a pop and rock track with indie and alternative influences. The song has a fast tempo and features female vocals, which aligns well with the upbeat and energetic vibe you're looking for.","Allow me to recommend the track '太陽と月' by Shoko Furukawa & Albert Takagi. It's an original song that features vocals by Shoko Furukawa and Albert Takagi. The track falls under the genres of indie, rock, and pop, and it showcases the unique vocal style of a female vocalist. The song has a melodic sound with a mix of guitar and piano, which adds a pop element to the music. It's a fitting choice for your video, as it incorporates the elements of female vocals, pop, and indie rock that you're looking for.","I understand. In that case, I recommend 'Write It on My Arm' by Jayna Sweet. It's a track from her album 'First Love'. The song combines elements of indie, rock, and alternative with Jayna Sweet's distinctive female vocal style. It's a perfect choice to incorporate her style into your video while still maintaining the energetic and electronic sound from 'KISS'.",Write It on My Arm,Jayna Sweet,1,1,1,0,0,top1_generation_prompt_text_changed_only_precomputed_text_feature_unchanged
1603,l3IbMrnSJtM,l3IbMrnSJtM_1JLiGvkrL0s,Fjdk5d0rHlo_cQidl_TkvsA,Fjdk5d0rHlo,0,3,cf_lyrical_piano,top1_prompt_level_preference_counterfactual,original,top1_reference,"I prefer lyrical piano background music with a slow tempo, soft acoustic texture, gentle melody, and a calm sentimental mood.","That sounds great, I like the indie and rock genres in your music recommendation. But I would like to incorporate a bit more of a female vocalist and pop influence in the music as well.","In that case, I recommend 'Write It on My Arm' by Jayna Sweet. This track is a beautiful blend of pop, rock, indie, and alternative genres. It features lyrical piano and a slow tempo, creating a soothing and sentimental atmosphere. The song is perfect for capturing the essence of your wedding video.","Allow me to recommend the track '太陽と月' by Shoko Furukawa & Albert Takagi. It's an original song that features vocals by Shoko Furukawa and Albert Takagi. The track falls under the genres of indie, rock, and pop, and it showcases the unique vocal style of a female vocalist. The song has a melodic sound with a mix of guitar and piano, which adds a pop element to the music. It's a fitting choice for your video, as it incorporates the elements of female vocals, pop, and indie rock that you're looking for.","I understand. In that case, I recommend 'Write It on My Arm' by Jayna Sweet. It's a track from her album 'First Love'. The song combines elements of indie, rock, and alternative with Jayna Sweet's distinctive female vocal style. It's a perfect choice to incorporate her style into your video while still maintaining the energetic and electronic sound from 'KISS'.",Write It on My Arm,Jayna Sweet,1,1,1,0,0,top1_generation_prompt_text_changed_only_precomputed_text_feature_unchanged
1615,M7GS21LLo3o,M7GS21LLo3o_znyeIK_Zsz0,M7GS21LLo3o_znyeIK_Zsz0,M7GS21LLo3o,1,1,original,top1_prompt_level_preference_counterfactual,original,top1_reference,"That sounds good, but I would like to incorporate a bit more of a diverse style in the music. I'm interested in pop, rock, and folk genres, with female vocals.","That sounds good, but I would like to incorporate a bit more of a diverse style in the music. I'm interested in pop, rock, and folk genres, with female vocals.","Allow me to recommend 'Solo Tu' by Lizzy. It's a pop track with elements of rock, folk, and indie. The song features female vocals and was released in 2012. It could be a fitting choice for your video, combining the diverse styles you're looking for.","Allow me to recommend 'nataly (a' figlia mia)'. It's a track with female vocals that falls under the pop, rock, and folk genres. While I don't have much information about the specific artist or album, the song was written by the artist and arranged by maestro p.migliaccio.","Allow me to recommend 'nataly (a' figlia mia)'. It's a track with female vocals that falls under the pop, rock, and folk genres. While I don't have much information about the specific artist or album, the song was written by the artist and arranged by maestro p.migliaccio.",,,,,,0,0,top1_generation_prompt_text_changed_only_precomputed_text_feature_unchanged
1615,M7GS21LLo3o,M7GS21LLo3o_znyeIK_Zsz0,M7GS21LLo3o_znyeIK_Zsz0,M7GS21LLo3o,1,1,cf_upbeat_electronic,top1_prompt_level_preference_counterfactual,original,top1_reference,"I prefer upbeat electronic background music with a bright mood, clear rhythm, energetic beats, and a modern dance or pop feeling.","That sounds good, but I would like to incorporate a bit more of a diverse style in the music. I'm interested in pop, rock, and folk genres, with female vocals.","In that case, I recommend the track 'Solo Tu' by Lidia. It's a pop and rock song with female vocals. The song has a bright and energetic sound that could be a great fit for your video.","Allow me to recommend 'nataly (a' figlia mia)'. It's a track with female vocals that falls under the pop, rock, and folk genres. While I don't have much information about the specific artist or album, the song was written by the artist and arranged by maestro p.migliaccio.","Allow me to recommend 'nataly (a' figlia mia)'. It's a track with female vocals that falls under the pop, rock, and folk genres. While I don't have much information about the specific artist or album, the song was written by the artist and arranged by maestro p.migliaccio.",,,,,,0,0,top1_generation_prompt_text_changed_only_precomputed_text_feature_unchanged
1615,M7GS21LLo3o,M7GS21LLo3o_znyeIK_Zsz0,M7GS21LLo3o_znyeIK_Zsz0,M7GS21LLo3o,1,1,cf_lyrical_piano,top1_prompt_level_preference_counterfactual,original,top1_reference,"I prefer lyrical piano background music with a slow tempo, soft acoustic texture, gentle melody, and a calm sentimental mood.","That sounds good, but I would like to incorporate a bit more of a diverse style in the music. I'm interested in pop, rock, and folk genres, with female vocals.","Allow me to recommend 'Sin Ti' by Mariela. It's a track from her album 'Sin Ti'. The song combines elements of pop, folk, and rock with a slow tempo and acoustic sound. It has a lyrical piano and guitar-driven melody that can create a sentimental and emotional atmosphere for your video.","Allow me to recommend 'nataly (a' figlia mia)'. It's a track with female vocals that falls under the pop, rock, and folk genres. While I don't have much information about the specific artist or album, the song was written by the artist and arranged by maestro p.migliaccio.","Allow me to recommend 'nataly (a' figlia mia)'. It's a track with female vocals that falls under the pop, rock, and folk genres. While I don't have much information about the specific artist or album, the song was written by the artist and arranged by maestro p.migliaccio.",,,,,,0,0,top1_generation_prompt_text_changed_only_precomputed_text_feature_unchanged
1630,qwVb5h89xbc,qwVb5h89xbc_s-TyeDOkibY,8QzA3iufSI8_jRa2Mnsb4WI,8QzA3iufSI8,0,7,original,top1_prompt_level_preference_counterfactual,original,top1_reference,"That sounds great, but I would like to incorporate a bit more of Suming's folk and oldies style into the music. Can you suggest something that combines rock with folk and oldies elements?","That sounds great, but I would like to incorporate a bit more of Suming's folk and oldies style into the music. Can you suggest something that combines rock with folk and oldies elements?","Allow me to recommend '忘了你' by 揚哲. It's a track from his album '忘了你'. This song combines elements of rock, pop, and folk with an oldies vibe. It features Suming's distinctive vocals and guitar, which can add a unique touch to your video.","Allow me to recommend '我們的約定' by Suming. It's a folk-infused rock track that captures Suming's unique style. Although there is no specific album or artist information available, this track showcases Suming's folk, oldies, and country influences. It could be a fitting choice to incorporate into your video.","Allow me to recommend '可憐的多情人' by 揚哲. It's a track with rock, pop, country, indie, and folk elements. The song features 揚哲's distinctive style and could be a fitting choice for your video. Unfortunately, I don't have any further information about the track as no description is available.",可憐的多情人,揚哲,0,1,0,1,0,top1_generation_prompt_text_changed_only_precomputed_text_feature_unchanged
1630,qwVb5h89xbc,qwVb5h89xbc_s-TyeDOkibY,8QzA3iufSI8_jRa2Mnsb4WI,8QzA3iufSI8,0,7,cf_upbeat_electronic,top1_prompt_level_preference_counterfactual,original,top1_reference,"I prefer upbeat electronic background music with a bright mood, clear rhythm, energetic beats, and a modern dance or pop feeling.","That sounds great, but I would like to incorporate a bit more of Suming's folk and oldies style into the music. Can you suggest something that combines rock with folk and oldies elements?","� Allow me to recommend '快樂的季節' by 揚哲. It's a track from his album '快樂的季節'. This song combines elements of pop, rock, and country with a touch of indie and folk. It has a guitar-driven sound and features male vocals. It was released in 2013 and may contain the specific elements you're looking for.","Allow me to recommend '我們的約定' by Suming. It's a folk-infused rock track that captures Suming's unique style. Although there is no specific album or artist information available, this track showcases Suming's folk, oldies, and country influences. It could be a fitting choice to incorporate into your video.","Allow me to recommend '可憐的多情人' by 揚哲. It's a track with rock, pop, country, indie, and folk elements. The song features 揚哲's distinctive style and could be a fitting choice for your video. Unfortunately, I don't have any further information about the track as no description is available.",可憐的多情人,揚哲,0,1,0,1,0,top1_generation_prompt_text_changed_only_precomputed_text_feature_unchanged
1630,qwVb5h89xbc,qwVb5h89xbc_s-TyeDOkibY,8QzA3iufSI8_jRa2Mnsb4WI,8QzA3iufSI8,0,7,cf_lyrical_piano,top1_prompt_level_preference_counterfactual,original,top1_reference,"I prefer lyrical piano background music with a slow tempo, soft acoustic texture, gentle melody, and a calm sentimental mood.","That sounds great, but I would like to incorporate a bit more of Suming's folk and oldies style into the music. Can you suggest something that combines rock with folk and oldies elements?","Allow me to recommend '多情人' by 揚哲. It's a lyrical piano track with a slow tempo, soft acoustic texture, and a gentle melody. The song has a sentimental mood that could be a fitting choice for your video.","Allow me to recommend '我們的約定' by Suming. It's a folk-infused rock track that captures Suming's unique style. Although there is no specific album or artist information available, this track showcases Suming's folk, oldies, and country influences. It could be a fitting choice to incorporate into your video.","Allow me to recommend '可憐的多情人' by 揚哲. It's a track with rock, pop, country, indie, and folk elements. The song features 揚哲's distinctive style and could be a fitting choice for your video. Unfortunately, I don't have any further information about the track as no description is available.",可憐的多情人,揚哲,0,1,0,1,0,top1_generation_prompt_text_changed_only_precomputed_text_feature_unchanged
1669,cWVri5XGGA8,cWVri5XGGA8_tuP5rCmHIaA,E8Drlvs80aw_U-0330SCx9g,E8Drlvs80aw,0,4,original,top1_prompt_level_preference_counterfactual,original,top1_reference,That sounds great! I like the electronic and fast elements in your recommendation. But I also want to include some R&B and indie influences in the music. Can you suggest something that fits those criteria?,That sounds great! I like the electronic and fast elements in your recommendation. But I also want to include some R&B and indie influences in the music. Can you suggest something that fits those criteria?,"Allow me to recommend 'WAR' by J. It's a track from his album 'WAR'. It combines elements of hip-hop, electronic, R&B, and indie with a fast-paced beat. The song was released in 2012 and has a unique sound that could be a fitting choice for your video.","I suggest you consider 'She Got It' by Tonic Alize featuring Hardblock. It's a track from their album 'Paper 2012'. This song combines elements of hip-hop, electronic, R&B, and pop with indie influences. It has a synth-driven sound and features male vocals.","Let me recommend 'WAR' by J. Ivy ft. Blitz the Ambassador. While there isn't much information available about the track, J. Ivy is known for his experimental and indie approach to hip-hop and electronic music. This track could provide the desired blend of experimental and indie elements along with techno and electronic beats.",WAR,J,1,1,1,0,0,top1_generation_prompt_text_changed_only_precomputed_text_feature_unchanged
1669,cWVri5XGGA8,cWVri5XGGA8_tuP5rCmHIaA,E8Drlvs80aw_U-0330SCx9g,E8Drlvs80aw,0,4,cf_upbeat_electronic,top1_prompt_level_preference_counterfactual,original,top1_reference,"I prefer upbeat electronic background music with a bright mood, clear rhythm, energetic beats, and a modern dance or pop feeling.",That sounds great! I like the electronic and fast elements in your recommendation. But I also want to include some R&B and indie influences in the music. Can you suggest something that fits those criteria?,"Based on your preferences, I recommend 'WAR' by J. It's a track from the album 'WAR' by J. This song combines elements of Hip-Hop, electronic, and pop with a dance and R&B influence. It has a fast-paced beat and a techno sound that aligns well with your requirements.","I suggest you consider 'She Got It' by Tonic Alize featuring Hardblock. It's a track from their album 'Paper 2012'. This song combines elements of hip-hop, electronic, R&B, and pop with indie influences. It has a synth-driven sound and features male vocals.","Let me recommend 'WAR' by J. Ivy ft. Blitz the Ambassador. While there isn't much information available about the track, J. Ivy is known for his experimental and indie approach to hip-hop and electronic music. This track could provide the desired blend of experimental and indie elements along with techno and electronic beats.",WAR,J,1,1,1,0,0,top1_generation_prompt_text_changed_only_precomputed_text_feature_unchanged
1669,cWVri5XGGA8,cWVri5XGGA8_tuP5rCmHIaA,E8Drlvs80aw_U-0330SCx9g,E8Drlvs80aw,0,4,cf_lyrical_piano,top1_prompt_level_preference_counterfactual,original,top1_reference,"I prefer lyrical piano background music with a slow tempo, soft acoustic texture, gentle melody, and a calm sentimental mood.",That sounds great! I like the electronic and fast elements in your recommendation. But I also want to include some R&B and indie influences in the music. Can you suggest something that fits those criteria?,"Allow me to recommend 'WAR' by J. It's a track from his album 'WAR'. It combines elements of hip-hop, electronic, and R&B with a slow tempo and a piano-driven sound. The song has a lyrical and emotional vibe that could be a fitting choice for your video.","I suggest you consider 'She Got It' by Tonic Alize featuring Hardblock. It's a track from their album 'Paper 2012'. This song combines elements of hip-hop, electronic, R&B, and pop with indie influences. It has a synth-driven sound and features male vocals.","Let me recommend 'WAR' by J. Ivy ft. Blitz the Ambassador. While there isn't much information available about the track, J. Ivy is known for his experimental and indie approach to hip-hop and electronic music. This track could provide the desired blend of experimental and indie elements along with techno and electronic beats.",WAR,J,1,1,1,0,0,top1_generation_prompt_text_changed_only_precomputed_text_feature_unchanged
1679,FxP12uqkRmg,FxP12uqkRmg_bO9FLYYvuWw,iMnsatFl10I_Zm0T25MLCWQ,iMnsatFl10I,0,9,original,top1_prompt_level_preference_counterfactual,original,top1_reference,"Sounds good, but I'm looking for something with more of a pop and electronic sound, preferably with female vocals.","Sounds good, but I'm looking for something with more of a pop and electronic sound, preferably with female vocals.","In that case, I would recommend 'Bana Bir Şey Söyle' by Ceylan. This track has a pop and electronic sound with female vocals. It's part of the album 'Bana Bir Şey Söyle' and it will add a catchy and vibrant vibe to your video.","In that case, I would recommend the track 'Ah Ira'. This track has a pop and electronic sound with female vocals. It's a catchy and energetic choice that can give your video the desired vibe.","Absolutely! In that case, I would recommend 'Ceylan - Entarisi Dım Dım Yar'. This track has a female vocalist and combines pop, electronic, dance, and chillout genres. It's part of the album 'Bana Bir Şey Söyle' by Ceylan. It has a relaxing and soothing vibe that would be perfect for your video.","Ceylan - Entarisi Dım Dım Yar'. This track has a female vocalist and combines pop, electronic, dance, and chillout genres. It's part of the album 'Bana Bir Şey Söyle",Ceylan,0,1,0,1,0,top1_generation_prompt_text_changed_only_precomputed_text_feature_unchanged
1679,FxP12uqkRmg,FxP12uqkRmg_bO9FLYYvuWw,iMnsatFl10I_Zm0T25MLCWQ,iMnsatFl10I,0,9,cf_upbeat_electronic,top1_prompt_level_preference_counterfactual,original,top1_reference,"I prefer upbeat electronic background music with a bright mood, clear rhythm, energetic beats, and a modern dance or pop feeling.","Sounds good, but I'm looking for something with more of a pop and electronic sound, preferably with female vocals.","Allow me to recommend 'Bana Bir Şey Söyle' by Ceylan. It's a track from her album 'Bana Bir Şey Söyle'. This song combines elements of pop, electronic, and dance genres, with a female vocalist. It has a fast-paced beat and a modern sound that could be a fitting choice for your video.","In that case, I would recommend the track 'Ah Ira'. This track has a pop and electronic sound with female vocals. It's a catchy and energetic choice that can give your video the desired vibe.","Absolutely! In that case, I would recommend 'Ceylan - Entarisi Dım Dım Yar'. This track has a female vocalist and combines pop, electronic, dance, and chillout genres. It's part of the album 'Bana Bir Şey Söyle' by Ceylan. It has a relaxing and soothing vibe that would be perfect for your video.","Ceylan - Entarisi Dım Dım Yar'. This track has a female vocalist and combines pop, electronic, dance, and chillout genres. It's part of the album 'Bana Bir Şey Söyle",Ceylan,0,1,0,1,0,top1_generation_prompt_text_changed_only_precomputed_text_feature_unchanged
1679,FxP12uqkRmg,FxP12uqkRmg_bO9FLYYvuWw,iMnsatFl10I_Zm0T25MLCWQ,iMnsatFl10I,0,9,cf_lyrical_piano,top1_prompt_level_preference_counterfactual,original,top1_reference,"I prefer lyrical piano background music with a slow tempo, soft acoustic texture, gentle melody, and a calm sentimental mood.","Sounds good, but I'm looking for something with more of a pop and electronic sound, preferably with female vocals.","Allow me to recommend 'Bana Bir Şey Söyle' by Ceylan. It's a track from her album 'Bana Bir Şey Söyle'. This song combines elements of pop, electronic, and dance genres with a slow tempo and a female vocalist. It has a lyrical piano background and a gentle melody that can create a sentimental mood for your video.","In that case, I would recommend the track 'Ah Ira'. This track has a pop and electronic sound with female vocals. It's a catchy and energetic choice that can give your video the desired vibe.","Absolutely! In that case, I would recommend 'Ceylan - Entarisi Dım Dım Yar'. This track has a female vocalist and combines pop, electronic, dance, and chillout genres. It's part of the album 'Bana Bir Şey Söyle' by Ceylan. It has a relaxing and soothing vibe that would be perfect for your video.","Ceylan - Entarisi Dım Dım Yar'. This track has a female vocalist and combines pop, electronic, dance, and chillout genres. It's part of the album 'Bana Bir Şey Söyle",Ceylan,0,1,0,1,0,top1_generation_prompt_text_changed_only_precomputed_text_feature_unchanged
1685,d1rpgmfOVMg,d1rpgmfOVMg_lqjqZgHn050,ISApvaAI7Xk_xk2UwdugyPI,ISApvaAI7Xk,0,29,original,top1_prompt_level_preference_counterfactual,original,top1_reference,That sounds great! I also want to incorporate elements of pop and house music into my video. Do you have any other recommendations?,That sounds great! I also want to incorporate elements of pop and house music into my video. Do you have any other recommendations?,Certainly! How about 'Bromance' by Tim Berg? It's a dance track with electronic and pop influences. The song has a house music vibe and features female vocals. It could be a fitting choice for your video.,Certainly! I recommend 'Don't You Worry Child (Radio Edit)' by Swedish House Mafia. It's a popular dance track with elements of pop and house music. The song has a catchy beat and vocals that will add a dynamic and energetic feel to your dance video. It's from the album 'Don't You Worry Child' by Swedish House Mafia.,"Allow me to recommend 'Seek Bromance' by Tim Berg. It's a dance and electronic track with female vocals. Although there is no specific album or artist information available, 'Seek Bromance' is a popular song by Tim Berg that features the signature dance and electronic style, along with catchy female vocals. It could be a fitting choice for your video.",Seek Bromance,Tim Berg,0,1,0,1,0,top1_generation_prompt_text_changed_only_precomputed_text_feature_unchanged
1685,d1rpgmfOVMg,d1rpgmfOVMg_lqjqZgHn050,ISApvaAI7Xk_xk2UwdugyPI,ISApvaAI7Xk,0,29,cf_upbeat_electronic,top1_prompt_level_preference_counterfactual,original,top1_reference,"I prefer upbeat electronic background music with a bright mood, clear rhythm, energetic beats, and a modern dance or pop feeling.",That sounds great! I also want to incorporate elements of pop and house music into my video. Do you have any other recommendations?,"In that case, I recommend 'Seek Bromance (Radio Edit)' by Tim Berg. It's a track from the album 'Seek Bromance'. This song combines elements of dance, electronic, and pop with a house and female vocalists vibe. It has a techno and fast-paced beat that will add energy to your video.",Certainly! I recommend 'Don't You Worry Child (Radio Edit)' by Swedish House Mafia. It's a popular dance track with elements of pop and house music. The song has a catchy beat and vocals that will add a dynamic and energetic feel to your dance video. It's from the album 'Don't You Worry Child' by Swedish House Mafia.,"Allow me to recommend 'Seek Bromance' by Tim Berg. It's a dance and electronic track with female vocals. Although there is no specific album or artist information available, 'Seek Bromance' is a popular song by Tim Berg that features the signature dance and electronic style, along with catchy female vocals. It could be a fitting choice for your video.",Seek Bromance,Tim Berg,1,1,1,0,0,top1_generation_prompt_text_changed_only_precomputed_text_feature_unchanged
1685,d1rpgmfOVMg,d1rpgmfOVMg_lqjqZgHn050,ISApvaAI7Xk_xk2UwdugyPI,ISApvaAI7Xk,0,29,cf_lyrical_piano,top1_prompt_level_preference_counterfactual,original,top1_reference,"I prefer lyrical piano background music with a slow tempo, soft acoustic texture, gentle melody, and a calm sentimental mood.",That sounds great! I also want to incorporate elements of pop and house music into my video. Do you have any other recommendations?,"In that case, I would recommend 'Love Is Gone' by DJ Antoine feat. Shawnee Taylor. This track has a beautiful lyrical piano background and a slow tempo, creating a soft and acoustic texture. The gentle melody and calm sentimental mood make it a perfect fit for your video.",Certainly! I recommend 'Don't You Worry Child (Radio Edit)' by Swedish House Mafia. It's a popular dance track with elements of pop and house music. The song has a catchy beat and vocals that will add a dynamic and energetic feel to your dance video. It's from the album 'Don't You Worry Child' by Swedish House Mafia.,"Allow me to recommend 'Seek Bromance' by Tim Berg. It's a dance and electronic track with female vocals. Although there is no specific album or artist information available, 'Seek Bromance' is a popular song by Tim Berg that features the signature dance and electronic style, along with catchy female vocals. It could be a fitting choice for your video.",Seek Bromance,Tim Berg,0,0,0,1,0,top1_generation_prompt_text_changed_only_precomputed_text_feature_unchanged
1689,SCJrvPr92u4,SCJrvPr92u4_-ey67-zHusQ,SCJrvPr92u4_-ey67-zHusQ,SCJrvPr92u4,1,1,original,top1_prompt_level_preference_counterfactual,original,top1_reference,"That sounds great, I like the Hip-Hop and electronic types in your music recommendations. But I would like to incorporate a bit more of YT Man's distinctive style, especially his pop and rock components. I'm also interested in some vocal and guitar elements.","That sounds great, I like the Hip-Hop and electronic types in your music recommendations. But I would like to incorporate a bit more of YT Man's distinctive style, especially his pop and rock components. I'm also interested in some vocal and guitar elements.","Allow me to recommend 'My Queen' by YT Man. It's a track from his album 'My Queen'. It combines elements of pop, rock, and electronic with a focus on vocals and guitar. It was released in 2013 and may contain the specific elements you're looking for.","Allow me to recommend 'My Queen' by YT Man. It's a track recorded by KC Dozier and features live band by NinjahMusiq. It has elements of pop, Hip-Hop, and rock, with electronic beats. It aligns well with the energetic and dynamic vibe you're looking for. Additionally, it incorporates vocal and guitar elements that you're interested in.","Allow me to recommend 'My Queen' by YT Man. It's a track recorded by KC Dozier and features live band by NinjahMusiq. It has elements of pop, Hip-Hop, and rock, with electronic beats. It aligns well with the energetic and dynamic vibe you're looking for. Additionally, it incorporates vocal and guitar elements that you're interested in.",My Queen,YT Man,1,1,1,0,0,top1_generation_prompt_text_changed_only_precomputed_text_feature_unchanged
1689,SCJrvPr92u4,SCJrvPr92u4_-ey67-zHusQ,SCJrvPr92u4_-ey67-zHusQ,SCJrvPr92u4,1,1,cf_upbeat_electronic,top1_prompt_level_preference_counterfactual,original,top1_reference,"I prefer upbeat electronic background music with a bright mood, clear rhythm, energetic beats, and a modern dance or pop feeling.","That sounds great, I like the Hip-Hop and electronic types in your music recommendations. But I would like to incorporate a bit more of YT Man's distinctive style, especially his pop and rock components. I'm also interested in some vocal and guitar elements.","Based on your preferences, I recommend 'My Queen' by YT Man. It's a track from the album 'My Queen' and combines elements of pop, Hip-Hop, electronic, and rock. The song has a fast-paced techno sound with a male vocal. It was released in 2013 and has a modern dance vibe that could be a great fit for your video.","Allow me to recommend 'My Queen' by YT Man. It's a track recorded by KC Dozier and features live band by NinjahMusiq. It has elements of pop, Hip-Hop, and rock, with electronic beats. It aligns well with the energetic and dynamic vibe you're looking for. Additionally, it incorporates vocal and guitar elements that you're interested in.","Allow me to recommend 'My Queen' by YT Man. It's a track recorded by KC Dozier and features live band by NinjahMusiq. It has elements of pop, Hip-Hop, and rock, with electronic beats. It aligns well with the energetic and dynamic vibe you're looking for. Additionally, it incorporates vocal and guitar elements that you're interested in.",My Queen,YT Man,1,1,1,0,0,top1_generation_prompt_text_changed_only_precomputed_text_feature_unchanged
1689,SCJrvPr92u4,SCJrvPr92u4_-ey67-zHusQ,SCJrvPr92u4_-ey67-zHusQ,SCJrvPr92u4,1,1,cf_lyrical_piano,top1_prompt_level_preference_counterfactual,original,top1_reference,"I prefer lyrical piano background music with a slow tempo, soft acoustic texture, gentle melody, and a calm sentimental mood.","That sounds great, I like the Hip-Hop and electronic types in your music recommendations. But I would like to incorporate a bit more of YT Man's distinctive style, especially his pop and rock components. I'm also interested in some vocal and guitar elements.","In that case, I would recommend 'My Queen' by YT Man. This track has a lyrical piano background and falls under the genres of pop, Hip-Hop, rock, indie, and electronic. It has a slow tempo and features a soft acoustic texture, creating a gentle melody and a calm, sentimental mood.","Allow me to recommend 'My Queen' by YT Man. It's a track recorded by KC Dozier and features live band by NinjahMusiq. It has elements of pop, Hip-Hop, and rock, with electronic beats. It aligns well with the energetic and dynamic vibe you're looking for. Additionally, it incorporates vocal and guitar elements that you're interested in.","Allow me to recommend 'My Queen' by YT Man. It's a track recorded by KC Dozier and features live band by NinjahMusiq. It has elements of pop, Hip-Hop, and rock, with electronic beats. It aligns well with the energetic and dynamic vibe you're looking for. Additionally, it incorporates vocal and guitar elements that you're interested in.",My Queen,YT Man,1,1,1,0,0,top1_generation_prompt_text_changed_only_precomputed_text_feature_unchanged
1698,lgBOgKr-HJo,lgBOgKr-HJo_tA5vcZ7CJyI,yhEW84knzR4_SbYMKpcX-Vo,yhEW84knzR4,0,4,original,top1_prompt_level_preference_counterfactual,original,top1_reference,"That sounds great! I really enjoy the pop and electronic genres. However, I would like to incorporate a bit of the 80s style into the music, with a touch of soul and dance elements. I'm also interested in guitar and rock influences.","That sounds great! I really enjoy the pop and electronic genres. However, I would like to incorporate a bit of the 80s style into the music, with a touch of soul and dance elements. I'm also interested in guitar and rock influences.","Allow me to recommend 'I'm Not Sorry' by Tatiana. It's a pop track with soul and dance influences, reminiscent of the 80s era. The song features female vocals and has a guitar-driven sound. It was released in 2010 and could be a fitting choice for your video.","Allow me to recommend 'Papa Noel' by Stromae vs Wham! It's a mashup track by ViC that combines elements of 80s, pop, soul, electronic, and dance genres. The track features guitar and drum elements, giving it a slight rock influence. It was part of ViC's Xmas Bootleg Pack 2013 and has a festive and energetic vibe that could be a fitting choice for your video.","I suggest checking out 'Spider Web' by Tatiana. It's a pop song with rock and alternative influences, and Tatiana is a female vocalist. The song was released as a debut single in the UK and has an indie vibe. It was released in 2011, so it may have the specific elements you're looking for.",Spider Web,Tatiana,0,1,0,1,0,top1_generation_prompt_text_changed_only_precomputed_text_feature_unchanged
1698,lgBOgKr-HJo,lgBOgKr-HJo_tA5vcZ7CJyI,yhEW84knzR4_SbYMKpcX-Vo,yhEW84knzR4,0,4,cf_upbeat_electronic,top1_prompt_level_preference_counterfactual,original,top1_reference,"I prefer upbeat electronic background music with a bright mood, clear rhythm, energetic beats, and a modern dance or pop feeling.","That sounds great! I really enjoy the pop and electronic genres. However, I would like to incorporate a bit of the 80s style into the music, with a touch of soul and dance elements. I'm also interested in guitar and rock influences.","In that case, I would recommend 'Spider Web' by Tatiana. This track has a pop and rock sound with female vocals. It has a fast tempo and energetic beats that will give your video a modern and upbeat feel.","Allow me to recommend 'Papa Noel' by Stromae vs Wham! It's a mashup track by ViC that combines elements of 80s, pop, soul, electronic, and dance genres. The track features guitar and drum elements, giving it a slight rock influence. It was part of ViC's Xmas Bootleg Pack 2013 and has a festive and energetic vibe that could be a fitting choice for your video.","I suggest checking out 'Spider Web' by Tatiana. It's a pop song with rock and alternative influences, and Tatiana is a female vocalist. The song was released as a debut single in the UK and has an indie vibe. It was released in 2011, so it may have the specific elements you're looking for.",Spider Web,Tatiana,1,1,1,0,0,top1_generation_prompt_text_changed_only_precomputed_text_feature_unchanged
1698,lgBOgKr-HJo,lgBOgKr-HJo_tA5vcZ7CJyI,yhEW84knzR4_SbYMKpcX-Vo,yhEW84knzR4,0,4,cf_lyrical_piano,top1_prompt_level_preference_counterfactual,original,top1_reference,"I prefer lyrical piano background music with a slow tempo, soft acoustic texture, gentle melody, and a calm sentimental mood.","That sounds great! I really enjoy the pop and electronic genres. However, I would like to incorporate a bit of the 80s style into the music, with a touch of soul and dance elements. I'm also interested in guitar and rock influences.","In that case, I would recommend 'Spider Web' by Tatiana. This track has a lyrical piano background and a slow tempo, creating a soothing and emotional atmosphere. It falls under the genres of pop, rock, and 80s, with female vocals that add a touch of elegance to the music.","Allow me to recommend 'Papa Noel' by Stromae vs Wham! It's a mashup track by ViC that combines elements of 80s, pop, soul, electronic, and dance genres. The track features guitar and drum elements, giving it a slight rock influence. It was part of ViC's Xmas Bootleg Pack 2013 and has a festive and energetic vibe that could be a fitting choice for your video.","I suggest checking out 'Spider Web' by Tatiana. It's a pop song with rock and alternative influences, and Tatiana is a female vocalist. The song was released as a debut single in the UK and has an indie vibe. It was released in 2011, so it may have the specific elements you're looking for.",Spider Web,Tatiana,1,1,1,0,0,top1_generation_prompt_text_changed_only_precomputed_text_feature_unchanged
1713,8n1M2_OuoEo,8n1M2_OuoEo_ylt23Hk65kM,cqldWrJydDU_mz3oIBUYluA,cqldWrJydDU,0,6,original,top1_prompt_level_preference_counterfactual,original,top1_reference,"That sounds great, I like the electronic and techno elements in your music recommendations. But I would like to incorporate a bit more of C-kan's distinctive style, especially his hip-hop and pop components. I'm also interested in soul and R&B influences.","That sounds great, I like the electronic and techno elements in your music recommendations. But I would like to incorporate a bit more of C-kan's distinctive style, especially his hip-hop and pop components. I'm also interested in soul and R&B influences.","Allow me to recommend 'C-kan' by C-kan. It's a track from his album 'C-kan'. It combines elements of hip-hop, pop, soul, and R&B that could be a fitting choice for your video. It was released in 2010 which may contain the specific element you want.","Allow me to recommend 'Guerreros' by C-kan featuring lluminatik. It's a track from C-kan's album 'Guerreros'. It combines elements of hip-hop, pop, soul and 00s music. The song has a fast-paced electronic sound too.","Let me suggest 'Chkounkom Entom?' by BeCha. Although there's no specific information available about the track name, album name, or artists, based on the description, it seems to align with your preferences. BeCha is known for his hip-hop, soul, and R&B style, and the song may contain chillout and pop elements as well. It has a techno and electronic sound with beats and synth, which could complement your video nicely.",Chkounkom Entom?,BeCha,0,0,0,1,0,top1_generation_prompt_text_changed_only_precomputed_text_feature_unchanged
1713,8n1M2_OuoEo,8n1M2_OuoEo_ylt23Hk65kM,cqldWrJydDU_mz3oIBUYluA,cqldWrJydDU,0,6,cf_upbeat_electronic,top1_prompt_level_preference_counterfactual,original,top1_reference,"I prefer upbeat electronic background music with a bright mood, clear rhythm, energetic beats, and a modern dance or pop feeling.","That sounds great, I like the electronic and techno elements in your music recommendations. But I would like to incorporate a bit more of C-kan's distinctive style, especially his hip-hop and pop components. I'm also interested in soul and R&B influences.","In that case, I recommend 'Bienvenue à la Zone' by BeCha. It's a track from the album 'Bienvenue à la Zone' and combines elements of Hip-Hop, electronic, and pop with a dance vibe. The song has a techno and electronic sound with a fast beat, which aligns well with the energetic and modern feel you're looking for.","Allow me to recommend 'Guerreros' by C-kan featuring lluminatik. It's a track from C-kan's album 'Guerreros'. It combines elements of hip-hop, pop, soul and 00s music. The song has a fast-paced electronic sound too.","Let me suggest 'Chkounkom Entom?' by BeCha. Although there's no specific information available about the track name, album name, or artists, based on the description, it seems to align with your preferences. BeCha is known for his hip-hop, soul, and R&B style, and the song may contain chillout and pop elements as well. It has a techno and electronic sound with beats and synth, which could complement your video nicely.",Chkounkom Entom?,BeCha,0,1,0,1,0,top1_generation_prompt_text_changed_only_precomputed_text_feature_unchanged
1713,8n1M2_OuoEo,8n1M2_OuoEo_ylt23Hk65kM,cqldWrJydDU_mz3oIBUYluA,cqldWrJydDU,0,6,cf_lyrical_piano,top1_prompt_level_preference_counterfactual,original,top1_reference,"I prefer lyrical piano background music with a slow tempo, soft acoustic texture, gentle melody, and a calm sentimental mood.","That sounds great, I like the electronic and techno elements in your music recommendations. But I would like to incorporate a bit more of C-kan's distinctive style, especially his hip-hop and pop components. I'm also interested in soul and R&B influences.","Allow me to recommend 'Chkounkom Entom?' by BeCha. It's a track from their album 'Chkounkom Entom?'. It combines elements of hip-hop, soul, and rock with a slow tempo and piano-driven sound. The song has a lyrical and emotional vibe that could be a fitting choice for your video.","Allow me to recommend 'Guerreros' by C-kan featuring lluminatik. It's a track from C-kan's album 'Guerreros'. It combines elements of hip-hop, pop, soul and 00s music. The song has a fast-paced electronic sound too.","Let me suggest 'Chkounkom Entom?' by BeCha. Although there's no specific information available about the track name, album name, or artists, based on the description, it seems to align with your preferences. BeCha is known for his hip-hop, soul, and R&B style, and the song may contain chillout and pop elements as well. It has a techno and electronic sound with beats and synth, which could complement your video nicely.",Chkounkom Entom?,BeCha,1,1,1,0,0,top1_generation_prompt_text_changed_only_precomputed_text_feature_unchanged
1753,dfMrsrzxZxc,dfMrsrzxZxc_FL9Vv_mEwN8,8xjWi4d5Ju8_3223oWmr0pw,8xjWi4d5Ju8,0,3,original,top1_prompt_level_preference_counterfactual,original,top1_reference,"Sounds good, but I'm looking for something that leans more toward Hip-Hop, R&B, and soul with a touch of electronic and pop.","Sounds good, but I'm looking for something that leans more toward Hip-Hop, R&B, and soul with a touch of electronic and pop.","In that case, I would recommend 'I Just Wanna Beat' by The Physics. This track combines elements of Hip-Hop, R&B, soul, electronic, and pop. It has a smooth and soulful vibe that would be perfect for your video.","In that case, I would recommend 'Why Me' by Krizz Kaliko. This track combines the elements of Hip-Hop, R&B, electronic, pop, and soul. It is part of the album 'Son of Sam (Deluxe Edition)' by Krizz Kaliko. It's a great choice to add the desired touch to your video.","I suggest checking out 'I Just Wanna Beat' by The Physics. It's a track from their 'High Society' EP. The Physics are known for their unique blend of hip-hop, R&B, electronic, and indie music. 'I Just Wanna Beat' features soulful vocals and a mix of electronic and guitar elements. It was released with an official music video directed by Jon Augustavo.",I Just Wanna Beat,The Physics,1,1,1,0,0,top1_generation_prompt_text_changed_only_precomputed_text_feature_unchanged
1753,dfMrsrzxZxc,dfMrsrzxZxc_FL9Vv_mEwN8,8xjWi4d5Ju8_3223oWmr0pw,8xjWi4d5Ju8,0,3,cf_upbeat_electronic,top1_prompt_level_preference_counterfactual,original,top1_reference,"I prefer upbeat electronic background music with a bright mood, clear rhythm, energetic beats, and a modern dance or pop feeling.","Sounds good, but I'm looking for something that leans more toward Hip-Hop, R&B, and soul with a touch of electronic and pop.","In that case, I recommend 'I Just Wanna Beat' by The Physics. It's a track from their album 'I Just Wanna Beat'. This song combines elements of Hip-Hop, electronic, and indie with a pop and dance vibe. It has a techno and electronic sound with a fast beat, which aligns well with the energetic and modern feel you're looking for.","In that case, I would recommend 'Why Me' by Krizz Kaliko. This track combines the elements of Hip-Hop, R&B, electronic, pop, and soul. It is part of the album 'Son of Sam (Deluxe Edition)' by Krizz Kaliko. It's a great choice to add the desired touch to your video.","I suggest checking out 'I Just Wanna Beat' by The Physics. It's a track from their 'High Society' EP. The Physics are known for their unique blend of hip-hop, R&B, electronic, and indie music. 'I Just Wanna Beat' features soulful vocals and a mix of electronic and guitar elements. It was released with an official music video directed by Jon Augustavo.",I Just Wanna Beat,The Physics,1,1,1,0,0,top1_generation_prompt_text_changed_only_precomputed_text_feature_unchanged
1753,dfMrsrzxZxc,dfMrsrzxZxc_FL9Vv_mEwN8,8xjWi4d5Ju8_3223oWmr0pw,8xjWi4d5Ju8,0,3,cf_lyrical_piano,top1_prompt_level_preference_counterfactual,original,top1_reference,"I prefer lyrical piano background music with a slow tempo, soft acoustic texture, gentle melody, and a calm sentimental mood.","Sounds good, but I'm looking for something that leans more toward Hip-Hop, R&B, and soul with a touch of electronic and pop.","Allow me to recommend 'I Just Wanna Beat' by The Physics. It's a track from their album 'The Physics Present: The Evolution'. This song combines elements of hip-hop, electronic, and indie with a slow tempo and a piano-driven sound. It has a relaxed and introspective vibe that could be a fitting choice for your video.","In that case, I would recommend 'Why Me' by Krizz Kaliko. This track combines the elements of Hip-Hop, R&B, electronic, pop, and soul. It is part of the album 'Son of Sam (Deluxe Edition)' by Krizz Kaliko. It's a great choice to add the desired touch to your video.","I suggest checking out 'I Just Wanna Beat' by The Physics. It's a track from their 'High Society' EP. The Physics are known for their unique blend of hip-hop, R&B, electronic, and indie music. 'I Just Wanna Beat' features soulful vocals and a mix of electronic and guitar elements. It was released with an official music video directed by Jon Augustavo.",I Just Wanna Beat,The Physics,1,1,1,0,0,top1_generation_prompt_text_changed_only_precomputed_text_feature_unchanged
1801,psmUG8X-xVo,psmUG8X-xVo_TzzA6SX0LD0,cAOK-b5aWpU_hXNeu-H3Tog,cAOK-b5aWpU,0,9,original,top1_prompt_level_preference_counterfactual,original,top1_reference,"Sounds good, but I'm looking for something with female vocals and a more techno and pop sound. Do you have any recommendations?","Sounds good, but I'm looking for something with female vocals and a more techno and pop sound. Do you have any recommendations?","In that case, I would recommend 'Lelahy' by rijade & jior shy. This track features female vocals and combines elements of Hip-Hop, electronic, pop, and dance. It has a techno influence and a catchy pop sound that would be perfect for your video.","In that case, I would recommend 'Originales Songs' by Shadelflow & Zokram featuring Big Foko & Fer Villareal. This track has female vocalists and combines techno and pop elements, giving it a unique and modern sound. It was released in 2011 and is part of the album 'Rap4ever'.","I apologize, but I don't have enough information about the candidate music to fulfill your request. However, based on your preferences, I recommend 'Lelahy' by rijade & jior shy. It's a pop, hip-hop, and electronic track with female vocals and dance elements. It was released in 2012 by a young rapper from Nosy be.","t have enough information about the candidate music to fulfill your request. However, based on your preferences, I recommend 'Lelahy",rijade & jior shy,0,1,0,1,0,top1_generation_prompt_text_changed_only_precomputed_text_feature_unchanged
1801,psmUG8X-xVo,psmUG8X-xVo_TzzA6SX0LD0,cAOK-b5aWpU_hXNeu-H3Tog,cAOK-b5aWpU,0,9,cf_upbeat_electronic,top1_prompt_level_preference_counterfactual,original,top1_reference,"I prefer upbeat electronic background music with a bright mood, clear rhythm, energetic beats, and a modern dance or pop feeling.","Sounds good, but I'm looking for something with female vocals and a more techno and pop sound. Do you have any recommendations?","Allow me to recommend 'Lelahy by rijade & jior shy; 2013'. It's a track with a bright mood, clear rhythm, energetic beats, and a modern dance or pop feeling. Although I don't have much information about the specific album or artists, this track aligns well with your preferences.","In that case, I would recommend 'Originales Songs' by Shadelflow & Zokram featuring Big Foko & Fer Villareal. This track has female vocalists and combines techno and pop elements, giving it a unique and modern sound. It was released in 2011 and is part of the album 'Rap4ever'.","I apologize, but I don't have enough information about the candidate music to fulfill your request. However, based on your preferences, I recommend 'Lelahy' by rijade & jior shy. It's a pop, hip-hop, and electronic track with female vocals and dance elements. It was released in 2012 by a young rapper from Nosy be.","t have enough information about the candidate music to fulfill your request. However, based on your preferences, I recommend 'Lelahy",rijade & jior shy,0,1,0,1,0,top1_generation_prompt_text_changed_only_precomputed_text_feature_unchanged
1801,psmUG8X-xVo,psmUG8X-xVo_TzzA6SX0LD0,cAOK-b5aWpU_hXNeu-H3Tog,cAOK-b5aWpU,0,9,cf_lyrical_piano,top1_prompt_level_preference_counterfactual,original,top1_reference,"I prefer lyrical piano background music with a slow tempo, soft acoustic texture, gentle melody, and a calm sentimental mood.","Sounds good, but I'm looking for something with female vocals and a more techno and pop sound. Do you have any recommendations?","Allow me to recommend 'Lelahy by rijade & jior shy'. It's a track with lyrical piano background music that aligns well with your preferences. Although I don't have much information about the specific track, it falls under the genres of hip-hop, pop, and electronic, which may contain the elements you're looking for.","In that case, I would recommend 'Originales Songs' by Shadelflow & Zokram featuring Big Foko & Fer Villareal. This track has female vocalists and combines techno and pop elements, giving it a unique and modern sound. It was released in 2011 and is part of the album 'Rap4ever'.","I apologize, but I don't have enough information about the candidate music to fulfill your request. However, based on your preferences, I recommend 'Lelahy' by rijade & jior shy. It's a pop, hip-hop, and electronic track with female vocals and dance elements. It was released in 2012 by a young rapper from Nosy be.","t have enough information about the candidate music to fulfill your request. However, based on your preferences, I recommend 'Lelahy",rijade & jior shy,0,1,0,1,0,top1_generation_prompt_text_changed_only_precomputed_text_feature_unchanged
1835,i14CO18tEJA,i14CO18tEJA_wyDJKPE1cII,IesITVEVDzU_74jEqQczxGc,IesITVEVDzU,0,41,original,top1_prompt_level_preference_counterfactual,original,top1_reference,That sounds great! I'm also interested in incorporating some elements of rap and soul into the music. Do you have any suggestions that combine these genres with electronic and fast beats?,That sounds great! I'm also interested in incorporating some elements of rap and soul into the music. Do you have any suggestions that combine these genres with electronic and fast beats?,"Certainly! How about 'Somos' by M.C. El Cuervo? It's a rap track with elements of hip-hop, R&B, and soul. The song also has electronic and fast beats, which could add an interesting dynamic to your video. It was released in 2012 and has a unique blend of genres that might be a good fit for your project.","Certainly! I recommend checking out the rap scene in Chile. They have some great artists who blend rap, electronic beats, and soulful elements. You can explore the 'Rap Chileno' genre, which combines hip-hop, electronic, rock, pop, and soul. You can find some interesting tracks and albums in this genre that might suit your video.","Allow me to recommend 'Rap do Corinthians'. It's a rap song that pays homage to Corinthians, the undefeated champion of the Libertadores and the World Cup in 2012. Although I don't have much information about the track, it might contain the specific elements you're looking for, such as a mix of Hip-Hop, rock, soul, and indie.",,,,,,0,0,top1_generation_prompt_text_changed_only_precomputed_text_feature_unchanged
1835,i14CO18tEJA,i14CO18tEJA_wyDJKPE1cII,IesITVEVDzU_74jEqQczxGc,IesITVEVDzU,0,41,cf_upbeat_electronic,top1_prompt_level_preference_counterfactual,original,top1_reference,"I prefer upbeat electronic background music with a bright mood, clear rhythm, energetic beats, and a modern dance or pop feeling.",That sounds great! I'm also interested in incorporating some elements of rap and soul into the music. Do you have any suggestions that combine these genres with electronic and fast beats?,"In that case, I would recommend 'Somos' by El Cata. This track has a bright mood and clear rhythm, with energetic beats and a modern dance or pop feel. It's part of the album 'Somos' by El Cata.","Certainly! I recommend checking out the rap scene in Chile. They have some great artists who blend rap, electronic beats, and soulful elements. You can explore the 'Rap Chileno' genre, which combines hip-hop, electronic, rock, pop, and soul. You can find some interesting tracks and albums in this genre that might suit your video.","Allow me to recommend 'Rap do Corinthians'. It's a rap song that pays homage to Corinthians, the undefeated champion of the Libertadores and the World Cup in 2012. Although I don't have much information about the track, it might contain the specific elements you're looking for, such as a mix of Hip-Hop, rock, soul, and indie.",,,,,,0,0,top1_generation_prompt_text_changed_only_precomputed_text_feature_unchanged
1835,i14CO18tEJA,i14CO18tEJA_wyDJKPE1cII,IesITVEVDzU_74jEqQczxGc,IesITVEVDzU,0,41,cf_lyrical_piano,top1_prompt_level_preference_counterfactual,original,top1_reference,"I prefer lyrical piano background music with a slow tempo, soft acoustic texture, gentle melody, and a calm sentimental mood.",That sounds great! I'm also interested in incorporating some elements of rap and soul into the music. Do you have any suggestions that combine these genres with electronic and fast beats?,"Allow me to recommend 'Sin Ti' by M.C. El Pesadilla. It's a track from their album 'Sin Ti'. It combines elements of hip-hop, R&B, and pop with a slow tempo and piano-driven sound. The song has a lyrical and emotional vibe that could be a fitting choice for your video.","Certainly! I recommend checking out the rap scene in Chile. They have some great artists who blend rap, electronic beats, and soulful elements. You can explore the 'Rap Chileno' genre, which combines hip-hop, electronic, rock, pop, and soul. You can find some interesting tracks and albums in this genre that might suit your video.","Allow me to recommend 'Rap do Corinthians'. It's a rap song that pays homage to Corinthians, the undefeated champion of the Libertadores and the World Cup in 2012. Although I don't have much information about the track, it might contain the specific elements you're looking for, such as a mix of Hip-Hop, rock, soul, and indie.",,,,,,0,0,top1_generation_prompt_text_changed_only_precomputed_text_feature_unchanged
1861,mjpjzg8cPbk,mjpjzg8cPbk_P0OCoCCMsUc,PZ2gTnTSw7U_aCmZWeBtTDs,PZ2gTnTSw7U,0,12,original,top1_prompt_level_preference_counterfactual,original,top1_reference,"Sounds good, but I'm looking for something with a rock and alternative sound. Do you have any recommendations?","Sounds good, but I'm looking for something with a rock and alternative sound. Do you have any recommendations?",Absolutely! I suggest checking out 'Dance With The Devil' by Breaking Benjamin. This track is from their album 'Dark Before Dawn' and it perfectly captures the rock and alternative genres. It has a powerful and energetic sound that would complement your video.,"In that case, I would recommend 'We Stand (Live)' by Jesus Culture feat. Chris Quilala. This track is part of the album 'We Stand' by Jesus Culture and offers a rock and alternative sound. The vocals and guitar create a loud and powerful atmosphere. It's the perfect choice for your video!","Allow me to recommend 'Dance With The Devil' by Breaking Benjamin. It's a track from their album 'Dance With The Devil' and combines elements of rock, alternative rock, and hard rock with electronic influences. The song has a fast-paced, guitar-driven sound with powerful drums that could be a perfect fit for your video.",Dance With The Devil,Breaking Benjamin,1,1,1,0,0,top1_generation_prompt_text_changed_only_precomputed_text_feature_unchanged
1861,mjpjzg8cPbk,mjpjzg8cPbk_P0OCoCCMsUc,PZ2gTnTSw7U_aCmZWeBtTDs,PZ2gTnTSw7U,0,12,cf_upbeat_electronic,top1_prompt_level_preference_counterfactual,original,top1_reference,"I prefer upbeat electronic background music with a bright mood, clear rhythm, energetic beats, and a modern dance or pop feeling.","Sounds good, but I'm looking for something with a rock and alternative sound. Do you have any recommendations?","In that case, I recommend 'Dance With The Devil' by Breaking Benjamin. This track is from their album 'Dance With The Devil' and it perfectly matches your requirements. It falls under the rock, alternative, and indie genres with a touch of pop. The song has a fast-paced rhythm and energetic beats that will add a lively and modern feel to your video.","In that case, I would recommend 'We Stand (Live)' by Jesus Culture feat. Chris Quilala. This track is part of the album 'We Stand' by Jesus Culture and offers a rock and alternative sound. The vocals and guitar create a loud and powerful atmosphere. It's the perfect choice for your video!","Allow me to recommend 'Dance With The Devil' by Breaking Benjamin. It's a track from their album 'Dance With The Devil' and combines elements of rock, alternative rock, and hard rock with electronic influences. The song has a fast-paced, guitar-driven sound with powerful drums that could be a perfect fit for your video.",Dance With The Devil,Breaking Benjamin,1,1,1,0,0,top1_generation_prompt_text_changed_only_precomputed_text_feature_unchanged
1861,mjpjzg8cPbk,mjpjzg8cPbk_P0OCoCCMsUc,PZ2gTnTSw7U_aCmZWeBtTDs,PZ2gTnTSw7U,0,12,cf_lyrical_piano,top1_prompt_level_preference_counterfactual,original,top1_reference,"I prefer lyrical piano background music with a slow tempo, soft acoustic texture, gentle melody, and a calm sentimental mood.","Sounds good, but I'm looking for something with a rock and alternative sound. Do you have any recommendations?","In that case, I recommend 'Dance With The Devil' by Breaking Benjamin. This track is a powerful rock song with a mix of alternative and hard rock elements. It has a fast-paced rhythm and intense guitar and drum sounds. It's a great choice if you're looking for a high-energy and intense vibe for your video.","In that case, I would recommend 'We Stand (Live)' by Jesus Culture feat. Chris Quilala. This track is part of the album 'We Stand' by Jesus Culture and offers a rock and alternative sound. The vocals and guitar create a loud and powerful atmosphere. It's the perfect choice for your video!","Allow me to recommend 'Dance With The Devil' by Breaking Benjamin. It's a track from their album 'Dance With The Devil' and combines elements of rock, alternative rock, and hard rock with electronic influences. The song has a fast-paced, guitar-driven sound with powerful drums that could be a perfect fit for your video.",Dance With The Devil,Breaking Benjamin,1,1,1,0,0,top1_generation_prompt_text_changed_only_precomputed_text_feature_unchanged
1896,kt2lmbNPFk4,kt2lmbNPFk4_C5PUb0hCtj4,zT4oLpN-d48_1LTNxxptCkE,zT4oLpN-d48,0,2,original,top1_prompt_level_preference_counterfactual,original,top1_reference,"That sounds great! I really like the mix of genres in your recommendation. However, I would like to incorporate some elements from TVXQ!'s music, especially their hip-hop and electronic components. I'm also interested in the dance and pop genres.","That sounds great! I really like the mix of genres in your recommendation. However, I would like to incorporate some elements from TVXQ!'s music, especially their hip-hop and electronic components. I'm also interested in the dance and pop genres.","Allow me to recommend 'Humanoids' by TVXQ!. It's a track from their album 'Humanoids'. The song combines elements of hip-hop, electronic, and pop with a danceable rhythm. It was released in 2009 and has a catchy and energetic vibe that could be a fitting choice for your video.","Allow me to recommend '왜 (Keep Your Head Down)' by 동방신기 (TVXQ!). It's a track from their album '왜 Keep Your Head Down'. This song combines elements of hip-hop, electronic, rock, and pop, which can add a dynamic and energetic vibe to your video. It falls under the genres of hip-hop, electronic, rock, pop, and dance. It has a techno and loud electronic sound as well.","Allow me to recommend 'Fashion' by Lady Gaga. It's a track from her album 'Fashion'. It combines elements of pop, electronic, and dance with strong female vocals. It was featured in Lady Gaga's first music video in The Sims 2, which could be a unique and interesting choice for your video.",Fashion,Lady Gaga,0,0,0,1,0,top1_generation_prompt_text_changed_only_precomputed_text_feature_unchanged
1896,kt2lmbNPFk4,kt2lmbNPFk4_C5PUb0hCtj4,zT4oLpN-d48_1LTNxxptCkE,zT4oLpN-d48,0,2,cf_upbeat_electronic,top1_prompt_level_preference_counterfactual,original,top1_reference,"I prefer upbeat electronic background music with a bright mood, clear rhythm, energetic beats, and a modern dance or pop feeling.","That sounds great! I really like the mix of genres in your recommendation. However, I would like to incorporate some elements from TVXQ!'s music, especially their hip-hop and electronic components. I'm also interested in the dance and pop genres.","In that case, I recommend 'Bad Romance' by Lady Gaga. It's a pop and dance track with electronic and R&B influences. The song has a fast-paced techno sound and catchy beats that will give your video a vibrant and energetic feel.","Allow me to recommend '왜 (Keep Your Head Down)' by 동방신기 (TVXQ!). It's a track from their album '왜 Keep Your Head Down'. This song combines elements of hip-hop, electronic, rock, and pop, which can add a dynamic and energetic vibe to your video. It falls under the genres of hip-hop, electronic, rock, pop, and dance. It has a techno and loud electronic sound as well.","Allow me to recommend 'Fashion' by Lady Gaga. It's a track from her album 'Fashion'. It combines elements of pop, electronic, and dance with strong female vocals. It was featured in Lady Gaga's first music video in The Sims 2, which could be a unique and interesting choice for your video.",Fashion,Lady Gaga,0,1,0,1,0,top1_generation_prompt_text_changed_only_precomputed_text_feature_unchanged
1896,kt2lmbNPFk4,kt2lmbNPFk4_C5PUb0hCtj4,zT4oLpN-d48_1LTNxxptCkE,zT4oLpN-d48,0,2,cf_lyrical_piano,top1_prompt_level_preference_counterfactual,original,top1_reference,"I prefer lyrical piano background music with a slow tempo, soft acoustic texture, gentle melody, and a calm sentimental mood.","That sounds great! I really like the mix of genres in your recommendation. However, I would like to incorporate some elements from TVXQ!'s music, especially their hip-hop and electronic components. I'm also interested in the dance and pop genres.","In that case, I recommend 'Hurt' by Lady Gaga. It's a track from her album 'Hurt'. This song combines elements of pop, R&B, and dance with a slow tempo and lyrical piano. It has a soothing and emotional vibe that could be a perfect fit for your video.","Allow me to recommend '왜 (Keep Your Head Down)' by 동방신기 (TVXQ!). It's a track from their album '왜 Keep Your Head Down'. This song combines elements of hip-hop, electronic, rock, and pop, which can add a dynamic and energetic vibe to your video. It falls under the genres of hip-hop, electronic, rock, pop, and dance. It has a techno and loud electronic sound as well.","Allow me to recommend 'Fashion' by Lady Gaga. It's a track from her album 'Fashion'. It combines elements of pop, electronic, and dance with strong female vocals. It was featured in Lady Gaga's first music video in The Sims 2, which could be a unique and interesting choice for your video.",Fashion,Lady Gaga,0,1,0,1,0,top1_generation_prompt_text_changed_only_precomputed_text_feature_unchanged
1897,bTOju_n8BJ4,bTOju_n8BJ4_ym5bIhHJvM4,bTOju_n8BJ4_ym5bIhHJvM4,bTOju_n8BJ4,1,1,original,top1_prompt_level_preference_counterfactual,original,top1_reference,"Sounds interesting, but I'm looking for something with a bit more of a dance and electronic vibe, with female vocals. Do you have any recommendations?","Sounds interesting, but I'm looking for something with a bit more of a dance and electronic vibe, with female vocals. Do you have any recommendations?","Absolutely! I would recommend 'Dance With Me' by DJ Danny. This track has a strong dance and electronic influence, with captivating female vocals. It's part of the album 'Dance With Me' and offers a vibrant and energetic sound that would be perfect for your video.","Absolutely! I suggest 'My life is mine' by Miriam Reyes, produced by Lupion. This track is a perfect fit for your needs as it has a dance, electronic vibe with female vocals. It will add a dynamic and energetic atmosphere to your video.","Absolutely! I suggest 'My life is mine' by Miriam Reyes, produced by Lupion. This track is a perfect fit for your needs as it has a dance, electronic vibe with female vocals. It will add a dynamic and energetic atmosphere to your video.",My life is mine,Miriam Reyes,0,0,0,1,0,top1_generation_prompt_text_changed_only_precomputed_text_feature_unchanged
1897,bTOju_n8BJ4,bTOju_n8BJ4_ym5bIhHJvM4,bTOju_n8BJ4_ym5bIhHJvM4,bTOju_n8BJ4,1,1,cf_upbeat_electronic,top1_prompt_level_preference_counterfactual,original,top1_reference,"I prefer upbeat electronic background music with a bright mood, clear rhythm, energetic beats, and a modern dance or pop feeling.","Sounds interesting, but I'm looking for something with a bit more of a dance and electronic vibe, with female vocals. Do you have any recommendations?","In that case, I recommend 'My Life Is Mine' by Miriam Reyes. It's a dance track with electronic and pop elements. The song has a fast-paced techno beat and a catchy melody that will add energy to your video.","Absolutely! I suggest 'My life is mine' by Miriam Reyes, produced by Lupion. This track is a perfect fit for your needs as it has a dance, electronic vibe with female vocals. It will add a dynamic and energetic atmosphere to your video.","Absolutely! I suggest 'My life is mine' by Miriam Reyes, produced by Lupion. This track is a perfect fit for your needs as it has a dance, electronic vibe with female vocals. It will add a dynamic and energetic atmosphere to your video.",My life is mine,Miriam Reyes,1,1,1,0,0,top1_generation_prompt_text_changed_only_precomputed_text_feature_unchanged
1897,bTOju_n8BJ4,bTOju_n8BJ4_ym5bIhHJvM4,bTOju_n8BJ4_ym5bIhHJvM4,bTOju_n8BJ4,1,1,cf_lyrical_piano,top1_prompt_level_preference_counterfactual,original,top1_reference,"I prefer lyrical piano background music with a slow tempo, soft acoustic texture, gentle melody, and a calm sentimental mood.","Sounds interesting, but I'm looking for something with a bit more of a dance and electronic vibe, with female vocals. Do you have any recommendations?","In that case, I would recommend 'My Life Is Mine' by Miriam Reyes. This track has a lyrical piano background with a slow tempo, soft acoustic texture, gentle melody, and a calm, sentimental mood. It's a beautiful song that will add a touch of emotion to your video.","Absolutely! I suggest 'My life is mine' by Miriam Reyes, produced by Lupion. This track is a perfect fit for your needs as it has a dance, electronic vibe with female vocals. It will add a dynamic and energetic atmosphere to your video.","Absolutely! I suggest 'My life is mine' by Miriam Reyes, produced by Lupion. This track is a perfect fit for your needs as it has a dance, electronic vibe with female vocals. It will add a dynamic and energetic atmosphere to your video.",My life is mine,Miriam Reyes,1,1,1,0,0,top1_generation_prompt_text_changed_only_precomputed_text_feature_unchanged
1919,8lC-j7d9vsA,8lC-j7d9vsA_xD52EgezbI8,B8HJHN-aIvE_rzUdJIPS3ho,B8HJHN-aIvE,0,3,original,top1_prompt_level_preference_counterfactual,original,top1_reference,"Sounds good, but I'm looking for something with a bit more of a rock and alternative vibe. Maybe something from the 00s?","Sounds good, but I'm looking for something with a bit more of a rock and alternative vibe. Maybe something from the 00s?","In that case, I would recommend 'Szczęście' by K.A.S.A. This track is part of the album 'Szczęście' and it perfectly captures the rock and alternative vibes you're looking for. It was released in the 00s, so it has that nostalgic feel.","In that case, I would recommend 'Dziki - Walcz by wygrywać'. Although I don't have specific information about the track, based on the given information that it has tags like Hip-Hop, rock, electronic, alternative, and 00s, it seems to fit your criteria. It might have a more rock and alternative vibe with a touch of electronic elements.","In that case, I would recommend 'Bounce' by DukeBox. This track has a unique blend of Hip-Hop, electronic, rock, and alternative genres. It has a fast tempo and a loud sound, which adds to its energetic feel. It's the perfect choice for creating an alternative and indie vibe in your video.",Bounce,DukeBox,0,0,0,1,0,top1_generation_prompt_text_changed_only_precomputed_text_feature_unchanged
1919,8lC-j7d9vsA,8lC-j7d9vsA_xD52EgezbI8,B8HJHN-aIvE_rzUdJIPS3ho,B8HJHN-aIvE,0,3,cf_upbeat_electronic,top1_prompt_level_preference_counterfactual,original,top1_reference,"I prefer upbeat electronic background music with a bright mood, clear rhythm, energetic beats, and a modern dance or pop feeling.","Sounds good, but I'm looking for something with a bit more of a rock and alternative vibe. Maybe something from the 00s?","In that case, I recommend 'Szczęście' by K.A.S.A. It's a track from their album 'Szczęście'. This song combines elements of Hip-Hop, electronic, rock, and pop, with a fast-paced techno beat and male vocals. It has a bright and energetic vibe that aligns well with your preferences.","In that case, I would recommend 'Dziki - Walcz by wygrywać'. Although I don't have specific information about the track, based on the given information that it has tags like Hip-Hop, rock, electronic, alternative, and 00s, it seems to fit your criteria. It might have a more rock and alternative vibe with a touch of electronic elements.","In that case, I would recommend 'Bounce' by DukeBox. This track has a unique blend of Hip-Hop, electronic, rock, and alternative genres. It has a fast tempo and a loud sound, which adds to its energetic feel. It's the perfect choice for creating an alternative and indie vibe in your video.",Bounce,DukeBox,0,0,0,1,0,top1_generation_prompt_text_changed_only_precomputed_text_feature_unchanged
1919,8lC-j7d9vsA,8lC-j7d9vsA_xD52EgezbI8,B8HJHN-aIvE_rzUdJIPS3ho,B8HJHN-aIvE,0,3,cf_lyrical_piano,top1_prompt_level_preference_counterfactual,original,top1_reference,"I prefer lyrical piano background music with a slow tempo, soft acoustic texture, gentle melody, and a calm sentimental mood.","Sounds good, but I'm looking for something with a bit more of a rock and alternative vibe. Maybe something from the 00s?","Allow me to recommend 'Piano' by DukeBox. It's a track from their album 'Piano'. It combines elements of hip-hop, electronic, and rock with a slow tempo and soft acoustic piano sound. The song has a gentle melody and a calm, sentimental mood that could be a fitting choice for your video.","In that case, I would recommend 'Dziki - Walcz by wygrywać'. Although I don't have specific information about the track, based on the given information that it has tags like Hip-Hop, rock, electronic, alternative, and 00s, it seems to fit your criteria. It might have a more rock and alternative vibe with a touch of electronic elements.","In that case, I would recommend 'Bounce' by DukeBox. This track has a unique blend of Hip-Hop, electronic, rock, and alternative genres. It has a fast tempo and a loud sound, which adds to its energetic feel. It's the perfect choice for creating an alternative and indie vibe in your video.",Bounce,DukeBox,0,1,0,1,0,top1_generation_prompt_text_changed_only_precomputed_text_feature_unchanged
1950,XS7C6uA8H7Y,XS7C6uA8H7Y_-xufahb_Szs,yoSObfeinFM_uJDm13pFDZE,yoSObfeinFM,0,11,original,top1_prompt_level_preference_counterfactual,original,top1_reference,"Sounds interesting, but I'm looking for a pop track with female vocals. Do you have any recommendations?","Sounds interesting, but I'm looking for a pop track with female vocals. Do you have any recommendations?",Absolutely! I suggest you listen to '캠핑보이' by 제인. This track is a pop song with female vocals. It has a catchy melody and a vibrant sound that will add a fun and energetic vibe to your video.,"Certainly! I would recommend 'Planos impossiveis' by Manu Gavassi. This pop track features captivating female vocals by Manu Gavassi herself. It has elements of rock, alternative, and indie genres as well, giving it a unique sound. It would be a perfect fit for your video.","Let me suggest '캠핑보이' by 제인. It's a track from their album '크게 숨을 쉬어봐요'. The song combines pop, electronic, and indie elements with female vocals. It has a unique and catchy sound that could add a distinctive touch to your video.",캠핑보이,제인,1,1,1,0,0,top1_generation_prompt_text_changed_only_precomputed_text_feature_unchanged
1950,XS7C6uA8H7Y,XS7C6uA8H7Y_-xufahb_Szs,yoSObfeinFM_uJDm13pFDZE,yoSObfeinFM,0,11,cf_upbeat_electronic,top1_prompt_level_preference_counterfactual,original,top1_reference,"I prefer upbeat electronic background music with a bright mood, clear rhythm, energetic beats, and a modern dance or pop feeling.","Sounds interesting, but I'm looking for a pop track with female vocals. Do you have any recommendations?",エンジョイ・マイ・ライフ (Enjoy My Life) by ジェニファー・チョイ (Jennifer Choi) is a track that aligns with your preferences. It's a pop song with electronic and indie influences. The song features female vocals and has a fast-paced rhythm that could be a great fit for your video.,"Certainly! I would recommend 'Planos impossiveis' by Manu Gavassi. This pop track features captivating female vocals by Manu Gavassi herself. It has elements of rock, alternative, and indie genres as well, giving it a unique sound. It would be a perfect fit for your video.","Let me suggest '캠핑보이' by 제인. It's a track from their album '크게 숨을 쉬어봐요'. The song combines pop, electronic, and indie elements with female vocals. It has a unique and catchy sound that could add a distinctive touch to your video.",캠핑보이,제인,0,0,0,1,0,top1_generation_prompt_text_changed_only_precomputed_text_feature_unchanged
1950,XS7C6uA8H7Y,XS7C6uA8H7Y_-xufahb_Szs,yoSObfeinFM_uJDm13pFDZE,yoSObfeinFM,0,11,cf_lyrical_piano,top1_prompt_level_preference_counterfactual,original,top1_reference,"I prefer lyrical piano background music with a slow tempo, soft acoustic texture, gentle melody, and a calm sentimental mood.","Sounds interesting, but I'm looking for a pop track with female vocals. Do you have any recommendations?","Allow me to recommend '캠핑보이' by 제인. It's a track from the album '캠핑보이'. This song combines elements of pop, indie, and rock with a slow tempo and acoustic sound. It has a lyrical piano melody and a gentle, sentimental mood that could be a fitting choice for your video.","Certainly! I would recommend 'Planos impossiveis' by Manu Gavassi. This pop track features captivating female vocals by Manu Gavassi herself. It has elements of rock, alternative, and indie genres as well, giving it a unique sound. It would be a perfect fit for your video.","Let me suggest '캠핑보이' by 제인. It's a track from their album '크게 숨을 쉬어봐요'. The song combines pop, electronic, and indie elements with female vocals. It has a unique and catchy sound that could add a distinctive touch to your video.",캠핑보이,제인,1,1,1,0,0,top1_generation_prompt_text_changed_only_precomputed_text_feature_unchanged
2011,FVVJNFvoRNg,FVVJNFvoRNg_YAkJaQTIZts,AyRo97QYbnI_lr-7lar7IAk,AyRo97QYbnI,0,27,original,top1_prompt_level_preference_counterfactual,original,top1_reference,"I like the recommendation, but I also want to incorporate some electronic beats and dance elements into my video. Do you have any suggestions?","I like the recommendation, but I also want to incorporate some electronic beats and dance elements into my video. Do you have any suggestions?","Certainly! How about 'Dancehall' by D.O.P.E.? It's a track from their album 'Dancehall'. This song combines elements of electronic, dance, and pop genres, which could be a great fit for your video. It has a fast-paced techno beat and catchy dance elements that will add energy to your video.","Certainly! How about the track 'Shayni' by Elji? It's from the album 'LEXXUS RIDDIM' and combines hip-hop, electronic, rock, and dance genres. This track also has elements of electro and features a male vocal. It could add a catchy and energetic vibe to your video.","Allow me to recommend 'passa pasa.Remix_omar cedeño_vj JOSE_CARDENAS'. It's a track with a hip-hop, electronic, pop, R&B, and dance style. Although I don't have much information about this specific track, it aligns well with the styles you're looking for. It was remixed by Omar Cedeño and VJ Jose Cardenas, and they are based in Guayaquil, Ecuador.",,,,,,0,0,top1_generation_prompt_text_changed_only_precomputed_text_feature_unchanged
2011,FVVJNFvoRNg,FVVJNFvoRNg_YAkJaQTIZts,AyRo97QYbnI_lr-7lar7IAk,AyRo97QYbnI,0,27,cf_upbeat_electronic,top1_prompt_level_preference_counterfactual,original,top1_reference,"I prefer upbeat electronic background music with a bright mood, clear rhythm, energetic beats, and a modern dance or pop feeling.","I like the recommendation, but I also want to incorporate some electronic beats and dance elements into my video. Do you have any suggestions?","In that case, 'Baby I'm Sorry' by Mr. Killah would be a perfect fit for your dance video. This track is a vibrant mix of Hip-Hop, electronic, dance, pop, and R&B, with a fast beat and a catchy rhythm that will surely get your audience moving. It's part of the album 'Baby I'm Sorry' by Mr. Killah.","Certainly! How about the track 'Shayni' by Elji? It's from the album 'LEXXUS RIDDIM' and combines hip-hop, electronic, rock, and dance genres. This track also has elements of electro and features a male vocal. It could add a catchy and energetic vibe to your video.","Allow me to recommend 'passa pasa.Remix_omar cedeño_vj JOSE_CARDENAS'. It's a track with a hip-hop, electronic, pop, R&B, and dance style. Although I don't have much information about this specific track, it aligns well with the styles you're looking for. It was remixed by Omar Cedeño and VJ Jose Cardenas, and they are based in Guayaquil, Ecuador.",,,,,,0,0,top1_generation_prompt_text_changed_only_precomputed_text_feature_unchanged
2011,FVVJNFvoRNg,FVVJNFvoRNg_YAkJaQTIZts,AyRo97QYbnI_lr-7lar7IAk,AyRo97QYbnI,0,27,cf_lyrical_piano,top1_prompt_level_preference_counterfactual,original,top1_reference,"I prefer lyrical piano background music with a slow tempo, soft acoustic texture, gentle melody, and a calm sentimental mood.","I like the recommendation, but I also want to incorporate some electronic beats and dance elements into my video. Do you have any suggestions?",10000000000000000000000000000000000000000000000000000000000000000000000000000000000000000000000000000000000000000000000000000000,"Certainly! How about the track 'Shayni' by Elji? It's from the album 'LEXXUS RIDDIM' and combines hip-hop, electronic, rock, and dance genres. This track also has elements of electro and features a male vocal. It could add a catchy and energetic vibe to your video.","Allow me to recommend 'passa pasa.Remix_omar cedeño_vj JOSE_CARDENAS'. It's a track with a hip-hop, electronic, pop, R&B, and dance style. Although I don't have much information about this specific track, it aligns well with the styles you're looking for. It was remixed by Omar Cedeño and VJ Jose Cardenas, and they are based in Guayaquil, Ecuador.",,,,,,0,0,top1_generation_prompt_text_changed_only_precomputed_text_feature_unchanged
2014,3t8sLQEPY0o,3t8sLQEPY0o_aoGA3sc0aMA,3t8sLQEPY0o_aoGA3sc0aMA,3t8sLQEPY0o,1,1,original,top1_prompt_level_preference_counterfactual,original,top1_reference,"That sounds great! I like the rock and electronic genres in your recommendation. However, I'm also interested in incorporating some punk and hard rock elements into the music. Do you have any recommendations that fit these criteria?","That sounds great! I like the rock and electronic genres in your recommendation. However, I'm also interested in incorporating some punk and hard rock elements into the music. Do you have any recommendations that fit these criteria?","Allow me to recommend 'Cómo Baila la Novia' by Roco. It's a track from their album 'Cómo Baila la Novia'. This song combines elements of rock, punk, and hard rock, which aligns well with the intense and energetic vibe you're looking for. It was released in 2012 and has a fast-paced and loud sound.","Sure! Let me recommend 'Cómo Baila la Novia' by Roco. It's a track from their self-titled album. The song combines elements of rock, alternative, and punk, with a touch of hard rock. It has a fast-paced drum and guitar-driven sound, which can add a powerful and energetic vibe to your fitness video.","Sure! Let me recommend 'Cómo Baila la Novia' by Roco. It's a track from their self-titled album. The song combines elements of rock, alternative, and punk, with a touch of hard rock. It has a fast-paced drum and guitar-driven sound, which can add a powerful and energetic vibe to your fitness video.",Cómo Baila la Novia,Roco,1,1,1,0,0,top1_generation_prompt_text_changed_only_precomputed_text_feature_unchanged
2014,3t8sLQEPY0o,3t8sLQEPY0o_aoGA3sc0aMA,3t8sLQEPY0o_aoGA3sc0aMA,3t8sLQEPY0o,1,1,cf_upbeat_electronic,top1_prompt_level_preference_counterfactual,original,top1_reference,"I prefer upbeat electronic background music with a bright mood, clear rhythm, energetic beats, and a modern dance or pop feeling.","That sounds great! I like the rock and electronic genres in your recommendation. However, I'm also interested in incorporating some punk and hard rock elements into the music. Do you have any recommendations that fit these criteria?","In that case, I recommend 'Cómo Baila la Novia' by Roco. It's a rock and pop track with a fast-paced electronic sound. The song has a techno and loud sound, which aligns well with the energetic and modern dance vibe you're looking for.","Sure! Let me recommend 'Cómo Baila la Novia' by Roco. It's a track from their self-titled album. The song combines elements of rock, alternative, and punk, with a touch of hard rock. It has a fast-paced drum and guitar-driven sound, which can add a powerful and energetic vibe to your fitness video.","Sure! Let me recommend 'Cómo Baila la Novia' by Roco. It's a track from their self-titled album. The song combines elements of rock, alternative, and punk, with a touch of hard rock. It has a fast-paced drum and guitar-driven sound, which can add a powerful and energetic vibe to your fitness video.",Cómo Baila la Novia,Roco,1,1,1,0,0,top1_generation_prompt_text_changed_only_precomputed_text_feature_unchanged
2014,3t8sLQEPY0o,3t8sLQEPY0o_aoGA3sc0aMA,3t8sLQEPY0o_aoGA3sc0aMA,3t8sLQEPY0o,1,1,cf_lyrical_piano,top1_prompt_level_preference_counterfactual,original,top1_reference,"I prefer lyrical piano background music with a slow tempo, soft acoustic texture, gentle melody, and a calm sentimental mood.","That sounds great! I like the rock and electronic genres in your recommendation. However, I'm also interested in incorporating some punk and hard rock elements into the music. Do you have any recommendations that fit these criteria?",10000000000000000000000000000000000000000000000000000000000000000000000000000000000000000000000000000000000000000000000000000000,"Sure! Let me recommend 'Cómo Baila la Novia' by Roco. It's a track from their self-titled album. The song combines elements of rock, alternative, and punk, with a touch of hard rock. It has a fast-paced drum and guitar-driven sound, which can add a powerful and energetic vibe to your fitness video.","Sure! Let me recommend 'Cómo Baila la Novia' by Roco. It's a track from their self-titled album. The song combines elements of rock, alternative, and punk, with a touch of hard rock. It has a fast-paced drum and guitar-driven sound, which can add a powerful and energetic vibe to your fitness video.",Cómo Baila la Novia,Roco,0,0,0,1,0,top1_generation_prompt_text_changed_only_precomputed_text_feature_unchanged
2058,btRS8oEZTps,btRS8oEZTps_fjJdFm0fj-o,RfG061PIazk_lIDWbCDR4zs,RfG061PIazk,0,37,original,top1_prompt_level_preference_counterfactual,original,top1_reference,"That sounds great! I'm also interested in incorporating some elements of MobSquad Carollina's style, particularly their hip-hop and rock influences. Can you recommend a track that combines those genres?","That sounds great! I'm also interested in incorporating some elements of MobSquad Carollina's style, particularly their hip-hop and rock influences. Can you recommend a track that combines those genres?","Certainly! I recommend 'MobSquad Carollina' by MobSquad Carollina. It's a track that combines elements of hip-hop, rock, and electronic music. The song has a unique blend of genres and features male vocals. It was released in 2013 and has a distinctive style that could add an interesting touch to your video.","Certainly! I suggest checking out 'The Cypher' by MobSquad Carollina. It's a track from their album 'Triangle Offense' and it blends hip-hop, electronic, and rock elements. The song was produced by PET Da Rocka and has a unique and energetic sound. It's a great choice if you want to incorporate hip-hop and rock vibes into your video.","I suggest 'Vica Versa' by Var Lewis ft. Splurge from the album 'Greatest Hits vol. 1'. This track features Pastor Troy and captures his unique style. It blends hip-hop, rock, and electronic genres with experimental and alternative influences. The song provides intricate insight into the flamboyant lifestyle of fashion, making it a fitting choice for your video.",Vica Versa,Var Lewis ft,0,0,0,1,0,top1_generation_prompt_text_changed_only_precomputed_text_feature_unchanged
2058,btRS8oEZTps,btRS8oEZTps_fjJdFm0fj-o,RfG061PIazk_lIDWbCDR4zs,RfG061PIazk,0,37,cf_upbeat_electronic,top1_prompt_level_preference_counterfactual,original,top1_reference,"I prefer upbeat electronic background music with a bright mood, clear rhythm, energetic beats, and a modern dance or pop feeling.","That sounds great! I'm also interested in incorporating some elements of MobSquad Carollina's style, particularly their hip-hop and rock influences. Can you recommend a track that combines those genres?","In that case, I would recommend 'I'm On It' by D.O.P.E. featuring D.O.P.E. It's a track that combines elements of Hip-Hop, electronic, rock, and pop, with a dance vibe. The song has a fast-paced beat and energetic drums that will give your video a modern and upbeat feel.","Certainly! I suggest checking out 'The Cypher' by MobSquad Carollina. It's a track from their album 'Triangle Offense' and it blends hip-hop, electronic, and rock elements. The song was produced by PET Da Rocka and has a unique and energetic sound. It's a great choice if you want to incorporate hip-hop and rock vibes into your video.","I suggest 'Vica Versa' by Var Lewis ft. Splurge from the album 'Greatest Hits vol. 1'. This track features Pastor Troy and captures his unique style. It blends hip-hop, rock, and electronic genres with experimental and alternative influences. The song provides intricate insight into the flamboyant lifestyle of fashion, making it a fitting choice for your video.",Vica Versa,Var Lewis ft,0,0,0,1,0,top1_generation_prompt_text_changed_only_precomputed_text_feature_unchanged
2058,btRS8oEZTps,btRS8oEZTps_fjJdFm0fj-o,RfG061PIazk_lIDWbCDR4zs,RfG061PIazk,0,37,cf_lyrical_piano,top1_prompt_level_preference_counterfactual,original,top1_reference,"I prefer lyrical piano background music with a slow tempo, soft acoustic texture, gentle melody, and a calm sentimental mood.","That sounds great! I'm also interested in incorporating some elements of MobSquad Carollina's style, particularly their hip-hop and rock influences. Can you recommend a track that combines those genres?","In that case, I would recommend 'Vica Versa' by Var Lewis ft. Vica. This track combines the lyrical piano background music you're looking for with a slow tempo, soft acoustic texture, and a gentle melody. It has a calm and sentimental mood that would be perfect for your video.","Certainly! I suggest checking out 'The Cypher' by MobSquad Carollina. It's a track from their album 'Triangle Offense' and it blends hip-hop, electronic, and rock elements. The song was produced by PET Da Rocka and has a unique and energetic sound. It's a great choice if you want to incorporate hip-hop and rock vibes into your video.","I suggest 'Vica Versa' by Var Lewis ft. Splurge from the album 'Greatest Hits vol. 1'. This track features Pastor Troy and captures his unique style. It blends hip-hop, rock, and electronic genres with experimental and alternative influences. The song provides intricate insight into the flamboyant lifestyle of fashion, making it a fitting choice for your video.",Vica Versa,Var Lewis ft,1,1,1,0,0,top1_generation_prompt_text_changed_only_precomputed_text_feature_unchanged
2060,vJ4se76h4pg,vJ4se76h4pg_E4o8oOlzTAQ,-IUgd4uCUY0_Mu6TO4w-bAc,-IUgd4uCUY0,0,5,original,top1_prompt_level_preference_counterfactual,original,top1_reference,"That sounds great, I like the rock and alternative types in your music recommendations. But I also want to incorporate a bit more of DESPISTAOS's style, especially their indie and punk components. I'm also interested in pop and drum influences.","That sounds great, I like the rock and alternative types in your music recommendations. But I also want to incorporate a bit more of DESPISTAOS's style, especially their indie and punk components. I'm also interested in pop and drum influences.","Allow me to recommend 'Cuando Te Vayas' by DESPISTAOS. It's a track from their album 'Cuando Te Vayas'. It combines elements of indie rock, punk, and alternative with a pop influence. The song has a fast-paced and energetic sound with prominent drums, which could be a fitting choice for your video.","Allow me to recommend 'EMBRUJADA' by DESPISTAOS. It's a rock track with indie and alternative rock influences. Although I don't have much information about this specific track, DESPISTAOS is known for their punk and alternative style, which might align with the energy and drum elements you're looking for in your project.","In that case, I would recommend 'Uhul - Portas Abertas'. This track is from the album 'Mais Cerveja Que Juízo' and it perfectly captures the indie rock and alternative influences you're looking for. The band Uhul is known for their energetic and catchy music, and this track is no exception.",,,,,,0,0,top1_generation_prompt_text_changed_only_precomputed_text_feature_unchanged
2060,vJ4se76h4pg,vJ4se76h4pg_E4o8oOlzTAQ,-IUgd4uCUY0_Mu6TO4w-bAc,-IUgd4uCUY0,0,5,cf_upbeat_electronic,top1_prompt_level_preference_counterfactual,original,top1_reference,"I prefer upbeat electronic background music with a bright mood, clear rhythm, energetic beats, and a modern dance or pop feeling.","That sounds great, I like the rock and alternative types in your music recommendations. But I also want to incorporate a bit more of DESPISTAOS's style, especially their indie and punk components. I'm also interested in pop and drum influences.","In that case, I recommend 'Sunshine' by The Dirty Heads. It's a track from their album 'Any Port in a Storm'. This song combines rock, indie, and alternative elements with a fast-paced rhythm and energetic beats. It has a modern dance and pop feel that could be a great fit for your video.","Allow me to recommend 'EMBRUJADA' by DESPISTAOS. It's a rock track with indie and alternative rock influences. Although I don't have much information about this specific track, DESPISTAOS is known for their punk and alternative style, which might align with the energy and drum elements you're looking for in your project.","In that case, I would recommend 'Uhul - Portas Abertas'. This track is from the album 'Mais Cerveja Que Juízo' and it perfectly captures the indie rock and alternative influences you're looking for. The band Uhul is known for their energetic and catchy music, and this track is no exception.",,,,,,0,0,top1_generation_prompt_text_changed_only_precomputed_text_feature_unchanged
2060,vJ4se76h4pg,vJ4se76h4pg_E4o8oOlzTAQ,-IUgd4uCUY0_Mu6TO4w-bAc,-IUgd4uCUY0,0,5,cf_lyrical_piano,top1_prompt_level_preference_counterfactual,original,top1_reference,"I prefer lyrical piano background music with a slow tempo, soft acoustic texture, gentle melody, and a calm sentimental mood.","That sounds great, I like the rock and alternative types in your music recommendations. But I also want to incorporate a bit more of DESPISTAOS's style, especially their indie and punk components. I'm also interested in pop and drum influences.",在您的要求中，我們推薦的是「將來的我」MV，它具有穩定的旋律、慢板的速度、和柔軟的鍵盤演奏，這樣的音樂將會帶來悲傷的感覺，適合您的要,"Allow me to recommend 'EMBRUJADA' by DESPISTAOS. It's a rock track with indie and alternative rock influences. Although I don't have much information about this specific track, DESPISTAOS is known for their punk and alternative style, which might align with the energy and drum elements you're looking for in your project.","In that case, I would recommend 'Uhul - Portas Abertas'. This track is from the album 'Mais Cerveja Que Juízo' and it perfectly captures the indie rock and alternative influences you're looking for. The band Uhul is known for their energetic and catchy music, and this track is no exception.",,,,,,0,0,top1_generation_prompt_text_changed_only_precomputed_text_feature_unchanged
2072,yCBk4C1_90A,yCBk4C1_90A_35Ke6zvmb4k,boxX2HgnrBc_ZSQ15En9syM,boxX2HgnrBc,0,4,original,top1_prompt_level_preference_counterfactual,original,top1_reference,"That sounds great! However, I would also like to include some electronic and dance elements in the music, similar to Beyoncé's 'Run the World (Girls)'. Can you suggest something that combines rock with electronic and dance influences?","That sounds great! However, I would also like to include some electronic and dance elements in the music, similar to Beyoncé's 'Run the World (Girls)'. Can you suggest something that combines rock with electronic and dance influences?","Certainly! How about 'Run the World (Girls)' by Beyoncé? It's a pop and electronic track with dance and R&B elements. The song features female vocals and has a fast-paced techno beat. It could be a fitting choice for your video, combining the rock vibe with electronic and dance influences.",Certainly! How about 'Run the World (Girls)' by Beyoncé? It's a dance-pop track with electronic and house influences. The song features strong female vocals and energetic beats that could complement the rock elements you're looking for. It was released as a single and has gained popularity for its empowering message.,Sure! How about the track 'Top 10 Most Viewed videos of 2012 {HD}' by YearlyRecords? It's an electronic and dance track with techno and fast beats. It has a similar electronic sound to Willow Smith's 'Summer Fling' and could add the techno elements you're looking for in your video.,Top 10 Most Viewed videos of 2012 {HD},YearlyRecords,0,0,0,1,0,top1_generation_prompt_text_changed_only_precomputed_text_feature_unchanged
2072,yCBk4C1_90A,yCBk4C1_90A_35Ke6zvmb4k,boxX2HgnrBc_ZSQ15En9syM,boxX2HgnrBc,0,4,cf_upbeat_electronic,top1_prompt_level_preference_counterfactual,original,top1_reference,"I prefer upbeat electronic background music with a bright mood, clear rhythm, energetic beats, and a modern dance or pop feeling.","That sounds great! However, I would also like to include some electronic and dance elements in the music, similar to Beyoncé's 'Run the World (Girls)'. Can you suggest something that combines rock with electronic and dance influences?","In that case, I recommend 'Titanium' by David Guetta featuring Sia. It's a popular track with a bright mood, clear rhythm, energetic beats, and a modern dance or pop feel. It's a great choice for your video.",Certainly! How about 'Run the World (Girls)' by Beyoncé? It's a dance-pop track with electronic and house influences. The song features strong female vocals and energetic beats that could complement the rock elements you're looking for. It was released as a single and has gained popularity for its empowering message.,Sure! How about the track 'Top 10 Most Viewed videos of 2012 {HD}' by YearlyRecords? It's an electronic and dance track with techno and fast beats. It has a similar electronic sound to Willow Smith's 'Summer Fling' and could add the techno elements you're looking for in your video.,Top 10 Most Viewed videos of 2012 {HD},YearlyRecords,0,0,0,1,0,top1_generation_prompt_text_changed_only_precomputed_text_feature_unchanged
2072,yCBk4C1_90A,yCBk4C1_90A_35Ke6zvmb4k,boxX2HgnrBc_ZSQ15En9syM,boxX2HgnrBc,0,4,cf_lyrical_piano,top1_prompt_level_preference_counterfactual,original,top1_reference,"I prefer lyrical piano background music with a slow tempo, soft acoustic texture, gentle melody, and a calm sentimental mood.","That sounds great! However, I would also like to include some electronic and dance elements in the music, similar to Beyoncé's 'Run the World (Girls)'. Can you suggest something that combines rock with electronic and dance influences?","In that case, I recommend the track 'Lyrical Piano - 100' by Piano Tutorials. It's a beautiful piano piece with a lyrical and emotional touch. The track is perfect for creating a soothing and sentimental atmosphere in your video.",Certainly! How about 'Run the World (Girls)' by Beyoncé? It's a dance-pop track with electronic and house influences. The song features strong female vocals and energetic beats that could complement the rock elements you're looking for. It was released as a single and has gained popularity for its empowering message.,Sure! How about the track 'Top 10 Most Viewed videos of 2012 {HD}' by YearlyRecords? It's an electronic and dance track with techno and fast beats. It has a similar electronic sound to Willow Smith's 'Summer Fling' and could add the techno elements you're looking for in your video.,Top 10 Most Viewed videos of 2012 {HD},YearlyRecords,0,0,0,1,0,top1_generation_prompt_text_changed_only_precomputed_text_feature_unchanged
2088,ZRntURxcjYg,ZRntURxcjYg_dapK0eqVQQU,Nbc_Whvg7vY_snmIy6pOv4Q,Nbc_Whvg7vY,0,6,original,top1_prompt_level_preference_counterfactual,original,top1_reference,"That's a great suggestion! I really like the rock and metal elements in your recommendations. However, I would like to include some rock and indie influences in the music as well. Can you recommend something that combines these styles?","That's a great suggestion! I really like the rock and metal elements in your recommendations. However, I would like to include some rock and indie influences in the music as well. Can you recommend something that combines these styles?","Allow me to recommend 'ハロー、ハロー' by DATSUN320. It's a track from their album 'ハロー、ハロー'. This song combines elements of rock, indie, and alternative with a touch of punk. It has a guitar-driven sound and features male vocals. It was released in 2009 and could be a fitting choice for your video.","Sure! How about 'Sakuramitsutsuki' by SPYAIR? It's a track by SPYAIR, known for their rock, indie, punk, and alternative rock style. This song was released as their 10th single and was featured as the opening theme for the anime 'Gintama'. It has a rock sound with a mix of guitar, drums, and vocals.","In that case, I would recommend the track 'ハロー、ハロー' by DATSUN320. This track is by the band DATSUN320 and has a rock and indie sound, which aligns with your preferences. It is part of the 'DATSUN320　ハローハローPV' and fits well with your video theme.",ハロー、ハロー,DATSUN320,1,1,1,0,0,top1_generation_prompt_text_changed_only_precomputed_text_feature_unchanged
2088,ZRntURxcjYg,ZRntURxcjYg_dapK0eqVQQU,Nbc_Whvg7vY_snmIy6pOv4Q,Nbc_Whvg7vY,0,6,cf_upbeat_electronic,top1_prompt_level_preference_counterfactual,original,top1_reference,"I prefer upbeat electronic background music with a bright mood, clear rhythm, energetic beats, and a modern dance or pop feeling.","That's a great suggestion! I really like the rock and metal elements in your recommendations. However, I would like to include some rock and indie influences in the music as well. Can you recommend something that combines these styles?",エンジョイ・エンジョイ by 桑田佳祐 from the album 桑田佳祐 19 ～桑田佳祐 遊戯箱～. It’s a rock track with indie and alternative influences. The song has a fast-paced rhythm and energetic beats that could be a fitting choice for your video.,"Sure! How about 'Sakuramitsutsuki' by SPYAIR? It's a track by SPYAIR, known for their rock, indie, punk, and alternative rock style. This song was released as their 10th single and was featured as the opening theme for the anime 'Gintama'. It has a rock sound with a mix of guitar, drums, and vocals.","In that case, I would recommend the track 'ハロー、ハロー' by DATSUN320. This track is by the band DATSUN320 and has a rock and indie sound, which aligns with your preferences. It is part of the 'DATSUN320　ハローハローPV' and fits well with your video theme.",ハロー、ハロー,DATSUN320,0,0,0,1,0,top1_generation_prompt_text_changed_only_precomputed_text_feature_unchanged
2088,ZRntURxcjYg,ZRntURxcjYg_dapK0eqVQQU,Nbc_Whvg7vY_snmIy6pOv4Q,Nbc_Whvg7vY,0,6,cf_lyrical_piano,top1_prompt_level_preference_counterfactual,original,top1_reference,"I prefer lyrical piano background music with a slow tempo, soft acoustic texture, gentle melody, and a calm sentimental mood.","That's a great suggestion! I really like the rock and metal elements in your recommendations. However, I would like to include some rock and indie influences in the music as well. Can you recommend something that combines these styles?","は I recommend 'ハロー、ハロー' by DATSUN320. It's a track from their album 'ハロー、ハロー'. This song combines elements of rock, indie, and alternative with a slow tempo and piano-driven melody. It has a sentimental and emotional vibe that could be a fitting choice for your video.","Sure! How about 'Sakuramitsutsuki' by SPYAIR? It's a track by SPYAIR, known for their rock, indie, punk, and alternative rock style. This song was released as their 10th single and was featured as the opening theme for the anime 'Gintama'. It has a rock sound with a mix of guitar, drums, and vocals.","In that case, I would recommend the track 'ハロー、ハロー' by DATSUN320. This track is by the band DATSUN320 and has a rock and indie sound, which aligns with your preferences. It is part of the 'DATSUN320　ハローハローPV' and fits well with your video theme.",ハロー、ハロー,DATSUN320,1,1,1,0,0,top1_generation_prompt_text_changed_only_precomputed_text_feature_unchanged
2116,i8bWAIOD5Mc,i8bWAIOD5Mc__BnNJkJUDbQ,gZ4g2c5vZec_-c_1948S2sA,gZ4g2c5vZec,0,15,original,top1_prompt_level_preference_counterfactual,original,top1_reference,"That sounds great, but I also want to incorporate some hip-hop and hip-hop elements into the music. Can you recommend something that combines electronic dance with hip-hop?","That sounds great, but I also want to incorporate some hip-hop and hip-hop elements into the music. Can you recommend something that combines electronic dance with hip-hop?","Allow me to recommend 'Baby King' by YAMAMAS featuring Baby King. It's a track from their album 'YAMAMAS'. It combines elements of hip-hop, electronic, and dance with a fast-paced beat. The song has a techno and electronic sound with a strong hip-hop influence. It was released in 2010 and may contain the specific elements you're looking for.","Sure! How about 'Tacatá' by Tacabro? It's a popular dance track that combines electronic and hip-hop elements. Although it doesn't have a specific description, it's tagged as dance, electronic, hip-hop, house, and electro. It could be a fitting choice for your video as it brings together the energetic and vibrant vibes of electronic dance and the rhythmic elements of hip-hop.","Let me suggest 'HotBoy' by YAMAMAS featuring Baby King. It's a track from their album 'Love & Dance', which is available for free download. The song combines hip-hop, electronic, and indie influences, creating a unique and catchy sound. It was produced by Baby King, who brings a distinct beat to the track.",HotBoy,YAMAMAS featuring Baby King,0,1,0,1,0,top1_generation_prompt_text_changed_only_precomputed_text_feature_unchanged
2116,i8bWAIOD5Mc,i8bWAIOD5Mc__BnNJkJUDbQ,gZ4g2c5vZec_-c_1948S2sA,gZ4g2c5vZec,0,15,cf_upbeat_electronic,top1_prompt_level_preference_counterfactual,original,top1_reference,"I prefer upbeat electronic background music with a bright mood, clear rhythm, energetic beats, and a modern dance or pop feeling.","That sounds great, but I also want to incorporate some hip-hop and hip-hop elements into the music. Can you recommend something that combines electronic dance with hip-hop?","Based on your preferences, I recommend 'Baby King' by YAMAMAS featuring Baby King. It's an electronic track with a fast beat and catchy pop elements. The song has a bright and energetic vibe that aligns well with your requirements.","Sure! How about 'Tacatá' by Tacabro? It's a popular dance track that combines electronic and hip-hop elements. Although it doesn't have a specific description, it's tagged as dance, electronic, hip-hop, house, and electro. It could be a fitting choice for your video as it brings together the energetic and vibrant vibes of electronic dance and the rhythmic elements of hip-hop.","Let me suggest 'HotBoy' by YAMAMAS featuring Baby King. It's a track from their album 'Love & Dance', which is available for free download. The song combines hip-hop, electronic, and indie influences, creating a unique and catchy sound. It was produced by Baby King, who brings a distinct beat to the track.",HotBoy,YAMAMAS featuring Baby King,0,1,0,1,0,top1_generation_prompt_text_changed_only_precomputed_text_feature_unchanged
2116,i8bWAIOD5Mc,i8bWAIOD5Mc__BnNJkJUDbQ,gZ4g2c5vZec_-c_1948S2sA,gZ4g2c5vZec,0,15,cf_lyrical_piano,top1_prompt_level_preference_counterfactual,original,top1_reference,"I prefer lyrical piano background music with a slow tempo, soft acoustic texture, gentle melody, and a calm sentimental mood.","That sounds great, but I also want to incorporate some hip-hop and hip-hop elements into the music. Can you recommend something that combines electronic dance with hip-hop?","I recommend 'Lyrical Piano' by Piano Tutorials. It's a track that combines hip-hop, electronic, and pop elements with a slow tempo and a lyrical piano background. The song has a soft acoustic texture and a calm, sentimental mood that could be a great fit for your video.","Sure! How about 'Tacatá' by Tacabro? It's a popular dance track that combines electronic and hip-hop elements. Although it doesn't have a specific description, it's tagged as dance, electronic, hip-hop, house, and electro. It could be a fitting choice for your video as it brings together the energetic and vibrant vibes of electronic dance and the rhythmic elements of hip-hop.","Let me suggest 'HotBoy' by YAMAMAS featuring Baby King. It's a track from their album 'Love & Dance', which is available for free download. The song combines hip-hop, electronic, and indie influences, creating a unique and catchy sound. It was produced by Baby King, who brings a distinct beat to the track.",HotBoy,YAMAMAS featuring Baby King,0,0,0,1,0,top1_generation_prompt_text_changed_only_precomputed_text_feature_unchanged
2172,sBTkevwy9xo,sBTkevwy9xo_i8Q6ZmEVZxI,Hw8xcOo1QEk_i3lH-Ys9JQs,Hw8xcOo1QEk,0,5,original,top1_prompt_level_preference_counterfactual,original,top1_reference,"That sounds great, but I also want to include ES Posthumus' unique style in my video. They are known for their rock and electronic music with indie and alternative influences. Can you suggest a track that combines these elements?","That sounds great, but I also want to include ES Posthumus' unique style in my video. They are known for their rock and electronic music with indie and alternative influences. Can you suggest a track that combines these elements?","Certainly! I recommend 'The Last Goodbye' by ES Posthumus. It's a track from their album 'The Last Goodbye'. The song combines rock, electronic, and indie elements, which aligns well with the style you're looking for. It has a unique blend of guitar and electronic sounds that could add an interesting touch to your video.",Certainly! I recommend 'Louder Than Words' by ES Posthumus. It's a track from their album 'Les Friction Album'. This song blends rock and electronic elements with an experimental and alternative touch. It has a powerful and intense sound that could complement the energetic vibe of your video.,"Allow me to recommend 'Warriors' by Imagine Dragons. It's a track from their album 'Warriors'. It combines elements of rock, indie, and alternative rock with male vocals. The song has a loud and energetic sound that could be a fitting choice for your video.",Warriors,Imagine Dragons,0,0,0,1,0,top1_generation_prompt_text_changed_only_precomputed_text_feature_unchanged
2172,sBTkevwy9xo,sBTkevwy9xo_i8Q6ZmEVZxI,Hw8xcOo1QEk_i3lH-Ys9JQs,Hw8xcOo1QEk,0,5,cf_upbeat_electronic,top1_prompt_level_preference_counterfactual,original,top1_reference,"I prefer upbeat electronic background music with a bright mood, clear rhythm, energetic beats, and a modern dance or pop feeling.","That sounds great, but I also want to include ES Posthumus' unique style in my video. They are known for their rock and electronic music with indie and alternative influences. Can you suggest a track that combines these elements?","In that case, I recommend 'Warriors' by Imagine Dragons. It's a rock track with indie and alternative influences. The song has a fast-paced rhythm and energetic beats, which align with your preferences. It was featured in the movie 'The Hunger Games: Catching Fire' and could add a dynamic and modern feel to your video.",Certainly! I recommend 'Louder Than Words' by ES Posthumus. It's a track from their album 'Les Friction Album'. This song blends rock and electronic elements with an experimental and alternative touch. It has a powerful and intense sound that could complement the energetic vibe of your video.,"Allow me to recommend 'Warriors' by Imagine Dragons. It's a track from their album 'Warriors'. It combines elements of rock, indie, and alternative rock with male vocals. The song has a loud and energetic sound that could be a fitting choice for your video.",Warriors,Imagine Dragons,1,1,1,0,0,top1_generation_prompt_text_changed_only_precomputed_text_feature_unchanged
2172,sBTkevwy9xo,sBTkevwy9xo_i8Q6ZmEVZxI,Hw8xcOo1QEk_i3lH-Ys9JQs,Hw8xcOo1QEk,0,5,cf_lyrical_piano,top1_prompt_level_preference_counterfactual,original,top1_reference,"I prefer lyrical piano background music with a slow tempo, soft acoustic texture, gentle melody, and a calm sentimental mood.","That sounds great, but I also want to include ES Posthumus' unique style in my video. They are known for their rock and electronic music with indie and alternative influences. Can you suggest a track that combines these elements?","In that case, I recommend 'Warriors' by Imagine Dragons. This track is a perfect fit for your video as it combines rock, indie, alternative, and pop elements with a slow tempo, soft acoustic texture, and a gentle melody. It has a calm and sentimental mood that will enhance the emotional impact of your video.",Certainly! I recommend 'Louder Than Words' by ES Posthumus. It's a track from their album 'Les Friction Album'. This song blends rock and electronic elements with an experimental and alternative touch. It has a powerful and intense sound that could complement the energetic vibe of your video.,"Allow me to recommend 'Warriors' by Imagine Dragons. It's a track from their album 'Warriors'. It combines elements of rock, indie, and alternative rock with male vocals. The song has a loud and energetic sound that could be a fitting choice for your video.",Warriors,Imagine Dragons,1,1,1,0,0,top1_generation_prompt_text_changed_only_precomputed_text_feature_unchanged
2176,3LJM-jE1ms4,3LJM-jE1ms4_A84hNilKxFM,vA7tgjBLKwI_y38LzsbOAVY,vA7tgjBLKwI,0,23,original,top1_prompt_level_preference_counterfactual,original,top1_reference,"Sounds interesting, but I'm looking for something with more of a Hip-Hop and R&B vibe, and maybe a touch of electronic and indie.","Sounds interesting, but I'm looking for something with more of a Hip-Hop and R&B vibe, and maybe a touch of electronic and indie.","In that case, I would recommend 'I'm Good' by J.R. featuring J.R. It's a track that combines elements of Hip-Hop, R&B, electronic, and indie. Although there is no specific information about the album, artists, or track name, this song fits your desired vibe.","In that case, I recommend 'Dam (Freestyle)' by Starship featuring BabiiBoii. This track offers a unique blend of Hip-Hop, R&B, electronic, and indie music. The vocals are male, which adds a smooth and soulful touch to the song. It would be a great fit for your video!","Allow me to recommend 'Langit' by Midnasty. It's a track from their album 'Brave'. It combines elements of hip-hop, pop, and indie music with electronic and R&B influences. This song has a unique style that aligns with your preferences and can add a dynamic and diverse sound to your video.",Langit,Midnasty,0,0,0,1,0,top1_generation_prompt_text_changed_only_precomputed_text_feature_unchanged
2176,3LJM-jE1ms4,3LJM-jE1ms4_A84hNilKxFM,vA7tgjBLKwI_y38LzsbOAVY,vA7tgjBLKwI,0,23,cf_upbeat_electronic,top1_prompt_level_preference_counterfactual,original,top1_reference,"I prefer upbeat electronic background music with a bright mood, clear rhythm, energetic beats, and a modern dance or pop feeling.","Sounds interesting, but I'm looking for something with more of a Hip-Hop and R&B vibe, and maybe a touch of electronic and indie.","Based on your preferences, I recommend 'I'm Good' by Midnasty. It's a track from the album 'I'm Good'. This song combines elements of Hip-Hop, electronic, pop, and dance with a techno and electronic sound. It has a fast-paced beat and a modern vibe that aligns well with your requirements.","In that case, I recommend 'Dam (Freestyle)' by Starship featuring BabiiBoii. This track offers a unique blend of Hip-Hop, R&B, electronic, and indie music. The vocals are male, which adds a smooth and soulful touch to the song. It would be a great fit for your video!","Allow me to recommend 'Langit' by Midnasty. It's a track from their album 'Brave'. It combines elements of hip-hop, pop, and indie music with electronic and R&B influences. This song has a unique style that aligns with your preferences and can add a dynamic and diverse sound to your video.",Langit,Midnasty,0,1,0,1,0,top1_generation_prompt_text_changed_only_precomputed_text_feature_unchanged
2176,3LJM-jE1ms4,3LJM-jE1ms4_A84hNilKxFM,vA7tgjBLKwI_y38LzsbOAVY,vA7tgjBLKwI,0,23,cf_lyrical_piano,top1_prompt_level_preference_counterfactual,original,top1_reference,"I prefer lyrical piano background music with a slow tempo, soft acoustic texture, gentle melody, and a calm sentimental mood.","Sounds interesting, but I'm looking for something with more of a Hip-Hop and R&B vibe, and maybe a touch of electronic and indie.","In that case, I would recommend 'Langit' by Midnasty. This track has a lyrical piano background with a slow tempo, soft acoustic texture, gentle melody, and a calm, sentimental mood. It's a perfect fit for your video.","In that case, I recommend 'Dam (Freestyle)' by Starship featuring BabiiBoii. This track offers a unique blend of Hip-Hop, R&B, electronic, and indie music. The vocals are male, which adds a smooth and soulful touch to the song. It would be a great fit for your video!","Allow me to recommend 'Langit' by Midnasty. It's a track from their album 'Brave'. It combines elements of hip-hop, pop, and indie music with electronic and R&B influences. This song has a unique style that aligns with your preferences and can add a dynamic and diverse sound to your video.",Langit,Midnasty,1,1,1,0,0,top1_generation_prompt_text_changed_only_precomputed_text_feature_unchanged
2216,GavrpKnU4Hc,GavrpKnU4Hc_T7QYuPMt_68,T-klloAJHxo_pf47jikWHUA,T-klloAJHxo,0,5,original,top1_prompt_level_preference_counterfactual,original,top1_reference,"That sounds great, but I'm looking for something with a mix of rock, indie and pop genres. I also want to incorporate some blues and guitar elements into the music.","That sounds great, but I'm looking for something with a mix of rock, indie and pop genres. I also want to incorporate some blues and guitar elements into the music.","Allow me to recommend 'Sin Ti' by Thrive. It's a track from their album 'Sin Ti'. This song combines elements of rock, indie, pop, blues, and alternative genres. It features guitar-driven melodies and male vocals, which align with your preferences. The track was released in 2013 and has a distinctive sound that could be a fitting choice for your video.","I suggest you listen to 'Gratidão' by Dunamis. It's a track from their album 'Gratidão'. The song combines elements of rock, indie and pop genres, with a touch of blues and guitar. It has a male vocal and was produced by Studio F. The music video was directed by Raddson Ricelle.","Absolutely! In that case, I would recommend 'Counterculture' by Thrive. This track is part of their album 'Gratitude Attitude' and it embodies the rock, indie, pop, alternative, and soul genres. The soulful elements in the vocals and the blend of different genres create a unique and captivating sound that would be perfect for your video.",Counterculture,Thrive,0,1,0,1,0,top1_generation_prompt_text_changed_only_precomputed_text_feature_unchanged
2216,GavrpKnU4Hc,GavrpKnU4Hc_T7QYuPMt_68,T-klloAJHxo_pf47jikWHUA,T-klloAJHxo,0,5,cf_upbeat_electronic,top1_prompt_level_preference_counterfactual,original,top1_reference,"I prefer upbeat electronic background music with a bright mood, clear rhythm, energetic beats, and a modern dance or pop feeling.","That sounds great, but I'm looking for something with a mix of rock, indie and pop genres. I also want to incorporate some blues and guitar elements into the music.","Based on your preferences, I recommend 'Sunshine' by Thrive. It's a track from their album 'Sunshine'. This song combines elements of rock, indie, pop, and alternative with a fast-paced techno sound. It has a bright and energetic vibe that aligns well with your requirements.","I suggest you listen to 'Gratidão' by Dunamis. It's a track from their album 'Gratidão'. The song combines elements of rock, indie and pop genres, with a touch of blues and guitar. It has a male vocal and was produced by Studio F. The music video was directed by Raddson Ricelle.","Absolutely! In that case, I would recommend 'Counterculture' by Thrive. This track is part of their album 'Gratitude Attitude' and it embodies the rock, indie, pop, alternative, and soul genres. The soulful elements in the vocals and the blend of different genres create a unique and captivating sound that would be perfect for your video.",Counterculture,Thrive,0,1,0,1,0,top1_generation_prompt_text_changed_only_precomputed_text_feature_unchanged
2216,GavrpKnU4Hc,GavrpKnU4Hc_T7QYuPMt_68,T-klloAJHxo_pf47jikWHUA,T-klloAJHxo,0,5,cf_lyrical_piano,top1_prompt_level_preference_counterfactual,original,top1_reference,"I prefer lyrical piano background music with a slow tempo, soft acoustic texture, gentle melody, and a calm sentimental mood.","That sounds great, but I'm looking for something with a mix of rock, indie and pop genres. I also want to incorporate some blues and guitar elements into the music.","Allow me to recommend 'Counterculture' by Thrive. It's a track from their album 'Counterculture'. This song combines elements of rock, pop, indie, and alternative with a slow tempo and acoustic guitar. It has a soothing and sentimental vibe that could be a fitting choice for your video.","I suggest you listen to 'Gratidão' by Dunamis. It's a track from their album 'Gratidão'. The song combines elements of rock, indie and pop genres, with a touch of blues and guitar. It has a male vocal and was produced by Studio F. The music video was directed by Raddson Ricelle.","Absolutely! In that case, I would recommend 'Counterculture' by Thrive. This track is part of their album 'Gratitude Attitude' and it embodies the rock, indie, pop, alternative, and soul genres. The soulful elements in the vocals and the blend of different genres create a unique and captivating sound that would be perfect for your video.",Counterculture,Thrive,1,1,1,0,0,top1_generation_prompt_text_changed_only_precomputed_text_feature_unchanged
2223,gZ4g2c5vZec,gZ4g2c5vZec_-c_1948S2sA,pja_MNStZtw_YiPxxZ26Y0M,pja_MNStZtw,0,15,original,top1_prompt_level_preference_counterfactual,original,top1_reference,"That sounds good, but I would like to incorporate some hip-hop elements into the music. I'm also interested in electronic and dance genres with indie influences.","That sounds good, but I would like to incorporate some hip-hop elements into the music. I'm also interested in electronic and dance genres with indie influences.","Allow me to recommend 'Mi Vida' by El Chivo. It's a hip-hop track with electronic and dance elements. Although there is no specific information about the album or artist, the song was released in 2013 and has a unique indie vibe. It could be a fitting choice for your video.","Let me suggest 'HotBoy' by YAMAMAS featuring Baby King. It's a track from their album 'Love & Dance', which is available for free download. The song combines hip-hop, electronic, and indie influences, creating a unique and catchy sound. It was produced by Baby King, who brings a distinct beat to the track.","In that case, I would recommend 'Vector - Shiga'. This track has a strong electronic and dance influence with a fast beat. It's perfect for adding an energetic element to your video. You might also like the electro elements in this track. Enjoy!",,,,,,0,0,top1_generation_prompt_text_changed_only_precomputed_text_feature_unchanged
2223,gZ4g2c5vZec,gZ4g2c5vZec_-c_1948S2sA,pja_MNStZtw_YiPxxZ26Y0M,pja_MNStZtw,0,15,cf_upbeat_electronic,top1_prompt_level_preference_counterfactual,original,top1_reference,"I prefer upbeat electronic background music with a bright mood, clear rhythm, energetic beats, and a modern dance or pop feeling.","That sounds good, but I would like to incorporate some hip-hop elements into the music. I'm also interested in electronic and dance genres with indie influences.","Based on your preferences, I recommend 'Mi Vida Loca' by El Chivo. It's an electronic track with elements of Hip-Hop, dance, and pop. The song has a fast-paced beat and a catchy rhythm that can add energy to your video.","Let me suggest 'HotBoy' by YAMAMAS featuring Baby King. It's a track from their album 'Love & Dance', which is available for free download. The song combines hip-hop, electronic, and indie influences, creating a unique and catchy sound. It was produced by Baby King, who brings a distinct beat to the track.","In that case, I would recommend 'Vector - Shiga'. This track has a strong electronic and dance influence with a fast beat. It's perfect for adding an energetic element to your video. You might also like the electro elements in this track. Enjoy!",,,,,,0,0,top1_generation_prompt_text_changed_only_precomputed_text_feature_unchanged
2223,gZ4g2c5vZec,gZ4g2c5vZec_-c_1948S2sA,pja_MNStZtw_YiPxxZ26Y0M,pja_MNStZtw,0,15,cf_lyrical_piano,top1_prompt_level_preference_counterfactual,original,top1_reference,"I prefer lyrical piano background music with a slow tempo, soft acoustic texture, gentle melody, and a calm sentimental mood.","That sounds good, but I would like to incorporate some hip-hop elements into the music. I'm also interested in electronic and dance genres with indie influences.","Based on your preferences, I recommend the track 'Mi Vida' by El Chivo. It's a hip-hop and electronic song with a pop and dance influence. The track has a lyrical piano background and a slow tempo, which aligns well with your requirements. It has a soft acoustic texture and a gentle melody that creates a calm and sentimental mood.","Let me suggest 'HotBoy' by YAMAMAS featuring Baby King. It's a track from their album 'Love & Dance', which is available for free download. The song combines hip-hop, electronic, and indie influences, creating a unique and catchy sound. It was produced by Baby King, who brings a distinct beat to the track.","In that case, I would recommend 'Vector - Shiga'. This track has a strong electronic and dance influence with a fast beat. It's perfect for adding an energetic element to your video. You might also like the electro elements in this track. Enjoy!",,,,,,0,0,top1_generation_prompt_text_changed_only_precomputed_text_feature_unchanged
2233,bZoYYIslJUU,bZoYYIslJUU_lS16wHO4z9Y,bZoYYIslJUU_lS16wHO4z9Y,bZoYYIslJUU,1,1,original,top1_prompt_level_preference_counterfactual,original,top1_reference,"That sounds great! I really like the dance and electronic styles in your music recommendations. However, I prefer a more energetic and fast-paced track that incorporates elements of synth and rnb.","That sounds great! I really like the dance and electronic styles in your music recommendations. However, I prefer a more energetic and fast-paced track that incorporates elements of synth and rnb.","Allow me to recommend 'I'm On It' by D.O.P.E. It's a track from their album 'I'm On It'. It combines elements of hip-hop, electronic, and dance with a fast-paced beat and synth sounds. The song was released in 2013 and has a techno and electronic vibe that could be a fitting choice for your video.","Allow me to recommend 'NEVER GOING'. It's a track with elements of Hip-Hop, electronic, dance, and electro genres. Although there isn't much information available about the track, it may contain the energetic and fast-paced elements you're looking for. It could be a good choice for your dance video.","Allow me to recommend 'NEVER GOING'. It's a track with elements of Hip-Hop, electronic, dance, and electro genres. Although there isn't much information available about the track, it may contain the energetic and fast-paced elements you're looking for. It could be a good choice for your dance video.",,,,,,0,0,top1_generation_prompt_text_changed_only_precomputed_text_feature_unchanged
2233,bZoYYIslJUU,bZoYYIslJUU_lS16wHO4z9Y,bZoYYIslJUU_lS16wHO4z9Y,bZoYYIslJUU,1,1,cf_upbeat_electronic,top1_prompt_level_preference_counterfactual,original,top1_reference,"I prefer upbeat electronic background music with a bright mood, clear rhythm, energetic beats, and a modern dance or pop feeling.","That sounds great! I really like the dance and electronic styles in your music recommendations. However, I prefer a more energetic and fast-paced track that incorporates elements of synth and rnb.","Based on your preferences, I recommend 'Bright Lights' by D.O. featuring J.R. It's a track from D.O.'s album 'Bright Lights'. This song combines elements of Hip-Hop, electronic, and dance with a pop and electro sound. It has a fast-paced beat and a catchy rhythm that will add energy to your video.","Allow me to recommend 'NEVER GOING'. It's a track with elements of Hip-Hop, electronic, dance, and electro genres. Although there isn't much information available about the track, it may contain the energetic and fast-paced elements you're looking for. It could be a good choice for your dance video.","Allow me to recommend 'NEVER GOING'. It's a track with elements of Hip-Hop, electronic, dance, and electro genres. Although there isn't much information available about the track, it may contain the energetic and fast-paced elements you're looking for. It could be a good choice for your dance video.",,,,,,0,0,top1_generation_prompt_text_changed_only_precomputed_text_feature_unchanged
2233,bZoYYIslJUU,bZoYYIslJUU_lS16wHO4z9Y,bZoYYIslJUU_lS16wHO4z9Y,bZoYYIslJUU,1,1,cf_lyrical_piano,top1_prompt_level_preference_counterfactual,original,top1_reference,"I prefer lyrical piano background music with a slow tempo, soft acoustic texture, gentle melody, and a calm sentimental mood.","That sounds great! I really like the dance and electronic styles in your music recommendations. However, I prefer a more energetic and fast-paced track that incorporates elements of synth and rnb.","100% I recommend 'I'm Good' by D.O.P.E. It's a track from the album 'I'm Good'. This song combines elements of hip-hop, electronic, and R&B with a slow tempo and soft acoustic texture. It has a gentle melody and a calm, sentimental mood that could be a perfect fit for your video.","Allow me to recommend 'NEVER GOING'. It's a track with elements of Hip-Hop, electronic, dance, and electro genres. Although there isn't much information available about the track, it may contain the energetic and fast-paced elements you're looking for. It could be a good choice for your dance video.","Allow me to recommend 'NEVER GOING'. It's a track with elements of Hip-Hop, electronic, dance, and electro genres. Although there isn't much information available about the track, it may contain the energetic and fast-paced elements you're looking for. It could be a good choice for your dance video.",,,,,,0,0,top1_generation_prompt_text_changed_only_precomputed_text_feature_unchanged
2242,sCbKPeDTPVU,sCbKPeDTPVU_IHuI6bHQzAo,KwsABC9OZ_I_aldk6zSsAUA,KwsABC9OZ_I,0,15,original,top1_prompt_level_preference_counterfactual,original,top1_reference,"That sounds great, I really like the dance and electronic genres in your recommendation. However, I'm also interested in incorporating elements of pop and R&B into my dance video. Can you suggest something that aligns with those styles?","That sounds great, I really like the dance and electronic genres in your recommendation. However, I'm also interested in incorporating elements of pop and R&B into my dance video. Can you suggest something that aligns with those styles?",Allow me to recommend 'Birthday' by Rihanna. It's a pop and R&B track with electronic and dance influences. The song features Rihanna's distinctive vocals and has a catchy and upbeat sound that could be a fitting choice for your dance video. It was released as a single and has a music video that you can check out.,"Allow me to recommend 'DRUNK LOVE 2014' by Keaira LaShae. It's a pop-infused dance track with elements of R&B and electronic music. Although I don't have much information about the specific track or album, it features female vocals and is classified as pop, dance, and electronic, which aligns well with the energetic and vibrant vibe you're looking for in your dance video.","Allow me to recommend 'One Time Music Video backwards'. It's an electronic track with elements of dance and hip-hop. Although I couldn't find any specific details about the artist or album, based on the tags, I believe it can provide the electronic and fast-paced vibe you're looking for in your video. Give it a listen and see if it aligns with your vision.",,,,,,0,0,top1_generation_prompt_text_changed_only_precomputed_text_feature_unchanged
2242,sCbKPeDTPVU,sCbKPeDTPVU_IHuI6bHQzAo,KwsABC9OZ_I_aldk6zSsAUA,KwsABC9OZ_I,0,15,cf_upbeat_electronic,top1_prompt_level_preference_counterfactual,original,top1_reference,"I prefer upbeat electronic background music with a bright mood, clear rhythm, energetic beats, and a modern dance or pop feeling.","That sounds great, I really like the dance and electronic genres in your recommendation. However, I'm also interested in incorporating elements of pop and R&B into my dance video. Can you suggest something that aligns with those styles?","In that case, 'Birthday' by Rita Ora would be a perfect fit for your video. It's a vibrant track that combines elements of dance, pop, and electronic music. The song features Rita Ora's powerful vocals and has a fast-paced rhythm that will add energy to your video.","Allow me to recommend 'DRUNK LOVE 2014' by Keaira LaShae. It's a pop-infused dance track with elements of R&B and electronic music. Although I don't have much information about the specific track or album, it features female vocals and is classified as pop, dance, and electronic, which aligns well with the energetic and vibrant vibe you're looking for in your dance video.","Allow me to recommend 'One Time Music Video backwards'. It's an electronic track with elements of dance and hip-hop. Although I couldn't find any specific details about the artist or album, based on the tags, I believe it can provide the electronic and fast-paced vibe you're looking for in your video. Give it a listen and see if it aligns with your vision.",,,,,,0,0,top1_generation_prompt_text_changed_only_precomputed_text_feature_unchanged
2242,sCbKPeDTPVU,sCbKPeDTPVU_IHuI6bHQzAo,KwsABC9OZ_I_aldk6zSsAUA,KwsABC9OZ_I,0,15,cf_lyrical_piano,top1_prompt_level_preference_counterfactual,original,top1_reference,"I prefer lyrical piano background music with a slow tempo, soft acoustic texture, gentle melody, and a calm sentimental mood.","That sounds great, I really like the dance and electronic genres in your recommendation. However, I'm also interested in incorporating elements of pop and R&B into my dance video. Can you suggest something that aligns with those styles?","For a lyrical piano background music with a slow tempo, soft acoustic texture, gentle melody, and a calm sentimental mood, I recommend 'Love Me' by Lil Wayne featuring Drake. This track is a beautiful blend of R&B, pop, and electronic genres, with a touch of Hip-Hop. It's a perfect choice for creating a romantic atmosphere in your video.","Allow me to recommend 'DRUNK LOVE 2014' by Keaira LaShae. It's a pop-infused dance track with elements of R&B and electronic music. Although I don't have much information about the specific track or album, it features female vocals and is classified as pop, dance, and electronic, which aligns well with the energetic and vibrant vibe you're looking for in your dance video.","Allow me to recommend 'One Time Music Video backwards'. It's an electronic track with elements of dance and hip-hop. Although I couldn't find any specific details about the artist or album, based on the tags, I believe it can provide the electronic and fast-paced vibe you're looking for in your video. Give it a listen and see if it aligns with your vision.",,,,,,0,0,top1_generation_prompt_text_changed_only_precomputed_text_feature_unchanged
2254,Fr2ZASMNaa0,Fr2ZASMNaa0_fQZL6kaJav0,RBFJApoCvA8_bbsUoN01-Bo,RBFJApoCvA8,0,13,original,top1_prompt_level_preference_counterfactual,original,top1_reference,"That sounds great, but I would like to incorporate a bit more of DJ Caique's distinctive style, especially his indie and rock components. I'm also interested in electronic and male vocal influences.","That sounds great, but I would like to incorporate a bit more of DJ Caique's distinctive style, especially his indie and rock components. I'm also interested in electronic and male vocal influences.","Allow me to recommend 'Só Seu Amor' by DJ Caique. It's a track from his album 'Só Seu Amor'. It combines elements of indie, rock, and electronic music with male vocals. It was recorded in 2013 which may contain the specific element you want.","Allow me to recommend 'Fogo (Instrumental)' by DJ Caique. It's an instrumental track from the album 'Nos Beats, Vol. 9'. It combines elements of indie, rock, and electronic music which could be a fitting choice for your video. Although it doesn't have a male vocal, it captures the unique style of DJ Caique and aligns with the overall vibe you're looking for.",How about 'Goneja' by Matt B.? It's an electronic and indie track with elements of Hip-Hop and rock. The song was produced and written by Matt B. and has a unique sound that could complement your video. The music video for 'Goneja' was shot and edited by IAMWILLYD.,Goneja,Matt B,0,0,0,1,0,top1_generation_prompt_text_changed_only_precomputed_text_feature_unchanged
2254,Fr2ZASMNaa0,Fr2ZASMNaa0_fQZL6kaJav0,RBFJApoCvA8_bbsUoN01-Bo,RBFJApoCvA8,0,13,cf_upbeat_electronic,top1_prompt_level_preference_counterfactual,original,top1_reference,"I prefer upbeat electronic background music with a bright mood, clear rhythm, energetic beats, and a modern dance or pop feeling.","That sounds great, but I would like to incorporate a bit more of DJ Caique's distinctive style, especially his indie and rock components. I'm also interested in electronic and male vocal influences.","Based on your preferences, I recommend 'Goneja' by Matt B. It's an electronic track with elements of rock, indie, and pop. The song has a fast-paced rhythm and a modern dance vibe that could be a great fit for your video.","Allow me to recommend 'Fogo (Instrumental)' by DJ Caique. It's an instrumental track from the album 'Nos Beats, Vol. 9'. It combines elements of indie, rock, and electronic music which could be a fitting choice for your video. Although it doesn't have a male vocal, it captures the unique style of DJ Caique and aligns with the overall vibe you're looking for.",How about 'Goneja' by Matt B.? It's an electronic and indie track with elements of Hip-Hop and rock. The song was produced and written by Matt B. and has a unique sound that could complement your video. The music video for 'Goneja' was shot and edited by IAMWILLYD.,Goneja,Matt B,1,1,1,0,0,top1_generation_prompt_text_changed_only_precomputed_text_feature_unchanged
2254,Fr2ZASMNaa0,Fr2ZASMNaa0_fQZL6kaJav0,RBFJApoCvA8_bbsUoN01-Bo,RBFJApoCvA8,0,13,cf_lyrical_piano,top1_prompt_level_preference_counterfactual,original,top1_reference,"I prefer lyrical piano background music with a slow tempo, soft acoustic texture, gentle melody, and a calm sentimental mood.","That sounds great, but I would like to incorporate a bit more of DJ Caique's distinctive style, especially his indie and rock components. I'm also interested in electronic and male vocal influences.","Allow me to recommend 'Goneja' by Matt B. It's a track from his album 'Goneja'. It combines elements of hip-hop, electronic, and rock with a slow tempo and piano-driven sound. The song has a lyrical and emotional vibe that could be a fitting choice for your video.","Allow me to recommend 'Fogo (Instrumental)' by DJ Caique. It's an instrumental track from the album 'Nos Beats, Vol. 9'. It combines elements of indie, rock, and electronic music which could be a fitting choice for your video. Although it doesn't have a male vocal, it captures the unique style of DJ Caique and aligns with the overall vibe you're looking for.",How about 'Goneja' by Matt B.? It's an electronic and indie track with elements of Hip-Hop and rock. The song was produced and written by Matt B. and has a unique sound that could complement your video. The music video for 'Goneja' was shot and edited by IAMWILLYD.,Goneja,Matt B,1,1,1,0,0,top1_generation_prompt_text_changed_only_precomputed_text_feature_unchanged
2316,Z9ry7JQTl6g,Z9ry7JQTl6g_lHhZJeHP7Ac,VNLiZGttLMw_-UhdEbLBIxw,VNLiZGttLMw,0,6,original,top1_prompt_level_preference_counterfactual,original,top1_reference,"That sounds interesting, but I would like to incorporate a bit more of Stuart Wilson's style, especially his pop, soul, and electronic elements. I'm also interested in female vocals and a catchy beat.","That sounds interesting, but I would like to incorporate a bit more of Stuart Wilson's style, especially his pop, soul, and electronic elements. I'm also interested in female vocals and a catchy beat.","Allow me to recommend 'Telling You' by Stuart Wilson. It's a pop and soul track with electronic influences. The song features female vocals and a catchy beat, which could be a fitting choice for your video. It was released in 2012 and is available on iTunes.","Allow me to recommend 'Rule the World' by Stuart Wilson. It's a pop and soul track with R&B, Hip-Hop, and electronic influences. While I couldn't find any specific details about the track's release year or album, it may contain the elements you're looking for. Since the description is empty, I suggest exploring more about the track to ensure it aligns with your video.","Certainly! How about 'Telling You' by Antonny Drew? It's a soulful track that combines elements of soul, pop, R&B, and rock. While it doesn't have the specific techno and electronic sound, it does offer a blend of different genres that could add depth and variety to your video.",Telling You,Antonny Drew,1,0,0,1,0,top1_generation_prompt_text_changed_only_precomputed_text_feature_unchanged
2316,Z9ry7JQTl6g,Z9ry7JQTl6g_lHhZJeHP7Ac,VNLiZGttLMw_-UhdEbLBIxw,VNLiZGttLMw,0,6,cf_upbeat_electronic,top1_prompt_level_preference_counterfactual,original,top1_reference,"I prefer upbeat electronic background music with a bright mood, clear rhythm, energetic beats, and a modern dance or pop feeling.","That sounds interesting, but I would like to incorporate a bit more of Stuart Wilson's style, especially his pop, soul, and electronic elements. I'm also interested in female vocals and a catchy beat.","In that case, I recommend 'Telling You' by Antonny Drew. This track has a bright mood, clear rhythm, energetic beats, and a modern dance or pop feeling. It's a perfect fit for your video.","Allow me to recommend 'Rule the World' by Stuart Wilson. It's a pop and soul track with R&B, Hip-Hop, and electronic influences. While I couldn't find any specific details about the track's release year or album, it may contain the elements you're looking for. Since the description is empty, I suggest exploring more about the track to ensure it aligns with your video.","Certainly! How about 'Telling You' by Antonny Drew? It's a soulful track that combines elements of soul, pop, R&B, and rock. While it doesn't have the specific techno and electronic sound, it does offer a blend of different genres that could add depth and variety to your video.",Telling You,Antonny Drew,1,1,1,0,0,top1_generation_prompt_text_changed_only_precomputed_text_feature_unchanged
2316,Z9ry7JQTl6g,Z9ry7JQTl6g_lHhZJeHP7Ac,VNLiZGttLMw_-UhdEbLBIxw,VNLiZGttLMw,0,6,cf_lyrical_piano,top1_prompt_level_preference_counterfactual,original,top1_reference,"I prefer lyrical piano background music with a slow tempo, soft acoustic texture, gentle melody, and a calm sentimental mood.","That sounds interesting, but I would like to incorporate a bit more of Stuart Wilson's style, especially his pop, soul, and electronic elements. I'm also interested in female vocals and a catchy beat.","In that case, I would recommend 'Telling You' by Antonny Drew. This track has a lyrical piano background and falls under the genres of pop, rock, soul, and R&B. It has a slow tempo, soft acoustic texture, and a gentle melody that creates a calm and sentimental mood. It's a perfect fit for your video.","Allow me to recommend 'Rule the World' by Stuart Wilson. It's a pop and soul track with R&B, Hip-Hop, and electronic influences. While I couldn't find any specific details about the track's release year or album, it may contain the elements you're looking for. Since the description is empty, I suggest exploring more about the track to ensure it aligns with your video.","Certainly! How about 'Telling You' by Antonny Drew? It's a soulful track that combines elements of soul, pop, R&B, and rock. While it doesn't have the specific techno and electronic sound, it does offer a blend of different genres that could add depth and variety to your video.",Telling You,Antonny Drew,1,1,1,0,0,top1_generation_prompt_text_changed_only_precomputed_text_feature_unchanged
2322,xNEbC01UF2g,xNEbC01UF2g_NYIdJk05pkw,S80Hk04QQpk_jLyNyUPlvhg,S80Hk04QQpk,0,4,original,top1_prompt_level_preference_counterfactual,original,top1_reference,"That sounds like a lovely choice. However, I'm looking for a song with a bit more of a 90s rock and alternative vibe, similar to Luke Thompson's style.","That sounds like a lovely choice. However, I'm looking for a song with a bit more of a 90s rock and alternative vibe, similar to Luke Thompson's style.","Allow me to recommend 'Honey Bee' by Blake Shelton. It's a track from his album 'Honey Bee'. This song combines elements of rock, pop, and alternative with a touch of 90s influence. It features guitar-driven melodies and male vocals, which align with the style you're looking for.",Allow me to recommend 'Say You'll Stay' by Luke Thompson. It's a track from his single 'Say You'll Stay'. This song captures the essence of 90s rock and alternative music with a pop twist. It features Luke Thompson's unique vocals and incorporates guitar and drums to create a nostalgic and romantic atmosphere. It's the perfect choice to incorporate the 90s rock and alternative vibe you're looking for.,"Certainly! For a country track with a mix of rock and pop elements, I recommend 'Honey Bee' by Blake Shelton. This song has a catchy melody and incorporates country, rock, and pop influences. It will bring a fun and energetic vibe to your wedding video.",Honey Bee,Blake Shelton,1,1,1,0,0,top1_generation_prompt_text_changed_only_precomputed_text_feature_unchanged
2322,xNEbC01UF2g,xNEbC01UF2g_NYIdJk05pkw,S80Hk04QQpk_jLyNyUPlvhg,S80Hk04QQpk,0,4,cf_upbeat_electronic,top1_prompt_level_preference_counterfactual,original,top1_reference,"I prefer upbeat electronic background music with a bright mood, clear rhythm, energetic beats, and a modern dance or pop feeling.","That sounds like a lovely choice. However, I'm looking for a song with a bit more of a 90s rock and alternative vibe, similar to Luke Thompson's style.","In that case, I recommend 'Honey Bee' by Blake Shelton. It's a rock and country track with a pop and alternative influence. The song has a catchy melody and a positive vibe that could complement your video.",Allow me to recommend 'Say You'll Stay' by Luke Thompson. It's a track from his single 'Say You'll Stay'. This song captures the essence of 90s rock and alternative music with a pop twist. It features Luke Thompson's unique vocals and incorporates guitar and drums to create a nostalgic and romantic atmosphere. It's the perfect choice to incorporate the 90s rock and alternative vibe you're looking for.,"Certainly! For a country track with a mix of rock and pop elements, I recommend 'Honey Bee' by Blake Shelton. This song has a catchy melody and incorporates country, rock, and pop influences. It will bring a fun and energetic vibe to your wedding video.",Honey Bee,Blake Shelton,1,1,1,0,0,top1_generation_prompt_text_changed_only_precomputed_text_feature_unchanged
2322,xNEbC01UF2g,xNEbC01UF2g_NYIdJk05pkw,S80Hk04QQpk_jLyNyUPlvhg,S80Hk04QQpk,0,4,cf_lyrical_piano,top1_prompt_level_preference_counterfactual,original,top1_reference,"I prefer lyrical piano background music with a slow tempo, soft acoustic texture, gentle melody, and a calm sentimental mood.","That sounds like a lovely choice. However, I'm looking for a song with a bit more of a 90s rock and alternative vibe, similar to Luke Thompson's style.","Allow me to recommend 'Honey Bee' by Blake Shelton. It's a track from his album 'Honey Bee'. This song combines elements of rock, country, and pop with a slow tempo and acoustic guitar. It has a lyrical piano background and a gentle melody that can create a sentimental mood for your video.",Allow me to recommend 'Say You'll Stay' by Luke Thompson. It's a track from his single 'Say You'll Stay'. This song captures the essence of 90s rock and alternative music with a pop twist. It features Luke Thompson's unique vocals and incorporates guitar and drums to create a nostalgic and romantic atmosphere. It's the perfect choice to incorporate the 90s rock and alternative vibe you're looking for.,"Certainly! For a country track with a mix of rock and pop elements, I recommend 'Honey Bee' by Blake Shelton. This song has a catchy melody and incorporates country, rock, and pop influences. It will bring a fun and energetic vibe to your wedding video.",Honey Bee,Blake Shelton,1,1,1,0,0,top1_generation_prompt_text_changed_only_precomputed_text_feature_unchanged
2325,gHavEbG_MWg,gHavEbG_MWg_BkB1s1VJe44,K7TyqH5pE1w_Vj8jWowlph8,K7TyqH5pE1w,0,35,original,top1_prompt_level_preference_counterfactual,original,top1_reference,"That sounds great, but I would like to incorporate a bit more of the fast-paced and male vocals from the Dj Taj track you mentioned earlier. Can you suggest something that combines those elements with Tuka's style?","That sounds great, but I would like to incorporate a bit more of the fast-paced and male vocals from the Dj Taj track you mentioned earlier. Can you suggest something that combines those elements with Tuka's style?","Allow me to recommend 'Right Now' by Dj Taj featuring Tuka. It's a track from Dj Taj's album 'Right Now'. It combines elements of hip-hop, electronic, and dance with fast-paced male vocals. The song was released in 2013 and has a techno and electronic sound that could be a fitting choice for your video.","Certainly! I recommend 'Dmack & Freshkid From The Back' by Dj Taj. It's a hip-hop track featuring fast-paced male vocals. Although it doesn't have an official video, it can provide the energetic and fast-paced vibe you're looking for. You can reach out to Dj Taj on his Facebook page for more information.","Allow me to recommend 'Right Now' by B-Mac. Although I don't have much information about this track, based on B-Mac's style which includes hip-hop, R&B, and electronic elements, it could be a fitting choice for your video. It falls under the genres of electronic, hip-hop, R&B, pop, and dance. It might have the specific elements you are looking for in terms of B-Mac's style.",Right Now,B-Mac,1,0,0,1,0,top1_generation_prompt_text_changed_only_precomputed_text_feature_unchanged
2325,gHavEbG_MWg,gHavEbG_MWg_BkB1s1VJe44,K7TyqH5pE1w_Vj8jWowlph8,K7TyqH5pE1w,0,35,cf_upbeat_electronic,top1_prompt_level_preference_counterfactual,original,top1_reference,"I prefer upbeat electronic background music with a bright mood, clear rhythm, energetic beats, and a modern dance or pop feeling.","That sounds great, but I would like to incorporate a bit more of the fast-paced and male vocals from the Dj Taj track you mentioned earlier. Can you suggest something that combines those elements with Tuka's style?","Based on your preferences, I recommend 'Right Now' by B-Mac. It's an electronic track with a bright mood, clear rhythm, energetic beats, and a modern dance or pop feeling. Although I don't have much information about the track, it aligns well with your desired music style.","Certainly! I recommend 'Dmack & Freshkid From The Back' by Dj Taj. It's a hip-hop track featuring fast-paced male vocals. Although it doesn't have an official video, it can provide the energetic and fast-paced vibe you're looking for. You can reach out to Dj Taj on his Facebook page for more information.","Allow me to recommend 'Right Now' by B-Mac. Although I don't have much information about this track, based on B-Mac's style which includes hip-hop, R&B, and electronic elements, it could be a fitting choice for your video. It falls under the genres of electronic, hip-hop, R&B, pop, and dance. It might have the specific elements you are looking for in terms of B-Mac's style.",Right Now,B-Mac,1,1,1,0,0,top1_generation_prompt_text_changed_only_precomputed_text_feature_unchanged
2325,gHavEbG_MWg,gHavEbG_MWg_BkB1s1VJe44,K7TyqH5pE1w_Vj8jWowlph8,K7TyqH5pE1w,0,35,cf_lyrical_piano,top1_prompt_level_preference_counterfactual,original,top1_reference,"I prefer lyrical piano background music with a slow tempo, soft acoustic texture, gentle melody, and a calm sentimental mood.","That sounds great, but I would like to incorporate a bit more of the fast-paced and male vocals from the Dj Taj track you mentioned earlier. Can you suggest something that combines those elements with Tuka's style?","In that case, I recommend 'Right Now' by B-Mac. It's a hip-hop track with electronic and R&B influences. The song has a slow tempo and features lyrical piano, which creates a soothing and emotional atmosphere. It was released in 2013 and is part of the album 'Right Now'.","Certainly! I recommend 'Dmack & Freshkid From The Back' by Dj Taj. It's a hip-hop track featuring fast-paced male vocals. Although it doesn't have an official video, it can provide the energetic and fast-paced vibe you're looking for. You can reach out to Dj Taj on his Facebook page for more information.","Allow me to recommend 'Right Now' by B-Mac. Although I don't have much information about this track, based on B-Mac's style which includes hip-hop, R&B, and electronic elements, it could be a fitting choice for your video. It falls under the genres of electronic, hip-hop, R&B, pop, and dance. It might have the specific elements you are looking for in terms of B-Mac's style.",Right Now,B-Mac,1,1,1,0,0,top1_generation_prompt_text_changed_only_precomputed_text_feature_unchanged
2334,UmBiLFFCJH8,UmBiLFFCJH8_ZLlampP29nk,L8y47ypui5o_kynUSL8fr_4,L8y47ypui5o,0,14,original,top1_prompt_level_preference_counterfactual,original,top1_reference,"That sounds great, but I would like to include some elements of ULICE's indie rock and electronic style in the music. Can you recommend something that combines rock, indie, electronic, and alternative genres?","That sounds great, but I would like to include some elements of ULICE's indie rock and electronic style in the music. Can you recommend something that combines rock, indie, electronic, and alternative genres?","Allow me to recommend 'Sunshine' by ULICE. It's a track from their album 'Sunshine'. The song combines elements of indie rock, alternative, and electronic genres, which aligns well with the style you're looking for. It has a rock sound with guitar and drum-driven beats, along with electronic elements.","Sure! How about 'Dzieci z L.' by ULICE? It's an indie rock track with electronic and alternative influences. Although I don't have much information about the album, the song itself combines elements of rock, indie, and electronic genres, which could add a unique touch to your video.","Allow me to recommend 'Slag Heaps' by The Town Heroes. Although I don't have specific information about the track, The Town Heroes are known for their indie and alternative rock style. Their music often features guitar-driven melodies, pop influences, and male vocals. I believe this track could be a fitting choice for your video.",Slag Heaps,The Town Heroes,0,0,0,1,0,top1_generation_prompt_text_changed_only_precomputed_text_feature_unchanged
2334,UmBiLFFCJH8,UmBiLFFCJH8_ZLlampP29nk,L8y47ypui5o_kynUSL8fr_4,L8y47ypui5o,0,14,cf_upbeat_electronic,top1_prompt_level_preference_counterfactual,original,top1_reference,"I prefer upbeat electronic background music with a bright mood, clear rhythm, energetic beats, and a modern dance or pop feeling.","That sounds great, but I would like to include some elements of ULICE's indie rock and electronic style in the music. Can you recommend something that combines rock, indie, electronic, and alternative genres?","In that case, I recommend 'Slag Heaps' by The Town Heroes. It's an indie rock track with elements of alternative and electronic music. The song has a fast-paced rhythm and energetic beats that align with your preferences. It was released in 2012 and has a modern and pop feel.","Sure! How about 'Dzieci z L.' by ULICE? It's an indie rock track with electronic and alternative influences. Although I don't have much information about the album, the song itself combines elements of rock, indie, and electronic genres, which could add a unique touch to your video.","Allow me to recommend 'Slag Heaps' by The Town Heroes. Although I don't have specific information about the track, The Town Heroes are known for their indie and alternative rock style. Their music often features guitar-driven melodies, pop influences, and male vocals. I believe this track could be a fitting choice for your video.",Slag Heaps,The Town Heroes,1,1,1,0,0,top1_generation_prompt_text_changed_only_precomputed_text_feature_unchanged
2334,UmBiLFFCJH8,UmBiLFFCJH8_ZLlampP29nk,L8y47ypui5o_kynUSL8fr_4,L8y47ypui5o,0,14,cf_lyrical_piano,top1_prompt_level_preference_counterfactual,original,top1_reference,"I prefer lyrical piano background music with a slow tempo, soft acoustic texture, gentle melody, and a calm sentimental mood.","That sounds great, but I would like to include some elements of ULICE's indie rock and electronic style in the music. Can you recommend something that combines rock, indie, electronic, and alternative genres?","Allow me to recommend 'Slag Heaps' by The Town Heroes. It's a track from their album 'Slag Heaps'. It combines elements of indie rock, alternative, and pop with a slow tempo and lyrical piano. The song has a soft acoustic texture and a calm, sentimental mood that could be a fitting choice for your video.","Sure! How about 'Dzieci z L.' by ULICE? It's an indie rock track with electronic and alternative influences. Although I don't have much information about the album, the song itself combines elements of rock, indie, and electronic genres, which could add a unique touch to your video.","Allow me to recommend 'Slag Heaps' by The Town Heroes. Although I don't have specific information about the track, The Town Heroes are known for their indie and alternative rock style. Their music often features guitar-driven melodies, pop influences, and male vocals. I believe this track could be a fitting choice for your video.",Slag Heaps,The Town Heroes,1,1,1,0,0,top1_generation_prompt_text_changed_only_precomputed_text_feature_unchanged
2368,pQdbNvEAmo0,pQdbNvEAmo0_GOkwlQbLNiM,fr-e74sG60E_j19n72eMZik,fr-e74sG60E,0,6,original,top1_prompt_level_preference_counterfactual,original,top1_reference,"That sounds good, but I would like to include some elements of Lana Del Rey's style in the music as well. Can you suggest something that combines Lana Del Rey's pop and rock influences with Tycho's electronic and ambient sound?","That sounds good, but I would like to include some elements of Lana Del Rey's style in the music as well. Can you suggest something that combines Lana Del Rey's pop and rock influences with Tycho's electronic and ambient sound?","I understand your preference for Lana Del Rey's style. How about considering 'Summertime Sadness' by Lana Del Rey? It's a track from her album 'Summertime Sadness'. The song combines elements of pop, rock, and electronic music, which aligns well with Lana Del Rey's distinctive style. It also has ambient and experimental influences that could complement Tycho's electronic and ambient sound.","Sure! How about 'Summertime Sadness' by Lana Del Rey? It's a track from her album with the same name. This song incorporates pop, rock, and electronic elements, which align with Lana Del Rey's distinctive style. It also features female vocals, similar to Tycho's track 'Dye'. Combining these two tracks can create a unique blend of genres for your video.","Allow me to recommend a track from Нервы called 'Глупая'. It's from their album 'Всё Что Вокруг'. The song combines elements of rock, electronic, and indie with female vocals. It may also have guitar and vocal-focused sounds that align with your preferences.",,,,,,0,0,top1_generation_prompt_text_changed_only_precomputed_text_feature_unchanged
2368,pQdbNvEAmo0,pQdbNvEAmo0_GOkwlQbLNiM,fr-e74sG60E_j19n72eMZik,fr-e74sG60E,0,6,cf_upbeat_electronic,top1_prompt_level_preference_counterfactual,original,top1_reference,"I prefer upbeat electronic background music with a bright mood, clear rhythm, energetic beats, and a modern dance or pop feeling.","That sounds good, but I would like to include some elements of Lana Del Rey's style in the music as well. Can you suggest something that combines Lana Del Rey's pop and rock influences with Tycho's electronic and ambient sound?","In that case, I recommend the track 'The Hunger Games: Catching Fire - Official Trailer'. It's a rock, electronic, and jazz-influenced song with a fast tempo and a techno and drum-focused sound. Although there is no specific artist or album information available, it aligns well with the upbeat, energetic, and modern dance vibe you're looking for.","Sure! How about 'Summertime Sadness' by Lana Del Rey? It's a track from her album with the same name. This song incorporates pop, rock, and electronic elements, which align with Lana Del Rey's distinctive style. It also features female vocals, similar to Tycho's track 'Dye'. Combining these two tracks can create a unique blend of genres for your video.","Allow me to recommend a track from Нервы called 'Глупая'. It's from their album 'Всё Что Вокруг'. The song combines elements of rock, electronic, and indie with female vocals. It may also have guitar and vocal-focused sounds that align with your preferences.",,,,,,0,0,top1_generation_prompt_text_changed_only_precomputed_text_feature_unchanged
2368,pQdbNvEAmo0,pQdbNvEAmo0_GOkwlQbLNiM,fr-e74sG60E_j19n72eMZik,fr-e74sG60E,0,6,cf_lyrical_piano,top1_prompt_level_preference_counterfactual,original,top1_reference,"I prefer lyrical piano background music with a slow tempo, soft acoustic texture, gentle melody, and a calm sentimental mood.","That sounds good, but I would like to include some elements of Lana Del Rey's style in the music as well. Can you suggest something that combines Lana Del Rey's pop and rock influences with Tycho's electronic and ambient sound?","In that case, I recommend the track 'LPS - The Last Song'. Although I don't have much information about this track, it is classified as rock, jazz, and folk with female vocalists. It might have the lyrical piano, slow tempo, soft acoustic texture, gentle melody, and calm sentimental mood you're looking for.","Sure! How about 'Summertime Sadness' by Lana Del Rey? It's a track from her album with the same name. This song incorporates pop, rock, and electronic elements, which align with Lana Del Rey's distinctive style. It also features female vocals, similar to Tycho's track 'Dye'. Combining these two tracks can create a unique blend of genres for your video.","Allow me to recommend a track from Нервы called 'Глупая'. It's from their album 'Всё Что Вокруг'. The song combines elements of rock, electronic, and indie with female vocals. It may also have guitar and vocal-focused sounds that align with your preferences.",,,,,,0,0,top1_generation_prompt_text_changed_only_precomputed_text_feature_unchanged
2378,2WzHhtkF8JM,2WzHhtkF8JM_0Y1v5HCWz6M,VdJMxQQ_VlU_m6NT3C1D0rI,VdJMxQQ_VlU,0,2,original,top1_prompt_level_preference_counterfactual,original,top1_reference,"That sounds cool, but I'm leaning towards something with a pop and dance vibe, maybe with female vocals?","That sounds cool, but I'm leaning towards something with a pop and dance vibe, maybe with female vocals?","In that case, 'Mr.Mr.' by Girls' Generation would be a perfect fit for your video. It's a pop and dance track with female vocals, and it's known for its catchy and energetic vibe. Plus, it's from the album 'Mr.Mr.' by Girls' Generation, so it's a great choice for your project.","Got it! For a pop and dance vibe with female vocals, I would recommend '이러쿵 저러쿵' by F-ve Dolls. It's a lively track from the album 'Club Remix Time To Play' and fits perfectly into the pop, rnb, dance, and soul genres. Plus, it has that loud and fast-paced feel that will definitely liven up your playlist.","Allow me to recommend 'Playdate' by Tolvai Reni. It's a pop and dance track with electronic elements and fast beats. The song features Tolvai Reni's distinctive female vocals, which adds a unique touch to the music. This could be a fitting choice for your video, combining the rock and metal elements of 'Eyes Wide Shut' with Tolvai Reni's pop and electronic style.",Playdate,Tolvai Reni,0,0,0,1,0,top1_generation_prompt_text_changed_only_precomputed_text_feature_unchanged
2378,2WzHhtkF8JM,2WzHhtkF8JM_0Y1v5HCWz6M,VdJMxQQ_VlU_m6NT3C1D0rI,VdJMxQQ_VlU,0,2,cf_upbeat_electronic,top1_prompt_level_preference_counterfactual,original,top1_reference,"I prefer upbeat electronic background music with a bright mood, clear rhythm, energetic beats, and a modern dance or pop feeling.","That sounds cool, but I'm leaning towards something with a pop and dance vibe, maybe with female vocals?","In that case, I recommend 'Playdate' by Tolvai Reni. It's a catchy pop track with electronic and dance elements. The song has a bright and energetic vibe that would be perfect for your video. It's from the album 'Playdate' and features female vocals.","Got it! For a pop and dance vibe with female vocals, I would recommend '이러쿵 저러쿵' by F-ve Dolls. It's a lively track from the album 'Club Remix Time To Play' and fits perfectly into the pop, rnb, dance, and soul genres. Plus, it has that loud and fast-paced feel that will definitely liven up your playlist.","Allow me to recommend 'Playdate' by Tolvai Reni. It's a pop and dance track with electronic elements and fast beats. The song features Tolvai Reni's distinctive female vocals, which adds a unique touch to the music. This could be a fitting choice for your video, combining the rock and metal elements of 'Eyes Wide Shut' with Tolvai Reni's pop and electronic style.",Playdate,Tolvai Reni,1,1,1,0,0,top1_generation_prompt_text_changed_only_precomputed_text_feature_unchanged
2378,2WzHhtkF8JM,2WzHhtkF8JM_0Y1v5HCWz6M,VdJMxQQ_VlU_m6NT3C1D0rI,VdJMxQQ_VlU,0,2,cf_lyrical_piano,top1_prompt_level_preference_counterfactual,original,top1_reference,"I prefer lyrical piano background music with a slow tempo, soft acoustic texture, gentle melody, and a calm sentimental mood.","That sounds cool, but I'm leaning towards something with a pop and dance vibe, maybe with female vocals?",在您的推薦中，我們發現了一首名為「[MV] 徐熙娣 - 徐熙娣 MV'.mp4'的音樂影片。徐熙娣的音樂具有優秀的聲樂、詩歌、和聲、旋律、和聲、旋律、和,"Got it! For a pop and dance vibe with female vocals, I would recommend '이러쿵 저러쿵' by F-ve Dolls. It's a lively track from the album 'Club Remix Time To Play' and fits perfectly into the pop, rnb, dance, and soul genres. Plus, it has that loud and fast-paced feel that will definitely liven up your playlist.","Allow me to recommend 'Playdate' by Tolvai Reni. It's a pop and dance track with electronic elements and fast beats. The song features Tolvai Reni's distinctive female vocals, which adds a unique touch to the music. This could be a fitting choice for your video, combining the rock and metal elements of 'Eyes Wide Shut' with Tolvai Reni's pop and electronic style.",Playdate,Tolvai Reni,0,0,0,1,0,top1_generation_prompt_text_changed_only_precomputed_text_feature_unchanged
2446,wWCZ65xE-7c,wWCZ65xE-7c_mLg_eN8JPzo,wWCZ65xE-7c_mLg_eN8JPzo,wWCZ65xE-7c,1,1,original,top1_prompt_level_preference_counterfactual,original,top1_reference,"That sounds great, but I want to incorporate more of W.A.S.P.'s style into the music. I'm also interested in the electro and pop influences.","That sounds great, but I want to incorporate more of W.A.S.P.'s style into the music. I'm also interested in the electro and pop influences.","Allow me to recommend 'W.A.S.P.' by W.A.S.P. It's a track from their album 'W.A.S.P.'. It combines elements of hip-hop, electronic, and pop with a danceable electro sound. The song was released in 2012 and may contain the specific elements you're looking for.","Allow me to recommend 'Dashie Pon Dem' by W.A.S.P.. It's a track from their album 'Paypa Chaser Riddim'. This song combines elements of Hip-Hop, electronic, dance, electro, and pop. It has techno and loud electronic beats that could be a fitting choice for your video.","Allow me to recommend 'Dashie Pon Dem' by W.A.S.P.. It's a track from their album 'Paypa Chaser Riddim'. This song combines elements of Hip-Hop, electronic, dance, electro, and pop. It has techno and loud electronic beats that could be a fitting choice for your video.",Dashie Pon Dem,W,0,1,0,1,0,top1_generation_prompt_text_changed_only_precomputed_text_feature_unchanged
2446,wWCZ65xE-7c,wWCZ65xE-7c_mLg_eN8JPzo,wWCZ65xE-7c_mLg_eN8JPzo,wWCZ65xE-7c,1,1,cf_upbeat_electronic,top1_prompt_level_preference_counterfactual,original,top1_reference,"I prefer upbeat electronic background music with a bright mood, clear rhythm, energetic beats, and a modern dance or pop feeling.","That sounds great, but I want to incorporate more of W.A.S.P.'s style into the music. I'm also interested in the electro and pop influences.","Absolutely! For a vibrant and upbeat electronic background music, I recommend 'Dashie Pon Dem' by W. This track is part of the album 'Dashie Pon Dem' and offers a blend of Hip-Hop, electronic, dance, pop, and R&B genres. It's perfect for creating a modern and energetic atmosphere in your video.","Allow me to recommend 'Dashie Pon Dem' by W.A.S.P.. It's a track from their album 'Paypa Chaser Riddim'. This song combines elements of Hip-Hop, electronic, dance, electro, and pop. It has techno and loud electronic beats that could be a fitting choice for your video.","Allow me to recommend 'Dashie Pon Dem' by W.A.S.P.. It's a track from their album 'Paypa Chaser Riddim'. This song combines elements of Hip-Hop, electronic, dance, electro, and pop. It has techno and loud electronic beats that could be a fitting choice for your video.",Dashie Pon Dem,W,1,1,1,0,0,top1_generation_prompt_text_changed_only_precomputed_text_feature_unchanged
2446,wWCZ65xE-7c,wWCZ65xE-7c_mLg_eN8JPzo,wWCZ65xE-7c_mLg_eN8JPzo,wWCZ65xE-7c,1,1,cf_lyrical_piano,top1_prompt_level_preference_counterfactual,original,top1_reference,"I prefer lyrical piano background music with a slow tempo, soft acoustic texture, gentle melody, and a calm sentimental mood.","That sounds great, but I want to incorporate more of W.A.S.P.'s style into the music. I'm also interested in the electro and pop influences.","Based on your preferences, I recommend the track 'Pon Dem' by W. It's a hip-hop and electronic song with a fast-paced beat and a danceable rhythm. The track has a lyrical piano background and a slow tempo, which aligns well with your requirements.","Allow me to recommend 'Dashie Pon Dem' by W.A.S.P.. It's a track from their album 'Paypa Chaser Riddim'. This song combines elements of Hip-Hop, electronic, dance, electro, and pop. It has techno and loud electronic beats that could be a fitting choice for your video.","Allow me to recommend 'Dashie Pon Dem' by W.A.S.P.. It's a track from their album 'Paypa Chaser Riddim'. This song combines elements of Hip-Hop, electronic, dance, electro, and pop. It has techno and loud electronic beats that could be a fitting choice for your video.",Dashie Pon Dem,W,0,1,0,1,0,top1_generation_prompt_text_changed_only_precomputed_text_feature_unchanged
2449,JknekAM8pY4,JknekAM8pY4_FAi1atXAKHo,KKz4Md5bKEM_5DmFifr6Lw8,KKz4Md5bKEM,0,33,original,top1_prompt_level_preference_counterfactual,original,top1_reference,"That sounds good, but I would like to incorporate some elements of 80s and alternative rock into the music. I'm also interested in having drums and vocal as prominent features.","That sounds good, but I would like to incorporate some elements of 80s and alternative rock into the music. I'm also interested in having drums and vocal as prominent features.","Allow me to recommend 'Megalomaniac' by Incubus. It's a track from their album 'Megalomaniac'. It combines elements of 80s rock, alternative rock, and indie with a strong focus on drums and vocals. This song could be a fitting choice for your video.","Allow me to recommend 'From My Heart' by Aom Sushar. Although I couldn't find specific information about the track, Aom Sushar is known for her indie and alternative rock style with influences from the 80s. Her music often features prominent guitar, drums, and vocal elements. You can check out her social media accounts for more information.","Allow me to recommend 'Megalomaniac' by Incubus. It's a track from their live performance at Incubus HQ. The song combines alternative rock and punk elements, along with fast-paced guitar and drums. It was released in 2012, which might capture the specific sound you're looking for in your video.",Megalomaniac,Incubus,1,1,1,0,0,top1_generation_prompt_text_changed_only_precomputed_text_feature_unchanged
2449,JknekAM8pY4,JknekAM8pY4_FAi1atXAKHo,KKz4Md5bKEM_5DmFifr6Lw8,KKz4Md5bKEM,0,33,cf_upbeat_electronic,top1_prompt_level_preference_counterfactual,original,top1_reference,"I prefer upbeat electronic background music with a bright mood, clear rhythm, energetic beats, and a modern dance or pop feeling.","That sounds good, but I would like to incorporate some elements of 80s and alternative rock into the music. I'm also interested in having drums and vocal as prominent features.",�Был найден 1 результат для запроса 'Bright Mood'.,"Allow me to recommend 'From My Heart' by Aom Sushar. Although I couldn't find specific information about the track, Aom Sushar is known for her indie and alternative rock style with influences from the 80s. Her music often features prominent guitar, drums, and vocal elements. You can check out her social media accounts for more information.","Allow me to recommend 'Megalomaniac' by Incubus. It's a track from their live performance at Incubus HQ. The song combines alternative rock and punk elements, along with fast-paced guitar and drums. It was released in 2012, which might capture the specific sound you're looking for in your video.",Megalomaniac,Incubus,0,0,0,1,0,top1_generation_prompt_text_changed_only_precomputed_text_feature_unchanged
2449,JknekAM8pY4,JknekAM8pY4_FAi1atXAKHo,KKz4Md5bKEM_5DmFifr6Lw8,KKz4Md5bKEM,0,33,cf_lyrical_piano,top1_prompt_level_preference_counterfactual,original,top1_reference,"I prefer lyrical piano background music with a slow tempo, soft acoustic texture, gentle melody, and a calm sentimental mood.","That sounds good, but I would like to incorporate some elements of 80s and alternative rock into the music. I'm also interested in having drums and vocal as prominent features.",在您的要求下，我們推薦的兩首歌曲均具有悲傷、感情複雜、悲傷的感覺，並具有悲傷、感情複雜、悲傷的感覺，並具有悲傷、感情複雜,"Allow me to recommend 'From My Heart' by Aom Sushar. Although I couldn't find specific information about the track, Aom Sushar is known for her indie and alternative rock style with influences from the 80s. Her music often features prominent guitar, drums, and vocal elements. You can check out her social media accounts for more information.","Allow me to recommend 'Megalomaniac' by Incubus. It's a track from their live performance at Incubus HQ. The song combines alternative rock and punk elements, along with fast-paced guitar and drums. It was released in 2012, which might capture the specific sound you're looking for in your video.",Megalomaniac,Incubus,0,0,0,1,0,top1_generation_prompt_text_changed_only_precomputed_text_feature_unchanged
2455,gRKzFMRviAs,gRKzFMRviAs_qbZBq5WNw3k,YU4a8dbMPoM_-9qMmS5Cgl4,YU4a8dbMPoM,0,14,original,top1_prompt_level_preference_counterfactual,original,top1_reference,That sounds great! I'm also interested in incorporating some electronic and house influences into my video. Do you have any recommendations that combine these genres with rock?,That sounds great! I'm also interested in incorporating some electronic and house influences into my video. Do you have any recommendations that combine these genres with rock?,"Certainly! How about 'Tour De Negombo official aftermovie' by Steve Haines? It's an electronic track with elements of house and rock. Although I don't have much information about the specific album or artist, the track itself combines the genres you mentioned and could be a fitting choice for your video.","Certainly! How about the 'Play&Peace PlayStation Trailer' music? It's a dance and electronic track with elements of house and rock. Although I don't have specific information about the track name, album name, or artists, it could be a suitable choice for your video as it combines the electronic and house influences you're looking for with the rock genre.","In that case, I would recommend the track 'Tour De Negombo official aftermovie' by Steve Haines. Although I couldn't find specific information about this track, it is likely to have an electro house sound that matches the vibe of the event. It will add a dynamic and energetic atmosphere to your video, just like the 'Steve Haines Tour De Negombo' event.",Tour De Negombo official aftermovie,Steve Haines,1,1,1,0,0,top1_generation_prompt_text_changed_only_precomputed_text_feature_unchanged
2455,gRKzFMRviAs,gRKzFMRviAs_qbZBq5WNw3k,YU4a8dbMPoM_-9qMmS5Cgl4,YU4a8dbMPoM,0,14,cf_upbeat_electronic,top1_prompt_level_preference_counterfactual,original,top1_reference,"I prefer upbeat electronic background music with a bright mood, clear rhythm, energetic beats, and a modern dance or pop feeling.",That sounds great! I'm also interested in incorporating some electronic and house influences into my video. Do you have any recommendations that combine these genres with rock?,"In that case, I recommend 'Tour De Negombo official aftermovie by Steve Haines'. This track is a perfect fit for your requirements. It falls under the genres of dance, electronic, house, and pop, with a techno and fast-paced beat. It has a bright and energetic vibe that will complement your video.","Certainly! How about the 'Play&Peace PlayStation Trailer' music? It's a dance and electronic track with elements of house and rock. Although I don't have specific information about the track name, album name, or artists, it could be a suitable choice for your video as it combines the electronic and house influences you're looking for with the rock genre.","In that case, I would recommend the track 'Tour De Negombo official aftermovie' by Steve Haines. Although I couldn't find specific information about this track, it is likely to have an electro house sound that matches the vibe of the event. It will add a dynamic and energetic atmosphere to your video, just like the 'Steve Haines Tour De Negombo' event.",Tour De Negombo official aftermovie,Steve Haines,1,1,1,0,0,top1_generation_prompt_text_changed_only_precomputed_text_feature_unchanged
2455,gRKzFMRviAs,gRKzFMRviAs_qbZBq5WNw3k,YU4a8dbMPoM_-9qMmS5Cgl4,YU4a8dbMPoM,0,14,cf_lyrical_piano,top1_prompt_level_preference_counterfactual,original,top1_reference,"I prefer lyrical piano background music with a slow tempo, soft acoustic texture, gentle melody, and a calm sentimental mood.",That sounds great! I'm also interested in incorporating some electronic and house influences into my video. Do you have any recommendations that combine these genres with rock?,"In that case, I recommend 'Lyrical Piano - 100' by Steve Haines. This track is a beautiful piece of lyrical piano music with a slow tempo, soft acoustic texture, and a gentle melody. It has a calming and sentimental mood that would be perfect for your video.","Certainly! How about the 'Play&Peace PlayStation Trailer' music? It's a dance and electronic track with elements of house and rock. Although I don't have specific information about the track name, album name, or artists, it could be a suitable choice for your video as it combines the electronic and house influences you're looking for with the rock genre.","In that case, I would recommend the track 'Tour De Negombo official aftermovie' by Steve Haines. Although I couldn't find specific information about this track, it is likely to have an electro house sound that matches the vibe of the event. It will add a dynamic and energetic atmosphere to your video, just like the 'Steve Haines Tour De Negombo' event.",Tour De Negombo official aftermovie,Steve Haines,0,1,0,1,0,top1_generation_prompt_text_changed_only_precomputed_text_feature_unchanged
2491,mn4WwaRfmKM,mn4WwaRfmKM_7Kxl3Y5zh5E,yA8L89Zft68_sHgYmDt9Vss,yA8L89Zft68,0,3,original,top1_prompt_level_preference_counterfactual,original,top1_reference,"That sounds great. I'm also interested in incorporating some elements of soul, pop, and 80s rock into the music. Is there a track that combines these genres?","That sounds great. I'm also interested in incorporating some elements of soul, pop, and 80s rock into the music. Is there a track that combines these genres?",Certainly! I recommend 'I'm Not Giving Up' by Tiffany. It's a soulful pop track with elements of 80s rock. The song features Tiffany's powerful vocals and combines the genres you mentioned. It could be a fitting choice for your video.,"Certainly! 'Happy' by Tyree Morris & Hearts of Worship is a track that combines elements of soul, pop, and 80s rock. It's from their album 'We Declare' released in 2014. This song has a joyful and uplifting vibe with a mix of techno and electronic beats. The vocals and drums add a dynamic touch to the overall sound. It could be a great addition to your video, blending different genres seamlessly.","Allow me to recommend a track by The Billing Bodies called 'Helló Idegen'. Although I don't have much information about this track, The Billing Bodies is known for their soulful and rock sound, with strong female vocals. It might be a good fit for your video, and you can consider adding drums to enhance the rhythm and energy.",,,,,,0,0,top1_generation_prompt_text_changed_only_precomputed_text_feature_unchanged
2491,mn4WwaRfmKM,mn4WwaRfmKM_7Kxl3Y5zh5E,yA8L89Zft68_sHgYmDt9Vss,yA8L89Zft68,0,3,cf_upbeat_electronic,top1_prompt_level_preference_counterfactual,original,top1_reference,"I prefer upbeat electronic background music with a bright mood, clear rhythm, energetic beats, and a modern dance or pop feeling.","That sounds great. I'm also interested in incorporating some elements of soul, pop, and 80s rock into the music. Is there a track that combines these genres?","In that case, I would recommend 'I'm Not Giving Up' by Tasha Cobbs. This track has a bright and energetic vibe with a mix of rock, pop, and soul influences. It features female vocals and is perfect for creating a modern and danceable atmosphere in your video.","Certainly! 'Happy' by Tyree Morris & Hearts of Worship is a track that combines elements of soul, pop, and 80s rock. It's from their album 'We Declare' released in 2014. This song has a joyful and uplifting vibe with a mix of techno and electronic beats. The vocals and drums add a dynamic touch to the overall sound. It could be a great addition to your video, blending different genres seamlessly.","Allow me to recommend a track by The Billing Bodies called 'Helló Idegen'. Although I don't have much information about this track, The Billing Bodies is known for their soulful and rock sound, with strong female vocals. It might be a good fit for your video, and you can consider adding drums to enhance the rhythm and energy.",,,,,,0,0,top1_generation_prompt_text_changed_only_precomputed_text_feature_unchanged
2491,mn4WwaRfmKM,mn4WwaRfmKM_7Kxl3Y5zh5E,yA8L89Zft68_sHgYmDt9Vss,yA8L89Zft68,0,3,cf_lyrical_piano,top1_prompt_level_preference_counterfactual,original,top1_reference,"I prefer lyrical piano background music with a slow tempo, soft acoustic texture, gentle melody, and a calm sentimental mood.","That sounds great. I'm also interested in incorporating some elements of soul, pop, and 80s rock into the music. Is there a track that combines these genres?","In that case, I would recommend 'I'm Not Giving Up' by Tasha Cobbs. This track is a beautiful blend of pop, rock, soul, and jazz genres. The lyrics are heartfelt and the piano adds a touch of emotion to the song. It's a perfect choice for creating a sentimental mood in your video.","Certainly! 'Happy' by Tyree Morris & Hearts of Worship is a track that combines elements of soul, pop, and 80s rock. It's from their album 'We Declare' released in 2014. This song has a joyful and uplifting vibe with a mix of techno and electronic beats. The vocals and drums add a dynamic touch to the overall sound. It could be a great addition to your video, blending different genres seamlessly.","Allow me to recommend a track by The Billing Bodies called 'Helló Idegen'. Although I don't have much information about this track, The Billing Bodies is known for their soulful and rock sound, with strong female vocals. It might be a good fit for your video, and you can consider adding drums to enhance the rhythm and energy.",,,,,,0,0,top1_generation_prompt_text_changed_only_precomputed_text_feature_unchanged
2555,m7Cq8gduKP0,m7Cq8gduKP0_gk2j6CDUFpI,n0OognRALag_jA9wzl1C054,n0OognRALag,0,20,original,top1_prompt_level_preference_counterfactual,original,top1_reference,"That sounds great, but I would like to incorporate some hip-hop and chillout elements into the music as well. Can you recommend something that includes those genres?","That sounds great, but I would like to incorporate some hip-hop and chillout elements into the music as well. Can you recommend something that includes those genres?","Allow me to recommend 'Somos' by Snak the Ripper. It's a track from their album 'Somos'. It combines elements of hip-hop, electronic, and chillout with a touch of R&B and pop. The song has a laid-back and relaxed vibe, which could be a fitting choice for your video.","Allow me to recommend the track '18 ans' by Beli Blanco feat. Cirnese. Although the track doesn't have a specific album name or artist information, it falls into the genres of hip-hop and electronic with chillout and pop influences. It has a slow and synth-focused beat, which could be a fitting choice for your video.","Allow me to recommend 'Forgotten' by Snak the Ripper. Although I don't have much information about the track, I can tell you that Snak the Ripper is known for his hip-hop and soul style, and he often incorporates chillout and electronic elements into his music. I believe this track would be a fitting choice for your video.",Forgotten,Snak the Ripper,0,1,0,1,0,top1_generation_prompt_text_changed_only_precomputed_text_feature_unchanged
2555,m7Cq8gduKP0,m7Cq8gduKP0_gk2j6CDUFpI,n0OognRALag_jA9wzl1C054,n0OognRALag,0,20,cf_upbeat_electronic,top1_prompt_level_preference_counterfactual,original,top1_reference,"I prefer upbeat electronic background music with a bright mood, clear rhythm, energetic beats, and a modern dance or pop feeling.","That sounds great, but I would like to incorporate some hip-hop and chillout elements into the music as well. Can you recommend something that includes those genres?","In that case, I recommend 'Somos' by Dos Locos. It's a track from their album 'Somos'. This song combines elements of Hip-Hop, electronic, and pop with a danceable rhythm. It has a techno and electronic sound with a fast beat, which aligns well with the energetic and modern dance vibe you're looking for.","Allow me to recommend the track '18 ans' by Beli Blanco feat. Cirnese. Although the track doesn't have a specific album name or artist information, it falls into the genres of hip-hop and electronic with chillout and pop influences. It has a slow and synth-focused beat, which could be a fitting choice for your video.","Allow me to recommend 'Forgotten' by Snak the Ripper. Although I don't have much information about the track, I can tell you that Snak the Ripper is known for his hip-hop and soul style, and he often incorporates chillout and electronic elements into his music. I believe this track would be a fitting choice for your video.",Forgotten,Snak the Ripper,0,0,0,1,0,top1_generation_prompt_text_changed_only_precomputed_text_feature_unchanged
2555,m7Cq8gduKP0,m7Cq8gduKP0_gk2j6CDUFpI,n0OognRALag_jA9wzl1C054,n0OognRALag,0,20,cf_lyrical_piano,top1_prompt_level_preference_counterfactual,original,top1_reference,"I prefer lyrical piano background music with a slow tempo, soft acoustic texture, gentle melody, and a calm sentimental mood.","That sounds great, but I would like to incorporate some hip-hop and chillout elements into the music as well. Can you recommend something that includes those genres?","Allow me to recommend 'Forgotten' by Snak the Ripper. It's a track from his album 'Forgotten'. It combines elements of hip-hop, R&B, and soul with a slow tempo and lyrical piano. The song has a soothing and sentimental vibe that could be a fitting choice for your video.","Allow me to recommend the track '18 ans' by Beli Blanco feat. Cirnese. Although the track doesn't have a specific album name or artist information, it falls into the genres of hip-hop and electronic with chillout and pop influences. It has a slow and synth-focused beat, which could be a fitting choice for your video.","Allow me to recommend 'Forgotten' by Snak the Ripper. Although I don't have much information about the track, I can tell you that Snak the Ripper is known for his hip-hop and soul style, and he often incorporates chillout and electronic elements into his music. I believe this track would be a fitting choice for your video.",Forgotten,Snak the Ripper,1,1,1,0,0,top1_generation_prompt_text_changed_only_precomputed_text_feature_unchanged
2609,iwxzc2MlkRg,iwxzc2MlkRg_UB7-5vH_veA,iwxzc2MlkRg_UB7-5vH_veA,iwxzc2MlkRg,1,1,original,top1_prompt_level_preference_counterfactual,original,top1_reference,"That sounds great, but I would like to incorporate some elements of Mahalo's style into the music as well. Mahalo is known for their rock, pop, and indie sound with 80s influences. I'm also interested in guitar and male vocals.","That sounds great, but I would like to incorporate some elements of Mahalo's style into the music as well. Mahalo is known for their rock, pop, and indie sound with 80s influences. I'm also interested in guitar and male vocals.","Allow me to recommend 'Chora Brother' by Mahalo. It's a track from their album 'Chora Brother'. The song combines elements of rock, pop, and indie with a touch of 80s vibes. It features guitar and male vocals, which aligns well with your preferences. The track was released in 2012 and has a distinctive style that could complement your video.","Allow me to recommend 'Chora Brother' by Mahalo. It's a track from their album 'Gratidão'. The song combines elements of rock, pop, and indie with 80s influences. It features a strong guitar presence and male vocals by Pedro Nassif. It was also used as the soundtrack for the TV show 'Malhação' in 2013/2014, which indicates its popularity and catchy appeal.","Allow me to recommend 'Chora Brother' by Mahalo. It's a track from their album 'Gratidão'. The song combines elements of rock, pop, and indie with 80s influences. It features a strong guitar presence and male vocals by Pedro Nassif. It was also used as the soundtrack for the TV show 'Malhação' in 2013/2014, which indicates its popularity and catchy appeal.",Chora Brother,Mahalo,1,1,1,0,0,top1_generation_prompt_text_changed_only_precomputed_text_feature_unchanged
2609,iwxzc2MlkRg,iwxzc2MlkRg_UB7-5vH_veA,iwxzc2MlkRg_UB7-5vH_veA,iwxzc2MlkRg,1,1,cf_upbeat_electronic,top1_prompt_level_preference_counterfactual,original,top1_reference,"I prefer upbeat electronic background music with a bright mood, clear rhythm, energetic beats, and a modern dance or pop feeling.","That sounds great, but I would like to incorporate some elements of Mahalo's style into the music as well. Mahalo is known for their rock, pop, and indie sound with 80s influences. I'm also interested in guitar and male vocals.","I recommend 'Chora Brother' by Mahalo. It's a track from their album 'Chora Brother'. This song combines elements of rock, pop, and indie with a dance and pop feel. It has a fast-paced rhythm and energetic beats that align with your preferences.","Allow me to recommend 'Chora Brother' by Mahalo. It's a track from their album 'Gratidão'. The song combines elements of rock, pop, and indie with 80s influences. It features a strong guitar presence and male vocals by Pedro Nassif. It was also used as the soundtrack for the TV show 'Malhação' in 2013/2014, which indicates its popularity and catchy appeal.","Allow me to recommend 'Chora Brother' by Mahalo. It's a track from their album 'Gratidão'. The song combines elements of rock, pop, and indie with 80s influences. It features a strong guitar presence and male vocals by Pedro Nassif. It was also used as the soundtrack for the TV show 'Malhação' in 2013/2014, which indicates its popularity and catchy appeal.",Chora Brother,Mahalo,1,1,1,0,0,top1_generation_prompt_text_changed_only_precomputed_text_feature_unchanged
2609,iwxzc2MlkRg,iwxzc2MlkRg_UB7-5vH_veA,iwxzc2MlkRg_UB7-5vH_veA,iwxzc2MlkRg,1,1,cf_lyrical_piano,top1_prompt_level_preference_counterfactual,original,top1_reference,"I prefer lyrical piano background music with a slow tempo, soft acoustic texture, gentle melody, and a calm sentimental mood.","That sounds great, but I would like to incorporate some elements of Mahalo's style into the music as well. Mahalo is known for their rock, pop, and indie sound with 80s influences. I'm also interested in guitar and male vocals.","Allow me to recommend 'Chora Brother' by Mahalo. It's a track from their album 'Chora Brother'. This song combines elements of rock, pop, and indie with a touch of alternative. It features lyrical piano and has a slow tempo, soft acoustic texture, and a gentle melody that creates a calm and sentimental mood.","Allow me to recommend 'Chora Brother' by Mahalo. It's a track from their album 'Gratidão'. The song combines elements of rock, pop, and indie with 80s influences. It features a strong guitar presence and male vocals by Pedro Nassif. It was also used as the soundtrack for the TV show 'Malhação' in 2013/2014, which indicates its popularity and catchy appeal.","Allow me to recommend 'Chora Brother' by Mahalo. It's a track from their album 'Gratidão'. The song combines elements of rock, pop, and indie with 80s influences. It features a strong guitar presence and male vocals by Pedro Nassif. It was also used as the soundtrack for the TV show 'Malhação' in 2013/2014, which indicates its popularity and catchy appeal.",Chora Brother,Mahalo,1,1,1,0,0,top1_generation_prompt_text_changed_only_precomputed_text_feature_unchanged
2627,4O_gGo7MsW4,4O_gGo7MsW4_1S84Sxh4x0c,62bH3EVlBjU_SuMhOxRXiJc,62bH3EVlBjU,0,65,original,top1_prompt_level_preference_counterfactual,original,top1_reference,"That sounds great, but I would like to incorporate a bit more of LT's distinctive style, especially their electronic and rock influences. I'm also interested in techno and male vocals.","That sounds great, but I would like to incorporate a bit more of LT's distinctive style, especially their electronic and rock influences. I'm also interested in techno and male vocals.","Allow me to recommend 'Walka' by LT. It's a track from their album 'Walka'. It combines elements of hip-hop, electronic, and rock with techno beats and male vocals. It was released in 2012 and may contain the specific elements you're looking for.","Allow me to recommend 'S'kena probleme' by LT. It's a track with a mix of hip-hop, electronic, dance, and pop genres, similar to the recommended track. Although there is no specific description provided, the song might contain the electronic and rock influences you're looking for. It also features a male vocalist and could be a suitable choice for your video.","Sure! How about the track 'Walka' by Brazy? It's a hip-hop track with electronic, rock, and pop influences. The song was produced by Pablo Shifty and has a catchy beat. It aligns well with the energetic and pop-infused vibe you're looking for in your video.",Walka,Brazy,1,0,0,1,0,top1_generation_prompt_text_changed_only_precomputed_text_feature_unchanged
2627,4O_gGo7MsW4,4O_gGo7MsW4_1S84Sxh4x0c,62bH3EVlBjU_SuMhOxRXiJc,62bH3EVlBjU,0,65,cf_upbeat_electronic,top1_prompt_level_preference_counterfactual,original,top1_reference,"I prefer upbeat electronic background music with a bright mood, clear rhythm, energetic beats, and a modern dance or pop feeling.","That sounds great, but I would like to incorporate a bit more of LT's distinctive style, especially their electronic and rock influences. I'm also interested in techno and male vocals.","Based on your preferences, I recommend 'Walka' by Brazy. It's a track from the album 'Walka' and combines elements of hip-hop, electronic, and pop with a dance and R&B influence. The song has a fast-paced beat and energetic vibe that could be a great fit for your video.","Allow me to recommend 'S'kena probleme' by LT. It's a track with a mix of hip-hop, electronic, dance, and pop genres, similar to the recommended track. Although there is no specific description provided, the song might contain the electronic and rock influences you're looking for. It also features a male vocalist and could be a suitable choice for your video.","Sure! How about the track 'Walka' by Brazy? It's a hip-hop track with electronic, rock, and pop influences. The song was produced by Pablo Shifty and has a catchy beat. It aligns well with the energetic and pop-infused vibe you're looking for in your video.",Walka,Brazy,1,1,1,0,0,top1_generation_prompt_text_changed_only_precomputed_text_feature_unchanged
2627,4O_gGo7MsW4,4O_gGo7MsW4_1S84Sxh4x0c,62bH3EVlBjU_SuMhOxRXiJc,62bH3EVlBjU,0,65,cf_lyrical_piano,top1_prompt_level_preference_counterfactual,original,top1_reference,"I prefer lyrical piano background music with a slow tempo, soft acoustic texture, gentle melody, and a calm sentimental mood.","That sounds great, but I would like to incorporate a bit more of LT's distinctive style, especially their electronic and rock influences. I'm also interested in techno and male vocals.","Allow me to recommend 'Walka' by Brazy. It's a track from his album 'Walka'. It combines elements of hip-hop, electronic, and pop with a slow tempo and a piano-driven sound. The song has a lyrical and emotional vibe that could be a fitting choice for your video.","Allow me to recommend 'S'kena probleme' by LT. It's a track with a mix of hip-hop, electronic, dance, and pop genres, similar to the recommended track. Although there is no specific description provided, the song might contain the electronic and rock influences you're looking for. It also features a male vocalist and could be a suitable choice for your video.","Sure! How about the track 'Walka' by Brazy? It's a hip-hop track with electronic, rock, and pop influences. The song was produced by Pablo Shifty and has a catchy beat. It aligns well with the energetic and pop-infused vibe you're looking for in your video.",Walka,Brazy,1,1,1,0,0,top1_generation_prompt_text_changed_only_precomputed_text_feature_unchanged
2639,fn_GPyrIZDM,fn_GPyrIZDM_YxVvA5-Ndmg,o7VqntJGrIw_aJANsPCILB4,o7VqntJGrIw,0,15,original,top1_prompt_level_preference_counterfactual,original,top1_reference,"That sounds good, but I would like to incorporate some elements of Polish hip-hop into the music. I'm also interested in soul, R&B, and pop influences.","That sounds good, but I would like to incorporate some elements of Polish hip-hop into the music. I'm also interested in soul, R&B, and pop influences.","Allow me to recommend 'Powrót do rapu' by K.A.S. It's a Polish hip-hop track with soul, R&B, and pop elements. Although I don't have much information about the specific album or artists, this song aligns well with the style you're looking for.","I understand your preference for Polish hip-hop. Let me recommend 'FIBE MIEJSCA' by FIBE. It's a track with elements of soul, R&B, and pop, but also incorporates rock influences. The song was released in 2013 and has a techno and electronic sound, with prominent drum beats. It could add a unique touch to your video.",Allow me to recommend 'DEL PASILLO A LA ESQUINA' by ILICITO ASFALTO. It's a track with hip-hop and electronic elements that could be a fitting choice for your video. It has a chillout vibe and features soulful vocals. The track was released as a single and has a relaxed and laid-back atmosphere.,DEL PASILLO A LA ESQUINA,ILICITO ASFALTO,0,0,0,1,0,top1_generation_prompt_text_changed_only_precomputed_text_feature_unchanged
2639,fn_GPyrIZDM,fn_GPyrIZDM_YxVvA5-Ndmg,o7VqntJGrIw_aJANsPCILB4,o7VqntJGrIw,0,15,cf_upbeat_electronic,top1_prompt_level_preference_counterfactual,original,top1_reference,"I prefer upbeat electronic background music with a bright mood, clear rhythm, energetic beats, and a modern dance or pop feeling.","That sounds good, but I would like to incorporate some elements of Polish hip-hop into the music. I'm also interested in soul, R&B, and pop influences.","Based on your preferences, I recommend the track 'DEL PASILLO A LA ESQUINA' by ILICITO ASFALTO. It's a hip-hop and electronic song with a dance and pop influence. The track has a fast-paced beat and synth elements that create an energetic and modern sound.","I understand your preference for Polish hip-hop. Let me recommend 'FIBE MIEJSCA' by FIBE. It's a track with elements of soul, R&B, and pop, but also incorporates rock influences. The song was released in 2013 and has a techno and electronic sound, with prominent drum beats. It could add a unique touch to your video.",Allow me to recommend 'DEL PASILLO A LA ESQUINA' by ILICITO ASFALTO. It's a track with hip-hop and electronic elements that could be a fitting choice for your video. It has a chillout vibe and features soulful vocals. The track was released as a single and has a relaxed and laid-back atmosphere.,DEL PASILLO A LA ESQUINA,ILICITO ASFALTO,1,1,1,0,0,top1_generation_prompt_text_changed_only_precomputed_text_feature_unchanged
2639,fn_GPyrIZDM,fn_GPyrIZDM_YxVvA5-Ndmg,o7VqntJGrIw_aJANsPCILB4,o7VqntJGrIw,0,15,cf_lyrical_piano,top1_prompt_level_preference_counterfactual,original,top1_reference,"I prefer lyrical piano background music with a slow tempo, soft acoustic texture, gentle melody, and a calm sentimental mood.","That sounds good, but I would like to incorporate some elements of Polish hip-hop into the music. I'm also interested in soul, R&B, and pop influences.","Allow me to recommend 'DEL PASILLO A LA ESQUINA' by ILICITO ASFALTO. It's a track with lyrical piano background music that aligns well with your preferences. Although there is no specific information about the album, artists, or track name, the description mentions that it's a new release from 2013, which may contain the specific elements you are looking for.","I understand your preference for Polish hip-hop. Let me recommend 'FIBE MIEJSCA' by FIBE. It's a track with elements of soul, R&B, and pop, but also incorporates rock influences. The song was released in 2013 and has a techno and electronic sound, with prominent drum beats. It could add a unique touch to your video.",Allow me to recommend 'DEL PASILLO A LA ESQUINA' by ILICITO ASFALTO. It's a track with hip-hop and electronic elements that could be a fitting choice for your video. It has a chillout vibe and features soulful vocals. The track was released as a single and has a relaxed and laid-back atmosphere.,DEL PASILLO A LA ESQUINA,ILICITO ASFALTO,1,1,1,0,0,top1_generation_prompt_text_changed_only_precomputed_text_feature_unchanged
2648,rSAbaOw7tNY,rSAbaOw7tNY_R6_kdKj7mJ0,ZGmRwFZVEj0_07dPZ2QmEKQ,ZGmRwFZVEj0,0,26,original,top1_prompt_level_preference_counterfactual,original,top1_reference,"That sounds good, but I want to incorporate some elements of electronic and experimental genres, similar to 'Uno Feat. Rahshon - All Night Long'. Can you suggest a song with those influences?","That sounds good, but I want to incorporate some elements of electronic and experimental genres, similar to 'Uno Feat. Rahshon - All Night Long'. Can you suggest a song with those influences?","Allow me to recommend 'All Night Long' by Uno Feat. Rahshon. It's a track from the album 'All Night Long'. This song combines elements of hip-hop, electronic, and rock genres with experimental and dance influences. It has a fast-paced techno sound and features male vocals.","I suggest you try 'All Night Long' by Uno Feat. Rahshon. It's an electronic and experimental track produced by Kenny Johnson III of Third Level Entertainment, LLC. The song has a unique sound and incorporates elements of hip-hop and rock as well.","Allow me to recommend 'Chicken Bowl' by Shoelace Gang. It's a track dedicated to the importance of chicken bowl in their school's lunch. The song combines elements of hip-hop, rock, and dance with electronic and experimental influences. It captures the energetic and catchy vibe you're looking for.",Chicken Bowl,Shoelace Gang,0,0,0,1,0,top1_generation_prompt_text_changed_only_precomputed_text_feature_unchanged
2648,rSAbaOw7tNY,rSAbaOw7tNY_R6_kdKj7mJ0,ZGmRwFZVEj0_07dPZ2QmEKQ,ZGmRwFZVEj0,0,26,cf_upbeat_electronic,top1_prompt_level_preference_counterfactual,original,top1_reference,"I prefer upbeat electronic background music with a bright mood, clear rhythm, energetic beats, and a modern dance or pop feeling.","That sounds good, but I want to incorporate some elements of electronic and experimental genres, similar to 'Uno Feat. Rahshon - All Night Long'. Can you suggest a song with those influences?","In that case, I would recommend 'Chicken Bowl' by Shoelace Gang. This track combines elements of Hip-Hop, electronic, rock, dance, and pop, creating a vibrant and energetic sound. It has a fast-paced rhythm and a modern dance or pop feel that would be perfect for your video.","I suggest you try 'All Night Long' by Uno Feat. Rahshon. It's an electronic and experimental track produced by Kenny Johnson III of Third Level Entertainment, LLC. The song has a unique sound and incorporates elements of hip-hop and rock as well.","Allow me to recommend 'Chicken Bowl' by Shoelace Gang. It's a track dedicated to the importance of chicken bowl in their school's lunch. The song combines elements of hip-hop, rock, and dance with electronic and experimental influences. It captures the energetic and catchy vibe you're looking for.",Chicken Bowl,Shoelace Gang,1,1,1,0,0,top1_generation_prompt_text_changed_only_precomputed_text_feature_unchanged
2648,rSAbaOw7tNY,rSAbaOw7tNY_R6_kdKj7mJ0,ZGmRwFZVEj0_07dPZ2QmEKQ,ZGmRwFZVEj0,0,26,cf_lyrical_piano,top1_prompt_level_preference_counterfactual,original,top1_reference,"I prefer lyrical piano background music with a slow tempo, soft acoustic texture, gentle melody, and a calm sentimental mood.","That sounds good, but I want to incorporate some elements of electronic and experimental genres, similar to 'Uno Feat. Rahshon - All Night Long'. Can you suggest a song with those influences?","In that case, I would recommend 'Chicken Bowl' by Shoelace Gang. This track has a lyrical piano background with a slow tempo, soft acoustic texture, gentle melody, and a calm, sentimental mood. It's a perfect fit for your video.","I suggest you try 'All Night Long' by Uno Feat. Rahshon. It's an electronic and experimental track produced by Kenny Johnson III of Third Level Entertainment, LLC. The song has a unique sound and incorporates elements of hip-hop and rock as well.","Allow me to recommend 'Chicken Bowl' by Shoelace Gang. It's a track dedicated to the importance of chicken bowl in their school's lunch. The song combines elements of hip-hop, rock, and dance with electronic and experimental influences. It captures the energetic and catchy vibe you're looking for.",Chicken Bowl,Shoelace Gang,1,1,1,0,0,top1_generation_prompt_text_changed_only_precomputed_text_feature_unchanged
2650,sucNsk45Bzg,sucNsk45Bzg_sFQ647JCX2I,-iN8xGM-16A_gQZ_Q7Kd3no,-iN8xGM-16A,0,22,original,top1_prompt_level_preference_counterfactual,original,top1_reference,"That sounds great, I'm interested in incorporating more electronic and dance elements into the music. Is there any other recommendation?","That sounds great, I'm interested in incorporating more electronic and dance elements into the music. Is there any other recommendation?","Allow me to recommend 'Uno Dos Tres' by Que. It's a track from his album 'Uno Dos Tres'. It combines elements of hip-hop, electronic, and dance with a fast-paced beat and synth sounds. The song was released in 2013 and has a techno and electronic sound that could be a fitting choice for your video.","Certainly! 'Cell' by HD is another option. It's a new single with elements of hip-hop, electronic, and dance genres. The song has a catchy beat and can add a vibrant and energetic feel to your video.","Allow me to recommend 'Uno Dos Tres' by Que. It's a track from his mixtape 'Can you Digg it?' that was released on August 19th. The song combines elements of hip-hop, electronic, dance, and R&B genres, with catchy electro beats. It was produced by Dj plugg & Bobby Kritical, which adds to its unique sound.",Uno Dos Tres,Que,1,1,1,0,0,top1_generation_prompt_text_changed_only_precomputed_text_feature_unchanged
2650,sucNsk45Bzg,sucNsk45Bzg_sFQ647JCX2I,-iN8xGM-16A_gQZ_Q7Kd3no,-iN8xGM-16A,0,22,cf_upbeat_electronic,top1_prompt_level_preference_counterfactual,original,top1_reference,"I prefer upbeat electronic background music with a bright mood, clear rhythm, energetic beats, and a modern dance or pop feeling.","That sounds great, I'm interested in incorporating more electronic and dance elements into the music. Is there any other recommendation?","Based on your preferences, I recommend 'Uno Dos Tres' by Que. It's a track from his album 'Uno Dos Tres'. This song combines elements of Hip-Hop, electronic, dance, and pop, which aligns well with the upbeat and energetic vibe you're looking for. It has a modern dance feel and a catchy rhythm that will add a lively touch to your video.","Certainly! 'Cell' by HD is another option. It's a new single with elements of hip-hop, electronic, and dance genres. The song has a catchy beat and can add a vibrant and energetic feel to your video.","Allow me to recommend 'Uno Dos Tres' by Que. It's a track from his mixtape 'Can you Digg it?' that was released on August 19th. The song combines elements of hip-hop, electronic, dance, and R&B genres, with catchy electro beats. It was produced by Dj plugg & Bobby Kritical, which adds to its unique sound.",Uno Dos Tres,Que,1,1,1,0,0,top1_generation_prompt_text_changed_only_precomputed_text_feature_unchanged
2650,sucNsk45Bzg,sucNsk45Bzg_sFQ647JCX2I,-iN8xGM-16A_gQZ_Q7Kd3no,-iN8xGM-16A,0,22,cf_lyrical_piano,top1_prompt_level_preference_counterfactual,original,top1_reference,"I prefer lyrical piano background music with a slow tempo, soft acoustic texture, gentle melody, and a calm sentimental mood.","That sounds great, I'm interested in incorporating more electronic and dance elements into the music. Is there any other recommendation?","In that case, I would recommend 'Uno Dos Tres' by Que. This track has a lyrical piano background and falls under the genres of Hip-Hop, electronic, rock, dance, and R&B. It has a slow tempo and features a soft acoustic texture, creating a gentle melody and a calm, sentimental mood.","Certainly! 'Cell' by HD is another option. It's a new single with elements of hip-hop, electronic, and dance genres. The song has a catchy beat and can add a vibrant and energetic feel to your video.","Allow me to recommend 'Uno Dos Tres' by Que. It's a track from his mixtape 'Can you Digg it?' that was released on August 19th. The song combines elements of hip-hop, electronic, dance, and R&B genres, with catchy electro beats. It was produced by Dj plugg & Bobby Kritical, which adds to its unique sound.",Uno Dos Tres,Que,1,1,1,0,0,top1_generation_prompt_text_changed_only_precomputed_text_feature_unchanged
2658,vIaH35-MLsk,vIaH35-MLsk_SGEzNs5dArw,vIaH35-MLsk_SGEzNs5dArw,vIaH35-MLsk,1,1,original,top1_prompt_level_preference_counterfactual,original,top1_reference,"Sounds interesting, but I'm looking for something with a catchy chorus and a bit more of a romantic vibe.","Sounds interesting, but I'm looking for something with a catchy chorus and a bit more of a romantic vibe.","In that case, I would recommend 'I'm In Love' by J. Holiday. This track has a catchy chorus and a romantic theme. It falls under the genres of pop, R&B, and dance, which will give your video a vibrant and energetic feel.","In that case, I would recommend 'Right Now (Na Na Na)' by Akon. This track has a catchy chorus and falls into the pop, R&B, dance, and electronic genres. It features a female vocalist and has a romantic feel to it. It's part of the album 'Right Now (Na Na Na)' by Akon.","In that case, I would recommend 'Right Now (Na Na Na)' by Akon. This track has a catchy chorus and falls into the pop, R&B, dance, and electronic genres. It features a female vocalist and has a romantic feel to it. It's part of the album 'Right Now (Na Na Na)' by Akon.",Right Now (Na Na Na),Akon,0,0,0,1,0,top1_generation_prompt_text_changed_only_precomputed_text_feature_unchanged
2658,vIaH35-MLsk,vIaH35-MLsk_SGEzNs5dArw,vIaH35-MLsk_SGEzNs5dArw,vIaH35-MLsk,1,1,cf_upbeat_electronic,top1_prompt_level_preference_counterfactual,original,top1_reference,"I prefer upbeat electronic background music with a bright mood, clear rhythm, energetic beats, and a modern dance or pop feeling.","Sounds interesting, but I'm looking for something with a catchy chorus and a bit more of a romantic vibe.","In that case, I would recommend 'Right Now (Na Na Na)' by Akon. This track is a perfect fit for your needs as it combines elements of pop, R&B, dance, and electronic music. It has a fast-paced rhythm and catchy melodies that will add energy to your video.","In that case, I would recommend 'Right Now (Na Na Na)' by Akon. This track has a catchy chorus and falls into the pop, R&B, dance, and electronic genres. It features a female vocalist and has a romantic feel to it. It's part of the album 'Right Now (Na Na Na)' by Akon.","In that case, I would recommend 'Right Now (Na Na Na)' by Akon. This track has a catchy chorus and falls into the pop, R&B, dance, and electronic genres. It features a female vocalist and has a romantic feel to it. It's part of the album 'Right Now (Na Na Na)' by Akon.",Right Now (Na Na Na),Akon,1,1,1,0,0,top1_generation_prompt_text_changed_only_precomputed_text_feature_unchanged
2658,vIaH35-MLsk,vIaH35-MLsk_SGEzNs5dArw,vIaH35-MLsk_SGEzNs5dArw,vIaH35-MLsk,1,1,cf_lyrical_piano,top1_prompt_level_preference_counterfactual,original,top1_reference,"I prefer lyrical piano background music with a slow tempo, soft acoustic texture, gentle melody, and a calm sentimental mood.","Sounds interesting, but I'm looking for something with a catchy chorus and a bit more of a romantic vibe.","In that case, I would recommend 'Love Me' by Akon. This track has a lyrical piano background and a slow tempo, which creates a soothing and emotional atmosphere. The acoustic texture and gentle melody add depth to the song, making it perfect for a romantic video.","In that case, I would recommend 'Right Now (Na Na Na)' by Akon. This track has a catchy chorus and falls into the pop, R&B, dance, and electronic genres. It features a female vocalist and has a romantic feel to it. It's part of the album 'Right Now (Na Na Na)' by Akon.","In that case, I would recommend 'Right Now (Na Na Na)' by Akon. This track has a catchy chorus and falls into the pop, R&B, dance, and electronic genres. It features a female vocalist and has a romantic feel to it. It's part of the album 'Right Now (Na Na Na)' by Akon.",Right Now (Na Na Na),Akon,0,1,0,1,0,top1_generation_prompt_text_changed_only_precomputed_text_feature_unchanged
2673,6I0Dv46ZgZE,6I0Dv46ZgZE_eZEP4QbTics,6y-Zcx_4Xyg_lDchd4cGTwc,6y-Zcx_4Xyg,0,35,original,top1_prompt_level_preference_counterfactual,original,top1_reference,"That sounds interesting, but I'm looking for a track that aligns more with the rock, indie, and alternative genres. It would be great if it also has some metal elements.","That sounds interesting, but I'm looking for a track that aligns more with the rock, indie, and alternative genres. It would be great if it also has some metal elements.","Allow me to recommend 'The Last Song' by The Last Song. It's a rock track with indie and alternative influences. Although there is no specific information about metal elements, it aligns well with the rock and alternative genres you mentioned. The song has a guitar-driven sound and a fast-paced tempo, which could be a fitting choice for your video.","Allow me to recommend 'Untitled 01' by RAMA again. This track combines elements of rock, metal, and alternative rock, which can capture the essence of your Disney Live Action collab. It has a fast-paced and loud sound with techno and electronic influences as well.","In that case, I would suggest 'Laberinto' by ROCKVOX. This track is a perfect fit for your requirements as it falls under the indie rock and alternative genres. Although I couldn't find much information about the melody, the description of the video suggests that it is a catchy song. Give it a listen and see if it suits your video!",Laberinto,ROCKVOX,0,0,0,1,0,top1_generation_prompt_text_changed_only_precomputed_text_feature_unchanged
2673,6I0Dv46ZgZE,6I0Dv46ZgZE_eZEP4QbTics,6y-Zcx_4Xyg_lDchd4cGTwc,6y-Zcx_4Xyg,0,35,cf_upbeat_electronic,top1_prompt_level_preference_counterfactual,original,top1_reference,"I prefer upbeat electronic background music with a bright mood, clear rhythm, energetic beats, and a modern dance or pop feeling.","That sounds interesting, but I'm looking for a track that aligns more with the rock, indie, and alternative genres. It would be great if it also has some metal elements.","In that case, I recommend 'Lost in the Dark' by The Dear Hunter. It's a rock track with indie and alternative influences. The song has a fast-paced rhythm and energetic beats, which align with your preferences. It was released in 2010 and has a modern sound that could work well for your video.","Allow me to recommend 'Untitled 01' by RAMA again. This track combines elements of rock, metal, and alternative rock, which can capture the essence of your Disney Live Action collab. It has a fast-paced and loud sound with techno and electronic influences as well.","In that case, I would suggest 'Laberinto' by ROCKVOX. This track is a perfect fit for your requirements as it falls under the indie rock and alternative genres. Although I couldn't find much information about the melody, the description of the video suggests that it is a catchy song. Give it a listen and see if it suits your video!",Laberinto,ROCKVOX,0,0,0,1,0,top1_generation_prompt_text_changed_only_precomputed_text_feature_unchanged
2673,6I0Dv46ZgZE,6I0Dv46ZgZE_eZEP4QbTics,6y-Zcx_4Xyg_lDchd4cGTwc,6y-Zcx_4Xyg,0,35,cf_lyrical_piano,top1_prompt_level_preference_counterfactual,original,top1_reference,"I prefer lyrical piano background music with a slow tempo, soft acoustic texture, gentle melody, and a calm sentimental mood.","That sounds interesting, but I'm looking for a track that aligns more with the rock, indie, and alternative genres. It would be great if it also has some metal elements.","Allow me to recommend 'Laberinto' by ROCKVOX. It's a track from their album 'Laberinto'. This song combines elements of rock, indie, alternative, and pop with a slow tempo and acoustic piano. It has a soothing and sentimental vibe that could be a fitting choice for your video.","Allow me to recommend 'Untitled 01' by RAMA again. This track combines elements of rock, metal, and alternative rock, which can capture the essence of your Disney Live Action collab. It has a fast-paced and loud sound with techno and electronic influences as well.","In that case, I would suggest 'Laberinto' by ROCKVOX. This track is a perfect fit for your requirements as it falls under the indie rock and alternative genres. Although I couldn't find much information about the melody, the description of the video suggests that it is a catchy song. Give it a listen and see if it suits your video!",Laberinto,ROCKVOX,1,1,1,0,0,top1_generation_prompt_text_changed_only_precomputed_text_feature_unchanged
2682,bnuOm-tHi9U,bnuOm-tHi9U_mk-5w3Di0jk,CkqlRC7i4Kg_55i14OoA4rQ,CkqlRC7i4Kg,0,3,original,top1_prompt_level_preference_counterfactual,original,top1_reference,"That sounds great, I like the indie and rock elements in your recommendation. However, I'm also interested in incorporating elements of Permanent Fish's style, which includes folk, jazz, and pop genres. I'm also looking for a slower tempo with female vocals.","That sounds great, I like the indie and rock elements in your recommendation. However, I'm also interested in incorporating elements of Permanent Fish's style, which includes folk, jazz, and pop genres. I'm also looking for a slower tempo with female vocals.","Allow me to recommend 'Après un reve' by Permanent Fish. It's a track from their album 'Après un reve'. This song combines elements of folk, jazz, and pop genres, and features female vocals. It has a slower tempo, which aligns well with your preferences. The track was released in 2012, which may contain the specific elements you're looking for.","Allow me to recommend '～街～' by Permanent Fish. It's a representative track from their mini album 'HOME'. This song beautifully combines elements of folk, rock, and jazz, with a touch of pop. The slow tempo and captivating female vocals make it a perfect choice for your video. It was released in 2006 and holds sentimental value, reflecting the importance of hometowns and cherished places.","Allow me to recommend 'Après un reve' by Janine Jansen. It's a track from her latest album 'Beau Soir'. The song is an instrumental piece with a classical and ambient vibe. It features the soothing sound of violin and strings, creating a beautiful and emotional atmosphere for your wedding video.",Après un reve,Janine Jansen,1,0,0,1,0,top1_generation_prompt_text_changed_only_precomputed_text_feature_unchanged
2682,bnuOm-tHi9U,bnuOm-tHi9U_mk-5w3Di0jk,CkqlRC7i4Kg_55i14OoA4rQ,CkqlRC7i4Kg,0,3,cf_upbeat_electronic,top1_prompt_level_preference_counterfactual,original,top1_reference,"I prefer upbeat electronic background music with a bright mood, clear rhythm, energetic beats, and a modern dance or pop feeling.","That sounds great, I like the indie and rock elements in your recommendation. However, I'm also interested in incorporating elements of Permanent Fish's style, which includes folk, jazz, and pop genres. I'm also looking for a slower tempo with female vocals.","In that case, I would recommend 'Après un reve' by Janine Jansen. This track is part of the album 'Après un reve' and it perfectly captures the upbeat electronic and dance elements you're looking for. It has a modern pop feel with a fast-paced rhythm that will add energy to your video.","Allow me to recommend '～街～' by Permanent Fish. It's a representative track from their mini album 'HOME'. This song beautifully combines elements of folk, rock, and jazz, with a touch of pop. The slow tempo and captivating female vocals make it a perfect choice for your video. It was released in 2006 and holds sentimental value, reflecting the importance of hometowns and cherished places.","Allow me to recommend 'Après un reve' by Janine Jansen. It's a track from her latest album 'Beau Soir'. The song is an instrumental piece with a classical and ambient vibe. It features the soothing sound of violin and strings, creating a beautiful and emotional atmosphere for your wedding video.",Après un reve,Janine Jansen,1,1,1,0,0,top1_generation_prompt_text_changed_only_precomputed_text_feature_unchanged
2682,bnuOm-tHi9U,bnuOm-tHi9U_mk-5w3Di0jk,CkqlRC7i4Kg_55i14OoA4rQ,CkqlRC7i4Kg,0,3,cf_lyrical_piano,top1_prompt_level_preference_counterfactual,original,top1_reference,"I prefer lyrical piano background music with a slow tempo, soft acoustic texture, gentle melody, and a calm sentimental mood.","That sounds great, I like the indie and rock elements in your recommendation. However, I'm also interested in incorporating elements of Permanent Fish's style, which includes folk, jazz, and pop genres. I'm also looking for a slower tempo with female vocals.","Allow me to recommend 'Après un reve' by Janine Jansen. It's a track from her album 'Après un reve'. This song combines elements of classical, jazz, and folk music with a slow tempo and beautiful piano melody. It has a soothing and sentimental vibe that could be a perfect fit for your video.","Allow me to recommend '～街～' by Permanent Fish. It's a representative track from their mini album 'HOME'. This song beautifully combines elements of folk, rock, and jazz, with a touch of pop. The slow tempo and captivating female vocals make it a perfect choice for your video. It was released in 2006 and holds sentimental value, reflecting the importance of hometowns and cherished places.","Allow me to recommend 'Après un reve' by Janine Jansen. It's a track from her latest album 'Beau Soir'. The song is an instrumental piece with a classical and ambient vibe. It features the soothing sound of violin and strings, creating a beautiful and emotional atmosphere for your wedding video.",Après un reve,Janine Jansen,1,1,1,0,0,top1_generation_prompt_text_changed_only_precomputed_text_feature_unchanged
2688,7Rd-wFSnrTY,7Rd-wFSnrTY_a1_I0dYcqos,1QyWsakwMJA_lvzQG71wklw,1QyWsakwMJA,0,7,original,top1_prompt_level_preference_counterfactual,original,top1_reference,"That sounds great! I'm also interested in incorporating some elements of Gunplay's style, especially the hip hop and electronic components. Can you suggest something that combines those genres?","That sounds great! I'm also interested in incorporating some elements of Gunplay's style, especially the hip hop and electronic components. Can you suggest something that combines those genres?","Certainly! How about 'I'm A Hustla' by Gunplay? It's a hip hop track with electronic and rock influences. The song has a fast-paced beat and energetic vibe, which could be a fitting choice for your video. It was released in 2012 and has a distinctive style that aligns with Gunplay's music.","Allow me to recommend 'Drop Da Tint' by Gunplay. It's a hip hop track from his 'Acquitted' mixtape. The song blends hip hop with rock and electronic influences, creating a unique sound. It's a great choice if you want to incorporate Gunplay's style into your video.","Allow me to recommend '100' by Chuck E Swagg feat Rushdem. Although there is no description available, based on the tags, this track combines elements of electronic, rock, indie, and pop. While it doesn't have a specific album or artist mentioned, it may still provide the rock, indie, and pop influences you are looking for.",100,Chuck E Swagg feat Rushdem,0,0,0,1,0,top1_generation_prompt_text_changed_only_precomputed_text_feature_unchanged
2688,7Rd-wFSnrTY,7Rd-wFSnrTY_a1_I0dYcqos,1QyWsakwMJA_lvzQG71wklw,1QyWsakwMJA,0,7,cf_upbeat_electronic,top1_prompt_level_preference_counterfactual,original,top1_reference,"I prefer upbeat electronic background music with a bright mood, clear rhythm, energetic beats, and a modern dance or pop feeling.","That sounds great! I'm also interested in incorporating some elements of Gunplay's style, especially the hip hop and electronic components. Can you suggest something that combines those genres?","Based on your preferences, I recommend 'I'm A Hustla' by Chuck E Swagg feat Rushdem. It's a hip-hop track with electronic and rock influences. The song has a fast-paced beat and energetic vibe that aligns well with your requirements.","Allow me to recommend 'Drop Da Tint' by Gunplay. It's a hip hop track from his 'Acquitted' mixtape. The song blends hip hop with rock and electronic influences, creating a unique sound. It's a great choice if you want to incorporate Gunplay's style into your video.","Allow me to recommend '100' by Chuck E Swagg feat Rushdem. Although there is no description available, based on the tags, this track combines elements of electronic, rock, indie, and pop. While it doesn't have a specific album or artist mentioned, it may still provide the rock, indie, and pop influences you are looking for.",100,Chuck E Swagg feat Rushdem,0,1,0,1,0,top1_generation_prompt_text_changed_only_precomputed_text_feature_unchanged
2688,7Rd-wFSnrTY,7Rd-wFSnrTY_a1_I0dYcqos,1QyWsakwMJA_lvzQG71wklw,1QyWsakwMJA,0,7,cf_lyrical_piano,top1_prompt_level_preference_counterfactual,original,top1_reference,"I prefer lyrical piano background music with a slow tempo, soft acoustic texture, gentle melody, and a calm sentimental mood.","That sounds great! I'm also interested in incorporating some elements of Gunplay's style, especially the hip hop and electronic components. Can you suggest something that combines those genres?","In that case, I recommend 'I'm Good' by Chuck E Swagg feat Rushdem. This track combines the lyrical piano background music you're looking for with a slow tempo, soft acoustic texture, gentle melody, and a calm, sentimental mood. It's a perfect fit for your video.","Allow me to recommend 'Drop Da Tint' by Gunplay. It's a hip hop track from his 'Acquitted' mixtape. The song blends hip hop with rock and electronic influences, creating a unique sound. It's a great choice if you want to incorporate Gunplay's style into your video.","Allow me to recommend '100' by Chuck E Swagg feat Rushdem. Although there is no description available, based on the tags, this track combines elements of electronic, rock, indie, and pop. While it doesn't have a specific album or artist mentioned, it may still provide the rock, indie, and pop influences you are looking for.",100,Chuck E Swagg feat Rushdem,0,1,0,1,0,top1_generation_prompt_text_changed_only_precomputed_text_feature_unchanged
2711,YJtkZTx7fmE,YJtkZTx7fmE_uJdYPnlSqEs,AyULWaSTo5w_BjWS_KFQfno,AyULWaSTo5w,0,2,original,top1_prompt_level_preference_counterfactual,original,top1_reference,"Sounds good, but I'm looking for something with a more soulful and indie vibe. Do you have any recommendations?","Sounds good, but I'm looking for something with a more soulful and indie vibe. Do you have any recommendations?","In that case, I would recommend 'Say Yes' by Jon Batiste and Stay Human. This track has a soulful and indie feel, with elements of Hip-Hop, electronic, and rock. It's part of the album 'Say Yes' and it's performed by Jon Batiste and Stay Human.","In that case, I would recommend 'Astrology' by Vanda. This track has a soulful and indie sound, with elements of pop and rock. The female vocals add a beautiful touch to the music. It's the second single from Vanda's self-titled album.","I suggest you consider 'Express Yourself (Say Yes)' by Jon Batiste and Stay Human. It's a track that combines electronic, jazz, and rock elements. The song has a soulful vibe and features expressive vocals. It could be a great addition to your video.",Express Yourself (Say Yes),Jon Batiste and Stay Human,0,1,0,1,0,top1_generation_prompt_text_changed_only_precomputed_text_feature_unchanged
2711,YJtkZTx7fmE,YJtkZTx7fmE_uJdYPnlSqEs,AyULWaSTo5w_BjWS_KFQfno,AyULWaSTo5w,0,2,cf_upbeat_electronic,top1_prompt_level_preference_counterfactual,original,top1_reference,"I prefer upbeat electronic background music with a bright mood, clear rhythm, energetic beats, and a modern dance or pop feeling.","Sounds good, but I'm looking for something with a more soulful and indie vibe. Do you have any recommendations?","Based on your preferences, I recommend 'Express Yourself (Say Yes)' by Jon Batiste and Stay Human. It's a track from their album 'Social Music'. This song combines elements of electronic, Hip-Hop, and pop with a danceable rhythm. It has a techno and fast-paced beat that aligns well with your requirements.","In that case, I would recommend 'Astrology' by Vanda. This track has a soulful and indie sound, with elements of pop and rock. The female vocals add a beautiful touch to the music. It's the second single from Vanda's self-titled album.","I suggest you consider 'Express Yourself (Say Yes)' by Jon Batiste and Stay Human. It's a track that combines electronic, jazz, and rock elements. The song has a soulful vibe and features expressive vocals. It could be a great addition to your video.",Express Yourself (Say Yes),Jon Batiste and Stay Human,1,1,1,0,0,top1_generation_prompt_text_changed_only_precomputed_text_feature_unchanged
2711,YJtkZTx7fmE,YJtkZTx7fmE_uJdYPnlSqEs,AyULWaSTo5w_BjWS_KFQfno,AyULWaSTo5w,0,2,cf_lyrical_piano,top1_prompt_level_preference_counterfactual,original,top1_reference,"I prefer lyrical piano background music with a slow tempo, soft acoustic texture, gentle melody, and a calm sentimental mood.","Sounds good, but I'm looking for something with a more soulful and indie vibe. Do you have any recommendations?","Allow me to recommend 'Express Yourself (Say Yes)' by Jon Batiste and Stay Human. It's a track from their album 'Social Music'. This song combines elements of hip-hop, soul, jazz, and electronic music. It has a slow tempo, soft acoustic texture, and a gentle melody that creates a calm and sentimental mood.","In that case, I would recommend 'Astrology' by Vanda. This track has a soulful and indie sound, with elements of pop and rock. The female vocals add a beautiful touch to the music. It's the second single from Vanda's self-titled album.","I suggest you consider 'Express Yourself (Say Yes)' by Jon Batiste and Stay Human. It's a track that combines electronic, jazz, and rock elements. The song has a soulful vibe and features expressive vocals. It could be a great addition to your video.",Express Yourself (Say Yes),Jon Batiste and Stay Human,1,1,1,0,0,top1_generation_prompt_text_changed_only_precomputed_text_feature_unchanged
2742,ebG469K0XEs,ebG469K0XEs_-icvfZjs9hc,hvcLNpKs1hk_0hl8fH7zeJM,hvcLNpKs1hk,0,2,original,top1_prompt_level_preference_counterfactual,original,top1_reference,"That sounds great, but I would like to incorporate more of O'Hara's dance and electronic style, especially her House influences. Can you suggest something that combines dance, pop, and electronic with female vocals?","That sounds great, but I would like to incorporate more of O'Hara's dance and electronic style, especially her House influences. Can you suggest something that combines dance, pop, and electronic with female vocals?","Allow me to recommend 'Dance' by O'Hara. It's a dance track with electronic and pop elements, featuring female vocals. Although I don't have much information about the specific album or artist, the song aligns well with the dance, pop, and electronic genres you mentioned. It could be a fitting choice for your video.","Allow me to recommend 'Stay' by O'Hara. It's a track with dance, pop, and electronic elements, featuring female vocals. Although I couldn't find much information about the specific album, this track was recorded in PTstudio and the description mentions the involvement of Max Moshkin, who may have contributed to its distinctive style.",Allow me to recommend 'Cesaretin Varmi Aska (Summer Mix)' by DJ OGUZ CETIN ft DJ FERIT CANDAN Vs. Timur & Seda Cцmert. It's a dance track that combines electronic and house elements with Turkish vocals. This song has a catchy beat and lively energy that would add a unique touch to your video.,Cesaretin Varmi Aska (Summer Mix),DJ OGUZ CETIN ft DJ FERIT CANDAN Vs,0,0,0,1,0,top1_generation_prompt_text_changed_only_precomputed_text_feature_unchanged
2742,ebG469K0XEs,ebG469K0XEs_-icvfZjs9hc,hvcLNpKs1hk_0hl8fH7zeJM,hvcLNpKs1hk,0,2,cf_upbeat_electronic,top1_prompt_level_preference_counterfactual,original,top1_reference,"I prefer upbeat electronic background music with a bright mood, clear rhythm, energetic beats, and a modern dance or pop feeling.","That sounds great, but I would like to incorporate more of O'Hara's dance and electronic style, especially her House influences. Can you suggest something that combines dance, pop, and electronic with female vocals?","In that case, I recommend 'Cesaretin Varmi Aska (Summer Mix)' by DJ OGUZ CETIN ft DJ FERIT CANDAN Vs. This track is a perfect fit for your requirements. It falls under the dance, electronic, and pop genres with female vocalists. It has a fast-paced techno beat and a bright, energetic vibe that will complement your video.","Allow me to recommend 'Stay' by O'Hara. It's a track with dance, pop, and electronic elements, featuring female vocals. Although I couldn't find much information about the specific album, this track was recorded in PTstudio and the description mentions the involvement of Max Moshkin, who may have contributed to its distinctive style.",Allow me to recommend 'Cesaretin Varmi Aska (Summer Mix)' by DJ OGUZ CETIN ft DJ FERIT CANDAN Vs. Timur & Seda Cцmert. It's a dance track that combines electronic and house elements with Turkish vocals. This song has a catchy beat and lively energy that would add a unique touch to your video.,Cesaretin Varmi Aska (Summer Mix),DJ OGUZ CETIN ft DJ FERIT CANDAN Vs,1,1,1,0,0,top1_generation_prompt_text_changed_only_precomputed_text_feature_unchanged
2742,ebG469K0XEs,ebG469K0XEs_-icvfZjs9hc,hvcLNpKs1hk_0hl8fH7zeJM,hvcLNpKs1hk,0,2,cf_lyrical_piano,top1_prompt_level_preference_counterfactual,original,top1_reference,"I prefer lyrical piano background music with a slow tempo, soft acoustic texture, gentle melody, and a calm sentimental mood.","That sounds great, but I would like to incorporate more of O'Hara's dance and electronic style, especially her House influences. Can you suggest something that combines dance, pop, and electronic with female vocals?","Allow me to recommend 'Love Is Gone' by DJ OGUZ CETIN ft DJ FERIT CANDAN Vs. It's a dance track with electronic and pop elements. The song has a house and female vocalists style, which aligns well with the energetic and fast-paced vibe you're looking for.","Allow me to recommend 'Stay' by O'Hara. It's a track with dance, pop, and electronic elements, featuring female vocals. Although I couldn't find much information about the specific album, this track was recorded in PTstudio and the description mentions the involvement of Max Moshkin, who may have contributed to its distinctive style.",Allow me to recommend 'Cesaretin Varmi Aska (Summer Mix)' by DJ OGUZ CETIN ft DJ FERIT CANDAN Vs. Timur & Seda Cцmert. It's a dance track that combines electronic and house elements with Turkish vocals. This song has a catchy beat and lively energy that would add a unique touch to your video.,Cesaretin Varmi Aska (Summer Mix),DJ OGUZ CETIN ft DJ FERIT CANDAN Vs,0,1,0,1,0,top1_generation_prompt_text_changed_only_precomputed_text_feature_unchanged
2748,d5WTrglkHKc,d5WTrglkHKc_2ELIdD_qpAQ,d5WTrglkHKc_2ELIdD_qpAQ,d5WTrglkHKc,1,1,original,top1_prompt_level_preference_counterfactual,original,top1_reference,"That sounds great, but I would like to include more of Никита Ломакин's style in the music. I'm interested in his pop and electronic elements.","That sounds great, but I would like to include more of Никита Ломакин's style in the music. I'm interested in his pop and electronic elements.","Allow me to recommend 'Хочу быть рядом с тобой' by Никита Ломакин. It's a track from his album 'Хочу быть рядом с тобой'. The song combines elements of pop, rock, and electronic music, which aligns well with the energetic and fast-paced vibe you're looking for.","I suggest considering the track 'Хочу быть рядом с тобой' by Никита Ломакин. Although I don't have much information about the track, it is classified as pop, rock, electronic, indie, and alternative, which aligns with the pop and electronic elements you're looking for. It could be a fitting choice for your video.","I suggest considering the track 'Хочу быть рядом с тобой' by Никита Ломакин. Although I don't have much information about the track, it is classified as pop, rock, electronic, indie, and alternative, which aligns with the pop and electronic elements you're looking for. It could be a fitting choice for your video.",Хочу быть рядом с тобой,Никита Ломакин,1,1,1,0,0,top1_generation_prompt_text_changed_only_precomputed_text_feature_unchanged
2748,d5WTrglkHKc,d5WTrglkHKc_2ELIdD_qpAQ,d5WTrglkHKc_2ELIdD_qpAQ,d5WTrglkHKc,1,1,cf_upbeat_electronic,top1_prompt_level_preference_counterfactual,original,top1_reference,"I prefer upbeat electronic background music with a bright mood, clear rhythm, energetic beats, and a modern dance or pop feeling.","That sounds great, but I would like to include more of Никита Ломакин's style in the music. I'm interested in his pop and electronic elements.","In that case, I recommend 'Хочу быть рядом с тобой' by Никита Ломакин. It's a pop and electronic track with a dance and rock influence. The song has a fast tempo and energetic beats that will give your video a lively and modern feel.","I suggest considering the track 'Хочу быть рядом с тобой' by Никита Ломакин. Although I don't have much information about the track, it is classified as pop, rock, electronic, indie, and alternative, which aligns with the pop and electronic elements you're looking for. It could be a fitting choice for your video.","I suggest considering the track 'Хочу быть рядом с тобой' by Никита Ломакин. Although I don't have much information about the track, it is classified as pop, rock, electronic, indie, and alternative, which aligns with the pop and electronic elements you're looking for. It could be a fitting choice for your video.",Хочу быть рядом с тобой,Никита Ломакин,1,1,1,0,0,top1_generation_prompt_text_changed_only_precomputed_text_feature_unchanged
2748,d5WTrglkHKc,d5WTrglkHKc_2ELIdD_qpAQ,d5WTrglkHKc_2ELIdD_qpAQ,d5WTrglkHKc,1,1,cf_lyrical_piano,top1_prompt_level_preference_counterfactual,original,top1_reference,"I prefer lyrical piano background music with a slow tempo, soft acoustic texture, gentle melody, and a calm sentimental mood.","That sounds great, but I would like to include more of Никита Ломакин's style in the music. I'm interested in his pop and electronic elements.","Allow me to recommend 'Хочу быть рядом с тобой' by Никита Ломакин. It's a track from his album 'Хочу быть рядом с тобой'. It combines elements of pop, rock, and electronic music with a slow tempo and acoustic piano. The song has a sentimental and emotional vibe that could be a fitting choice for your video.","I suggest considering the track 'Хочу быть рядом с тобой' by Никита Ломакин. Although I don't have much information about the track, it is classified as pop, rock, electronic, indie, and alternative, which aligns with the pop and electronic elements you're looking for. It could be a fitting choice for your video.","I suggest considering the track 'Хочу быть рядом с тобой' by Никита Ломакин. Although I don't have much information about the track, it is classified as pop, rock, electronic, indie, and alternative, which aligns with the pop and electronic elements you're looking for. It could be a fitting choice for your video.",Хочу быть рядом с тобой,Никита Ломакин,1,1,1,0,0,top1_generation_prompt_text_changed_only_precomputed_text_feature_unchanged
2749,zGEmF3Mj7dY,zGEmF3Mj7dY_mmr9I60GWnw,zGEmF3Mj7dY_mmr9I60GWnw,zGEmF3Mj7dY,1,1,original,top1_prompt_level_preference_counterfactual,original,top1_reference,"That sounds great, but I'm also looking for a music that incorporates folk, pop, and acoustic elements like Gerardo Gómez's style. Can you recommend something that includes these genres?","That sounds great, but I'm also looking for a music that incorporates folk, pop, and acoustic elements like Gerardo Gómez's style. Can you recommend something that includes these genres?","Certainly! How about 'Traicionera' by Gerardo Gómez? It's a track from his album 'Traicionera'. This song combines elements of folk, pop, and acoustic music, which aligns well with the style you're looking for. It has a rock influence as well.","I suggest checking out 'Traicionera' by Gerardo Gómez. It's a track from his album 'Traícionera' and combines elements of folk, pop, rock, and country. The song features acoustic guitar and his distinctive vocals, which can add a unique and emotional touch to your video.","I suggest checking out 'Traicionera' by Gerardo Gómez. It's a track from his album 'Traícionera' and combines elements of folk, pop, rock, and country. The song features acoustic guitar and his distinctive vocals, which can add a unique and emotional touch to your video.",Traicionera,Gerardo Gómez,1,1,1,0,0,top1_generation_prompt_text_changed_only_precomputed_text_feature_unchanged
2749,zGEmF3Mj7dY,zGEmF3Mj7dY_mmr9I60GWnw,zGEmF3Mj7dY_mmr9I60GWnw,zGEmF3Mj7dY,1,1,cf_upbeat_electronic,top1_prompt_level_preference_counterfactual,original,top1_reference,"I prefer upbeat electronic background music with a bright mood, clear rhythm, energetic beats, and a modern dance or pop feeling.","That sounds great, but I'm also looking for a music that incorporates folk, pop, and acoustic elements like Gerardo Gómez's style. Can you recommend something that includes these genres?","Based on your preferences, I recommend 'Tengo un Amor' by Gerardo Gómez. It's a track from his album 'Tengo un Amor'. This song combines elements of pop, folk, and rock with a touch of indie. It has a fast-paced rhythm and features guitar and male vocals, which align with your requirements.","I suggest checking out 'Traicionera' by Gerardo Gómez. It's a track from his album 'Traícionera' and combines elements of folk, pop, rock, and country. The song features acoustic guitar and his distinctive vocals, which can add a unique and emotional touch to your video.","I suggest checking out 'Traicionera' by Gerardo Gómez. It's a track from his album 'Traícionera' and combines elements of folk, pop, rock, and country. The song features acoustic guitar and his distinctive vocals, which can add a unique and emotional touch to your video.",Traicionera,Gerardo Gómez,0,1,0,1,0,top1_generation_prompt_text_changed_only_precomputed_text_feature_unchanged
2749,zGEmF3Mj7dY,zGEmF3Mj7dY_mmr9I60GWnw,zGEmF3Mj7dY_mmr9I60GWnw,zGEmF3Mj7dY,1,1,cf_lyrical_piano,top1_prompt_level_preference_counterfactual,original,top1_reference,"I prefer lyrical piano background music with a slow tempo, soft acoustic texture, gentle melody, and a calm sentimental mood.","That sounds great, but I'm also looking for a music that incorporates folk, pop, and acoustic elements like Gerardo Gómez's style. Can you recommend something that includes these genres?","Allow me to recommend 'Traicionera' by Gerardo Gómez. It's a track from his album 'Traicionera'. This song combines elements of pop, folk, and rock with a touch of indie and country. It features lyrical piano and has a slow tempo, soft acoustic texture, and a gentle melody that creates a sentimental mood.","I suggest checking out 'Traicionera' by Gerardo Gómez. It's a track from his album 'Traícionera' and combines elements of folk, pop, rock, and country. The song features acoustic guitar and his distinctive vocals, which can add a unique and emotional touch to your video.","I suggest checking out 'Traicionera' by Gerardo Gómez. It's a track from his album 'Traícionera' and combines elements of folk, pop, rock, and country. The song features acoustic guitar and his distinctive vocals, which can add a unique and emotional touch to your video.",Traicionera,Gerardo Gómez,1,1,1,0,0,top1_generation_prompt_text_changed_only_precomputed_text_feature_unchanged
2769,guwB1oxI3ko,guwB1oxI3ko_Qit1Ox1uOgY,mT1S0yHf8to_l-i53lNClN8,mT1S0yHf8to,0,11,original,top1_prompt_level_preference_counterfactual,original,top1_reference,"That sounds great, but I would also like to incorporate some experimental and indie elements into the music. Do you have any recommendations that fit these criteria?","That sounds great, but I would also like to incorporate some experimental and indie elements into the music. Do you have any recommendations that fit these criteria?","Allow me to recommend 'The Scream' by The Scream. It's a track from their album 'The Scream'. The song combines elements of rock, metal, and experimental genres, which aligns well with your preferences. It has a unique and distinctive sound that could add an interesting touch to your video.","Certainly! How about 'Freak' by Silverchair? Although I don't have specific information about the track, Silverchair is known for their experimental and alternative rock sound. This could be a great addition to your video, combining the energetic and intense rock vibe with experimental and indie elements.","In that case, I would recommend 'Slapshock - Ngayon Na (Masters of Mayhem at Bulalo Fiesta Fairview)'. This track falls under the rock, metal, experimental, electronic, and alternative genres. It has a powerful and intense sound, with elements of electronic music incorporated. It's a perfect fit for a video with a rock and metal vibe.",,,,,,0,0,top1_generation_prompt_text_changed_only_precomputed_text_feature_unchanged
2769,guwB1oxI3ko,guwB1oxI3ko_Qit1Ox1uOgY,mT1S0yHf8to_l-i53lNClN8,mT1S0yHf8to,0,11,cf_upbeat_electronic,top1_prompt_level_preference_counterfactual,original,top1_reference,"I prefer upbeat electronic background music with a bright mood, clear rhythm, energetic beats, and a modern dance or pop feeling.","That sounds great, but I would also like to incorporate some experimental and indie elements into the music. Do you have any recommendations that fit these criteria?","1. I recommend 'The Cure' by The Cure. It's a live performance from the band's 2011 tour. The track combines elements of rock, indie, and alternative with a fast-paced and loud sound. It has a techno and electronic influence as well, which adds an energetic and modern touch to the music.","Certainly! How about 'Freak' by Silverchair? Although I don't have specific information about the track, Silverchair is known for their experimental and alternative rock sound. This could be a great addition to your video, combining the energetic and intense rock vibe with experimental and indie elements.","In that case, I would recommend 'Slapshock - Ngayon Na (Masters of Mayhem at Bulalo Fiesta Fairview)'. This track falls under the rock, metal, experimental, electronic, and alternative genres. It has a powerful and intense sound, with elements of electronic music incorporated. It's a perfect fit for a video with a rock and metal vibe.",,,,,,0,0,top1_generation_prompt_text_changed_only_precomputed_text_feature_unchanged
2769,guwB1oxI3ko,guwB1oxI3ko_Qit1Ox1uOgY,mT1S0yHf8to_l-i53lNClN8,mT1S0yHf8to,0,11,cf_lyrical_piano,top1_prompt_level_preference_counterfactual,original,top1_reference,"I prefer lyrical piano background music with a slow tempo, soft acoustic texture, gentle melody, and a calm sentimental mood.","That sounds great, but I would also like to incorporate some experimental and indie elements into the music. Do you have any recommendations that fit these criteria?","1. I recommend 'The Piano Guys - Titanium' by David Guetta. It's a rock and electronic track with a slow tempo, acoustic piano, and a gentle melody. The song has a calm and sentimental mood that could be a fitting choice for your video.","Certainly! How about 'Freak' by Silverchair? Although I don't have specific information about the track, Silverchair is known for their experimental and alternative rock sound. This could be a great addition to your video, combining the energetic and intense rock vibe with experimental and indie elements.","In that case, I would recommend 'Slapshock - Ngayon Na (Masters of Mayhem at Bulalo Fiesta Fairview)'. This track falls under the rock, metal, experimental, electronic, and alternative genres. It has a powerful and intense sound, with elements of electronic music incorporated. It's a perfect fit for a video with a rock and metal vibe.",,,,,,0,0,top1_generation_prompt_text_changed_only_precomputed_text_feature_unchanged
2786,PTVlbhZBOqA,PTVlbhZBOqA_dz_0TGTKutg,PTVlbhZBOqA_dz_0TGTKutg,PTVlbhZBOqA,1,1,original,top1_prompt_level_preference_counterfactual,original,top1_reference,"That sounds great, but I'm also interested in incorporating elements of rock, soul, and blues into the music. Can you recommend something that includes these styles?","That sounds great, but I'm also interested in incorporating elements of rock, soul, and blues into the music. Can you recommend something that includes these styles?","Allow me to recommend 'Mama Dice' by Efe Yerom. It's a track from their album 'Mama Dice'. This song combines elements of rock, soul, and blues with a touch of hip-hop. It has a unique blend of genres that could be a fitting choice for your video.","Allow me to recommend 'Mama Dice' by Efe Yerom. It's a track from the artist's videoclip released in 2007. The song combines elements of rock, Hip-Hop, pop, and soul, with hints of blues. It may be a fitting choice to incorporate these styles into your video.","Allow me to recommend 'Mama Dice' by Efe Yerom. It's a track from the artist's videoclip released in 2007. The song combines elements of rock, Hip-Hop, pop, and soul, with hints of blues. It may be a fitting choice to incorporate these styles into your video.",Mama Dice,Efe Yerom,1,1,1,0,0,top1_generation_prompt_text_changed_only_precomputed_text_feature_unchanged
2786,PTVlbhZBOqA,PTVlbhZBOqA_dz_0TGTKutg,PTVlbhZBOqA_dz_0TGTKutg,PTVlbhZBOqA,1,1,cf_upbeat_electronic,top1_prompt_level_preference_counterfactual,original,top1_reference,"I prefer upbeat electronic background music with a bright mood, clear rhythm, energetic beats, and a modern dance or pop feeling.","That sounds great, but I'm also interested in incorporating elements of rock, soul, and blues into the music. Can you recommend something that includes these styles?","In that case, I recommend 'Mama Dice' by Efe Yerom. It's a track from their album 'Mama Dice'. This song combines elements of Hip-Hop, pop, rock, and soul with a techno and electronic sound. It has a fast-paced beat and a modern dance vibe that could be a great fit for your video.","Allow me to recommend 'Mama Dice' by Efe Yerom. It's a track from the artist's videoclip released in 2007. The song combines elements of rock, Hip-Hop, pop, and soul, with hints of blues. It may be a fitting choice to incorporate these styles into your video.","Allow me to recommend 'Mama Dice' by Efe Yerom. It's a track from the artist's videoclip released in 2007. The song combines elements of rock, Hip-Hop, pop, and soul, with hints of blues. It may be a fitting choice to incorporate these styles into your video.",Mama Dice,Efe Yerom,1,1,1,0,0,top1_generation_prompt_text_changed_only_precomputed_text_feature_unchanged
2786,PTVlbhZBOqA,PTVlbhZBOqA_dz_0TGTKutg,PTVlbhZBOqA_dz_0TGTKutg,PTVlbhZBOqA,1,1,cf_lyrical_piano,top1_prompt_level_preference_counterfactual,original,top1_reference,"I prefer lyrical piano background music with a slow tempo, soft acoustic texture, gentle melody, and a calm sentimental mood.","That sounds great, but I'm also interested in incorporating elements of rock, soul, and blues into the music. Can you recommend something that includes these styles?","Allow me to recommend 'Mama Dice' by Efe Yerom. It's a track from their album 'Mama Dice'. It combines elements of hip-hop, soul, pop, and rock with a slow tempo and piano-driven melody. The song has a lyrical and sentimental vibe that could be a fitting choice for your video.","Allow me to recommend 'Mama Dice' by Efe Yerom. It's a track from the artist's videoclip released in 2007. The song combines elements of rock, Hip-Hop, pop, and soul, with hints of blues. It may be a fitting choice to incorporate these styles into your video.","Allow me to recommend 'Mama Dice' by Efe Yerom. It's a track from the artist's videoclip released in 2007. The song combines elements of rock, Hip-Hop, pop, and soul, with hints of blues. It may be a fitting choice to incorporate these styles into your video.",Mama Dice,Efe Yerom,1,1,1,0,0,top1_generation_prompt_text_changed_only_precomputed_text_feature_unchanged
2798,sNyONVsPf8g,sNyONVsPf8g_0bB2faVoV48,fsmxoH9VsEE_nl4LjNQHPFc,fsmxoH9VsEE,0,35,original,top1_prompt_level_preference_counterfactual,original,top1_reference,"That sounds good, but I would like to add a bit more of an aggressive and intense vibe to my video. I'm also interested in rap and hip-hop elements.","That sounds good, but I would like to add a bit more of an aggressive and intense vibe to my video. I'm also interested in rap and hip-hop elements.","Allow me to recommend 'Krok Po Kroku' by DYM KNF. It's a rap track with electronic and rock influences. The song has a fast-paced and loud sound, which aligns well with the intense and aggressive vibe you're looking for. It was released in 2012 and has a music video directed by DYM KNF.",Allow me to recommend 'Aggressive Deep Choir Instrumental Rap Hip Hop Beat' by Sero Produktion (UndercoverKanack). It's a track that combines aggressive rap and hip-hop beats with deep choir instrumentals. It has electronic and rock elements too. This track was released in 2014 and may contain the specific elements you're looking for to create an intense and aggressive atmosphere in your video.,"Certainly! In that case, I recommend 'Krok Po Kroku' by DYM KNF. This track has an experimental and electronic sound, along with elements of Hip-Hop, indie, and rock. Although there is no specific track name, it is part of the album 'DYM KNF 4' and was released by the Bytom-based group. It's a great choice if you're looking for something unique and edgy for your video.",Krok Po Kroku,DYM KNF,1,1,1,0,0,top1_generation_prompt_text_changed_only_precomputed_text_feature_unchanged
2798,sNyONVsPf8g,sNyONVsPf8g_0bB2faVoV48,fsmxoH9VsEE_nl4LjNQHPFc,fsmxoH9VsEE,0,35,cf_upbeat_electronic,top1_prompt_level_preference_counterfactual,original,top1_reference,"I prefer upbeat electronic background music with a bright mood, clear rhythm, energetic beats, and a modern dance or pop feeling.","That sounds good, but I would like to add a bit more of an aggressive and intense vibe to my video. I'm also interested in rap and hip-hop elements.","In that case, I recommend 'Krok Po Kroku' by DYM KNF. It's a track from their album 'Krok Po Kroku'. This song combines elements of Hip-Hop, electronic, dance, and pop, which aligns well with the upbeat and energetic vibe you're looking for.",Allow me to recommend 'Aggressive Deep Choir Instrumental Rap Hip Hop Beat' by Sero Produktion (UndercoverKanack). It's a track that combines aggressive rap and hip-hop beats with deep choir instrumentals. It has electronic and rock elements too. This track was released in 2014 and may contain the specific elements you're looking for to create an intense and aggressive atmosphere in your video.,"Certainly! In that case, I recommend 'Krok Po Kroku' by DYM KNF. This track has an experimental and electronic sound, along with elements of Hip-Hop, indie, and rock. Although there is no specific track name, it is part of the album 'DYM KNF 4' and was released by the Bytom-based group. It's a great choice if you're looking for something unique and edgy for your video.",Krok Po Kroku,DYM KNF,1,1,1,0,0,top1_generation_prompt_text_changed_only_precomputed_text_feature_unchanged
2798,sNyONVsPf8g,sNyONVsPf8g_0bB2faVoV48,fsmxoH9VsEE_nl4LjNQHPFc,fsmxoH9VsEE,0,35,cf_lyrical_piano,top1_prompt_level_preference_counterfactual,original,top1_reference,"I prefer lyrical piano background music with a slow tempo, soft acoustic texture, gentle melody, and a calm sentimental mood.","That sounds good, but I would like to add a bit more of an aggressive and intense vibe to my video. I'm also interested in rap and hip-hop elements.",在您的問題中，我們建議您使用「Krok Po Kroku」作為背景音樂。這首歌由DYM KNF演唱，它具有具有強烈的聲樂，具有強烈的聲樂，具有強烈的聲樂，��,Allow me to recommend 'Aggressive Deep Choir Instrumental Rap Hip Hop Beat' by Sero Produktion (UndercoverKanack). It's a track that combines aggressive rap and hip-hop beats with deep choir instrumentals. It has electronic and rock elements too. This track was released in 2014 and may contain the specific elements you're looking for to create an intense and aggressive atmosphere in your video.,"Certainly! In that case, I recommend 'Krok Po Kroku' by DYM KNF. This track has an experimental and electronic sound, along with elements of Hip-Hop, indie, and rock. Although there is no specific track name, it is part of the album 'DYM KNF 4' and was released by the Bytom-based group. It's a great choice if you're looking for something unique and edgy for your video.",Krok Po Kroku,DYM KNF,1,1,1,0,0,top1_generation_prompt_text_changed_only_precomputed_text_feature_unchanged
2813,TFAyPoHmcBQ,TFAyPoHmcBQ_H_K1mi0EPdQ,6F7PrknFP1E_8Xa7jPsfDDQ,6F7PrknFP1E,0,26,original,top1_prompt_level_preference_counterfactual,original,top1_reference,"Sounds good, but I'm looking for something with a more rock and indie vibe.","Sounds good, but I'm looking for something with a more rock and indie vibe.","In that case, I would recommend 'The Victory - Lightning Loves Me'. This track falls under the rock, indie, and alternative genres, which will give your video a unique and edgy feel. It's a great choice to add some energy and intensity to your visuals.","In that case, I would recommend 'Let's Get By' by Paddy Clegg. This track falls under the rock, indie, and alternative genres, and it has an indie rock and pop sound. It's a catchy and upbeat song that would add a cool vibe to your video.","Allow me to recommend the track 'Lightning loves me' by The Victory. Although I don't have much information on this track, The Victory is known for their alternative rock, punk, and indie sound. It could be a fitting choice for your video, incorporating the specific elements you're looking for.",Lightning loves me,The Victory,1,1,1,0,0,top1_generation_prompt_text_changed_only_precomputed_text_feature_unchanged
2813,TFAyPoHmcBQ,TFAyPoHmcBQ_H_K1mi0EPdQ,6F7PrknFP1E_8Xa7jPsfDDQ,6F7PrknFP1E,0,26,cf_upbeat_electronic,top1_prompt_level_preference_counterfactual,original,top1_reference,"I prefer upbeat electronic background music with a bright mood, clear rhythm, energetic beats, and a modern dance or pop feeling.","Sounds good, but I'm looking for something with a more rock and indie vibe.","In that case, I recommend 'Lightning' by The Victory. It's a rock track with indie and alternative influences. The song has a fast-paced rhythm and energetic beats that could complement your video. It was released in 2013 and has a catchy pop sound.","In that case, I would recommend 'Let's Get By' by Paddy Clegg. This track falls under the rock, indie, and alternative genres, and it has an indie rock and pop sound. It's a catchy and upbeat song that would add a cool vibe to your video.","Allow me to recommend the track 'Lightning loves me' by The Victory. Although I don't have much information on this track, The Victory is known for their alternative rock, punk, and indie sound. It could be a fitting choice for your video, incorporating the specific elements you're looking for.",Lightning loves me,The Victory,0,1,0,1,0,top1_generation_prompt_text_changed_only_precomputed_text_feature_unchanged
2813,TFAyPoHmcBQ,TFAyPoHmcBQ_H_K1mi0EPdQ,6F7PrknFP1E_8Xa7jPsfDDQ,6F7PrknFP1E,0,26,cf_lyrical_piano,top1_prompt_level_preference_counterfactual,original,top1_reference,"I prefer lyrical piano background music with a slow tempo, soft acoustic texture, gentle melody, and a calm sentimental mood.","Sounds good, but I'm looking for something with a more rock and indie vibe.",10000000000000000000000000000000000000000000000000000000000000000000000000000000000000000000000000000000000000000000000000000000,"In that case, I would recommend 'Let's Get By' by Paddy Clegg. This track falls under the rock, indie, and alternative genres, and it has an indie rock and pop sound. It's a catchy and upbeat song that would add a cool vibe to your video.","Allow me to recommend the track 'Lightning loves me' by The Victory. Although I don't have much information on this track, The Victory is known for their alternative rock, punk, and indie sound. It could be a fitting choice for your video, incorporating the specific elements you're looking for.",Lightning loves me,The Victory,0,0,0,1,0,top1_generation_prompt_text_changed_only_precomputed_text_feature_unchanged
2819,clwWCMWqqzk,clwWCMWqqzk__zUhqGT8TWg,2dBVyOWIP2A__S68aCzDktI,2dBVyOWIP2A,0,18,original,top1_prompt_level_preference_counterfactual,original,top1_reference,"Sounds good, but I'm looking for something with a pop and electronic vibe, preferably with female vocals.","Sounds good, but I'm looking for something with a pop and electronic vibe, preferably with female vocals.","In that case, I would recommend 'Girls' Generation - Green Light'. This track has a pop and electronic sound with female vocals. It's part of the album 'Girls' Generation - Green Light'.","In that case, I would recommend 'Love Game' by Lady Gaga. This track combines pop and electronic elements with catchy female vocals. It's part of the album 'LoveGame' and it's perfect for creating a vibrant and energetic atmosphere for your video.","Allow me to recommend 'Green Light' by Girls' Generation. It's a track from their album 'Lion Heart - The 5th Album'. The song combines elements of pop, dance, and electronic music with female vocals and an R&B influence. It was released as an official music video and is a perfect choice to incorporate Girls' Generation's distinctive style into your video.",Green Light,Girls' Generation,1,1,1,0,0,top1_generation_prompt_text_changed_only_precomputed_text_feature_unchanged
2819,clwWCMWqqzk,clwWCMWqqzk__zUhqGT8TWg,2dBVyOWIP2A__S68aCzDktI,2dBVyOWIP2A,0,18,cf_upbeat_electronic,top1_prompt_level_preference_counterfactual,original,top1_reference,"I prefer upbeat electronic background music with a bright mood, clear rhythm, energetic beats, and a modern dance or pop feeling.","Sounds good, but I'm looking for something with a pop and electronic vibe, preferably with female vocals.","In that case, I would recommend 'Green Light' by Girls' Generation. This track is a perfect fit for your video as it combines elements of pop, dance, electronic, and rock genres. It has a fast-paced rhythm and catchy beats that will add energy to your video.","In that case, I would recommend 'Love Game' by Lady Gaga. This track combines pop and electronic elements with catchy female vocals. It's part of the album 'LoveGame' and it's perfect for creating a vibrant and energetic atmosphere for your video.","Allow me to recommend 'Green Light' by Girls' Generation. It's a track from their album 'Lion Heart - The 5th Album'. The song combines elements of pop, dance, and electronic music with female vocals and an R&B influence. It was released as an official music video and is a perfect choice to incorporate Girls' Generation's distinctive style into your video.",Green Light,Girls' Generation,1,1,1,0,0,top1_generation_prompt_text_changed_only_precomputed_text_feature_unchanged
2819,clwWCMWqqzk,clwWCMWqqzk__zUhqGT8TWg,2dBVyOWIP2A__S68aCzDktI,2dBVyOWIP2A,0,18,cf_lyrical_piano,top1_prompt_level_preference_counterfactual,original,top1_reference,"I prefer lyrical piano background music with a slow tempo, soft acoustic texture, gentle melody, and a calm sentimental mood.","Sounds good, but I'm looking for something with a pop and electronic vibe, preferably with female vocals.","In that case, I would recommend 'Love Song' by Sara Bareilles. This track has a lyrical piano background and a slow tempo, which creates a soothing and sentimental atmosphere. The vocals are performed by Sara Bareilles, adding a personal touch to the music. It's a perfect choice for your video.","In that case, I would recommend 'Love Game' by Lady Gaga. This track combines pop and electronic elements with catchy female vocals. It's part of the album 'LoveGame' and it's perfect for creating a vibrant and energetic atmosphere for your video.","Allow me to recommend 'Green Light' by Girls' Generation. It's a track from their album 'Lion Heart - The 5th Album'. The song combines elements of pop, dance, and electronic music with female vocals and an R&B influence. It was released as an official music video and is a perfect choice to incorporate Girls' Generation's distinctive style into your video.",Green Light,Girls' Generation,0,0,0,1,0,top1_generation_prompt_text_changed_only_precomputed_text_feature_unchanged
2834,5O5mdmyeeOs,5O5mdmyeeOs_NujXpZbhe2g,Hukr3h3y1JY_pgFpMp5zHDk,Hukr3h3y1JY,0,2,original,top1_prompt_level_preference_counterfactual,original,top1_reference,"That sounds great, but I'm also interested in incorporating some hip-hop and R&B elements into the music. I'd like it to have a soulful and pop vibe. Can you recommend something that fits those genres as well?","That sounds great, but I'm also interested in incorporating some hip-hop and R&B elements into the music. I'd like it to have a soulful and pop vibe. Can you recommend something that fits those genres as well?","Allow me to recommend 'I Love Girls' by Pleasure P. It's a track from his album 'I Love Girls'. The song combines elements of hip-hop, R&B, and soul with a pop influence. It has a smooth and soulful vibe that could be a fitting choice for your video.",Allow me to recommend 'BYE B**CH' by Mouse On Tha Track. It's a hip-hop track with electronic and soul influences. The song has a pop vibe and was directed by K.Shead and Mr.Vault. It aligns well with the soulful and pop elements you're looking for in the music.,Allow me to recommend 'I Love Girls' by Pleasure P. It's an R&B track with soulful vocals and pop influences. The song features female vocalists and has a smooth and catchy beat. It could be a fitting choice to incorporate the R&B and soul elements you're looking for in your video.,I Love Girls,Pleasure P,1,1,1,0,0,top1_generation_prompt_text_changed_only_precomputed_text_feature_unchanged
2834,5O5mdmyeeOs,5O5mdmyeeOs_NujXpZbhe2g,Hukr3h3y1JY_pgFpMp5zHDk,Hukr3h3y1JY,0,2,cf_upbeat_electronic,top1_prompt_level_preference_counterfactual,original,top1_reference,"I prefer upbeat electronic background music with a bright mood, clear rhythm, energetic beats, and a modern dance or pop feeling.","That sounds great, but I'm also interested in incorporating some hip-hop and R&B elements into the music. I'd like it to have a soulful and pop vibe. Can you recommend something that fits those genres as well?","Based on your preferences, I recommend 'I Love Girls' by Pleasure P. It's a track from his album 'I Love Girls'. The song combines elements of R&B, Hip-Hop, and pop with electronic and soul influences. It has a fast-paced beat and a catchy melody that could be a great fit for your video.",Allow me to recommend 'BYE B**CH' by Mouse On Tha Track. It's a hip-hop track with electronic and soul influences. The song has a pop vibe and was directed by K.Shead and Mr.Vault. It aligns well with the soulful and pop elements you're looking for in the music.,Allow me to recommend 'I Love Girls' by Pleasure P. It's an R&B track with soulful vocals and pop influences. The song features female vocalists and has a smooth and catchy beat. It could be a fitting choice to incorporate the R&B and soul elements you're looking for in your video.,I Love Girls,Pleasure P,1,1,1,0,0,top1_generation_prompt_text_changed_only_precomputed_text_feature_unchanged
2834,5O5mdmyeeOs,5O5mdmyeeOs_NujXpZbhe2g,Hukr3h3y1JY_pgFpMp5zHDk,Hukr3h3y1JY,0,2,cf_lyrical_piano,top1_prompt_level_preference_counterfactual,original,top1_reference,"I prefer lyrical piano background music with a slow tempo, soft acoustic texture, gentle melody, and a calm sentimental mood.","That sounds great, but I'm also interested in incorporating some hip-hop and R&B elements into the music. I'd like it to have a soulful and pop vibe. Can you recommend something that fits those genres as well?","In that case, I recommend 'I Love Girls' by Pleasure P. It's a track from his album 'I Love Girls'. The song combines elements of R&B, Hip-Hop, and soul with a slow tempo and a lyrical piano. It has a soft acoustic texture and a gentle melody that creates a calm and sentimental mood.",Allow me to recommend 'BYE B**CH' by Mouse On Tha Track. It's a hip-hop track with electronic and soul influences. The song has a pop vibe and was directed by K.Shead and Mr.Vault. It aligns well with the soulful and pop elements you're looking for in the music.,Allow me to recommend 'I Love Girls' by Pleasure P. It's an R&B track with soulful vocals and pop influences. The song features female vocalists and has a smooth and catchy beat. It could be a fitting choice to incorporate the R&B and soul elements you're looking for in your video.,I Love Girls,Pleasure P,1,1,1,0,0,top1_generation_prompt_text_changed_only_precomputed_text_feature_unchanged
2842,8DGkFYaSgJA,8DGkFYaSgJA_SOTSguAKVl8,h-EjTncQRbg_G6Lx2Z2BFJA,h-EjTncQRbg,0,5,original,top1_prompt_level_preference_counterfactual,original,top1_reference,"Sounds interesting, but I'm looking for something with a more alternative rock sound and a catchy melody.","Sounds interesting, but I'm looking for something with a more alternative rock sound and a catchy melody.","In that case, I would recommend 'The Last One' by She's Alive. This track has a strong alternative rock sound with elements of punk and indie. It features a catchy melody that will definitely grab your audience's attention. It's part of the album 'The Last One' by She's Alive.","In that case, I would recommend 'Guidance' by RIOT|NOISE. This track is an alternative rock song with influences from indie and metal genres. It has a catchy melody and is the first single from the album 'Stand For Something'. It would be a great fit for your video.","Allow me to recommend 'UFOs' by She's Alive. It's a track from their self-titled album 'She's Alive'. This song combines elements of indie and alternative rock with pop influences. It features male vocals and has a guitar-focused sound. 'UFOs' was released in 2013, which may contain the specific elements you're looking for.",UFOs,She's Alive,0,1,0,1,0,top1_generation_prompt_text_changed_only_precomputed_text_feature_unchanged
2842,8DGkFYaSgJA,8DGkFYaSgJA_SOTSguAKVl8,h-EjTncQRbg_G6Lx2Z2BFJA,h-EjTncQRbg,0,5,cf_upbeat_electronic,top1_prompt_level_preference_counterfactual,original,top1_reference,"I prefer upbeat electronic background music with a bright mood, clear rhythm, energetic beats, and a modern dance or pop feeling.","Sounds interesting, but I'm looking for something with a more alternative rock sound and a catchy melody.","In that case, I recommend 'Say Goodbye' by She's Alive. It's a rock track with punk and alternative influences. The song has a fast-paced rhythm and energetic beats that align with your preferences. It was released in 2012 and has a music video directed by Javier Fesser.","In that case, I would recommend 'Guidance' by RIOT|NOISE. This track is an alternative rock song with influences from indie and metal genres. It has a catchy melody and is the first single from the album 'Stand For Something'. It would be a great fit for your video.","Allow me to recommend 'UFOs' by She's Alive. It's a track from their self-titled album 'She's Alive'. This song combines elements of indie and alternative rock with pop influences. It features male vocals and has a guitar-focused sound. 'UFOs' was released in 2013, which may contain the specific elements you're looking for.",UFOs,She's Alive,0,1,0,1,0,top1_generation_prompt_text_changed_only_precomputed_text_feature_unchanged
2842,8DGkFYaSgJA,8DGkFYaSgJA_SOTSguAKVl8,h-EjTncQRbg_G6Lx2Z2BFJA,h-EjTncQRbg,0,5,cf_lyrical_piano,top1_prompt_level_preference_counterfactual,original,top1_reference,"I prefer lyrical piano background music with a slow tempo, soft acoustic texture, gentle melody, and a calm sentimental mood.","Sounds interesting, but I'm looking for something with a more alternative rock sound and a catchy melody.","1. «Sweet Dreams» by Marilyn Manson. It's a track from the album 'Sweet Dreams'. This song combines elements of rock, punk, and alternative with a touch of indie. It has a fast-paced and loud sound with techno and guitar influences.","In that case, I would recommend 'Guidance' by RIOT|NOISE. This track is an alternative rock song with influences from indie and metal genres. It has a catchy melody and is the first single from the album 'Stand For Something'. It would be a great fit for your video.","Allow me to recommend 'UFOs' by She's Alive. It's a track from their self-titled album 'She's Alive'. This song combines elements of indie and alternative rock with pop influences. It features male vocals and has a guitar-focused sound. 'UFOs' was released in 2013, which may contain the specific elements you're looking for.",UFOs,She's Alive,0,0,0,1,0,top1_generation_prompt_text_changed_only_precomputed_text_feature_unchanged
2850,ecIjuCuj0Fc,ecIjuCuj0Fc_N9m9huNTwpA,PpteI6jC6cw_mHwsOnyHO5o,PpteI6jC6cw,0,2,original,top1_prompt_level_preference_counterfactual,original,top1_reference,"That sounds like a great choice, but I'm looking for something with a pop and soul influence, preferably with female vocals. I would also like to include some guitar elements.","That sounds like a great choice, but I'm looking for something with a pop and soul influence, preferably with female vocals. I would also like to include some guitar elements.",Allow me to recommend 'Palavra Viva' by Bruna Martins. It's a pop track with soul and rock influences. The song features female vocals and includes guitar elements. It was released in 2013 and could be a fitting choice for your video.,"Allow me to recommend 'Enamorada' by Cynthia. It's a pop track with soul, folk, and jazz influences. The song features Cynthia's captivating vocals and incorporates guitar elements. It was released in 2015 and is available on iTunes. This could be a perfect fit for your video, infusing it with a combination of pop, soul, and guitar-driven sound.","In that case, I would recommend 'Palavra Viva' by Bruna Martins. This track combines elements of soul, rock, and R&B, giving it a unique and soulful sound. It features powerful female vocals, which will add depth and emotion to your video. The music video for this song was recorded in Rio de Janeiro and directed by PC Junior.",Palavra Viva,Bruna Martins,1,1,1,0,0,top1_generation_prompt_text_changed_only_precomputed_text_feature_unchanged
2850,ecIjuCuj0Fc,ecIjuCuj0Fc_N9m9huNTwpA,PpteI6jC6cw_mHwsOnyHO5o,PpteI6jC6cw,0,2,cf_upbeat_electronic,top1_prompt_level_preference_counterfactual,original,top1_reference,"I prefer upbeat electronic background music with a bright mood, clear rhythm, energetic beats, and a modern dance or pop feeling.","That sounds like a great choice, but I'm looking for something with a pop and soul influence, preferably with female vocals. I would also like to include some guitar elements.","In that case, I would recommend 'Palavra Viva' by Bruna Martins. This track has a pop and rock sound with female vocals. It will bring a lively and energetic atmosphere to your video.","Allow me to recommend 'Enamorada' by Cynthia. It's a pop track with soul, folk, and jazz influences. The song features Cynthia's captivating vocals and incorporates guitar elements. It was released in 2015 and is available on iTunes. This could be a perfect fit for your video, infusing it with a combination of pop, soul, and guitar-driven sound.","In that case, I would recommend 'Palavra Viva' by Bruna Martins. This track combines elements of soul, rock, and R&B, giving it a unique and soulful sound. It features powerful female vocals, which will add depth and emotion to your video. The music video for this song was recorded in Rio de Janeiro and directed by PC Junior.",Palavra Viva,Bruna Martins,1,1,1,0,0,top1_generation_prompt_text_changed_only_precomputed_text_feature_unchanged
2850,ecIjuCuj0Fc,ecIjuCuj0Fc_N9m9huNTwpA,PpteI6jC6cw_mHwsOnyHO5o,PpteI6jC6cw,0,2,cf_lyrical_piano,top1_prompt_level_preference_counterfactual,original,top1_reference,"I prefer lyrical piano background music with a slow tempo, soft acoustic texture, gentle melody, and a calm sentimental mood.","That sounds like a great choice, but I'm looking for something with a pop and soul influence, preferably with female vocals. I would also like to include some guitar elements.","Allow me to recommend 'Palavra Viva' by Bruna Martins. It's a track from her album 'Palavra Viva'. This song combines elements of pop, rock, and indie with a touch of folk. It features a female vocalist and has a slow tempo, soft acoustic texture, and a gentle melody that can create a sentimental mood for your video.","Allow me to recommend 'Enamorada' by Cynthia. It's a pop track with soul, folk, and jazz influences. The song features Cynthia's captivating vocals and incorporates guitar elements. It was released in 2015 and is available on iTunes. This could be a perfect fit for your video, infusing it with a combination of pop, soul, and guitar-driven sound.","In that case, I would recommend 'Palavra Viva' by Bruna Martins. This track combines elements of soul, rock, and R&B, giving it a unique and soulful sound. It features powerful female vocals, which will add depth and emotion to your video. The music video for this song was recorded in Rio de Janeiro and directed by PC Junior.",Palavra Viva,Bruna Martins,1,1,1,0,0,top1_generation_prompt_text_changed_only_precomputed_text_feature_unchanged
2882,1yNEohtQSW8,1yNEohtQSW8_OBsuZx3xPcQ,NI_SQ0NiUv0_Z5MSxlsRZgs,NI_SQ0NiUv0,0,26,original,top1_prompt_level_preference_counterfactual,original,top1_reference,"That sounds great, but I would like to include some elements of Mozart Opera Rock's style in the music. I'm particularly interested in their rock and alternative components, as well as female vocals.","That sounds great, but I would like to include some elements of Mozart Opera Rock's style in the music. I'm particularly interested in their rock and alternative components, as well as female vocals.","Allow me to recommend 'Porque Te Amo' by Mozart Opera Rock. It's a track from their album 'Porque Te Amo'. The song combines elements of rock, pop, and alternative with female vocals. It was released in 2009 and may contain the specific elements you're looking for.","Allow me to recommend 'Vivre à en crever' by Mozart Opera Rock. It's a track from their self-titled album 'Vivre à en crever'. The song combines rock, pop, indie, and alternative elements with powerful female vocals, which aligns with your preferences. It was released in 2009 and could provide a unique touch to your video.","Allow me to recommend 'Prefiro Ser Fiel' by Leandro Borges. It's a track from his album 'Pelo Reino de Deus'. The song combines elements of rock, pop, and country with alternative and indie influences. It features male vocals and may have the specific elements you're looking for.",Prefiro Ser Fiel,Leandro Borges,0,0,0,1,0,top1_generation_prompt_text_changed_only_precomputed_text_feature_unchanged
2882,1yNEohtQSW8,1yNEohtQSW8_OBsuZx3xPcQ,NI_SQ0NiUv0_Z5MSxlsRZgs,NI_SQ0NiUv0,0,26,cf_upbeat_electronic,top1_prompt_level_preference_counterfactual,original,top1_reference,"I prefer upbeat electronic background music with a bright mood, clear rhythm, energetic beats, and a modern dance or pop feeling.","That sounds great, but I would like to include some elements of Mozart Opera Rock's style in the music. I'm particularly interested in their rock and alternative components, as well as female vocals.","In that case, I would recommend 'Prefiero Ser Fiel' by Leandro Borges. This track has a rock and pop sound with elements of indie and alternative. It features male vocals and a guitar-driven melody. It's a great choice for your video!","Allow me to recommend 'Vivre à en crever' by Mozart Opera Rock. It's a track from their self-titled album 'Vivre à en crever'. The song combines rock, pop, indie, and alternative elements with powerful female vocals, which aligns with your preferences. It was released in 2009 and could provide a unique touch to your video.","Allow me to recommend 'Prefiro Ser Fiel' by Leandro Borges. It's a track from his album 'Pelo Reino de Deus'. The song combines elements of rock, pop, and country with alternative and indie influences. It features male vocals and may have the specific elements you're looking for.",Prefiro Ser Fiel,Leandro Borges,0,1,0,1,0,top1_generation_prompt_text_changed_only_precomputed_text_feature_unchanged
2882,1yNEohtQSW8,1yNEohtQSW8_OBsuZx3xPcQ,NI_SQ0NiUv0_Z5MSxlsRZgs,NI_SQ0NiUv0,0,26,cf_lyrical_piano,top1_prompt_level_preference_counterfactual,original,top1_reference,"I prefer lyrical piano background music with a slow tempo, soft acoustic texture, gentle melody, and a calm sentimental mood.","That sounds great, but I would like to include some elements of Mozart Opera Rock's style in the music. I'm particularly interested in their rock and alternative components, as well as female vocals.","Allow me to recommend 'Prefiro Ser Fiel' by Leandro Borges. It's a track from his album 'Prefiro Ser Fiel'. The song combines elements of rock, pop, and country with a touch of indie. It features a slow tempo, soft acoustic texture, and a gentle melody that can create a sentimental mood in your video.","Allow me to recommend 'Vivre à en crever' by Mozart Opera Rock. It's a track from their self-titled album 'Vivre à en crever'. The song combines rock, pop, indie, and alternative elements with powerful female vocals, which aligns with your preferences. It was released in 2009 and could provide a unique touch to your video.","Allow me to recommend 'Prefiro Ser Fiel' by Leandro Borges. It's a track from his album 'Pelo Reino de Deus'. The song combines elements of rock, pop, and country with alternative and indie influences. It features male vocals and may have the specific elements you're looking for.",Prefiro Ser Fiel,Leandro Borges,1,1,1,0,0,top1_generation_prompt_text_changed_only_precomputed_text_feature_unchanged
2896,j-2iakRCM3E,j-2iakRCM3E_wv7vo8dz4hg,GLx4louounQ_yTm0bpiKD8Q,GLx4louounQ,0,7,original,top1_prompt_level_preference_counterfactual,original,top1_reference,"That sounds great, I like the rock and alternative types in your music recommendations. But I would like to incorporate a bit more of heavy metal components, as well as punk influences.","That sounds great, I like the rock and alternative types in your music recommendations. But I would like to incorporate a bit more of heavy metal components, as well as punk influences.","Allow me to recommend 'The Plague That Haunts the Darkness' by Altars of Grief. It's a track from their album 'The Perpetual Seas'. It combines elements of heavy metal, rock, and punk with a fast-paced and loud sound. It was recorded in 2009 which may contain the specific element you want.","Allow me to recommend 'Julmedley 2012 - The Kennedy Curse'. It's a metal track with heavy metal and punk influences. Although I couldn't find specific details about the album or artists, this track matches your desired style with its elements of rock, heavy metal, and punk. It could provide the intense and powerful sound you're looking for in your video.",Certainly! I suggest you consider 'The Plague That Haunts the Darkness' by Altars of Grief. It's a track from their album 'This Shameful Burden' and falls under the genre of blackened doom metal. This song will add the dark and haunting atmosphere you're looking for in your video.,The Plague That Haunts the Darkness,Altars of Grief,1,1,1,0,0,top1_generation_prompt_text_changed_only_precomputed_text_feature_unchanged
2896,j-2iakRCM3E,j-2iakRCM3E_wv7vo8dz4hg,GLx4louounQ_yTm0bpiKD8Q,GLx4louounQ,0,7,cf_upbeat_electronic,top1_prompt_level_preference_counterfactual,original,top1_reference,"I prefer upbeat electronic background music with a bright mood, clear rhythm, energetic beats, and a modern dance or pop feeling.","That sounds great, I like the rock and alternative types in your music recommendations. But I would like to incorporate a bit more of heavy metal components, as well as punk influences.",10000000000000000000000000000000000000000000000000000000000000000000000000000000000000000000000000000000000000000000000000000000,"Allow me to recommend 'Julmedley 2012 - The Kennedy Curse'. It's a metal track with heavy metal and punk influences. Although I couldn't find specific details about the album or artists, this track matches your desired style with its elements of rock, heavy metal, and punk. It could provide the intense and powerful sound you're looking for in your video.",Certainly! I suggest you consider 'The Plague That Haunts the Darkness' by Altars of Grief. It's a track from their album 'This Shameful Burden' and falls under the genre of blackened doom metal. This song will add the dark and haunting atmosphere you're looking for in your video.,The Plague That Haunts the Darkness,Altars of Grief,0,0,0,1,0,top1_generation_prompt_text_changed_only_precomputed_text_feature_unchanged
2896,j-2iakRCM3E,j-2iakRCM3E_wv7vo8dz4hg,GLx4louounQ_yTm0bpiKD8Q,GLx4louounQ,0,7,cf_lyrical_piano,top1_prompt_level_preference_counterfactual,original,top1_reference,"I prefer lyrical piano background music with a slow tempo, soft acoustic texture, gentle melody, and a calm sentimental mood.","That sounds great, I like the rock and alternative types in your music recommendations. But I would like to incorporate a bit more of heavy metal components, as well as punk influences.",10000000000000000000000000000000000000000000000000000000000000000000000000000000000000000000000000000000000000000000000000000000,"Allow me to recommend 'Julmedley 2012 - The Kennedy Curse'. It's a metal track with heavy metal and punk influences. Although I couldn't find specific details about the album or artists, this track matches your desired style with its elements of rock, heavy metal, and punk. It could provide the intense and powerful sound you're looking for in your video.",Certainly! I suggest you consider 'The Plague That Haunts the Darkness' by Altars of Grief. It's a track from their album 'This Shameful Burden' and falls under the genre of blackened doom metal. This song will add the dark and haunting atmosphere you're looking for in your video.,The Plague That Haunts the Darkness,Altars of Grief,0,0,0,1,0,top1_generation_prompt_text_changed_only_precomputed_text_feature_unchanged
2897,51UTOkFidXQ,51UTOkFidXQ_OdEiMr-oOIs,zaDti6E5gl0_a9UhWisbwR0,zaDti6E5gl0,0,18,original,top1_prompt_level_preference_counterfactual,original,top1_reference,"That sounds great, but I would like to incorporate a bit more of Uniqplan's electronic and dance elements. I'm also interested in their indie and pop influences.","That sounds great, but I would like to incorporate a bit more of Uniqplan's electronic and dance elements. I'm also interested in their indie and pop influences.","Allow me to recommend 'Duele el Amor' by Uniqplan. It's an electronic track with elements of dance, indie, and pop. The song has a techno and fast-paced beat, which could be a fitting choice for your video. It was released in 2013 and has a unique sound that combines electronic and pop elements.","Allow me to recommend 'This Makes Sense' by Uniqplan. It's a track from their album 'This Makes Sense'. It combines elements of electronic, pop, and rock with indie and dance influences. This song could add a catchy and upbeat vibe to your video.","Allow me to recommend 'Duele el Amor (Radio Edit)' by Jay Frog. It's a track with electronic, dance, and pop influences, featuring a fast beat and female vocals. This song was released in 2014 and aligns well with the electronic and dance style you're looking for.",Duele el Amor (Radio Edit),Jay Frog,0,0,0,1,0,top1_generation_prompt_text_changed_only_precomputed_text_feature_unchanged
2897,51UTOkFidXQ,51UTOkFidXQ_OdEiMr-oOIs,zaDti6E5gl0_a9UhWisbwR0,zaDti6E5gl0,0,18,cf_upbeat_electronic,top1_prompt_level_preference_counterfactual,original,top1_reference,"I prefer upbeat electronic background music with a bright mood, clear rhythm, energetic beats, and a modern dance or pop feeling.","That sounds great, but I would like to incorporate a bit more of Uniqplan's electronic and dance elements. I'm also interested in their indie and pop influences.","In that case, I recommend 'Duele el Amor (Radio Edit)' by Jay Frog. It's an electronic dance track with a bright mood and energetic beats. The song has a modern pop feel and is perfect for creating an upbeat atmosphere in your video.","Allow me to recommend 'This Makes Sense' by Uniqplan. It's a track from their album 'This Makes Sense'. It combines elements of electronic, pop, and rock with indie and dance influences. This song could add a catchy and upbeat vibe to your video.","Allow me to recommend 'Duele el Amor (Radio Edit)' by Jay Frog. It's a track with electronic, dance, and pop influences, featuring a fast beat and female vocals. This song was released in 2014 and aligns well with the electronic and dance style you're looking for.",Duele el Amor (Radio Edit),Jay Frog,1,1,1,0,0,top1_generation_prompt_text_changed_only_precomputed_text_feature_unchanged
2897,51UTOkFidXQ,51UTOkFidXQ_OdEiMr-oOIs,zaDti6E5gl0_a9UhWisbwR0,zaDti6E5gl0,0,18,cf_lyrical_piano,top1_prompt_level_preference_counterfactual,original,top1_reference,"I prefer lyrical piano background music with a slow tempo, soft acoustic texture, gentle melody, and a calm sentimental mood.","That sounds great, but I would like to incorporate a bit more of Uniqplan's electronic and dance elements. I'm also interested in their indie and pop influences.","In that case, I recommend 'Lyrical Piano - Sadness' by Audiomachine. This track is a beautiful blend of electronic, dance, pop, and house genres. It features lyrical piano and has a slow tempo, creating a soothing and emotional atmosphere. It's perfect for adding a touch of sadness and depth to your video.","Allow me to recommend 'This Makes Sense' by Uniqplan. It's a track from their album 'This Makes Sense'. It combines elements of electronic, pop, and rock with indie and dance influences. This song could add a catchy and upbeat vibe to your video.","Allow me to recommend 'Duele el Amor (Radio Edit)' by Jay Frog. It's a track with electronic, dance, and pop influences, featuring a fast beat and female vocals. This song was released in 2014 and aligns well with the electronic and dance style you're looking for.",Duele el Amor (Radio Edit),Jay Frog,0,0,0,1,0,top1_generation_prompt_text_changed_only_precomputed_text_feature_unchanged
2921,u_zXJNChISs,u_zXJNChISs_A_f5bbd7TaI,u_zXJNChISs_A_f5bbd7TaI,u_zXJNChISs,1,1,original,top1_prompt_level_preference_counterfactual,original,top1_reference,"That sounds good, but I would like to incorporate a bit more of Lisa Caruso's style, especially her indie and folk elements. I'm also interested in slow and female vocals.","That sounds good, but I would like to incorporate a bit more of Lisa Caruso's style, especially her indie and folk elements. I'm also interested in slow and female vocals.","Allow me to recommend 'I Will Be' by Lisa Caruso. It's a track from her album 'I Will Be'. It combines elements of indie, folk, and rock with slow and female vocals. This song could be a fitting choice for your video.","Allow me to recommend 'I Will Be' by Lisa Caruso. It's a track with indie, rock, and pop influences that could be a fitting choice for your video. The song features female vocals and a slower tempo, which aligns with the style and mood you're looking for.","Allow me to recommend 'I Will Be' by Lisa Caruso. It's a track with indie, rock, and pop influences that could be a fitting choice for your video. The song features female vocals and a slower tempo, which aligns with the style and mood you're looking for.",I Will Be,Lisa Caruso,1,1,1,0,0,top1_generation_prompt_text_changed_only_precomputed_text_feature_unchanged
2921,u_zXJNChISs,u_zXJNChISs_A_f5bbd7TaI,u_zXJNChISs_A_f5bbd7TaI,u_zXJNChISs,1,1,cf_upbeat_electronic,top1_prompt_level_preference_counterfactual,original,top1_reference,"I prefer upbeat electronic background music with a bright mood, clear rhythm, energetic beats, and a modern dance or pop feeling.","That sounds good, but I would like to incorporate a bit more of Lisa Caruso's style, especially her indie and folk elements. I'm also interested in slow and female vocals.","In that case, I would recommend 'I Will Be' by Lisa Caruso. This track has a beautiful blend of indie, pop, and folk elements, with female vocals that add a touch of emotion. It's a perfect choice for creating a heartfelt and uplifting atmosphere in your video.","Allow me to recommend 'I Will Be' by Lisa Caruso. It's a track with indie, rock, and pop influences that could be a fitting choice for your video. The song features female vocals and a slower tempo, which aligns with the style and mood you're looking for.","Allow me to recommend 'I Will Be' by Lisa Caruso. It's a track with indie, rock, and pop influences that could be a fitting choice for your video. The song features female vocals and a slower tempo, which aligns with the style and mood you're looking for.",I Will Be,Lisa Caruso,1,1,1,0,0,top1_generation_prompt_text_changed_only_precomputed_text_feature_unchanged
2921,u_zXJNChISs,u_zXJNChISs_A_f5bbd7TaI,u_zXJNChISs_A_f5bbd7TaI,u_zXJNChISs,1,1,cf_lyrical_piano,top1_prompt_level_preference_counterfactual,original,top1_reference,"I prefer lyrical piano background music with a slow tempo, soft acoustic texture, gentle melody, and a calm sentimental mood.","That sounds good, but I would like to incorporate a bit more of Lisa Caruso's style, especially her indie and folk elements. I'm also interested in slow and female vocals.","In that case, I would recommend 'I Will Be' by Lisa Caruso. This track is a beautiful blend of pop, indie, and folk genres, with a focus on lyrical piano. The slow tempo, soft acoustic texture, and gentle melody create a calming and sentimental atmosphere that would be perfect for your video.","Allow me to recommend 'I Will Be' by Lisa Caruso. It's a track with indie, rock, and pop influences that could be a fitting choice for your video. The song features female vocals and a slower tempo, which aligns with the style and mood you're looking for.","Allow me to recommend 'I Will Be' by Lisa Caruso. It's a track with indie, rock, and pop influences that could be a fitting choice for your video. The song features female vocals and a slower tempo, which aligns with the style and mood you're looking for.",I Will Be,Lisa Caruso,1,1,1,0,0,top1_generation_prompt_text_changed_only_precomputed_text_feature_unchanged
2926,t_DEpHCTR6k,t_DEpHCTR6k_Ar5KROYxrI4,t_DEpHCTR6k_Ar5KROYxrI4,t_DEpHCTR6k,1,1,original,top1_prompt_level_preference_counterfactual,original,top1_reference,"That sounds great, but I would like to include some elements of Mr. G Reality's style in my video. I'm interested in hip-hop, pop, and soul genres, as well as female vocals.","That sounds great, but I would like to include some elements of Mr. G Reality's style in my video. I'm interested in hip-hop, pop, and soul genres, as well as female vocals.","Allow me to recommend 'My Story' by Mr. G Reality. It's a track from his album 'My Story'. The song combines elements of hip-hop, pop, and soul with female vocals. It was released in 2013 and has a music video directed by J.R. Williams.","Let me recommend 'My Story' by Mr. G Reality featuring Cortney Marie and King Keleze. It's a track from their album 'King Solomon'. This song combines elements of hip-hop, pop, and rock with female vocals and soulful vibes. It was released by Rock Garden Studio.","Let me recommend 'My Story' by Mr. G Reality featuring Cortney Marie and King Keleze. It's a track from their album 'King Solomon'. This song combines elements of hip-hop, pop, and rock with female vocals and soulful vibes. It was released by Rock Garden Studio.",My Story,Mr,1,1,1,0,0,top1_generation_prompt_text_changed_only_precomputed_text_feature_unchanged
2926,t_DEpHCTR6k,t_DEpHCTR6k_Ar5KROYxrI4,t_DEpHCTR6k_Ar5KROYxrI4,t_DEpHCTR6k,1,1,cf_upbeat_electronic,top1_prompt_level_preference_counterfactual,original,top1_reference,"I prefer upbeat electronic background music with a bright mood, clear rhythm, energetic beats, and a modern dance or pop feeling.","That sounds great, but I would like to include some elements of Mr. G Reality's style in my video. I'm interested in hip-hop, pop, and soul genres, as well as female vocals.","In that case, I would recommend 'My Story' by Mr. This track combines elements of Hip-Hop, rock, pop, and electronic genres, creating a dynamic and energetic sound. It has a bright mood and clear rhythm that will add a modern dance or pop feel to your video.","Let me recommend 'My Story' by Mr. G Reality featuring Cortney Marie and King Keleze. It's a track from their album 'King Solomon'. This song combines elements of hip-hop, pop, and rock with female vocals and soulful vibes. It was released by Rock Garden Studio.","Let me recommend 'My Story' by Mr. G Reality featuring Cortney Marie and King Keleze. It's a track from their album 'King Solomon'. This song combines elements of hip-hop, pop, and rock with female vocals and soulful vibes. It was released by Rock Garden Studio.",My Story,Mr,1,1,1,0,0,top1_generation_prompt_text_changed_only_precomputed_text_feature_unchanged
2926,t_DEpHCTR6k,t_DEpHCTR6k_Ar5KROYxrI4,t_DEpHCTR6k_Ar5KROYxrI4,t_DEpHCTR6k,1,1,cf_lyrical_piano,top1_prompt_level_preference_counterfactual,original,top1_reference,"I prefer lyrical piano background music with a slow tempo, soft acoustic texture, gentle melody, and a calm sentimental mood.","That sounds great, but I would like to include some elements of Mr. G Reality's style in my video. I'm interested in hip-hop, pop, and soul genres, as well as female vocals.","In that case, I would recommend 'My Story' by Mr. This track has a lyrical piano background with a slow tempo, soft acoustic texture, and a gentle melody. It creates a calm and sentimental mood that would be perfect for your video.","Let me recommend 'My Story' by Mr. G Reality featuring Cortney Marie and King Keleze. It's a track from their album 'King Solomon'. This song combines elements of hip-hop, pop, and rock with female vocals and soulful vibes. It was released by Rock Garden Studio.","Let me recommend 'My Story' by Mr. G Reality featuring Cortney Marie and King Keleze. It's a track from their album 'King Solomon'. This song combines elements of hip-hop, pop, and rock with female vocals and soulful vibes. It was released by Rock Garden Studio.",My Story,Mr,1,1,1,0,0,top1_generation_prompt_text_changed_only_precomputed_text_feature_unchanged
3003,0J808gIog1o,0J808gIog1o_PoJFn_RIdkg,eL5UtKHXOmg_nW1HyRWk3Po,eL5UtKHXOmg,0,2,original,top1_prompt_level_preference_counterfactual,original,top1_reference,"Sounds interesting, but I'm looking for something with a bit more of a techno vibe and a powerful female vocal. Do you have any suggestions?","Sounds interesting, but I'm looking for something with a bit more of a techno vibe and a powerful female vocal. Do you have any suggestions?","Absolutely! In that case, I would recommend '純情U' by 杏 from the album '純情U'. This track has a techno influence and features a powerful female vocal. It's part of the album '純情U' and offers a unique blend of dance, pop, and electronic genres.","Absolutely! If you're looking for a track with a techno vibe and a powerful female vocal, I recommend 'Kimi no sobade' by Sayaka Shionoya. This track is part of the album 'Luna' and features the talented Sayaka Shionoya. It falls under the pop, R&B, dance, and soul genres, and it has elements of techno as well.","Allow me to recommend 'TO ME' by Rainbow. It's a track from their album 'So女'. This song combines elements of dance, pop, and electronic genres, and features powerful vocals by the female members of the group. It has a house-inspired sound as well, which aligns with your interest in electronic music.",TO ME,Rainbow,0,0,0,1,0,top1_generation_prompt_text_changed_only_precomputed_text_feature_unchanged
3003,0J808gIog1o,0J808gIog1o_PoJFn_RIdkg,eL5UtKHXOmg_nW1HyRWk3Po,eL5UtKHXOmg,0,2,cf_upbeat_electronic,top1_prompt_level_preference_counterfactual,original,top1_reference,"I prefer upbeat electronic background music with a bright mood, clear rhythm, energetic beats, and a modern dance or pop feeling.","Sounds interesting, but I'm looking for something with a bit more of a techno vibe and a powerful female vocal. Do you have any suggestions?","In that case, I would recommend 'Love is...' by 杏 from the album 'Love is...'. This track is a perfect fit for your requirements as it falls under the genres of dance, pop, electronic, and house. It has a bright and energetic vibe that will add a lively atmosphere to your video.","Absolutely! If you're looking for a track with a techno vibe and a powerful female vocal, I recommend 'Kimi no sobade' by Sayaka Shionoya. This track is part of the album 'Luna' and features the talented Sayaka Shionoya. It falls under the pop, R&B, dance, and soul genres, and it has elements of techno as well.","Allow me to recommend 'TO ME' by Rainbow. It's a track from their album 'So女'. This song combines elements of dance, pop, and electronic genres, and features powerful vocals by the female members of the group. It has a house-inspired sound as well, which aligns with your interest in electronic music.",TO ME,Rainbow,0,0,0,1,0,top1_generation_prompt_text_changed_only_precomputed_text_feature_unchanged
3003,0J808gIog1o,0J808gIog1o_PoJFn_RIdkg,eL5UtKHXOmg_nW1HyRWk3Po,eL5UtKHXOmg,0,2,cf_lyrical_piano,top1_prompt_level_preference_counterfactual,original,top1_reference,"I prefer lyrical piano background music with a slow tempo, soft acoustic texture, gentle melody, and a calm sentimental mood.","Sounds interesting, but I'm looking for something with a bit more of a techno vibe and a powerful female vocal. Do you have any suggestions?","は I recommend '私の彼はスッポン' by 杏里. It's a track from the album '私の彼はスッポン'. This song has a lyrical piano background with a slow tempo, soft acoustic texture, gentle melody, and a calm sentimental mood. It's a perfect fit for your video.","Absolutely! If you're looking for a track with a techno vibe and a powerful female vocal, I recommend 'Kimi no sobade' by Sayaka Shionoya. This track is part of the album 'Luna' and features the talented Sayaka Shionoya. It falls under the pop, R&B, dance, and soul genres, and it has elements of techno as well.","Allow me to recommend 'TO ME' by Rainbow. It's a track from their album 'So女'. This song combines elements of dance, pop, and electronic genres, and features powerful vocals by the female members of the group. It has a house-inspired sound as well, which aligns with your interest in electronic music.",TO ME,Rainbow,0,0,0,1,0,top1_generation_prompt_text_changed_only_precomputed_text_feature_unchanged
3015,RafrGEPAiQg,RafrGEPAiQg_9VsDZikDkKI,8ahhCMtI6JY_3VGSZvtzw_A,8ahhCMtI6JY,0,14,original,top1_prompt_level_preference_counterfactual,original,top1_reference,"That sounds interesting, but I'm actually looking for a different style of music. I want something with a hip-hop and electronic sound, similar to BIGA RANX's 'freestyle Kickass Riddim'. Can you recommend something in that genre?","That sounds interesting, but I'm actually looking for a different style of music. I want something with a hip-hop and electronic sound, similar to BIGA RANX's 'freestyle Kickass Riddim'. Can you recommend something in that genre?","Certainly! I suggest checking out BIGA RANX's 'freestyle Kickass Riddim'. It's a hip-hop and electronic track with elements of dance, electro, and rock. The song has a fast-paced beat and energetic vibe, which aligns well with the style you're looking for.","Allow me to recommend 'freestyle Kickass Riddim' by BIGA RANX. It's a track that combines elements of hip-hop and electronic music. The fast-paced beat and synth sounds make it perfect for your video. Although there is no additional information provided about the track, it aligns well with the style you're looking for.","In that case, I would recommend 'Sound Of GRIME' by GTsolo. This track is known for its grimey and electronic sound, and it was recorded during the 'AfterHours' sessions in 2012. It has a unique blend of Hip-Hop and electronic elements that will add a edgy and energetic feel to your video.",Sound Of GRIME,GTsolo,0,0,0,1,0,top1_generation_prompt_text_changed_only_precomputed_text_feature_unchanged
3015,RafrGEPAiQg,RafrGEPAiQg_9VsDZikDkKI,8ahhCMtI6JY_3VGSZvtzw_A,8ahhCMtI6JY,0,14,cf_upbeat_electronic,top1_prompt_level_preference_counterfactual,original,top1_reference,"I prefer upbeat electronic background music with a bright mood, clear rhythm, energetic beats, and a modern dance or pop feeling.","That sounds interesting, but I'm actually looking for a different style of music. I want something with a hip-hop and electronic sound, similar to BIGA RANX's 'freestyle Kickass Riddim'. Can you recommend something in that genre?","In that case, I recommend 'Bright Lights' by Dizzee Rascal. It's a track from his album 'Bright Lights'. This song combines elements of Hip-Hop, electronic, dance, and pop, with a fast-paced techno beat and synth sounds. It has a bright and energetic vibe that aligns well with your preferences.","Allow me to recommend 'freestyle Kickass Riddim' by BIGA RANX. It's a track that combines elements of hip-hop and electronic music. The fast-paced beat and synth sounds make it perfect for your video. Although there is no additional information provided about the track, it aligns well with the style you're looking for.","In that case, I would recommend 'Sound Of GRIME' by GTsolo. This track is known for its grimey and electronic sound, and it was recorded during the 'AfterHours' sessions in 2012. It has a unique blend of Hip-Hop and electronic elements that will add a edgy and energetic feel to your video.",Sound Of GRIME,GTsolo,0,0,0,1,0,top1_generation_prompt_text_changed_only_precomputed_text_feature_unchanged
3015,RafrGEPAiQg,RafrGEPAiQg_9VsDZikDkKI,8ahhCMtI6JY_3VGSZvtzw_A,8ahhCMtI6JY,0,14,cf_lyrical_piano,top1_prompt_level_preference_counterfactual,original,top1_reference,"I prefer lyrical piano background music with a slow tempo, soft acoustic texture, gentle melody, and a calm sentimental mood.","That sounds interesting, but I'm actually looking for a different style of music. I want something with a hip-hop and electronic sound, similar to BIGA RANX's 'freestyle Kickass Riddim'. Can you recommend something in that genre?","Allow me to recommend 'Lyrical Piano' by GTsolo. It's a track from the album 'Lyrical Piano'. This instrumental piece combines elements of hip-hop, electronic, and rock genres. It has a slow tempo and features piano as the main instrument, creating a soothing and melodic atmosphere.","Allow me to recommend 'freestyle Kickass Riddim' by BIGA RANX. It's a track that combines elements of hip-hop and electronic music. The fast-paced beat and synth sounds make it perfect for your video. Although there is no additional information provided about the track, it aligns well with the style you're looking for.","In that case, I would recommend 'Sound Of GRIME' by GTsolo. This track is known for its grimey and electronic sound, and it was recorded during the 'AfterHours' sessions in 2012. It has a unique blend of Hip-Hop and electronic elements that will add a edgy and energetic feel to your video.",Sound Of GRIME,GTsolo,0,1,0,1,0,top1_generation_prompt_text_changed_only_precomputed_text_feature_unchanged
3021,oCV9U-tP7Iw,oCV9U-tP7Iw_Pl2pBVt4mh0,oCV9U-tP7Iw_Pl2pBVt4mh0,oCV9U-tP7Iw,1,1,original,top1_prompt_level_preference_counterfactual,original,top1_reference,"That sounds good, but I'm looking for something with a bit more of a R&B and soul vibe. I also prefer female vocals in the music.","That sounds good, but I'm looking for something with a bit more of a R&B and soul vibe. I also prefer female vocals in the music.","Allow me to recommend 'Kamusta Ka Na' by Hustle One. It's a track with a mix of R&B, pop, and soul genres. The song features female vocals and has a techno and electronic sound. It was released in 2013 and could be a fitting choice for your video.","Allow me to recommend 'Kamusta Ka Na' by Hustle One. Although I couldn't find much information about the track, it falls under the genres of R&B, pop, and soul with female vocals. It might be a fitting choice for your video.","Allow me to recommend 'Kamusta Ka Na' by Hustle One. Although I couldn't find much information about the track, it falls under the genres of R&B, pop, and soul with female vocals. It might be a fitting choice for your video.",Kamusta Ka Na,Hustle One,1,1,1,0,0,top1_generation_prompt_text_changed_only_precomputed_text_feature_unchanged
3021,oCV9U-tP7Iw,oCV9U-tP7Iw_Pl2pBVt4mh0,oCV9U-tP7Iw_Pl2pBVt4mh0,oCV9U-tP7Iw,1,1,cf_upbeat_electronic,top1_prompt_level_preference_counterfactual,original,top1_reference,"I prefer upbeat electronic background music with a bright mood, clear rhythm, energetic beats, and a modern dance or pop feeling.","That sounds good, but I'm looking for something with a bit more of a R&B and soul vibe. I also prefer female vocals in the music.","Based on your preferences, I recommend 'Kamusta Ka Na' by Hustle One. It's a track from their album 'Kamusta Ka Na'. This song combines elements of pop, Hip-Hop, and electronic music with a dance and R&B influence. It has a fast-paced beat and a modern sound that could be a great fit for your video.","Allow me to recommend 'Kamusta Ka Na' by Hustle One. Although I couldn't find much information about the track, it falls under the genres of R&B, pop, and soul with female vocals. It might be a fitting choice for your video.","Allow me to recommend 'Kamusta Ka Na' by Hustle One. Although I couldn't find much information about the track, it falls under the genres of R&B, pop, and soul with female vocals. It might be a fitting choice for your video.",Kamusta Ka Na,Hustle One,1,1,1,0,0,top1_generation_prompt_text_changed_only_precomputed_text_feature_unchanged
3021,oCV9U-tP7Iw,oCV9U-tP7Iw_Pl2pBVt4mh0,oCV9U-tP7Iw_Pl2pBVt4mh0,oCV9U-tP7Iw,1,1,cf_lyrical_piano,top1_prompt_level_preference_counterfactual,original,top1_reference,"I prefer lyrical piano background music with a slow tempo, soft acoustic texture, gentle melody, and a calm sentimental mood.","That sounds good, but I'm looking for something with a bit more of a R&B and soul vibe. I also prefer female vocals in the music.","In that case, I recommend 'Kamusta Ka Na' by Hustle One. It's a track from the album 'Kamusta Ka Na'. This song combines elements of hip-hop, pop, R&B, and soul with a lyrical piano and slow tempo. It has a soft acoustic texture and a gentle melody that can create a calm and sentimental mood for your video.","Allow me to recommend 'Kamusta Ka Na' by Hustle One. Although I couldn't find much information about the track, it falls under the genres of R&B, pop, and soul with female vocals. It might be a fitting choice for your video.","Allow me to recommend 'Kamusta Ka Na' by Hustle One. Although I couldn't find much information about the track, it falls under the genres of R&B, pop, and soul with female vocals. It might be a fitting choice for your video.",Kamusta Ka Na,Hustle One,1,1,1,0,0,top1_generation_prompt_text_changed_only_precomputed_text_feature_unchanged
3030,7dfx1xqgGMc,7dfx1xqgGMc_Vs_1IMX3GLE,v2KsttElBEU_kzEKUKDPWUs,v2KsttElBEU,0,68,original,top1_prompt_level_preference_counterfactual,original,top1_reference,"That sounds great, but I would like to incorporate some pop elements into the music as well. I'm also looking for female vocalists and techno influences.","That sounds great, but I would like to incorporate some pop elements into the music as well. I'm also looking for female vocalists and techno influences.",Allow me to recommend 'Counting Stars' by OneRepublic. It's a pop track with electronic and dance elements. The song features female vocals and has a techno-influenced sound. It could be a fitting choice for your video.,"Allow me to recommend 'Summer Pop Medley 2011' by Sam Tsui. It's a pop track with dance, rock, and electronic influences. The song features female vocals and has a techno sound. Although I don't have much information about this track, it aligns with the pop and techno elements you are looking for.","In that case, I would recommend 'Counting Stars' by Chrissy, Alex Goot, and KHS. This track combines elements of pop, dance, electronic, and rock genres. It features female vocals and has a catchy and energetic sound that would go well with your video.",Counting Stars,Chrissy,1,0,0,1,0,top1_generation_prompt_text_changed_only_precomputed_text_feature_unchanged
3030,7dfx1xqgGMc,7dfx1xqgGMc_Vs_1IMX3GLE,v2KsttElBEU_kzEKUKDPWUs,v2KsttElBEU,0,68,cf_upbeat_electronic,top1_prompt_level_preference_counterfactual,original,top1_reference,"I prefer upbeat electronic background music with a bright mood, clear rhythm, energetic beats, and a modern dance or pop feeling.","That sounds great, but I would like to incorporate some pop elements into the music as well. I'm also looking for female vocalists and techno influences.","In that case, I recommend 'Counting Stars' by OneRepublic. It's a popular track with a bright mood, clear rhythm, energetic beats, and a modern dance or pop feel. It's a great choice for your video.","Allow me to recommend 'Summer Pop Medley 2011' by Sam Tsui. It's a pop track with dance, rock, and electronic influences. The song features female vocals and has a techno sound. Although I don't have much information about this track, it aligns with the pop and techno elements you are looking for.","In that case, I would recommend 'Counting Stars' by Chrissy, Alex Goot, and KHS. This track combines elements of pop, dance, electronic, and rock genres. It features female vocals and has a catchy and energetic sound that would go well with your video.",Counting Stars,Chrissy,1,0,0,1,0,top1_generation_prompt_text_changed_only_precomputed_text_feature_unchanged
3030,7dfx1xqgGMc,7dfx1xqgGMc_Vs_1IMX3GLE,v2KsttElBEU_kzEKUKDPWUs,v2KsttElBEU,0,68,cf_lyrical_piano,top1_prompt_level_preference_counterfactual,original,top1_reference,"I prefer lyrical piano background music with a slow tempo, soft acoustic texture, gentle melody, and a calm sentimental mood.","That sounds great, but I would like to incorporate some pop elements into the music as well. I'm also looking for female vocalists and techno influences.","In that case, I would recommend 'Counting Stars' by OneRepublic. This track has a lyrical piano background and a slow tempo, which will create a soothing and sentimental atmosphere for your video. It falls under the pop, dance, and electronic genres, and features female vocals.","Allow me to recommend 'Summer Pop Medley 2011' by Sam Tsui. It's a pop track with dance, rock, and electronic influences. The song features female vocals and has a techno sound. Although I don't have much information about this track, it aligns with the pop and techno elements you are looking for.","In that case, I would recommend 'Counting Stars' by Chrissy, Alex Goot, and KHS. This track combines elements of pop, dance, electronic, and rock genres. It features female vocals and has a catchy and energetic sound that would go well with your video.",Counting Stars,Chrissy,1,0,0,1,0,top1_generation_prompt_text_changed_only_precomputed_text_feature_unchanged
3048,LAzK2fmfNoU,LAzK2fmfNoU_M5qG-NBjRck,UP_45Fd8TNs_om5VNjkXxHY,UP_45Fd8TNs,0,4,original,top1_prompt_level_preference_counterfactual,original,top1_reference,"That sounds great! I enjoy electronic and dance music, but I also want to incorporate some house and electronica elements into my video.","That sounds great! I enjoy electronic and dance music, but I also want to incorporate some house and electronica elements into my video.","Allow me to recommend 'Sunshine' by Dirty South. It's a track from his album 'Sunshine'. It combines elements of house, electronica, and electro with a fast-paced techno beat. The song has a catchy and energetic vibe that could be a fitting choice for your video.","Allow me to recommend 'No Way Home' by Richard Durand. It's a track from his album 'No Way Home'. The song is classified as electronic, dance, pop, and house, with elements of electronica. It has a fast-paced beat and a catchy melody that could be a fitting choice for your video.","Allow me to recommend 'Мисс Изобильный.avi'. Although I don't have much information about this track, it is classified as electronic, dance, house, electro, and pop. It may include the electronic beats, fast tempo, and female vocal you're looking for.",,,,,,0,0,top1_generation_prompt_text_changed_only_precomputed_text_feature_unchanged
3048,LAzK2fmfNoU,LAzK2fmfNoU_M5qG-NBjRck,UP_45Fd8TNs_om5VNjkXxHY,UP_45Fd8TNs,0,4,cf_upbeat_electronic,top1_prompt_level_preference_counterfactual,original,top1_reference,"I prefer upbeat electronic background music with a bright mood, clear rhythm, energetic beats, and a modern dance or pop feeling.","That sounds great! I enjoy electronic and dance music, but I also want to incorporate some house and electronica elements into my video.","Based on your preferences, I recommend 'Sunshine' by Daft Punk. It's an electronic track with a bright mood, clear rhythm, energetic beats, and a modern dance or pop feeling. This song aligns well with your requirements and can add a vibrant and upbeat atmosphere to your video.","Allow me to recommend 'No Way Home' by Richard Durand. It's a track from his album 'No Way Home'. The song is classified as electronic, dance, pop, and house, with elements of electronica. It has a fast-paced beat and a catchy melody that could be a fitting choice for your video.","Allow me to recommend 'Мисс Изобильный.avi'. Although I don't have much information about this track, it is classified as electronic, dance, house, electro, and pop. It may include the electronic beats, fast tempo, and female vocal you're looking for.",,,,,,0,0,top1_generation_prompt_text_changed_only_precomputed_text_feature_unchanged
3048,LAzK2fmfNoU,LAzK2fmfNoU_M5qG-NBjRck,UP_45Fd8TNs_om5VNjkXxHY,UP_45Fd8TNs,0,4,cf_lyrical_piano,top1_prompt_level_preference_counterfactual,original,top1_reference,"I prefer lyrical piano background music with a slow tempo, soft acoustic texture, gentle melody, and a calm sentimental mood.","That sounds great! I enjoy electronic and dance music, but I also want to incorporate some house and electronica elements into my video.","In that case, I would recommend 'Love Is Gone' by Djs From Mars. This track is a perfect fit for your needs as it combines electronic, dance, house, and pop genres. It has a slow tempo and features lyrical piano, creating a soothing and emotional atmosphere.","Allow me to recommend 'No Way Home' by Richard Durand. It's a track from his album 'No Way Home'. The song is classified as electronic, dance, pop, and house, with elements of electronica. It has a fast-paced beat and a catchy melody that could be a fitting choice for your video.","Allow me to recommend 'Мисс Изобильный.avi'. Although I don't have much information about this track, it is classified as electronic, dance, house, electro, and pop. It may include the electronic beats, fast tempo, and female vocal you're looking for.",,,,,,0,0,top1_generation_prompt_text_changed_only_precomputed_text_feature_unchanged
3052,3fFKAJXuLEM,3fFKAJXuLEM_emMlEvTKAN8,YwW7R9oQ8Z4_cakHbZlc4aw,YwW7R9oQ8Z4,0,14,original,top1_prompt_level_preference_counterfactual,original,top1_reference,"That sounds great, but I would like to include some spoken word elements in the music as well. Can you recommend something that combines hip-hop and spoken word?","That sounds great, but I would like to include some spoken word elements in the music as well. Can you recommend something that combines hip-hop and spoken word?","Allow me to recommend 'The Truth' by B. It's a track from his album 'The Truth'. It combines elements of hip-hop, rock, and electronic music with spoken word. The song has a powerful and emotional message, which could be a fitting choice for your video.","Sure! I recommend 'SO FAR AWAY' by PIT featuring BIG FITZ DA POET. It's a hip-hop and spoken word collaboration that combines the elements you're looking for. The track has a mix of electronic, rock, and pop influences, along with indie vibes. It features male vocals and a techno touch. This unique combination will give your video a distinct and engaging sound.","In that case, I would recommend 'New York, New York' by B.o.B. This track combines elements of hip-hop, pop, and rock, making it a perfect fit for your tribute video. It's part of the album 'EPIC: Every Play Is Crucial' and captures the energy and excitement of the Avengers.","New York, New York",B,0,1,0,1,0,top1_generation_prompt_text_changed_only_precomputed_text_feature_unchanged
3052,3fFKAJXuLEM,3fFKAJXuLEM_emMlEvTKAN8,YwW7R9oQ8Z4_cakHbZlc4aw,YwW7R9oQ8Z4,0,14,cf_upbeat_electronic,top1_prompt_level_preference_counterfactual,original,top1_reference,"I prefer upbeat electronic background music with a bright mood, clear rhythm, energetic beats, and a modern dance or pop feeling.","That sounds great, but I would like to include some spoken word elements in the music as well. Can you recommend something that combines hip-hop and spoken word?","In that case, I would recommend 'New York, New York' by B. This track combines elements of Hip-Hop, rock, electronic, and pop, creating a dynamic and energetic sound. It has a bright mood and clear rhythm that will add excitement to your video.","Sure! I recommend 'SO FAR AWAY' by PIT featuring BIG FITZ DA POET. It's a hip-hop and spoken word collaboration that combines the elements you're looking for. The track has a mix of electronic, rock, and pop influences, along with indie vibes. It features male vocals and a techno touch. This unique combination will give your video a distinct and engaging sound.","In that case, I would recommend 'New York, New York' by B.o.B. This track combines elements of hip-hop, pop, and rock, making it a perfect fit for your tribute video. It's part of the album 'EPIC: Every Play Is Crucial' and captures the energy and excitement of the Avengers.","New York, New York",B,1,1,1,0,0,top1_generation_prompt_text_changed_only_precomputed_text_feature_unchanged
3052,3fFKAJXuLEM,3fFKAJXuLEM_emMlEvTKAN8,YwW7R9oQ8Z4_cakHbZlc4aw,YwW7R9oQ8Z4,0,14,cf_lyrical_piano,top1_prompt_level_preference_counterfactual,original,top1_reference,"I prefer lyrical piano background music with a slow tempo, soft acoustic texture, gentle melody, and a calm sentimental mood.","That sounds great, but I would like to include some spoken word elements in the music as well. Can you recommend something that combines hip-hop and spoken word?","In that case, I recommend 'New York, New York' by B. This track is a lyrical piano piece with a slow tempo, soft acoustic texture, and a gentle melody. It has a calm and sentimental mood that could be a perfect fit for your video.","Sure! I recommend 'SO FAR AWAY' by PIT featuring BIG FITZ DA POET. It's a hip-hop and spoken word collaboration that combines the elements you're looking for. The track has a mix of electronic, rock, and pop influences, along with indie vibes. It features male vocals and a techno touch. This unique combination will give your video a distinct and engaging sound.","In that case, I would recommend 'New York, New York' by B.o.B. This track combines elements of hip-hop, pop, and rock, making it a perfect fit for your tribute video. It's part of the album 'EPIC: Every Play Is Crucial' and captures the energy and excitement of the Avengers.","New York, New York",B,1,1,1,0,0,top1_generation_prompt_text_changed_only_precomputed_text_feature_unchanged
3059,ReWzeILttoY,ReWzeILttoY_UKzkpkHNeN0,ReWzeILttoY_UKzkpkHNeN0,ReWzeILttoY,1,1,original,top1_prompt_level_preference_counterfactual,original,top1_reference,"That sounds great, I like the electronic and techno elements in your music recommendations. But I'm also interested in incorporating a bit more of Violetta's pop and dance style, as well as rock and female vocalists.","That sounds great, I like the electronic and techno elements in your music recommendations. But I'm also interested in incorporating a bit more of Violetta's pop and dance style, as well as rock and female vocalists.","Allow me to recommend 'Violetta' by Violetta. It's a pop and dance track with electronic and rock influences. The song features female vocals and was released in 2012. It could be a fitting choice for your video, combining elements of Violetta's distinctive style with the energetic and electronic sound you're looking for.","Allow me to recommend 'las mejores 3 canciones de violetta temporada 123'. It's a collection of three songs from Violetta's seasons 1, 2, and 3. These songs represent her pop, dance, and rock styles, with a strong emphasis on female vocalists. They also have electronic elements that align with the techno sound you're looking for.","Allow me to recommend 'las mejores 3 canciones de violetta temporada 123'. It's a collection of three songs from Violetta's seasons 1, 2, and 3. These songs represent her pop, dance, and rock styles, with a strong emphasis on female vocalists. They also have electronic elements that align with the techno sound you're looking for.",,,,,,0,0,top1_generation_prompt_text_changed_only_precomputed_text_feature_unchanged
3059,ReWzeILttoY,ReWzeILttoY_UKzkpkHNeN0,ReWzeILttoY_UKzkpkHNeN0,ReWzeILttoY,1,1,cf_upbeat_electronic,top1_prompt_level_preference_counterfactual,original,top1_reference,"I prefer upbeat electronic background music with a bright mood, clear rhythm, energetic beats, and a modern dance or pop feeling.","That sounds great, I like the electronic and techno elements in your music recommendations. But I'm also interested in incorporating a bit more of Violetta's pop and dance style, as well as rock and female vocalists.","In that case, I recommend 'Happy' by Pharrell Williams. This track is a popular upbeat electronic song with a bright mood, clear rhythm, energetic beats, and a modern dance or pop feeling. It's a great choice for your video.","Allow me to recommend 'las mejores 3 canciones de violetta temporada 123'. It's a collection of three songs from Violetta's seasons 1, 2, and 3. These songs represent her pop, dance, and rock styles, with a strong emphasis on female vocalists. They also have electronic elements that align with the techno sound you're looking for.","Allow me to recommend 'las mejores 3 canciones de violetta temporada 123'. It's a collection of three songs from Violetta's seasons 1, 2, and 3. These songs represent her pop, dance, and rock styles, with a strong emphasis on female vocalists. They also have electronic elements that align with the techno sound you're looking for.",,,,,,0,0,top1_generation_prompt_text_changed_only_precomputed_text_feature_unchanged
3059,ReWzeILttoY,ReWzeILttoY_UKzkpkHNeN0,ReWzeILttoY_UKzkpkHNeN0,ReWzeILttoY,1,1,cf_lyrical_piano,top1_prompt_level_preference_counterfactual,original,top1_reference,"I prefer lyrical piano background music with a slow tempo, soft acoustic texture, gentle melody, and a calm sentimental mood.","That sounds great, I like the electronic and techno elements in your music recommendations. But I'm also interested in incorporating a bit more of Violetta's pop and dance style, as well as rock and female vocalists.","In that case, I recommend the track 'Love Is A Miracle' by The Miracle Project. It's a pop and dance song with electronic and rock elements. The song features female vocals and has a slow tempo, which aligns with your preferences. It was released in 2013 and is part of the album 'Love Is A Miracle'.","Allow me to recommend 'las mejores 3 canciones de violetta temporada 123'. It's a collection of three songs from Violetta's seasons 1, 2, and 3. These songs represent her pop, dance, and rock styles, with a strong emphasis on female vocalists. They also have electronic elements that align with the techno sound you're looking for.","Allow me to recommend 'las mejores 3 canciones de violetta temporada 123'. It's a collection of three songs from Violetta's seasons 1, 2, and 3. These songs represent her pop, dance, and rock styles, with a strong emphasis on female vocalists. They also have electronic elements that align with the techno sound you're looking for.",,,,,,0,0,top1_generation_prompt_text_changed_only_precomputed_text_feature_unchanged
3094,w_TlhlzrpTs,w_TlhlzrpTs_6sbXqAdkiFM,H2pjord3Ueg_aCmZWeBtTDs,H2pjord3Ueg,0,5,original,top1_prompt_level_preference_counterfactual,original,top1_reference,"That sounds great, but I'm also interested in punk and alternative genres with female vocals. Do you have any recommendations that incorporate these elements?","That sounds great, but I'm also interested in punk and alternative genres with female vocals. Do you have any recommendations that incorporate these elements?","Allow me to recommend '純情ロマンティック' by 純情ロマンティック. It's a track from their album '純情ロマンティック'. The song combines elements of punk, rock, and alternative genres with female vocals. It has a fast-paced and energetic sound that could be a fitting choice for your video.","Allow me to recommend 'Message' by G-YUN. It's a punk and alternative track with female vocals. Although no album information is available, the track was released as G-YUN's debut single in 2011. It has a rock and fast-paced sound with techno and guitar elements, which might be a fitting choice for your video.","Certainly! In that case, I would recommend 'Hi' by BiS. This track is from their album 'WHO KiLLED IDOL?' and it has a punk and alternative sound with elements of rock and electronic. It was released in 2013 and has a positive and energetic vibe that would complement your video.",Hi,BiS,0,0,0,1,0,top1_generation_prompt_text_changed_only_precomputed_text_feature_unchanged
3094,w_TlhlzrpTs,w_TlhlzrpTs_6sbXqAdkiFM,H2pjord3Ueg_aCmZWeBtTDs,H2pjord3Ueg,0,5,cf_upbeat_electronic,top1_prompt_level_preference_counterfactual,original,top1_reference,"I prefer upbeat electronic background music with a bright mood, clear rhythm, energetic beats, and a modern dance or pop feeling.","That sounds great, but I'm also interested in punk and alternative genres with female vocals. Do you have any recommendations that incorporate these elements?","「純情ロック」 by ビスケットヘッドバンド is a track that aligns with your preferences. It falls under the genres of rock, punk, and alternative with indie influences. The song has a fast-paced and loud sound with techno and guitar elements. It was released in 2014 and has a modern and energetic vibe that could be a great fit for your video.","Allow me to recommend 'Message' by G-YUN. It's a punk and alternative track with female vocals. Although no album information is available, the track was released as G-YUN's debut single in 2011. It has a rock and fast-paced sound with techno and guitar elements, which might be a fitting choice for your video.","Certainly! In that case, I would recommend 'Hi' by BiS. This track is from their album 'WHO KiLLED IDOL?' and it has a punk and alternative sound with elements of rock and electronic. It was released in 2013 and has a positive and energetic vibe that would complement your video.",Hi,BiS,1,0,0,1,0,top1_generation_prompt_text_changed_only_precomputed_text_feature_unchanged
3094,w_TlhlzrpTs,w_TlhlzrpTs_6sbXqAdkiFM,H2pjord3Ueg_aCmZWeBtTDs,H2pjord3Ueg,0,5,cf_lyrical_piano,top1_prompt_level_preference_counterfactual,original,top1_reference,"I prefer lyrical piano background music with a slow tempo, soft acoustic texture, gentle melody, and a calm sentimental mood.","That sounds great, but I'm also interested in punk and alternative genres with female vocals. Do you have any recommendations that incorporate these elements?","はなし I'm sorry, but I don't have enough information about the target music to provide a recommendation. However, I can suggest exploring other options that align with your preferences.","Allow me to recommend 'Message' by G-YUN. It's a punk and alternative track with female vocals. Although no album information is available, the track was released as G-YUN's debut single in 2011. It has a rock and fast-paced sound with techno and guitar elements, which might be a fitting choice for your video.","Certainly! In that case, I would recommend 'Hi' by BiS. This track is from their album 'WHO KiLLED IDOL?' and it has a punk and alternative sound with elements of rock and electronic. It was released in 2013 and has a positive and energetic vibe that would complement your video.",Hi,BiS,1,0,0,1,0,top1_generation_prompt_text_changed_only_precomputed_text_feature_unchanged
3106,Yifg3RyrEso,Yifg3RyrEso_VhieV6GXfNY,UhovZ7DbiFA_SwZOZBJDMUU,UhovZ7DbiFA,0,7,original,top1_prompt_level_preference_counterfactual,original,top1_reference,"That sounds great, but I would like to incorporate a bit more of Daveed Diggs' unique style, especially his hip-hop and electronic elements. I'm also interested in male vocals.","That sounds great, but I would like to incorporate a bit more of Daveed Diggs' unique style, especially his hip-hop and electronic elements. I'm also interested in male vocals.","Allow me to recommend 'Autographs' by Daveed Diggs. It's a track from his album 'Autographs'. It combines elements of hip-hop, electronic, and rock with male vocals. It was released in 2010 and may contain the specific elements you're looking for.","Allow me to recommend 'Small Things to a Giant' by Daveed Diggs feat. Rafael Casal. It's a track from Diggs' 'SMALL THINGS TO A GIANT LP' album. This song combines elements of hip-hop, electronic, R&B, and rock, with male vocals. It was directed by Rafael Casal and has a special thanks section mentioned in the description, which may add to the authenticity you're looking for.","Allow me to recommend 'Autographs' by Reks. It's a track from his album 'Straight No Chaser'. This song combines elements of hip-hop, rock, and soul with electronic and pop influences. It was produced by Statik Selektah and captures the unique style of Reks' music. You may find the distinct elements you're looking for in this track.",Autographs,Reks,1,0,0,1,0,top1_generation_prompt_text_changed_only_precomputed_text_feature_unchanged
3106,Yifg3RyrEso,Yifg3RyrEso_VhieV6GXfNY,UhovZ7DbiFA_SwZOZBJDMUU,UhovZ7DbiFA,0,7,cf_upbeat_electronic,top1_prompt_level_preference_counterfactual,original,top1_reference,"I prefer upbeat electronic background music with a bright mood, clear rhythm, energetic beats, and a modern dance or pop feeling.","That sounds great, but I would like to incorporate a bit more of Daveed Diggs' unique style, especially his hip-hop and electronic elements. I'm also interested in male vocals.","In that case, I would recommend 'Autographs' by Reks. This track combines elements of Hip-Hop, electronic, rock, and pop, creating a dynamic and energetic sound. It has a bright mood and clear rhythm that will add a modern and pop feel to your video.","Allow me to recommend 'Small Things to a Giant' by Daveed Diggs feat. Rafael Casal. It's a track from Diggs' 'SMALL THINGS TO A GIANT LP' album. This song combines elements of hip-hop, electronic, R&B, and rock, with male vocals. It was directed by Rafael Casal and has a special thanks section mentioned in the description, which may add to the authenticity you're looking for.","Allow me to recommend 'Autographs' by Reks. It's a track from his album 'Straight No Chaser'. This song combines elements of hip-hop, rock, and soul with electronic and pop influences. It was produced by Statik Selektah and captures the unique style of Reks' music. You may find the distinct elements you're looking for in this track.",Autographs,Reks,1,1,1,0,0,top1_generation_prompt_text_changed_only_precomputed_text_feature_unchanged
3106,Yifg3RyrEso,Yifg3RyrEso_VhieV6GXfNY,UhovZ7DbiFA_SwZOZBJDMUU,UhovZ7DbiFA,0,7,cf_lyrical_piano,top1_prompt_level_preference_counterfactual,original,top1_reference,"I prefer lyrical piano background music with a slow tempo, soft acoustic texture, gentle melody, and a calm sentimental mood.","That sounds great, but I would like to incorporate a bit more of Daveed Diggs' unique style, especially his hip-hop and electronic elements. I'm also interested in male vocals.","Allow me to recommend 'Autographs' by Reks. It's a track from his album 'Autographs'. It combines elements of hip-hop, rock, and electronic with a slow tempo and piano-driven sound. The song has a lyrical and emotional vibe that could be a fitting choice for your video.","Allow me to recommend 'Small Things to a Giant' by Daveed Diggs feat. Rafael Casal. It's a track from Diggs' 'SMALL THINGS TO A GIANT LP' album. This song combines elements of hip-hop, electronic, R&B, and rock, with male vocals. It was directed by Rafael Casal and has a special thanks section mentioned in the description, which may add to the authenticity you're looking for.","Allow me to recommend 'Autographs' by Reks. It's a track from his album 'Straight No Chaser'. This song combines elements of hip-hop, rock, and soul with electronic and pop influences. It was produced by Statik Selektah and captures the unique style of Reks' music. You may find the distinct elements you're looking for in this track.",Autographs,Reks,1,1,1,0,0,top1_generation_prompt_text_changed_only_precomputed_text_feature_unchanged
3121,yyM7brxTe6E,yyM7brxTe6E_JaBKUH59Zwo,DjQbhaM1HsQ_XNQ5IJ6FjQQ,DjQbhaM1HsQ,0,22,original,top1_prompt_level_preference_counterfactual,original,top1_reference,"That's a nice suggestion, but I'm looking for something with a hip-hop or electronic element. I also prefer male vocals.","That's a nice suggestion, but I'm looking for something with a hip-hop or electronic element. I also prefer male vocals.",Allow me to recommend 'Szczęście' by Księżyc. It's a hip-hop track with electronic and rock influences. The song features male vocals and was released in 2013. It has a unique sound that could be a fitting choice for your video.,"I understand. In that case, I recommend 'Une histoire de plus' by Jack Volpe. Although there is limited information available about this track, it is part of the T.R.I.P. episode 16 and features a mix of hip-hop, rock, pop, indie, and electronic genres. The track has a male vocal element and was produced by The Unbeatables, giving it a unique and diverse sound.","In that case, I would recommend the track 'Starcraft Rap 6 - Allow Us to Reintroduce Ourselves'. This track blends hip-hop, electronic, and rock genres, and also incorporates elements of blues and indie music. Although I don't have specific information about the track name, album name, or artists, it matches your desired genre combination.",,,,,,0,0,top1_generation_prompt_text_changed_only_precomputed_text_feature_unchanged
3121,yyM7brxTe6E,yyM7brxTe6E_JaBKUH59Zwo,DjQbhaM1HsQ_XNQ5IJ6FjQQ,DjQbhaM1HsQ,0,22,cf_upbeat_electronic,top1_prompt_level_preference_counterfactual,original,top1_reference,"I prefer upbeat electronic background music with a bright mood, clear rhythm, energetic beats, and a modern dance or pop feeling.","That's a nice suggestion, but I'm looking for something with a hip-hop or electronic element. I also prefer male vocals.","In that case, I would recommend 'Sunshine' by Dizzy Wright. This track has a bright and energetic electronic sound with elements of Hip-Hop, pop, and dance. It will add a modern and vibrant feel to your video.","I understand. In that case, I recommend 'Une histoire de plus' by Jack Volpe. Although there is limited information available about this track, it is part of the T.R.I.P. episode 16 and features a mix of hip-hop, rock, pop, indie, and electronic genres. The track has a male vocal element and was produced by The Unbeatables, giving it a unique and diverse sound.","In that case, I would recommend the track 'Starcraft Rap 6 - Allow Us to Reintroduce Ourselves'. This track blends hip-hop, electronic, and rock genres, and also incorporates elements of blues and indie music. Although I don't have specific information about the track name, album name, or artists, it matches your desired genre combination.",,,,,,0,0,top1_generation_prompt_text_changed_only_precomputed_text_feature_unchanged
3121,yyM7brxTe6E,yyM7brxTe6E_JaBKUH59Zwo,DjQbhaM1HsQ_XNQ5IJ6FjQQ,DjQbhaM1HsQ,0,22,cf_lyrical_piano,top1_prompt_level_preference_counterfactual,original,top1_reference,"I prefer lyrical piano background music with a slow tempo, soft acoustic texture, gentle melody, and a calm sentimental mood.","That's a nice suggestion, but I'm looking for something with a hip-hop or electronic element. I also prefer male vocals.","In that case, I recommend the track 'L'amour est un oiseau rebelle' by Mister You. It's a hip-hop and electronic song with a slow tempo and a piano-driven sound. The song has a lyrical and emotional vibe that could complement your video.","I understand. In that case, I recommend 'Une histoire de plus' by Jack Volpe. Although there is limited information available about this track, it is part of the T.R.I.P. episode 16 and features a mix of hip-hop, rock, pop, indie, and electronic genres. The track has a male vocal element and was produced by The Unbeatables, giving it a unique and diverse sound.","In that case, I would recommend the track 'Starcraft Rap 6 - Allow Us to Reintroduce Ourselves'. This track blends hip-hop, electronic, and rock genres, and also incorporates elements of blues and indie music. Although I don't have specific information about the track name, album name, or artists, it matches your desired genre combination.",,,,,,0,0,top1_generation_prompt_text_changed_only_precomputed_text_feature_unchanged
3126,pDwBFbI3j8k,pDwBFbI3j8k_Uy_BogBCpp8,dkI_4At4TI4_AmpjMHhOlEk,dkI_4At4TI4,0,17,original,top1_prompt_level_preference_counterfactual,original,top1_reference,"Sounds good, but I'm looking for something that has more of an electronic and jazz influence.","Sounds good, but I'm looking for something that has more of an electronic and jazz influence.","In that case, I would recommend 'BIG BABY - BIG BABY'. This track combines elements of Hip-Hop, electronic, rock, and jazz, giving it a unique and dynamic sound. It's a great choice if you're looking for a track with an electronic and jazz influence.","In that case, I would recommend 'E.RillA - WoodGrain'. This track has a great electronic and jazz influence, and it also supports a good cause as half of the proceeds earned from this record will be donated for Cancer Awareness. You can find it on iTunes.","In that case, I would recommend 'DILL FLOCKA - BON REMIX' shot by @DIRECTORKMAC. This track has a unique blend of Hip-Hop, electronic, ambient, rock, and jazz. It offers a more atmospheric and experimental sound that will add an interesting dimension to your video.",,,,,,0,0,top1_generation_prompt_text_changed_only_precomputed_text_feature_unchanged
3126,pDwBFbI3j8k,pDwBFbI3j8k_Uy_BogBCpp8,dkI_4At4TI4_AmpjMHhOlEk,dkI_4At4TI4,0,17,cf_upbeat_electronic,top1_prompt_level_preference_counterfactual,original,top1_reference,"I prefer upbeat electronic background music with a bright mood, clear rhythm, energetic beats, and a modern dance or pop feeling.","Sounds good, but I'm looking for something that has more of an electronic and jazz influence.","Based on your preferences, I recommend 'Bright Lights' by Young Chop. It's a track from the album 'Bright Lights' by Young Chop. This song combines elements of Hip-Hop, electronic, rock, and pop, with a dance vibe. It has a techno and electronic sound with a fast beat, which aligns well with your requirements.","In that case, I would recommend 'E.RillA - WoodGrain'. This track has a great electronic and jazz influence, and it also supports a good cause as half of the proceeds earned from this record will be donated for Cancer Awareness. You can find it on iTunes.","In that case, I would recommend 'DILL FLOCKA - BON REMIX' shot by @DIRECTORKMAC. This track has a unique blend of Hip-Hop, electronic, ambient, rock, and jazz. It offers a more atmospheric and experimental sound that will add an interesting dimension to your video.",,,,,,0,0,top1_generation_prompt_text_changed_only_precomputed_text_feature_unchanged
3126,pDwBFbI3j8k,pDwBFbI3j8k_Uy_BogBCpp8,dkI_4At4TI4_AmpjMHhOlEk,dkI_4At4TI4,0,17,cf_lyrical_piano,top1_prompt_level_preference_counterfactual,original,top1_reference,"I prefer lyrical piano background music with a slow tempo, soft acoustic texture, gentle melody, and a calm sentimental mood.","Sounds good, but I'm looking for something that has more of an electronic and jazz influence.","In that case, I would recommend 'I'm Good' by Young Chop. This track has a lyrical piano background and falls under the genres of Hip-Hop, rock, electronic, and alternative. It has a slow tempo and features a soft acoustic texture, creating a gentle melody and a calm, sentimental mood.","In that case, I would recommend 'E.RillA - WoodGrain'. This track has a great electronic and jazz influence, and it also supports a good cause as half of the proceeds earned from this record will be donated for Cancer Awareness. You can find it on iTunes.","In that case, I would recommend 'DILL FLOCKA - BON REMIX' shot by @DIRECTORKMAC. This track has a unique blend of Hip-Hop, electronic, ambient, rock, and jazz. It offers a more atmospheric and experimental sound that will add an interesting dimension to your video.",,,,,,0,0,top1_generation_prompt_text_changed_only_precomputed_text_feature_unchanged
3129,TcfxyMRLVRg,TcfxyMRLVRg_U9CmRdMAtIc,FlyNmLKmots_bvJFKKckbQU,FlyNmLKmots,0,3,original,top1_prompt_level_preference_counterfactual,original,top1_reference,"That sounds great, but I would like to incorporate some elements of Michelle Chen's music style into the recommendation. She is known for her pop and rock music with indie and folk influences. I also prefer female vocals.","That sounds great, but I would like to incorporate some elements of Michelle Chen's music style into the recommendation. She is known for her pop and rock music with indie and folk influences. I also prefer female vocals.","Allow me to recommend '寂寞的季節' by Michelle Chen. It's a track from her album '寂寞的季節'. The song combines elements of pop, rock, and indie with a touch of folk. Michelle Chen's distinctive female vocals add a unique flavor to the track.","Allow me to recommend '懸崖上的玫瑰' by 陳妍希. It's a track from her album 'Me, Myself, and I'. The song combines elements of pop and rock with indie and folk influences, and features Michelle Chen's distinctive female vocals. It could be a fitting choice for your video project.","Allow me to recommend 'Someone Like You' by Adele. It's a track from her album 'Someone Like You'. This song showcases Adele's exceptional vocal abilities and heartfelt lyrics. It falls under the genres of pop, rock, and indie with elements of folk. I believe it will add a touch of emotion and depth to your video.",Someone Like You,Adele,0,0,0,1,0,top1_generation_prompt_text_changed_only_precomputed_text_feature_unchanged
3129,TcfxyMRLVRg,TcfxyMRLVRg_U9CmRdMAtIc,FlyNmLKmots_bvJFKKckbQU,FlyNmLKmots,0,3,cf_upbeat_electronic,top1_prompt_level_preference_counterfactual,original,top1_reference,"I prefer upbeat electronic background music with a bright mood, clear rhythm, energetic beats, and a modern dance or pop feeling.","That sounds great, but I would like to incorporate some elements of Michelle Chen's music style into the recommendation. She is known for her pop and rock music with indie and folk influences. I also prefer female vocals.","In that case, I would recommend 'Someone Like You' by Adele. This track is a beautiful rendition of the original song and features Adele's powerful vocals. It falls under the genres of pop, folk, rock, and indie, which align with your preferences. It has a slow tempo and heartfelt lyrics that can add depth to your video.","Allow me to recommend '懸崖上的玫瑰' by 陳妍希. It's a track from her album 'Me, Myself, and I'. The song combines elements of pop and rock with indie and folk influences, and features Michelle Chen's distinctive female vocals. It could be a fitting choice for your video project.","Allow me to recommend 'Someone Like You' by Adele. It's a track from her album 'Someone Like You'. This song showcases Adele's exceptional vocal abilities and heartfelt lyrics. It falls under the genres of pop, rock, and indie with elements of folk. I believe it will add a touch of emotion and depth to your video.",Someone Like You,Adele,1,1,1,0,0,top1_generation_prompt_text_changed_only_precomputed_text_feature_unchanged
3129,TcfxyMRLVRg,TcfxyMRLVRg_U9CmRdMAtIc,FlyNmLKmots_bvJFKKckbQU,FlyNmLKmots,0,3,cf_lyrical_piano,top1_prompt_level_preference_counterfactual,original,top1_reference,"I prefer lyrical piano background music with a slow tempo, soft acoustic texture, gentle melody, and a calm sentimental mood.","That sounds great, but I would like to incorporate some elements of Michelle Chen's music style into the recommendation. She is known for her pop and rock music with indie and folk influences. I also prefer female vocals.","In that case, I recommend 'Someone Like You' by Adele. It's a beautiful song with lyrical piano and a slow tempo. The soft acoustic texture and gentle melody create a sentimental mood that could be a perfect fit for your video.","Allow me to recommend '懸崖上的玫瑰' by 陳妍希. It's a track from her album 'Me, Myself, and I'. The song combines elements of pop and rock with indie and folk influences, and features Michelle Chen's distinctive female vocals. It could be a fitting choice for your video project.","Allow me to recommend 'Someone Like You' by Adele. It's a track from her album 'Someone Like You'. This song showcases Adele's exceptional vocal abilities and heartfelt lyrics. It falls under the genres of pop, rock, and indie with elements of folk. I believe it will add a touch of emotion and depth to your video.",Someone Like You,Adele,1,1,1,0,0,top1_generation_prompt_text_changed_only_precomputed_text_feature_unchanged
3135,yCDcZ9UtIWg,yCDcZ9UtIWg_Hl-pSwEXlFw,5Sh12AIUAm8_TXNGV1C73EM,5Sh12AIUAm8,0,19,original,top1_prompt_level_preference_counterfactual,original,top1_reference,"That sounds great, but I would like to incorporate a bit more of YRS Thug Brothers' style. I'm interested in their hip-hop and rock components. I'm also looking for a male artist with a similar electronic and dance sound.","That sounds great, but I would like to incorporate a bit more of YRS Thug Brothers' style. I'm interested in their hip-hop and rock components. I'm also looking for a male artist with a similar electronic and dance sound.","Allow me to recommend 'I'm A Thug' by YRS Thug Brothers. It's a track from their album 'I'm A Thug'. It combines elements of hip-hop, electronic, and rock with a male vocal. The song has a fast-paced and energetic sound, which aligns well with the electronic and dance elements you're looking for.","Allow me to recommend 'It's Up' by YRS Thug Brothers. It's a hip-hop track from their album 'Bloodline Reloaded'. The song features Lil B and 1500 Weezy and combines elements of hip-hop, rock, and electronic dance music. It has a fast-paced and techno-influenced sound, which aligns well with the energetic and electronic vibe you're looking for in a male artist.","Allow me to recommend 'All I Do Is Trap' by LNM. It's a track from their new mixtape 'Trapn N Rapn'. The song combines hip-hop, electronic and soul elements, creating a unique and dynamic sound. It's fast-paced and features a female vocal, which adds to the overall energy of the track.",All I Do Is Trap,LNM,0,0,0,1,0,top1_generation_prompt_text_changed_only_precomputed_text_feature_unchanged
3135,yCDcZ9UtIWg,yCDcZ9UtIWg_Hl-pSwEXlFw,5Sh12AIUAm8_TXNGV1C73EM,5Sh12AIUAm8,0,19,cf_upbeat_electronic,top1_prompt_level_preference_counterfactual,original,top1_reference,"I prefer upbeat electronic background music with a bright mood, clear rhythm, energetic beats, and a modern dance or pop feeling.","That sounds great, but I would like to incorporate a bit more of YRS Thug Brothers' style. I'm interested in their hip-hop and rock components. I'm also looking for a male artist with a similar electronic and dance sound.","In that case, I would recommend 'Trap' by LNM. This track is a perfect fit for your needs as it combines elements of Hip-Hop, electronic, dance, pop, and rock. It has a fast-paced rhythm and a catchy beat that will add energy to your video.","Allow me to recommend 'It's Up' by YRS Thug Brothers. It's a hip-hop track from their album 'Bloodline Reloaded'. The song features Lil B and 1500 Weezy and combines elements of hip-hop, rock, and electronic dance music. It has a fast-paced and techno-influenced sound, which aligns well with the energetic and electronic vibe you're looking for in a male artist.","Allow me to recommend 'All I Do Is Trap' by LNM. It's a track from their new mixtape 'Trapn N Rapn'. The song combines hip-hop, electronic and soul elements, creating a unique and dynamic sound. It's fast-paced and features a female vocal, which adds to the overall energy of the track.",All I Do Is Trap,LNM,0,1,0,1,0,top1_generation_prompt_text_changed_only_precomputed_text_feature_unchanged
3135,yCDcZ9UtIWg,yCDcZ9UtIWg_Hl-pSwEXlFw,5Sh12AIUAm8_TXNGV1C73EM,5Sh12AIUAm8,0,19,cf_lyrical_piano,top1_prompt_level_preference_counterfactual,original,top1_reference,"I prefer lyrical piano background music with a slow tempo, soft acoustic texture, gentle melody, and a calm sentimental mood.","That sounds great, but I would like to incorporate a bit more of YRS Thug Brothers' style. I'm interested in their hip-hop and rock components. I'm also looking for a male artist with a similar electronic and dance sound.","100% I recommend 'All I Do Is Trap' by LNM. It's a track that combines hip-hop, electronic, and rock elements with a slow tempo and a soft acoustic texture. The song has a gentle melody and a calm, sentimental mood that could be a perfect fit for your video.","Allow me to recommend 'It's Up' by YRS Thug Brothers. It's a hip-hop track from their album 'Bloodline Reloaded'. The song features Lil B and 1500 Weezy and combines elements of hip-hop, rock, and electronic dance music. It has a fast-paced and techno-influenced sound, which aligns well with the energetic and electronic vibe you're looking for in a male artist.","Allow me to recommend 'All I Do Is Trap' by LNM. It's a track from their new mixtape 'Trapn N Rapn'. The song combines hip-hop, electronic and soul elements, creating a unique and dynamic sound. It's fast-paced and features a female vocal, which adds to the overall energy of the track.",All I Do Is Trap,LNM,1,1,1,0,0,top1_generation_prompt_text_changed_only_precomputed_text_feature_unchanged
3170,pT9lqqvBsdo,pT9lqqvBsdo_iF7HM0jzDP8,IpmaSjVtu0s_zUY1PwmgYQk,IpmaSjVtu0s,0,2,original,top1_prompt_level_preference_counterfactual,original,top1_reference,"That sounds great! However, I'm looking for something more on the electronic side with a mix of techno and synth. Do you have any suggestions?","That sounds great! However, I'm looking for something more on the electronic side with a mix of techno and synth. Do you have any suggestions?",Absolutely! I recommend 'The Rush (Original Mix)' by DJs From Mars. This track is a perfect fit for your video as it falls under the electronic genre with elements of techno and synth. It has a fast-paced and energetic vibe that will add excitement to your video.,"Absolutely! If you're looking for a blend of techno and synth, then I recommend 'Show Ning Lab Presents Th3 Asian Affair'. This track was performed by various DJs at an event in 2013. It features a mix of electronic and electro elements, with fast-paced beats and a vibrant atmosphere. It's the perfect choice for your video.","Certainly! If you're looking for an upbeat and energetic track, I would recommend 'DJ Smash - The Edge' ft. Livingstone. This electronic dance track has a mix of house, electro, and pop influences that create a catchy and lively tune. It's perfect for adding a high-energy vibe to your video.",,,,,,0,0,top1_generation_prompt_text_changed_only_precomputed_text_feature_unchanged
3170,pT9lqqvBsdo,pT9lqqvBsdo_iF7HM0jzDP8,IpmaSjVtu0s_zUY1PwmgYQk,IpmaSjVtu0s,0,2,cf_upbeat_electronic,top1_prompt_level_preference_counterfactual,original,top1_reference,"I prefer upbeat electronic background music with a bright mood, clear rhythm, energetic beats, and a modern dance or pop feeling.","That sounds great! However, I'm looking for something more on the electronic side with a mix of techno and synth. Do you have any suggestions?","Based on your preferences, I recommend 'Sunrise (Radio Edit)' by DJ Antoine feat. U-Jean. It's a track from the album 'Sunrise'. This song combines elements of electronic, dance, house, and pop, with a techno and fast-paced beat. It has a bright and energetic vibe that aligns well with your requirements.","Absolutely! If you're looking for a blend of techno and synth, then I recommend 'Show Ning Lab Presents Th3 Asian Affair'. This track was performed by various DJs at an event in 2013. It features a mix of electronic and electro elements, with fast-paced beats and a vibrant atmosphere. It's the perfect choice for your video.","Certainly! If you're looking for an upbeat and energetic track, I would recommend 'DJ Smash - The Edge' ft. Livingstone. This electronic dance track has a mix of house, electro, and pop influences that create a catchy and lively tune. It's perfect for adding a high-energy vibe to your video.",,,,,,0,0,top1_generation_prompt_text_changed_only_precomputed_text_feature_unchanged
3170,pT9lqqvBsdo,pT9lqqvBsdo_iF7HM0jzDP8,IpmaSjVtu0s_zUY1PwmgYQk,IpmaSjVtu0s,0,2,cf_lyrical_piano,top1_prompt_level_preference_counterfactual,original,top1_reference,"I prefer lyrical piano background music with a slow tempo, soft acoustic texture, gentle melody, and a calm sentimental mood.","That sounds great! However, I'm looking for something more on the electronic side with a mix of techno and synth. Do you have any suggestions?","In that case, I would recommend 'Love Is Gone' by David Guetta feat. Chris Willis. This track is a perfect fit for your video as it combines electronic, dance, house, and pop genres. It has a lyrical piano background and a slow tempo, creating a soothing and sentimental atmosphere.","Absolutely! If you're looking for a blend of techno and synth, then I recommend 'Show Ning Lab Presents Th3 Asian Affair'. This track was performed by various DJs at an event in 2013. It features a mix of electronic and electro elements, with fast-paced beats and a vibrant atmosphere. It's the perfect choice for your video.","Certainly! If you're looking for an upbeat and energetic track, I would recommend 'DJ Smash - The Edge' ft. Livingstone. This electronic dance track has a mix of house, electro, and pop influences that create a catchy and lively tune. It's perfect for adding a high-energy vibe to your video.",,,,,,0,0,top1_generation_prompt_text_changed_only_precomputed_text_feature_unchanged
3225,QtCxsZNx8pE,QtCxsZNx8pE_zmWpJONAYzU,1xR0sETlRUk_0i-rMcRQ7No,1xR0sETlRUk,0,16,original,top1_prompt_level_preference_counterfactual,original,top1_reference,"That sounds great, I like the rock and electronic types in your music recommendations. But I would like to incorporate a bit more of Couturier's distinctive style, especially their experimental components. I'm also interested in guitar and techno influences.","That sounds great, I like the rock and electronic types in your music recommendations. But I would like to incorporate a bit more of Couturier's distinctive style, especially their experimental components. I'm also interested in guitar and techno influences.","Allow me to recommend 'The Last Day' by Couturier. It's a track from their album 'The Last Day'. It combines elements of metal, rock, and experimental genres with fast-paced guitar and techno beats that could be a fitting choice for your video. It was recorded in 2012 which may contain the specific element you want.","Allow me to recommend 'Comme un seul homme' by Couturier. It's the title track from their album 'Comme un seul homme'. The song combines elements of indie rock, alternative, and experimental genres. It has a rock vibe with loud guitar and techno elements, which could be a fitting choice for your video.","In that case, I would recommend 'Ezekiel (The Visionary)' by For Today. This track falls under the metal, heavy metal, rock, punk, and hard rock genres. It has a powerful and intense sound that would add a heavy and aggressive vibe to your video. It's part of the album 'Portraits'.",Ezekiel (The Visionary),For Today,0,0,0,1,0,top1_generation_prompt_text_changed_only_precomputed_text_feature_unchanged
3225,QtCxsZNx8pE,QtCxsZNx8pE_zmWpJONAYzU,1xR0sETlRUk_0i-rMcRQ7No,1xR0sETlRUk,0,16,cf_upbeat_electronic,top1_prompt_level_preference_counterfactual,original,top1_reference,"I prefer upbeat electronic background music with a bright mood, clear rhythm, energetic beats, and a modern dance or pop feeling.","That sounds great, I like the rock and electronic types in your music recommendations. But I would like to incorporate a bit more of Couturier's distinctive style, especially their experimental components. I'm also interested in guitar and techno influences.",10000000000000000000000000000000000000000000000000000000000000000000000000000000000000000000000000000000000000000000000000000000,"Allow me to recommend 'Comme un seul homme' by Couturier. It's the title track from their album 'Comme un seul homme'. The song combines elements of indie rock, alternative, and experimental genres. It has a rock vibe with loud guitar and techno elements, which could be a fitting choice for your video.","In that case, I would recommend 'Ezekiel (The Visionary)' by For Today. This track falls under the metal, heavy metal, rock, punk, and hard rock genres. It has a powerful and intense sound that would add a heavy and aggressive vibe to your video. It's part of the album 'Portraits'.",Ezekiel (The Visionary),For Today,0,0,0,1,0,top1_generation_prompt_text_changed_only_precomputed_text_feature_unchanged
3225,QtCxsZNx8pE,QtCxsZNx8pE_zmWpJONAYzU,1xR0sETlRUk_0i-rMcRQ7No,1xR0sETlRUk,0,16,cf_lyrical_piano,top1_prompt_level_preference_counterfactual,original,top1_reference,"I prefer lyrical piano background music with a slow tempo, soft acoustic texture, gentle melody, and a calm sentimental mood.","That sounds great, I like the rock and electronic types in your music recommendations. But I would like to incorporate a bit more of Couturier's distinctive style, especially their experimental components. I'm also interested in guitar and techno influences.",10000000000000000000000000000000000000000000000000000000000000000000000000000000000000000000000000000000000000000000000000000000,"Allow me to recommend 'Comme un seul homme' by Couturier. It's the title track from their album 'Comme un seul homme'. The song combines elements of indie rock, alternative, and experimental genres. It has a rock vibe with loud guitar and techno elements, which could be a fitting choice for your video.","In that case, I would recommend 'Ezekiel (The Visionary)' by For Today. This track falls under the metal, heavy metal, rock, punk, and hard rock genres. It has a powerful and intense sound that would add a heavy and aggressive vibe to your video. It's part of the album 'Portraits'.",Ezekiel (The Visionary),For Today,0,0,0,1,0,top1_generation_prompt_text_changed_only_precomputed_text_feature_unchanged
3243,mgP4sPHu0mU,mgP4sPHu0mU_8L3KkaMjYaw,avsAdXlRuhM_JaqRsPHA-7s,avsAdXlRuhM,0,94,original,top1_prompt_level_preference_counterfactual,original,top1_reference,"That sounds great! I'm particularly interested in incorporating elements of Hip-Hop, electronic, and synth into the music. Can you suggest something that aligns with these preferences?","That sounds great! I'm particularly interested in incorporating elements of Hip-Hop, electronic, and synth into the music. Can you suggest something that aligns with these preferences?","Allow me to recommend 'Shap Shap Ball Hard' by D-Love ft Deezy D. It's a track from their album 'Shap Shap Ball Hard'. This song combines elements of Hip-Hop, electronic, and dance with a touch of rock and pop. It has a fast-paced techno beat and synth-driven sound that could be a fitting choice for your video.","Allow me to recommend 'Bad Girl' by HeatWave. Although I don't have much information about the track, it falls under the genres of Hip-Hop, electronic, and rock, with indie and alternative influences. It may have the elements you're looking for, such as electronic beats and synth sounds.","Certainly! How about 'Shap Shap Ball Hard' by D-Love ft Deezy D? It's a track with hip-hop, electronic, dance, and pop elements. The song has a fast-paced beat and synth sound which could add a unique touch to your video.",Shap Shap Ball Hard,D-Love ft Deezy D,1,1,1,0,0,top1_generation_prompt_text_changed_only_precomputed_text_feature_unchanged
3243,mgP4sPHu0mU,mgP4sPHu0mU_8L3KkaMjYaw,avsAdXlRuhM_JaqRsPHA-7s,avsAdXlRuhM,0,94,cf_upbeat_electronic,top1_prompt_level_preference_counterfactual,original,top1_reference,"I prefer upbeat electronic background music with a bright mood, clear rhythm, energetic beats, and a modern dance or pop feeling.","That sounds great! I'm particularly interested in incorporating elements of Hip-Hop, electronic, and synth into the music. Can you suggest something that aligns with these preferences?","Based on your preferences, I recommend 'Shap Shap Ball Hard' by D-Love ft Deezy D. It's a track from the album 'Shap Shap Ball Hard' and combines elements of Hip-Hop, electronic, dance, and pop. The song has a fast-paced beat and a catchy rhythm that could be a great fit for your video.","Allow me to recommend 'Bad Girl' by HeatWave. Although I don't have much information about the track, it falls under the genres of Hip-Hop, electronic, and rock, with indie and alternative influences. It may have the elements you're looking for, such as electronic beats and synth sounds.","Certainly! How about 'Shap Shap Ball Hard' by D-Love ft Deezy D? It's a track with hip-hop, electronic, dance, and pop elements. The song has a fast-paced beat and synth sound which could add a unique touch to your video.",Shap Shap Ball Hard,D-Love ft Deezy D,1,1,1,0,0,top1_generation_prompt_text_changed_only_precomputed_text_feature_unchanged
3243,mgP4sPHu0mU,mgP4sPHu0mU_8L3KkaMjYaw,avsAdXlRuhM_JaqRsPHA-7s,avsAdXlRuhM,0,94,cf_lyrical_piano,top1_prompt_level_preference_counterfactual,original,top1_reference,"I prefer lyrical piano background music with a slow tempo, soft acoustic texture, gentle melody, and a calm sentimental mood.","That sounds great! I'm particularly interested in incorporating elements of Hip-Hop, electronic, and synth into the music. Can you suggest something that aligns with these preferences?","Allow me to recommend 'Shap Shap Ball Hard' by D-Love ft Deezy D. It's a track from their album 'Shap Shap Ball Hard'. This song combines elements of hip-hop, electronic, and R&B with a slow tempo and a lyrical piano. It has a soft acoustic texture and a calm, sentimental mood that could be a fitting choice for your video.","Allow me to recommend 'Bad Girl' by HeatWave. Although I don't have much information about the track, it falls under the genres of Hip-Hop, electronic, and rock, with indie and alternative influences. It may have the elements you're looking for, such as electronic beats and synth sounds.","Certainly! How about 'Shap Shap Ball Hard' by D-Love ft Deezy D? It's a track with hip-hop, electronic, dance, and pop elements. The song has a fast-paced beat and synth sound which could add a unique touch to your video.",Shap Shap Ball Hard,D-Love ft Deezy D,1,1,1,0,0,top1_generation_prompt_text_changed_only_precomputed_text_feature_unchanged
3256,cqoeZEweGy4,cqoeZEweGy4_HYgZR5EiTsM,fe6kQztLiYM_yhXIF0H0oBs,fe6kQztLiYM,0,101,original,top1_prompt_level_preference_counterfactual,original,top1_reference,"That sounds great, but I'd also like to incorporate hip-hop and R&B elements into my video. Do you have any recommendations?","That sounds great, but I'd also like to incorporate hip-hop and R&B elements into my video. Do you have any recommendations?",Certainly! How about 'Mi Vida' by Colapso ft Jimmy P? It's a hip-hop track with electronic and R&B influences. The song has a catchy beat and combines elements of pop and dance as well. It could be a fitting choice for your video.,"Let me recommend 'Uradi pravu stvar' by I.BEE feat. Magdalena. It's a track categorized as hip-hop, soul, and R&B with female vocals. Although I don't have much information about this specific track, it could be a good fit for your video considering the hip-hop and R&B elements you mentioned.","Certainly! You may consider 'Outra Face' by Colapso ft Jimmy P. It's a track that combines Hip-Hop, electronic, and pop genres. Although I don't have specific information about the album, artists, or release date, the song's description mentions electronic and dance elements that can add the desired electronic touch to your video.",Outra Face,Colapso ft Jimmy P,0,1,0,1,0,top1_generation_prompt_text_changed_only_precomputed_text_feature_unchanged
3256,cqoeZEweGy4,cqoeZEweGy4_HYgZR5EiTsM,fe6kQztLiYM_yhXIF0H0oBs,fe6kQztLiYM,0,101,cf_upbeat_electronic,top1_prompt_level_preference_counterfactual,original,top1_reference,"I prefer upbeat electronic background music with a bright mood, clear rhythm, energetic beats, and a modern dance or pop feeling.","That sounds great, but I'd also like to incorporate hip-hop and R&B elements into my video. Do you have any recommendations?","Allow me to recommend 'Mi Vida' by Colapso ft Jimmy P. It's a track from their album 'Mi Vida'. It combines elements of hip-hop, electronic, and pop with a dance and R&B vibe. The song has a techno and electronic sound with a fast-paced beat that could be a fitting choice for your video.","Let me recommend 'Uradi pravu stvar' by I.BEE feat. Magdalena. It's a track categorized as hip-hop, soul, and R&B with female vocals. Although I don't have much information about this specific track, it could be a good fit for your video considering the hip-hop and R&B elements you mentioned.","Certainly! You may consider 'Outra Face' by Colapso ft Jimmy P. It's a track that combines Hip-Hop, electronic, and pop genres. Although I don't have specific information about the album, artists, or release date, the song's description mentions electronic and dance elements that can add the desired electronic touch to your video.",Outra Face,Colapso ft Jimmy P,0,1,0,1,0,top1_generation_prompt_text_changed_only_precomputed_text_feature_unchanged
3256,cqoeZEweGy4,cqoeZEweGy4_HYgZR5EiTsM,fe6kQztLiYM_yhXIF0H0oBs,fe6kQztLiYM,0,101,cf_lyrical_piano,top1_prompt_level_preference_counterfactual,original,top1_reference,"I prefer lyrical piano background music with a slow tempo, soft acoustic texture, gentle melody, and a calm sentimental mood.","That sounds great, but I'd also like to incorporate hip-hop and R&B elements into my video. Do you have any recommendations?","Allow me to recommend 'Mi Vida' by Colapso ft Jimmy P. It's a track from their album 'Mi Vida'. It combines elements of hip-hop, R&B, pop, and electronic with a slow tempo and a piano-driven sound. The song has a lyrical and emotional vibe that could be a fitting choice for your video.","Let me recommend 'Uradi pravu stvar' by I.BEE feat. Magdalena. It's a track categorized as hip-hop, soul, and R&B with female vocals. Although I don't have much information about this specific track, it could be a good fit for your video considering the hip-hop and R&B elements you mentioned.","Certainly! You may consider 'Outra Face' by Colapso ft Jimmy P. It's a track that combines Hip-Hop, electronic, and pop genres. Although I don't have specific information about the album, artists, or release date, the song's description mentions electronic and dance elements that can add the desired electronic touch to your video.",Outra Face,Colapso ft Jimmy P,0,1,0,1,0,top1_generation_prompt_text_changed_only_precomputed_text_feature_unchanged
3271,fnbjTTxMN0I,fnbjTTxMN0I_HKo7DEOjXng,g3PP7sMm97E_mULTg66ChTE,g3PP7sMm97E,0,6,original,top1_prompt_level_preference_counterfactual,original,top1_reference,"That sounds great, but I'm also interested in incorporating some elements of hip-hop and soul into the music. Do you have any recommendations that fit these genres as well?","That sounds great, but I'm also interested in incorporating some elements of hip-hop and soul into the music. Do you have any recommendations that fit these genres as well?","Allow me to recommend 'La Estirpe Rap' by La Estirpe Rap. It's a track that combines elements of hip-hop, electronic, and soul. Although I don't have much information about the specific album or artists, this song might be a fitting choice for your video.","Certainly! How about 'Say Oh !!!' by Mr. Foxxx? It's a hip-hop and R&B track with pop and electronic elements. Although I don't have much information about the specific album or release, the song itself combines the genres you mentioned, and it might be a good fit for your video.","Sure, let me suggest 'He Visto un OVNI' by La Estirpe Rap. It's a track from their album 'Historias Extrañas' released in 2010. This song blends hip-hop and funk with electronic elements, creating a unique and captivating sound. It's a free download and can add a groovy and soulful vibe to your video.",He Visto un OVNI,La Estirpe Rap,0,1,0,1,0,top1_generation_prompt_text_changed_only_precomputed_text_feature_unchanged
3271,fnbjTTxMN0I,fnbjTTxMN0I_HKo7DEOjXng,g3PP7sMm97E_mULTg66ChTE,g3PP7sMm97E,0,6,cf_upbeat_electronic,top1_prompt_level_preference_counterfactual,original,top1_reference,"I prefer upbeat electronic background music with a bright mood, clear rhythm, energetic beats, and a modern dance or pop feeling.","That sounds great, but I'm also interested in incorporating some elements of hip-hop and soul into the music. Do you have any recommendations that fit these genres as well?","Based on your preferences, I recommend the track 'He Visto un OVNI' by La Estirpe Rap. It's a hip-hop and electronic song with elements of pop and dance. The track has a fast-paced beat and a catchy rhythm that can add energy to your video.","Certainly! How about 'Say Oh !!!' by Mr. Foxxx? It's a hip-hop and R&B track with pop and electronic elements. Although I don't have much information about the specific album or release, the song itself combines the genres you mentioned, and it might be a good fit for your video.","Sure, let me suggest 'He Visto un OVNI' by La Estirpe Rap. It's a track from their album 'Historias Extrañas' released in 2010. This song blends hip-hop and funk with electronic elements, creating a unique and captivating sound. It's a free download and can add a groovy and soulful vibe to your video.",He Visto un OVNI,La Estirpe Rap,1,1,1,0,0,top1_generation_prompt_text_changed_only_precomputed_text_feature_unchanged
3271,fnbjTTxMN0I,fnbjTTxMN0I_HKo7DEOjXng,g3PP7sMm97E_mULTg66ChTE,g3PP7sMm97E,0,6,cf_lyrical_piano,top1_prompt_level_preference_counterfactual,original,top1_reference,"I prefer lyrical piano background music with a slow tempo, soft acoustic texture, gentle melody, and a calm sentimental mood.","That sounds great, but I'm also interested in incorporating some elements of hip-hop and soul into the music. Do you have any recommendations that fit these genres as well?","Allow me to recommend 'He Visto un OVNI' by La Estirpe Rap. It's a track from their album 'La Estirpe Rap'. It combines elements of hip-hop, electronic, and rock with a slow tempo and a piano-driven sound. The song has a lyrical and emotional vibe that could be a fitting choice for your video.","Certainly! How about 'Say Oh !!!' by Mr. Foxxx? It's a hip-hop and R&B track with pop and electronic elements. Although I don't have much information about the specific album or release, the song itself combines the genres you mentioned, and it might be a good fit for your video.","Sure, let me suggest 'He Visto un OVNI' by La Estirpe Rap. It's a track from their album 'Historias Extrañas' released in 2010. This song blends hip-hop and funk with electronic elements, creating a unique and captivating sound. It's a free download and can add a groovy and soulful vibe to your video.",He Visto un OVNI,La Estirpe Rap,1,1,1,0,0,top1_generation_prompt_text_changed_only_precomputed_text_feature_unchanged
3290,6fAbkc0sdtA,6fAbkc0sdtA_3L1cePInKU8,6fAbkc0sdtA_3L1cePInKU8,6fAbkc0sdtA,1,1,original,top1_prompt_level_preference_counterfactual,original,top1_reference,That sounds great! I'm also interested in incorporating some chillout vibes and female vocalists in the music. Do you have any recommendations that align with these preferences?,That sounds great! I'm also interested in incorporating some chillout vibes and female vocalists in the music. Do you have any recommendations that align with these preferences?,"Allow me to recommend 'When You Cry' by Desi Mo. It's a chillout track with elements of hip-hop, electronic, and soul. The song features female vocals and has a relaxed and soothing vibe that could be a fitting choice for your video.","Certainly! I recommend 'When You Cry' by Desi Mo. It's a cover of Frank Ocean's 'We All Try' and features Desi Mo's unique style. The track combines elements of hip-hop, electronic, and R&B with chillout vibes and powerful female vocals. It could be a perfect fit for your video, adding a touch of relaxation and emotional depth.","Certainly! I recommend 'When You Cry' by Desi Mo. It's a cover of Frank Ocean's 'We All Try' and features Desi Mo's unique style. The track combines elements of hip-hop, electronic, and R&B with chillout vibes and powerful female vocals. It could be a perfect fit for your video, adding a touch of relaxation and emotional depth.",When You Cry,Desi Mo,1,1,1,0,0,top1_generation_prompt_text_changed_only_precomputed_text_feature_unchanged
3290,6fAbkc0sdtA,6fAbkc0sdtA_3L1cePInKU8,6fAbkc0sdtA_3L1cePInKU8,6fAbkc0sdtA,1,1,cf_upbeat_electronic,top1_prompt_level_preference_counterfactual,original,top1_reference,"I prefer upbeat electronic background music with a bright mood, clear rhythm, energetic beats, and a modern dance or pop feeling.",That sounds great! I'm also interested in incorporating some chillout vibes and female vocalists in the music. Do you have any recommendations that align with these preferences?,"Based on your preferences, I recommend 'When You Cry' by Desi Mo. It's a track from the album 'The Making of a King' and combines elements of Hip-Hop, electronic, and pop with a dance vibe. The song has a techno and electronic sound with a fast beat, which aligns well with your requirements.","Certainly! I recommend 'When You Cry' by Desi Mo. It's a cover of Frank Ocean's 'We All Try' and features Desi Mo's unique style. The track combines elements of hip-hop, electronic, and R&B with chillout vibes and powerful female vocals. It could be a perfect fit for your video, adding a touch of relaxation and emotional depth.","Certainly! I recommend 'When You Cry' by Desi Mo. It's a cover of Frank Ocean's 'We All Try' and features Desi Mo's unique style. The track combines elements of hip-hop, electronic, and R&B with chillout vibes and powerful female vocals. It could be a perfect fit for your video, adding a touch of relaxation and emotional depth.",When You Cry,Desi Mo,1,1,1,0,0,top1_generation_prompt_text_changed_only_precomputed_text_feature_unchanged
3290,6fAbkc0sdtA,6fAbkc0sdtA_3L1cePInKU8,6fAbkc0sdtA_3L1cePInKU8,6fAbkc0sdtA,1,1,cf_lyrical_piano,top1_prompt_level_preference_counterfactual,original,top1_reference,"I prefer lyrical piano background music with a slow tempo, soft acoustic texture, gentle melody, and a calm sentimental mood.",That sounds great! I'm also interested in incorporating some chillout vibes and female vocalists in the music. Do you have any recommendations that align with these preferences?,"Allow me to recommend 'When You Cry' by Desi Mo. It's a track from her album 'When You Cry'. It combines elements of hip-hop, soul, and R&B with a slow tempo and piano-driven melody. The song has a soothing and emotional vibe that could be a fitting choice for your video.","Certainly! I recommend 'When You Cry' by Desi Mo. It's a cover of Frank Ocean's 'We All Try' and features Desi Mo's unique style. The track combines elements of hip-hop, electronic, and R&B with chillout vibes and powerful female vocals. It could be a perfect fit for your video, adding a touch of relaxation and emotional depth.","Certainly! I recommend 'When You Cry' by Desi Mo. It's a cover of Frank Ocean's 'We All Try' and features Desi Mo's unique style. The track combines elements of hip-hop, electronic, and R&B with chillout vibes and powerful female vocals. It could be a perfect fit for your video, adding a touch of relaxation and emotional depth.",When You Cry,Desi Mo,1,1,1,0,0,top1_generation_prompt_text_changed_only_precomputed_text_feature_unchanged
3300,fVFgTzPNGM8,fVFgTzPNGM8_hyM348BSQEw,BI_KLqnQibA_HHBx6OG1HUE,BI_KLqnQibA,0,19,original,top1_prompt_level_preference_counterfactual,original,top1_reference,"That sounds great! I really like the techno and electronic elements in your music recommendations. However, I would like to incorporate a bit more of Eminem's distinctive style, especially his hip-hop and soul influences. I'm also interested in songs with a strong emotional message.","That sounds great! I really like the techno and electronic elements in your music recommendations. However, I would like to incorporate a bit more of Eminem's distinctive style, especially his hip-hop and soul influences. I'm also interested in songs with a strong emotional message.","Allow me to recommend 'Stan' by Eminem. It's a track from his album 'Stan'. It combines elements of hip-hop, soul, and rock with a strong emotional message. The song was released in 1999 and has a powerful and heartfelt vibe that could be a fitting choice for your video.","Allow me to recommend 'Mockingbird' by Eminem. It's a track from his album 'Mockingbird'. The song combines elements of hip-hop, soul, R&B, and electronic genres. It is dedicated to mothers and carries a strong emotional message. This could be a fitting choice for your video.","Allow me to recommend 'E-Class Showtime'. It's a track by E-Class, an artist from Upstate NY. Although there is no specific album or artist information available, the track falls under the hip-hop, soul, and R&B genres. It also features electronic elements and female vocals, which could add a unique touch to your video. The track was released as part of a 2-part music video series, including the hashtags #HoodieGang and #TheHoodies.",,,,,,0,0,top1_generation_prompt_text_changed_only_precomputed_text_feature_unchanged
3300,fVFgTzPNGM8,fVFgTzPNGM8_hyM348BSQEw,BI_KLqnQibA_HHBx6OG1HUE,BI_KLqnQibA,0,19,cf_upbeat_electronic,top1_prompt_level_preference_counterfactual,original,top1_reference,"I prefer upbeat electronic background music with a bright mood, clear rhythm, energetic beats, and a modern dance or pop feeling.","That sounds great! I really like the techno and electronic elements in your music recommendations. However, I would like to incorporate a bit more of Eminem's distinctive style, especially his hip-hop and soul influences. I'm also interested in songs with a strong emotional message.","In that case, I would recommend 'I'm Alive' by J.R. featuring J.R. and J.R. It's a track that combines elements of Hip-Hop, R&B, soul, and pop with a techno and electronic sound. The song has a fast beat and energetic drums that will give your video a modern and lively feel.","Allow me to recommend 'Mockingbird' by Eminem. It's a track from his album 'Mockingbird'. The song combines elements of hip-hop, soul, R&B, and electronic genres. It is dedicated to mothers and carries a strong emotional message. This could be a fitting choice for your video.","Allow me to recommend 'E-Class Showtime'. It's a track by E-Class, an artist from Upstate NY. Although there is no specific album or artist information available, the track falls under the hip-hop, soul, and R&B genres. It also features electronic elements and female vocals, which could add a unique touch to your video. The track was released as part of a 2-part music video series, including the hashtags #HoodieGang and #TheHoodies.",,,,,,0,0,top1_generation_prompt_text_changed_only_precomputed_text_feature_unchanged
3300,fVFgTzPNGM8,fVFgTzPNGM8_hyM348BSQEw,BI_KLqnQibA_HHBx6OG1HUE,BI_KLqnQibA,0,19,cf_lyrical_piano,top1_prompt_level_preference_counterfactual,original,top1_reference,"I prefer lyrical piano background music with a slow tempo, soft acoustic texture, gentle melody, and a calm sentimental mood.","That sounds great! I really like the techno and electronic elements in your music recommendations. However, I would like to incorporate a bit more of Eminem's distinctive style, especially his hip-hop and soul influences. I'm also interested in songs with a strong emotional message.","In that case, I would recommend 'I'm Still Here' by J.R. featuring J.R. It's a track that combines elements of Hip-Hop, soul, R&B, and pop with a slow tempo and a piano-driven sound. The song has a soothing and emotional vibe that could add depth to your video.","Allow me to recommend 'Mockingbird' by Eminem. It's a track from his album 'Mockingbird'. The song combines elements of hip-hop, soul, R&B, and electronic genres. It is dedicated to mothers and carries a strong emotional message. This could be a fitting choice for your video.","Allow me to recommend 'E-Class Showtime'. It's a track by E-Class, an artist from Upstate NY. Although there is no specific album or artist information available, the track falls under the hip-hop, soul, and R&B genres. It also features electronic elements and female vocals, which could add a unique touch to your video. The track was released as part of a 2-part music video series, including the hashtags #HoodieGang and #TheHoodies.",,,,,,0,0,top1_generation_prompt_text_changed_only_precomputed_text_feature_unchanged
3317,yN6J9nQSaJw,yN6J9nQSaJw_EZrv2vrQZXg,ualwCoJsBgQ_xs4otzLcvik,ualwCoJsBgQ,0,4,original,top1_prompt_level_preference_counterfactual,original,top1_reference,"That sounds great, but I'm also interested in incorporating elements of hip-hop, R&B, and electronic music into my project. Can you recommend something that aligns with these genres?","That sounds great, but I'm also interested in incorporating elements of hip-hop, R&B, and electronic music into my project. Can you recommend something that aligns with these genres?","Allow me to recommend 'I'm Sorry' by Dre Zee. It's a track from his album 'I'm Sorry'. This song combines elements of hip-hop, R&B, and electronic music, which could be a fitting choice for your project. It has a soulful and pop-influenced sound as well.","I understand your preference. How about checking out the music video for 'All Eyes on Green' by Shotta G featuring TRIXIE Le'Ray? It's a track from the Black & Mild Music Mixtape. This song combines elements of hip-hop, R&B, and electronic music, with female vocals adding a unique touch. It might be a suitable choice for your project.","Allow me to recommend 'Prayer' by Dre Zee. It's a track that falls under the genres of hip-hop, pop, and indie with elements of soul and rock. The song features guitar and manly vocals, which aligns well with the dynamic and soulful vibe you're looking for in your video.",Prayer,Dre Zee,0,1,0,1,0,top1_generation_prompt_text_changed_only_precomputed_text_feature_unchanged
3317,yN6J9nQSaJw,yN6J9nQSaJw_EZrv2vrQZXg,ualwCoJsBgQ_xs4otzLcvik,ualwCoJsBgQ,0,4,cf_upbeat_electronic,top1_prompt_level_preference_counterfactual,original,top1_reference,"I prefer upbeat electronic background music with a bright mood, clear rhythm, energetic beats, and a modern dance or pop feeling.","That sounds great, but I'm also interested in incorporating elements of hip-hop, R&B, and electronic music into my project. Can you recommend something that aligns with these genres?","In that case, I would recommend 'Prayer' by Dre Zee. This track has a bright mood, clear rhythm, energetic beats, and a modern dance or pop feeling. It's a perfect fit for your video.","I understand your preference. How about checking out the music video for 'All Eyes on Green' by Shotta G featuring TRIXIE Le'Ray? It's a track from the Black & Mild Music Mixtape. This song combines elements of hip-hop, R&B, and electronic music, with female vocals adding a unique touch. It might be a suitable choice for your project.","Allow me to recommend 'Prayer' by Dre Zee. It's a track that falls under the genres of hip-hop, pop, and indie with elements of soul and rock. The song features guitar and manly vocals, which aligns well with the dynamic and soulful vibe you're looking for in your video.",Prayer,Dre Zee,1,1,1,0,0,top1_generation_prompt_text_changed_only_precomputed_text_feature_unchanged
3317,yN6J9nQSaJw,yN6J9nQSaJw_EZrv2vrQZXg,ualwCoJsBgQ_xs4otzLcvik,ualwCoJsBgQ,0,4,cf_lyrical_piano,top1_prompt_level_preference_counterfactual,original,top1_reference,"I prefer lyrical piano background music with a slow tempo, soft acoustic texture, gentle melody, and a calm sentimental mood.","That sounds great, but I'm also interested in incorporating elements of hip-hop, R&B, and electronic music into my project. Can you recommend something that aligns with these genres?","In that case, I recommend 'Prayer' by Dre Zee. It's a track that combines elements of hip-hop, R&B, pop, and soul with a lyrical piano background. The song has a slow tempo, soft acoustic texture, and a gentle melody that creates a calm and sentimental mood.","I understand your preference. How about checking out the music video for 'All Eyes on Green' by Shotta G featuring TRIXIE Le'Ray? It's a track from the Black & Mild Music Mixtape. This song combines elements of hip-hop, R&B, and electronic music, with female vocals adding a unique touch. It might be a suitable choice for your project.","Allow me to recommend 'Prayer' by Dre Zee. It's a track that falls under the genres of hip-hop, pop, and indie with elements of soul and rock. The song features guitar and manly vocals, which aligns well with the dynamic and soulful vibe you're looking for in your video.",Prayer,Dre Zee,1,1,1,0,0,top1_generation_prompt_text_changed_only_precomputed_text_feature_unchanged
3346,xzeRWhp2HIc,xzeRWhp2HIc_gELSZUuDJrY,Zt9geSbUS78_tL5W-_qyDmQ,Zt9geSbUS78,0,12,original,top1_prompt_level_preference_counterfactual,original,top1_reference,"That sounds great, I like the electronic and techno influences in your recommendation. However, I would like to incorporate a bit more of Gosple's unique style, especially their hip-hop and alternative components. I'm also interested in male vocals.","That sounds great, I like the electronic and techno influences in your recommendation. However, I would like to incorporate a bit more of Gosple's unique style, especially their hip-hop and alternative components. I'm also interested in male vocals.","Allow me to recommend 'Gosple' by Prez featuring Alex Isaak. It's a track from their album 'Gosple'. It combines elements of hip-hop, rock, and alternative with male vocals. The song has a unique blend of electronic and techno sounds, which could be a fitting choice for your video.","Allow me to recommend 'V' by Gosple. Although I don't have much information about the track, Gosple is known for their hip-hop and alternative style, which aligns well with what you're looking for. The song may also feature male vocals, making it a fitting choice for your video.","Certainly! If you're looking for a track with a rock and alternative vibe, I would recommend 'Beautiful Nightmare' by Prez featuring Alex Isaak. This track is part of the album 'Pharaoh' by Reschad Oliver. It combines elements of Hip-Hop, rock, pop, and alternative to create a unique and captivating sound. The vocals are male, and there is also a strong presence of guitar in the track, which adds to the rock feel. It was released in 2014 and has a clean version available, making it suitable for your video.","re looking for a track with a rock and alternative vibe, I would recommend 'Beautiful Nightmare",Prez featuring Alex Isaak,0,1,0,1,0,top1_generation_prompt_text_changed_only_precomputed_text_feature_unchanged
3346,xzeRWhp2HIc,xzeRWhp2HIc_gELSZUuDJrY,Zt9geSbUS78_tL5W-_qyDmQ,Zt9geSbUS78,0,12,cf_upbeat_electronic,top1_prompt_level_preference_counterfactual,original,top1_reference,"I prefer upbeat electronic background music with a bright mood, clear rhythm, energetic beats, and a modern dance or pop feeling.","That sounds great, I like the electronic and techno influences in your recommendation. However, I would like to incorporate a bit more of Gosple's unique style, especially their hip-hop and alternative components. I'm also interested in male vocals.","In that case, I suggest you listen to 'Beautiful Nightmare' by Prez featuring Alex Isaak. This track combines elements of Hip-Hop, rock, and electronic music, giving it a unique and energetic sound. It has a fast-paced rhythm and a modern dance vibe that will add excitement to your video.","Allow me to recommend 'V' by Gosple. Although I don't have much information about the track, Gosple is known for their hip-hop and alternative style, which aligns well with what you're looking for. The song may also feature male vocals, making it a fitting choice for your video.","Certainly! If you're looking for a track with a rock and alternative vibe, I would recommend 'Beautiful Nightmare' by Prez featuring Alex Isaak. This track is part of the album 'Pharaoh' by Reschad Oliver. It combines elements of Hip-Hop, rock, pop, and alternative to create a unique and captivating sound. The vocals are male, and there is also a strong presence of guitar in the track, which adds to the rock feel. It was released in 2014 and has a clean version available, making it suitable for your video.","re looking for a track with a rock and alternative vibe, I would recommend 'Beautiful Nightmare",Prez featuring Alex Isaak,0,1,0,1,0,top1_generation_prompt_text_changed_only_precomputed_text_feature_unchanged
3346,xzeRWhp2HIc,xzeRWhp2HIc_gELSZUuDJrY,Zt9geSbUS78_tL5W-_qyDmQ,Zt9geSbUS78,0,12,cf_lyrical_piano,top1_prompt_level_preference_counterfactual,original,top1_reference,"I prefer lyrical piano background music with a slow tempo, soft acoustic texture, gentle melody, and a calm sentimental mood.","That sounds great, I like the electronic and techno influences in your recommendation. However, I would like to incorporate a bit more of Gosple's unique style, especially their hip-hop and alternative components. I'm also interested in male vocals.","Allow me to recommend 'Beautiful Nightmare' by Prez featuring Alex Isaak. It's a track from the album 'Beautiful Nightmare' and combines elements of hip-hop, rock, and alternative with a lyrical piano background. The song has a slow tempo, soft acoustic texture, and a gentle melody that creates a calm and sentimental mood.","Allow me to recommend 'V' by Gosple. Although I don't have much information about the track, Gosple is known for their hip-hop and alternative style, which aligns well with what you're looking for. The song may also feature male vocals, making it a fitting choice for your video.","Certainly! If you're looking for a track with a rock and alternative vibe, I would recommend 'Beautiful Nightmare' by Prez featuring Alex Isaak. This track is part of the album 'Pharaoh' by Reschad Oliver. It combines elements of Hip-Hop, rock, pop, and alternative to create a unique and captivating sound. The vocals are male, and there is also a strong presence of guitar in the track, which adds to the rock feel. It was released in 2014 and has a clean version available, making it suitable for your video.","re looking for a track with a rock and alternative vibe, I would recommend 'Beautiful Nightmare",Prez featuring Alex Isaak,0,1,0,1,0,top1_generation_prompt_text_changed_only_precomputed_text_feature_unchanged
3362,AVVxorwxecw,AVVxorwxecw_aAV_itgeW4w,rbEk8_g5a5M_-ey67-zHusQ,rbEk8_g5a5M,0,39,original,top1_prompt_level_preference_counterfactual,original,top1_reference,That sounds great! I also want to include some hip-hop and R&B influences in the music. Do you have any recommendations that incorporate these genres?,That sounds great! I also want to include some hip-hop and R&B influences in the music. Do you have any recommendations that incorporate these genres?,Certainly! How about 'Hoodilammass' by Teflon Brothers? It's a hip-hop track with electronic and R&B elements. The song has a catchy beat and combines the genres you mentioned. It could be a fitting choice for your video.,"Certainly! I suggest you consider 'RIGHT HERE' by Walter, Badu, Roccjuan, and Mistah-A.S.I. featuring Chamorro Rap. It's a track that combines elements of hip-hop, pop, and R&B with a touch of rock and electronic. This rendition of 'RIGHT HERE WAITING' by Richard Marx features Chamorro Rapper Pete 'Badu' Magofna and Mistah-A.S.I. It has a catchy vocal and electronic sound that could complement your video.","Allow me to recommend 'Hoodilammass' by Teflon Brothers. It's a track from their album 'Hoodilammass'. This song combines elements of Hip-Hop, electronic, rnb, and pop with a chillout vibe. It has synth and drum elements that add a unique touch to the music.",Hoodilammass,Teflon Brothers,1,1,1,0,0,top1_generation_prompt_text_changed_only_precomputed_text_feature_unchanged
3362,AVVxorwxecw,AVVxorwxecw_aAV_itgeW4w,rbEk8_g5a5M_-ey67-zHusQ,rbEk8_g5a5M,0,39,cf_upbeat_electronic,top1_prompt_level_preference_counterfactual,original,top1_reference,"I prefer upbeat electronic background music with a bright mood, clear rhythm, energetic beats, and a modern dance or pop feeling.",That sounds great! I also want to include some hip-hop and R&B influences in the music. Do you have any recommendations that incorporate these genres?,"Based on your preferences, I recommend 'Hoodilammass' by Teflon Brothers. It's a track from their album 'Hoodilammass'. This song combines elements of Hip-Hop, electronic, and pop with a danceable rhythm. It has a techno and electronic sound with a fast beat, which aligns well with your requirements.","Certainly! I suggest you consider 'RIGHT HERE' by Walter, Badu, Roccjuan, and Mistah-A.S.I. featuring Chamorro Rap. It's a track that combines elements of hip-hop, pop, and R&B with a touch of rock and electronic. This rendition of 'RIGHT HERE WAITING' by Richard Marx features Chamorro Rapper Pete 'Badu' Magofna and Mistah-A.S.I. It has a catchy vocal and electronic sound that could complement your video.","Allow me to recommend 'Hoodilammass' by Teflon Brothers. It's a track from their album 'Hoodilammass'. This song combines elements of Hip-Hop, electronic, rnb, and pop with a chillout vibe. It has synth and drum elements that add a unique touch to the music.",Hoodilammass,Teflon Brothers,1,1,1,0,0,top1_generation_prompt_text_changed_only_precomputed_text_feature_unchanged
3362,AVVxorwxecw,AVVxorwxecw_aAV_itgeW4w,rbEk8_g5a5M_-ey67-zHusQ,rbEk8_g5a5M,0,39,cf_lyrical_piano,top1_prompt_level_preference_counterfactual,original,top1_reference,"I prefer lyrical piano background music with a slow tempo, soft acoustic texture, gentle melody, and a calm sentimental mood.",That sounds great! I also want to include some hip-hop and R&B influences in the music. Do you have any recommendations that incorporate these genres?,"Allow me to recommend 'Hoodilammass' by Teflon Brothers. It's a track from their album 'Hoodilammass'. It combines elements of hip-hop, electronic, and pop with a slow tempo and a piano-driven sound. The song has a lyrical and emotional vibe that could be a fitting choice for your video.","Certainly! I suggest you consider 'RIGHT HERE' by Walter, Badu, Roccjuan, and Mistah-A.S.I. featuring Chamorro Rap. It's a track that combines elements of hip-hop, pop, and R&B with a touch of rock and electronic. This rendition of 'RIGHT HERE WAITING' by Richard Marx features Chamorro Rapper Pete 'Badu' Magofna and Mistah-A.S.I. It has a catchy vocal and electronic sound that could complement your video.","Allow me to recommend 'Hoodilammass' by Teflon Brothers. It's a track from their album 'Hoodilammass'. This song combines elements of Hip-Hop, electronic, rnb, and pop with a chillout vibe. It has synth and drum elements that add a unique touch to the music.",Hoodilammass,Teflon Brothers,1,1,1,0,0,top1_generation_prompt_text_changed_only_precomputed_text_feature_unchanged
3365,SQBmCpPJGGw,SQBmCpPJGGw_2m7Tdn7gVdE,M8_C2xSssmk_WyqfSdNsI0U,M8_C2xSssmk,0,15,original,top1_prompt_level_preference_counterfactual,original,top1_reference,"Sounds good, but I'm looking for a track with a more rock and indie vibe. Can you recommend something in that genre?","Sounds good, but I'm looking for a track with a more rock and indie vibe. Can you recommend something in that genre?","In that case, I would recommend 'Zdob si Zdub - Moldovenii s-au nascut'. This track falls under the rock, indie, and alternative genres. It has a unique blend of rock and indie elements, with a touch of punk and alternative rock. It's a great choice if you're looking for a more energetic and edgy sound for your video.","Certainly! If you're looking for a rock and indie track, I'd recommend 'Ja Nu Tā Esi Tu' by Dazadi Izpilditaji. This track is part of the album 'Latviešu Rokmūzikas Izlase' and has a blend of rock, indie, alternative, and pop elements. It's a great choice to add a unique and edgy vibe to your video.","I understand. In that case, I recommend 'Moldovenii s-au nascut' by Zdob si Zdub. It's a rock song with indie, electronic, and alternative influences. This track aligns well with Zdob si Zdub's distinctive style. Although I couldn't find any specific information about the album name or artists, this song captures their energetic and unique sound.",Moldovenii s-au nascut,Zdob si Zdub,1,1,1,0,0,top1_generation_prompt_text_changed_only_precomputed_text_feature_unchanged
3365,SQBmCpPJGGw,SQBmCpPJGGw_2m7Tdn7gVdE,M8_C2xSssmk_WyqfSdNsI0U,M8_C2xSssmk,0,15,cf_upbeat_electronic,top1_prompt_level_preference_counterfactual,original,top1_reference,"I prefer upbeat electronic background music with a bright mood, clear rhythm, energetic beats, and a modern dance or pop feeling.","Sounds good, but I'm looking for a track with a more rock and indie vibe. Can you recommend something in that genre?","Based on your preferences, I recommend 'Moldovenii s-au nascut' by Zdob si Zdub. It's a track from their album 'Moldovenii s-au nascut'. This song combines elements of rock, indie, and electronic music, with a fast-paced techno sound. It has a bright and energetic vibe that aligns well with your requirements.","Certainly! If you're looking for a rock and indie track, I'd recommend 'Ja Nu Tā Esi Tu' by Dazadi Izpilditaji. This track is part of the album 'Latviešu Rokmūzikas Izlase' and has a blend of rock, indie, alternative, and pop elements. It's a great choice to add a unique and edgy vibe to your video.","I understand. In that case, I recommend 'Moldovenii s-au nascut' by Zdob si Zdub. It's a rock song with indie, electronic, and alternative influences. This track aligns well with Zdob si Zdub's distinctive style. Although I couldn't find any specific information about the album name or artists, this song captures their energetic and unique sound.",Moldovenii s-au nascut,Zdob si Zdub,1,1,1,0,0,top1_generation_prompt_text_changed_only_precomputed_text_feature_unchanged
3365,SQBmCpPJGGw,SQBmCpPJGGw_2m7Tdn7gVdE,M8_C2xSssmk_WyqfSdNsI0U,M8_C2xSssmk,0,15,cf_lyrical_piano,top1_prompt_level_preference_counterfactual,original,top1_reference,"I prefer lyrical piano background music with a slow tempo, soft acoustic texture, gentle melody, and a calm sentimental mood.","Sounds good, but I'm looking for a track with a more rock and indie vibe. Can you recommend something in that genre?","Allow me to recommend 'Moldovenii s-au nascut' by Zdob si Zdub. It's a track from their album 'Moldovenii s-au nascut'. This song combines elements of rock, indie, and alternative with a pop influence. It has a slow tempo, acoustic guitar, and a gentle melody that can create a sentimental mood in your video.","Certainly! If you're looking for a rock and indie track, I'd recommend 'Ja Nu Tā Esi Tu' by Dazadi Izpilditaji. This track is part of the album 'Latviešu Rokmūzikas Izlase' and has a blend of rock, indie, alternative, and pop elements. It's a great choice to add a unique and edgy vibe to your video.","I understand. In that case, I recommend 'Moldovenii s-au nascut' by Zdob si Zdub. It's a rock song with indie, electronic, and alternative influences. This track aligns well with Zdob si Zdub's distinctive style. Although I couldn't find any specific information about the album name or artists, this song captures their energetic and unique sound.",Moldovenii s-au nascut,Zdob si Zdub,1,1,1,0,0,top1_generation_prompt_text_changed_only_precomputed_text_feature_unchanged
3381,X1QRMJq-h9U,X1QRMJq-h9U_IobSd71BE9g,p21sm9oLbeE_5epT4GEfoOE,p21sm9oLbeE,0,7,original,top1_prompt_level_preference_counterfactual,original,top1_reference,"That sounds great, but I'm looking for a female vocalist in the rock or pop genre. Do you have any recommendations that fit that criteria?","That sounds great, but I'm looking for a female vocalist in the rock or pop genre. Do you have any recommendations that fit that criteria?",Certainly! I suggest checking out the track 'Senza Parole' by Laura Pausini. It's a rock and pop song with female vocals. The track has a powerful and emotional sound that could complement your video. It's from Laura Pausini's album 'Senza Parole'.,"Certainly! I recommend 'Magkia Mou' by Aggeliki Iliadi. It's a track from her album 'Magkia Mou'. Aggeliki Iliadi is a female vocalist known for her rock, pop, and alternative style. This song should add a unique touch to your video with its indie influences and powerful vocals.","Allow me to recommend a track that aligns better with your preferences. Although I don't have specific information about the track name, album name, or artist, I can recommend a pop-rock track with a female vocalist that incorporates elements of 80s pop and soul. It can provide a more uplifting and positive tone for your memorial video, while still honoring the memory of Nina Fredeen.",,,,,,0,0,top1_generation_prompt_text_changed_only_precomputed_text_feature_unchanged
3381,X1QRMJq-h9U,X1QRMJq-h9U_IobSd71BE9g,p21sm9oLbeE_5epT4GEfoOE,p21sm9oLbeE,0,7,cf_upbeat_electronic,top1_prompt_level_preference_counterfactual,original,top1_reference,"I prefer upbeat electronic background music with a bright mood, clear rhythm, energetic beats, and a modern dance or pop feeling.","That sounds great, but I'm looking for a female vocalist in the rock or pop genre. Do you have any recommendations that fit that criteria?","In that case, I would recommend 'Senza Parole' by Laura Pausini. This track has a beautiful blend of rock, pop, and alternative genres, with female vocals that add a touch of emotion. It's a perfect choice for creating a captivating and emotional atmosphere in your video.","Certainly! I recommend 'Magkia Mou' by Aggeliki Iliadi. It's a track from her album 'Magkia Mou'. Aggeliki Iliadi is a female vocalist known for her rock, pop, and alternative style. This song should add a unique touch to your video with its indie influences and powerful vocals.","Allow me to recommend a track that aligns better with your preferences. Although I don't have specific information about the track name, album name, or artist, I can recommend a pop-rock track with a female vocalist that incorporates elements of 80s pop and soul. It can provide a more uplifting and positive tone for your memorial video, while still honoring the memory of Nina Fredeen.",,,,,,0,0,top1_generation_prompt_text_changed_only_precomputed_text_feature_unchanged
3381,X1QRMJq-h9U,X1QRMJq-h9U_IobSd71BE9g,p21sm9oLbeE_5epT4GEfoOE,p21sm9oLbeE,0,7,cf_lyrical_piano,top1_prompt_level_preference_counterfactual,original,top1_reference,"I prefer lyrical piano background music with a slow tempo, soft acoustic texture, gentle melody, and a calm sentimental mood.","That sounds great, but I'm looking for a female vocalist in the rock or pop genre. Do you have any recommendations that fit that criteria?","In that case, I would recommend 'I'll Be' by Avril Lavigne. This track has a beautiful lyrical piano background and a slow tempo, creating a soft and acoustic atmosphere. The gentle melody and calm sentimental mood make it a perfect fit for your video.","Certainly! I recommend 'Magkia Mou' by Aggeliki Iliadi. It's a track from her album 'Magkia Mou'. Aggeliki Iliadi is a female vocalist known for her rock, pop, and alternative style. This song should add a unique touch to your video with its indie influences and powerful vocals.","Allow me to recommend a track that aligns better with your preferences. Although I don't have specific information about the track name, album name, or artist, I can recommend a pop-rock track with a female vocalist that incorporates elements of 80s pop and soul. It can provide a more uplifting and positive tone for your memorial video, while still honoring the memory of Nina Fredeen.",,,,,,0,0,top1_generation_prompt_text_changed_only_precomputed_text_feature_unchanged
3414,GvGlDimlZxc,GvGlDimlZxc_rNXvMajnoQ4,79JpTg7L-1Y_guyTMxG8bk0,79JpTg7L-1Y,0,16,original,top1_prompt_level_preference_counterfactual,original,top1_reference,"That sounds intriguing, but I'm looking for a recommendation that incorporates rock and metal styles. I also want to add some loud and electronic elements to the music.","That sounds intriguing, but I'm looking for a recommendation that incorporates rock and metal styles. I also want to add some loud and electronic elements to the music.","Allow me to recommend 'Nothing Remains' by Like A Storm. It's a track from their album 'The End Is Beginning'. This song combines elements of rock, metal, and hard rock with a fast-paced and loud sound. It also has electronic influences that could add an interesting dimension to your video.","Let me suggest 'Answers' by Divine Ascension. This track falls into the rock and metal genres with hard rock and heavy metal components. It also contains loud and fast-paced sections, along with techno and electronic elements that can add the energy and intensity you're looking for in your video.","I understand. Let me suggest 'Nothing Remains' by Like A Storm. It's a track by the New Zealand hard rock band that combines elements of rock, metal, electronic, and experimental music. The song has a unique and atmospheric sound with ambient undertones, which can add a distinctive touch to your video project.",Nothing Remains,Like A Storm,1,1,1,0,0,top1_generation_prompt_text_changed_only_precomputed_text_feature_unchanged
3414,GvGlDimlZxc,GvGlDimlZxc_rNXvMajnoQ4,79JpTg7L-1Y_guyTMxG8bk0,79JpTg7L-1Y,0,16,cf_upbeat_electronic,top1_prompt_level_preference_counterfactual,original,top1_reference,"I prefer upbeat electronic background music with a bright mood, clear rhythm, energetic beats, and a modern dance or pop feeling.","That sounds intriguing, but I'm looking for a recommendation that incorporates rock and metal styles. I also want to add some loud and electronic elements to the music.","1. I recommend 'Nothing Remains' by Like A Storm. It's a rock track with alternative and metal influences. The song has a fast-paced and loud sound, which aligns well with the energetic and modern dance vibe you're looking for.","Let me suggest 'Answers' by Divine Ascension. This track falls into the rock and metal genres with hard rock and heavy metal components. It also contains loud and fast-paced sections, along with techno and electronic elements that can add the energy and intensity you're looking for in your video.","I understand. Let me suggest 'Nothing Remains' by Like A Storm. It's a track by the New Zealand hard rock band that combines elements of rock, metal, electronic, and experimental music. The song has a unique and atmospheric sound with ambient undertones, which can add a distinctive touch to your video project.",Nothing Remains,Like A Storm,1,1,1,0,0,top1_generation_prompt_text_changed_only_precomputed_text_feature_unchanged
3414,GvGlDimlZxc,GvGlDimlZxc_rNXvMajnoQ4,79JpTg7L-1Y_guyTMxG8bk0,79JpTg7L-1Y,0,16,cf_lyrical_piano,top1_prompt_level_preference_counterfactual,original,top1_reference,"I prefer lyrical piano background music with a slow tempo, soft acoustic texture, gentle melody, and a calm sentimental mood.","That sounds intriguing, but I'm looking for a recommendation that incorporates rock and metal styles. I also want to add some loud and electronic elements to the music.",はありません。,"Let me suggest 'Answers' by Divine Ascension. This track falls into the rock and metal genres with hard rock and heavy metal components. It also contains loud and fast-paced sections, along with techno and electronic elements that can add the energy and intensity you're looking for in your video.","I understand. Let me suggest 'Nothing Remains' by Like A Storm. It's a track by the New Zealand hard rock band that combines elements of rock, metal, electronic, and experimental music. The song has a unique and atmospheric sound with ambient undertones, which can add a distinctive touch to your video project.",Nothing Remains,Like A Storm,0,0,0,1,0,top1_generation_prompt_text_changed_only_precomputed_text_feature_unchanged
3454,qf-l0RJThfA,qf-l0RJThfA_74jEqQczxGc,62Aeznn_5uc_mkF-PxDYA9w,62Aeznn_5uc,0,6,original,top1_prompt_level_preference_counterfactual,original,top1_reference,"Sounds good, but I'm looking for something that leans more toward rock with an indie and alternative vibe.","Sounds good, but I'm looking for something that leans more toward rock with an indie and alternative vibe.","In that case, I would recommend 'The Last Goodbye' by The Last Goodbye. This track is part of their album 'The Last Goodbye' and offers a perfect blend of rock, indie, and alternative genres. It has a unique sound that will add a touch of authenticity to your video.","In that case, I would recommend 'Faith Healer' by Mike Dunn. This track falls into the rock genre with an indie and alternative influence. It's part of the album 'Hard Luck Soft Rock' and it's performed by Mike Dunn.","Allow me to recommend 'VUOTO INTORNO' by ilVasoDiPandora. Although I couldn't find specific information about the track, based on the artist's genre tags, it falls under the categories of rock, indie, and alternative rock. It may contain the distinctive elements you're looking for, such as guitar and drum influences.",VUOTO INTORNO,ilVasoDiPandora,0,0,0,1,0,top1_generation_prompt_text_changed_only_precomputed_text_feature_unchanged
3454,qf-l0RJThfA,qf-l0RJThfA_74jEqQczxGc,62Aeznn_5uc_mkF-PxDYA9w,62Aeznn_5uc,0,6,cf_upbeat_electronic,top1_prompt_level_preference_counterfactual,original,top1_reference,"I prefer upbeat electronic background music with a bright mood, clear rhythm, energetic beats, and a modern dance or pop feeling.","Sounds good, but I'm looking for something that leans more toward rock with an indie and alternative vibe.","In that case, I recommend 'The Last Goodbye' by The Last Goodbye. It's a rock track with indie and alternative influences. Although it doesn't have the specific electronic and dance elements you mentioned, it has a fast-paced and energetic sound that could work well for your video.","In that case, I would recommend 'Faith Healer' by Mike Dunn. This track falls into the rock genre with an indie and alternative influence. It's part of the album 'Hard Luck Soft Rock' and it's performed by Mike Dunn.","Allow me to recommend 'VUOTO INTORNO' by ilVasoDiPandora. Although I couldn't find specific information about the track, based on the artist's genre tags, it falls under the categories of rock, indie, and alternative rock. It may contain the distinctive elements you're looking for, such as guitar and drum influences.",VUOTO INTORNO,ilVasoDiPandora,0,0,0,1,0,top1_generation_prompt_text_changed_only_precomputed_text_feature_unchanged
3454,qf-l0RJThfA,qf-l0RJThfA_74jEqQczxGc,62Aeznn_5uc_mkF-PxDYA9w,62Aeznn_5uc,0,6,cf_lyrical_piano,top1_prompt_level_preference_counterfactual,original,top1_reference,"I prefer lyrical piano background music with a slow tempo, soft acoustic texture, gentle melody, and a calm sentimental mood.","Sounds good, but I'm looking for something that leans more toward rock with an indie and alternative vibe.","Allow me to recommend 'Vuoto Interno' by ilVasoDiPandora. It's a track from their album 'Vuoto Interno'. The song combines elements of rock, indie, and alternative with a slow tempo and piano-driven sound. It has a lyrical and sentimental vibe that could be a fitting choice for your video.","In that case, I would recommend 'Faith Healer' by Mike Dunn. This track falls into the rock genre with an indie and alternative influence. It's part of the album 'Hard Luck Soft Rock' and it's performed by Mike Dunn.","Allow me to recommend 'VUOTO INTORNO' by ilVasoDiPandora. Although I couldn't find specific information about the track, based on the artist's genre tags, it falls under the categories of rock, indie, and alternative rock. It may contain the distinctive elements you're looking for, such as guitar and drum influences.",VUOTO INTORNO,ilVasoDiPandora,0,1,0,1,0,top1_generation_prompt_text_changed_only_precomputed_text_feature_unchanged
3463,Ga9vrr_fB-k,Ga9vrr_fB-k_nGpQxNRnNtQ,hX64Zu6rTcU_PZGWD43Es-M,hX64Zu6rTcU,0,42,original,top1_prompt_level_preference_counterfactual,original,top1_reference,"That sounds good, but I'm also interested in incorporating some elements of the Hip-Hop genre. Can you recommend something that combines electronic and dance music with Hip-Hop influences?","That sounds good, but I'm also interested in incorporating some elements of the Hip-Hop genre. Can you recommend something that combines electronic and dance music with Hip-Hop influences?","Allow me to recommend 'Yoka Wapi' by Record Money. It's a track from their album 'Yoka Wapi'. It combines elements of electronic, dance, and Hip-Hop music, which could be a fitting choice for your video. It has a fast-paced beat and catchy rhythms that align with your preferences.","Certainly! How about 'Never Fear Dem / Bommaz' by Advance? It's a Hip-Hop track with electronic and dance elements. Although I don't have specific information about the album or artists, the song was released in 2013 and falls under the MSD tags of Hip-Hop, electronic, dance, and pop, which may align with your requirements.",I suggest checking out 'Yoka Wapi' by Record Money. It's a track from their album 'Record Money vol1' released in February 2013. The song incorporates hip-hop and electronic elements with a dance and pop vibe. It aligns well with the style you're looking for and can complement the other track you mentioned. Give it a listen and see if it fits your video.,Yoka Wapi,Record Money,1,1,1,0,0,top1_generation_prompt_text_changed_only_precomputed_text_feature_unchanged
3463,Ga9vrr_fB-k,Ga9vrr_fB-k_nGpQxNRnNtQ,hX64Zu6rTcU_PZGWD43Es-M,hX64Zu6rTcU,0,42,cf_upbeat_electronic,top1_prompt_level_preference_counterfactual,original,top1_reference,"I prefer upbeat electronic background music with a bright mood, clear rhythm, energetic beats, and a modern dance or pop feeling.","That sounds good, but I'm also interested in incorporating some elements of the Hip-Hop genre. Can you recommend something that combines electronic and dance music with Hip-Hop influences?","Absolutely! I recommend 'Yoka Wapi' by Record Money. It's a track from their album 'Yoka Wapi'. This song combines elements of Hip-Hop, electronic, dance, pop, and rock, creating a vibrant and energetic sound. It has a fast-paced beat and a modern dance or pop feel that will add a lively atmosphere to your video.","Certainly! How about 'Never Fear Dem / Bommaz' by Advance? It's a Hip-Hop track with electronic and dance elements. Although I don't have specific information about the album or artists, the song was released in 2013 and falls under the MSD tags of Hip-Hop, electronic, dance, and pop, which may align with your requirements.",I suggest checking out 'Yoka Wapi' by Record Money. It's a track from their album 'Record Money vol1' released in February 2013. The song incorporates hip-hop and electronic elements with a dance and pop vibe. It aligns well with the style you're looking for and can complement the other track you mentioned. Give it a listen and see if it fits your video.,Yoka Wapi,Record Money,1,1,1,0,0,top1_generation_prompt_text_changed_only_precomputed_text_feature_unchanged
3463,Ga9vrr_fB-k,Ga9vrr_fB-k_nGpQxNRnNtQ,hX64Zu6rTcU_PZGWD43Es-M,hX64Zu6rTcU,0,42,cf_lyrical_piano,top1_prompt_level_preference_counterfactual,original,top1_reference,"I prefer lyrical piano background music with a slow tempo, soft acoustic texture, gentle melody, and a calm sentimental mood.","That sounds good, but I'm also interested in incorporating some elements of the Hip-Hop genre. Can you recommend something that combines electronic and dance music with Hip-Hop influences?","In that case, I would recommend 'Yoka Wapi' by Record Money. This track has a lyrical piano background music with a slow tempo, soft acoustic texture, gentle melody, and a calm, sentimental mood. It's a perfect fit for your video.","Certainly! How about 'Never Fear Dem / Bommaz' by Advance? It's a Hip-Hop track with electronic and dance elements. Although I don't have specific information about the album or artists, the song was released in 2013 and falls under the MSD tags of Hip-Hop, electronic, dance, and pop, which may align with your requirements.",I suggest checking out 'Yoka Wapi' by Record Money. It's a track from their album 'Record Money vol1' released in February 2013. The song incorporates hip-hop and electronic elements with a dance and pop vibe. It aligns well with the style you're looking for and can complement the other track you mentioned. Give it a listen and see if it fits your video.,Yoka Wapi,Record Money,1,1,1,0,0,top1_generation_prompt_text_changed_only_precomputed_text_feature_unchanged
3471,hxub0S_4u8Q,hxub0S_4u8Q_S53iYzSn4p8,l67LyUQmaFc_1RMgeu7NCjI,l67LyUQmaFc,0,10,original,top1_prompt_level_preference_counterfactual,original,top1_reference,"Sounds interesting, but I'm looking for something with a more electronic and hip-hop vibe. Do you have any suggestions?","Sounds interesting, but I'm looking for something with a more electronic and hip-hop vibe. Do you have any suggestions?","Absolutely! If you're looking for a track with a strong electronic and hip-hop vibe, I would recommend 'Bangarang (feat. Sirah)' by Skrillex. This track is part of the album 'Bangarang (feat. Sirah)' and it perfectly combines electronic, dance, electro, and hip-hop elements. It's a high-energy track that will add a dynamic and modern feel to your video.","Certainly! If you're looking for a track with a mix of electronic and hip-hop, I recommend 'Barbra Streisand (Radio Edit)' by Duck Sauce. This track combines electronic, dance, hip-hop, house, and electro genres to create a unique and energetic sound. It's guaranteed to add a vibrant and dynamic vibe to your video.","Sure, I understand. In that case, I recommend 'Bangarang (feat. Sirah)' by Skrillex. It's a high-energy track that combines elements of electronic, electro, and hip-hop. The song was released as part of Skrillex's album 'Bangarang (feat. Sirah)'. It would be a perfect choice to incorporate the collaboration with Sirah into your video.",Bangarang (feat. Sirah),Skrillex,1,1,1,0,0,top1_generation_prompt_text_changed_only_precomputed_text_feature_unchanged
3471,hxub0S_4u8Q,hxub0S_4u8Q_S53iYzSn4p8,l67LyUQmaFc_1RMgeu7NCjI,l67LyUQmaFc,0,10,cf_upbeat_electronic,top1_prompt_level_preference_counterfactual,original,top1_reference,"I prefer upbeat electronic background music with a bright mood, clear rhythm, energetic beats, and a modern dance or pop feeling.","Sounds interesting, but I'm looking for something with a more electronic and hip-hop vibe. Do you have any suggestions?","Based on your preferences, I recommend 'Scary Monsters and Nice Sprites' by Skrillex. It's an electronic track with a fast tempo and loud beats. The song has a techno and fast-paced dance vibe, which aligns well with the energetic and modern dance feel you're looking for.","Certainly! If you're looking for a track with a mix of electronic and hip-hop, I recommend 'Barbra Streisand (Radio Edit)' by Duck Sauce. This track combines electronic, dance, hip-hop, house, and electro genres to create a unique and energetic sound. It's guaranteed to add a vibrant and dynamic vibe to your video.","Sure, I understand. In that case, I recommend 'Bangarang (feat. Sirah)' by Skrillex. It's a high-energy track that combines elements of electronic, electro, and hip-hop. The song was released as part of Skrillex's album 'Bangarang (feat. Sirah)'. It would be a perfect choice to incorporate the collaboration with Sirah into your video.",Bangarang (feat. Sirah),Skrillex,0,1,0,1,0,top1_generation_prompt_text_changed_only_precomputed_text_feature_unchanged
3471,hxub0S_4u8Q,hxub0S_4u8Q_S53iYzSn4p8,l67LyUQmaFc_1RMgeu7NCjI,l67LyUQmaFc,0,10,cf_lyrical_piano,top1_prompt_level_preference_counterfactual,original,top1_reference,"I prefer lyrical piano background music with a slow tempo, soft acoustic texture, gentle melody, and a calm sentimental mood.","Sounds interesting, but I'm looking for something with a more electronic and hip-hop vibe. Do you have any suggestions?",在您的要求下，我們建議您參考《專輯》的第一首歌曲《專輯》。它具有快速、穩定、強烈、快速、快速、快速、快速、快速、快速、快速、快速、快速、快速、快速、,"Certainly! If you're looking for a track with a mix of electronic and hip-hop, I recommend 'Barbra Streisand (Radio Edit)' by Duck Sauce. This track combines electronic, dance, hip-hop, house, and electro genres to create a unique and energetic sound. It's guaranteed to add a vibrant and dynamic vibe to your video.","Sure, I understand. In that case, I recommend 'Bangarang (feat. Sirah)' by Skrillex. It's a high-energy track that combines elements of electronic, electro, and hip-hop. The song was released as part of Skrillex's album 'Bangarang (feat. Sirah)'. It would be a perfect choice to incorporate the collaboration with Sirah into your video.",Bangarang (feat. Sirah),Skrillex,0,0,0,1,0,top1_generation_prompt_text_changed_only_precomputed_text_feature_unchanged
3494,9EO4nBIe-yA,9EO4nBIe-yA_RUjHBwO0EgM,2lMzGCK0hp8_T6hn4MMGVbU,2lMzGCK0hp8,0,4,original,top1_prompt_level_preference_counterfactual,original,top1_reference,"Sounds good, but I'm looking for something that has an electronic and indie sound with a mix of pop and rock.","Sounds good, but I'm looking for something that has an electronic and indie sound with a mix of pop and rock.","In that case, I would recommend '私の彼は僕の彼女' by 桜花. This track has an electronic and indie sound with elements of pop and rock. It's part of the album '私の彼は僕の彼女' and it perfectly captures the vibe you're looking for.","In that case, I would recommend 'GOODWARP / レイニー白書 (MUSIC VIDEO)'. This track has an electronic and indie vibe with elements of pop and rock. Although I don't have much information about this track, it matches your desired genres and will add a unique sound to your video.","In that case, I would recommend 'YO RO Z' by Menoz. This track falls into the indie, pop, and alternative genres. It features female vocals and has a unique blend of rock influences. It will give your video a cool and edgy vibe.",YO RO Z,Menoz,0,0,0,1,0,top1_generation_prompt_text_changed_only_precomputed_text_feature_unchanged
3494,9EO4nBIe-yA,9EO4nBIe-yA_RUjHBwO0EgM,2lMzGCK0hp8_T6hn4MMGVbU,2lMzGCK0hp8,0,4,cf_upbeat_electronic,top1_prompt_level_preference_counterfactual,original,top1_reference,"I prefer upbeat electronic background music with a bright mood, clear rhythm, energetic beats, and a modern dance or pop feeling.","Sounds good, but I'm looking for something that has an electronic and indie sound with a mix of pop and rock.","は I recommend 'YO RO Z' by Menoz. It's a track from their album 'YO RO Z'. This song combines elements of pop, rock, and electronic music with a fast-paced and energetic sound. It has a modern dance vibe that could be a great fit for your video.","In that case, I would recommend 'GOODWARP / レイニー白書 (MUSIC VIDEO)'. This track has an electronic and indie vibe with elements of pop and rock. Although I don't have much information about this track, it matches your desired genres and will add a unique sound to your video.","In that case, I would recommend 'YO RO Z' by Menoz. This track falls into the indie, pop, and alternative genres. It features female vocals and has a unique blend of rock influences. It will give your video a cool and edgy vibe.",YO RO Z,Menoz,1,1,1,0,0,top1_generation_prompt_text_changed_only_precomputed_text_feature_unchanged
3494,9EO4nBIe-yA,9EO4nBIe-yA_RUjHBwO0EgM,2lMzGCK0hp8_T6hn4MMGVbU,2lMzGCK0hp8,0,4,cf_lyrical_piano,top1_prompt_level_preference_counterfactual,original,top1_reference,"I prefer lyrical piano background music with a slow tempo, soft acoustic texture, gentle melody, and a calm sentimental mood.","Sounds good, but I'm looking for something that has an electronic and indie sound with a mix of pop and rock.",はありません。,"In that case, I would recommend 'GOODWARP / レイニー白書 (MUSIC VIDEO)'. This track has an electronic and indie vibe with elements of pop and rock. Although I don't have much information about this track, it matches your desired genres and will add a unique sound to your video.","In that case, I would recommend 'YO RO Z' by Menoz. This track falls into the indie, pop, and alternative genres. It features female vocals and has a unique blend of rock influences. It will give your video a cool and edgy vibe.",YO RO Z,Menoz,0,0,0,1,0,top1_generation_prompt_text_changed_only_precomputed_text_feature_unchanged
3506,raE8dGyRTXQ,raE8dGyRTXQ_IPawwnMx32I,rklsh61BD28_zzGbCVHBYtM,rklsh61BD28,0,10,original,top1_prompt_level_preference_counterfactual,original,top1_reference,"I like the indie and electronic blend, but I'm also looking for something with a strong vocal performance, preferably with a guitar backing. Do you have anything like that?","I like the indie and electronic blend, but I'm also looking for something with a strong vocal performance, preferably with a guitar backing. Do you have anything like that?","Absolutely! I would recommend 'Hallelujah' by Leonard Cohen. This track is a beautiful rendition of the song, performed by Lelia Broussard. It features a strong vocal performance and incorporates elements of pop, rock, indie, and folk. The guitar adds a nice touch to the overall sound.","For a track that combines strong vocal performances with guitar, I recommend 'All of Me (Glee Cast Version)' performed by the Glee Cast. It's a wonderful rendition that highlights vocal talent and is complemented by guitar. This track suits a range of moods and settings, making it a versatile pick for anyone looking for quality singing with guitar accompaniment.","I suggest you consider the song 'Buffalo Stars' by Lelia Broussard. It's a track that combines elements of pop, indie, rock, and folk genres. The female vocals add a unique touch to the song, and Lelia Broussard's performance brings a captivating energy to the track.",Buffalo Stars,Lelia Broussard,0,1,0,1,0,top1_generation_prompt_text_changed_only_precomputed_text_feature_unchanged
3506,raE8dGyRTXQ,raE8dGyRTXQ_IPawwnMx32I,rklsh61BD28_zzGbCVHBYtM,rklsh61BD28,0,10,cf_upbeat_electronic,top1_prompt_level_preference_counterfactual,original,top1_reference,"I prefer upbeat electronic background music with a bright mood, clear rhythm, energetic beats, and a modern dance or pop feeling.","I like the indie and electronic blend, but I'm also looking for something with a strong vocal performance, preferably with a guitar backing. Do you have anything like that?","In that case, I recommend the track 'Buffalo Stars' by Lelia Broussard. It's a pop and rock song with indie and folk influences. The song features female vocals and has a guitar-driven sound. It was released in 2012 and could provide the upbeat and energetic vibe you're looking for in your video.","For a track that combines strong vocal performances with guitar, I recommend 'All of Me (Glee Cast Version)' performed by the Glee Cast. It's a wonderful rendition that highlights vocal talent and is complemented by guitar. This track suits a range of moods and settings, making it a versatile pick for anyone looking for quality singing with guitar accompaniment.","I suggest you consider the song 'Buffalo Stars' by Lelia Broussard. It's a track that combines elements of pop, indie, rock, and folk genres. The female vocals add a unique touch to the song, and Lelia Broussard's performance brings a captivating energy to the track.",Buffalo Stars,Lelia Broussard,1,1,1,0,0,top1_generation_prompt_text_changed_only_precomputed_text_feature_unchanged
3506,raE8dGyRTXQ,raE8dGyRTXQ_IPawwnMx32I,rklsh61BD28_zzGbCVHBYtM,rklsh61BD28,0,10,cf_lyrical_piano,top1_prompt_level_preference_counterfactual,original,top1_reference,"I prefer lyrical piano background music with a slow tempo, soft acoustic texture, gentle melody, and a calm sentimental mood.","I like the indie and electronic blend, but I'm also looking for something with a strong vocal performance, preferably with a guitar backing. Do you have anything like that?","In that case, I would recommend 'Love Is A Miracle' by Lelia Broussard. This track has a lyrical piano background with a slow tempo, soft acoustic texture, and a gentle melody. It creates a calm and sentimental mood that would be perfect for your video.","For a track that combines strong vocal performances with guitar, I recommend 'All of Me (Glee Cast Version)' performed by the Glee Cast. It's a wonderful rendition that highlights vocal talent and is complemented by guitar. This track suits a range of moods and settings, making it a versatile pick for anyone looking for quality singing with guitar accompaniment.","I suggest you consider the song 'Buffalo Stars' by Lelia Broussard. It's a track that combines elements of pop, indie, rock, and folk genres. The female vocals add a unique touch to the song, and Lelia Broussard's performance brings a captivating energy to the track.",Buffalo Stars,Lelia Broussard,0,1,0,1,0,top1_generation_prompt_text_changed_only_precomputed_text_feature_unchanged
3514,6FE8jlwBGJs,6FE8jlwBGJs_T5V0hhZ3IVg,nuIRDrsFp9U_iWV5ZVZ09Gk,nuIRDrsFp9U,0,2,original,top1_prompt_level_preference_counterfactual,original,top1_reference,That sounds great! I also want to incorporate some classic rock and folk elements into the music. Can you recommend something that combines these styles?,That sounds great! I also want to incorporate some classic rock and folk elements into the music. Can you recommend something that combines these styles?,"Certainly! How about 'Look at the Sky' by Olly Murs? It's a classic rock and folk-influenced track with elements of pop and indie. The song features guitar and male vocals, which can add a unique touch to your video. It was released in 2011 and has a nostalgic feel to it.","Sure! How about 'One More Day' by Go With Me? It's a track from their album 'Bad Jones'. The song incorporates elements of classic rock, folk, and pop, which will give your video a diverse and dynamic sound. It was written by Bob Idakaar and performed by his band Go With Me. The song has a guitar-focused sound and features male vocals. It was recorded in Morris County, New Jersey at MUZIKSTUDIO.COM.","In that case, 'Look at the Sky' by Olly Murs would be a perfect fit. This track is a bonus track on the album 'Never Been Better', and it's an English cover of '上を向いて歩こう', with lyrics by Yoko Ono. The music video features a variety of people from all walks of life taking new steps forward, supporting each other through sadness and loneliness in their daily lives. It not only has that pop and rock blend with an 80s feel you're looking for but also beautifully captures the essence of overcoming life's challenges.",Look at the Sky,Olly Murs would be a perfect fit,1,0,0,1,0,top1_generation_prompt_text_changed_only_precomputed_text_feature_unchanged
3514,6FE8jlwBGJs,6FE8jlwBGJs_T5V0hhZ3IVg,nuIRDrsFp9U_iWV5ZVZ09Gk,nuIRDrsFp9U,0,2,cf_upbeat_electronic,top1_prompt_level_preference_counterfactual,original,top1_reference,"I prefer upbeat electronic background music with a bright mood, clear rhythm, energetic beats, and a modern dance or pop feeling.",That sounds great! I also want to incorporate some classic rock and folk elements into the music. Can you recommend something that combines these styles?,"For an upbeat electronic background music with a bright mood, clear rhythm, energetic beats, and a modern dance or pop feeling, I recommend 'Look at the Sky' by Olly Murs. This track is part of the album 'Look at the Sky' and offers a blend of rock, pop, and indie genres. It's a great choice for creating a lively and engaging atmosphere in your video.","Sure! How about 'One More Day' by Go With Me? It's a track from their album 'Bad Jones'. The song incorporates elements of classic rock, folk, and pop, which will give your video a diverse and dynamic sound. It was written by Bob Idakaar and performed by his band Go With Me. The song has a guitar-focused sound and features male vocals. It was recorded in Morris County, New Jersey at MUZIKSTUDIO.COM.","In that case, 'Look at the Sky' by Olly Murs would be a perfect fit. This track is a bonus track on the album 'Never Been Better', and it's an English cover of '上を向いて歩こう', with lyrics by Yoko Ono. The music video features a variety of people from all walks of life taking new steps forward, supporting each other through sadness and loneliness in their daily lives. It not only has that pop and rock blend with an 80s feel you're looking for but also beautifully captures the essence of overcoming life's challenges.",Look at the Sky,Olly Murs would be a perfect fit,1,0,0,1,0,top1_generation_prompt_text_changed_only_precomputed_text_feature_unchanged
3514,6FE8jlwBGJs,6FE8jlwBGJs_T5V0hhZ3IVg,nuIRDrsFp9U_iWV5ZVZ09Gk,nuIRDrsFp9U,0,2,cf_lyrical_piano,top1_prompt_level_preference_counterfactual,original,top1_reference,"I prefer lyrical piano background music with a slow tempo, soft acoustic texture, gentle melody, and a calm sentimental mood.",That sounds great! I also want to incorporate some classic rock and folk elements into the music. Can you recommend something that combines these styles?,"Allow me to recommend 'Look at the Sky' by Olly Murs. It's a track from his album 'Look at the Sky'. This song combines elements of pop, rock, and soul with a slow tempo and acoustic guitar. It has a soothing and sentimental vibe that could be a great fit for your video.","Sure! How about 'One More Day' by Go With Me? It's a track from their album 'Bad Jones'. The song incorporates elements of classic rock, folk, and pop, which will give your video a diverse and dynamic sound. It was written by Bob Idakaar and performed by his band Go With Me. The song has a guitar-focused sound and features male vocals. It was recorded in Morris County, New Jersey at MUZIKSTUDIO.COM.","In that case, 'Look at the Sky' by Olly Murs would be a perfect fit. This track is a bonus track on the album 'Never Been Better', and it's an English cover of '上を向いて歩こう', with lyrics by Yoko Ono. The music video features a variety of people from all walks of life taking new steps forward, supporting each other through sadness and loneliness in their daily lives. It not only has that pop and rock blend with an 80s feel you're looking for but also beautifully captures the essence of overcoming life's challenges.",Look at the Sky,Olly Murs would be a perfect fit,1,0,0,1,0,top1_generation_prompt_text_changed_only_precomputed_text_feature_unchanged
3515,IBgI2Mniq6w,IBgI2Mniq6w_TfbhL9w7DHE,oG6qtjvjrdI_MjAvrNX4JPo,oG6qtjvjrdI,0,3,original,top1_prompt_level_preference_counterfactual,original,top1_reference,"That sounds great, I like the techno and electronic elements in your recommendation. But I would like to incorporate a bit more of Dragonette's style, especially their electronic and pop components. I'm also interested in dance and synth influences.","That sounds great, I like the techno and electronic elements in your recommendation. But I would like to incorporate a bit more of Dragonette's style, especially their electronic and pop components. I'm also interested in dance and synth influences.","Allow me to recommend 'Live In This City' by Dragonette. It's a track from their album 'Live In This City'. It combines elements of electronic, pop, and dance with a fast-paced techno beat and synth sounds. It was recorded in 2011 which may contain the specific elements you want.","Allow me to recommend 'Let It Go (Faustix & Imanos Remix)' by Dragonette. It's a track from their album 'Bodyparts'. It combines elements of electronic, dance, and pop music with fast-paced synth and drum beats that could be a fitting choice for your video. It was released in 2012 and may contain the specific elements you're looking for.","Allow me to recommend 'Stop Taking My Time' by Club 8. It's an electronic and dance track from their album 'Above The City'. The song features female vocals and combines elements of electro, pop, and techno. It was released in 2013, which may contain the specific elements you're looking for in your video project.",Stop Taking My Time,Club 8,0,0,0,1,0,top1_generation_prompt_text_changed_only_precomputed_text_feature_unchanged
3515,IBgI2Mniq6w,IBgI2Mniq6w_TfbhL9w7DHE,oG6qtjvjrdI_MjAvrNX4JPo,oG6qtjvjrdI,0,3,cf_upbeat_electronic,top1_prompt_level_preference_counterfactual,original,top1_reference,"I prefer upbeat electronic background music with a bright mood, clear rhythm, energetic beats, and a modern dance or pop feeling.","That sounds great, I like the techno and electronic elements in your recommendation. But I would like to incorporate a bit more of Dragonette's style, especially their electronic and pop components. I'm also interested in dance and synth influences.","Based on your preferences, I recommend 'Stop Taking My Time' by Club 8. It's an electronic track with a dance and pop vibe. The song has a fast tempo and catchy beats that will add energy to your video.","Allow me to recommend 'Let It Go (Faustix & Imanos Remix)' by Dragonette. It's a track from their album 'Bodyparts'. It combines elements of electronic, dance, and pop music with fast-paced synth and drum beats that could be a fitting choice for your video. It was released in 2012 and may contain the specific elements you're looking for.","Allow me to recommend 'Stop Taking My Time' by Club 8. It's an electronic and dance track from their album 'Above The City'. The song features female vocals and combines elements of electro, pop, and techno. It was released in 2013, which may contain the specific elements you're looking for in your video project.",Stop Taking My Time,Club 8,1,1,1,0,0,top1_generation_prompt_text_changed_only_precomputed_text_feature_unchanged
3515,IBgI2Mniq6w,IBgI2Mniq6w_TfbhL9w7DHE,oG6qtjvjrdI_MjAvrNX4JPo,oG6qtjvjrdI,0,3,cf_lyrical_piano,top1_prompt_level_preference_counterfactual,original,top1_reference,"I prefer lyrical piano background music with a slow tempo, soft acoustic texture, gentle melody, and a calm sentimental mood.","That sounds great, I like the techno and electronic elements in your recommendation. But I would like to incorporate a bit more of Dragonette's style, especially their electronic and pop components. I'm also interested in dance and synth influences.","In that case, I recommend the track 'Taking My Time' by Club 8. It's a pop and electronic song with a lyrical piano and slow tempo. The song has a soft acoustic texture and a gentle melody that creates a calm and sentimental mood. It's a perfect choice for your video.","Allow me to recommend 'Let It Go (Faustix & Imanos Remix)' by Dragonette. It's a track from their album 'Bodyparts'. It combines elements of electronic, dance, and pop music with fast-paced synth and drum beats that could be a fitting choice for your video. It was released in 2012 and may contain the specific elements you're looking for.","Allow me to recommend 'Stop Taking My Time' by Club 8. It's an electronic and dance track from their album 'Above The City'. The song features female vocals and combines elements of electro, pop, and techno. It was released in 2013, which may contain the specific elements you're looking for in your video project.",Stop Taking My Time,Club 8,0,1,0,1,0,top1_generation_prompt_text_changed_only_precomputed_text_feature_unchanged
3563,O8k8XT6gLzI,O8k8XT6gLzI_cgKt90e0500,SMaYq7N7WQc_XR6b5xjTPJA,SMaYq7N7WQc,0,10,original,top1_prompt_level_preference_counterfactual,original,top1_reference,"That sounds great! I really enjoy the rock and punk genres in your music recommendations. However, I would like to include some elements from LOSTAGE's distinctive style. They are known for their indie and alternative rock sound, and I would like to incorporate that into my video.","That sounds great! I really enjoy the rock and punk genres in your music recommendations. However, I would like to include some elements from LOSTAGE's distinctive style. They are known for their indie and alternative rock sound, and I would like to incorporate that into my video.","Allow me to recommend '絶望の唄' by LOSTAGE. It's a track from their album '絶望の唄'. The song combines elements of indie rock and alternative rock, which aligns well with LOSTAGE's distinctive style. It has a rock and punk sound with a fast-paced guitar and drums. This track could be a fitting choice for your video.","Allow me to recommend the song 'ひとり' by LOSTAGE. Although I don't have much information about this specific track, LOSTAGE is known for their indie and alternative rock style. This track could add a unique touch to your video with its rock influences and possibly some punk elements.","In that case, I would recommend 'SUAL拳「虹」PV'. Although I don't have much information about this track, it is described as a rock, punk, alternative, and indie song. It was released as a limited distribution at a live performance in ZEPP OSAKA on September 15, 2008. The description suggests that it has a unique and energetic sound.",,,,,,0,0,top1_generation_prompt_text_changed_only_precomputed_text_feature_unchanged
3563,O8k8XT6gLzI,O8k8XT6gLzI_cgKt90e0500,SMaYq7N7WQc_XR6b5xjTPJA,SMaYq7N7WQc,0,10,cf_upbeat_electronic,top1_prompt_level_preference_counterfactual,original,top1_reference,"I prefer upbeat electronic background music with a bright mood, clear rhythm, energetic beats, and a modern dance or pop feeling.","That sounds great! I really enjoy the rock and punk genres in your music recommendations. However, I would like to include some elements from LOSTAGE's distinctive style. They are known for their indie and alternative rock sound, and I would like to incorporate that into my video.","In that case, I recommend '絶望の唄' by 桜塚. This track is from their album '絶望の唄' and it perfectly matches your requirements. It falls under the rock, indie, and alternative genres, with elements of punk and indie rock. The song has a fast-paced rhythm and energetic beats, which will give your video a modern and upbeat feel.","Allow me to recommend the song 'ひとり' by LOSTAGE. Although I don't have much information about this specific track, LOSTAGE is known for their indie and alternative rock style. This track could add a unique touch to your video with its rock influences and possibly some punk elements.","In that case, I would recommend 'SUAL拳「虹」PV'. Although I don't have much information about this track, it is described as a rock, punk, alternative, and indie song. It was released as a limited distribution at a live performance in ZEPP OSAKA on September 15, 2008. The description suggests that it has a unique and energetic sound.",,,,,,0,0,top1_generation_prompt_text_changed_only_precomputed_text_feature_unchanged
3563,O8k8XT6gLzI,O8k8XT6gLzI_cgKt90e0500,SMaYq7N7WQc_XR6b5xjTPJA,SMaYq7N7WQc,0,10,cf_lyrical_piano,top1_prompt_level_preference_counterfactual,original,top1_reference,"I prefer lyrical piano background music with a slow tempo, soft acoustic texture, gentle melody, and a calm sentimental mood.","That sounds great! I really enjoy the rock and punk genres in your music recommendations. However, I would like to include some elements from LOSTAGE's distinctive style. They are known for their indie and alternative rock sound, and I would like to incorporate that into my video.",はありません。,"Allow me to recommend the song 'ひとり' by LOSTAGE. Although I don't have much information about this specific track, LOSTAGE is known for their indie and alternative rock style. This track could add a unique touch to your video with its rock influences and possibly some punk elements.","In that case, I would recommend 'SUAL拳「虹」PV'. Although I don't have much information about this track, it is described as a rock, punk, alternative, and indie song. It was released as a limited distribution at a live performance in ZEPP OSAKA on September 15, 2008. The description suggests that it has a unique and energetic sound.",,,,,,0,0,top1_generation_prompt_text_changed_only_precomputed_text_feature_unchanged
3565,G_PjcAfVJkY,G_PjcAfVJkY_butKQYYzySM,hg7j1tFtFVQ_bvJFKKckbQU,hg7j1tFtFVQ,0,57,original,top1_prompt_level_preference_counterfactual,original,top1_reference,"Sounds good, but I'm actually looking for something with a hip-hop and electronic vibe, with a touch of indie and pop.","Sounds good, but I'm actually looking for something with a hip-hop and electronic vibe, with a touch of indie and pop.","In that case, I would recommend 'L'Histoire d'une Existence' by Juste Florian et Lénaïc ft; 2010. This track combines elements of hip-hop, electronic, indie, and pop, creating a unique and captivating sound. It's part of the album 'L'Histoire d'une Existence' and offers a blend of different genres that will add depth to your video.","In that case, I would recommend 'Karavaani kulkee' by Paleface feat. Terakaft. This track combines elements of hip-hop, electronic, indie, and pop. It has a unique blend of genres and captures a vibrant and energetic atmosphere. It's part of the album 'Helsinki - Shangri-La (10-vuotisjuhlajulkaisu)'.","Allow me to recommend 'L'Histoire d'une Existence' by Juste Florian et Lénaïc ft. Key-Trick. Although I don't have much information about this track, it is classified as electronic, hip-hop, rock, ambient, and indie. It may have the combination of genres you're looking for.",L'Histoire d'une Existence,Juste Florian et Lénaïc ft,1,1,1,0,0,top1_generation_prompt_text_changed_only_precomputed_text_feature_unchanged
3565,G_PjcAfVJkY,G_PjcAfVJkY_butKQYYzySM,hg7j1tFtFVQ_bvJFKKckbQU,hg7j1tFtFVQ,0,57,cf_upbeat_electronic,top1_prompt_level_preference_counterfactual,original,top1_reference,"I prefer upbeat electronic background music with a bright mood, clear rhythm, energetic beats, and a modern dance or pop feeling.","Sounds good, but I'm actually looking for something with a hip-hop and electronic vibe, with a touch of indie and pop.","In that case, I recommend 'L'Histoire d'une Existence' by Juste Florian et Lénaïc ft;  from the album 'L'Histoire d'une Existence'. This track combines elements of Hip-Hop, electronic, rock, and pop with a dance vibe. It has a techno and electronic sound with a fast beat, which aligns well with the energetic and modern dance feel you're looking for.","In that case, I would recommend 'Karavaani kulkee' by Paleface feat. Terakaft. This track combines elements of hip-hop, electronic, indie, and pop. It has a unique blend of genres and captures a vibrant and energetic atmosphere. It's part of the album 'Helsinki - Shangri-La (10-vuotisjuhlajulkaisu)'.","Allow me to recommend 'L'Histoire d'une Existence' by Juste Florian et Lénaïc ft. Key-Trick. Although I don't have much information about this track, it is classified as electronic, hip-hop, rock, ambient, and indie. It may have the combination of genres you're looking for.",L'Histoire d'une Existence,Juste Florian et Lénaïc ft,1,1,1,0,0,top1_generation_prompt_text_changed_only_precomputed_text_feature_unchanged
3565,G_PjcAfVJkY,G_PjcAfVJkY_butKQYYzySM,hg7j1tFtFVQ_bvJFKKckbQU,hg7j1tFtFVQ,0,57,cf_lyrical_piano,top1_prompt_level_preference_counterfactual,original,top1_reference,"I prefer lyrical piano background music with a slow tempo, soft acoustic texture, gentle melody, and a calm sentimental mood.","Sounds good, but I'm actually looking for something with a hip-hop and electronic vibe, with a touch of indie and pop.","Allow me to recommend 'L'Histoire d'une Existence' by Juste Florian et Lénaïc ft; 2012. It's a track with lyrical piano and a slow tempo, which aligns well with the emotional and sentimental mood you're looking for. The song was released in 2012 and has a pop and electronic sound with elements of rock.","In that case, I would recommend 'Karavaani kulkee' by Paleface feat. Terakaft. This track combines elements of hip-hop, electronic, indie, and pop. It has a unique blend of genres and captures a vibrant and energetic atmosphere. It's part of the album 'Helsinki - Shangri-La (10-vuotisjuhlajulkaisu)'.","Allow me to recommend 'L'Histoire d'une Existence' by Juste Florian et Lénaïc ft. Key-Trick. Although I don't have much information about this track, it is classified as electronic, hip-hop, rock, ambient, and indie. It may have the combination of genres you're looking for.",L'Histoire d'une Existence,Juste Florian et Lénaïc ft,1,1,1,0,0,top1_generation_prompt_text_changed_only_precomputed_text_feature_unchanged
3587,K7KMRBoqQUg,K7KMRBoqQUg_P56SorCCSmI,K7KMRBoqQUg_P56SorCCSmI,K7KMRBoqQUg,1,1,original,top1_prompt_level_preference_counterfactual,original,top1_reference,"That sounds interesting, but I would like a music recommendation that is more in line with Owl City's electronic and pop style. I'm also looking for something with a faster tempo and a bit more energy.","That sounds interesting, but I would like a music recommendation that is more in line with Owl City's electronic and pop style. I'm also looking for something with a faster tempo and a bit more energy.","Allow me to recommend 'Shooting Star' by Owl City. It's a track from their album 'Shooting Star'. This song combines elements of electronic, dance, and pop genres, which aligns well with Owl City's distinctive style. It has a fast tempo and a catchy beat that can add energy to your video.","I understand what you're looking for. How about 'Shooting Star' by Owl City? It's a track from the album 'Shooting Star' and has an electronic and pop sound. The song is classified as electronic, dance, and indie with electro influences. Although there is no description for this particular track, it aligns well with Owl City's style and should provide the faster tempo and energetic vibe you're looking for.","I understand what you're looking for. How about 'Shooting Star' by Owl City? It's a track from the album 'Shooting Star' and has an electronic and pop sound. The song is classified as electronic, dance, and indie with electro influences. Although there is no description for this particular track, it aligns well with Owl City's style and should provide the faster tempo and energetic vibe you're looking for.",re looking for. How about 'Shooting Star,Owl City,0,1,0,1,0,top1_generation_prompt_text_changed_only_precomputed_text_feature_unchanged
3587,K7KMRBoqQUg,K7KMRBoqQUg_P56SorCCSmI,K7KMRBoqQUg_P56SorCCSmI,K7KMRBoqQUg,1,1,cf_upbeat_electronic,top1_prompt_level_preference_counterfactual,original,top1_reference,"I prefer upbeat electronic background music with a bright mood, clear rhythm, energetic beats, and a modern dance or pop feeling.","That sounds interesting, but I would like a music recommendation that is more in line with Owl City's electronic and pop style. I'm also looking for something with a faster tempo and a bit more energy.","In that case, I recommend 'Shooting Star' by Owl City. It's an electronic track with a bright mood, clear rhythm, energetic beats, and a modern dance or pop feel. It's a great choice for your video.","I understand what you're looking for. How about 'Shooting Star' by Owl City? It's a track from the album 'Shooting Star' and has an electronic and pop sound. The song is classified as electronic, dance, and indie with electro influences. Although there is no description for this particular track, it aligns well with Owl City's style and should provide the faster tempo and energetic vibe you're looking for.","I understand what you're looking for. How about 'Shooting Star' by Owl City? It's a track from the album 'Shooting Star' and has an electronic and pop sound. The song is classified as electronic, dance, and indie with electro influences. Although there is no description for this particular track, it aligns well with Owl City's style and should provide the faster tempo and energetic vibe you're looking for.",re looking for. How about 'Shooting Star,Owl City,0,1,0,1,0,top1_generation_prompt_text_changed_only_precomputed_text_feature_unchanged
3587,K7KMRBoqQUg,K7KMRBoqQUg_P56SorCCSmI,K7KMRBoqQUg_P56SorCCSmI,K7KMRBoqQUg,1,1,cf_lyrical_piano,top1_prompt_level_preference_counterfactual,original,top1_reference,"I prefer lyrical piano background music with a slow tempo, soft acoustic texture, gentle melody, and a calm sentimental mood.","That sounds interesting, but I would like a music recommendation that is more in line with Owl City's electronic and pop style. I'm also looking for something with a faster tempo and a bit more energy.","In that case, I would recommend 'Shooting Star' by Owl City. This track has a lyrical piano background and falls under the genres of electronic, dance, pop, and rock. It has a slow tempo, soft acoustic texture, gentle melody, and a calm sentimental mood, which aligns with your preferences.","I understand what you're looking for. How about 'Shooting Star' by Owl City? It's a track from the album 'Shooting Star' and has an electronic and pop sound. The song is classified as electronic, dance, and indie with electro influences. Although there is no description for this particular track, it aligns well with Owl City's style and should provide the faster tempo and energetic vibe you're looking for.","I understand what you're looking for. How about 'Shooting Star' by Owl City? It's a track from the album 'Shooting Star' and has an electronic and pop sound. The song is classified as electronic, dance, and indie with electro influences. Although there is no description for this particular track, it aligns well with Owl City's style and should provide the faster tempo and energetic vibe you're looking for.",re looking for. How about 'Shooting Star,Owl City,0,1,0,1,0,top1_generation_prompt_text_changed_only_precomputed_text_feature_unchanged
3601,0pzNkHgIdHk,0pzNkHgIdHk_zVaXHQhVXhQ,BiYSq-EixNk_zVaXHQhVXhQ,BiYSq-EixNk,0,2,original,top1_prompt_level_preference_counterfactual,original,top1_reference,"That sounds great, I like the electronic and techno genres in your music recommendations. However, I would also like to incorporate elements of rock, soul, and blues into the music. Do you have any suggestions?","That sounds great, I like the electronic and techno genres in your music recommendations. However, I would also like to incorporate elements of rock, soul, and blues into the music. Do you have any suggestions?","Allow me to recommend 'Bealti Mado' by Solomon Haile. It's a track from his album 'Bealti Mado'. The song combines elements of rock, pop, soul, and blues, which could be a fitting choice for your video. It has a guitar-focused sound and features male vocals.","Allow me to recommend 'Bisogno d'Amore' by Sud Sound System. It's a track from their album 'Ultimamente' released in 2010. The song combines elements of rock, soul, pop, and blues, which can add a diverse and dynamic sound to your video. It was also recorded in 2010, which may suit your preference.","Allow me to recommend a track called 'Bealti Mado' by Solomon Haile. Although I couldn't find much information about this specific track, Solomon Haile is known for his jazz, pop, rock, and soul style. This track might incorporate those influences and could be a fitting choice for your video. Additionally, it could be worth exploring the use of Indian guitar and string instruments in this track.",Bealti Mado,Solomon Haile,1,1,1,0,0,top1_generation_prompt_text_changed_only_precomputed_text_feature_unchanged
3601,0pzNkHgIdHk,0pzNkHgIdHk_zVaXHQhVXhQ,BiYSq-EixNk_zVaXHQhVXhQ,BiYSq-EixNk,0,2,cf_upbeat_electronic,top1_prompt_level_preference_counterfactual,original,top1_reference,"I prefer upbeat electronic background music with a bright mood, clear rhythm, energetic beats, and a modern dance or pop feeling.","That sounds great, I like the electronic and techno genres in your music recommendations. However, I would also like to incorporate elements of rock, soul, and blues into the music. Do you have any suggestions?","In that case, I recommend 'Bealti Mado' by Solomon Haile. It's a track from the album 'Bealti Mado'. This song combines elements of pop, rock, and electronic music with a dance and indie vibe. It has a fast-paced rhythm and catchy beats that will give your video a modern and energetic feel.","Allow me to recommend 'Bisogno d'Amore' by Sud Sound System. It's a track from their album 'Ultimamente' released in 2010. The song combines elements of rock, soul, pop, and blues, which can add a diverse and dynamic sound to your video. It was also recorded in 2010, which may suit your preference.","Allow me to recommend a track called 'Bealti Mado' by Solomon Haile. Although I couldn't find much information about this specific track, Solomon Haile is known for his jazz, pop, rock, and soul style. This track might incorporate those influences and could be a fitting choice for your video. Additionally, it could be worth exploring the use of Indian guitar and string instruments in this track.",Bealti Mado,Solomon Haile,1,1,1,0,0,top1_generation_prompt_text_changed_only_precomputed_text_feature_unchanged
3601,0pzNkHgIdHk,0pzNkHgIdHk_zVaXHQhVXhQ,BiYSq-EixNk_zVaXHQhVXhQ,BiYSq-EixNk,0,2,cf_lyrical_piano,top1_prompt_level_preference_counterfactual,original,top1_reference,"I prefer lyrical piano background music with a slow tempo, soft acoustic texture, gentle melody, and a calm sentimental mood.","That sounds great, I like the electronic and techno genres in your music recommendations. However, I would also like to incorporate elements of rock, soul, and blues into the music. Do you have any suggestions?","Allow me to recommend 'Bealti Mado' by Solomon Haile. It's a track from his album 'Bealti Mado'. It combines elements of pop, rock, and soul with a slow tempo and acoustic piano. The song has a gentle melody and a calm sentimental mood that could be a fitting choice for your video.","Allow me to recommend 'Bisogno d'Amore' by Sud Sound System. It's a track from their album 'Ultimamente' released in 2010. The song combines elements of rock, soul, pop, and blues, which can add a diverse and dynamic sound to your video. It was also recorded in 2010, which may suit your preference.","Allow me to recommend a track called 'Bealti Mado' by Solomon Haile. Although I couldn't find much information about this specific track, Solomon Haile is known for his jazz, pop, rock, and soul style. This track might incorporate those influences and could be a fitting choice for your video. Additionally, it could be worth exploring the use of Indian guitar and string instruments in this track.",Bealti Mado,Solomon Haile,1,1,1,0,0,top1_generation_prompt_text_changed_only_precomputed_text_feature_unchanged
3603,aloy-hdZ3CE,aloy-hdZ3CE_VgXFWk_EDGU,DSIf2qIdROc_69GtOx7G13E,DSIf2qIdROc,0,4,original,top1_prompt_level_preference_counterfactual,original,top1_reference,"That sounds good, but I'm also looking for a track with a similar style to 'True North' by The Crossing. Can you recommend something with alternative and indie rock influences?","That sounds good, but I'm also looking for a track with a similar style to 'True North' by The Crossing. Can you recommend something with alternative and indie rock influences?","Allow me to recommend 'True North' by The Crossing. It's a track from their album 'True North'. The song combines elements of alternative rock and indie rock, which aligns well with your preferences. It has a rock sound with guitar-driven melodies and powerful vocals.","Allow me to recommend 'True North' by The Crossing. It's the title track from their EP 'True North'. The song combines elements of rock, alternative, and indie rock, which aligns well with the alternative and indie rock style you're looking for. It was released in 2014 and has a distinct male vocal sound.","In that case, 'One Last Breath (Radio Version)' by Creed from the album 'One Last Breath' would be an excellent choice. It's deeply rooted in rock, with alternative and indie elements, and delivers on the louder, hard rock aspect you're interested in. The track carries a distinct vibe that might fit perfectly with your project's tone.",One Last Breath (Radio Version),Creed from the album 'One Last Breath' would be an excellent choice,0,0,0,1,0,top1_generation_prompt_text_changed_only_precomputed_text_feature_unchanged
3603,aloy-hdZ3CE,aloy-hdZ3CE_VgXFWk_EDGU,DSIf2qIdROc_69GtOx7G13E,DSIf2qIdROc,0,4,cf_upbeat_electronic,top1_prompt_level_preference_counterfactual,original,top1_reference,"I prefer upbeat electronic background music with a bright mood, clear rhythm, energetic beats, and a modern dance or pop feeling.","That sounds good, but I'm also looking for a track with a similar style to 'True North' by The Crossing. Can you recommend something with alternative and indie rock influences?","Allow me to recommend 'One Last Breath (Radio Version)' by Creed. It's a track from their album 'One Last Breath'. This song combines elements of rock, alternative, and indie with a pop influence. It has a fast-paced and energetic sound, which aligns well with the upbeat and modern dance vibe you're looking for.","Allow me to recommend 'True North' by The Crossing. It's the title track from their EP 'True North'. The song combines elements of rock, alternative, and indie rock, which aligns well with the alternative and indie rock style you're looking for. It was released in 2014 and has a distinct male vocal sound.","In that case, 'One Last Breath (Radio Version)' by Creed from the album 'One Last Breath' would be an excellent choice. It's deeply rooted in rock, with alternative and indie elements, and delivers on the louder, hard rock aspect you're interested in. The track carries a distinct vibe that might fit perfectly with your project's tone.",One Last Breath (Radio Version),Creed from the album 'One Last Breath' would be an excellent choice,1,0,0,1,0,top1_generation_prompt_text_changed_only_precomputed_text_feature_unchanged
3603,aloy-hdZ3CE,aloy-hdZ3CE_VgXFWk_EDGU,DSIf2qIdROc_69GtOx7G13E,DSIf2qIdROc,0,4,cf_lyrical_piano,top1_prompt_level_preference_counterfactual,original,top1_reference,"I prefer lyrical piano background music with a slow tempo, soft acoustic texture, gentle melody, and a calm sentimental mood.","That sounds good, but I'm also looking for a track with a similar style to 'True North' by The Crossing. Can you recommend something with alternative and indie rock influences?","Allow me to recommend 'One Last Breath (Radio Version)' by Creed. It's a track from their album 'One Last Breath'. This song combines elements of rock, alternative, and indie with a slow tempo and acoustic guitar. It has a heartfelt and emotional vibe that could be a fitting choice for your video.","Allow me to recommend 'True North' by The Crossing. It's the title track from their EP 'True North'. The song combines elements of rock, alternative, and indie rock, which aligns well with the alternative and indie rock style you're looking for. It was released in 2014 and has a distinct male vocal sound.","In that case, 'One Last Breath (Radio Version)' by Creed from the album 'One Last Breath' would be an excellent choice. It's deeply rooted in rock, with alternative and indie elements, and delivers on the louder, hard rock aspect you're interested in. The track carries a distinct vibe that might fit perfectly with your project's tone.",One Last Breath (Radio Version),Creed from the album 'One Last Breath' would be an excellent choice,1,0,0,1,0,top1_generation_prompt_text_changed_only_precomputed_text_feature_unchanged
3605,Iyy9VDuS3oM,Iyy9VDuS3oM_4oB7o8Tl9so,EWsSCph1Aco_5_EwhF3uhLw,EWsSCph1Aco,0,2,original,top1_prompt_level_preference_counterfactual,original,top1_reference,"That sounds great, I like the electronic and rock types in your recommendations. But I would like to incorporate a bit more of ARTMATA's distinctive style, especially their indie and alternative components. I'm also interested in the drum and electronic influences.","That sounds great, I like the electronic and rock types in your recommendations. But I would like to incorporate a bit more of ARTMATA's distinctive style, especially their indie and alternative components. I'm also interested in the drum and electronic influences.","Allow me to recommend 'Cuando el sol se pone' by ARTMATA. It's a track from their album 'Cuando el sol se pone'. It combines elements of indie rock, alternative, and electronic beats that could be a fitting choice for your video. It was recorded in 2013 which may contain the specific element you want.","Allow me to recommend 'O Tempo Passa' by ARTMATA. It's a track from their EP released in 2012. It combines elements of rock, Hip-Hop, and electronic with alternative and indie influences. The song has a drum-focused sound with a mix of electronic beats, which could be a fitting choice for your video.","Allow me to recommend 'Zion avanza' by Delfines de Etiopia. It's a track from their album 'Subir, mirar mejor'. It combines elements of indie rock, alternative rock, and electronic music with experimental touches. This track was part of their 10th-anniversary celebration, which could add a special and memorable element to your video.",Zion avanza,Delfines de Etiopia,0,0,0,1,0,top1_generation_prompt_text_changed_only_precomputed_text_feature_unchanged
3605,Iyy9VDuS3oM,Iyy9VDuS3oM_4oB7o8Tl9so,EWsSCph1Aco_5_EwhF3uhLw,EWsSCph1Aco,0,2,cf_upbeat_electronic,top1_prompt_level_preference_counterfactual,original,top1_reference,"I prefer upbeat electronic background music with a bright mood, clear rhythm, energetic beats, and a modern dance or pop feeling.","That sounds great, I like the electronic and rock types in your recommendations. But I would like to incorporate a bit more of ARTMATA's distinctive style, especially their indie and alternative components. I'm also interested in the drum and electronic influences.","In that case, I recommend 'Zion avanza' by Delfines de Etiopia. It's a track from their album 'Zion avanza'. This song combines elements of rock, indie, pop, and alternative with a fast-paced techno sound. It has a bright and energetic vibe that could be a great fit for your video.","Allow me to recommend 'O Tempo Passa' by ARTMATA. It's a track from their EP released in 2012. It combines elements of rock, Hip-Hop, and electronic with alternative and indie influences. The song has a drum-focused sound with a mix of electronic beats, which could be a fitting choice for your video.","Allow me to recommend 'Zion avanza' by Delfines de Etiopia. It's a track from their album 'Subir, mirar mejor'. It combines elements of indie rock, alternative rock, and electronic music with experimental touches. This track was part of their 10th-anniversary celebration, which could add a special and memorable element to your video.",Zion avanza,Delfines de Etiopia,1,1,1,0,0,top1_generation_prompt_text_changed_only_precomputed_text_feature_unchanged
3605,Iyy9VDuS3oM,Iyy9VDuS3oM_4oB7o8Tl9so,EWsSCph1Aco_5_EwhF3uhLw,EWsSCph1Aco,0,2,cf_lyrical_piano,top1_prompt_level_preference_counterfactual,original,top1_reference,"I prefer lyrical piano background music with a slow tempo, soft acoustic texture, gentle melody, and a calm sentimental mood.","That sounds great, I like the electronic and rock types in your recommendations. But I would like to incorporate a bit more of ARTMATA's distinctive style, especially their indie and alternative components. I'm also interested in the drum and electronic influences.","Allow me to recommend 'Zion avanza' by Delfines de Etiopia. It's a track from their album 'Zion avanza'. This song combines elements of rock, indie, pop, and alternative with a slow tempo and acoustic guitar. It has a lyrical piano and a gentle melody that can create a sentimental mood for your video.","Allow me to recommend 'O Tempo Passa' by ARTMATA. It's a track from their EP released in 2012. It combines elements of rock, Hip-Hop, and electronic with alternative and indie influences. The song has a drum-focused sound with a mix of electronic beats, which could be a fitting choice for your video.","Allow me to recommend 'Zion avanza' by Delfines de Etiopia. It's a track from their album 'Subir, mirar mejor'. It combines elements of indie rock, alternative rock, and electronic music with experimental touches. This track was part of their 10th-anniversary celebration, which could add a special and memorable element to your video.",Zion avanza,Delfines de Etiopia,1,1,1,0,0,top1_generation_prompt_text_changed_only_precomputed_text_feature_unchanged
3635,MsvUscdzkAc,MsvUscdzkAc_aZuqmdRgEHE,5-TWTHpHEwI_llU5shMHJD4,5-TWTHpHEwI,0,6,original,top1_prompt_level_preference_counterfactual,original,top1_reference,"That sounds great, but I'm also interested in incorporating MakSim's style into my video. I like the pop and electronic influences in her music, as well as the instrumental elements. Can you recommend a song that combines these elements?","That sounds great, but I'm also interested in incorporating MakSim's style into my video. I like the pop and electronic influences in her music, as well as the instrumental elements. Can you recommend a song that combines these elements?","Allow me to recommend 'Сила' by MakSim. It's a track from her album 'Сила'. The song combines elements of pop, dance, and electronic music with instrumental elements. It was released in 2010 and has a catchy and energetic sound that could be a fitting choice for your video.","Allow me to recommend 'My Paradise' by MakSim. It's a track from her album 'Running on the waves'. This song combines pop, electronic, and instrumental elements, which align well with the style you're looking for in your video. MakSim is known for her distinctive female vocal style, and this song showcases her talent in that aspect.","Allow me to recommend 'Genie' by Girls' Generation. It's a pop and dance track from their album 'Genie'. The song features electronic and house elements with female vocals, which aligns well with the pop and electronic style you're looking for. It's a catchy and upbeat song that could add a vibrant and energetic touch to your video.",Genie,Girls' Generation,0,0,0,1,0,top1_generation_prompt_text_changed_only_precomputed_text_feature_unchanged
3635,MsvUscdzkAc,MsvUscdzkAc_aZuqmdRgEHE,5-TWTHpHEwI_llU5shMHJD4,5-TWTHpHEwI,0,6,cf_upbeat_electronic,top1_prompt_level_preference_counterfactual,original,top1_reference,"I prefer upbeat electronic background music with a bright mood, clear rhythm, energetic beats, and a modern dance or pop feeling.","That sounds great, but I'm also interested in incorporating MakSim's style into my video. I like the pop and electronic influences in her music, as well as the instrumental elements. Can you recommend a song that combines these elements?","In that case, I would recommend 'Genie' by Girls' Generation. This track is a perfect fit for your needs as it combines elements of dance, pop, and electronic music. It has a bright and energetic vibe that will add a lively atmosphere to your video.","Allow me to recommend 'My Paradise' by MakSim. It's a track from her album 'Running on the waves'. This song combines pop, electronic, and instrumental elements, which align well with the style you're looking for in your video. MakSim is known for her distinctive female vocal style, and this song showcases her talent in that aspect.","Allow me to recommend 'Genie' by Girls' Generation. It's a pop and dance track from their album 'Genie'. The song features electronic and house elements with female vocals, which aligns well with the pop and electronic style you're looking for. It's a catchy and upbeat song that could add a vibrant and energetic touch to your video.",Genie,Girls' Generation,1,1,1,0,0,top1_generation_prompt_text_changed_only_precomputed_text_feature_unchanged
3635,MsvUscdzkAc,MsvUscdzkAc_aZuqmdRgEHE,5-TWTHpHEwI_llU5shMHJD4,5-TWTHpHEwI,0,6,cf_lyrical_piano,top1_prompt_level_preference_counterfactual,original,top1_reference,"I prefer lyrical piano background music with a slow tempo, soft acoustic texture, gentle melody, and a calm sentimental mood.","That sounds great, but I'm also interested in incorporating MakSim's style into my video. I like the pop and electronic influences in her music, as well as the instrumental elements. Can you recommend a song that combines these elements?","In that case, I would recommend 'Love Is' by Girls' Generation. This track has a beautiful lyrical piano background and a slow tempo, creating a soft and acoustic texture. The gentle melody and calm sentimental mood make it a perfect fit for your video.","Allow me to recommend 'My Paradise' by MakSim. It's a track from her album 'Running on the waves'. This song combines pop, electronic, and instrumental elements, which align well with the style you're looking for in your video. MakSim is known for her distinctive female vocal style, and this song showcases her talent in that aspect.","Allow me to recommend 'Genie' by Girls' Generation. It's a pop and dance track from their album 'Genie'. The song features electronic and house elements with female vocals, which aligns well with the pop and electronic style you're looking for. It's a catchy and upbeat song that could add a vibrant and energetic touch to your video.",Genie,Girls' Generation,0,1,0,1,0,top1_generation_prompt_text_changed_only_precomputed_text_feature_unchanged
3645,fpPHM9g7doo,fpPHM9g7doo_gXmN3m7GpEk,fpPHM9g7doo_gXmN3m7GpEk,fpPHM9g7doo,1,1,original,top1_prompt_level_preference_counterfactual,original,top1_reference,"That sounds great, I like the dance and electronic genres in your music recommendations. But I would like to incorporate a bit more of Nav Sidhu's distinctive style, especially his hip-hop and R&B components. I'm also interested in Indian beats.","That sounds great, I like the dance and electronic genres in your music recommendations. But I would like to incorporate a bit more of Nav Sidhu's distinctive style, especially his hip-hop and R&B components. I'm also interested in Indian beats.","Allow me to recommend 'London'o Phone' by Nav Sidhu. It's a track from his album 'London'o Phone'. It combines elements of hip-hop, R&B, and electronic music with Indian beats. The song has a dance and pop vibe that could be a fitting choice for your video.","Allow me to recommend 'London'o Phone' by Nav Sidhu. Although there is no detailed information available about this track, Nav Sidhu is known for his hip-hop and R&B style. You can expect elements of pop, dance, and electronic genres in this song as well. It might be a suitable choice for your video, incorporating the Indian beats you're interested in.","Allow me to recommend 'London'o Phone' by Nav Sidhu. Although there is no detailed information available about this track, Nav Sidhu is known for his hip-hop and R&B style. You can expect elements of pop, dance, and electronic genres in this song as well. It might be a suitable choice for your video, incorporating the Indian beats you're interested in.",London'o Phone,Nav Sidhu,1,1,1,0,0,top1_generation_prompt_text_changed_only_precomputed_text_feature_unchanged
3645,fpPHM9g7doo,fpPHM9g7doo_gXmN3m7GpEk,fpPHM9g7doo_gXmN3m7GpEk,fpPHM9g7doo,1,1,cf_upbeat_electronic,top1_prompt_level_preference_counterfactual,original,top1_reference,"I prefer upbeat electronic background music with a bright mood, clear rhythm, energetic beats, and a modern dance or pop feeling.","That sounds great, I like the dance and electronic genres in your music recommendations. But I would like to incorporate a bit more of Nav Sidhu's distinctive style, especially his hip-hop and R&B components. I'm also interested in Indian beats.","In that case, I recommend 'London'o Phone' by Nav Sidhu. It's a track from the album 'London'o Phone'. This song combines elements of electronic, pop, and dance with a fast-paced techno beat. It has a bright and energetic vibe that could be a great fit for your video.","Allow me to recommend 'London'o Phone' by Nav Sidhu. Although there is no detailed information available about this track, Nav Sidhu is known for his hip-hop and R&B style. You can expect elements of pop, dance, and electronic genres in this song as well. It might be a suitable choice for your video, incorporating the Indian beats you're interested in.","Allow me to recommend 'London'o Phone' by Nav Sidhu. Although there is no detailed information available about this track, Nav Sidhu is known for his hip-hop and R&B style. You can expect elements of pop, dance, and electronic genres in this song as well. It might be a suitable choice for your video, incorporating the Indian beats you're interested in.",London'o Phone,Nav Sidhu,1,1,1,0,0,top1_generation_prompt_text_changed_only_precomputed_text_feature_unchanged
3645,fpPHM9g7doo,fpPHM9g7doo_gXmN3m7GpEk,fpPHM9g7doo_gXmN3m7GpEk,fpPHM9g7doo,1,1,cf_lyrical_piano,top1_prompt_level_preference_counterfactual,original,top1_reference,"I prefer lyrical piano background music with a slow tempo, soft acoustic texture, gentle melody, and a calm sentimental mood.","That sounds great, I like the dance and electronic genres in your music recommendations. But I would like to incorporate a bit more of Nav Sidhu's distinctive style, especially his hip-hop and R&B components. I'm also interested in Indian beats.","In that case, I would recommend 'London'o Phone' by Nav Sidhu. This track has a lyrical piano background music with a slow tempo, soft acoustic texture, gentle melody, and a calm sentimental mood. It's a perfect fit for your video.","Allow me to recommend 'London'o Phone' by Nav Sidhu. Although there is no detailed information available about this track, Nav Sidhu is known for his hip-hop and R&B style. You can expect elements of pop, dance, and electronic genres in this song as well. It might be a suitable choice for your video, incorporating the Indian beats you're interested in.","Allow me to recommend 'London'o Phone' by Nav Sidhu. Although there is no detailed information available about this track, Nav Sidhu is known for his hip-hop and R&B style. You can expect elements of pop, dance, and electronic genres in this song as well. It might be a suitable choice for your video, incorporating the Indian beats you're interested in.",London'o Phone,Nav Sidhu,1,1,1,0,0,top1_generation_prompt_text_changed_only_precomputed_text_feature_unchanged
3660,K2Tehu9FskU,K2Tehu9FskU_mrUSad1Tdzk,nZNxV2PbEt8_-ApiJ7GWlZU,nZNxV2PbEt8,0,2,original,top1_prompt_level_preference_counterfactual,original,top1_reference,"That sounds great, I like the rock and electronic types in your music recommendations. But I would like to incorporate a bit more of a pop and indie style, especially with female vocals. I'm also interested in a more vocal-focused sound.","That sounds great, I like the rock and electronic types in your music recommendations. But I would like to incorporate a bit more of a pop and indie style, especially with female vocals. I'm also interested in a more vocal-focused sound.","Allow me to recommend 'I Love You' by BYA. It's a pop and indie track with female vocals. Although I don't have much information about the specific album or artist, the song aligns well with the pop and indie style you're looking for. It has a vocal-focused sound that could be a fitting choice for your video.","Allow me to recommend the track 'Revelation Song' by Steve and Sandi Padilla. Although there is no specific information available about the track, based on the artist's genre tags of pop, electronic, and rock, and the MTT tags of female and vocal, it may align with your preferences for a pop and indie style with female vocals. As an AMV, it's important to have a strong vocal presence to convey emotions effectively.","Allow me to recommend 'I love you' by BYA. It's a track with female vocals and falls into the genres of pop, electronic, and indie. The song has alternative influences as well, which could be a fitting choice for your video.",I love you,BYA,1,1,1,0,0,top1_generation_prompt_text_changed_only_precomputed_text_feature_unchanged
3660,K2Tehu9FskU,K2Tehu9FskU_mrUSad1Tdzk,nZNxV2PbEt8_-ApiJ7GWlZU,nZNxV2PbEt8,0,2,cf_upbeat_electronic,top1_prompt_level_preference_counterfactual,original,top1_reference,"I prefer upbeat electronic background music with a bright mood, clear rhythm, energetic beats, and a modern dance or pop feeling.","That sounds great, I like the rock and electronic types in your music recommendations. But I would like to incorporate a bit more of a pop and indie style, especially with female vocals. I'm also interested in a more vocal-focused sound.","In that case, I would recommend 'I Love You' by BYA. This track has a pop and electronic sound with female vocals. It has a bright and energetic vibe that would be perfect for your video.","Allow me to recommend the track 'Revelation Song' by Steve and Sandi Padilla. Although there is no specific information available about the track, based on the artist's genre tags of pop, electronic, and rock, and the MTT tags of female and vocal, it may align with your preferences for a pop and indie style with female vocals. As an AMV, it's important to have a strong vocal presence to convey emotions effectively.","Allow me to recommend 'I love you' by BYA. It's a track with female vocals and falls into the genres of pop, electronic, and indie. The song has alternative influences as well, which could be a fitting choice for your video.",I love you,BYA,1,1,1,0,0,top1_generation_prompt_text_changed_only_precomputed_text_feature_unchanged
3660,K2Tehu9FskU,K2Tehu9FskU_mrUSad1Tdzk,nZNxV2PbEt8_-ApiJ7GWlZU,nZNxV2PbEt8,0,2,cf_lyrical_piano,top1_prompt_level_preference_counterfactual,original,top1_reference,"I prefer lyrical piano background music with a slow tempo, soft acoustic texture, gentle melody, and a calm sentimental mood.","That sounds great, I like the rock and electronic types in your music recommendations. But I would like to incorporate a bit more of a pop and indie style, especially with female vocals. I'm also interested in a more vocal-focused sound.","In that case, I recommend 'I Love You' by BYA. It's a beautiful song with lyrical piano and a slow tempo. The acoustic texture and gentle melody create a soothing and sentimental atmosphere, perfect for your video.","Allow me to recommend the track 'Revelation Song' by Steve and Sandi Padilla. Although there is no specific information available about the track, based on the artist's genre tags of pop, electronic, and rock, and the MTT tags of female and vocal, it may align with your preferences for a pop and indie style with female vocals. As an AMV, it's important to have a strong vocal presence to convey emotions effectively.","Allow me to recommend 'I love you' by BYA. It's a track with female vocals and falls into the genres of pop, electronic, and indie. The song has alternative influences as well, which could be a fitting choice for your video.",I love you,BYA,1,1,1,0,0,top1_generation_prompt_text_changed_only_precomputed_text_feature_unchanged
3673,h5Dl5y6er04,h5Dl5y6er04_rHV4SRg0aSU,Vfxj2zLHkSI_AfOSCflq5VM,Vfxj2zLHkSI,0,11,original,top1_prompt_level_preference_counterfactual,original,top1_reference,"Sounds interesting, but I'm looking for something with a more rock and punk vibe. Is there any other recommendation you can give?","Sounds interesting, but I'm looking for something with a more rock and punk vibe. Is there any other recommendation you can give?","Absolutely! If you're looking for a rock and punk vibe, I would recommend 'Sweet Dreams' by The Dirty Truckers. This track is part of their album 'Sweet Dreams' and it perfectly captures the essence of rock, punk, and alternative rock. It's a high-energy song that will add a rebellious and edgy feel to your video.","Certainly! If you're looking for a rock and punk vibe, I suggest you check out 'Ezra' by David R Black. It's the latest video from this 3-piece rock band and offers a mix of rock, indie, alternative, and punk genres. This track is part of their new album 'Secret City', which you can find on their website or download from various online platforms like iTunes, Napster, Rhapsody, eMusic, and Amazon.","Allow me to recommend 'うさぎ／児玉梨奈'. It's a rock track by the usagi band. Although there is limited information available about the album or artists, the song falls under the indie, alternative, and female vocalists genres. It has a distinct indie rock vibe and was scheduled for release in September 2010.",,,,,,0,0,top1_generation_prompt_text_changed_only_precomputed_text_feature_unchanged
3673,h5Dl5y6er04,h5Dl5y6er04_rHV4SRg0aSU,Vfxj2zLHkSI_AfOSCflq5VM,Vfxj2zLHkSI,0,11,cf_upbeat_electronic,top1_prompt_level_preference_counterfactual,original,top1_reference,"I prefer upbeat electronic background music with a bright mood, clear rhythm, energetic beats, and a modern dance or pop feeling.","Sounds interesting, but I'm looking for something with a more rock and punk vibe. Is there any other recommendation you can give?","は I recommend 'Sunshine' by The Pillows. It's a rock track with indie and alternative influences. The song has a fast-paced and energetic sound, which aligns well with the upbeat electronic vibe you're looking for. It was released in 2012 and has a modern feel to it.","Certainly! If you're looking for a rock and punk vibe, I suggest you check out 'Ezra' by David R Black. It's the latest video from this 3-piece rock band and offers a mix of rock, indie, alternative, and punk genres. This track is part of their new album 'Secret City', which you can find on their website or download from various online platforms like iTunes, Napster, Rhapsody, eMusic, and Amazon.","Allow me to recommend 'うさぎ／児玉梨奈'. It's a rock track by the usagi band. Although there is limited information available about the album or artists, the song falls under the indie, alternative, and female vocalists genres. It has a distinct indie rock vibe and was scheduled for release in September 2010.",,,,,,0,0,top1_generation_prompt_text_changed_only_precomputed_text_feature_unchanged
3673,h5Dl5y6er04,h5Dl5y6er04_rHV4SRg0aSU,Vfxj2zLHkSI_AfOSCflq5VM,Vfxj2zLHkSI,0,11,cf_lyrical_piano,top1_prompt_level_preference_counterfactual,original,top1_reference,"I prefer lyrical piano background music with a slow tempo, soft acoustic texture, gentle melody, and a calm sentimental mood.","Sounds interesting, but I'm looking for something with a more rock and punk vibe. Is there any other recommendation you can give?","は I recommend 'Sunshine' by The Paper Kites. It's a track from their album 'Twelve Four'. The Paper Kites are known for their indie rock and alternative style, which aligns with your preference for lyrical piano background music. The song has a slow tempo, soft acoustic texture, and a gentle melody that creates a calm and sentimental mood.","Certainly! If you're looking for a rock and punk vibe, I suggest you check out 'Ezra' by David R Black. It's the latest video from this 3-piece rock band and offers a mix of rock, indie, alternative, and punk genres. This track is part of their new album 'Secret City', which you can find on their website or download from various online platforms like iTunes, Napster, Rhapsody, eMusic, and Amazon.","Allow me to recommend 'うさぎ／児玉梨奈'. It's a rock track by the usagi band. Although there is limited information available about the album or artists, the song falls under the indie, alternative, and female vocalists genres. It has a distinct indie rock vibe and was scheduled for release in September 2010.",,,,,,0,0,top1_generation_prompt_text_changed_only_precomputed_text_feature_unchanged
3689,mkPFefiDPsY,mkPFefiDPsY_eyPHi3taRcM,dmCQGY420rk_iqNEHhKHBes,dmCQGY420rk,0,27,original,top1_prompt_level_preference_counterfactual,original,top1_reference,"That sounds great, I like the electronic and rock fusion in your music recommendations. However, I would like to include a touch of Şebnem Ferah's unique style, especially her pop and indie elements. I'm also interested in female vocals and guitar sounds.","That sounds great, I like the electronic and rock fusion in your music recommendations. However, I would like to include a touch of Şebnem Ferah's unique style, especially her pop and indie elements. I'm also interested in female vocals and guitar sounds.","Allow me to recommend 'Bir Yerde' by Şebnem Ferah. It's a track from her album 'Bir Yerde'. The song combines elements of pop, indie, and rock with female vocals and guitar sounds. It was released in 2012 and may contain the specific elements you're looking for.","Allow me to recommend 'Ünzile' by Şebnem Ferah. It's a track from her album 'Onno Tunc Sarkilari'. The song combines pop, rock, and folk genres with indie influences. It features Şebnem Ferah's distinctive female vocals and includes guitar elements. It's a fitting choice for your video.","Allow me to recommend 'Virtuel' by ANGELYS. It's a track from their album 'Sensations'. It combines elements of pop, rock, and folk with female vocals, which could be a fitting choice for your video. The song also has indie influences, adding a unique touch to the overall sound.",Virtuel,ANGELYS,0,0,0,1,0,top1_generation_prompt_text_changed_only_precomputed_text_feature_unchanged
3689,mkPFefiDPsY,mkPFefiDPsY_eyPHi3taRcM,dmCQGY420rk_iqNEHhKHBes,dmCQGY420rk,0,27,cf_upbeat_electronic,top1_prompt_level_preference_counterfactual,original,top1_reference,"I prefer upbeat electronic background music with a bright mood, clear rhythm, energetic beats, and a modern dance or pop feeling.","That sounds great, I like the electronic and rock fusion in your music recommendations. However, I would like to include a touch of Şebnem Ferah's unique style, especially her pop and indie elements. I'm also interested in female vocals and guitar sounds.","In that case, I recommend 'Sin Ti' by ANGELYS. It's a pop track with female vocals and indie influences. The song has a bright and energetic sound that could be a great fit for your video.","Allow me to recommend 'Ünzile' by Şebnem Ferah. It's a track from her album 'Onno Tunc Sarkilari'. The song combines pop, rock, and folk genres with indie influences. It features Şebnem Ferah's distinctive female vocals and includes guitar elements. It's a fitting choice for your video.","Allow me to recommend 'Virtuel' by ANGELYS. It's a track from their album 'Sensations'. It combines elements of pop, rock, and folk with female vocals, which could be a fitting choice for your video. The song also has indie influences, adding a unique touch to the overall sound.",Virtuel,ANGELYS,0,1,0,1,0,top1_generation_prompt_text_changed_only_precomputed_text_feature_unchanged
3689,mkPFefiDPsY,mkPFefiDPsY_eyPHi3taRcM,dmCQGY420rk_iqNEHhKHBes,dmCQGY420rk,0,27,cf_lyrical_piano,top1_prompt_level_preference_counterfactual,original,top1_reference,"I prefer lyrical piano background music with a slow tempo, soft acoustic texture, gentle melody, and a calm sentimental mood.","That sounds great, I like the electronic and rock fusion in your music recommendations. However, I would like to include a touch of Şebnem Ferah's unique style, especially her pop and indie elements. I'm also interested in female vocals and guitar sounds.","In that case, I would recommend 'Sin Ti' by ANGELYS. This track has a beautiful lyrical piano background and a slow tempo, creating a soft and acoustic atmosphere. The gentle melody and calm sentimental mood make it a perfect fit for your video.","Allow me to recommend 'Ünzile' by Şebnem Ferah. It's a track from her album 'Onno Tunc Sarkilari'. The song combines pop, rock, and folk genres with indie influences. It features Şebnem Ferah's distinctive female vocals and includes guitar elements. It's a fitting choice for your video.","Allow me to recommend 'Virtuel' by ANGELYS. It's a track from their album 'Sensations'. It combines elements of pop, rock, and folk with female vocals, which could be a fitting choice for your video. The song also has indie influences, adding a unique touch to the overall sound.",Virtuel,ANGELYS,0,1,0,1,0,top1_generation_prompt_text_changed_only_precomputed_text_feature_unchanged
3705,SQZT17IAxeA,SQZT17IAxeA_tj0qwm941gg,6CNrFkREe6g_EAo4DXBZ81M,6CNrFkREe6g,0,8,original,top1_prompt_level_preference_counterfactual,original,top1_reference,"That sounds good, but I would like to include more elements of indie and dance music in the recommendation. I'm also interested in having some synth and vocal effects in the track.","That sounds good, but I would like to include more elements of indie and dance music in the recommendation. I'm also interested in having some synth and vocal effects in the track.","Allow me to recommend 'I'm On It' by Yung Trap. It's a track from the album 'I'm On It'. It combines elements of hip-hop, electronic, and indie music with a dance vibe. The song has a techno and electronic sound with synth and vocal effects. It was released in 2014 and may contain the specific elements you're looking for.","Let me suggest a track from D.Money and Ricky Mazarati titled '#Struggle'. Although there is no specific description available for this track, based on the MSD tags, it falls under the hip-hop, electronic, and indie genres. It might have the elements you are looking for, including dance influences and synth effects. Since it's a collaboration between two artists, it might also have interesting vocal effects.","Certainly! How about 'Traedakidd iPhone'? It's a track that combines hip-hop, electronic, and dance elements. Although I don't have much information about the artist or the album, the song itself should provide the desired fusion of genres for your video.",,,,,,0,0,top1_generation_prompt_text_changed_only_precomputed_text_feature_unchanged
3705,SQZT17IAxeA,SQZT17IAxeA_tj0qwm941gg,6CNrFkREe6g_EAo4DXBZ81M,6CNrFkREe6g,0,8,cf_upbeat_electronic,top1_prompt_level_preference_counterfactual,original,top1_reference,"I prefer upbeat electronic background music with a bright mood, clear rhythm, energetic beats, and a modern dance or pop feeling.","That sounds good, but I would like to include more elements of indie and dance music in the recommendation. I'm also interested in having some synth and vocal effects in the track.","Based on your preferences, I recommend 'BIG BANK' by BIG BANK. It's a track with a bright mood, clear rhythm, energetic beats, and a modern dance or pop feeling. Although I don't have much information about the track, it aligns well with your desired style.","Let me suggest a track from D.Money and Ricky Mazarati titled '#Struggle'. Although there is no specific description available for this track, based on the MSD tags, it falls under the hip-hop, electronic, and indie genres. It might have the elements you are looking for, including dance influences and synth effects. Since it's a collaboration between two artists, it might also have interesting vocal effects.","Certainly! How about 'Traedakidd iPhone'? It's a track that combines hip-hop, electronic, and dance elements. Although I don't have much information about the artist or the album, the song itself should provide the desired fusion of genres for your video.",,,,,,0,0,top1_generation_prompt_text_changed_only_precomputed_text_feature_unchanged
3705,SQZT17IAxeA,SQZT17IAxeA_tj0qwm941gg,6CNrFkREe6g_EAo4DXBZ81M,6CNrFkREe6g,0,8,cf_lyrical_piano,top1_prompt_level_preference_counterfactual,original,top1_reference,"I prefer lyrical piano background music with a slow tempo, soft acoustic texture, gentle melody, and a calm sentimental mood.","That sounds good, but I would like to include more elements of indie and dance music in the recommendation. I'm also interested in having some synth and vocal effects in the track.","In that case, I would recommend 'I'm Good' by Yung Tone. This track has a lyrical piano background and falls under the genres of Hip-Hop, electronic, rock, indie, and pop. It has a slow tempo and features a male vocalist. The music video for this track was directed by @DJ_DREW and filmed by @DJ_DREW and @DJ_DREW.","Let me suggest a track from D.Money and Ricky Mazarati titled '#Struggle'. Although there is no specific description available for this track, based on the MSD tags, it falls under the hip-hop, electronic, and indie genres. It might have the elements you are looking for, including dance influences and synth effects. Since it's a collaboration between two artists, it might also have interesting vocal effects.","Certainly! How about 'Traedakidd iPhone'? It's a track that combines hip-hop, electronic, and dance elements. Although I don't have much information about the artist or the album, the song itself should provide the desired fusion of genres for your video.",,,,,,0,0,top1_generation_prompt_text_changed_only_precomputed_text_feature_unchanged
3711,xSAt_9AARZg,xSAt_9AARZg_qJbtrYcfTfo,Bdz3jRz2yzc_hS_ZVaY19_o,Bdz3jRz2yzc,0,3,original,top1_prompt_level_preference_counterfactual,original,top1_reference,"That sounds great, I like the genres you mentioned. However, I would like to incorporate a bit more of Christina Ross's style, especially her folk and jazz influences. I'm also interested in slow and acoustic sounds.","That sounds great, I like the genres you mentioned. However, I would like to incorporate a bit more of Christina Ross's style, especially her folk and jazz influences. I'm also interested in slow and acoustic sounds.","Allow me to recommend 'What Are Words' by Christina Ross. It's a cover of the song originally performed by Dan + Shay. The track combines elements of pop, folk, and jazz with a slow and acoustic sound. It could be a fitting choice for your video.","Allow me to recommend 'In Your Arms' by Christina Ross. It's a track from her album 'In Your Arms'. This song combines elements of folk, pop, and jazz with slow guitar and soothing female vocals, providing a perfect fit for your video. Since there is no description available, I cannot provide additional information about the track.","Certainly! I would recommend the track 'What Are Words [Cover]' by Vũ Cát Tường. This cover song, originally performed by Chris Medina, showcases Vũ Cát Tường's talent with her beautiful female vocals. The song combines elements of pop, folk, and jazz, creating a soothing and melodic sound.",What Are Words [Cover],Vũ Cát Tường,0,0,0,1,0,top1_generation_prompt_text_changed_only_precomputed_text_feature_unchanged
3711,xSAt_9AARZg,xSAt_9AARZg_qJbtrYcfTfo,Bdz3jRz2yzc_hS_ZVaY19_o,Bdz3jRz2yzc,0,3,cf_upbeat_electronic,top1_prompt_level_preference_counterfactual,original,top1_reference,"I prefer upbeat electronic background music with a bright mood, clear rhythm, energetic beats, and a modern dance or pop feeling.","That sounds great, I like the genres you mentioned. However, I would like to incorporate a bit more of Christina Ross's style, especially her folk and jazz influences. I'm also interested in slow and acoustic sounds.","In that case, I recommend 'What Are Words' by Vũ Cát Tường. It's a cover of the song originally performed by Dan + Shay. The track combines elements of pop, rock, and folk with a female vocalist. It has a slow tempo and features piano and guitar, which can add a touch of elegance and emotion to your video.","Allow me to recommend 'In Your Arms' by Christina Ross. It's a track from her album 'In Your Arms'. This song combines elements of folk, pop, and jazz with slow guitar and soothing female vocals, providing a perfect fit for your video. Since there is no description available, I cannot provide additional information about the track.","Certainly! I would recommend the track 'What Are Words [Cover]' by Vũ Cát Tường. This cover song, originally performed by Chris Medina, showcases Vũ Cát Tường's talent with her beautiful female vocals. The song combines elements of pop, folk, and jazz, creating a soothing and melodic sound.",What Are Words [Cover],Vũ Cát Tường,0,1,0,1,0,top1_generation_prompt_text_changed_only_precomputed_text_feature_unchanged
3711,xSAt_9AARZg,xSAt_9AARZg_qJbtrYcfTfo,Bdz3jRz2yzc_hS_ZVaY19_o,Bdz3jRz2yzc,0,3,cf_lyrical_piano,top1_prompt_level_preference_counterfactual,original,top1_reference,"I prefer lyrical piano background music with a slow tempo, soft acoustic texture, gentle melody, and a calm sentimental mood.","That sounds great, I like the genres you mentioned. However, I would like to incorporate a bit more of Christina Ross's style, especially her folk and jazz influences. I'm also interested in slow and acoustic sounds.","Allow me to recommend 'What Are Words' by Vũ Cát Tường. It's a cover of the song originally performed by Dan + Shay. The track combines elements of pop, rock, and folk with a slow tempo and acoustic guitar. It has a beautiful and sentimental vibe that could be a perfect fit for your video.","Allow me to recommend 'In Your Arms' by Christina Ross. It's a track from her album 'In Your Arms'. This song combines elements of folk, pop, and jazz with slow guitar and soothing female vocals, providing a perfect fit for your video. Since there is no description available, I cannot provide additional information about the track.","Certainly! I would recommend the track 'What Are Words [Cover]' by Vũ Cát Tường. This cover song, originally performed by Chris Medina, showcases Vũ Cát Tường's talent with her beautiful female vocals. The song combines elements of pop, folk, and jazz, creating a soothing and melodic sound.",What Are Words [Cover],Vũ Cát Tường,0,1,0,1,0,top1_generation_prompt_text_changed_only_precomputed_text_feature_unchanged
3715,HalzeiAqMCs,HalzeiAqMCs_fJniB5oey-s,BtoBOV5kvCM_Rb-5eXoGo1w,BtoBOV5kvCM,0,65,original,top1_prompt_level_preference_counterfactual,original,top1_reference,"That sounds like a great option, but I would like the music to have a pop and rock influence with a female vocalist. Can you suggest something that fits these criteria?","That sounds like a great option, but I would like the music to have a pop and rock influence with a female vocalist. Can you suggest something that fits these criteria?","Allow me to recommend 'The Paradise Series - Performing at the Final Four'. Although I don't have specific information about the track name, album name, or artists, it is a pop and rock-influenced track with female vocals. It was performed at the Final Four in 2013, which may add a unique and special touch to your video.",Allow me to recommend 'El Perdedor' by Enrique Iglesias. It's a track from his album 'El Perdedor' and features Marco Antonio Solís. The song has elements of pop and rock with a female vocalist. It was released as a bachata version which adds a unique touch to the music.,"Allow me to recommend 'Performing at the Final Four' by The Paradise Series. Although I don't have much information about this track, it's classified as pop, rock, electronic, and dance with female vocalists. It may have the pop and dance elements you're looking for, along with female vocals.",Performing at the Final Four,The Paradise Series,1,1,1,0,0,top1_generation_prompt_text_changed_only_precomputed_text_feature_unchanged
3715,HalzeiAqMCs,HalzeiAqMCs_fJniB5oey-s,BtoBOV5kvCM_Rb-5eXoGo1w,BtoBOV5kvCM,0,65,cf_upbeat_electronic,top1_prompt_level_preference_counterfactual,original,top1_reference,"I prefer upbeat electronic background music with a bright mood, clear rhythm, energetic beats, and a modern dance or pop feeling.","That sounds like a great option, but I would like the music to have a pop and rock influence with a female vocalist. Can you suggest something that fits these criteria?","In that case, I recommend 'I'm Alive' by Demi Lovato. It's a pop and electronic track with a fast tempo and catchy beats. The song has a bright and energetic vibe that could complement your video.",Allow me to recommend 'El Perdedor' by Enrique Iglesias. It's a track from his album 'El Perdedor' and features Marco Antonio Solís. The song has elements of pop and rock with a female vocalist. It was released as a bachata version which adds a unique touch to the music.,"Allow me to recommend 'Performing at the Final Four' by The Paradise Series. Although I don't have much information about this track, it's classified as pop, rock, electronic, and dance with female vocalists. It may have the pop and dance elements you're looking for, along with female vocals.",Performing at the Final Four,The Paradise Series,0,0,0,1,0,top1_generation_prompt_text_changed_only_precomputed_text_feature_unchanged
3715,HalzeiAqMCs,HalzeiAqMCs_fJniB5oey-s,BtoBOV5kvCM_Rb-5eXoGo1w,BtoBOV5kvCM,0,65,cf_lyrical_piano,top1_prompt_level_preference_counterfactual,original,top1_reference,"I prefer lyrical piano background music with a slow tempo, soft acoustic texture, gentle melody, and a calm sentimental mood.","That sounds like a great option, but I would like the music to have a pop and rock influence with a female vocalist. Can you suggest something that fits these criteria?","In that case, I would recommend 'Love Me' by The Paradise Series. This track has a lyrical piano background and a slow tempo, creating a soothing and sentimental atmosphere. It falls under the pop, rock, and electronic genres, with a touch of indie influence. It's a perfect choice for your video.",Allow me to recommend 'El Perdedor' by Enrique Iglesias. It's a track from his album 'El Perdedor' and features Marco Antonio Solís. The song has elements of pop and rock with a female vocalist. It was released as a bachata version which adds a unique touch to the music.,"Allow me to recommend 'Performing at the Final Four' by The Paradise Series. Although I don't have much information about this track, it's classified as pop, rock, electronic, and dance with female vocalists. It may have the pop and dance elements you're looking for, along with female vocals.",Performing at the Final Four,The Paradise Series,0,1,0,1,0,top1_generation_prompt_text_changed_only_precomputed_text_feature_unchanged
3754,GI6_MCrDl6o,GI6_MCrDl6o_fYEhUcWefXY,QTFfpEUXLS0_x6hH8e6nHJI,QTFfpEUXLS0,0,7,original,top1_prompt_level_preference_counterfactual,original,top1_reference,"That sounds great, but I'm also interested in incorporating Avicii and Nicky Romero's style into my video. I like the electronic and pop genres, and I'm particularly interested in female vocalists.","That sounds great, but I'm also interested in incorporating Avicii and Nicky Romero's style into my video. I like the electronic and pop genres, and I'm particularly interested in female vocalists.","Allow me to recommend 'I Could Be The One' by Avicii and Nicky Romero. It's a track from their album 'I Could Be The One'. The song combines elements of electronic, dance, and pop genres with female vocalists. It has a techno and fast-paced sound, which aligns well with the energetic and electronic vibe you're looking for.","Let me recommend 'I Could Be The One' by Avicii vs Nicky Romero. It's an instrumental mix from their album 'I Could Be The One'. The track combines elements of electronic, pop, and house music, with a focus on female vocalists. It's a high-energy song that could complement your video well.","Certainly! In that case, I would recommend 'Alma - Avalanches (Ft. Sound Remexy & Kill Paris)'. This track features female vocals and has a pop influence. It would be a great choice for your fashion shoot video, especially with its energetic and catchy beats. It's an uncopywritten song that you have all the rights to use.",,,,,,0,0,top1_generation_prompt_text_changed_only_precomputed_text_feature_unchanged
3754,GI6_MCrDl6o,GI6_MCrDl6o_fYEhUcWefXY,QTFfpEUXLS0_x6hH8e6nHJI,QTFfpEUXLS0,0,7,cf_upbeat_electronic,top1_prompt_level_preference_counterfactual,original,top1_reference,"I prefer upbeat electronic background music with a bright mood, clear rhythm, energetic beats, and a modern dance or pop feeling.","That sounds great, but I'm also interested in incorporating Avicii and Nicky Romero's style into my video. I like the electronic and pop genres, and I'm particularly interested in female vocalists.","In that case, I recommend 'Follow Me' by Djs From Mars. It's a track from their album 'Follow Me'. This song combines elements of dance, electronic, and pop with a fast-paced techno beat. It has a bright and energetic vibe that will add excitement to your video.","Let me recommend 'I Could Be The One' by Avicii vs Nicky Romero. It's an instrumental mix from their album 'I Could Be The One'. The track combines elements of electronic, pop, and house music, with a focus on female vocalists. It's a high-energy song that could complement your video well.","Certainly! In that case, I would recommend 'Alma - Avalanches (Ft. Sound Remexy & Kill Paris)'. This track features female vocals and has a pop influence. It would be a great choice for your fashion shoot video, especially with its energetic and catchy beats. It's an uncopywritten song that you have all the rights to use.",,,,,,0,0,top1_generation_prompt_text_changed_only_precomputed_text_feature_unchanged
3754,GI6_MCrDl6o,GI6_MCrDl6o_fYEhUcWefXY,QTFfpEUXLS0_x6hH8e6nHJI,QTFfpEUXLS0,0,7,cf_lyrical_piano,top1_prompt_level_preference_counterfactual,original,top1_reference,"I prefer lyrical piano background music with a slow tempo, soft acoustic texture, gentle melody, and a calm sentimental mood.","That sounds great, but I'm also interested in incorporating Avicii and Nicky Romero's style into my video. I like the electronic and pop genres, and I'm particularly interested in female vocalists.","In that case, I would recommend 'Love Is Gone' by Djs From Mars. This track is a beautiful blend of electronic, dance, pop, and rock genres. It features lyrical piano and a slow tempo, creating a soothing and emotional atmosphere. The song has a gentle melody and a calm sentimental mood, making it a perfect fit for your video.","Let me recommend 'I Could Be The One' by Avicii vs Nicky Romero. It's an instrumental mix from their album 'I Could Be The One'. The track combines elements of electronic, pop, and house music, with a focus on female vocalists. It's a high-energy song that could complement your video well.","Certainly! In that case, I would recommend 'Alma - Avalanches (Ft. Sound Remexy & Kill Paris)'. This track features female vocals and has a pop influence. It would be a great choice for your fashion shoot video, especially with its energetic and catchy beats. It's an uncopywritten song that you have all the rights to use.",,,,,,0,0,top1_generation_prompt_text_changed_only_precomputed_text_feature_unchanged
3788,cv-jSWbgOKU,cv-jSWbgOKU_C5A5d8ZWeWQ,cv-jSWbgOKU_C5A5d8ZWeWQ,cv-jSWbgOKU,1,1,original,top1_prompt_level_preference_counterfactual,original,top1_reference,"That sounds great, but I would like to incorporate some acoustic and folk elements into the music as well. Is there any other recommendation that combines these genres?","That sounds great, but I would like to incorporate some acoustic and folk elements into the music as well. Is there any other recommendation that combines these genres?","Certainly! How about 'Let Her Go' by Passenger? It's an acoustic and folk-influenced track with elements of rock and indie. The song has a slow and melodic guitar-driven sound, which can add a softer and more introspective touch to your video. It's a popular song that has been covered by various artists, so it might be a great fit for your video.","Certainly! How about 'Let Her Go' by Passenger? It's a cover version by Tom Harrigan & Ryan Fisk. Although I don't have much information about the album or artists, this track is known for its acoustic, indie, folk, and rock elements. It could provide a more mellow and introspective vibe to your video.","Certainly! How about 'Let Her Go' by Passenger? It's a cover version by Tom Harrigan & Ryan Fisk. Although I don't have much information about the album or artists, this track is known for its acoustic, indie, folk, and rock elements. It could provide a more mellow and introspective vibe to your video.",Let Her Go,Passenger,1,1,1,0,0,top1_generation_prompt_text_changed_only_precomputed_text_feature_unchanged
3788,cv-jSWbgOKU,cv-jSWbgOKU_C5A5d8ZWeWQ,cv-jSWbgOKU_C5A5d8ZWeWQ,cv-jSWbgOKU,1,1,cf_upbeat_electronic,top1_prompt_level_preference_counterfactual,original,top1_reference,"I prefer upbeat electronic background music with a bright mood, clear rhythm, energetic beats, and a modern dance or pop feeling.","That sounds great, but I would like to incorporate some acoustic and folk elements into the music as well. Is there any other recommendation that combines these genres?","In that case, I recommend 'Let Her Go' by Passenger. It's a cover of the original song and has a folk, indie, and acoustic sound. The vocals are male, which adds a unique touch to the music. It's a heartfelt and emotional song that could complement your video.","Certainly! How about 'Let Her Go' by Passenger? It's a cover version by Tom Harrigan & Ryan Fisk. Although I don't have much information about the album or artists, this track is known for its acoustic, indie, folk, and rock elements. It could provide a more mellow and introspective vibe to your video.","Certainly! How about 'Let Her Go' by Passenger? It's a cover version by Tom Harrigan & Ryan Fisk. Although I don't have much information about the album or artists, this track is known for its acoustic, indie, folk, and rock elements. It could provide a more mellow and introspective vibe to your video.",Let Her Go,Passenger,1,1,1,0,0,top1_generation_prompt_text_changed_only_precomputed_text_feature_unchanged
3788,cv-jSWbgOKU,cv-jSWbgOKU_C5A5d8ZWeWQ,cv-jSWbgOKU_C5A5d8ZWeWQ,cv-jSWbgOKU,1,1,cf_lyrical_piano,top1_prompt_level_preference_counterfactual,original,top1_reference,"I prefer lyrical piano background music with a slow tempo, soft acoustic texture, gentle melody, and a calm sentimental mood.","That sounds great, but I would like to incorporate some acoustic and folk elements into the music as well. Is there any other recommendation that combines these genres?","In that case, I recommend 'Let Her Go' by Passenger. It's a beautiful song with lyrical piano and a slow tempo. The acoustic texture and gentle melody create a soothing and sentimental atmosphere, which could be a perfect fit for your video.","Certainly! How about 'Let Her Go' by Passenger? It's a cover version by Tom Harrigan & Ryan Fisk. Although I don't have much information about the album or artists, this track is known for its acoustic, indie, folk, and rock elements. It could provide a more mellow and introspective vibe to your video.","Certainly! How about 'Let Her Go' by Passenger? It's a cover version by Tom Harrigan & Ryan Fisk. Although I don't have much information about the album or artists, this track is known for its acoustic, indie, folk, and rock elements. It could provide a more mellow and introspective vibe to your video.",Let Her Go,Passenger,1,1,1,0,0,top1_generation_prompt_text_changed_only_precomputed_text_feature_unchanged
3819,qIJqSGTpfA0,qIJqSGTpfA0_babtBEl69zc,DnEseRarv8E_-kbYn4cABtw,DnEseRarv8E,0,5,original,top1_prompt_level_preference_counterfactual,original,top1_reference,"That sounds great, but I would like to incorporate some indie and pop elements into the music as well. I'm also interested in dance music.","That sounds great, but I would like to incorporate some indie and pop elements into the music as well. I'm also interested in dance music.",Allow me to recommend 'Make It Good' by The White Lamp. It's an electronic track with indie and pop influences. The song has a danceable beat and catchy melodies that could be a fitting choice for your video. It was released in 2012 and has a music video directed by Javier Sánchez.,"Allow me to recommend 'SHINING CRANE' by dESEO. It's an electronic track with influences from indie, rock, pop, and dance genres. Although there is no description available for this track, based on the artist's genre tags, it seems to have the elements you're looking for. Unfortunately, I don't have further information about the track's album name or artist name. But it might be worth exploring.","Allow me to recommend 'Make It Good' by The White Lamp. It's a track that works well in clubs and has a hypnotic bassline, electronic and indie influences. The vocals add to the intense and energetic vibe, making it a fitting choice for your video.",Make It Good,The White Lamp,1,1,1,0,0,top1_generation_prompt_text_changed_only_precomputed_text_feature_unchanged
3819,qIJqSGTpfA0,qIJqSGTpfA0_babtBEl69zc,DnEseRarv8E_-kbYn4cABtw,DnEseRarv8E,0,5,cf_upbeat_electronic,top1_prompt_level_preference_counterfactual,original,top1_reference,"I prefer upbeat electronic background music with a bright mood, clear rhythm, energetic beats, and a modern dance or pop feeling.","That sounds great, but I would like to incorporate some indie and pop elements into the music as well. I'm also interested in dance music.","In that case, I recommend 'Make It Good' by The White Lamp. It's an electronic track with a bright mood and energetic beats. The song has a modern dance and pop feel, which aligns well with the upbeat and lively vibe you're looking for.","Allow me to recommend 'SHINING CRANE' by dESEO. It's an electronic track with influences from indie, rock, pop, and dance genres. Although there is no description available for this track, based on the artist's genre tags, it seems to have the elements you're looking for. Unfortunately, I don't have further information about the track's album name or artist name. But it might be worth exploring.","Allow me to recommend 'Make It Good' by The White Lamp. It's a track that works well in clubs and has a hypnotic bassline, electronic and indie influences. The vocals add to the intense and energetic vibe, making it a fitting choice for your video.",Make It Good,The White Lamp,1,1,1,0,0,top1_generation_prompt_text_changed_only_precomputed_text_feature_unchanged
3819,qIJqSGTpfA0,qIJqSGTpfA0_babtBEl69zc,DnEseRarv8E_-kbYn4cABtw,DnEseRarv8E,0,5,cf_lyrical_piano,top1_prompt_level_preference_counterfactual,original,top1_reference,"I prefer lyrical piano background music with a slow tempo, soft acoustic texture, gentle melody, and a calm sentimental mood.","That sounds great, but I would like to incorporate some indie and pop elements into the music as well. I'm also interested in dance music.","Allow me to recommend 'Make It Good' by The White Lamp. It's a track from their album 'Make It Good'. This song combines elements of electronic, indie, and pop with a slow tempo and lyrical piano. It has a soft acoustic texture and a gentle melody that creates a calm and sentimental atmosphere.","Allow me to recommend 'SHINING CRANE' by dESEO. It's an electronic track with influences from indie, rock, pop, and dance genres. Although there is no description available for this track, based on the artist's genre tags, it seems to have the elements you're looking for. Unfortunately, I don't have further information about the track's album name or artist name. But it might be worth exploring.","Allow me to recommend 'Make It Good' by The White Lamp. It's a track that works well in clubs and has a hypnotic bassline, electronic and indie influences. The vocals add to the intense and energetic vibe, making it a fitting choice for your video.",Make It Good,The White Lamp,1,1,1,0,0,top1_generation_prompt_text_changed_only_precomputed_text_feature_unchanged
3876,5vOcmkN9MIk,5vOcmkN9MIk_YKkdrHiem3o,BQNjjLN0gA8_YxVvA5-Ndmg,BQNjjLN0gA8,0,10,original,top1_prompt_level_preference_counterfactual,original,top1_reference,"That sounds great, but I would like to incorporate a bit more of Rasta Squad's distinctive style, especially their electronic and dance components. I'm also interested in hip-hop and pop influences.","That sounds great, but I would like to incorporate a bit more of Rasta Squad's distinctive style, especially their electronic and dance components. I'm also interested in hip-hop and pop influences.","Allow me to recommend 'Rasta Squad' by General Levy featuring Danny Byrd. It's a track from their album 'Rasta Squad'. It combines elements of electronic, dance, and hip-hop with a pop influence. The song has a fast-paced techno beat and catchy electronic sounds that could be a fitting choice for your video.","Allow me to recommend the track 'Webster (JAHBESTIN)' by Rasta Squad. It's a track from their album 'Legalizacja'. It combines elements of hip-hop, electronic, rock, and pop with dance influences. Although there is no description available, it is likely to have the specific elements you are looking for based on the artist's style.","Allow me to recommend 'Blaze The Fire (Rah!)' by Danny Byrd featuring General Levy. It's a track from Danny Byrd's album 'Blaze The Fire'. The song combines electronic, Hip-Hop, and dance genres with experimental elements. It has a fast-paced techno beat and incorporates synth and beat elements that align with Danny Byrd's distinctive style.",Blaze The Fire (Rah!),Danny Byrd featuring General Levy,0,0,0,1,0,top1_generation_prompt_text_changed_only_precomputed_text_feature_unchanged
3876,5vOcmkN9MIk,5vOcmkN9MIk_YKkdrHiem3o,BQNjjLN0gA8_YxVvA5-Ndmg,BQNjjLN0gA8,0,10,cf_upbeat_electronic,top1_prompt_level_preference_counterfactual,original,top1_reference,"I prefer upbeat electronic background music with a bright mood, clear rhythm, energetic beats, and a modern dance or pop feeling.","That sounds great, but I would like to incorporate a bit more of Rasta Squad's distinctive style, especially their electronic and dance components. I'm also interested in hip-hop and pop influences.","Based on your preferences, I recommend 'Blaze The Fire (Rah!)' by Danny Byrd featuring General Levy. It's an electronic track with a fast-paced beat and a catchy pop sound. The song has a bright and energetic vibe that aligns well with your requirements.","Allow me to recommend the track 'Webster (JAHBESTIN)' by Rasta Squad. It's a track from their album 'Legalizacja'. It combines elements of hip-hop, electronic, rock, and pop with dance influences. Although there is no description available, it is likely to have the specific elements you are looking for based on the artist's style.","Allow me to recommend 'Blaze The Fire (Rah!)' by Danny Byrd featuring General Levy. It's a track from Danny Byrd's album 'Blaze The Fire'. The song combines electronic, Hip-Hop, and dance genres with experimental elements. It has a fast-paced techno beat and incorporates synth and beat elements that align with Danny Byrd's distinctive style.",Blaze The Fire (Rah!),Danny Byrd featuring General Levy,1,1,1,0,0,top1_generation_prompt_text_changed_only_precomputed_text_feature_unchanged
3876,5vOcmkN9MIk,5vOcmkN9MIk_YKkdrHiem3o,BQNjjLN0gA8_YxVvA5-Ndmg,BQNjjLN0gA8,0,10,cf_lyrical_piano,top1_prompt_level_preference_counterfactual,original,top1_reference,"I prefer lyrical piano background music with a slow tempo, soft acoustic texture, gentle melody, and a calm sentimental mood.","That sounds great, but I would like to incorporate a bit more of Rasta Squad's distinctive style, especially their electronic and dance components. I'm also interested in hip-hop and pop influences.","Allow me to recommend 'Lyrical Piano Background Music - 024' by Silent Partner. It's a track from the album 'Lyrical Piano Background Music'. This instrumental piece combines elements of electronic, dance, and pop with a slow tempo and a soft acoustic texture. It has a gentle melody and a calm, sentimental mood that could be a fitting choice for your video.","Allow me to recommend the track 'Webster (JAHBESTIN)' by Rasta Squad. It's a track from their album 'Legalizacja'. It combines elements of hip-hop, electronic, rock, and pop with dance influences. Although there is no description available, it is likely to have the specific elements you are looking for based on the artist's style.","Allow me to recommend 'Blaze The Fire (Rah!)' by Danny Byrd featuring General Levy. It's a track from Danny Byrd's album 'Blaze The Fire'. The song combines electronic, Hip-Hop, and dance genres with experimental elements. It has a fast-paced techno beat and incorporates synth and beat elements that align with Danny Byrd's distinctive style.",Blaze The Fire (Rah!),Danny Byrd featuring General Levy,0,0,0,1,0,top1_generation_prompt_text_changed_only_precomputed_text_feature_unchanged
3905,H-W68B4KTVI,H-W68B4KTVI_ulxuGZNxbA0,f967-QmIzpw_dWbElzNaE8k,f967-QmIzpw,0,12,original,top1_prompt_level_preference_counterfactual,original,top1_reference,"That sounds great, but I also want to include some ambient and female vocalists in the music. Do you have any recommendations that fit those criteria?","That sounds great, but I also want to include some ambient and female vocalists in the music. Do you have any recommendations that fit those criteria?","Certainly! How about 'Partial Love' by COLD WAVES? It's an ambient track with electronic and rock elements. The song features female vocalists and has a slow and soothing vibe. It could be a perfect addition to your video, combining the ambient and female vocalist elements you're looking for.","I apologize, but I don't have enough information about the target music to provide a specific recommendation. However, based on your preference for ambient and female vocalists, I suggest exploring the music of L2K. They are known for their electronic and pop sound with female vocalists. You may find a suitable track from their discography.","In that case, I suggest the track 'Partial Love' by COLD WAVES. It's an electronic song with female vocalists. Although it falls more into the indie and alternative rock genres, it can still provide a unique and modern touch to your graduation video.",Partial Love,COLD WAVES,1,1,1,0,0,top1_generation_prompt_text_changed_only_precomputed_text_feature_unchanged
3905,H-W68B4KTVI,H-W68B4KTVI_ulxuGZNxbA0,f967-QmIzpw_dWbElzNaE8k,f967-QmIzpw,0,12,cf_upbeat_electronic,top1_prompt_level_preference_counterfactual,original,top1_reference,"I prefer upbeat electronic background music with a bright mood, clear rhythm, energetic beats, and a modern dance or pop feeling.","That sounds great, but I also want to include some ambient and female vocalists in the music. Do you have any recommendations that fit those criteria?","In that case, I recommend 'The Last Goodbye' by Jeff Beal. It's a track from the album 'The Last Goodbye' and combines elements of electronic, rock, and pop with a dance and indie vibe. The song has a fast tempo and features piano and guitar, which adds to its energetic and modern feel.","I apologize, but I don't have enough information about the target music to provide a specific recommendation. However, based on your preference for ambient and female vocalists, I suggest exploring the music of L2K. They are known for their electronic and pop sound with female vocalists. You may find a suitable track from their discography.","In that case, I suggest the track 'Partial Love' by COLD WAVES. It's an electronic song with female vocalists. Although it falls more into the indie and alternative rock genres, it can still provide a unique and modern touch to your graduation video.",Partial Love,COLD WAVES,0,0,0,1,0,top1_generation_prompt_text_changed_only_precomputed_text_feature_unchanged
3905,H-W68B4KTVI,H-W68B4KTVI_ulxuGZNxbA0,f967-QmIzpw_dWbElzNaE8k,f967-QmIzpw,0,12,cf_lyrical_piano,top1_prompt_level_preference_counterfactual,original,top1_reference,"I prefer lyrical piano background music with a slow tempo, soft acoustic texture, gentle melody, and a calm sentimental mood.","That sounds great, but I also want to include some ambient and female vocalists in the music. Do you have any recommendations that fit those criteria?","Allow me to recommend 'Partial Love' by COLD WAVES. It's a track from their album 'Partial Love'. This song combines elements of classical, ambient, and instrumental music with a slow tempo and soft acoustic texture. It has a gentle melody and a calm sentimental mood that could be a fitting choice for your video.","I apologize, but I don't have enough information about the target music to provide a specific recommendation. However, based on your preference for ambient and female vocalists, I suggest exploring the music of L2K. They are known for their electronic and pop sound with female vocalists. You may find a suitable track from their discography.","In that case, I suggest the track 'Partial Love' by COLD WAVES. It's an electronic song with female vocalists. Although it falls more into the indie and alternative rock genres, it can still provide a unique and modern touch to your graduation video.",Partial Love,COLD WAVES,1,1,1,0,0,top1_generation_prompt_text_changed_only_precomputed_text_feature_unchanged
3915,4Q4VQyHfiPI,4Q4VQyHfiPI_5KMORmZGYRc,4Q4VQyHfiPI_5KMORmZGYRc,4Q4VQyHfiPI,1,1,original,top1_prompt_level_preference_counterfactual,original,top1_reference,"That sounds great, I like the electronic and Hip-Hop genres in your music recommendations. But I would like to add a touch of Jhon KPO & Edsson's style, especially their electronic and vocal elements. I'm also interested in incorporating some beat and drum influences.","That sounds great, I like the electronic and Hip-Hop genres in your music recommendations. But I would like to add a touch of Jhon KPO & Edsson's style, especially their electronic and vocal elements. I'm also interested in incorporating some beat and drum influences.","Allow me to recommend 'Se siente el party' by Jhon KPO & Edsson. It's a track from their album 'Se siente el party'. It combines elements of electronic, Hip-Hop, and pop with a catchy beat and vocal performance. The song was released in 2012 and may contain the specific elements you're looking for.","Allow me to recommend 'Se siente el party' by Jhon KPO & Edsson. It's an electronic track released in 2015. The song combines elements of Hip-Hop, pop, and dance with a focus on electronic beats and vocals. It has a lively and energetic sound that incorporates the beat and drum influences you're looking for.","Allow me to recommend 'Se siente el party' by Jhon KPO & Edsson. It's an electronic track released in 2015. The song combines elements of Hip-Hop, pop, and dance with a focus on electronic beats and vocals. It has a lively and energetic sound that incorporates the beat and drum influences you're looking for.",Se siente el party,Jhon KPO & Edsson,1,1,1,0,0,top1_generation_prompt_text_changed_only_precomputed_text_feature_unchanged
3915,4Q4VQyHfiPI,4Q4VQyHfiPI_5KMORmZGYRc,4Q4VQyHfiPI_5KMORmZGYRc,4Q4VQyHfiPI,1,1,cf_upbeat_electronic,top1_prompt_level_preference_counterfactual,original,top1_reference,"I prefer upbeat electronic background music with a bright mood, clear rhythm, energetic beats, and a modern dance or pop feeling.","That sounds great, I like the electronic and Hip-Hop genres in your music recommendations. But I would like to add a touch of Jhon KPO & Edsson's style, especially their electronic and vocal elements. I'm also interested in incorporating some beat and drum influences.","In that case, I recommend 'El Party' by Jhon KPO & Edsson. It's a track from their album 'El Party'. This song combines elements of Hip-Hop, electronic, pop, and dance with a techno and electronic sound. It has a fast-paced beat and a modern vibe that could be a great fit for your video.","Allow me to recommend 'Se siente el party' by Jhon KPO & Edsson. It's an electronic track released in 2015. The song combines elements of Hip-Hop, pop, and dance with a focus on electronic beats and vocals. It has a lively and energetic sound that incorporates the beat and drum influences you're looking for.","Allow me to recommend 'Se siente el party' by Jhon KPO & Edsson. It's an electronic track released in 2015. The song combines elements of Hip-Hop, pop, and dance with a focus on electronic beats and vocals. It has a lively and energetic sound that incorporates the beat and drum influences you're looking for.",Se siente el party,Jhon KPO & Edsson,0,1,0,1,0,top1_generation_prompt_text_changed_only_precomputed_text_feature_unchanged
3915,4Q4VQyHfiPI,4Q4VQyHfiPI_5KMORmZGYRc,4Q4VQyHfiPI_5KMORmZGYRc,4Q4VQyHfiPI,1,1,cf_lyrical_piano,top1_prompt_level_preference_counterfactual,original,top1_reference,"I prefer lyrical piano background music with a slow tempo, soft acoustic texture, gentle melody, and a calm sentimental mood.","That sounds great, I like the electronic and Hip-Hop genres in your music recommendations. But I would like to add a touch of Jhon KPO & Edsson's style, especially their electronic and vocal elements. I'm also interested in incorporating some beat and drum influences.","Allow me to recommend 'Ella Me Quiere' by Jhon KPO & Edsson. It's a track from their album 'Ella Me Quiere'. This song combines elements of hip-hop, electronic, pop, and dance with a slow tempo and a lyrical piano. It has a soft acoustic texture and a gentle melody that creates a calm and sentimental mood.","Allow me to recommend 'Se siente el party' by Jhon KPO & Edsson. It's an electronic track released in 2015. The song combines elements of Hip-Hop, pop, and dance with a focus on electronic beats and vocals. It has a lively and energetic sound that incorporates the beat and drum influences you're looking for.","Allow me to recommend 'Se siente el party' by Jhon KPO & Edsson. It's an electronic track released in 2015. The song combines elements of Hip-Hop, pop, and dance with a focus on electronic beats and vocals. It has a lively and energetic sound that incorporates the beat and drum influences you're looking for.",Se siente el party,Jhon KPO & Edsson,0,1,0,1,0,top1_generation_prompt_text_changed_only_precomputed_text_feature_unchanged
3916,TME4uekY9hc,TME4uekY9hc_p79AdYDjlFU,skuxLAlq9Go_roF2xqB8ppo,skuxLAlq9Go,0,26,original,top1_prompt_level_preference_counterfactual,original,top1_reference,"Sounds good, but I'm looking for something with a more chill and relaxed vibe, similar to 'Vibe Tribe' by Just Juice.","Sounds good, but I'm looking for something with a more chill and relaxed vibe, similar to 'Vibe Tribe' by Just Juice.","In that case, I would recommend 'Vibe Tribe' by Just Juice. This track has a chillout and chillhop sound, perfect for creating a relaxed atmosphere in your video. It's part of the album 'Vibe Tribe' and offers a blend of Hip-Hop, electronic, and rock genres.","In that case, I would recommend 'Breathe' by Just Juice. This track has a similar chill and relaxed vibe to 'Vibe Tribe' and is part of his mixtape 'For The People'. It was produced by 6ix, adding an electronic touch to the sound.","Allow me to recommend 'U Gotta Take It' by Kinik X Da Dump. It's a track with electronic, hip-hop, and soul influences, featuring female vocals. It was produced by Da Dump and recorded in Paris by Bàrbara, Ester, and Jamal for Kinik Audiovisuals. It could be a fitting choice for your video project.",U Gotta Take It,Kinik X Da Dump,0,0,0,1,0,top1_generation_prompt_text_changed_only_precomputed_text_feature_unchanged
3916,TME4uekY9hc,TME4uekY9hc_p79AdYDjlFU,skuxLAlq9Go_roF2xqB8ppo,skuxLAlq9Go,0,26,cf_upbeat_electronic,top1_prompt_level_preference_counterfactual,original,top1_reference,"I prefer upbeat electronic background music with a bright mood, clear rhythm, energetic beats, and a modern dance or pop feeling.","Sounds good, but I'm looking for something with a more chill and relaxed vibe, similar to 'Vibe Tribe' by Just Juice.","In that case, I would recommend 'U Gotta Take It' by Kinik X Da Dump. This track combines elements of Hip-Hop, electronic, rock, and pop, creating a catchy and energetic sound. It has a bright mood and clear rhythm that will add a modern dance or pop feel to your video.","In that case, I would recommend 'Breathe' by Just Juice. This track has a similar chill and relaxed vibe to 'Vibe Tribe' and is part of his mixtape 'For The People'. It was produced by 6ix, adding an electronic touch to the sound.","Allow me to recommend 'U Gotta Take It' by Kinik X Da Dump. It's a track with electronic, hip-hop, and soul influences, featuring female vocals. It was produced by Da Dump and recorded in Paris by Bàrbara, Ester, and Jamal for Kinik Audiovisuals. It could be a fitting choice for your video project.",U Gotta Take It,Kinik X Da Dump,1,1,1,0,0,top1_generation_prompt_text_changed_only_precomputed_text_feature_unchanged
3916,TME4uekY9hc,TME4uekY9hc_p79AdYDjlFU,skuxLAlq9Go_roF2xqB8ppo,skuxLAlq9Go,0,26,cf_lyrical_piano,top1_prompt_level_preference_counterfactual,original,top1_reference,"I prefer lyrical piano background music with a slow tempo, soft acoustic texture, gentle melody, and a calm sentimental mood.","Sounds good, but I'm looking for something with a more chill and relaxed vibe, similar to 'Vibe Tribe' by Just Juice.","In that case, I recommend 'U Gotta Take It' by Kinik X Da Dump. It's a track from their album 'The Dump Tape'. This song combines elements of Hip-Hop, soul, and rock with a slow tempo and a piano-driven sound. It has a relaxed and introspective vibe that could be a great fit for your video.","In that case, I would recommend 'Breathe' by Just Juice. This track has a similar chill and relaxed vibe to 'Vibe Tribe' and is part of his mixtape 'For The People'. It was produced by 6ix, adding an electronic touch to the sound.","Allow me to recommend 'U Gotta Take It' by Kinik X Da Dump. It's a track with electronic, hip-hop, and soul influences, featuring female vocals. It was produced by Da Dump and recorded in Paris by Bàrbara, Ester, and Jamal for Kinik Audiovisuals. It could be a fitting choice for your video project.",U Gotta Take It,Kinik X Da Dump,1,1,1,0,0,top1_generation_prompt_text_changed_only_precomputed_text_feature_unchanged
3931,arOdnIxy3tk,arOdnIxy3tk_dniPTlMnvKA,RQWHBmcFvoA_uq1gbZNyRZE,RQWHBmcFvoA,0,35,original,top1_prompt_level_preference_counterfactual,original,top1_reference,"Sounds good, but I'm looking for something with a bit more of a 90s feel and a mix of genres like Hip-Hop, jazz, electronic, rock, and pop.","Sounds good, but I'm looking for something with a bit more of a 90s feel and a mix of genres like Hip-Hop, jazz, electronic, rock, and pop.","In that case, I would recommend 'Mi Vida' by M.C. Mano. This track has a 90s vibe and combines elements of Hip-Hop, jazz, electronic, rock, and pop. It's part of the album 'Mi Vida' by M.C. Mano.","In that case, I would recommend 'Save Your Life - NonFiction' by Aprilighost. This track has a mix of genres including Hip-Hop, jazz, electronic, rock, and pop. The piano and male vocals give it a unique sound, and it has a slower tempo. It was released in 2012 and has an official music video.","Allow me to recommend 'Mitómanos Sin Causa' by Ezayla y Zatya. Although there is no specific track or album name available, it is a Hip-Hop track with female vocals that falls under the genres of pop, soul, and R&B. While there is no description provided, it is likely to contain the elements you are looking for.",Mitómanos Sin Causa,Ezayla y Zatya,0,0,0,1,0,top1_generation_prompt_text_changed_only_precomputed_text_feature_unchanged
3931,arOdnIxy3tk,arOdnIxy3tk_dniPTlMnvKA,RQWHBmcFvoA_uq1gbZNyRZE,RQWHBmcFvoA,0,35,cf_upbeat_electronic,top1_prompt_level_preference_counterfactual,original,top1_reference,"I prefer upbeat electronic background music with a bright mood, clear rhythm, energetic beats, and a modern dance or pop feeling.","Sounds good, but I'm looking for something with a bit more of a 90s feel and a mix of genres like Hip-Hop, jazz, electronic, rock, and pop.","In that case, I would recommend 'Mitómanos Sin Causa' by Ezayla y Zatya. This track combines elements of Hip-Hop, electronic, pop, and rock, creating a dynamic and energetic sound. It has a bright mood and clear rhythm, perfect for a dance video.","In that case, I would recommend 'Save Your Life - NonFiction' by Aprilighost. This track has a mix of genres including Hip-Hop, jazz, electronic, rock, and pop. The piano and male vocals give it a unique sound, and it has a slower tempo. It was released in 2012 and has an official music video.","Allow me to recommend 'Mitómanos Sin Causa' by Ezayla y Zatya. Although there is no specific track or album name available, it is a Hip-Hop track with female vocals that falls under the genres of pop, soul, and R&B. While there is no description provided, it is likely to contain the elements you are looking for.",Mitómanos Sin Causa,Ezayla y Zatya,1,1,1,0,0,top1_generation_prompt_text_changed_only_precomputed_text_feature_unchanged
3931,arOdnIxy3tk,arOdnIxy3tk_dniPTlMnvKA,RQWHBmcFvoA_uq1gbZNyRZE,RQWHBmcFvoA,0,35,cf_lyrical_piano,top1_prompt_level_preference_counterfactual,original,top1_reference,"I prefer lyrical piano background music with a slow tempo, soft acoustic texture, gentle melody, and a calm sentimental mood.","Sounds good, but I'm looking for something with a bit more of a 90s feel and a mix of genres like Hip-Hop, jazz, electronic, rock, and pop.","Allow me to recommend 'Mitómanos Sin Causa' by Ezayla y Zatya. It's a track with lyrical piano background music that aligns well with your preferences. The song has a slow tempo, soft acoustic texture, gentle melody, and a calm, sentimental mood. It was released in 2013 and may contain the specific elements you're looking for.","In that case, I would recommend 'Save Your Life - NonFiction' by Aprilighost. This track has a mix of genres including Hip-Hop, jazz, electronic, rock, and pop. The piano and male vocals give it a unique sound, and it has a slower tempo. It was released in 2012 and has an official music video.","Allow me to recommend 'Mitómanos Sin Causa' by Ezayla y Zatya. Although there is no specific track or album name available, it is a Hip-Hop track with female vocals that falls under the genres of pop, soul, and R&B. While there is no description provided, it is likely to contain the elements you are looking for.",Mitómanos Sin Causa,Ezayla y Zatya,1,1,1,0,0,top1_generation_prompt_text_changed_only_precomputed_text_feature_unchanged
3936,brSk7jSBrUo,brSk7jSBrUo_Uf0v56xKJtU,X3kujXNpQRo_il1qddLLqyE,X3kujXNpQRo,0,78,original,top1_prompt_level_preference_counterfactual,original,top1_reference,"That sounds cool, but I'm leaning towards something with a bit more of a Hip-Hop vibe but still maintaining that fast pace. Any ideas?","That sounds cool, but I'm leaning towards something with a bit more of a Hip-Hop vibe but still maintaining that fast pace. Any ideas?","In that case, 'Hip Hop' by The Hoods from the album 'The Hoods' would be a perfect fit for you. It's a track that combines Hip-Hop, electronic, rock, pop, and dance, with a fast tempo and techno elements. Plus, it's from the 'Hoods' album, which adds a unique touch to the music.","I have just the track for you - 'Kiss Your Ass Goodbye' by Sheek Louch, from the album 'After Taxes'. It's a fantastic choice if you're looking for something that has a strong Hip-Hop core, complemented by elements of electronic, rock, and even a touch of ambient and indie. Its beats are fast and it has an energetic vibe, perfect for a high-energy scene while keeping that Hip-Hop essence.","I suggest checking out the song 'Under Rated' by Blind Richi. It's a track that combines elements of hip-hop, electronic, rock, and soul, with indie influences. It has a fast beat and uses synth, which gives it an electronic touch. It could be a fitting choice for your video.",Under Rated,Blind Richi,0,0,0,1,0,top1_generation_prompt_text_changed_only_precomputed_text_feature_unchanged
3936,brSk7jSBrUo,brSk7jSBrUo_Uf0v56xKJtU,X3kujXNpQRo_il1qddLLqyE,X3kujXNpQRo,0,78,cf_upbeat_electronic,top1_prompt_level_preference_counterfactual,original,top1_reference,"I prefer upbeat electronic background music with a bright mood, clear rhythm, energetic beats, and a modern dance or pop feeling.","That sounds cool, but I'm leaning towards something with a bit more of a Hip-Hop vibe but still maintaining that fast pace. Any ideas?","Based on your preferences, I recommend 'Bright Mood' by Blind Richi. It's a track from the album 'Bright Mood' and combines elements of Hip-Hop, electronic, rock, and pop with a dance vibe. The song has a fast-paced beat and energetic drums that could be a great fit for your video.","I have just the track for you - 'Kiss Your Ass Goodbye' by Sheek Louch, from the album 'After Taxes'. It's a fantastic choice if you're looking for something that has a strong Hip-Hop core, complemented by elements of electronic, rock, and even a touch of ambient and indie. Its beats are fast and it has an energetic vibe, perfect for a high-energy scene while keeping that Hip-Hop essence.","I suggest checking out the song 'Under Rated' by Blind Richi. It's a track that combines elements of hip-hop, electronic, rock, and soul, with indie influences. It has a fast beat and uses synth, which gives it an electronic touch. It could be a fitting choice for your video.",Under Rated,Blind Richi,0,1,0,1,0,top1_generation_prompt_text_changed_only_precomputed_text_feature_unchanged
3936,brSk7jSBrUo,brSk7jSBrUo_Uf0v56xKJtU,X3kujXNpQRo_il1qddLLqyE,X3kujXNpQRo,0,78,cf_lyrical_piano,top1_prompt_level_preference_counterfactual,original,top1_reference,"I prefer lyrical piano background music with a slow tempo, soft acoustic texture, gentle melody, and a calm sentimental mood.","That sounds cool, but I'm leaning towards something with a bit more of a Hip-Hop vibe but still maintaining that fast pace. Any ideas?","Allow me to recommend 'Under Rated' by Blind Richi. It's a track from his album 'The Blind Side'. It combines elements of hip-hop, rock, and electronic with a slow tempo and piano-driven sound. The song has a lyrical and emotional vibe that could be a fitting choice for your video.","I have just the track for you - 'Kiss Your Ass Goodbye' by Sheek Louch, from the album 'After Taxes'. It's a fantastic choice if you're looking for something that has a strong Hip-Hop core, complemented by elements of electronic, rock, and even a touch of ambient and indie. Its beats are fast and it has an energetic vibe, perfect for a high-energy scene while keeping that Hip-Hop essence.","I suggest checking out the song 'Under Rated' by Blind Richi. It's a track that combines elements of hip-hop, electronic, rock, and soul, with indie influences. It has a fast beat and uses synth, which gives it an electronic touch. It could be a fitting choice for your video.",Under Rated,Blind Richi,1,1,1,0,0,top1_generation_prompt_text_changed_only_precomputed_text_feature_unchanged
3952,hlhgYkDKqn4,hlhgYkDKqn4_jKBmrIgG-Nw,gsD2ksg2nrw_htFqbKNe60Y,gsD2ksg2nrw,0,3,original,top1_prompt_level_preference_counterfactual,original,top1_reference,"That sounds great, I like the fast-paced and electronic elements in your music recommendations. But I would like to incorporate a bit more of Carlos Vives' distinctive style, especially his folk and rock influences. I'm also interested in guitar and vocal elements.","That sounds great, I like the fast-paced and electronic elements in your music recommendations. But I would like to incorporate a bit more of Carlos Vives' distinctive style, especially his folk and rock influences. I'm also interested in guitar and vocal elements.","Allow me to recommend 'Volví a Nacer' by Carlos Vives. It's a track from his album 'Volví a Nacer'. It combines elements of pop, folk, and rock with guitar and vocal-focused sound that could be a fitting choice for your video. It was recorded in 2013 which may contain the specific element you want.","Allow me to recommend 'La Tierra del Olvido' by Carlos Vives ft Varios Artistas. It's a track from the album 'PFC 2: Songs Around The World' by Playing For Change. The song combines elements of folk, rock, pop, and jazz with beautiful vocal performances. It may have the guitar and vocal elements you're looking for to enhance your video.","Allow me to recommend 'ME ENAMORE DE TI' by VAPAE. It's a pop track with electronic and rock influences, featuring female vocals. Although I don't have much information about the album or artists, the song was released as a music video and may contain elements of VAPAE's distinctive style.",ME ENAMORE DE TI,VAPAE,0,0,0,1,0,top1_generation_prompt_text_changed_only_precomputed_text_feature_unchanged
3952,hlhgYkDKqn4,hlhgYkDKqn4_jKBmrIgG-Nw,gsD2ksg2nrw_htFqbKNe60Y,gsD2ksg2nrw,0,3,cf_upbeat_electronic,top1_prompt_level_preference_counterfactual,original,top1_reference,"I prefer upbeat electronic background music with a bright mood, clear rhythm, energetic beats, and a modern dance or pop feeling.","That sounds great, I like the fast-paced and electronic elements in your music recommendations. But I would like to incorporate a bit more of Carlos Vives' distinctive style, especially his folk and rock influences. I'm also interested in guitar and vocal elements.","Based on your preferences, I recommend the track 'Me Enamore de Ti' by VAPAE. It's a pop and electronic song with a dance and indie vibe. The song has a bright and energetic mood, with clear rhythm and modern elements. It was released in 2013 and could be a great fit for your video.","Allow me to recommend 'La Tierra del Olvido' by Carlos Vives ft Varios Artistas. It's a track from the album 'PFC 2: Songs Around The World' by Playing For Change. The song combines elements of folk, rock, pop, and jazz with beautiful vocal performances. It may have the guitar and vocal elements you're looking for to enhance your video.","Allow me to recommend 'ME ENAMORE DE TI' by VAPAE. It's a pop track with electronic and rock influences, featuring female vocals. Although I don't have much information about the album or artists, the song was released as a music video and may contain elements of VAPAE's distinctive style.",ME ENAMORE DE TI,VAPAE,1,1,1,0,0,top1_generation_prompt_text_changed_only_precomputed_text_feature_unchanged
3952,hlhgYkDKqn4,hlhgYkDKqn4_jKBmrIgG-Nw,gsD2ksg2nrw_htFqbKNe60Y,gsD2ksg2nrw,0,3,cf_lyrical_piano,top1_prompt_level_preference_counterfactual,original,top1_reference,"I prefer lyrical piano background music with a slow tempo, soft acoustic texture, gentle melody, and a calm sentimental mood.","That sounds great, I like the fast-paced and electronic elements in your music recommendations. But I would like to incorporate a bit more of Carlos Vives' distinctive style, especially his folk and rock influences. I'm also interested in guitar and vocal elements.","Allow me to recommend 'ME ENAMORE DE TI' by VAPAE. It's a track with lyrical piano background music that aligns well with your preferences. The song has a slow tempo, soft acoustic texture, gentle melody, and a calm sentimental mood. It was released in 2013 and has a pop and rock influence.","Allow me to recommend 'La Tierra del Olvido' by Carlos Vives ft Varios Artistas. It's a track from the album 'PFC 2: Songs Around The World' by Playing For Change. The song combines elements of folk, rock, pop, and jazz with beautiful vocal performances. It may have the guitar and vocal elements you're looking for to enhance your video.","Allow me to recommend 'ME ENAMORE DE TI' by VAPAE. It's a pop track with electronic and rock influences, featuring female vocals. Although I don't have much information about the album or artists, the song was released as a music video and may contain elements of VAPAE's distinctive style.",ME ENAMORE DE TI,VAPAE,1,1,1,0,0,top1_generation_prompt_text_changed_only_precomputed_text_feature_unchanged
3963,Wu8w5gYs6ZI,Wu8w5gYs6ZI_RzKd8etBkhQ,YeKvmD0MBnI_hCeb5KvlOgI,YeKvmD0MBnI,0,3,original,top1_prompt_level_preference_counterfactual,original,top1_reference,"That sounds great, I like the hip-hop and electronic genres in your music recommendations. But I would also like to incorporate a bit more of Vinyl Therapy's distinctive style, especially their jazz and soul influences. I'm also interested in chillout elements.","That sounds great, I like the hip-hop and electronic genres in your music recommendations. But I would also like to incorporate a bit more of Vinyl Therapy's distinctive style, especially their jazz and soul influences. I'm also interested in chillout elements.","Allow me to recommend 'Vinyl Therapy' by Vinyl Therapy. It's a track that combines elements of hip-hop, electronic, jazz, and soul. It has a chillout vibe that could be a fitting choice for your video.","Allow me to recommend 'Una Vida' by Vinyl Therapy ft. Pipo Ti, Crypy, Rapsoda, and Tcap Leviatán. It's a track that combines elements of hip-hop, electronic, jazz, and chillout. The song aims to bring back the true elements of hip-hop from the 90s golden era and features a soulful vibe. It might be a fitting choice for your video.",Sure! How about 'Come Super Mario' by ALL IN? It's a hip-hop and electronic track with pop and rock elements. The song has a 90s style and features male vocals. You can find more information about the song and the artist on their official website.,Come Super Mario,ALL IN,0,0,0,1,0,top1_generation_prompt_text_changed_only_precomputed_text_feature_unchanged
3963,Wu8w5gYs6ZI,Wu8w5gYs6ZI_RzKd8etBkhQ,YeKvmD0MBnI_hCeb5KvlOgI,YeKvmD0MBnI,0,3,cf_upbeat_electronic,top1_prompt_level_preference_counterfactual,original,top1_reference,"I prefer upbeat electronic background music with a bright mood, clear rhythm, energetic beats, and a modern dance or pop feeling.","That sounds great, I like the hip-hop and electronic genres in your music recommendations. But I would also like to incorporate a bit more of Vinyl Therapy's distinctive style, especially their jazz and soul influences. I'm also interested in chillout elements.","In that case, I recommend 'Come Super Mario' by ALL IN. It's a track from their album 'Come Super Mario'. This song combines elements of Hip-Hop, electronic, and pop with a danceable rhythm. It has a fast-paced beat and a catchy melody that will add energy to your video.","Allow me to recommend 'Una Vida' by Vinyl Therapy ft. Pipo Ti, Crypy, Rapsoda, and Tcap Leviatán. It's a track that combines elements of hip-hop, electronic, jazz, and chillout. The song aims to bring back the true elements of hip-hop from the 90s golden era and features a soulful vibe. It might be a fitting choice for your video.",Sure! How about 'Come Super Mario' by ALL IN? It's a hip-hop and electronic track with pop and rock elements. The song has a 90s style and features male vocals. You can find more information about the song and the artist on their official website.,Come Super Mario,ALL IN,1,1,1,0,0,top1_generation_prompt_text_changed_only_precomputed_text_feature_unchanged
3963,Wu8w5gYs6ZI,Wu8w5gYs6ZI_RzKd8etBkhQ,YeKvmD0MBnI_hCeb5KvlOgI,YeKvmD0MBnI,0,3,cf_lyrical_piano,top1_prompt_level_preference_counterfactual,original,top1_reference,"I prefer lyrical piano background music with a slow tempo, soft acoustic texture, gentle melody, and a calm sentimental mood.","That sounds great, I like the hip-hop and electronic genres in your music recommendations. But I would also like to incorporate a bit more of Vinyl Therapy's distinctive style, especially their jazz and soul influences. I'm also interested in chillout elements.","Allow me to recommend 'Come Super Mario' by ALL IN. It's a track from their album 'ALL IN'. It combines elements of hip-hop, electronic, and rock with a slow tempo and a piano-driven sound. The song has a lyrical and emotional vibe that could be a fitting choice for your video.","Allow me to recommend 'Una Vida' by Vinyl Therapy ft. Pipo Ti, Crypy, Rapsoda, and Tcap Leviatán. It's a track that combines elements of hip-hop, electronic, jazz, and chillout. The song aims to bring back the true elements of hip-hop from the 90s golden era and features a soulful vibe. It might be a fitting choice for your video.",Sure! How about 'Come Super Mario' by ALL IN? It's a hip-hop and electronic track with pop and rock elements. The song has a 90s style and features male vocals. You can find more information about the song and the artist on their official website.,Come Super Mario,ALL IN,1,1,1,0,0,top1_generation_prompt_text_changed_only_precomputed_text_feature_unchanged
3980,saTEJs6bLos,saTEJs6bLos_P9_I1wHU2zk,0lkuVDqosG0_Im1bp7Ljud4,0lkuVDqosG0,0,10,original,top1_prompt_level_preference_counterfactual,original,top1_reference,"That sounds great, but I'm looking to incorporate a bit more of Perez's unique style into the video. I'm interested in his experimental electronic sound and his vocals.","That sounds great, but I'm looking to incorporate a bit more of Perez's unique style into the video. I'm interested in his experimental electronic sound and his vocals.","Allow me to recommend 'Perez' by Perez. It's a track from his album 'Perez'. It combines elements of hip-hop, electronic, and rock with experimental and dance influences. The song features Perez's vocals and has a techno and electronic sound. It was released in 2012, which may contain the specific elements you're looking for.","Allow me to recommend 'Distúrbio' by Perez. It's a track from his mixtape 'Histórias Lá Do Bairro' recorded under the label M401. 'Distúrbio' combines elements of hip-hop, electronic, and experimental music with a unique rock and electronica sound. It may be a fitting choice for your video, especially if you want to highlight Perez's vocals and experimental electronic style.","I suggest checking out K.I.Z.'s album 'Sexismus gegen Rechts'. It features a mix of hip-hop, rock, electronic, folk, and blues elements. Although I don't have information on a specific track name, you can explore the album to find a song that aligns with the style you're looking for.",,,,,,0,0,top1_generation_prompt_text_changed_only_precomputed_text_feature_unchanged
3980,saTEJs6bLos,saTEJs6bLos_P9_I1wHU2zk,0lkuVDqosG0_Im1bp7Ljud4,0lkuVDqosG0,0,10,cf_upbeat_electronic,top1_prompt_level_preference_counterfactual,original,top1_reference,"I prefer upbeat electronic background music with a bright mood, clear rhythm, energetic beats, and a modern dance or pop feeling.","That sounds great, but I'm looking to incorporate a bit more of Perez's unique style into the video. I'm interested in his experimental electronic sound and his vocals.","Based on your preferences, I recommend the track 'BIG BANG' by BIG BANG. It's a hip-hop and electronic song with elements of rock, dance, and pop. The track has a fast-paced beat and energetic drums that can add a modern and vibrant feel to your video.","Allow me to recommend 'Distúrbio' by Perez. It's a track from his mixtape 'Histórias Lá Do Bairro' recorded under the label M401. 'Distúrbio' combines elements of hip-hop, electronic, and experimental music with a unique rock and electronica sound. It may be a fitting choice for your video, especially if you want to highlight Perez's vocals and experimental electronic style.","I suggest checking out K.I.Z.'s album 'Sexismus gegen Rechts'. It features a mix of hip-hop, rock, electronic, folk, and blues elements. Although I don't have information on a specific track name, you can explore the album to find a song that aligns with the style you're looking for.",,,,,,0,0,top1_generation_prompt_text_changed_only_precomputed_text_feature_unchanged
3980,saTEJs6bLos,saTEJs6bLos_P9_I1wHU2zk,0lkuVDqosG0_Im1bp7Ljud4,0lkuVDqosG0,0,10,cf_lyrical_piano,top1_prompt_level_preference_counterfactual,original,top1_reference,"I prefer lyrical piano background music with a slow tempo, soft acoustic texture, gentle melody, and a calm sentimental mood.","That sounds great, but I'm looking to incorporate a bit more of Perez's unique style into the video. I'm interested in his experimental electronic sound and his vocals.","In that case, I would recommend 'B-Boy' by M.I.A. This track has a lyrical piano background and falls under the genres of Hip-Hop, electronic, rock, and experimental. It has a slow tempo, soft acoustic texture, and a gentle melody that creates a calm and sentimental mood.","Allow me to recommend 'Distúrbio' by Perez. It's a track from his mixtape 'Histórias Lá Do Bairro' recorded under the label M401. 'Distúrbio' combines elements of hip-hop, electronic, and experimental music with a unique rock and electronica sound. It may be a fitting choice for your video, especially if you want to highlight Perez's vocals and experimental electronic style.","I suggest checking out K.I.Z.'s album 'Sexismus gegen Rechts'. It features a mix of hip-hop, rock, electronic, folk, and blues elements. Although I don't have information on a specific track name, you can explore the album to find a song that aligns with the style you're looking for.",,,,,,0,0,top1_generation_prompt_text_changed_only_precomputed_text_feature_unchanged
3981,s4UKAbZXMD8,s4UKAbZXMD8_c6F-7olJ_VI,s4UKAbZXMD8_c6F-7olJ_VI,s4UKAbZXMD8,1,1,original,top1_prompt_level_preference_counterfactual,original,top1_reference,That sounds great! I'm also interested in incorporating some acoustic and folk elements into the music. Do you have any recommendations that blend rock and folk?,That sounds great! I'm also interested in incorporating some acoustic and folk elements into the music. Do you have any recommendations that blend rock and folk?,"Certainly! How about 'Video Games' by Lana Del Rey? It's a track from her album 'Video Games'. The song combines elements of rock, indie, and folk with acoustic guitar and female vocals. It has a slow and melodic sound that could add a unique touch to your video.","Certainly! How about 'Video Games' by Lana Del Rey? It's a cover by May Tomorrow. The original track is known for its indie, rock, and alternative sound, and this cover adds acoustic and folk elements to it. It could be a great choice to blend rock and folk in your video.","Certainly! How about 'Video Games' by Lana Del Rey? It's a cover by May Tomorrow. The original track is known for its indie, rock, and alternative sound, and this cover adds acoustic and folk elements to it. It could be a great choice to blend rock and folk in your video.",Video Games,Lana Del Rey,1,1,1,0,0,top1_generation_prompt_text_changed_only_precomputed_text_feature_unchanged
3981,s4UKAbZXMD8,s4UKAbZXMD8_c6F-7olJ_VI,s4UKAbZXMD8_c6F-7olJ_VI,s4UKAbZXMD8,1,1,cf_upbeat_electronic,top1_prompt_level_preference_counterfactual,original,top1_reference,"I prefer upbeat electronic background music with a bright mood, clear rhythm, energetic beats, and a modern dance or pop feeling.",That sounds great! I'm also interested in incorporating some acoustic and folk elements into the music. Do you have any recommendations that blend rock and folk?,"In that case, I recommend 'Video Games' by Lana Del Rey. It's a track from her album 'Video Games'. This song combines elements of indie, rock, and pop with a female vocalist. It has a slow tempo and features guitar and piano, which can create a mellow and introspective atmosphere for your video.","Certainly! How about 'Video Games' by Lana Del Rey? It's a cover by May Tomorrow. The original track is known for its indie, rock, and alternative sound, and this cover adds acoustic and folk elements to it. It could be a great choice to blend rock and folk in your video.","Certainly! How about 'Video Games' by Lana Del Rey? It's a cover by May Tomorrow. The original track is known for its indie, rock, and alternative sound, and this cover adds acoustic and folk elements to it. It could be a great choice to blend rock and folk in your video.",Video Games,Lana Del Rey,1,1,1,0,0,top1_generation_prompt_text_changed_only_precomputed_text_feature_unchanged
3981,s4UKAbZXMD8,s4UKAbZXMD8_c6F-7olJ_VI,s4UKAbZXMD8_c6F-7olJ_VI,s4UKAbZXMD8,1,1,cf_lyrical_piano,top1_prompt_level_preference_counterfactual,original,top1_reference,"I prefer lyrical piano background music with a slow tempo, soft acoustic texture, gentle melody, and a calm sentimental mood.",That sounds great! I'm also interested in incorporating some acoustic and folk elements into the music. Do you have any recommendations that blend rock and folk?,"In that case, I recommend 'Video Games' by Lana Del Rey. It's a beautiful track with lyrical piano and a slow tempo. The song has a soft acoustic texture and a gentle melody that can create a sentimental mood for your video.","Certainly! How about 'Video Games' by Lana Del Rey? It's a cover by May Tomorrow. The original track is known for its indie, rock, and alternative sound, and this cover adds acoustic and folk elements to it. It could be a great choice to blend rock and folk in your video.","Certainly! How about 'Video Games' by Lana Del Rey? It's a cover by May Tomorrow. The original track is known for its indie, rock, and alternative sound, and this cover adds acoustic and folk elements to it. It could be a great choice to blend rock and folk in your video.",Video Games,Lana Del Rey,1,1,1,0,0,top1_generation_prompt_text_changed_only_precomputed_text_feature_unchanged
4025,BSA-zYdJkw8,BSA-zYdJkw8_jO8zlog3yfo,ZXpTajpYggc_jRKztRLtZcE,ZXpTajpYggc,0,13,original,top1_prompt_level_preference_counterfactual,original,top1_reference,"I like that suggestion, but I'm searching for something that has more of an R&B twist to it as well. Do you have anything like that?","I like that suggestion, but I'm searching for something that has more of an R&B twist to it as well. Do you have anything like that?","Absolutely! In that case, I would recommend 'Love Song' by DChapelli featuring Tori Lee. This track combines elements of pop, R&B, and electronic music, creating a smooth and soulful sound. It's perfect for adding a romantic touch to your wedding video.","For an R&B twist with a blend of pop and electronic, 'I Love You' by Jonathan McReynolds from the album 'Walking In The Light Vol. II' would be a perfect match for your playlist. The song features beautiful female vocals and offers a mix of pop, R&B, and electronic elements that you're looking for.",Let me recommend the song 'Never Knew What Love Was' by DChapelli featuring Tori Lee. It's an electronic/indie/pop track with female vocals and rock influences. This song could add a unique and diverse sound to your video.,Never Knew What Love Was,DChapelli featuring Tori Lee,0,1,0,1,0,top1_generation_prompt_text_changed_only_precomputed_text_feature_unchanged
4025,BSA-zYdJkw8,BSA-zYdJkw8_jO8zlog3yfo,ZXpTajpYggc_jRKztRLtZcE,ZXpTajpYggc,0,13,cf_upbeat_electronic,top1_prompt_level_preference_counterfactual,original,top1_reference,"I prefer upbeat electronic background music with a bright mood, clear rhythm, energetic beats, and a modern dance or pop feeling.","I like that suggestion, but I'm searching for something that has more of an R&B twist to it as well. Do you have anything like that?","In that case, I would recommend 'Never Knew What Love Was' by DChapelli featuring Tori Lee. This track combines elements of pop, electronic, and indie music, creating a vibrant and energetic atmosphere. It's perfect for adding a modern and danceable feel to your video.","For an R&B twist with a blend of pop and electronic, 'I Love You' by Jonathan McReynolds from the album 'Walking In The Light Vol. II' would be a perfect match for your playlist. The song features beautiful female vocals and offers a mix of pop, R&B, and electronic elements that you're looking for.",Let me recommend the song 'Never Knew What Love Was' by DChapelli featuring Tori Lee. It's an electronic/indie/pop track with female vocals and rock influences. This song could add a unique and diverse sound to your video.,Never Knew What Love Was,DChapelli featuring Tori Lee,1,1,1,0,0,top1_generation_prompt_text_changed_only_precomputed_text_feature_unchanged
4025,BSA-zYdJkw8,BSA-zYdJkw8_jO8zlog3yfo,ZXpTajpYggc_jRKztRLtZcE,ZXpTajpYggc,0,13,cf_lyrical_piano,top1_prompt_level_preference_counterfactual,original,top1_reference,"I prefer lyrical piano background music with a slow tempo, soft acoustic texture, gentle melody, and a calm sentimental mood.","I like that suggestion, but I'm searching for something that has more of an R&B twist to it as well. Do you have anything like that?","In that case, I recommend 'Never Knew What Love Was' by DChapelli featuring Tori Lee. This track combines elements of pop, R&B, soul, and electronic music. It has a slow tempo, soft acoustic texture, and a gentle melody that creates a calm and sentimental mood. It's a perfect choice for your wedding video.","For an R&B twist with a blend of pop and electronic, 'I Love You' by Jonathan McReynolds from the album 'Walking In The Light Vol. II' would be a perfect match for your playlist. The song features beautiful female vocals and offers a mix of pop, R&B, and electronic elements that you're looking for.",Let me recommend the song 'Never Knew What Love Was' by DChapelli featuring Tori Lee. It's an electronic/indie/pop track with female vocals and rock influences. This song could add a unique and diverse sound to your video.,Never Knew What Love Was,DChapelli featuring Tori Lee,1,1,1,0,0,top1_generation_prompt_text_changed_only_precomputed_text_feature_unchanged
4053,RtN6hQUg_8A,RtN6hQUg_8A_uASCrVnpPG0,g90g2CerdKE_ZheEZlDYtHQ,g90g2CerdKE,0,4,original,top1_prompt_level_preference_counterfactual,original,top1_reference,"I like the electronic touch but I'm searching for something with more of an electro and house influence, possibly something that has been used in cool events.","I like the electronic touch but I'm searching for something with more of an electro and house influence, possibly something that has been used in cool events.","In that case, 'Bassface - Bassface (Original Mix)' from the album 'Bassface' would be an excellent choice. This track is known for its energetic and fast-paced electronic beats, perfect for creating an exciting atmosphere at events. It's been featured in various events, including the 'Bassface' event in 2013, which adds to its appeal.","For something with a strong electro and house vibe that's been featured in cool events, I'd recommend 'Scary Monsters and Nice Sprites' by Skrillex. It's a track with a great mix of electronic, electro, dance, and house. The energy of this track is unmatched and it fits perfectly for vibrant party scenes.","Certainly! I suggest checking out the track 'House 2014 • Big Room • Drumfire Calut • Mash-Up'. Although I don't have much information about this specific track, it falls under the house genre and has electronic beats. It's a fast-paced track that could be a fitting choice for your high-energy dance video.",,,,,,0,0,top1_generation_prompt_text_changed_only_precomputed_text_feature_unchanged
4053,RtN6hQUg_8A,RtN6hQUg_8A_uASCrVnpPG0,g90g2CerdKE_ZheEZlDYtHQ,g90g2CerdKE,0,4,cf_upbeat_electronic,top1_prompt_level_preference_counterfactual,original,top1_reference,"I prefer upbeat electronic background music with a bright mood, clear rhythm, energetic beats, and a modern dance or pop feeling.","I like the electronic touch but I'm searching for something with more of an electro and house influence, possibly something that has been used in cool events.","Based on your preferences, I recommend 'Bright Lights' by Dirty South. It's a track from the album 'Bright Lights'. This song falls under the genres of electronic, dance, house, electro, and pop. It has a fast-paced techno sound with a loud and energetic beat, which aligns well with your requirements.","For something with a strong electro and house vibe that's been featured in cool events, I'd recommend 'Scary Monsters and Nice Sprites' by Skrillex. It's a track with a great mix of electronic, electro, dance, and house. The energy of this track is unmatched and it fits perfectly for vibrant party scenes.","Certainly! I suggest checking out the track 'House 2014 • Big Room • Drumfire Calut • Mash-Up'. Although I don't have much information about this specific track, it falls under the house genre and has electronic beats. It's a fast-paced track that could be a fitting choice for your high-energy dance video.",,,,,,0,0,top1_generation_prompt_text_changed_only_precomputed_text_feature_unchanged
4053,RtN6hQUg_8A,RtN6hQUg_8A_uASCrVnpPG0,g90g2CerdKE_ZheEZlDYtHQ,g90g2CerdKE,0,4,cf_lyrical_piano,top1_prompt_level_preference_counterfactual,original,top1_reference,"I prefer lyrical piano background music with a slow tempo, soft acoustic texture, gentle melody, and a calm sentimental mood.","I like the electronic touch but I'm searching for something with more of an electro and house influence, possibly something that has been used in cool events.",10000000000000000000000000000000000000000000000000000000000000000000000000000000000000000000000000000000000000000000000000000000,"For something with a strong electro and house vibe that's been featured in cool events, I'd recommend 'Scary Monsters and Nice Sprites' by Skrillex. It's a track with a great mix of electronic, electro, dance, and house. The energy of this track is unmatched and it fits perfectly for vibrant party scenes.","Certainly! I suggest checking out the track 'House 2014 • Big Room • Drumfire Calut • Mash-Up'. Although I don't have much information about this specific track, it falls under the house genre and has electronic beats. It's a fast-paced track that could be a fitting choice for your high-energy dance video.",,,,,,0,0,top1_generation_prompt_text_changed_only_precomputed_text_feature_unchanged
4087,khe8nWxLC6A,khe8nWxLC6A_GM5NClxKzV4,-XiN_yDGDjE_Bt2ha5B3X3c,-XiN_yDGDjE,0,8,original,top1_prompt_level_preference_counterfactual,original,top1_reference,"That sounds great, I like the hip-hop and electronic genres in your music recommendations. But I would like to incorporate a bit more of Troy Nathans' distinctive style, especially his pop influences. I'm also interested in vocal and guitar elements.","That sounds great, I like the hip-hop and electronic genres in your music recommendations. But I would like to incorporate a bit more of Troy Nathans' distinctive style, especially his pop influences. I'm also interested in vocal and guitar elements.","Allow me to recommend 'Whips & Waves' by Troy Nathans. It's a track from his album 'Whips & Waves'. It combines elements of hip-hop, rock, and pop with electronic beats and guitar-driven melodies. The song has a vocal-focused sound that could be a fitting choice for your video.","Allow me to recommend 'Show My Soul' by Troy Nathans feat. Eli. It's a track recorded at The Chicago Recording Company, one of the most prestigious recording studios. The song combines elements of hip-hop, electronic, and pop music with rock and indie influences. It features a vocal performance and guitar elements. The track was mixed and mastered by Kyle Burt and additional engineering was done by Tom Zalduendo.","Allow me to recommend 'Whips & Waves' by Clarkoh. It's a reflective track that captures a life journey since senior year in high school. Although there is no specific information about the album or artists, the song's genre tags indicate that it falls within the hip-hop, rock, indie, and folk genres. It may incorporate male vocals and guitar as well.",Whips & Waves,Clarkoh,1,0,0,1,0,top1_generation_prompt_text_changed_only_precomputed_text_feature_unchanged
4087,khe8nWxLC6A,khe8nWxLC6A_GM5NClxKzV4,-XiN_yDGDjE_Bt2ha5B3X3c,-XiN_yDGDjE,0,8,cf_upbeat_electronic,top1_prompt_level_preference_counterfactual,original,top1_reference,"I prefer upbeat electronic background music with a bright mood, clear rhythm, energetic beats, and a modern dance or pop feeling.","That sounds great, I like the hip-hop and electronic genres in your music recommendations. But I would like to incorporate a bit more of Troy Nathans' distinctive style, especially his pop influences. I'm also interested in vocal and guitar elements.","In that case, I recommend 'Whips & Waves' by Clarkoh. It's a track from the album 'Whips & Waves'. This song combines elements of Hip-Hop, electronic, indie, rock, and pop. It has a techno influence and features male vocals. It's a fast-paced track with a modern dance vibe.","Allow me to recommend 'Show My Soul' by Troy Nathans feat. Eli. It's a track recorded at The Chicago Recording Company, one of the most prestigious recording studios. The song combines elements of hip-hop, electronic, and pop music with rock and indie influences. It features a vocal performance and guitar elements. The track was mixed and mastered by Kyle Burt and additional engineering was done by Tom Zalduendo.","Allow me to recommend 'Whips & Waves' by Clarkoh. It's a reflective track that captures a life journey since senior year in high school. Although there is no specific information about the album or artists, the song's genre tags indicate that it falls within the hip-hop, rock, indie, and folk genres. It may incorporate male vocals and guitar as well.",Whips & Waves,Clarkoh,1,1,1,0,0,top1_generation_prompt_text_changed_only_precomputed_text_feature_unchanged
4087,khe8nWxLC6A,khe8nWxLC6A_GM5NClxKzV4,-XiN_yDGDjE_Bt2ha5B3X3c,-XiN_yDGDjE,0,8,cf_lyrical_piano,top1_prompt_level_preference_counterfactual,original,top1_reference,"I prefer lyrical piano background music with a slow tempo, soft acoustic texture, gentle melody, and a calm sentimental mood.","That sounds great, I like the hip-hop and electronic genres in your music recommendations. But I would like to incorporate a bit more of Troy Nathans' distinctive style, especially his pop influences. I'm also interested in vocal and guitar elements.","In that case, I would recommend 'Whips & Waves' by Clarkoh. This track combines elements of Hip-Hop, indie, rock, and electronic genres. It features lyrical piano and has a slow tempo, soft acoustic texture, and a gentle melody. The song has a calm and sentimental mood that would be perfect for your video.","Allow me to recommend 'Show My Soul' by Troy Nathans feat. Eli. It's a track recorded at The Chicago Recording Company, one of the most prestigious recording studios. The song combines elements of hip-hop, electronic, and pop music with rock and indie influences. It features a vocal performance and guitar elements. The track was mixed and mastered by Kyle Burt and additional engineering was done by Tom Zalduendo.","Allow me to recommend 'Whips & Waves' by Clarkoh. It's a reflective track that captures a life journey since senior year in high school. Although there is no specific information about the album or artists, the song's genre tags indicate that it falls within the hip-hop, rock, indie, and folk genres. It may incorporate male vocals and guitar as well.",Whips & Waves,Clarkoh,1,1,1,0,0,top1_generation_prompt_text_changed_only_precomputed_text_feature_unchanged
4147,5cE75y2eQRw,5cE75y2eQRw_MtAwCNqg2jY,EBQL5tLTOvo_SWEoM7bZSd0,EBQL5tLTOvo,0,8,original,top1_prompt_level_preference_counterfactual,original,top1_reference,"That sounds like a good recommendation, but I'm also looking for a music video that has a more energetic and powerful rock vibe. Can you recommend something that aligns with these preferences?","That sounds like a good recommendation, but I'm also looking for a music video that has a more energetic and powerful rock vibe. Can you recommend something that aligns with these preferences?","Certainly! How about the music video for 'Yang Penting Janda' by GAN ZAPAS? It's a rock track with alternative and indie influences. The song has a powerful and energetic sound, which could be a great fit for your video. It was released in 2012 and has a music video that adds visual appeal to the overall experience.","I understand your preference for a more energetic rock vibe. I recommend 'Me Leva Pra Casa' by Aran e Ariel. Although I couldn't find much information about the track, it is classified as rock, indie, pop, and alternative rock, which aligns with your preferences. It also has a music video available in full HD.","Allow me to recommend 'Y.P.J (Yang Penting Janda)' by GAN ZAPAS. It's a track from their album 'Relakan Ku Pergi'. This song combines rock, alternative, and indie elements with a pop flavor. It was recorded in an unspecified year, but it may contain the specific elements you're looking for.",Y.P.J (Yang Penting Janda),GAN ZAPAS,0,1,0,1,0,top1_generation_prompt_text_changed_only_precomputed_text_feature_unchanged
4147,5cE75y2eQRw,5cE75y2eQRw_MtAwCNqg2jY,EBQL5tLTOvo_SWEoM7bZSd0,EBQL5tLTOvo,0,8,cf_upbeat_electronic,top1_prompt_level_preference_counterfactual,original,top1_reference,"I prefer upbeat electronic background music with a bright mood, clear rhythm, energetic beats, and a modern dance or pop feeling.","That sounds like a good recommendation, but I'm also looking for a music video that has a more energetic and powerful rock vibe. Can you recommend something that aligns with these preferences?","In that case, I recommend 'Yang Penting Janda' by GAN ZAPAS. It's a rock track with indie and alternative influences. The song has a fast-paced rhythm and energetic beats that align with your preferences. It was released in 2012 and has a music video directed by Rizal Fadhilah.","I understand your preference for a more energetic rock vibe. I recommend 'Me Leva Pra Casa' by Aran e Ariel. Although I couldn't find much information about the track, it is classified as rock, indie, pop, and alternative rock, which aligns with your preferences. It also has a music video available in full HD.","Allow me to recommend 'Y.P.J (Yang Penting Janda)' by GAN ZAPAS. It's a track from their album 'Relakan Ku Pergi'. This song combines rock, alternative, and indie elements with a pop flavor. It was recorded in an unspecified year, but it may contain the specific elements you're looking for.",Y.P.J (Yang Penting Janda),GAN ZAPAS,0,1,0,1,0,top1_generation_prompt_text_changed_only_precomputed_text_feature_unchanged
4147,5cE75y2eQRw,5cE75y2eQRw_MtAwCNqg2jY,EBQL5tLTOvo_SWEoM7bZSd0,EBQL5tLTOvo,0,8,cf_lyrical_piano,top1_prompt_level_preference_counterfactual,original,top1_reference,"I prefer lyrical piano background music with a slow tempo, soft acoustic texture, gentle melody, and a calm sentimental mood.","That sounds like a good recommendation, but I'm also looking for a music video that has a more energetic and powerful rock vibe. Can you recommend something that aligns with these preferences?","Allow me to recommend 'Yang Penting Janda' by GAN ZAPAS. It's a track from their album 'Yang Penting Janda'. The song combines elements of rock, pop, and indie with a slow tempo and acoustic sound. It has a lyrical piano and guitar-focused sound that could be a fitting choice for your video.","I understand your preference for a more energetic rock vibe. I recommend 'Me Leva Pra Casa' by Aran e Ariel. Although I couldn't find much information about the track, it is classified as rock, indie, pop, and alternative rock, which aligns with your preferences. It also has a music video available in full HD.","Allow me to recommend 'Y.P.J (Yang Penting Janda)' by GAN ZAPAS. It's a track from their album 'Relakan Ku Pergi'. This song combines rock, alternative, and indie elements with a pop flavor. It was recorded in an unspecified year, but it may contain the specific elements you're looking for.",Y.P.J (Yang Penting Janda),GAN ZAPAS,0,1,0,1,0,top1_generation_prompt_text_changed_only_precomputed_text_feature_unchanged
4148,HdVY4pBsahU,HdVY4pBsahU_12WBWg1BAmU,Z1ltk4cjc0A_vixPS5KWjFM,Z1ltk4cjc0A,0,36,original,top1_prompt_level_preference_counterfactual,original,top1_reference,That sounds great. I'm also interested in incorporating some rock and pop elements into the music. Do you have any suggestions?,That sounds great. I'm also interested in incorporating some rock and pop elements into the music. Do you have any suggestions?,"Certainly! How about 'Cayou' by Young Chally? It's a track that combines hip-hop, electronic, rock, and pop elements. The song has a catchy beat and features male vocals. It could add a dynamic and diverse sound to your video.","Certainly! 'Survive Life' by FRESH is a track that combines hip-hop and electronic genres with indie, rock, and pop influences. It has a synth-based sound and male vocals. This song might be a good fit for your video, providing a mix of different styles.","Let me suggest 'Cayou' by Young Chally. Although there is no detailed information available about the track, it's classified as hip-hop, electronic, rock, and ambient. It might contain the combination of styles you're looking for, with a mix of electronic and rock elements along with ambient undertones.",Cayou,Young Chally,1,1,1,0,0,top1_generation_prompt_text_changed_only_precomputed_text_feature_unchanged
4148,HdVY4pBsahU,HdVY4pBsahU_12WBWg1BAmU,Z1ltk4cjc0A_vixPS5KWjFM,Z1ltk4cjc0A,0,36,cf_upbeat_electronic,top1_prompt_level_preference_counterfactual,original,top1_reference,"I prefer upbeat electronic background music with a bright mood, clear rhythm, energetic beats, and a modern dance or pop feeling.",That sounds great. I'm also interested in incorporating some rock and pop elements into the music. Do you have any suggestions?,"In that case, I would recommend 'Cayou' by Young Chally. This track combines elements of Hip-Hop, electronic, rock, pop, and dance genres. It has a fast-paced rhythm and a modern sound that will give your video a vibrant and energetic feel.","Certainly! 'Survive Life' by FRESH is a track that combines hip-hop and electronic genres with indie, rock, and pop influences. It has a synth-based sound and male vocals. This song might be a good fit for your video, providing a mix of different styles.","Let me suggest 'Cayou' by Young Chally. Although there is no detailed information available about the track, it's classified as hip-hop, electronic, rock, and ambient. It might contain the combination of styles you're looking for, with a mix of electronic and rock elements along with ambient undertones.",Cayou,Young Chally,1,1,1,0,0,top1_generation_prompt_text_changed_only_precomputed_text_feature_unchanged
4148,HdVY4pBsahU,HdVY4pBsahU_12WBWg1BAmU,Z1ltk4cjc0A_vixPS5KWjFM,Z1ltk4cjc0A,0,36,cf_lyrical_piano,top1_prompt_level_preference_counterfactual,original,top1_reference,"I prefer lyrical piano background music with a slow tempo, soft acoustic texture, gentle melody, and a calm sentimental mood.",That sounds great. I'm also interested in incorporating some rock and pop elements into the music. Do you have any suggestions?,"In that case, I would recommend 'Cayou' by Young Chally. This track has a lyrical piano background with a slow tempo, soft acoustic texture, gentle melody, and a calm, sentimental mood. It's a perfect fit for your video.","Certainly! 'Survive Life' by FRESH is a track that combines hip-hop and electronic genres with indie, rock, and pop influences. It has a synth-based sound and male vocals. This song might be a good fit for your video, providing a mix of different styles.","Let me suggest 'Cayou' by Young Chally. Although there is no detailed information available about the track, it's classified as hip-hop, electronic, rock, and ambient. It might contain the combination of styles you're looking for, with a mix of electronic and rock elements along with ambient undertones.",Cayou,Young Chally,1,1,1,0,0,top1_generation_prompt_text_changed_only_precomputed_text_feature_unchanged
4150,Z0Ujpe2xWKs,Z0Ujpe2xWKs_bxU95SaM06c,Z0Ujpe2xWKs_bxU95SaM06c,Z0Ujpe2xWKs,1,1,original,top1_prompt_level_preference_counterfactual,original,top1_reference,"That sounds great, but I would like to include some electronic and techno elements in the music as well.","That sounds great, but I would like to include some electronic and techno elements in the music as well.","Allow me to recommend 'Cave In by Owl City'. It's an electronic track with techno influences. Although I don't have much information about the specific album or artist, the song itself falls under the electronic, dance, and pop genres, which align with your preferences. It has a fast-paced and loud sound, which could add an energetic vibe to your video.","I understand your preference for electronic and techno elements. Unfortunately, I don't have enough information about the candidate music to determine if it contains these specific elements. However, based on your target music, 'Cave In' by Owl City could be a suitable choice. It's an electronic pop track with indie and dance influences. The song features synth sounds and a fast-paced beat.","I understand your preference for electronic and techno elements. Unfortunately, I don't have enough information about the candidate music to determine if it contains these specific elements. However, based on your target music, 'Cave In' by Owl City could be a suitable choice. It's an electronic pop track with indie and dance influences. The song features synth sounds and a fast-paced beat.","t have enough information about the candidate music to determine if it contains these specific elements. However, based on your target music, 'Cave In",Owl City could be a suitable choice,0,0,0,1,0,top1_generation_prompt_text_changed_only_precomputed_text_feature_unchanged
4150,Z0Ujpe2xWKs,Z0Ujpe2xWKs_bxU95SaM06c,Z0Ujpe2xWKs_bxU95SaM06c,Z0Ujpe2xWKs,1,1,cf_upbeat_electronic,top1_prompt_level_preference_counterfactual,original,top1_reference,"I prefer upbeat electronic background music with a bright mood, clear rhythm, energetic beats, and a modern dance or pop feeling.","That sounds great, but I would like to include some electronic and techno elements in the music as well.","Based on your preferences, 'Cave In by Owl City' could be a suitable choice for your video. It's an electronic track with a bright mood, clear rhythm, energetic beats, and a modern dance or pop feeling. It aligns well with your target music and can add a vibrant and upbeat atmosphere to your video.","I understand your preference for electronic and techno elements. Unfortunately, I don't have enough information about the candidate music to determine if it contains these specific elements. However, based on your target music, 'Cave In' by Owl City could be a suitable choice. It's an electronic pop track with indie and dance influences. The song features synth sounds and a fast-paced beat.","I understand your preference for electronic and techno elements. Unfortunately, I don't have enough information about the candidate music to determine if it contains these specific elements. However, based on your target music, 'Cave In' by Owl City could be a suitable choice. It's an electronic pop track with indie and dance influences. The song features synth sounds and a fast-paced beat.","t have enough information about the candidate music to determine if it contains these specific elements. However, based on your target music, 'Cave In",Owl City could be a suitable choice,0,1,0,1,0,top1_generation_prompt_text_changed_only_precomputed_text_feature_unchanged
4150,Z0Ujpe2xWKs,Z0Ujpe2xWKs_bxU95SaM06c,Z0Ujpe2xWKs_bxU95SaM06c,Z0Ujpe2xWKs,1,1,cf_lyrical_piano,top1_prompt_level_preference_counterfactual,original,top1_reference,"I prefer lyrical piano background music with a slow tempo, soft acoustic texture, gentle melody, and a calm sentimental mood.","That sounds great, but I would like to include some electronic and techno elements in the music as well.","Allow me to recommend 'Cave In by Owl City'. It's a track from their album 'Cave In'. This song combines electronic, pop, and indie elements with a lyrical piano and slow tempo. It has a soft acoustic texture and a gentle melody that can create a calm and sentimental atmosphere for your video.","I understand your preference for electronic and techno elements. Unfortunately, I don't have enough information about the candidate music to determine if it contains these specific elements. However, based on your target music, 'Cave In' by Owl City could be a suitable choice. It's an electronic pop track with indie and dance influences. The song features synth sounds and a fast-paced beat.","I understand your preference for electronic and techno elements. Unfortunately, I don't have enough information about the candidate music to determine if it contains these specific elements. However, based on your target music, 'Cave In' by Owl City could be a suitable choice. It's an electronic pop track with indie and dance influences. The song features synth sounds and a fast-paced beat.","t have enough information about the candidate music to determine if it contains these specific elements. However, based on your target music, 'Cave In",Owl City could be a suitable choice,0,0,0,1,0,top1_generation_prompt_text_changed_only_precomputed_text_feature_unchanged
4180,KDOK211mTgA,KDOK211mTgA_A4RbtN9IarQ,KDOK211mTgA_A4RbtN9IarQ,KDOK211mTgA,1,1,original,top1_prompt_level_preference_counterfactual,original,top1_reference,"That sounds great, but I would like to incorporate some classic rock and alternative elements into the music as well. Can you suggest something that fits those genres?","That sounds great, but I would like to incorporate some classic rock and alternative elements into the music as well. Can you suggest something that fits those genres?","Allow me to recommend 'Vem Adorar' by Ministério Soma. It's a track from their album 'Vem Adorar'. This song combines elements of classic rock, alternative, and pop with a touch of indie. It has a guitar-driven sound and features male vocals. It was released in 2012 and could be a fitting choice for your video.","Certainly! How about 'Vem adorar' by Ministério Soma? It's a track that falls under the genres of rock, indie, alternative, and classic rock. Although I don't have much information about the song or the artist, it could be a suitable choice for incorporating classic rock and alternative elements into your video.","Certainly! How about 'Vem adorar' by Ministério Soma? It's a track that falls under the genres of rock, indie, alternative, and classic rock. Although I don't have much information about the song or the artist, it could be a suitable choice for incorporating classic rock and alternative elements into your video.",Vem adorar,Ministério Soma,1,1,1,0,0,top1_generation_prompt_text_changed_only_precomputed_text_feature_unchanged
4180,KDOK211mTgA,KDOK211mTgA_A4RbtN9IarQ,KDOK211mTgA_A4RbtN9IarQ,KDOK211mTgA,1,1,cf_upbeat_electronic,top1_prompt_level_preference_counterfactual,original,top1_reference,"I prefer upbeat electronic background music with a bright mood, clear rhythm, energetic beats, and a modern dance or pop feeling.","That sounds great, but I would like to incorporate some classic rock and alternative elements into the music as well. Can you suggest something that fits those genres?","Based on your preferences, I recommend the track 'Vem Adorar' by Ministério Soma. It's a rock and pop song with indie and alternative influences. The song has a fast-paced rhythm and energetic beats, which align with your requirements. It was released in 2012 and has a modern dance vibe.","Certainly! How about 'Vem adorar' by Ministério Soma? It's a track that falls under the genres of rock, indie, alternative, and classic rock. Although I don't have much information about the song or the artist, it could be a suitable choice for incorporating classic rock and alternative elements into your video.","Certainly! How about 'Vem adorar' by Ministério Soma? It's a track that falls under the genres of rock, indie, alternative, and classic rock. Although I don't have much information about the song or the artist, it could be a suitable choice for incorporating classic rock and alternative elements into your video.",Vem adorar,Ministério Soma,1,1,1,0,0,top1_generation_prompt_text_changed_only_precomputed_text_feature_unchanged
4180,KDOK211mTgA,KDOK211mTgA_A4RbtN9IarQ,KDOK211mTgA_A4RbtN9IarQ,KDOK211mTgA,1,1,cf_lyrical_piano,top1_prompt_level_preference_counterfactual,original,top1_reference,"I prefer lyrical piano background music with a slow tempo, soft acoustic texture, gentle melody, and a calm sentimental mood.","That sounds great, but I would like to incorporate some classic rock and alternative elements into the music as well. Can you suggest something that fits those genres?","Allow me to recommend 'Vem Adorar' by Ministério Soma. It's a track from their album 'Vem Adorar'. This song combines elements of rock, pop, and alternative with a touch of indie. It features lyrical piano and has a slow tempo, soft acoustic texture, and a gentle melody that creates a calm and sentimental mood.","Certainly! How about 'Vem adorar' by Ministério Soma? It's a track that falls under the genres of rock, indie, alternative, and classic rock. Although I don't have much information about the song or the artist, it could be a suitable choice for incorporating classic rock and alternative elements into your video.","Certainly! How about 'Vem adorar' by Ministério Soma? It's a track that falls under the genres of rock, indie, alternative, and classic rock. Although I don't have much information about the song or the artist, it could be a suitable choice for incorporating classic rock and alternative elements into your video.",Vem adorar,Ministério Soma,1,1,1,0,0,top1_generation_prompt_text_changed_only_precomputed_text_feature_unchanged
