condition,sample_idx,claim_id,claim_text,parent_sentence,bucket,bucket_label,subtype,evidence_note,genre_terms,genre_verification,genre_missing,quoted_names,quoted_verification,needs_human_review,human_bucket,human_is_genuine_error,human_note,generated_text
full,54,2,This track has a beautiful indie,"This track has a beautiful indie and folk sound, with a touch of melancholy.",E0_clause_split_artifact,斷句碎片（標註流程假影）,parent_audio-supported,"母句可歸屬，unsupported 係 split_claims 於 and/, 處切斷所致",folk;indie,supported,,,not_applicable,0,,,,"In that case, I would recommend 'Universe Of Dots' by Mona la Phona. This track has a beautiful indie and folk sound, with a touch of melancholy. It's part of the album 'Universe Of Dots' and would be a perfect fit for your video."
full,104,3,The song combines electronic,"The song combines electronic and chillout elements, which aligns well with the style you're looking for.",E0_clause_split_artifact,斷句碎片（標註流程假影）,parent_prompt-supported,"母句可歸屬，unsupported 係 split_claims 於 and/, 處切斷所致",chillout;electronic,supported,,,not_applicable,0,,,,"Certainly! I recommend 'Kapris - Crystal Cavern'. It's a track from Kapris' album 'Crystal Cavern'. The song combines electronic and chillout elements, which aligns well with the style you're looking for. It was released in 2012 and has a unique and atmospheric sound."
full,123,2,It's a track that captures the essence of summer with its catchy pop,It's a track that captures the essence of summer with its catchy pop and indie rock elements.,E0b_rule_miss_verified,規則漏判但有證據支持,genre_claim_verified_by_tags,曲風敘述可由 musicnn 標籤／參考文本支持；v2 因 GENRE_TERMS 需搭配 anchor 詞才計為 audio 而漏判,indie;pop;rock,supported,,,not_applicable,0,,,,"In that case, 'Summer' by The Vamps, produced by The Vamps, would be a perfect fit. It's a track that captures the essence of summer with its catchy pop and indie rock elements. The Vamps are known for their energetic and upbeat music, and this collaboration is sure to bring a summery vibe to your video."
full,123,4,this collaboration is sure to bring a summery vibe to your video.,"The Vamps are known for their energetic and upbeat music, and this collaboration is sure to bring a summery vibe to your video.",E0_clause_split_artifact,斷句碎片（標註流程假影）,parent_audio-supported,"母句可歸屬，unsupported 係 split_claims 於 and/, 處切斷所致",,not_applicable,,,not_applicable,0,,,,"In that case, 'Summer' by The Vamps, produced by The Vamps, would be a perfect fit. It's a track that captures the essence of summer with its catchy pop and indie rock elements. The Vamps are known for their energetic and upbeat music, and this collaboration is sure to bring a summery vibe to your video."
full,215,3,pop elements with a touch of rock.,"This track is a perfect fit for your needs, as it combines electronic, dance, and pop elements with a touch of rock.",E0_clause_split_artifact,斷句碎片（標註流程假影）,parent_general-supported,"母句可歸屬，unsupported 係 split_claims 於 and/, 處切斷所致",dance;electronic;pop;rock,supported,,,not_applicable,0,,,,"In that case, I'd recommend 'Bed In' by ベッド・イン. This track is a perfect fit for your needs, as it combines electronic, dance, and pop elements with a touch of rock. It's a high-energy song that will definitely get the energy up in your video."
full,215,4,It's a high-energy song that will definitely get the energy up in your video.,It's a high-energy song that will definitely get the energy up in your video.,E4_vague_generic,一般性空泛描述／主觀陳述,generic_video_benefit,泛用效用或主觀陳述，本質上不具可驗證性,,not_applicable,,,not_applicable,0,,,,"In that case, I'd recommend 'Bed In' by ベッド・イン. This track is a perfect fit for your needs, as it combines electronic, dance, and pop elements with a touch of rock. It's a high-energy song that will definitely get the energy up in your video."
full,261,3,It has a heavy,It has a heavy and experimental sound that will add a unique touch to your video.,E0_clause_split_artifact,斷句碎片（標註流程假影）,parent_audio-supported,"母句可歸屬，unsupported 係 split_claims 於 and/, 處切斷所致",,not_applicable,,,not_applicable,0,,,,"In that case, I would recommend 'Snow by Sun Heights'. This track is a perfect fit for your video as it falls under the genres of metal, rock, punk, and experimental. It has a heavy and experimental sound that will add a unique touch to your video."
full,307,2,It's a hip-hop track with electronic,It's a hip-hop track with electronic and jazz elements.,E0b_rule_miss_verified,規則漏判但有證據支持,genre_claim_verified_by_tags,曲風敘述可由 musicnn 標籤／參考文本支持；v2 因 GENRE_TERMS 需搭配 anchor 詞才計為 audio 而漏判,electronic;hip-hop;jazz,supported,,,not_applicable,0,,,,I recommend 'Sick Perfect Banger' by Redhooknoodles. It's a hip-hop track with electronic and jazz elements. The song has a fast-paced beat and features male vocals. It was released in 2014 and could add a unique touch to your video.
full,307,5,could add a unique touch to your video.,It was released in 2014 and could add a unique touch to your video.,E0_clause_split_artifact,斷句碎片（標註流程假影）,parent_metadata-supported,"母句可歸屬，unsupported 係 split_claims 於 and/, 處切斷所致",,not_applicable,,,not_applicable,0,,,,I recommend 'Sick Perfect Banger' by Redhooknoodles. It's a hip-hop track with electronic and jazz elements. The song has a fast-paced beat and features male vocals. It was released in 2014 and could add a unique touch to your video.
full,313,2,It's a dance-pop track with electronic,It's a dance-pop track with electronic and house influences.,E0_clause_split_artifact,斷句碎片（標註流程假影）,parent_audio-supported,"母句可歸屬，unsupported 係 split_claims 於 and/, 處切斷所致",electronic;house,supported,,,not_applicable,0,,,,Certainly! How about 'Alive' by Krewella? It's a dance-pop track with electronic and house influences. The song has a catchy beat and energetic vibe that could be a fitting choice for your playlist. It was released in 2013 and has a music video directed by Kyle Crawford.
full,348,3,"This song combines hip-hop, electronic","This song combines hip-hop, electronic, and soul elements with a dance vibe.",E0b_rule_miss_verified,規則漏判但有證據支持,genre_claim_verified_by_tags,曲風敘述可由 musicnn 標籤／參考文本支持；v2 因 GENRE_TERMS 需搭配 anchor 詞才計為 audio 而漏判,dance;electronic;hip-hop;soul,supported,,,not_applicable,0,,,,"I suggest checking out 'Poser' by Diez Mo feat. It's a track from Diez Mo's album 'Poser'. This song combines hip-hop, electronic, and soul elements with a dance vibe. It was released in 2014 and has a catchy beat and energetic vocals that could be a fitting choice for your video."
full,348,4,soul elements with a dance vibe.,"This song combines hip-hop, electronic, and soul elements with a dance vibe.",E0b_rule_miss_verified,規則漏判但有證據支持,genre_claim_verified_by_tags,曲風敘述可由 musicnn 標籤／參考文本支持；v2 因 GENRE_TERMS 需搭配 anchor 詞才計為 audio 而漏判,dance;electronic;hip-hop;soul,supported,,,not_applicable,0,,,,"I suggest checking out 'Poser' by Diez Mo feat. It's a track from Diez Mo's album 'Poser'. This song combines hip-hop, electronic, and soul elements with a dance vibe. It was released in 2014 and has a catchy beat and energetic vocals that could be a fitting choice for your video."
full,358,5,The song has a 80s vibe,The song has a 80s vibe and was released in 2009.,E0_clause_split_artifact,斷句碎片（標註流程假影）,parent_metadata-supported,"母句可歸屬，unsupported 係 split_claims 於 and/, 處切斷所致",,not_applicable,,,not_applicable,0,,,,"Allow me to recommend 'Si C'Est Une Ile' by Jenifer. It's a track from her album 'Si C'Est Une Ile'. It combines elements of rock, pop, and indie with female vocals. The song has a 80s vibe and was released in 2009. It could be a fitting choice for your video."
full,410,2,"It's a track that combines Hip-Hop, electronic","It's a track that combines Hip-Hop, electronic, and R&B elements with a strong vocal presence.",E0_clause_split_artifact,斷句碎片（標註流程假影）,parent_audio-supported,"母句可歸屬，unsupported 係 split_claims 於 and/, 處切斷所致",electronic;hip-hop;r&b,supported,,,not_applicable,0,,,,"Certainly! How about 'New Oakland' by DJ Touré featuring Mistah Fab? It's a track that combines Hip-Hop, electronic, and R&B elements with a strong vocal presence. The song has a catchy beat and a mix of electronic and rock influences. It was released in 2012 and could be a fitting choice for your video."
full,410,5,a mix of electronic,The song has a catchy beat and a mix of electronic and rock influences.,E0_clause_split_artifact,斷句碎片（標註流程假影）,parent_audio-supported,"母句可歸屬，unsupported 係 split_claims 於 and/, 處切斷所致",electronic;rock,partially_supported,rock,,not_applicable,0,,,,"Certainly! How about 'New Oakland' by DJ Touré featuring Mistah Fab? It's a track that combines Hip-Hop, electronic, and R&B elements with a strong vocal presence. The song has a catchy beat and a mix of electronic and rock influences. It was released in 2012 and could be a fitting choice for your video."
full,448,2,It's an electronic dance track with pop,It's an electronic dance track with pop and house influences.,E0_clause_split_artifact,斷句碎片（標註流程假影）,parent_audio-supported,"母句可歸屬，unsupported 係 split_claims 於 and/, 處切斷所致",dance;electronic;house;pop,supported,,,not_applicable,0,,,,Certainly! How about 'LA TOALLA' by ANAÍS vs THE BOYS MACHINE y BABY? It's an electronic dance track with pop and house influences. The song has a catchy beat and energetic vibe that could be a perfect fit for your video.
full,512,5,The song has a pop,The song has a pop and dance vibe that could be a fitting choice for your video.,E0_clause_split_artifact,斷句碎片（標註流程假影）,parent_general-supported,"母句可歸屬，unsupported 係 split_claims 於 and/, 處切斷所致",dance;pop,partially_supported,dance,,not_applicable,0,,,,"Allow me to recommend 'В Двух шагах' by Darryl. It's a track from their album 'В Двух шагах'. It combines elements of hip-hop, R&B, and electronic music with female vocals. The song has a pop and dance vibe that could be a fitting choice for your video."
full,553,3,"pop, creating a unique","This track combines elements of hip-hop, electronic, and pop, creating a unique and catchy sound.",E0_clause_split_artifact,斷句碎片（標註流程假影）,parent_audio-supported,"母句可歸屬，unsupported 係 split_claims 於 and/, 處切斷所致",electronic;hip-hop;pop,supported,,,not_applicable,0,,,,"Certainly! I would recommend 'In The Zone' by LZ. This track combines elements of hip-hop, electronic, and pop, creating a unique and catchy sound. It's part of the album 'In The Zone' and would be a great fit for your video."
full,562,2,This track has a 90s vibe,"This track has a 90s vibe and combines elements of Hip-Hop, electronic, and alternative genres.",E0_clause_split_artifact,斷句碎片（標註流程假影）,parent_audio-supported,"母句可歸屬，unsupported 係 split_claims 於 and/, 處切斷所致",alternative;electronic;hip-hop,supported,,,not_applicable,0,,,,"In that case, I would recommend 'If I Hit The Lotto' by Rayzr. This track has a 90s vibe and combines elements of Hip-Hop, electronic, and alternative genres. It's part of the album 'If I Hit The Lotto' and offers a unique blend of sounds that will add a nostalgic touch to your video."
full,627,2,It's a reggaeton track with hip-hop,It's a reggaeton track with hip-hop and dance influences.,E0_clause_split_artifact,斷句碎片（標註流程假影）,parent_audio-supported,"母句可歸屬，unsupported 係 split_claims 於 and/, 處切斷所致",dance;hip-hop,supported,,,not_applicable,0,,,,Certainly! How about 'Vem com a firma Parte 2' by MC Juninho da FVL? It's a reggaeton track with hip-hop and dance influences. The song has a catchy beat and energetic vibe that could add a dynamic element to your video.
full,685,3,"It also has a touch of 80s influence, which adds a nostalgic feel to the music.","It also has a touch of 80s influence, which adds a nostalgic feel to the music.",E4_vague_generic,一般性空泛描述／主觀陳述,subjective_statement,泛用效用或主觀陳述，本質上不具可驗證性,,not_applicable,,,not_applicable,0,,,,"In that case, I would recommend 'Why God Made Love Songs' by Joel Crouse. This track has a pop sound with elements of rock, indie, and alternative. It also has a touch of 80s influence, which adds a nostalgic feel to the music. It's a perfect fit for your video."
full,777,4,electronic music from the 70s.,"This song combines elements of classic rock, pop, and electronic music from the 70s.",E0_clause_split_artifact,斷句碎片（標註流程假影）,parent_audio-supported,"母句可歸屬，unsupported 係 split_claims 於 and/, 處切斷所致",electronic;pop;rock,supported,,,not_applicable,0,,,,"Certainly! I recommend 'Lovely Fire' by Stefano Ercolino. It's a track from his album 'Lovely Fire'. This song combines elements of classic rock, pop, and electronic music from the 70s. It has a catchy and energetic vibe that could be a fitting choice for your video."
full,777,5,It has a catchy,It has a catchy and energetic vibe that could be a fitting choice for your video.,E0_clause_split_artifact,斷句碎片（標註流程假影）,parent_audio-supported,"母句可歸屬，unsupported 係 split_claims 於 and/, 處切斷所致",,not_applicable,,,not_applicable,0,,,,"Certainly! I recommend 'Lovely Fire' by Stefano Ercolino. It's a track from his album 'Lovely Fire'. This song combines elements of classic rock, pop, and electronic music from the 70s. It has a catchy and energetic vibe that could be a fitting choice for your video."
full,781,6,has a unique blend of genres that could add a dynamic,It was released in 2012 and has a unique blend of genres that could add a dynamic and diverse sound to your video.,E0_clause_split_artifact,斷句碎片（標註流程假影）,parent_metadata-supported,"母句可歸屬，unsupported 係 split_claims 於 and/, 處切斷所致",,not_applicable,,,not_applicable,0,,,,"Certainly! I recommend 'Be Staunch' by This Side Up. It's a track from their album 'Be Staunch'. This song combines elements of hip-hop, funk, and soul with electronic beats and a techno influence. It was released in 2012 and has a unique blend of genres that could add a dynamic and diverse sound to your video."
full,806,2,This track has a pop,This track has a pop and electro sound with elements of dance and house.,E0_clause_split_artifact,斷句碎片（標註流程假影）,parent_audio-supported,"母句可歸屬，unsupported 係 split_claims 於 and/, 處切斷所致",dance;electronic;house;pop,supported,,,not_applicable,0,,,,"In that case, I would recommend 'La Musica (The Trumpeter)' by Ray Foxx featuring Lovelle. This track has a pop and electro sound with elements of dance and house. It's part of the album 'La Musica (The Trumpeter)' and would be a great fit for your video."
full,863,3,It's a high-energy song that will get people moving.,It's a high-energy song that will get people moving.,E4_vague_generic,一般性空泛描述／主觀陳述,generic_video_benefit,泛用效用或主觀陳述，本質上不具可驗證性,,not_applicable,,,not_applicable,0,,,,"In that case, I would recommend 'A Quien Le Importa' by Thalia. This track is a perfect fit for your needs as it combines dance, pop, and electronic elements. It's a high-energy song that will get people moving. It's part of the album 'A Quien Le Importa' by Thalia."
full,910,3,This track is a popular hit that has a catchy,This track is a popular hit that has a catchy and upbeat sound.,E0_clause_split_artifact,斷句碎片（標註流程假影）,parent_audio-supported,"母句可歸屬，unsupported 係 split_claims 於 and/, 處切斷所致",,not_applicable,,,not_applicable,0,,,,"Certainly! If you're looking for an electronic and dance vibe, I would recommend 'Happy' by Pharrell Williams. This track is a popular hit that has a catchy and upbeat sound. It falls under the genres of electronic, dance, pop, and indie, which will give your video a lively and energetic feel."
full,910,5,"indie, which will give your video a lively","It falls under the genres of electronic, dance, pop, and indie, which will give your video a lively and energetic feel.",E0_clause_split_artifact,斷句碎片（標註流程假影）,parent_audio-supported,"母句可歸屬，unsupported 係 split_claims 於 and/, 處切斷所致",dance;electronic;indie;pop,supported,,,not_applicable,0,,,,"Certainly! If you're looking for an electronic and dance vibe, I would recommend 'Happy' by Pharrell Williams. This track is a popular hit that has a catchy and upbeat sound. It falls under the genres of electronic, dance, pop, and indie, which will give your video a lively and energetic feel."
full,916,3,It has a unique,It has a unique and captivating sound that would add a touch of elegance and depth to your video.,E0_clause_split_artifact,斷句碎片（標註流程假影）,parent_audio-supported,"母句可歸屬，unsupported 係 split_claims 於 and/, 處切斷所致",,not_applicable,,,not_applicable,0,,,,"In that case, I would recommend 'Beethoven's 5 Secrets' by The Piano Guys. This track is an instrumental piece that combines elements of ambient, indie, and rock. It has a unique and captivating sound that would add a touch of elegance and depth to your video."
full,916,5,depth to your video.,It has a unique and captivating sound that would add a touch of elegance and depth to your video.,E0_clause_split_artifact,斷句碎片（標註流程假影）,parent_audio-supported,"母句可歸屬，unsupported 係 split_claims 於 and/, 處切斷所致",,not_applicable,,,not_applicable,0,,,,"In that case, I would recommend 'Beethoven's 5 Secrets' by The Piano Guys. This track is an instrumental piece that combines elements of ambient, indie, and rock. It has a unique and captivating sound that would add a touch of elegance and depth to your video."
full,1036,4,alternative with a touch of pop.,"The song combines elements of rock, indie, and alternative with a touch of pop.",E0_clause_split_artifact,斷句碎片（標註流程假影）,parent_audio-supported,"母句可歸屬，unsupported 係 split_claims 於 and/, 處切斷所致",alternative;indie;pop;rock,supported,,,not_applicable,0,,,,"Certainly! I suggest 'Up At The Lake' by The Charlatans. It's a track from their album 'Up At The Lake'. The song combines elements of rock, indie, and alternative with a touch of pop. It has a guitar-driven sound and features male vocals. It could be a fitting choice for your video."
full,1083,3,"The song combines hip-hop, electronic, pop, R&B","The song combines hip-hop, electronic, pop, R&B, and rock elements, which aligns well with Porta's distinctive style.",E0_clause_split_artifact,斷句碎片（標註流程假影）,parent_audio-supported,"母句可歸屬，unsupported 係 split_claims 於 and/, 處切斷所致",electronic;hip-hop;pop;r&b;rock,supported,,,not_applicable,0,,,,"I suggest checking out 'Porta' by Porta. It's a track from his album 'Porta'. The song combines hip-hop, electronic, pop, R&B, and rock elements, which aligns well with Porta's distinctive style. It was released in 2014 and has a catchy and energetic vibe that could be a great fit for your video."
full,1207,5,It has a rock vibe,It has a rock vibe and was released in 2012.,E0_clause_split_artifact,斷句碎片（標註流程假影）,parent_metadata-supported,"母句可歸屬，unsupported 係 split_claims 於 and/, 處切斷所致",rock,supported,,,not_applicable,0,,,,"Allow me to recommend 'Nuestra Vida' by Nada Que Objetar. It's a track from their album 'Nuestra Vida'. The song combines elements of indie rock, alternative, and indie with a focus on guitar and drum. It has a rock vibe and was released in 2012."
full,1226,2,dance track with electronic,It's a pop and dance track with electronic and rock influences.,E0_clause_split_artifact,斷句碎片（標註流程假影）,parent_audio-supported,"母句可歸屬，unsupported 係 split_claims 於 and/, 處切斷所致",dance;electronic;pop;rock,partially_supported,rock,,not_applicable,0,,,,"Allow me to recommend 'Tú y yo' by Santaye. It's a pop and dance track with electronic and rock influences. The song features a female vocalist and was released in 2014. It aligns well with the pop, dance, and electronic genres you're looking for."
full,1226,5,"It aligns well with the pop, dance","It aligns well with the pop, dance, and electronic genres you're looking for.",E0_clause_split_artifact,斷句碎片（標註流程假影）,parent_prompt-supported,"母句可歸屬，unsupported 係 split_claims 於 and/, 處切斷所致",dance;electronic;pop,supported,,,not_applicable,0,,,,"Allow me to recommend 'Tú y yo' by Santaye. It's a pop and dance track with electronic and rock influences. The song features a female vocalist and was released in 2014. It aligns well with the pop, dance, and electronic genres you're looking for."
full,1311,3,"The song combines hip-hop, electronic","The song combines hip-hop, electronic, and ambient genres, which could be a fitting choice for your video.",E0_clause_split_artifact,斷句碎片（標註流程假影）,parent_audio-supported,"母句可歸屬，unsupported 係 split_claims 於 and/, 處切斷所致",ambient;electronic;hip-hop,supported,,,not_applicable,0,,,,"Allow me to recommend 'ANIMAL - DREAM (VIDEO) (CLIMATE CHANGE MIXTAPE) by Mickey Factz. It's a track from the album 'CLIMATE CHANGE MIXTAPE'. The song combines hip-hop, electronic, and ambient genres, which could be a fitting choice for your video. It has a chill and ambient vibe with electronic elements."
full,1311,5,It has a chill,It has a chill and ambient vibe with electronic elements.,E0b_rule_miss_verified,規則漏判但有證據支持,genre_claim_verified_by_tags,曲風敘述可由 musicnn 標籤／參考文本支持；v2 因 GENRE_TERMS 需搭配 anchor 詞才計為 audio 而漏判,ambient;electronic,supported,,,not_applicable,0,,,,"Allow me to recommend 'ANIMAL - DREAM (VIDEO) (CLIMATE CHANGE MIXTAPE) by Mickey Factz. It's a track from the album 'CLIMATE CHANGE MIXTAPE'. The song combines hip-hop, electronic, and ambient genres, which could be a fitting choice for your video. It has a chill and ambient vibe with electronic elements."
full,1311,6,ambient vibe with electronic elements.,It has a chill and ambient vibe with electronic elements.,E0b_rule_miss_verified,規則漏判但有證據支持,genre_claim_verified_by_tags,曲風敘述可由 musicnn 標籤／參考文本支持；v2 因 GENRE_TERMS 需搭配 anchor 詞才計為 audio 而漏判,ambient;electronic,supported,,,not_applicable,0,,,,"Allow me to recommend 'ANIMAL - DREAM (VIDEO) (CLIMATE CHANGE MIXTAPE) by Mickey Factz. It's a track from the album 'CLIMATE CHANGE MIXTAPE'. The song combines hip-hop, electronic, and ambient genres, which could be a fitting choice for your video. It has a chill and ambient vibe with electronic elements."
full,1395,3,It offers a fresh,It offers a fresh and experimental sound that will add a distinctive touch to your video.,E0_clause_split_artifact,斷句碎片（標註流程假影）,parent_audio-supported,"母句可歸屬，unsupported 係 split_claims 於 and/, 處切斷所致",,not_applicable,,,not_applicable,0,,,,"In that case, I would recommend 'UN ALTRO TIRO' by FRATELLI QUINTALE. This track has a unique blend of Hip-Hop, electronic, rock, indie, and alternative genres. It offers a fresh and experimental sound that will add a distinctive touch to your video."
full,1401,4,"pop rock, which aligns well with the indie","The song combines elements of indie, alternative, and pop rock, which aligns well with the indie and alternative rock style you're looking for.",E0_clause_split_artifact,斷句碎片（標註流程假影）,parent_prompt-supported,"母句可歸屬，unsupported 係 split_claims 於 and/, 處切斷所致",alternative;indie;pop;rock,partially_supported,indie,,not_applicable,0,,,,"Allow me to recommend 'ソレカラ' by ソレカラ. It's a track from their album 'ソレカラ'. The song combines elements of indie, alternative, and pop rock, which aligns well with the indie and alternative rock style you're looking for. It has a guitar-driven sound and features male vocals."
full,1455,2,This track has a strong Hip-Hop,"This track has a strong Hip-Hop and R&B influence, along with ambient elements.",E0_clause_split_artifact,斷句碎片（標註流程假影）,parent_audio-supported,"母句可歸屬，unsupported 係 split_claims 於 and/, 處切斷所致",ambient;hip-hop;r&b,supported,,,not_applicable,0,,,,"In that case, I would recommend 'Дежавю' by Just name. This track has a strong Hip-Hop and R&B influence, along with ambient elements. It's part of the album 'Дежавю' and offers a unique blend of genres that will add depth and emotion to your video."
full,1455,5,offers a unique blend of genres that will add depth,It's part of the album 'Дежавю' and offers a unique blend of genres that will add depth and emotion to your video.,E0_clause_split_artifact,斷句碎片（標註流程假影）,parent_metadata-supported,"母句可歸屬，unsupported 係 split_claims 於 and/, 處切斷所致",,not_applicable,,Дежавю,supported,0,,,,"In that case, I would recommend 'Дежавю' by Just name. This track has a strong Hip-Hop and R&B influence, along with ambient elements. It's part of the album 'Дежавю' and offers a unique blend of genres that will add depth and emotion to your video."
full,1455,6,emotion to your video.,It's part of the album 'Дежавю' and offers a unique blend of genres that will add depth and emotion to your video.,E0_clause_split_artifact,斷句碎片（標註流程假影）,parent_metadata-supported,"母句可歸屬，unsupported 係 split_claims 於 and/, 處切斷所致",,not_applicable,,Дежавю,supported,0,,,,"In that case, I would recommend 'Дежавю' by Just name. This track has a strong Hip-Hop and R&B influence, along with ambient elements. It's part of the album 'Дежавю' and offers a unique blend of genres that will add depth and emotion to your video."
full,1489,5,will add a dynamic,It's a perfect fit for your video and will add a dynamic and energetic vibe to your visuals.,E0_clause_split_artifact,斷句碎片（標註流程假影）,parent_video-supported,"母句可歸屬，unsupported 係 split_claims 於 and/, 處切斷所致",,not_applicable,,,not_applicable,0,,,,"In that case, I would recommend 'Maxin' by Wes Krave. This track has a strong electronic influence and combines elements of Hip-Hop, R&B, dance, and ambient. It's a perfect fit for your video and will add a dynamic and energetic vibe to your visuals."
full,1509,2,This track has a mainstream,"This track has a mainstream and contemporary sound, with a female vocalist.",E0_clause_split_artifact,斷句碎片（標註流程假影）,parent_audio-supported,"母句可歸屬，unsupported 係 split_claims 於 and/, 處切斷所致",,not_applicable,,,not_applicable,0,,,,"In that case, I would recommend 'Hüftgold' by Miss Platnum feat. 257. This track has a mainstream and contemporary sound, with a female vocalist. It falls under the genres of pop, electronic, and R&B, which will give your video a catchy and modern vibe."
full,1509,5,"R&B, which will give your video a catchy","It falls under the genres of pop, electronic, and R&B, which will give your video a catchy and modern vibe.",E0_clause_split_artifact,斷句碎片（標註流程假影）,parent_audio-supported,"母句可歸屬，unsupported 係 split_claims 於 and/, 處切斷所致",electronic;pop;r&b,supported,,,not_applicable,0,,,,"In that case, I would recommend 'Hüftgold' by Miss Platnum feat. 257. This track has a mainstream and contemporary sound, with a female vocalist. It falls under the genres of pop, electronic, and R&B, which will give your video a catchy and modern vibe."
full,1528,2,It's an electronic track with elements of rock,It's an electronic track with elements of rock and 80s music.,E0b_rule_miss_verified,規則漏判但有證據支持,genre_claim_verified_by_tags,曲風敘述可由 musicnn 標籤／參考文本支持；v2 因 GENRE_TERMS 需搭配 anchor 詞才計為 audio 而漏判,electronic;rock,supported,,,not_applicable,0,,,,Certainly! How about 'Morning Sun' by Strange Talk? It's an electronic track with elements of rock and 80s music. The song has a fast-paced techno sound and features male vocals. It could add a unique and nostalgic touch to your video.
full,1528,4,It could add a unique,It could add a unique and nostalgic touch to your video.,E4_vague_generic,一般性空泛描述／主觀陳述,subjective_statement,泛用效用或主觀陳述，本質上不具可驗證性,,not_applicable,,,not_applicable,0,,,,Certainly! How about 'Morning Sun' by Strange Talk? It's an electronic track with elements of rock and 80s music. The song has a fast-paced techno sound and features male vocals. It could add a unique and nostalgic touch to your video.
full,1528,5,nostalgic touch to your video.,It could add a unique and nostalgic touch to your video.,E4_vague_generic,一般性空泛描述／主觀陳述,subjective_statement,泛用效用或主觀陳述，本質上不具可驗證性,,not_applicable,,,not_applicable,0,,,,Certainly! How about 'Morning Sun' by Strange Talk? It's an electronic track with elements of rock and 80s music. The song has a fast-paced techno sound and features male vocals. It could add a unique and nostalgic touch to your video.
full,1596,3,The song has a catchy,The song has a catchy and upbeat sound that could be a great fit for your video.,E0_clause_split_artifact,斷句碎片（標註流程假影）,parent_audio-supported,"母句可歸屬，unsupported 係 split_claims 於 and/, 處切斷所致",,not_applicable,,,not_applicable,0,,,,Certainly! How about 'Blah Blah Blah' by Ke$ha? It's a pop track with strong female vocals. The song has a catchy and upbeat sound that could be a great fit for your video. It's from the album 'Blah Blah Blah' and was released in 2010.
full,1601,2,dance track with elements of pop,It's an electronic and dance track with elements of pop and indie.,E0b_rule_miss_verified,規則漏判但有證據支持,genre_claim_verified_by_tags,曲風敘述可由 musicnn 標籤／參考文本支持；v2 因 GENRE_TERMS 需搭配 anchor 詞才計為 audio 而漏判,dance;electronic;indie;pop,supported,,,not_applicable,0,,,,Certainly! How about 'Ducking' by Fadda Fox? It's an electronic and dance track with elements of pop and indie. The song has a fast-paced beat and catchy melodies that could add a lively and energetic vibe to your video.
full,1601,4,catchy melodies that could add a lively,The song has a fast-paced beat and catchy melodies that could add a lively and energetic vibe to your video.,E0_clause_split_artifact,斷句碎片（標註流程假影）,parent_video-supported,"母句可歸屬，unsupported 係 split_claims 於 and/, 處切斷所致",,not_applicable,,,not_applicable,0,,,,Certainly! How about 'Ducking' by Fadda Fox? It's an electronic and dance track with elements of pop and indie. The song has a fast-paced beat and catchy melodies that could add a lively and energetic vibe to your video.
full,1679,2,This track has a pop,This track has a pop and electronic sound with female vocals.,E0_clause_split_artifact,斷句碎片（標註流程假影）,parent_audio-supported,"母句可歸屬，unsupported 係 split_claims 於 and/, 處切斷所致",electronic;pop,supported,,,not_applicable,0,,,,"In that case, I would recommend 'Sexy' by Rain. This track has a pop and electronic sound with female vocals. It's part of the album 'Sexy' and it's a great choice for your video."
full,1685,2,dance track with electronic,It's a pop and dance track with electronic and house influences.,E0_clause_split_artifact,斷句碎片（標註流程假影）,parent_audio-supported,"母句可歸屬，unsupported 係 split_claims 於 and/, 處切斷所致",dance;electronic;house;pop,partially_supported,house,,not_applicable,0,,,,Certainly! How about 'Dynamite' by Taio Cruz featuring Britney Spears? It's a pop and dance track with electronic and house influences. The song has a catchy beat and energetic vibe that could complement your video. It's from the album 'Dynamite' and features Britney Spears' vocals.
full,1698,4,soul with a touch of dance.,"The song combines elements of pop, electronic, and soul with a touch of dance.",E0_clause_split_artifact,斷句碎片（標註流程假影）,parent_audio-supported,"母句可歸屬，unsupported 係 split_claims 於 and/, 處切斷所致",dance;electronic;pop;soul,partially_supported,soul,,not_applicable,0,,,,"Allow me to recommend 'Bacchanalist' by Kerwin Du Bois. It's a track from his album 'Bacchanalist'. The song combines elements of pop, electronic, and soul with a touch of dance. It has a 80s vibe and features guitar and rock influences. The music video for this track was directed by Kerwin Du Bois and produced by Kerwin Du Bois and Kerwin Du Bois Productions."
full,1698,5,It has a 80s vibe,It has a 80s vibe and features guitar and rock influences.,E0_clause_split_artifact,斷句碎片（標註流程假影）,parent_audio-supported,"母句可歸屬，unsupported 係 split_claims 於 and/, 處切斷所致",rock,not_found,rock,,not_applicable,0,,,,"Allow me to recommend 'Bacchanalist' by Kerwin Du Bois. It's a track from his album 'Bacchanalist'. The song combines elements of pop, electronic, and soul with a touch of dance. It has a 80s vibe and features guitar and rock influences. The music video for this track was directed by Kerwin Du Bois and produced by Kerwin Du Bois and Kerwin Du Bois Productions."
full,1835,4,"incorporates electronic elements, which could add a unique touch to your video.","The song has a fast beat and incorporates electronic elements, which could add a unique touch to your video.",E0_clause_split_artifact,斷句碎片（標註流程假影）,parent_audio-supported,"母句可歸屬，unsupported 係 split_claims 於 and/, 處切斷所致",electronic,supported,,,not_applicable,0,,,,"Certainly! How about 'Senza Parole' by D.A.M.? It's a track that combines elements of hip-hop, electronic, and soul. The song has a fast beat and incorporates electronic elements, which could add a unique touch to your video. It was released in 2012 and has a music video directed by D.A.M."
full,1861,2,This track has a rock,"This track has a rock and alternative sound, with elements of indie and pop.",E0_clause_split_artifact,斷句碎片（標註流程假影）,parent_audio-supported,"母句可歸屬，unsupported 係 split_claims 於 and/, 處切斷所致",alternative;indie;pop;rock,supported,,,not_applicable,0,,,,"In that case, I would recommend 'We Stand' by Jesus Culture feat. This track has a rock and alternative sound, with elements of indie and pop. It's part of the album 'We Cry Out' and it's performed by Jesus Culture. It would be a great fit for your video."
full,1896,4,pop with a dance vibe.,"It combines elements of hip-hop, electronic, and pop with a dance vibe.",E0_clause_split_artifact,斷句碎片（標註流程假影）,parent_audio-supported,"母句可歸屬，unsupported 係 split_claims 於 and/, 處切斷所致",dance;electronic;hip-hop;pop,supported,,,not_applicable,0,,,,"Allow me to recommend 'Keep Your Head Down' by TVXQ! It's a track from their album 'Keep Your Head Down'. It combines elements of hip-hop, electronic, and pop with a dance vibe. The song has a fast-paced and energetic sound that could be a fitting choice for your video."
full,1897,2,This track has a dance,This track has a dance and electronic sound with female vocals.,E0_clause_split_artifact,斷句碎片（標註流程假影）,parent_audio-supported,"母句可歸屬，unsupported 係 split_claims 於 and/, 處切斷所致",dance;electronic,supported,,,not_applicable,0,,,,Certainly! I would recommend 'My life is mine' by Miriam Reyes. This track has a dance and electronic sound with female vocals. It's part of the album 'My life is mine' and offers a catchy and energetic vibe that would be perfect for your video.
full,1919,2,This track has a rock,This track has a rock and alternative sound with elements of Hip-Hop and electronic.,E0_clause_split_artifact,斷句碎片（標註流程假影）,parent_audio-supported,"母句可歸屬，unsupported 係 split_claims 於 and/, 處切斷所致",alternative;electronic;hip-hop;rock,supported,,,not_applicable,0,,,,"In that case, I would recommend 'Niechętny' by K.A.S.A. This track has a rock and alternative sound with elements of Hip-Hop and electronic. It was released in 2009 and captures the essence of the 00s. It's part of the album 'Niechętny'."
full,1919,5,captures the essence of the 00s.,It was released in 2009 and captures the essence of the 00s.,E0_clause_split_artifact,斷句碎片（標註流程假影）,parent_metadata-supported,"母句可歸屬，unsupported 係 split_claims 於 and/, 處切斷所致",,not_applicable,,,not_applicable,0,,,,"In that case, I would recommend 'Niechętny' by K.A.S.A. This track has a rock and alternative sound with elements of Hip-Hop and electronic. It was released in 2009 and captures the essence of the 00s. It's part of the album 'Niechętny'."
full,2011,4,dance with a touch of rock.,"The song combines elements of Hip-Hop, electronic, and dance with a touch of rock.",E0_clause_split_artifact,斷句碎片（標註流程假影）,parent_audio-supported,"母句可歸屬，unsupported 係 split_claims 於 and/, 處切斷所致",dance;electronic;hip-hop;rock,supported,,,not_applicable,0,,,,"Certainly! How about 'Blow' by Land Lord? It's a track from his album 'Blow'. The song combines elements of Hip-Hop, electronic, and dance with a touch of rock. It has a fast-paced techno beat and male vocals, which could add an energetic and dynamic vibe to your video."
full,2011,7,dynamic vibe to your video.,"It has a fast-paced techno beat and male vocals, which could add an energetic and dynamic vibe to your video.",E0_clause_split_artifact,斷句碎片（標註流程假影）,parent_video-supported,"母句可歸屬，unsupported 係 split_claims 於 and/, 處切斷所致",,not_applicable,,,not_applicable,0,,,,"Certainly! How about 'Blow' by Land Lord? It's a track from his album 'Blow'. The song combines elements of Hip-Hop, electronic, and dance with a touch of rock. It has a fast-paced techno beat and male vocals, which could add an energetic and dynamic vibe to your video."
full,2014,4,"hard rock, which aligns well with the intense","This song combines elements of rock, punk, and hard rock, which aligns well with the intense and energetic vibe you're looking for.",E0_clause_split_artifact,斷句碎片（標註流程假影）,parent_prompt-supported,"母句可歸屬，unsupported 係 split_claims 於 and/, 處切斷所致",punk;rock,supported,,,not_applicable,0,,,,"Certainly! How about 'I'm Not Okay (I Promise)' by My Chemical Romance? It's a track from their album 'I'm Not Okay (I Promise)'. This song combines elements of rock, punk, and hard rock, which aligns well with the intense and energetic vibe you're looking for. It has a fast-paced and loud sound too."
full,2058,5,could add a unique touch to your video.,It was released in 2013 and could add a unique touch to your video.,E0_clause_split_artifact,斷句碎片（標註流程假影）,parent_metadata-supported,"母句可歸屬，unsupported 係 split_claims 於 and/, 處切斷所致",,not_applicable,,,not_applicable,0,,,,"Certainly! I recommend 'It's Going Down' by Young Bam feat; MobSquad Carollina. It's a track that combines elements of hip-hop, electronic, and rock genres. The song has a fast-paced beat and features male vocals. It was released in 2013 and could add a unique touch to your video."
full,2072,2,It's a remix of the original track,"It's a remix of the original track and combines elements of pop, dance, and electronic music.",E0_clause_split_artifact,斷句碎片（標註流程假影）,parent_audio-supported,"母句可歸屬，unsupported 係 split_claims 於 and/, 處切斷所致",dance;electronic;pop,supported,,,not_applicable,0,,,,"Certainly! How about 'Run the World (Girls) (Remix)' by Beyoncé? It's a remix of the original track and combines elements of pop, dance, and electronic music. The remix features female vocalists and has a fast-paced and energetic sound that could be a fitting choice for your video."
full,2088,4,alternative with a touch of punk.,"The song combines elements of rock, indie, and alternative with a touch of punk.",E0_clause_split_artifact,斷句碎片（標註流程假影）,parent_audio-supported,"母句可歸屬，unsupported 係 split_claims 於 and/, 處切斷所致",alternative;indie;punk;rock,supported,,,not_applicable,0,,,,"Allow me to recommend 'The Way I Am' by Ana Johnsson. It's a track from her album 'The Way I Am'. The song combines elements of rock, indie, and alternative with a touch of punk. It has a guitar-driven sound and features female vocals, which aligns well with the rock and indie influences you're looking for."
full,2172,3,"The song combines rock, electronic","The song combines rock, electronic, and indie elements, which aligns well with ES Posthumus' style.",E0_clause_split_artifact,斷句碎片（標註流程假影）,parent_audio-supported,"母句可歸屬，unsupported 係 split_claims 於 and/, 處切斷所致",electronic;indie;rock,partially_supported,electronic,,not_applicable,0,,,,"Certainly! I recommend 'Warriors' by Imagine Dragons. It's a track from their album 'Warriors'. The song combines rock, electronic, and indie elements, which aligns well with ES Posthumus' style. It has a unique blend of rock and electronic sounds with alternative influences. This track could be a great addition to your video."
full,2172,7,This track could be a great addition to your video.,This track could be a great addition to your video.,E4_vague_generic,一般性空泛描述／主觀陳述,generic_video_benefit,泛用效用或主觀陳述，本質上不具可驗證性,,not_applicable,,,not_applicable,0,,,,"Certainly! I recommend 'Warriors' by Imagine Dragons. It's a track from their album 'Warriors'. The song combines rock, electronic, and indie elements, which aligns well with ES Posthumus' style. It has a unique blend of rock and electronic sounds with alternative influences. This track could be a great addition to your video."
full,2176,2,This track has a strong Hip-Hop,"This track has a strong Hip-Hop and R&B influence, with electronic and indie elements.",E0_clause_split_artifact,斷句碎片（標註流程假影）,parent_audio-supported,"母句可歸屬，unsupported 係 split_claims 於 and/, 處切斷所致",electronic;hip-hop;indie;r&b,supported,,,not_applicable,0,,,,"In that case, I would recommend 'Go Girl' by Frank Nitt. This track has a strong Hip-Hop and R&B influence, with electronic and indie elements. It's part of the album 'Go Girl' and offers a catchy and energetic vibe that would be perfect for your video."
full,2216,2,"It's a track that combines rock, indie, pop, blues","It's a track that combines rock, indie, pop, blues, and alternative genres.",E0_clause_split_artifact,斷句碎片（標註流程假影）,parent_audio-supported,"母句可歸屬，unsupported 係 split_claims 於 and/, 處切斷所致",alternative;indie;pop;rock,supported,,,not_applicable,0,,,,"Allow me to recommend 'Complex 2003' by Video Clip Band Indie Banjarmasin. It's a track that combines rock, indie, pop, blues, and alternative genres. The song features guitar and male vocals, which aligns well with the blues and guitar elements you're looking for. It was recorded in 2003, which may contain the specific elements you want."
full,2233,2,It's a track from his mixtape 'The Tay Tape'.,It's a track from his mixtape 'The Tay Tape'.,E6_likely_hallucination,可能幻覺,named_entity_absent_from_all_evidence,引號名稱 ['The Tay Tape'] 未見於管線內證據與外部 metadata；屬具體可查證卻查無支持者，列為可能幻覺並送人工複核,,not_applicable,,The Tay Tape,not_found,1,,,,"Allow me to recommend 'Ballin' by Yung Tay. It's a track from his mixtape 'The Tay Tape'. The song combines elements of hip-hop, electronic, and dance with a fast-paced beat and synth sounds. It has a techno influence and a catchy rnb vibe that could be a fitting choice for your video."
full,2322,2,This track has a 90s rock,"This track has a 90s rock and alternative sound, which aligns well with Luke Thompson's style.",E0_clause_split_artifact,斷句碎片（標註流程假影）,parent_audio-supported,"母句可歸屬，unsupported 係 split_claims 於 and/, 處切斷所致",alternative;rock,partially_supported,alternative,,not_applicable,0,,,,"In that case, I would recommend 'Honey Bee' by Blake Shelton. This track has a 90s rock and alternative sound, which aligns well with Luke Thompson's style. It's a beautiful song that captures the essence of love and friendship."
full,2322,4,It's a beautiful song that captures the essence of love,It's a beautiful song that captures the essence of love and friendship.,E4_vague_generic,一般性空泛描述／主觀陳述,subjective_statement,泛用效用或主觀陳述，本質上不具可驗證性,,not_applicable,,,not_applicable,0,,,,"In that case, I would recommend 'Honey Bee' by Blake Shelton. This track has a 90s rock and alternative sound, which aligns well with Luke Thompson's style. It's a beautiful song that captures the essence of love and friendship."
full,2368,5,It also has ambient,It also has ambient and indie influences that could be a fitting choice for your video.,E0_clause_split_artifact,斷句碎片（標註流程假影）,parent_audio-supported,"母句可歸屬，unsupported 係 split_claims 於 and/, 處切斷所致",ambient;indie,partially_supported,ambient,,not_applicable,0,,,,"Allow me to recommend 'Summertime Sadness' by Lana Del Rey. It's a track from her album 'Summertime Sadness'. The song combines elements of pop, rock, and electronic music, which aligns well with Lana Del Rey's distinctive style. It also has ambient and indie influences that could be a fitting choice for your video."
full,2378,2,This track is a pop,This track is a pop and dance song with electronic elements.,E0b_rule_miss_verified,規則漏判但有證據支持,genre_claim_verified_by_tags,曲風敘述可由 musicnn 標籤／參考文本支持；v2 因 GENRE_TERMS 需搭配 anchor 詞才計為 audio 而漏判,dance;electronic;pop,supported,,,not_applicable,0,,,,"In that case, I would recommend '너 때문에' by 프로젝트. This track is a pop and dance song with electronic elements. It features female vocals and has a catchy and upbeat sound that would be perfect for your video."
full,2378,3,dance song with electronic elements.,This track is a pop and dance song with electronic elements.,E0b_rule_miss_verified,規則漏判但有證據支持,genre_claim_verified_by_tags,曲風敘述可由 musicnn 標籤／參考文本支持；v2 因 GENRE_TERMS 需搭配 anchor 詞才計為 audio 而漏判,dance;electronic;pop,supported,,,not_applicable,0,,,,"In that case, I would recommend '너 때문에' by 프로젝트. This track is a pop and dance song with electronic elements. It features female vocals and has a catchy and upbeat sound that would be perfect for your video."
full,2455,4,pop with a rock vibe.,"This song combines elements of electronic, house, and pop with a rock vibe.",E0_clause_split_artifact,斷句碎片（標註流程假影）,parent_audio-supported,"母句可歸屬，unsupported 係 split_claims 於 and/, 處切斷所致",electronic;house;pop;rock,partially_supported,house;rock,,not_applicable,0,,,,"Certainly! I recommend 'Gasoline (Ballad Version)' by Britney Spears. It's a track from her album 'Gasoline'. This song combines elements of electronic, house, and pop with a rock vibe. It has a fast-paced techno sound and features female vocals, which can add an energetic and dynamic touch to your video."
full,2455,7,dynamic touch to your video.,"It has a fast-paced techno sound and features female vocals, which can add an energetic and dynamic touch to your video.",E0_clause_split_artifact,斷句碎片（標註流程假影）,parent_video-supported,"母句可歸屬，unsupported 係 split_claims 於 and/, 處切斷所致",,not_applicable,,,not_applicable,0,,,,"Certainly! I recommend 'Gasoline (Ballad Version)' by Britney Spears. It's a track from her album 'Gasoline'. This song combines elements of electronic, house, and pop with a rock vibe. It has a fast-paced techno sound and features female vocals, which can add an energetic and dynamic touch to your video."
full,2491,2,"It's a soulful track with elements of pop, rock","It's a soulful track with elements of pop, rock, and 80s influences.",E0_clause_split_artifact,斷句碎片（標註流程假影）,parent_audio-supported,"母句可歸屬，unsupported 係 split_claims 於 and/, 處切斷所致",pop;rock,supported,,,not_applicable,0,,,,"Certainly! I recommend 'Happy' by Tyree Morris & Hearts of Worship. It's a soulful track with elements of pop, rock, and 80s influences. The song features female vocals and has a catchy and upbeat sound. It could be a great addition to your video."
full,2491,4,It could be a great addition to your video.,It could be a great addition to your video.,E4_vague_generic,一般性空泛描述／主觀陳述,generic_video_benefit,泛用效用或主觀陳述，本質上不具可驗證性,,not_applicable,,,not_applicable,0,,,,"Certainly! I recommend 'Happy' by Tyree Morris & Hearts of Worship. It's a soulful track with elements of pop, rock, and 80s influences. The song features female vocals and has a catchy and upbeat sound. It could be a great addition to your video."
full,2555,4,The song has a relaxed,The song has a relaxed and soothing vibe that could be a fitting choice for your video.,E0_clause_split_artifact,斷句碎片（標註流程假影）,parent_general-supported,"母句可歸屬，unsupported 係 split_claims 於 and/, 處切斷所致",,not_applicable,,,not_applicable,0,,,,"Allow me to recommend '18 ans' by Beli Blanco feat;. It's a track from their album '18 ans'. It combines elements of hip-hop, pop, and chillout with electronic and rock influences. The song has a relaxed and soothing vibe that could be a fitting choice for your video."
full,2639,6,has a unique blend of genres that could add a distinctive touch to your video.,It was released in 2013 and has a unique blend of genres that could add a distinctive touch to your video.,E0_clause_split_artifact,斷句碎片（標註流程假影）,parent_metadata-supported,"母句可歸屬，unsupported 係 split_claims 於 and/, 處切斷所致",,not_applicable,,,not_applicable,0,,,,"Allow me to recommend 'Za młodych' by K.A.S. It's a track from their album 'Za młodych'. The song combines elements of hip-hop, soul, R&B, and pop, which aligns well with the Polish hip-hop style you're looking for. It was released in 2013 and has a unique blend of genres that could add a distinctive touch to your video."
full,2650,2,It's a hip-hop track with electronic,It's a hip-hop track with electronic and dance influences.,E0_clause_split_artifact,斷句碎片（標註流程假影）,parent_audio-supported,"母句可歸屬，unsupported 係 split_claims 於 and/, 處切斷所致",dance;electronic;hip-hop,partially_supported,dance,,not_applicable,0,,,,Certainly! How about 'I'm On It' by Yung T? It's a hip-hop track with electronic and dance influences. The song has a fast-paced beat and synth elements that could add a dynamic and energetic vibe to your video. It was released in 2014 and is available on iTunes.
full,2650,7,is available on iTunes.,It was released in 2014 and is available on iTunes.,E0_clause_split_artifact,斷句碎片（標註流程假影）,parent_metadata-supported,"母句可歸屬，unsupported 係 split_claims 於 and/, 處切斷所致",,not_applicable,,,not_applicable,0,,,,Certainly! How about 'I'm On It' by Yung T? It's a hip-hop track with electronic and dance influences. The song has a fast-paced beat and synth elements that could add a dynamic and energetic vibe to your video. It was released in 2014 and is available on iTunes.
full,2658,3,a romantic vibe that would be perfect for your video.,This track has a catchy chorus and a romantic vibe that would be perfect for your video.,E0_clause_split_artifact,斷句碎片（標註流程假影）,parent_audio-supported,"母句可歸屬，unsupported 係 split_claims 於 and/, 處切斷所致",,not_applicable,,,not_applicable,0,,,,"In that case, I would recommend 'Right Now (Na Na Na)' by Akon. This track has a catchy chorus and a romantic vibe that would be perfect for your video. It falls under the genres of pop, R&B, and electronic, with female vocals. It's part of the album 'Right Now (Na Na Na)'."
full,2673,4,alternative with a touch of metal.,"This song combines elements of rock, indie, and alternative with a touch of metal.",E0_clause_split_artifact,斷句碎片（標註流程假影）,parent_audio-supported,"母句可歸屬，unsupported 係 split_claims 於 and/, 處切斷所致",alternative;indie;metal;rock,partially_supported,metal,,not_applicable,0,,,,"Allow me to recommend 'All The Small Things' by Blink-182. It's a track from their album 'All The Small Things'. This song combines elements of rock, indie, and alternative with a touch of metal. It has a catchy and energetic sound that could be a fitting choice for your video."
full,2673,5,It has a catchy,It has a catchy and energetic sound that could be a fitting choice for your video.,E0_clause_split_artifact,斷句碎片（標註流程假影）,parent_audio-supported,"母句可歸屬，unsupported 係 split_claims 於 and/, 處切斷所致",,not_applicable,,,not_applicable,0,,,,"Allow me to recommend 'All The Small Things' by Blink-182. It's a track from their album 'All The Small Things'. This song combines elements of rock, indie, and alternative with a touch of metal. It has a catchy and energetic sound that could be a fitting choice for your video."
full,2711,2,This track has a soulful,"This track has a soulful and indie sound, with elements of pop and rock.",E0_clause_split_artifact,斷句碎片（標註流程假影）,parent_audio-supported,"母句可歸屬，unsupported 係 split_claims 於 and/, 處切斷所致",indie;pop;rock,supported,,,not_applicable,0,,,,"In that case, I would recommend 'Astrology by Vanda'. This track has a soulful and indie sound, with elements of pop and rock. It's part of the album 'Astrology by Vanda' and features female vocals. It would be a great fit for your video."
full,2742,2,It's a dance track with electronic,It's a dance track with electronic and pop elements.,E0b_rule_miss_verified,規則漏判但有證據支持,genre_claim_verified_by_tags,曲風敘述可由 musicnn 標籤／參考文本支持；v2 因 GENRE_TERMS 需搭配 anchor 詞才計為 audio 而漏判,dance;electronic;pop,supported,,,not_applicable,0,,,,I recommend 'Dance With Me' by O'Hara. It's a dance track with electronic and pop elements. The song features female vocals and has a House influence. It was released in 2013 and could be a fitting choice for your video.
full,2769,5,It has a unique,It has a unique and distinctive sound that could add an experimental and indie vibe to your video.,E0_clause_split_artifact,斷句碎片（標註流程假影）,parent_audio-supported,"母句可歸屬，unsupported 係 split_claims 於 and/, 處切斷所致",indie,not_found,indie,,not_applicable,0,,,,"Certainly! How about 'The Last Song' by The Last Song? It's a track from their album 'The Last Song'. This song combines elements of rock, metal, and experimental genres, with a touch of indie influence. It has a unique and distinctive sound that could add an experimental and indie vibe to your video."
full,2769,7,indie vibe to your video.,It has a unique and distinctive sound that could add an experimental and indie vibe to your video.,E0_clause_split_artifact,斷句碎片（標註流程假影）,parent_audio-supported,"母句可歸屬，unsupported 係 split_claims 於 and/, 處切斷所致",indie,not_found,indie,,not_applicable,0,,,,"Certainly! How about 'The Last Song' by The Last Song? It's a track from their album 'The Last Song'. This song combines elements of rock, metal, and experimental genres, with a touch of indie influence. It has a unique and distinctive sound that could add an experimental and indie vibe to your video."
full,2813,2,This track has a rock,This track has a rock and indie sound with elements of alternative and pop.,E0_clause_split_artifact,斷句碎片（標註流程假影）,parent_audio-supported,"母句可歸屬，unsupported 係 split_claims 於 and/, 處切斷所致",alternative;indie;pop;rock,partially_supported,alternative,,not_applicable,0,,,,"In that case, I would recommend 'Sunshine' by The Vaccines. This track has a rock and indie sound with elements of alternative and pop. It's part of the album 'Sunshine' and would add a unique and energetic vibe to your video."
full,2813,5,would add a unique,It's part of the album 'Sunshine' and would add a unique and energetic vibe to your video.,E0_clause_split_artifact,斷句碎片（標註流程假影）,parent_metadata-supported,"母句可歸屬，unsupported 係 split_claims 於 and/, 處切斷所致",,not_applicable,,Sunshine,not_found,0,,,,"In that case, I would recommend 'Sunshine' by The Vaccines. This track has a rock and indie sound with elements of alternative and pop. It's part of the album 'Sunshine' and would add a unique and energetic vibe to your video."
full,2819,2,This track has a pop,This track has a pop and electronic sound with female vocals.,E0_clause_split_artifact,斷句碎片（標註流程假影）,parent_audio-supported,"母句可歸屬，unsupported 係 split_claims 於 and/, 處切斷所致",electronic;pop,supported,,,not_applicable,0,,,,"In that case, I would recommend 'We R Who We R' by Ke$ha. This track has a pop and electronic sound with female vocals. It's part of the album 'We R Who We R' and it's a great choice for your video."
full,2834,4,pop with a soulful,"It combines elements of hip-hop, R&B, and pop with a soulful and electronic sound.",E0_clause_split_artifact,斷句碎片（標註流程假影）,parent_audio-supported,"母句可歸屬，unsupported 係 split_claims 於 and/, 處切斷所致",electronic;hip-hop;pop;r&b,supported,,,not_applicable,0,,,,"Allow me to recommend 'Bye B**ch' by Mouse On Tha Track. It's a track from the album 'Bye B**ch'. It combines elements of hip-hop, R&B, and pop with a soulful and electronic sound. The song has a catchy beat and a smooth vocal performance that could be a fitting choice for your video."
full,3015,2,It's a hip-hop track with electronic,It's a hip-hop track with electronic and rock influences.,E0_clause_split_artifact,斷句碎片（標註流程假影）,parent_audio-supported,"母句可歸屬，unsupported 係 split_claims 於 and/, 處切斷所致",electronic;hip-hop;rock,partially_supported,rock,,not_applicable,0,,,,"Certainly! I suggest checking out 'freestyle Kickass Riddim' by BIGA RANX. It's a hip-hop track with electronic and rock influences. The song has a fast-paced beat and a male vocal, which aligns well with the energetic and powerful vibe you're looking for."
full,3021,5,It has a catchy,It has a catchy and melodic sound that could be a great fit for your video.,E0_clause_split_artifact,斷句碎片（標註流程假影）,parent_audio-supported,"母句可歸屬，unsupported 係 split_claims 於 and/, 處切斷所致",,not_applicable,,,not_applicable,0,,,,"Allow me to recommend 'Kamusta Ka Na' by Hustle One. It's a track from their album 'Kamusta Ka Na'. The song combines elements of R&B, pop, and soul with female vocals. It has a catchy and melodic sound that could be a great fit for your video."
full,3030,2,It's a pop track with electronic,It's a pop track with electronic and rock elements.,E0b_rule_miss_verified,規則漏判但有證據支持,genre_claim_verified_by_tags,曲風敘述可由 musicnn 標籤／參考文本支持；v2 因 GENRE_TERMS 需搭配 anchor 詞才計為 audio 而漏判,electronic;pop;rock,supported,,,not_applicable,0,,,,Allow me to recommend 'Counting Stars' by OneRepublic. It's a pop track with electronic and rock elements. The song features female vocals and has a techno influence. It could be a fitting choice for your video.
full,3052,2,It's a track that combines hip-hop,It's a track that combines hip-hop and spoken word elements.,E0b_rule_miss_verified,規則漏判但有證據支持,genre_claim_verified_by_tags,曲風敘述可由 musicnn 標籤／參考文本支持；v2 因 GENRE_TERMS 需搭配 anchor 詞才計為 audio 而漏判,hip-hop,supported,,,not_applicable,0,,,,"I suggest checking out 'SO FAR AWAY' by PIT featuring BIG FITZ DA POET. It's a track that combines hip-hop and spoken word elements. The song has a soulful and introspective vibe, which could add a unique touch to your video."
full,3052,3,The song has a soulful,"The song has a soulful and introspective vibe, which could add a unique touch to your video.",E4_vague_generic,一般性空泛描述／主觀陳述,subjective_statement,泛用效用或主觀陳述，本質上不具可驗證性,,not_applicable,,,not_applicable,0,,,,"I suggest checking out 'SO FAR AWAY' by PIT featuring BIG FITZ DA POET. It's a track that combines hip-hop and spoken word elements. The song has a soulful and introspective vibe, which could add a unique touch to your video."
full,3052,4,"introspective vibe, which could add a unique touch to your video.","The song has a soulful and introspective vibe, which could add a unique touch to your video.",E4_vague_generic,一般性空泛描述／主觀陳述,subjective_statement,泛用效用或主觀陳述，本質上不具可驗證性,,not_applicable,,,not_applicable,0,,,,"I suggest checking out 'SO FAR AWAY' by PIT featuring BIG FITZ DA POET. It's a track that combines hip-hop and spoken word elements. The song has a soulful and introspective vibe, which could add a unique touch to your video."
full,3121,2,It's a hip-hop track with electronic,It's a hip-hop track with electronic and rock influences.,E0_clause_split_artifact,斷句碎片（標註流程假影）,parent_audio-supported,"母句可歸屬，unsupported 係 split_claims 於 and/, 處切斷所致",electronic;hip-hop;rock,supported,,,not_applicable,0,,,,Allow me to recommend 'Wake Up' by 'DUKE CITY SAINTS' featuring UNREAL. It's a hip-hop track with electronic and rock influences. The song has a male vocal and was released in 2014. It could be a fitting choice for your video.
full,3126,2,"This track combines electronic, Hip-Hop","This track combines electronic, Hip-Hop, and jazz elements, creating a unique and captivating sound.",E0_clause_split_artifact,斷句碎片（標註流程假影）,parent_audio-supported,"母句可歸屬，unsupported 係 split_claims 於 and/, 處切斷所致",electronic;hip-hop;jazz,partially_supported,hip-hop;jazz,,not_applicable,0,,,,"In that case, I would recommend 'Love & Hate' by J. Cole. This track combines electronic, Hip-Hop, and jazz elements, creating a unique and captivating sound. It's part of the album 'Love & Hate' and features a blend of electronic beats, jazz-inspired melodies, and soulful vocals."
full,3126,3,"jazz elements, creating a unique","This track combines electronic, Hip-Hop, and jazz elements, creating a unique and captivating sound.",E0_clause_split_artifact,斷句碎片（標註流程假影）,parent_audio-supported,"母句可歸屬，unsupported 係 split_claims 於 and/, 處切斷所致",electronic;hip-hop;jazz,partially_supported,hip-hop;jazz,,not_applicable,0,,,,"In that case, I would recommend 'Love & Hate' by J. Cole. This track combines electronic, Hip-Hop, and jazz elements, creating a unique and captivating sound. It's part of the album 'Love & Hate' and features a blend of electronic beats, jazz-inspired melodies, and soulful vocals."
full,3129,4,indie with a touch of folk.,"The song combines elements of pop, rock, and indie with a touch of folk.",E0_clause_split_artifact,斷句碎片（標註流程假影）,parent_audio-supported,"母句可歸屬，unsupported 係 split_claims 於 and/, 處切斷所致",folk;indie;pop;rock,supported,,,not_applicable,0,,,,"Allow me to recommend '懸崖上的玫瑰' by 陳妍希. It's a track from her album '懸崖上的玫瑰'. The song combines elements of pop, rock, and indie with a touch of folk. It features Michelle Chen's distinctive female vocals, which aligns well with your preferences."
full,3256,2,R&B track with electronic,It's a hip-hop and R&B track with electronic and pop influences.,E0_clause_split_artifact,斷句碎片（標註流程假影）,parent_audio-supported,"母句可歸屬，unsupported 係 split_claims 於 and/, 處切斷所致",electronic;hip-hop;pop;r&b,supported,,,not_applicable,0,,,,Certainly! How about 'Aston Martin Music' by Rick Ross? It's a hip-hop and R&B track with electronic and pop influences. The song has a catchy beat and features male vocals. It could add a unique touch to your video.
full,3256,4,It could add a unique touch to your video.,It could add a unique touch to your video.,E4_vague_generic,一般性空泛描述／主觀陳述,generic_video_benefit,泛用效用或主觀陳述，本質上不具可驗證性,,not_applicable,,,not_applicable,0,,,,Certainly! How about 'Aston Martin Music' by Rick Ross? It's a hip-hop and R&B track with electronic and pop influences. The song has a catchy beat and features male vocals. It could add a unique touch to your video.
full,3290,2,It's a chillout track with electronic,It's a chillout track with electronic and indie influences.,E0_clause_split_artifact,斷句碎片（標註流程假影）,parent_audio-supported,"母句可歸屬，unsupported 係 split_claims 於 and/, 處切斷所致",chillout;electronic;indie,partially_supported,indie,,not_applicable,0,,,,"Certainly! I recommend 'Sunshine' by The Sounds of Sunshine. It's a chillout track with electronic and indie influences. The song features female vocals and has a relaxing and soothing atmosphere. It could be a great addition to your video, complementing the energetic and electronic elements of 'Sunshine (Radio Edit)' by Daft Punk."
full,3300,4,soul with a strong emotional message.,"This song combines elements of hip-hop, rock, and soul with a strong emotional message.",E0_clause_split_artifact,斷句碎片（標註流程假影）,parent_audio-supported,"母句可歸屬，unsupported 係 split_claims 於 and/, 處切斷所致",hip-hop;rock;soul,supported,,,not_applicable,0,,,,"Allow me to recommend 'Cleanin' Out My Closet' by Eminem. It's a track from his album 'Cleanin' Out My Closet'. This song combines elements of hip-hop, rock, and soul with a strong emotional message. It was released in 2002 and has a powerful and heartfelt vibe that could be a fitting choice for your video."
full,3365,2,This track has a rock,This track has a rock and indie sound with elements of alternative and indie rock.,E0_clause_split_artifact,斷句碎片（標註流程假影）,parent_audio-supported,"母句可歸屬，unsupported 係 split_claims 於 and/, 處切斷所致",alternative;indie;rock,supported,,,not_applicable,0,,,,"Certainly! I would recommend 'Rupture' by Oli Laroche. This track has a rock and indie sound with elements of alternative and indie rock. It would be a great fit for your video, providing a unique and edgy atmosphere."
full,3381,2,It's a rock track with elements of pop,It's a rock track with elements of pop and hard rock.,E0b_rule_miss_verified,規則漏判但有證據支持,genre_claim_verified_by_tags,曲風敘述可由 musicnn 標籤／參考文本支持；v2 因 GENRE_TERMS 需搭配 anchor 詞才計為 audio 而漏判,pop;rock,supported,,,not_applicable,0,,,,"Certainly! I recommend 'Enshrined in My Memory' by Timo Tolkki's Avalon featuring Elize Ryd. It's a rock track with elements of pop and hard rock. The song features Elize Ryd's powerful female vocals, which will add a dynamic and captivating element to your video."
full,3381,4,captivating element to your video.,"The song features Elize Ryd's powerful female vocals, which will add a dynamic and captivating element to your video.",E0_clause_split_artifact,斷句碎片（標註流程假影）,parent_audio-supported,"母句可歸屬，unsupported 係 split_claims 於 and/, 處切斷所致",,not_applicable,,,not_applicable,0,,,,"Certainly! I recommend 'Enshrined in My Memory' by Timo Tolkki's Avalon featuring Elize Ryd. It's a rock track with elements of pop and hard rock. The song features Elize Ryd's powerful female vocals, which will add a dynamic and captivating element to your video."
full,3494,2,This track has an electronic,This track has an electronic and indie sound with elements of pop and rock.,E0_clause_split_artifact,斷句碎片（標註流程假影）,parent_audio-supported,"母句可歸屬，unsupported 係 split_claims 於 and/, 處切斷所致",electronic;indie;pop;rock,supported,,,not_applicable,0,,,,"In that case, I would recommend 'Sunny Day' by ストロベリー・スパンキー. This track has an electronic and indie sound with elements of pop and rock. It's part of the album 'Sunny Day' and it's performed by ストロベリー・スパンキー."
full,3565,4,catchy vibe to your video.,It has a unique blend of sounds that will add a dynamic and catchy vibe to your video.,E0_clause_split_artifact,斷句碎片（標註流程假影）,parent_audio-supported,"母句可歸屬，unsupported 係 split_claims 於 and/, 處切斷所致",,not_applicable,,,not_applicable,0,,,,"In that case, I would recommend 'Pewnego razu w Warszawie' by Kritaczi. This track combines elements of hip-hop, electronic, indie, and pop genres. It has a unique blend of sounds that will add a dynamic and catchy vibe to your video."
full,3601,4,blues with a pop,"The song combines elements of rock, soul, and blues with a pop and electronic sound.",E0_clause_split_artifact,斷句碎片（標註流程假影）,parent_audio-supported,"母句可歸屬，unsupported 係 split_claims 於 and/, 處切斷所致",electronic;pop;rock;soul,partially_supported,electronic,,not_applicable,0,,,,"Allow me to recommend 'Bisogno d'Amore' by Sud Sound System. It's a track from their album 'Bisogno d'Amore'. The song combines elements of rock, soul, and blues with a pop and electronic sound. It was released in 2011 and has a catchy and energetic vibe that could be a fitting choice for your video."
full,3603,5,This track aligns well with the alternative,This track aligns well with the alternative and indie rock influences you're looking for.,E0_clause_split_artifact,斷句碎片（標註流程假影）,parent_prompt-supported,"母句可歸屬，unsupported 係 split_claims 於 and/, 處切斷所致",alternative;indie;rock,supported,,,not_applicable,0,,,,"Certainly! How about 'True North' by The Crossing? It's a track from their album 'True North'. The song combines elements of alternative rock, indie rock, and alternative pop. It has a guitar-driven sound and features male vocals. This track aligns well with the alternative and indie rock influences you're looking for."
full,3673,7,edgy feel to your video.,It has a fast-paced and energetic sound that will add a rebellious and edgy feel to your video.,E0_clause_split_artifact,斷句碎片（標註流程假影）,parent_video-supported,"母句可歸屬，unsupported 係 split_claims 於 and/, 處切斷所致",,not_applicable,,,not_applicable,0,,,,"Certainly! If you're looking for a rock and punk vibe, I would recommend 'Shake It Off' by Skrat. This track is part of their album 'Skrat' and offers a blend of rock, indie, and punk genres. It has a fast-paced and energetic sound that will add a rebellious and edgy feel to your video."
full,3705,2,It's a track from his mixtape 'Bout That Life'.,It's a track from his mixtape 'Bout That Life'.,E6_likely_hallucination,可能幻覺,named_entity_absent_from_all_evidence,引號名稱 ['Bout That Life'] 未見於管線內證據與外部 metadata；屬具體可查證卻查無支持者，列為可能幻覺並送人工複核,,not_applicable,,Bout That Life,not_found,1,,,,"Allow me to recommend 'Bout That Life' by Yung Tay. It's a track from his mixtape 'Bout That Life'. It combines elements of hip-hop, electronic, and dance music with indie influences. The song has a fast-paced beat and synth sounds that could be a fitting choice for your video. It was released in 2014 and may contain the specific elements you want."
full,3711,4,jazz with a slow,"The song combines elements of pop, folk, and jazz with a slow and acoustic sound.",E0_clause_split_artifact,斷句碎片（標註流程假影）,parent_audio-supported,"母句可歸屬，unsupported 係 split_claims 於 and/, 處切斷所致",folk;jazz;pop,supported,,,not_applicable,0,,,,"Allow me to recommend 'Szerelem' by Christina Ross. It's a track from her album 'Szerelem'. The song combines elements of pop, folk, and jazz with a slow and acoustic sound. It was released in 2013 and could be a fitting choice for your video."
full,3715,2,rock track with electronic,It's a pop and rock track with electronic and indie influences.,E0_clause_split_artifact,斷句碎片（標註流程假影）,parent_audio-supported,"母句可歸屬，unsupported 係 split_claims 於 and/, 處切斷所致",electronic;indie;pop;rock,partially_supported,electronic,,not_applicable,0,,,,Certainly! How about 'London' by Money Aujla feat? It's a pop and rock track with electronic and indie influences. The song features a female vocalist and was released in 2014. It could be a fitting choice for your video.
full,3754,5,It has a catchy,It has a catchy and energetic vibe that could be a fitting choice for your video.,E0_clause_split_artifact,斷句碎片（標註流程假影）,parent_audio-supported,"母句可歸屬，unsupported 係 split_claims 於 and/, 處切斷所致",,not_applicable,,,not_applicable,0,,,,"Allow me to recommend 'I Could Be The One' by Avicii and Nicky Romero. It's a track from their album 'I Could Be The One'. The song combines elements of electronic, dance, and pop genres with female vocalists. It has a catchy and energetic vibe that could be a fitting choice for your video."
full,3788,2,folk-inspired track with elements of rock,It's an acoustic and folk-inspired track with elements of rock and indie.,E0_clause_split_artifact,斷句碎片（標註流程假影）,parent_audio-supported,"母句可歸屬，unsupported 係 split_claims 於 and/, 處切斷所致",indie;rock,supported,,,not_applicable,0,,,,Certainly! How about 'The Way I Am' by The Lumineers? It's an acoustic and folk-inspired track with elements of rock and indie. The song features female vocals and has a heartfelt and emotional vibe. It could be a fitting choice for your video.
full,3819,4,pop with a dance vibe.,"It combines elements of electronic, indie, and pop with a dance vibe.",E0_clause_split_artifact,斷句碎片（標註流程假影）,parent_audio-supported,"母句可歸屬，unsupported 係 split_claims 於 and/, 處切斷所致",dance;electronic;indie;pop,partially_supported,indie,,not_applicable,0,,,,"Allow me to recommend 'Night & Day' by Livia K. It's a track from her album 'Night & Day'. It combines elements of electronic, indie, and pop with a dance vibe. The song has a catchy and energetic sound that could be a fitting choice for your video."
full,3819,5,The song has a catchy,The song has a catchy and energetic sound that could be a fitting choice for your video.,E0_clause_split_artifact,斷句碎片（標註流程假影）,parent_audio-supported,"母句可歸屬，unsupported 係 split_claims 於 and/, 處切斷所致",,not_applicable,,,not_applicable,0,,,,"Allow me to recommend 'Night & Day' by Livia K. It's a track from her album 'Night & Day'. It combines elements of electronic, indie, and pop with a dance vibe. The song has a catchy and energetic sound that could be a fitting choice for your video."
full,3905,2,It's an electronic track with ambient,It's an electronic track with ambient and chillout elements.,E0b_rule_miss_verified,規則漏判但有證據支持,genre_claim_verified_by_tags,曲風敘述可由 musicnn 標籤／參考文本支持；v2 因 GENRE_TERMS 需搭配 anchor 詞才計為 audio 而漏判,ambient;chillout;electronic,supported,,,not_applicable,0,,,,Certainly! How about 'Sunrise' by Sara? It's an electronic track with ambient and chillout elements. The song features female vocals and was released in 2013. It could add a soothing and atmospheric touch to your video.
full,3905,5,It could add a soothing,It could add a soothing and atmospheric touch to your video.,E4_vague_generic,一般性空泛描述／主觀陳述,subjective_statement,泛用效用或主觀陳述，本質上不具可驗證性,,not_applicable,,,not_applicable,0,,,,Certainly! How about 'Sunrise' by Sara? It's an electronic track with ambient and chillout elements. The song features female vocals and was released in 2013. It could add a soothing and atmospheric touch to your video.
full,3905,6,atmospheric touch to your video.,It could add a soothing and atmospheric touch to your video.,E4_vague_generic,一般性空泛描述／主觀陳述,subjective_statement,泛用效用或主觀陳述，本質上不具可驗證性,,not_applicable,,,not_applicable,0,,,,Certainly! How about 'Sunrise' by Sara? It's an electronic track with ambient and chillout elements. The song features female vocals and was released in 2013. It could add a soothing and atmospheric touch to your video.
full,3916,2,This track has a chillout,"This track has a chillout and electronic sound, perfect for creating a relaxed and laid-back atmosphere.",E0_clause_split_artifact,斷句碎片（標註流程假影）,parent_audio-supported,"母句可歸屬，unsupported 係 split_claims 於 and/, 處切斷所致",chillout;electronic,supported,,,not_applicable,0,,,,"In that case, I would recommend 'Vibe Tribe' by Just Juice. This track has a chillout and electronic sound, perfect for creating a relaxed and laid-back atmosphere. It's part of the album 'Vibe Tribe' and offers a soothing and calming experience."
full,3931,2,This track has a 90s vibe,"This track has a 90s vibe and combines elements of Hip-Hop, jazz, electronic, rock, and pop.",E0_clause_split_artifact,斷句碎片（標註流程假影）,parent_audio-supported,"母句可歸屬，unsupported 係 split_claims 於 and/, 處切斷所致",electronic;hip-hop;jazz;pop;rock,partially_supported,jazz;rock,,not_applicable,0,,,,"In that case, I would recommend 'Above The Clouds' by Gang Starr. This track has a 90s vibe and combines elements of Hip-Hop, jazz, electronic, rock, and pop. It's part of the album 'Above The Clouds' and would be a great fit for your video."
full,3963,4,soul with a chillout vibe.,"It combines elements of hip-hop, electronic, jazz, and soul with a chillout vibe.",E0_clause_split_artifact,斷句碎片（標註流程假影）,parent_audio-supported,"母句可歸屬，unsupported 係 split_claims 於 and/, 處切斷所致",chillout;electronic;hip-hop;jazz;soul,partially_supported,chillout,,not_applicable,0,,,,"Allow me to recommend 'Vinyl Therapy' by Vinyl Therapy. It's a track from their album 'Vinyl Therapy'. It combines elements of hip-hop, electronic, jazz, and soul with a chillout vibe. It was released in 2013 and may contain the specific elements you're looking for."
full,3981,5,It has a unique blend of genres that could add a touch of diversity to your video.,It has a unique blend of genres that could add a touch of diversity to your video.,E4_vague_generic,一般性空泛描述／主觀陳述,subjective_statement,泛用效用或主觀陳述，本質上不具可驗證性,,not_applicable,,,not_applicable,0,,,,"Certainly! I recommend 'Video Games' by Lana Del Rey. It's a track from her album 'Video Games'. This song combines elements of rock, indie, and folk with acoustic guitar and male vocals. It has a unique blend of genres that could add a touch of diversity to your video."
full,4025,3,"soul elements, creating a smooth","This track has a beautiful blend of pop, R&B, and soul elements, creating a smooth and soulful sound.",E0_clause_split_artifact,斷句碎片（標註流程假影）,parent_audio-supported,"母句可歸屬，unsupported 係 split_claims 於 and/, 處切斷所致",pop;r&b;soul,supported,,,not_applicable,0,,,,"Certainly! If you're looking for an R&B twist, I recommend '你撕碎了我的心' by A-ONE. This track has a beautiful blend of pop, R&B, and soul elements, creating a smooth and soulful sound. It's perfect for adding a touch of romance to your wedding video."
full,4025,4,It's perfect for adding a touch of romance to your wedding video.,It's perfect for adding a touch of romance to your wedding video.,E3_video_unsupported,影片內容不支持,specific_video_content_asserted,主張具體影片情境（如婚禮／旅遊），但模型輸入僅有 CLIP 影像特徵，規則層無法驗證，送人工複核,,not_applicable,,,not_applicable,1,,,,"Certainly! If you're looking for an R&B twist, I recommend '你撕碎了我的心' by A-ONE. This track has a beautiful blend of pop, R&B, and soul elements, creating a smooth and soulful sound. It's perfect for adding a touch of romance to your wedding video."
full,4053,2,This track has a strong electronic,"This track has a strong electronic and house influence, perfect for creating a lively and energetic atmosphere.",E0_clause_split_artifact,斷句碎片（標註流程假影）,parent_audio-supported,"母句可歸屬，unsupported 係 split_claims 於 and/, 處切斷所致",electronic;house,partially_supported,house,,not_applicable,0,,,,"In that case, I recommend 'Bring It Back' by The Funk Hunters. This track has a strong electronic and house influence, perfect for creating a lively and energetic atmosphere. It's part of the album 'Bring It Back' and was used in events like the 2014 Vancouver International Wine Festival."
full,4053,5,was used in events like the 2014 Vancouver International Wine Festival.,It's part of the album 'Bring It Back' and was used in events like the 2014 Vancouver International Wine Festival.,E0_clause_split_artifact,斷句碎片（標註流程假影）,parent_metadata-supported,"母句可歸屬，unsupported 係 split_claims 於 and/, 處切斷所致",,not_applicable,,Bring It Back,not_found,0,,,,"In that case, I recommend 'Bring It Back' by The Funk Hunters. This track has a strong electronic and house influence, perfect for creating a lively and energetic atmosphere. It's part of the album 'Bring It Back' and was used in events like the 2014 Vancouver International Wine Festival."
full,4147,2,It's a rock track with elements of alternative,It's a rock track with elements of alternative and indie music.,E0b_rule_miss_verified,規則漏判但有證據支持,genre_claim_verified_by_tags,曲風敘述可由 musicnn 標籤／參考文本支持；v2 因 GENRE_TERMS 需搭配 anchor 詞才計為 audio 而漏判,alternative;indie;rock,supported,,,not_applicable,0,,,,Certainly! How about 'Yang Penting Janda' by GAN ZAPAS? It's a rock track with elements of alternative and indie music. The song has a powerful and energetic sound that could be a great fit for your video. It was released in 2013 and has a music video that captures the essence of the song.
full,4147,3,The song has a powerful,The song has a powerful and energetic sound that could be a great fit for your video.,E0_clause_split_artifact,斷句碎片（標註流程假影）,parent_audio-supported,"母句可歸屬，unsupported 係 split_claims 於 and/, 處切斷所致",,not_applicable,,,not_applicable,0,,,,Certainly! How about 'Yang Penting Janda' by GAN ZAPAS? It's a rock track with elements of alternative and indie music. The song has a powerful and energetic sound that could be a great fit for your video. It was released in 2013 and has a music video that captures the essence of the song.
full,4147,6,has a music video that captures the essence of the song.,It was released in 2013 and has a music video that captures the essence of the song.,E0_clause_split_artifact,斷句碎片（標註流程假影）,parent_metadata-supported,"母句可歸屬，unsupported 係 split_claims 於 and/, 處切斷所致",,not_applicable,,,not_applicable,0,,,,Certainly! How about 'Yang Penting Janda' by GAN ZAPAS? It's a rock track with elements of alternative and indie music. The song has a powerful and energetic sound that could be a great fit for your video. It was released in 2013 and has a music video that captures the essence of the song.
full,4148,6,catchy vibe to your video.,"It has a fast-paced beat and male vocals, which could add a dynamic and catchy vibe to your video.",E0_clause_split_artifact,斷句碎片（標註流程假影）,parent_video-supported,"母句可歸屬，unsupported 係 split_claims 於 and/, 處切斷所致",,not_applicable,,,not_applicable,0,,,,"Certainly! How about 'Swang on 'em' by Q? It's a track from his album 'Swang on 'em'. The song combines elements of Hip-Hop, electronic, rock, and pop. It has a fast-paced beat and male vocals, which could add a dynamic and catchy vibe to your video."
full,4150,2,"It's an electronic track with elements of pop, indie","It's an electronic track with elements of pop, indie, and rock.",E2_metadata_unsupported,音樂元資料不支持,genre_partially_supported,部分曲風查無支持：['rock']（musicnn 標籤有雜訊，查無支持不等於事實錯誤）,electronic;indie;pop;rock,partially_supported,rock,,not_applicable,1,,,,"Allow me to recommend 'Cave In by Owl City'. It's an electronic track with elements of pop, indie, and rock. The song has a techno influence and features synthesizers and electronic beats. It could be a fitting choice for your video."
full,4180,4,indie with a touch of pop.,"This song combines elements of classic rock, alternative, and indie with a touch of pop.",E0_clause_split_artifact,斷句碎片（標註流程假影）,parent_audio-supported,"母句可歸屬，unsupported 係 split_claims 於 and/, 處切斷所致",alternative;indie;pop;rock,supported,,,not_applicable,0,,,,"Certainly! How about 'Vem Adorar' by Ministério Soma? It's a track from their album 'Vem Adorar'. This song combines elements of classic rock, alternative, and indie with a touch of pop. It has a guitar-driven sound and features male vocals. It could be a fitting choice for your video."
wo_audio_all,457,7,lively vibe to your video.,It has a techno influence and a fast-paced beat that will add an energetic and lively vibe to your video.,E0_clause_split_artifact,斷句碎片（標註流程假影）,parent_video-supported,"母句可歸屬，unsupported 係 split_claims 於 and/, 處切斷所致",,not_applicable,,,not_applicable,0,,,,"I understand that you might be looking for a track with a house or electro influence. In that case, I would recommend 'House of Lords' by The Prodigy. This track combines elements of electronic, electro, and house genres with a touch of rock. It has a techno influence and a fast-paced beat that will add an energetic and lively vibe to your video."
wo_audio_all,2058,3,"Although I don't have much information about this specific track, MobSquad Carollina is known for their hip-hop","Although I don't have much information about this specific track, MobSquad Carollina is known for their hip-hop and rock style, which may include elements of electronic and dance music.",E0_clause_split_artifact,斷句碎片（標註流程假影）,parent_audio-supported,"母句可歸屬，unsupported 係 split_claims 於 and/, 處切斷所致",dance;electronic;hip-hop;rock,partially_supported,dance,,not_applicable,0,,,,"I suggest checking out 'MobSquad Carollina' by MobSquad Carollina. It's a track that combines elements of hip-hop and rock with electronic and dance influences. Although I don't have much information about this specific track, MobSquad Carollina is known for their hip-hop and rock style, which may include elements of electronic and dance music."
wo_audio_all,3129,2,rock track with indie,It's a pop and rock track with indie and folk influences.,E0_clause_split_artifact,斷句碎片（標註流程假影）,parent_audio-supported,"母句可歸屬，unsupported 係 split_claims 於 and/, 處切斷所致",folk;indie;pop;rock,supported,,,not_applicable,0,,,,"Allow me to recommend '凡凡' by Michelle Chen. It's a pop and rock track with indie and folk influences. Although I don't have much information about this specific track, Michelle Chen's music style generally aligns with your preferences. She is known for her pop and rock music with indie and folk influences. You may also consider exploring her other tracks to find a suitable recommendation."
wo_audio_all,1753,7,soul with a touch of electronic,"In that case, I would recommend 'Hip-Hop, R&B, and soul with a touch of electronic and pop.",E0_clause_split_artifact,斷句碎片（標註流程假影）,parent_general-supported,"母句可歸屬，unsupported 係 split_claims 於 and/, 處切斷所致",electronic;hip-hop;pop;r&b;soul,supported,,,not_applicable,0,,,,"In that case, I would recommend 'Hip-Hop, R&B, and soul with a touch of electronic and pop. This track by The Hip-Hop, R&B, and soul with a touch of electronic and pop is a perfect fit for your video. It combines elements of Hip-Hop, R&B, and soul with a touch of electronic and pop, creating a unique and vibrant sound that will add a dynamic and energetic feel to your video."
wo_audio_all,3003,2,This track is a collaboration between 桜,"This track is a collaboration between 桜 and 桜, and it features a powerful female vocal.",E0_clause_split_artifact,斷句碎片（標註流程假影）,parent_audio-supported,"母句可歸屬，unsupported 係 split_claims 於 and/, 處切斷所致",,not_applicable,,,not_applicable,0,,,,"In that case, I would recommend 'Sweet Talk' by 桜. This track is a collaboration between 桜 and 桜, and it features a powerful female vocal. It has a techno vibe and is part of the 桜's album '桜'. It's a great choice for your video."
wo_audio_all,1226,2,dance track with electronic elements,It's a pop and dance track with electronic elements and features a female vocalist.,E0_clause_split_artifact,斷句碎片（標註流程假影）,parent_audio-supported,"母句可歸屬，unsupported 係 split_claims 於 and/, 處切斷所致",dance;electronic;pop,supported,,,not_applicable,0,,,,"Allow me to recommend 'Santaye' by Santaye. It's a pop and dance track with electronic elements and features a female vocalist. Although I don't have much information about this track, it aligns with your preferences for pop, dance, and electronic genres with a female vocalist."
wo_audio_all,4148,2,pop elements in the music.,"Certainly, I don't have any specific recommendations for rock and pop elements in the music.",E0_clause_split_artifact,斷句碎片（標註流程假影）,parent_general-supported,"母句可歸屬，unsupported 係 split_claims 於 and/, 處切斷所致",pop;rock,supported,,,not_applicable,0,,,,"Certainly, I don't have any specific recommendations for rock and pop elements in the music. However, I can suggest exploring the work of artists like Eminem, who are known for their rock and pop style. You can check out their music on platforms like SoundCloud and iTunes."
wo_audio_all,2921,4,folk with a slow,"It combines elements of indie, pop, and folk with a slow and female vocal style that could be a fitting choice for your video.",E0_clause_split_artifact,斷句碎片（標註流程假影）,parent_audio-supported,"母句可歸屬，unsupported 係 split_claims 於 and/, 處切斷所致",folk;indie;pop,supported,,,not_applicable,0,,,,"Allow me to recommend 'Lisa Caruso - 'Love Is A Drug'. It's a track from Lisa Caruso's album 'Love Is A Drug'. It combines elements of indie, pop, and folk with a slow and female vocal style that could be a fitting choice for your video. It was released in 2013 and has a music video directed by Dario D'Alessio."
wo_audio_all,3129,4,She is known for her pop,She is known for her pop and rock music with indie and folk influences.,E0_clause_split_artifact,斷句碎片（標註流程假影）,parent_audio-supported,"母句可歸屬，unsupported 係 split_claims 於 and/, 處切斷所致",folk;indie;pop;rock,supported,,,not_applicable,0,,,,"Allow me to recommend '凡凡' by Michelle Chen. It's a pop and rock track with indie and folk influences. Although I don't have much information about this specific track, Michelle Chen's music style generally aligns with your preferences. She is known for her pop and rock music with indie and folk influences. You may also consider exploring her other tracks to find a suitable recommendation."
wo_audio_all,916,4,It's perfect for creating a memorable,It's perfect for creating a memorable and emotional atmosphere for your wedding video.,E0_clause_split_artifact,斷句碎片（標註流程假影）,parent_general-supported,"母句可歸屬，unsupported 係 split_claims 於 and/, 處切斷所致",,not_applicable,,,not_applicable,0,,,,"In that case, I would recommend 'The Wedding Video - A Wedding Day - Instrumental'. This track has a more ambient and indie feel, which aligns well with the vibe you're looking for. It's perfect for creating a memorable and emotional atmosphere for your wedding video."
wo_audio_all,3121,2,It's a hip-hop track with electronic elements,It's a hip-hop track with electronic elements and male vocals.,E0_clause_split_artifact,斷句碎片（標註流程假影）,parent_audio-supported,"母句可歸屬，unsupported 係 split_claims 於 and/, 處切斷所致",electronic;hip-hop,supported,,,not_applicable,0,,,,"In that case, I would recommend 'Hip-Hop' by Mister V. It's a hip-hop track with electronic elements and male vocals. Although I don't have much information about this track, it aligns with your preferences for a hip-hop or electronic element."
wo_audio_all,1596,2,This track is a pop song with electronic,This track is a pop song with electronic and dance influences.,E0_clause_split_artifact,斷句碎片（標註流程假影）,parent_audio-supported,"母句可歸屬，unsupported 係 split_claims 於 and/, 處切斷所致",dance;electronic;pop,supported,,,not_applicable,0,,,,"In that case, I recommend 'Lady Gaga' by Lady Gaga. This track is a pop song with electronic and dance influences. It has a strong female vocal and a catchy melody that will add a fun and lively vibe to your video. It's a great choice for a mainstream pop feel."
wo_audio_all,348,3,soul with a dance vibe.,"It's a track that combines elements of hip-hop, electronic, and soul with a dance vibe.",E0_clause_split_artifact,斷句碎片（標註流程假影）,parent_audio-supported,"母句可歸屬，unsupported 係 split_claims 於 and/, 處切斷所致",dance;electronic;hip-hop;soul,supported,,,not_applicable,0,,,,"I suggest checking out 'Diez Mo' by Diez Mo. It's a track that combines elements of hip-hop, electronic, and soul with a dance vibe. Although I don't have much information about this specific track, Diez Mo is known for their hip-hop, electronic, and soul style with a dance vibe. This could be a fitting choice for your video."
wo_audio_all,2322,2,This track has a rock,"This track has a rock and alternative vibe, similar to Luke Thompson's style.",E0_clause_split_artifact,斷句碎片（標註流程假影）,parent_audio-supported,"母句可歸屬，unsupported 係 split_claims 於 and/, 處切斷所致",alternative;rock,partially_supported,alternative,,not_applicable,0,,,,"In that case, I would recommend 'Luke Thompson - 90s Rock and Alternative Vibe'. This track has a rock and alternative vibe, similar to Luke Thompson's style. It's a great choice for your video, combining elements of rock and alternative with a touch of indie and alternative rock."
wo_audio_all,1753,4,soul with a touch of electronic,"In that case, I would recommend 'Hip-Hop, R&B, and soul with a touch of electronic and pop.",E0_clause_split_artifact,斷句碎片（標註流程假影）,parent_general-supported,"母句可歸屬，unsupported 係 split_claims 於 and/, 處切斷所致",electronic;hip-hop;pop;r&b;soul,supported,,,not_applicable,0,,,,"In that case, I would recommend 'Hip-Hop, R&B, and soul with a touch of electronic and pop. This track by The Hip-Hop, R&B, and soul with a touch of electronic and pop is a perfect fit for your video. It combines elements of Hip-Hop, R&B, and soul with a touch of electronic and pop, creating a unique and vibrant sound that will add a dynamic and energetic feel to your video."
wo_audio_all,806,3,"electro vibe, with elements of electronic, dance","This track has a pop and electro vibe, with elements of electronic, dance, and electronica.",E0b_rule_miss_verified,規則漏判但有證據支持,genre_claim_verified_by_tags,曲風敘述可由 musicnn 標籤／參考文本支持；v2 因 GENRE_TERMS 需搭配 anchor 詞才計為 audio 而漏判,dance;electronic;pop,supported,,,not_applicable,0,,,,"In that case, I would recommend 'Electro Pop' by The Electro Pop. This track has a pop and electro vibe, with elements of electronic, dance, and electronica. It's a perfect fit for your video, combining the energetic and electronic elements you're looking for."
wo_audio_all,3471,2,This track has a strong electronic,"This track has a strong electronic and hip-hop vibe, with elements of dance, pop, and electronic music.",E0b_rule_miss_verified,規則漏判但有證據支持,genre_claim_verified_by_tags,曲風敘述可由 musicnn 標籤／參考文本支持；v2 因 GENRE_TERMS 需搭配 anchor 詞才計為 audio 而漏判,dance;electronic;hip-hop;pop,supported,,,not_applicable,0,,,,"In that case, I would recommend 'Electronic & Hip-Hop Vibe' by The Hip-Hop Vibe. This track has a strong electronic and hip-hop vibe, with elements of dance, pop, and electronic music. It would be a great fit for your video, providing a lively and energetic atmosphere."
wo_audio_all,1601,2,"It's an electronic track with elements of dance, pop","It's an electronic track with elements of dance, pop, and electronica.",E0b_rule_miss_verified,規則漏判但有證據支持,genre_claim_verified_by_tags,曲風敘述可由 musicnn 標籤／參考文本支持；v2 因 GENRE_TERMS 需搭配 anchor 詞才計為 audio 而漏判,dance;electronic;pop,supported,,,not_applicable,0,,,,"I suggest checking out 'Dancehall' by Danny Brown. It's an electronic track with elements of dance, pop, and electronica. Although I don't have much information about this specific track, it aligns with the electronic and dance elements you're looking for."
wo_audio_all,3256,4,"However, I can suggest exploring the hip-hop","However, I can suggest exploring the hip-hop and R&B elements in the music you're considering.",E0b_rule_miss_verified,規則漏判但有證據支持,genre_claim_verified_by_tags,曲風敘述可由 musicnn 標籤／參考文本支持；v2 因 GENRE_TERMS 需搭配 anchor 詞才計為 audio 而漏判,hip-hop;r&b,supported,,,not_applicable,0,,,,"I apologize for my lack of hip-hop and R&B elements in my video. I'm sorry I don't have any specific recommendations for you. However, I can suggest exploring the hip-hop and R&B elements in the music you're considering. Hip-hop and R&B elements are important components of hip-hop music, and they can add a unique and distinctive touch to your video."
wo_audio_all,3471,3,"hip-hop vibe, with elements of dance, pop","This track has a strong electronic and hip-hop vibe, with elements of dance, pop, and electronic music.",E0b_rule_miss_verified,規則漏判但有證據支持,genre_claim_verified_by_tags,曲風敘述可由 musicnn 標籤／參考文本支持；v2 因 GENRE_TERMS 需搭配 anchor 詞才計為 audio 而漏判,dance;electronic;hip-hop;pop,supported,,,not_applicable,0,,,,"In that case, I would recommend 'Electronic & Hip-Hop Vibe' by The Hip-Hop Vibe. This track has a strong electronic and hip-hop vibe, with elements of dance, pop, and electronic music. It would be a great fit for your video, providing a lively and energetic atmosphere."
wo_audio_all,806,2,This track has a pop,"This track has a pop and electro vibe, with elements of electronic, dance, and electronica.",E0b_rule_miss_verified,規則漏判但有證據支持,genre_claim_verified_by_tags,曲風敘述可由 musicnn 標籤／參考文本支持；v2 因 GENRE_TERMS 需搭配 anchor 詞才計為 audio 而漏判,dance;electronic;pop,supported,,,not_applicable,0,,,,"In that case, I would recommend 'Electro Pop' by The Electro Pop. This track has a pop and electro vibe, with elements of electronic, dance, and electronica. It's a perfect fit for your video, combining the energetic and electronic elements you're looking for."
wo_audio_all,3936,3,it has a strong Hip-Hop vibe.,This track is a part of the Hip-Hop movement and it has a strong Hip-Hop vibe.,E0b_rule_miss_verified,規則漏判但有證據支持,genre_claim_verified_by_tags,曲風敘述可由 musicnn 標籤／參考文本支持；v2 因 GENRE_TERMS 需搭配 anchor 詞才計為 audio 而漏判,hip-hop,supported,,,not_applicable,0,,,,"In that case, I would recommend 'Hip-Hop' by The Hip-Hop Movement. This track is a part of the Hip-Hop movement and it has a strong Hip-Hop vibe. It's a great choice for a video that needs to maintain a fast pace and still maintain a Hip-Hop vibe."
wo_audio_all,3256,5,R&B elements in the music you're considering.,"However, I can suggest exploring the hip-hop and R&B elements in the music you're considering.",E0b_rule_miss_verified,規則漏判但有證據支持,genre_claim_verified_by_tags,曲風敘述可由 musicnn 標籤／參考文本支持；v2 因 GENRE_TERMS 需搭配 anchor 詞才計為 audio 而漏判,hip-hop;r&b,supported,,,not_applicable,0,,,,"I apologize for my lack of hip-hop and R&B elements in my video. I'm sorry I don't have any specific recommendations for you. However, I can suggest exploring the hip-hop and R&B elements in the music you're considering. Hip-hop and R&B elements are important components of hip-hop music, and they can add a unique and distinctive touch to your video."
wo_audio_all,3601,1,"I apologize for my lack of rock, soul","I apologize for my lack of rock, soul, and blues elements in the music.",E0b_rule_miss_verified,規則漏判但有證據支持,genre_claim_verified_by_tags,曲風敘述可由 musicnn 標籤／參考文本支持；v2 因 GENRE_TERMS 需搭配 anchor 詞才計為 audio 而漏判,rock;soul,supported,,,not_applicable,0,,,,"I apologize for my lack of rock, soul, and blues elements in the music. Unfortunately, I don't have any specific recommendations that incorporate those genres. However, I can suggest exploring the music of artists like Eminem, who are known for their rock, soul, and blues influences. You may find their music to be a fitting choice for your video."
wo_audio_all,3936,2,This track is a part of the Hip-Hop movement,This track is a part of the Hip-Hop movement and it has a strong Hip-Hop vibe.,E0b_rule_miss_verified,規則漏判但有證據支持,genre_claim_verified_by_tags,曲風敘述可由 musicnn 標籤／參考文本支持；v2 因 GENRE_TERMS 需搭配 anchor 詞才計為 audio 而漏判,hip-hop,supported,,,not_applicable,0,,,,"In that case, I would recommend 'Hip-Hop' by The Hip-Hop Movement. This track is a part of the Hip-Hop movement and it has a strong Hip-Hop vibe. It's a great choice for a video that needs to maintain a fast pace and still maintain a Hip-Hop vibe."
wo_audio_all,3256,2,R&B elements in my video.,I apologize for my lack of hip-hop and R&B elements in my video.,E0b_rule_miss_verified,規則漏判但有證據支持,genre_claim_verified_by_tags,曲風敘述可由 musicnn 標籤／參考文本支持；v2 因 GENRE_TERMS 需搭配 anchor 詞才計為 audio 而漏判,hip-hop;r&b,supported,,,not_applicable,0,,,,"I apologize for my lack of hip-hop and R&B elements in my video. I'm sorry I don't have any specific recommendations for you. However, I can suggest exploring the hip-hop and R&B elements in the music you're considering. Hip-hop and R&B elements are important components of hip-hop music, and they can add a unique and distinctive touch to your video."
wo_audio_all,3256,1,I apologize for my lack of hip-hop,I apologize for my lack of hip-hop and R&B elements in my video.,E0b_rule_miss_verified,規則漏判但有證據支持,genre_claim_verified_by_tags,曲風敘述可由 musicnn 標籤／參考文本支持；v2 因 GENRE_TERMS 需搭配 anchor 詞才計為 audio 而漏判,hip-hop;r&b,supported,,,not_applicable,0,,,,"I apologize for my lack of hip-hop and R&B elements in my video. I'm sorry I don't have any specific recommendations for you. However, I can suggest exploring the hip-hop and R&B elements in the music you're considering. Hip-hop and R&B elements are important components of hip-hop music, and they can add a unique and distinctive touch to your video."
wo_audio_all,3601,2,blues elements in the music.,"I apologize for my lack of rock, soul, and blues elements in the music.",E0b_rule_miss_verified,規則漏判但有證據支持,genre_claim_verified_by_tags,曲風敘述可由 musicnn 標籤／參考文本支持；v2 因 GENRE_TERMS 需搭配 anchor 詞才計為 audio 而漏判,rock;soul,supported,,,not_applicable,0,,,,"I apologize for my lack of rock, soul, and blues elements in the music. Unfortunately, I don't have any specific recommendations that incorporate those genres. However, I can suggest exploring the music of artists like Eminem, who are known for their rock, soul, and blues influences. You may find their music to be a fitting choice for your video."
wo_audio_all,3048,2,It's an electronic track with a mix of house,It's an electronic track with a mix of house and electronica elements.,E0b_rule_miss_verified,規則漏判但有證據支持,genre_claim_verified_by_tags,曲風敘述可由 musicnn 標籤／參考文本支持；v2 因 GENRE_TERMS 需搭配 anchor 詞才計為 audio 而漏判,electronic;house,supported,,,not_applicable,0,,,,"I understand that you might consider using 'House Music' by The Wanted. It's an electronic track with a mix of house and electronica elements. Although I don't have much information about this track, it aligns with your preferences for electronic and dance music."
wo_audio_all,1919,2,This track has a rock,"This track has a rock and alternative vibe, with elements of Hip-Hop, electronic, dance, and pop.",E2_metadata_unsupported,音樂元資料不支持,genre_partially_supported,部分曲風查無支持：['dance']（musicnn 標籤有雜訊，查無支持不等於事實錯誤）,alternative;dance;electronic;hip-hop;pop;rock,partially_supported,dance,,not_applicable,1,,,,"In that case, I would recommend 'Rock & Alternative' by The 00s. This track has a rock and alternative vibe, with elements of Hip-Hop, electronic, dance, and pop. It's a great choice for a party with a mix of rock and alternative influences."
wo_audio_all,3021,2,This track has a strong R&B,"This track has a strong R&B and soul vibe, with elements of Hip-Hop, electronic, dance, pop, and electronica.",E2_metadata_unsupported,音樂元資料不支持,genre_partially_supported,"部分曲風查無支持：['dance', 'electronic', 'hip-hop']（musicnn 標籤有雜訊，查無支持不等於事實錯誤）",dance;electronic;hip-hop;pop;r&b;soul,partially_supported,dance;electronic;hip-hop,,not_applicable,1,,,,"In that case, I would recommend 'Love Me Like I Love You' by 14K. This track has a strong R&B and soul vibe, with elements of Hip-Hop, electronic, dance, pop, and electronica. It also features female vocals, which aligns with your preferences. It's a great choice for your video."
wo_audio_all,123,5,"is known for its electronic, Hip-Hop","It has a summery vibe and is known for its electronic, Hip-Hop, and dance elements.",E2_metadata_unsupported,音樂元資料不支持,genre_partially_supported,"部分曲風查無支持：['dance', 'hip-hop']（musicnn 標籤有雜訊，查無支持不等於事實錯誤）",dance;electronic;hip-hop,partially_supported,dance;hip-hop,,not_applicable,1,,,,"In that case, I would recommend 'Summery Vibe - The Remix' by The Remix. This track is a collaboration between various artists and producers, including DJ Premier, DJ Premier, and DJ Premier. It has a summery vibe and is known for its electronic, Hip-Hop, and dance elements. It's a great choice for your video."
wo_audio_all,863,2,This track has a dance,"This track has a dance and pop vibe, with elements of Hip-Hop and electronic music.",E2_metadata_unsupported,音樂元資料不支持,genre_partially_supported,部分曲風查無支持：['hip-hop']（musicnn 標籤有雜訊，查無支持不等於事實錯誤）,dance;electronic;hip-hop;pop,partially_supported,hip-hop,,not_applicable,1,,,,"In that case, I would recommend 'Dance With Me' by Daddy Yankee. This track has a dance and pop vibe, with elements of Hip-Hop and electronic music. It's a perfect fit for your video, and it will get people moving."
wo_audio_all,1489,2,This track has a dance vibe that will bring the party to life.,This track has a dance vibe that will bring the party to life.,E2_metadata_unsupported,音樂元資料不支持,genre_not_found,曲風 ['dance'] 未見於任何證據來源（標籤有雜訊，故列為不支持而非幻覺）,dance,not_found,dance,,not_applicable,1,,,,"In that case, I would recommend 'Dancehall - The Ambient & Dancehall Remix. This track has a dance vibe that will bring the party to life. It's a remix of the original track 'Dancehall' by DJ Drama. It's a blend of Hip-Hop, electronic, dance, pop, and rock genres, with a focus on dance and electronic beats. It's perfect for creating an energetic and lively atmosphere at your party."
wo_audio_all,3565,2,This track has a hip-hop,"This track has a hip-hop and electronic vibe, with a touch of indie and pop.",E2_metadata_unsupported,音樂元資料不支持,genre_partially_supported,"部分曲風查無支持：['electronic', 'indie', 'pop']（musicnn 標籤有雜訊，查無支持不等於事實錯誤）",electronic;hip-hop;indie;pop,partially_supported,electronic;indie;pop,,not_applicable,1,,,,"In that case, I would recommend 'Hip Hop' by The Hip Hop. This track has a hip-hop and electronic vibe, with a touch of indie and pop. It's a perfect fit for your video, combining elements of hip-hop, electronic, indie, and pop genres."
wo_audio_all,3021,3,"soul vibe, with elements of Hip-Hop, electronic, dance, pop","This track has a strong R&B and soul vibe, with elements of Hip-Hop, electronic, dance, pop, and electronica.",E2_metadata_unsupported,音樂元資料不支持,genre_partially_supported,"部分曲風查無支持：['dance', 'electronic', 'hip-hop']（musicnn 標籤有雜訊，查無支持不等於事實錯誤）",dance;electronic;hip-hop;pop;r&b;soul,partially_supported,dance;electronic;hip-hop,,not_applicable,1,,,,"In that case, I would recommend 'Love Me Like I Love You' by 14K. This track has a strong R&B and soul vibe, with elements of Hip-Hop, electronic, dance, pop, and electronica. It also features female vocals, which aligns with your preferences. It's a great choice for your video."
wo_audio_all,863,3,"pop vibe, with elements of Hip-Hop","This track has a dance and pop vibe, with elements of Hip-Hop and electronic music.",E2_metadata_unsupported,音樂元資料不支持,genre_partially_supported,部分曲風查無支持：['hip-hop']（musicnn 標籤有雜訊，查無支持不等於事實錯誤）,dance;electronic;hip-hop;pop,partially_supported,hip-hop,,not_applicable,1,,,,"In that case, I would recommend 'Dance With Me' by Daddy Yankee. This track has a dance and pop vibe, with elements of Hip-Hop and electronic music. It's a perfect fit for your video, and it will get people moving."
wo_audio_all,123,4,It has a summery vibe,"It has a summery vibe and is known for its electronic, Hip-Hop, and dance elements.",E2_metadata_unsupported,音樂元資料不支持,genre_partially_supported,"部分曲風查無支持：['dance', 'hip-hop']（musicnn 標籤有雜訊，查無支持不等於事實錯誤）",dance;electronic;hip-hop,partially_supported,dance;hip-hop,,not_applicable,1,,,,"In that case, I would recommend 'Summery Vibe - The Remix' by The Remix. This track is a collaboration between various artists and producers, including DJ Premier, DJ Premier, and DJ Premier. It has a summery vibe and is known for its electronic, Hip-Hop, and dance elements. It's a great choice for your video."
wo_audio_all,2673,3,It might have some metal elements as well.,It might have some metal elements as well.,E2_metadata_unsupported,音樂元資料不支持,genre_not_found,曲風 ['metal'] 未見於任何證據來源（標籤有雜訊，故列為不支持而非幻覺）,metal,not_found,metal,,not_applicable,1,,,,"In that case, I recommend 'The Devil's in the Details'. Although I don't have much information about this track, it falls under the rock, indie, and alternative genres. It might have some metal elements as well."
wo_audio_all,1919,3,"alternative vibe, with elements of Hip-Hop, electronic, dance","This track has a rock and alternative vibe, with elements of Hip-Hop, electronic, dance, and pop.",E2_metadata_unsupported,音樂元資料不支持,genre_partially_supported,部分曲風查無支持：['dance']（musicnn 標籤有雜訊，查無支持不等於事實錯誤）,alternative;dance;electronic;hip-hop;pop;rock,partially_supported,dance,,not_applicable,1,,,,"In that case, I would recommend 'Rock & Alternative' by The 00s. This track has a rock and alternative vibe, with elements of Hip-Hop, electronic, dance, and pop. It's a great choice for a party with a mix of rock and alternative influences."
wo_audio_all,3565,3,"electronic vibe, with a touch of indie","This track has a hip-hop and electronic vibe, with a touch of indie and pop.",E2_metadata_unsupported,音樂元資料不支持,genre_partially_supported,"部分曲風查無支持：['electronic', 'indie', 'pop']（musicnn 標籤有雜訊，查無支持不等於事實錯誤）",electronic;hip-hop;indie;pop,partially_supported,electronic;indie;pop,,not_applicable,1,,,,"In that case, I would recommend 'Hip Hop' by The Hip Hop. This track has a hip-hop and electronic vibe, with a touch of indie and pop. It's a perfect fit for your video, combining elements of hip-hop, electronic, indie, and pop genres."
wo_audio_all,1509,4,indie rock song that will resonate with your audience.,It's a pop and indie rock song that will resonate with your audience.,E2_metadata_unsupported,音樂元資料不支持,genre_partially_supported,"部分曲風查無支持：['indie', 'rock']（musicnn 標籤有雜訊，查無支持不等於事實錯誤）",indie;pop;rock,partially_supported,indie;rock,,not_applicable,1,,,,"In that case, I would recommend 'Love Me Like I Love You' by Carly Rae Jeps. This track has a mainstream and contemporary sound with a female vocalist. It's a pop and indie rock song that will resonate with your audience. It's a great choice for your video."
wo_audio_all,3256,6,R&B elements are important components of hip-hop music,"Hip-hop and R&B elements are important components of hip-hop music, and they can add a unique and distinctive touch to your video.",E5_multi_source_ambiguous,多來源無法區分,music_property_plus_video_effect,同一子句混合曲風敘述與影片效用宣稱，無法單一歸屬,hip-hop;r&b,supported,,,not_applicable,0,,,,"I apologize for my lack of hip-hop and R&B elements in my video. I'm sorry I don't have any specific recommendations for you. However, I can suggest exploring the hip-hop and R&B elements in the music you're considering. Hip-hop and R&B elements are important components of hip-hop music, and they can add a unique and distinctive touch to your video."
wo_audio_all,869,2,This track has an electronic,"This track has an electronic and dance vibe, perfect for your video.",E5_multi_source_ambiguous,多來源無法區分,music_property_plus_video_effect,同一子句混合曲風敘述與影片效用宣稱，無法單一歸屬,dance;electronic,supported,,,not_applicable,0,,,,"In that case, I would recommend 'Electronic & Dance' by The Rapture. This track has an electronic and dance vibe, perfect for your video. It's a collaboration between The Rapture and The Rapture, and it's part of their album 'Electronic & Dance'. The song combines elements of Hip-Hop, electronic, and dance genres, with a focus on techno and fast-paced beats. It's a great choice for your video."
wo_audio_all,3256,7,they can add a unique,"Hip-hop and R&B elements are important components of hip-hop music, and they can add a unique and distinctive touch to your video.",E5_multi_source_ambiguous,多來源無法區分,music_property_plus_video_effect,同一子句混合曲風敘述與影片效用宣稱，無法單一歸屬,hip-hop;r&b,supported,,,not_applicable,0,,,,"I apologize for my lack of hip-hop and R&B elements in my video. I'm sorry I don't have any specific recommendations for you. However, I can suggest exploring the hip-hop and R&B elements in the music you're considering. Hip-hop and R&B elements are important components of hip-hop music, and they can add a unique and distinctive touch to your video."
wo_audio_all,869,3,"dance vibe, perfect for your video.","This track has an electronic and dance vibe, perfect for your video.",E5_multi_source_ambiguous,多來源無法區分,music_property_plus_video_effect,同一子句混合曲風敘述與影片效用宣稱，無法單一歸屬,dance;electronic,supported,,,not_applicable,0,,,,"In that case, I would recommend 'Electronic & Dance' by The Rapture. This track has an electronic and dance vibe, perfect for your video. It's a collaboration between The Rapture and The Rapture, and it's part of their album 'Electronic & Dance'. The song combines elements of Hip-Hop, electronic, and dance genres, with a focus on techno and fast-paced beats. It's a great choice for your video."
wo_audio_all,3256,8,distinctive touch to your video.,"Hip-hop and R&B elements are important components of hip-hop music, and they can add a unique and distinctive touch to your video.",E5_multi_source_ambiguous,多來源無法區分,music_property_plus_video_effect,同一子句混合曲風敘述與影片效用宣稱，無法單一歸屬,hip-hop;r&b,supported,,,not_applicable,0,,,,"I apologize for my lack of hip-hop and R&B elements in my video. I'm sorry I don't have any specific recommendations for you. However, I can suggest exploring the hip-hop and R&B elements in the music you're considering. Hip-hop and R&B elements are important components of hip-hop music, and they can add a unique and distinctive touch to your video."
wo_audio_all,2648,2,Rahshon - All Night Long'.,Rahshon - All Night Long'.,E6_likely_hallucination,可能幻覺,unclassified_specific_claim,具體主張但未命中任何證據來源,,not_applicable,,,not_applicable,1,,,,"Certainly, I recommend 'Uno Feat. Rahshon - All Night Long'. It's a track from the album 'Uno Feat. Rahshon - All Night Long'. It combines elements of Hip-Hop, electronic, and experimental genres with a fast-paced techno sound. It has a male vocal and a synth-driven beat that could be a fitting choice for your video."
wo_audio_all,777,1,I suggest checking out 'Stefano Ercolino - 70s'.,I suggest checking out 'Stefano Ercolino - 70s'.,E6_likely_hallucination,可能幻覺,named_entity_absent_from_all_evidence,引號名稱 ['Stefano Ercolino - 70s'] 未見於管線內證據與外部 metadata；屬具體可查證卻查無支持者，列為可能幻覺並送人工複核,,not_applicable,,Stefano Ercolino - 70s,not_found,1,,,,"I suggest checking out 'Stefano Ercolino - 70s'. It's a track from Stefano Ercolino's album 'Stefano Ercolino - 70s'. It combines elements of classic rock and electronic music from the 70s, which could be a fitting choice for your video."
wo_audio_all,3916,2,This track has a chillout,"This track has a chillout and relaxed vibe, similar to 'Vibe Tribe'.",E6_likely_hallucination,可能幻覺,named_entity_absent_from_all_evidence,引號名稱 ['Vibe Tribe'] 未見於管線內證據與外部 metadata；屬具體可查證卻查無支持者，列為可能幻覺並送人工複核,chillout,supported,,Vibe Tribe,not_found,1,,,,"In that case, I would recommend 'Vibe Tribe' by Just Juice. This track has a chillout and relaxed vibe, similar to 'Vibe Tribe'. It's a perfect fit for your video, offering a laid-back and chillout atmosphere."
wo_audio_all,3015,2,How about 'freestyle Kickass Riddim'?,How about 'freestyle Kickass Riddim'?,E6_likely_hallucination,可能幻覺,named_entity_absent_from_all_evidence,引號名稱 ['freestyle Kickass Riddim'] 未見於管線內證據與外部 metadata；屬具體可查證卻查無支持者，列為可能幻覺並送人工複核,,not_applicable,,freestyle Kickass Riddim,not_found,1,,,,"I understand your preference. How about 'freestyle Kickass Riddim'? Although I don't have specific information about this track, I can recommend 'Freestyle Kickass Riddim' by BIGA RANX. It's a hip-hop and electronic track with elements of rock, pop, and indie influences. It has a fast-paced and techno sound, which aligns well with the style you're looking for."
wo_audio_all,685,6,catchy song that will appeal to a wide range of listeners.,It's a versatile and catchy song that will appeal to a wide range of listeners.,E6_likely_hallucination,可能幻覺,unclassified_specific_claim,具體主張但未命中任何證據來源,,not_applicable,,,not_applicable,1,,,,"In that case, I would recommend 'The Pop Side' by The Pop Side. This track has a pop influence and is a great fit for your video. It combines elements of pop, dance, and electronic genres, with a touch of 80s influence. It's a versatile and catchy song that will appeal to a wide range of listeners."
wo_audio_all,3514,1,I suggest checking out 'The Wedding Song'.,I suggest checking out 'The Wedding Song'.,E6_likely_hallucination,可能幻覺,named_entity_absent_from_all_evidence,引號名稱 ['The Wedding Song'] 未見於管線內證據與外部 metadata；屬具體可查證卻查無支持者，列為可能幻覺並送人工複核,,not_applicable,,The Wedding Song,not_found,1,,,,"I suggest checking out 'The Wedding Song'. It's a track from the album 'The Wedding Song'. It combines elements of rock, pop, and folk with a touch of classic rock. It has a guitar-focused sound and features male vocals, which could be a fitting choice for your video."
wo_audio_all,3916,3,"relaxed vibe, similar to 'Vibe Tribe'.","This track has a chillout and relaxed vibe, similar to 'Vibe Tribe'.",E6_likely_hallucination,可能幻覺,named_entity_absent_from_all_evidence,引號名稱 ['Vibe Tribe'] 未見於管線內證據與外部 metadata；屬具體可查證卻查無支持者，列為可能幻覺並送人工複核,chillout,supported,,Vibe Tribe,not_found,1,,,,"In that case, I would recommend 'Vibe Tribe' by Just Juice. This track has a chillout and relaxed vibe, similar to 'Vibe Tribe'. It's a perfect fit for your video, offering a laid-back and chillout atmosphere."
wo_audio_all,3271,7,Both genres can provide a unique,Both genres can provide a unique and vibrant experience for your video.,E6_likely_hallucination,可能幻覺,unclassified_specific_claim,具體主張但未命中任何證據來源,,not_applicable,,,not_applicable,1,,,,"I apologize for my lack of information. I don't have any specific recommendations for hip-hop or soul music. However, I can suggest exploring the genre of hip-hop and soul in general. Hip-hop is a genre that focuses on the celebration of African-American culture and the soul genre is a form of music that emphasizes the emotional and spiritual aspects of music. Both genres can provide a unique and vibrant experience for your video."
wo_audio_all,1395,2,This track is a collaboration between The Hoods,This track is a collaboration between The Hoods and The Hoodsmen.,E6_likely_hallucination,可能幻覺,unclassified_specific_claim,具體主張但未命中任何證據來源,,not_applicable,,,not_applicable,1,,,,"In that case, I would recommend 'Hip Hop' by The Hoods. This track is a collaboration between The Hoods and The Hoodsmen. It's a blend of Hip Hop and electronic genres, with a focus on indie and alternative music. The song has a fast-paced beat and techno-influenced sound that aligns with the indie and alternative vibe you're looking for."
wo_audio_all,2378,5,It's a track that can be used in a music video.,It's a track that can be used in a music video.,E6_likely_hallucination,可能幻覺,unclassified_specific_claim,具體主張但未命中任何證據來源,,not_applicable,,,not_applicable,1,,,,"In that case, I recommend '[Girls' Generation] by 4Minute. It's a pop and dance track with a female vocalist. It has a pop and dance vibe with a female vocalist, which aligns with your preferences. It's a track that can be used in a music video."
wo_audio_all,2368,1,I suggest considering the elements of Lana Del Rey's style in the music.,I suggest considering the elements of Lana Del Rey's style in the music.,E6_likely_hallucination,可能幻覺,unclassified_specific_claim,具體主張但未命中任何證據來源,,not_applicable,,,not_applicable,1,,,,"I suggest considering the elements of Lana Del Rey's style in the music. Although I don't have specific information about the track name, album name, or artist name, I can recommend 'Lana Del Rey' by Lana Del Rey. It's a pop and rock influenced track with electronic and ambient elements that could be a fitting choice for your video."
wo_audio_all,2491,1,I don't have any specific information about the track you mentioned.,I don't have any specific information about the track you mentioned.,E6_likely_hallucination,可能幻覺,unclassified_specific_claim,具體主張但未命中任何證據來源,,not_applicable,,,not_applicable,1,,,,"I don't have any specific information about the track you mentioned. However, I can recommend 'I'm Yours' by J. Holiday. It's a soul, pop, and 80s rock track that combines elements of Hip-Hop, pop, and electronic genres. It has a fast-paced beat and features electronic elements as well. It could be a fitting choice for your video."
wo_audio_all,3271,8,vibrant experience for your video.,Both genres can provide a unique and vibrant experience for your video.,E6_likely_hallucination,可能幻覺,unclassified_specific_claim,具體主張但未命中任何證據來源,,not_applicable,,,not_applicable,1,,,,"I apologize for my lack of information. I don't have any specific recommendations for hip-hop or soul music. However, I can suggest exploring the genre of hip-hop and soul in general. Hip-hop is a genre that focuses on the celebration of African-American culture and the soul genre is a form of music that emphasizes the emotional and spiritual aspects of music. Both genres can provide a unique and vibrant experience for your video."
wo_audio_all,2325,2,It's a track from the Dj Taj project.,It's a track from the Dj Taj project.,E6_likely_hallucination,可能幻覺,unclassified_specific_claim,具體主張但未命中任何證據來源,,not_applicable,,,not_applicable,1,,,,"Certainly, I recommend 'Tuka - 'Tuka' by Tuka. It's a track from the Dj Taj project. Although I don't have much information about this specific track, it aligns with Tuka's style of fast-paced and male vocals. It could be a fitting choice for your video."
wo_audio_all,1210,1,I suggest checking out 'Cro's style.,I suggest checking out 'Cro's style.,E6_likely_hallucination,可能幻覺,named_entity_absent_from_all_evidence,引號名稱 ['Cro'] 未見於管線內證據與外部 metadata；屬具體可查證卻查無支持者，列為可能幻覺並送人工複核,,not_applicable,,Cro,not_found,1,,,,"I suggest checking out 'Cro's style. Although I don't have specific information about the track, album, or artist, I can recommend 'Cro's style based on your preferences. 'Cro's style is known for its electronic, rock, indie, and hip-hop elements. It's a fast-paced and energetic track that could be a fitting choice for your video."
wo_audio_feature_only,3645,5,"It has a mix of pop, dance","It has a mix of pop, dance, and electronic genres with a touch of Indian beats.",E0_clause_split_artifact,斷句碎片（標註流程假影）,parent_audio-supported,"母句可歸屬，unsupported 係 split_claims 於 and/, 處切斷所致",dance;electronic;pop,supported,,,not_applicable,0,,,,"Allow me to recommend 'Nav Sidhu - Aap Jatt Jee'. It's a track from Nav Sidhu's album 'Nav Sidhu - Aap Jatt Jee'. It combines elements of hip-hop and R&B with electronic genres that could be a fitting choice for your video. It has a mix of pop, dance, and electronic genres with a touch of Indian beats."
wo_audio_feature_only,3514,5,folk with a touch of classic rock,"It's a track that combines elements of rock, pop, and folk with a touch of classic rock and folk.",E0_clause_split_artifact,斷句碎片（標註流程假影）,parent_audio-supported,"母句可歸屬，unsupported 係 split_claims 於 and/, 處切斷所致",folk;pop;rock,supported,,,not_applicable,0,,,,"I apologize for my lack of knowledge. I'm sorry to say that I don't have enough information to recommend a specific track. However, I can recommend 'The Wedding Song' by The Wedding Song. It's a track that combines elements of rock, pop, and folk with a touch of classic rock and folk. It has a fast-paced and energetic sound with a mix of techno and electronic beats. It's a fitting choice for your video."
wo_audio_feature_only,3711,5,It has a slow,It has a slow and acoustic sound that could be a fitting choice for your video.,E0_clause_split_artifact,斷句碎片（標註流程假影）,parent_audio-supported,"母句可歸屬，unsupported 係 split_claims 於 and/, 處切斷所致",,not_applicable,,,not_applicable,0,,,,"Allow me to recommend 'Christina Ross' by Christina Ross. It's a track from her album 'Christina Ross'. It combines elements of pop, dance, and folk with a touch of jazz. It has a slow and acoustic sound that could be a fitting choice for your video."
wo_audio_feature_only,2897,3,"Although I don't have much information about this track, it is classified as electronic, dance","Although I don't have much information about this track, it is classified as electronic, dance, and indie, which aligns with your preferences.",E0_clause_split_artifact,斷句碎片（標註流程假影）,parent_preference-supported,"母句可歸屬，unsupported 係 split_claims 於 and/, 處切斷所致",dance;electronic;indie,supported,,,not_applicable,0,,,,"Allow me to recommend 'Uniqplan - Indie & Pop'. It's a track by Uniqplan. Although I don't have much information about this track, it is classified as electronic, dance, and indie, which aligns with your preferences. It may contain elements of pop music as well."
wo_audio_feature_only,2216,2,"It's a track with a mix of rock, indie","It's a track with a mix of rock, indie and pop genres.",E0_clause_split_artifact,斷句碎片（標註流程假影）,parent_audio-supported,"母句可歸屬，unsupported 係 split_claims 於 and/, 處切斷所致",indie;pop;rock,supported,,,not_applicable,0,,,,"In that case, I recommend 'Mi Vida' by El Canto. It's a track with a mix of rock, indie and pop genres. Although I don't have much information about this track, it may contain the specific elements you want."
wo_audio_feature_only,1395,3,It has a more indie,"It has a more indie and alternative vibe, which could be a fitting choice for your video.",E0_clause_split_artifact,斷句碎片（標註流程假影）,parent_general-supported,"母句可歸屬，unsupported 係 split_claims 於 and/, 處切斷所致",alternative;indie,supported,,,not_applicable,0,,,,"In that case, I would recommend 'Szene' by the band Szene. It's a track that combines elements of Hip-Hop, rock, and indie. It has a more indie and alternative vibe, which could be a fitting choice for your video."
wo_audio_feature_only,2014,3,They are known for their punk,"They are known for their punk and hard rock style, which aligns with your preferences.",E0_clause_split_artifact,斷句碎片（標註流程假影）,parent_preference-supported,"母句可歸屬，unsupported 係 split_claims 於 and/, 處切斷所致",punk;rock,supported,,,not_applicable,0,,,,"I don't have any specific recommendations for you. However, I can suggest exploring the music of the band 'The Dirty Youth'. They are known for their punk and hard rock style, which aligns with your preferences. Their music is classified as rock, indie, and alternative, which may contain the specific elements you want."
wo_audio_feature_only,553,4,It has a mix of electronic,"It has a mix of electronic and pop influences, which could be a fitting choice for your video.",E0_clause_split_artifact,斷句碎片（標註流程假影）,parent_audio-supported,"母句可歸屬，unsupported 係 split_claims 於 and/, 處切斷所致",electronic;pop,supported,,,not_applicable,0,,,,"In that case, I would recommend 'The Zone' by LZ. It's a track that combines elements of hip-hop, electronic, and pop with a mix of rock and dance. It has a mix of electronic and pop influences, which could be a fitting choice for your video."
wo_audio_feature_only,685,3,"It has a mix of rock, pop","It has a mix of rock, pop, and indie influences, which aligns well with the pop side of the track.",E0_clause_split_artifact,斷句碎片（標註流程假影）,parent_audio-supported,"母句可歸屬，unsupported 係 split_claims 於 and/, 處切斷所致",indie;pop;rock,supported,,,not_applicable,0,,,,"In that case, I would recommend 'God Made Love Songs' by Joel Crouse. This track is a pop song that celebrates the love between God and his creation. It has a mix of rock, pop, and indie influences, which aligns well with the pop side of the track. It's a fitting choice for your video."
wo_audio_feature_only,3256,7,R&B with the electronic music of the 90s.,It's a track that combines elements of hip-hop and R&B with the electronic music of the 90s.,E0_clause_split_artifact,斷句碎片（標註流程假影）,parent_audio-supported,"母句可歸屬，unsupported 係 split_claims 於 and/, 處切斷所致",electronic;hip-hop;r&b,supported,,,not_applicable,0,,,,I suggest you consider 'Hip-Hop' by Rick Ross. It's a track that combines elements of hip-hop and R&B with the electronic music of the 90s. It has a fast-paced and loud-paced techno-soundtrack with a mix of electronic and dance elements. It also incorporates elements of hip-hop and R&B with the electronic music of the 90s.
wo_audio_feature_only,2449,3,It's a track that combines elements of 80s,It's a track that combines elements of 80s and alternative rock with a focus on drums and vocal.,E0_clause_split_artifact,斷句碎片（標註流程假影）,parent_audio-supported,"母句可歸屬，unsupported 係 split_claims 於 and/, 處切斷所致",alternative;rock,supported,,,not_applicable,0,,,,"In that case, I recommend '徐徐徐徐徐徐 I'm sorry, but I can't find a specific recommendation for you. However, I can suggest exploring the music of '徐徐徐徐' by 徐徐徐. It's a track that combines elements of 80s and alternative rock with a focus on drums and vocal. It may contain the specific elements you are looking for."
wo_audio_feature_only,2322,6,"It has a mix of rock, pop","It has a mix of rock, pop, and metal genres that could be a fitting choice for your video.",E0_clause_split_artifact,斷句碎片（標註流程假影）,parent_audio-supported,"母句可歸屬，unsupported 係 split_claims 於 and/, 處切斷所致",metal;pop;rock,partially_supported,metal,,not_applicable,0,,,,"In that case, I would recommend 'Honey Bee by Blake Shelton'. This track has a rock and alternative vibe similar to Luke Thompson's style. It combines elements of rock, pop, and metal with a touch of 90s, which is a common element in the music of the 90s. It has a mix of rock, pop, and metal genres that could be a fitting choice for your video."
wo_audio_feature_only,54,7,folk with a touch of melancholy.,"It's a track that combines elements of rock, indie, and folk with a touch of melancholy.",E0_clause_split_artifact,斷句碎片（標註流程假影）,parent_audio-supported,"母句可歸屬，unsupported 係 split_claims 於 and/, 處切斷所致",folk;indie;rock,supported,,,not_applicable,0,,,,"In that case, I would recommend 'The Best of Us' by The Cure for PTSD. It's a track that combines elements of rock, indie, and folk with a touch of melancholy. It has a pop and dance vibe with a touch of melancholy. It's a track that combines elements of rock, indie, and folk with a touch of melancholy. It has a pop and dance vibe with a touch of melancholy."
wo_audio_feature_only,1434,5,dance in the music.,It's a track that combines elements of funk and dance in the music.,E0_clause_split_artifact,斷句碎片（標註流程假影）,parent_audio-supported,"母句可歸屬，unsupported 係 split_claims 於 and/, 處切斷所致",dance,supported,,,not_applicable,0,,,,"Certainly, I recommend 'Funny How You Doin't' by LMFA. It's a track that combines elements of funk and dance in the music. Although I don't have specific information about this track, it aligns with your preferences for a track that combines elements of funk and dance in the music."
wo_audio_feature_only,2325,3,It has a mix of hip-hop,It has a mix of hip-hop and electronic beats with a fast-paced and male vocals that could be a fitting choice for your video.,E0_clause_split_artifact,斷句碎片（標註流程假影）,parent_video-supported,"母句可歸屬，unsupported 係 split_claims 於 and/, 處切斷所致",electronic;hip-hop,supported,,,not_applicable,0,,,,I recommend 'Tuka' by Tuka. It's a track from Tuka's album 'Tuka' that combines elements from both tracks. It has a mix of hip-hop and electronic beats with a fast-paced and male vocals that could be a fitting choice for your video.
wo_audio_feature_only,3454,3,alternative vibe with an indie,This track has a rock and alternative vibe with an indie and a strong indie and alternative vibe.,E0b_rule_miss_verified,規則漏判但有證據支持,genre_claim_verified_by_tags,曲風敘述可由 musicnn 標籤／參考文本支持；v2 因 GENRE_TERMS 需搭配 anchor 詞才計為 audio 而漏判,alternative;indie;rock,supported,,,not_applicable,0,,,,"In that case, I would recommend 'Rock With An Indie' by The Vamps. This track has a rock and alternative vibe with an indie and a strong indie and alternative vibe. It's a great choice for a wedding reception, as it combines elements of rock with an indie and alternative vibe. It's a perfect fit for a wedding reception, as it captures the essence of a rock and alternative vibe, while also incorporating the strong indie and alternative vibe."
wo_audio_feature_only,2711,2,It's a track with a more soulful,It's a track with a more soulful and indie vibe.,E0b_rule_miss_verified,規則漏判但有證據支持,genre_claim_verified_by_tags,曲風敘述可由 musicnn 標籤／參考文本支持；v2 因 GENRE_TERMS 需搭配 anchor 詞才計為 audio 而漏判,indie,supported,,,not_applicable,0,,,,"In that case, I would recommend 'Soulful' by Vanda. It's a track with a more soulful and indie vibe. Although I don't have specific information about this track, it falls under the genres of electronic, dance, pop, and indie. It has a techno-influenced sound that could be a fitting choice for your video."
wo_audio_feature_only,3256,6,It also incorporates elements of hip-hop,It also incorporates elements of hip-hop and R&B with the electronic music of the 90s.,E0b_rule_miss_verified,規則漏判但有證據支持,genre_claim_verified_by_tags,曲風敘述可由 musicnn 標籤／參考文本支持；v2 因 GENRE_TERMS 需搭配 anchor 詞才計為 audio 而漏判,electronic;hip-hop;r&b,supported,,,not_applicable,0,,,,I suggest you consider 'Hip-Hop' by Rick Ross. It's a track that combines elements of hip-hop and R&B with the electronic music of the 90s. It has a fast-paced and loud-paced techno-soundtrack with a mix of electronic and dance elements. It also incorporates elements of hip-hop and R&B with the electronic music of the 90s.
wo_audio_feature_only,806,3,electro vibe with a mix of electronic,This track has a pop and electro vibe with a mix of electronic and dance elements.,E0b_rule_miss_verified,規則漏判但有證據支持,genre_claim_verified_by_tags,曲風敘述可由 musicnn 標籤／參考文本支持；v2 因 GENRE_TERMS 需搭配 anchor 詞才計為 audio 而漏判,dance;electronic;pop,supported,,,not_applicable,0,,,,"In that case, I would recommend 'Einstein' by The Einstein. This track has a pop and electro vibe with a mix of electronic and dance elements. It's a great choice for a party with a pop and electro vibe. It's a catchy and danceable track that will get everyone moving and grooving."
wo_audio_feature_only,1601,2,It's an electronic track with a mix of dance,It's an electronic track with a mix of dance and electronic elements.,E0b_rule_miss_verified,規則漏判但有證據支持,genre_claim_verified_by_tags,曲風敘述可由 musicnn 標籤／參考文本支持；v2 因 GENRE_TERMS 需搭配 anchor 詞才計為 audio 而漏判,dance;electronic,supported,,,not_applicable,0,,,,"I suggest you consider 'Dancehall' by Ducking. It's an electronic track with a mix of dance and electronic elements. Although I don't have specific information about the track name, album name, or artist, it could be a fitting choice for your video."
wo_audio_feature_only,2897,5,It may contain elements of pop music as well.,It may contain elements of pop music as well.,E0b_rule_miss_verified,規則漏判但有證據支持,genre_claim_verified_by_tags,曲風敘述可由 musicnn 標籤／參考文本支持；v2 因 GENRE_TERMS 需搭配 anchor 詞才計為 audio 而漏判,pop,supported,,,not_applicable,0,,,,"Allow me to recommend 'Uniqplan - Indie & Pop'. It's a track by Uniqplan. Although I don't have much information about this track, it is classified as electronic, dance, and indie, which aligns with your preferences. It may contain elements of pop music as well."
wo_audio_feature_only,1455,3,"R&B vibe, along with ambient elements.","This track has a hip-hop and R&B vibe, along with ambient elements.",E0b_rule_miss_verified,規則漏判但有證據支持,genre_claim_verified_by_tags,曲風敘述可由 musicnn 標籤／參考文本支持；v2 因 GENRE_TERMS 需搭配 anchor 詞才計為 audio 而漏判,ambient;hip-hop;r&b,supported,,,not_applicable,0,,,,"In that case, I would recommend 'Стары' by Стары. This track has a hip-hop and R&B vibe, along with ambient elements. It falls under the genres of hip-hop, R&B, and ambient. It has a mix of electronic and rock elements, which could be a fitting choice for your video."
wo_audio_feature_only,1455,2,This track has a hip-hop,"This track has a hip-hop and R&B vibe, along with ambient elements.",E0b_rule_miss_verified,規則漏判但有證據支持,genre_claim_verified_by_tags,曲風敘述可由 musicnn 標籤／參考文本支持；v2 因 GENRE_TERMS 需搭配 anchor 詞才計為 audio 而漏判,ambient;hip-hop;r&b,supported,,,not_applicable,0,,,,"In that case, I would recommend 'Стары' by Стары. This track has a hip-hop and R&B vibe, along with ambient elements. It falls under the genres of hip-hop, R&B, and ambient. It has a mix of electronic and rock elements, which could be a fitting choice for your video."
wo_audio_feature_only,3454,2,This track has a rock,This track has a rock and alternative vibe with an indie and a strong indie and alternative vibe.,E0b_rule_miss_verified,規則漏判但有證據支持,genre_claim_verified_by_tags,曲風敘述可由 musicnn 標籤／參考文本支持；v2 因 GENRE_TERMS 需搭配 anchor 詞才計為 audio 而漏判,alternative;indie;rock,supported,,,not_applicable,0,,,,"In that case, I would recommend 'Rock With An Indie' by The Vamps. This track has a rock and alternative vibe with an indie and a strong indie and alternative vibe. It's a great choice for a wedding reception, as it combines elements of rock with an indie and alternative vibe. It's a perfect fit for a wedding reception, as it captures the essence of a rock and alternative vibe, while also incorporating the strong indie and alternative vibe."
wo_audio_feature_only,806,2,This track has a pop,This track has a pop and electro vibe with a mix of electronic and dance elements.,E0b_rule_miss_verified,規則漏判但有證據支持,genre_claim_verified_by_tags,曲風敘述可由 musicnn 標籤／參考文本支持；v2 因 GENRE_TERMS 需搭配 anchor 詞才計為 audio 而漏判,dance;electronic;pop,supported,,,not_applicable,0,,,,"In that case, I would recommend 'Einstein' by The Einstein. This track has a pop and electro vibe with a mix of electronic and dance elements. It's a great choice for a party with a pop and electro vibe. It's a catchy and danceable track that will get everyone moving and grooving."
wo_audio_feature_only,4180,3,"Although I don't have specific information about this track, it aligns with the rock","Although I don't have specific information about this track, it aligns with the rock and pop elements you mentioned.",E0b_rule_miss_verified,規則漏判但有證據支持,genre_claim_verified_by_tags,曲風敘述可由 musicnn 標籤／參考文本支持；v2 因 GENRE_TERMS 需搭配 anchor 詞才計為 audio 而漏判,pop;rock,supported,,,not_applicable,0,,,,"In that case, I recommend 'Cuando te Amor' by Ministério Soma. It's a track with elements of rock, pop, and indie. Although I don't have specific information about this track, it aligns with the rock and pop elements you mentioned. It may contain elements of alternative as well."
wo_audio_feature_only,3121,2,It's a track with a hip-hop or electronic element.,It's a track with a hip-hop or electronic element.,E0b_rule_miss_verified,規則漏判但有證據支持,genre_claim_verified_by_tags,曲風敘述可由 musicnn 標籤／參考文本支持；v2 因 GENRE_TERMS 需搭配 anchor 詞才計為 audio 而漏判,electronic;hip-hop,supported,,,not_applicable,0,,,,"In that case, I recommend 'Hip Hop' by MHD. It's a track with a hip-hop or electronic element. Although I don't have much information about this track, it might be a fitting choice for you."
wo_audio_feature_only,4180,4,pop elements you mentioned.,"Although I don't have specific information about this track, it aligns with the rock and pop elements you mentioned.",E0b_rule_miss_verified,規則漏判但有證據支持,genre_claim_verified_by_tags,曲風敘述可由 musicnn 標籤／參考文本支持；v2 因 GENRE_TERMS 需搭配 anchor 詞才計為 audio 而漏判,pop;rock,supported,,,not_applicable,0,,,,"In that case, I recommend 'Cuando te Amor' by Ministério Soma. It's a track with elements of rock, pop, and indie. Although I don't have specific information about this track, it aligns with the rock and pop elements you mentioned. It may contain elements of alternative as well."
wo_audio_feature_only,4180,2,"It's a track with elements of rock, pop","It's a track with elements of rock, pop, and indie.",E0b_rule_miss_verified,規則漏判但有證據支持,genre_claim_verified_by_tags,曲風敘述可由 musicnn 標籤／參考文本支持；v2 因 GENRE_TERMS 需搭配 anchor 詞才計為 audio 而漏判,indie;pop;rock,supported,,,not_applicable,0,,,,"In that case, I recommend 'Cuando te Amor' by Ministério Soma. It's a track with elements of rock, pop, and indie. Although I don't have specific information about this track, it aligns with the rock and pop elements you mentioned. It may contain elements of alternative as well."
wo_audio_feature_only,4180,5,It may contain elements of alternative as well.,It may contain elements of alternative as well.,E0b_rule_miss_verified,規則漏判但有證據支持,genre_claim_verified_by_tags,曲風敘述可由 musicnn 標籤／參考文本支持；v2 因 GENRE_TERMS 需搭配 anchor 詞才計為 audio 而漏判,alternative,supported,,,not_applicable,0,,,,"In that case, I recommend 'Cuando te Amor' by Ministério Soma. It's a track with elements of rock, pop, and indie. Although I don't have specific information about this track, it aligns with the rock and pop elements you mentioned. It may contain elements of alternative as well."
wo_audio_feature_only,54,4,It has a pop,It has a pop and dance vibe with a touch of melancholy.,E2_metadata_unsupported,音樂元資料不支持,genre_partially_supported,部分曲風查無支持：['dance']（musicnn 標籤有雜訊，查無支持不等於事實錯誤）,dance;pop,partially_supported,dance,,not_applicable,1,,,,"In that case, I would recommend 'The Best of Us' by The Cure for PTSD. It's a track that combines elements of rock, indie, and folk with a touch of melancholy. It has a pop and dance vibe with a touch of melancholy. It's a track that combines elements of rock, indie, and folk with a touch of melancholy. It has a pop and dance vibe with a touch of melancholy."
wo_audio_feature_only,54,8,It has a pop,It has a pop and dance vibe with a touch of melancholy.,E2_metadata_unsupported,音樂元資料不支持,genre_partially_supported,部分曲風查無支持：['dance']（musicnn 標籤有雜訊，查無支持不等於事實錯誤）,dance;pop,partially_supported,dance,,not_applicable,1,,,,"In that case, I would recommend 'The Best of Us' by The Cure for PTSD. It's a track that combines elements of rock, indie, and folk with a touch of melancholy. It has a pop and dance vibe with a touch of melancholy. It's a track that combines elements of rock, indie, and folk with a touch of melancholy. It has a pop and dance vibe with a touch of melancholy."
wo_audio_feature_only,54,9,dance vibe with a touch of melancholy.,It has a pop and dance vibe with a touch of melancholy.,E2_metadata_unsupported,音樂元資料不支持,genre_partially_supported,部分曲風查無支持：['dance']（musicnn 標籤有雜訊，查無支持不等於事實錯誤）,dance;pop,partially_supported,dance,,not_applicable,1,,,,"In that case, I would recommend 'The Best of Us' by The Cure for PTSD. It's a track that combines elements of rock, indie, and folk with a touch of melancholy. It has a pop and dance vibe with a touch of melancholy. It's a track that combines elements of rock, indie, and folk with a touch of melancholy. It has a pop and dance vibe with a touch of melancholy."
wo_audio_feature_only,1685,6,It also has a mix of pop,It also has a mix of pop and house music.,E2_metadata_unsupported,音樂元資料不支持,genre_partially_supported,部分曲風查無支持：['house']（musicnn 標籤有雜訊，查無支持不等於事實錯誤）,house;pop,partially_supported,house,,not_applicable,1,,,,"Certainly, I recommend 'Taio Cruz featuring Britney Spears. It's a pop and house music track that combines elements of pop and house music with a mix of dance and electronic beats. It has a fast-paced techno and a mix of dance and electronic beats. It also has a mix of pop and house music."
wo_audio_feature_only,54,5,dance vibe with a touch of melancholy.,It has a pop and dance vibe with a touch of melancholy.,E2_metadata_unsupported,音樂元資料不支持,genre_partially_supported,部分曲風查無支持：['dance']（musicnn 標籤有雜訊，查無支持不等於事實錯誤）,dance;pop,partially_supported,dance,,not_applicable,1,,,,"In that case, I would recommend 'The Best of Us' by The Cure for PTSD. It's a track that combines elements of rock, indie, and folk with a touch of melancholy. It has a pop and dance vibe with a touch of melancholy. It's a track that combines elements of rock, indie, and folk with a touch of melancholy. It has a pop and dance vibe with a touch of melancholy."
wo_audio_feature_only,123,7,It's a collaboration between The Wedding Presents,"It's a collaboration between The Wedding Presents and The Wedding Presents, which is a blend of Hip-H",E3_video_unsupported,影片內容不支持,specific_video_content_asserted,主張具體影片情境（如婚禮／旅遊），但模型輸入僅有 CLIP 影像特徵，規則層無法驗證，送人工複核,,not_applicable,,,not_applicable,1,,,,"In that case, I would recommend 'The Wedding Song' by The Wedding Presents. This track is a collaboration between The Wedding Presents and The Wedding Presents. It's a blend of Hip-Hop and electronic music with a mix of genres like pop, rock, and dance. The Wedding Presents is a unique blend of Hip-Hop and electronic music with a mix of genres like pop, rock, and dance. It's a collaboration between The Wedding Presents and The Wedding Presents, which is a blend of Hip-H"
wo_audio_feature_only,4147,3,is perfect for a wedding or party.,This track has a powerful rock vibe and is perfect for a wedding or party.,E3_video_unsupported,影片內容不支持,specific_video_content_asserted,主張具體影片情境（如婚禮／旅遊），但模型輸入僅有 CLIP 影像特徵，規則層無法驗證，送人工複核,rock,supported,,,not_applicable,1,,,,"In that case, I would recommend 'Rock Vibe' by The Rock Vibe. This track has a powerful rock vibe and is perfect for a wedding or party. It has a strong energetic and powerful rock vibe that will add a great atmosphere to your event. It's a great choice for a wedding or party."
wo_audio_feature_only,123,2,This track is a collaboration between The Wedding Presents,This track is a collaboration between The Wedding Presents and The Wedding Presents.,E3_video_unsupported,影片內容不支持,specific_video_content_asserted,主張具體影片情境（如婚禮／旅遊），但模型輸入僅有 CLIP 影像特徵，規則層無法驗證，送人工複核,,not_applicable,,,not_applicable,1,,,,"In that case, I would recommend 'The Wedding Song' by The Wedding Presents. This track is a collaboration between The Wedding Presents and The Wedding Presents. It's a blend of Hip-Hop and electronic music with a mix of genres like pop, rock, and dance. The Wedding Presents is a unique blend of Hip-Hop and electronic music with a mix of genres like pop, rock, and dance. It's a collaboration between The Wedding Presents and The Wedding Presents, which is a blend of Hip-H"
wo_audio_feature_only,123,8,"The Wedding Presents, which is a blend of Hip-H","It's a collaboration between The Wedding Presents and The Wedding Presents, which is a blend of Hip-H",E3_video_unsupported,影片內容不支持,specific_video_content_asserted,主張具體影片情境（如婚禮／旅遊），但模型輸入僅有 CLIP 影像特徵，規則層無法驗證，送人工複核,,not_applicable,,,not_applicable,1,,,,"In that case, I would recommend 'The Wedding Song' by The Wedding Presents. This track is a collaboration between The Wedding Presents and The Wedding Presents. It's a blend of Hip-Hop and electronic music with a mix of genres like pop, rock, and dance. The Wedding Presents is a unique blend of Hip-Hop and electronic music with a mix of genres like pop, rock, and dance. It's a collaboration between The Wedding Presents and The Wedding Presents, which is a blend of Hip-H"
wo_audio_feature_only,4147,2,This track has a powerful rock vibe,This track has a powerful rock vibe and is perfect for a wedding or party.,E3_video_unsupported,影片內容不支持,specific_video_content_asserted,主張具體影片情境（如婚禮／旅遊），但模型輸入僅有 CLIP 影像特徵，規則層無法驗證，送人工複核,rock,supported,,,not_applicable,1,,,,"In that case, I would recommend 'Rock Vibe' by The Rock Vibe. This track has a powerful rock vibe and is perfect for a wedding or party. It has a strong energetic and powerful rock vibe that will add a great atmosphere to your event. It's a great choice for a wedding or party."
wo_audio_feature_only,910,2,This track is a pop,This track is a pop and electronic dance vibe with a happy birthday theme.,E3_video_unsupported,影片內容不支持,specific_video_content_asserted,主張具體影片情境（如婚禮／旅遊），但模型輸入僅有 CLIP 影像特徵，規則層無法驗證，送人工複核,dance;electronic;pop,supported,,,not_applicable,1,,,,"In that case, I would recommend 'Happy Birthday' by The Beatles. This track is a pop and electronic dance vibe with a happy birthday theme. It has a catchy and danceable electronic sound with a happy birthday vibe. It's a great choice for a birthday celebration, especially if you're looking for a track that will get everyone dancing and singing along."
wo_audio_feature_only,910,3,electronic dance vibe with a happy birthday theme.,This track is a pop and electronic dance vibe with a happy birthday theme.,E3_video_unsupported,影片內容不支持,specific_video_content_asserted,主張具體影片情境（如婚禮／旅遊），但模型輸入僅有 CLIP 影像特徵，規則層無法驗證，送人工複核,dance;electronic;pop,supported,,,not_applicable,1,,,,"In that case, I would recommend 'Happy Birthday' by The Beatles. This track is a pop and electronic dance vibe with a happy birthday theme. It has a catchy and danceable electronic sound with a happy birthday vibe. It's a great choice for a birthday celebration, especially if you're looking for a track that will get everyone dancing and singing along."
wo_audio_feature_only,3705,6,dance elements that could add a unique touch to your video.,It also has a mix of electronic and dance elements that could add a unique touch to your video.,E5_multi_source_ambiguous,多來源無法區分,music_property_plus_video_effect,同一子句混合曲風敘述與影片效用宣稱，無法單一歸屬,dance;electronic,supported,,,not_applicable,0,,,,"In that case, I recommend 'Indie & Dance' by J.R. It's a track that combines elements of indie and dance music. It has a synth and vocal effects that could be a fitting choice for your video. It also has a mix of electronic and dance elements that could add a unique touch to your video."
wo_audio_feature_only,3705,5,It also has a mix of electronic,It also has a mix of electronic and dance elements that could add a unique touch to your video.,E5_multi_source_ambiguous,多來源無法區分,music_property_plus_video_effect,同一子句混合曲風敘述與影片效用宣稱，無法單一歸屬,dance;electronic,supported,,,not_applicable,0,,,,"In that case, I recommend 'Indie & Dance' by J.R. It's a track that combines elements of indie and dance music. It has a synth and vocal effects that could be a fitting choice for your video. It also has a mix of electronic and dance elements that could add a unique touch to your video."
wo_audio_feature_only,2316,2,It's a track that doesn't have a specific description.,It's a track that doesn't have a specific description.,E6_likely_hallucination,可能幻覺,unclassified_specific_claim,具體主張但未命中任何證據來源,,not_applicable,,,not_applicable,1,,,,"Allow me to recommend 'I'm Not a Criminal' by Stuart Wilson. It's a track that doesn't have a specific description. However, it aligns with the pop, soul, and electronic elements of Stuart Wilson's style. It may contain elements that could be a fitting choice for your video."
wo_audio_feature_only,256,2,I'm sorry for the lack of information in the description.,I'm sorry for the lack of information in the description.,E6_likely_hallucination,可能幻覺,unclassified_specific_claim,具體主張但未命中任何證據來源,,not_applicable,,,not_applicable,1,,,,"I apologize for my previous recommendation. I'm sorry for the lack of information in the description. I'm looking for a track that combines hip-hop and electronic genres, with a chillout and rock vibe. I recommend 'Juaninacka' by Juaninacka. It's a track that combines elements of hip-hop and electronic genres, with a chillout and rock vibe. It has a chillout and rock vibe, which could be a fitting choice for your video."
wo_audio_feature_only,2172,2,It's a track that combines elements from both 'Posthumus',It's a track that combines elements from both 'Posthumus' and 'The Last Post'.,E6_likely_hallucination,可能幻覺,named_entity_absent_from_all_evidence,"引號名稱 ['Posthumus', 'The Last Post'] 未見於管線內證據與外部 metadata；屬具體可查證卻查無支持者，列為可能幻覺並送人工複核",,not_applicable,,Posthumus;The Last Post,not_found,1,,,,"Allow me to recommend 'Posthumus' by ES Posthumus. It's a track that combines elements from both 'Posthumus' and 'The Last Post'. It has a rock and electronic sound with indie and alternative influences, which could be a fitting choice for your video."
wo_audio_feature_only,1509,2,It's a track from the 2014 movie 'Love Me Like You'.,It's a track from the 2014 movie 'Love Me Like You'.,E6_likely_hallucination,可能幻覺,named_entity_absent_from_all_evidence,引號名稱 ['Love Me Like You'] 未見於管線內證據與外部 metadata；屬具體可查證卻查無支持者，列為可能幻覺並送人工複核,,not_applicable,,Love Me Like You,not_found,1,,,,"In that case, I would recommend 'Love Me Like You' by Meghan Trainor. It's a track from the 2014 movie 'Love Me Like You'. This track combines elements of pop, rock, and dance with a female vocalist. It has a mainstream and contemporary sound, which aligns with your preferences."
wo_audio_feature_only,627,4,It's a track that doesn't have any particular information about the music.,It's a track that doesn't have any particular information about the music.,E6_likely_hallucination,可能幻覺,unclassified_specific_claim,具體主張但未命中任何證據來源,,not_applicable,,,not_applicable,1,,,,"Certainly, I recommend 'I'm Not Sure' by MC. It's a track that doesn't have any specific information about the music. However, I can suggest 'I'm Not Sure' by MC. It's a track that doesn't have any particular information about the music."
wo_audio_feature_only,627,2,It's a track that doesn't have any specific information about the music.,It's a track that doesn't have any specific information about the music.,E6_likely_hallucination,可能幻覺,unclassified_specific_claim,具體主張但未命中任何證據來源,,not_applicable,,,not_applicable,1,,,,"Certainly, I recommend 'I'm Not Sure' by MC. It's a track that doesn't have any specific information about the music. However, I can suggest 'I'm Not Sure' by MC. It's a track that doesn't have any particular information about the music."
wo_audio_feature_only,2650,1,I suggest you consider 'The 1st Annual B.A.N.C.,I suggest you consider 'The 1st Annual B.A.N.C.,E6_likely_hallucination,可能幻覺,unclassified_specific_claim,具體主張但未命中任何證據來源,,not_applicable,,,not_applicable,1,,,,"I suggest you consider 'The 1st Annual B.A.N.C. (B.A.) - This track is a hip-hop track that combines elements of electronic and dance music. It has a mix of electronic and dance elements that could be a fitting choice for your video. Unfortunately, I don't have enough information about this track to provide a specific recommendation."
wo_audio_feature_only,1566,2,It's a track from Mutya Buena's music.,It's a track from Mutya Buena's music.,E6_likely_hallucination,可能幻覺,unclassified_specific_claim,具體主張但未命中任何證據來源,,not_applicable,,,not_applicable,1,,,,"Allow me to recommend 'Mutya Buena' by Mutya Buena. It's a track from Mutya Buena's music. Although I don't have much information about this track, it falls under the dance and pop elements from Mutya Buena's music. It may contain the specific elements you are looking for."
wo_audio_feature_only,3514,1,I apologize for my lack of knowledge.,I apologize for my lack of knowledge.,E6_likely_hallucination,可能幻覺,unclassified_specific_claim,具體主張但未命中任何證據來源,,not_applicable,,,not_applicable,1,,,,"I apologize for my lack of knowledge. I'm sorry to say that I don't have enough information to recommend a specific track. However, I can recommend 'The Wedding Song' by The Wedding Song. It's a track that combines elements of rock, pop, and folk with a touch of classic rock and folk. It has a fast-paced and energetic sound with a mix of techno and electronic beats. It's a fitting choice for your video."
wo_audio_feature_only,364,2,It's a track with more diverse influences.,It's a track with more diverse influences.,E6_likely_hallucination,可能幻覺,unclassified_specific_claim,具體主張但未命中任何證據來源,,not_applicable,,,not_applicable,1,,,,"In that case, I recommend 'Nie mnie' by Mezo. It's a track with more diverse influences. Although I don't have specific information about this track, it falls under the genres of hip-hop, indie, and rock, which align with your preferences."
wo_audio_feature_only,1896,2,It's a track that combines elements from both TVXQ!,It's a track that combines elements from both TVXQ!,E6_likely_hallucination,可能幻覺,unclassified_specific_claim,具體主張但未命中任何證據來源,,not_applicable,,,not_applicable,1,,,,Allow me to recommend 'TVXQ!' by TVXQ! It's a track that combines elements from both TVXQ! and the dance and pop genres. It has a mix of hip-hop and electronic components that could be a fitting choice for your recommendation.
wo_audio_feature_only,1036,2,I don't have any specific information about this track.,I don't have any specific information about this track.,E6_likely_hallucination,可能幻覺,unclassified_specific_claim,具體主張但未命中任何證據來源,,not_applicable,,,not_applicable,1,,,,"I apologize for my recommendation. I don't have any specific information about this track. However, I can recommend 'The Charlatans' by The Charlatans. It's a song that was featured in the music video for the song 'The Charlatans' by The Charlatans. The song is a parody of the song 'The Charlatans' by The Charlatans. It has a rock and indie style with a mix of electronic and techno elements. It's a fast-paced track with a mix of electronic and techno elements."
wo_ltp,1679,1,"is is that is is is that is, that is that is that is that, that is that, that, that.",", is is that is is is that is, that is that is that is that, that is that, that, that.",E7_degenerate_generation,生成崩潰（退化輸出）,degenerate_output,整段生成為退化輸出（type_token_ratio=0.02），此時的 unsupported 反映生成崩潰而非主張缺乏證據,,not_applicable,,,not_applicable,0,,,,", is is that is is is that is, that is that is that is that, that is that, that, that. that. that that that that that that that that that that that that that that that that that that that that that that that that that that that that that that that that that that that that that that that that that that that that that that that that that that that that that that that that that that that that that that that that that that that that that that that that that that that that that that that that that that that that that that that that that that that that that that that that that that that that"
wo_ltp,3515,1,that morning morning morning morning morning,"that morning morning morning morning morning, and that morning morning morning morning morning morning morning morning morning morning morning morning morning morning morning morning morning morning morning morning morning morning morning morning morning morning morning morning morning morning morning morning morning morning morning morning morning morning morning morning morning morning morning morning morning morning morning today morning morning morning morning morning today morning today morning morning morning today that morning today that morning that that that that that that that that that that that that that that that that that that that that that that that that that that that that that that that that that that that that that that that that that that that that that that that that that that",E7_degenerate_generation,生成崩潰（退化輸出）,degenerate_output,整段生成為退化輸出（type_token_ratio=0.04），此時的 unsupported 反映生成崩潰而非主張缺乏證據,,not_applicable,,,not_applicable,0,,,,"this morning morning. that morning morning morning morning morning, and that morning morning morning morning morning morning morning morning morning morning morning morning morning morning morning morning morning morning morning morning morning morning morning morning morning morning morning morning morning morning morning morning morning morning morning morning morning morning morning morning morning morning morning morning morning morning morning today morning morning morning morning morning today morning today morning morning morning today that morning today that morning that that that that that that that that that that that that that that that that that that that that that that that that that that that that that that that that that that that that that that that that that that that that that that that that that that"
wo_ltp,2449,2,and it is morning.,and it is morning.,E7_degenerate_generation,生成崩潰（退化輸出）,degenerate_output,整段生成為退化輸出（type_token_ratio=0.11），此時的 unsupported 反映生成崩潰而非主張缺乏證據,,not_applicable,,,not_applicable,0,,,,.. is is. for. is is. for. is. for. is. for. and. is. and. and it is. for. and it is. and. and it is. and. and it is. and. to. and it is. and. it is. and. to. and. to. to. to. to. and it is morning. and it is morning. and that' morning. and that' morning. and that' is. that' morning. that' that' that' that. that' that' that. that. that' that. that. that'
wo_ltp,781,2,that is is that is.,that is is that is.,E7_degenerate_generation,生成崩潰（退化輸出）,degenerate_output,整段生成為退化輸出（type_token_ratio=0.06），此時的 unsupported 反映生成崩潰而非主張缺乏證據,,not_applicable,,,not_applicable,0,,,,. and. is. and. is. and that. and that is. that. is. that is is that. that is is that is. that is that is that. that is that is that is that is that is that is that is that's that' that's that' that' that' that' that' that' that' that' that' that' that' that' that' that' that' that' that' that' that' that' that' that' that' that' that' that' that' that' that' that' that' that' that' that' that
wo_ltp,2609,2,and that is is.,and that is is.,E7_degenerate_generation,生成崩潰（退化輸出）,degenerate_output,整段生成為退化輸出（type_token_ratio=0.05），此時的 unsupported 反映生成崩潰而非主張缺乏證據,,not_applicable,,,not_applicable,0,,,,and. and. and that is is. and that is is. and that is. and that is. and that is. that is. that is that. that. that. that is that. that. that. that. that. that' that' that that' that' that' that' that' that' that' that' that' that' that' that' that' that' that' that' that' that' that' that' that' that' that' that' that' that' that' that' that' that' that' that' that' that' that' that' that'
wo_ltp,1269,1,"and., and, and, and, and, and, and, and, and, and, and, and, and, and, and, and, and, and, and, and, and, and, and, and, and, and, and, and, and, and, and, and, and, and, and, and, and, and, and, and, and, and, and, and, and, and, and, and, and, and, and, and, and, and, and, and, and, and, and, and, and, and, and",", and., and, and, and, and, and, and, and, and, and, and, and, and, and, and, and, and, and, and, and, and, and, and, and, and, and, and, and, and, and, and, and, and, and, and, and, and, and, and, and, and, and, and, and, and, and, and, and, and, and, and, and, and, and, and, and, and, and, and, and, and, and, and,",E7_degenerate_generation,生成崩潰（退化輸出）,degenerate_output,整段生成為退化輸出（type_token_ratio=0.02），此時的 unsupported 反映生成崩潰而非主張缺乏證據,,not_applicable,,,not_applicable,0,,,,", and., and, and, and, and, and, and, and, and, and, and, and, and, and, and, and, and, and, and, and, and, and, and, and, and, and, and, and, and, and, and, and, and, and, and, and, and, and, and, and, and, and, and, and, and, and, and, and, and, and, and, and, and, and, and, and, and, and, and, and, and, and, and,"
wo_ltp,1615,1,"is is is that is is is that is, that is, that.",", is is is that is is is that is, that is, that.",E7_degenerate_generation,生成崩潰（退化輸出）,degenerate_output,整段生成為退化輸出（type_token_ratio=0.02），此時的 unsupported 反映生成崩潰而非主張缺乏證據,,not_applicable,,,not_applicable,0,,,,", is is is that is is is that is, that is, that. that. that. that. that. that? that? that? that? that? that? that? that? that? that? that? that? that that? that? that that that that? that that that that that that that that that that that that? that that that that that that that that that that that that that that that that that that that that that that that that that that that that that that that that that that that that that that that that that that that that that that that that that that that that that that that that that"
wo_ltp,3106,1,<EMPTY_GENERATION>,<EMPTY_GENERATION>,E7_degenerate_generation,生成崩潰（退化輸出）,degenerate_output,整段生成為退化輸出（type_token_ratio=0.03），此時的 unsupported 反映生成崩潰而非主張缺乏證據,,not_applicable,,,not_applicable,0,,,,. is. is is. is. is. is. is. is. is. is. is. is. is.s.s.s.s.s.s.s.s.s.s.s.s.s.s.s.s.s.s.s.s.s.s.s.s.s.s.s.s.s.s.s.s.s.s.s.s.s.s.s.s.s.s.s.s.s.s.s.s.s.s.s.
wo_ltp,3094,2,that was was that was that was to was to to to to,that was was that was that was to was to to to to,E7_degenerate_generation,生成崩潰（退化輸出）,degenerate_output,整段生成為退化輸出（type_token_ratio=0.05），此時的 unsupported 反映生成崩潰而非主張缺乏證據,,not_applicable,,,not_applicable,0,,,,.. is. is is. is. is is is. is is. is is is. and was. is. and was. and was was. was was. was was was. and was was. was. and was. was. was. and was was. was. was. was. was. was. was. was was. was. was. was. was was. was was. was was was was to was was to was was to was to was to was was to was to was to was to was to was to was that was. that was was that was that was to was to to to to
wo_ltp,1226,1,<EMPTY_GENERATION>,<EMPTY_GENERATION>,E7_degenerate_generation,生成崩潰（退化輸出）,degenerate_output,整段生成為退化輸出（type_token_ratio=0.08），此時的 unsupported 反映生成崩潰而非主張缺乏證據,,not_applicable,,,not_applicable,0,,,,"., and. is. I's. and. and. and the world. and. and the world. and. and the world. and. and the world. and. world. and. world. and. world. world. world. world. world. world. world. world. world. world. world. world. world. world. world. world. world. world. world. world. world. world. world. world. world. world. world. world. world. world. world. world. world. world. world. world. world. world. world. world. world."
wo_ltp,3414,1,is is is is for.,is is is is for.,E7_degenerate_generation,生成崩潰（退化輸出）,degenerate_output,整段生成為退化輸出（type_token_ratio=0.07），此時的 unsupported 反映生成崩潰而非主張缺乏證據,,not_applicable,,,not_applicable,0,,,,. is is is is for. that is is is for. is is. is. that is. that was was! was! was! was! that! was! was! was! was?! was! was! was! was! that was! was! that! was! that was! that was! was! that' was! that'! that'! that'! that' that' that' that' that' that' that' that' that' that' that' that' that' that' that' that' that' that' that' that' that' that' that' that'
wo_ltp,3587,1,a lot for a lot.,a lot for a lot.,E7_degenerate_generation,生成崩潰（退化輸出）,degenerate_output,整段生成為退化輸出（type_token_ratio=0.04），此時的 unsupported 反映生成崩潰而非主張缺乏證據,,not_applicable,,,not_applicable,0,,,,. and. is a lot. for a lot. a lot. a lot for a lot. a lot. a lot. a lot. a lot. a lot. a lot a lot. a lot a lot. a a lot a lot a a lot a lot a a lot a a a lot a a a a a a a a a a a a a a a a a a a a a a a a a a a a a a a a a a a a a a a a a a a a a a a a a a a a a a a a a a a a a a a a a a
wo_ltp,1685,1,is is is is?n?n?n?n?n??n?n?n???????????????????????????????????????????????????????????????????????????????????????????????????????????,is is is is?n?n?n?n?n??n?n?n???????????????????????????????????????????????????????????????????????????????????????????????????????????,E7_degenerate_generation,生成崩潰（退化輸出）,degenerate_output,整段生成為退化輸出（type_token_ratio=0.17），此時的 unsupported 反映生成崩潰而非主張缺乏證據,,not_applicable,,,not_applicable,0,,,,is is is is?n?n?n?n?n??n?n?n???????????????????????????????????????????????????????????????????????????????????????????????????????????
wo_ltp,2216,1,<EMPTY_GENERATION>,<EMPTY_GENERATION>,E7_degenerate_generation,生成崩潰（退化輸出）,degenerate_output,整段生成為退化輸出（type_token_ratio=0.07），此時的 unsupported 反映生成崩潰而非主張缺乏證據,,not_applicable,,,not_applicable,0,,,,". and. and. and. and. and. and. and. and. and. and. and. and. and. and. and. and. and. and. and. and. and. and. and. and. and. and. and. and. and. and. and they't. and that't. and that't. and that't. and that't. and that't. that't. that't. that't. that't. that't. and that't.t.t.t,t,t,t,"
wo_ltp,457,1,<EMPTY_GENERATION>,<EMPTY_GENERATION>,E7_degenerate_generation,生成崩潰（退化輸出）,degenerate_output,整段生成為退化輸出（type_token_ratio=0.06），此時的 unsupported 反映生成崩潰而非主張缺乏證據,,not_applicable,,,not_applicable,0,,,,for. is is for. is for. is. for. is for. for. for is for. for. for is for? for? for? for? for? for? for? for? for? for? for? for? for? for? for? for? for? for? for? for? for? for? for? for? for? for? for? for? for? for? for? for? for? that'? that'? that'? that'? that'? that'? that' that'? that' that? that' that? that' that? that
wo_prompt,3106,4,It has a unique,It has a unique and experimental sound that could add an interesting touch to your video.,E0_clause_split_artifact,斷句碎片（標註流程假影）,parent_audio-supported,"母句可歸屬，unsupported 係 split_claims 於 and/, 處切斷所致",,not_applicable,,,not_applicable,0,,,,"I recommend 'Autographs' by Reks. It's a track from his album 'Autographs'. The song combines elements of Hip-Hop, electronic, rock, and indie genres. It has a unique and experimental sound that could add an interesting touch to your video."
wo_prompt,1596,2,dance track with electronic,It's a pop and dance track with electronic and rock influences.,E0_clause_split_artifact,斷句碎片（標註流程假影）,parent_audio-supported,"母句可歸屬，unsupported 係 split_claims 於 and/, 處切斷所致",dance;electronic;pop;rock,supported,,,not_applicable,0,,,,I recommend 'Blah Blah Blah' by Ke$ha. It's a pop and dance track with electronic and rock influences. The song features female vocals and has a catchy and energetic vibe that could be a great fit for your video.
wo_prompt,3705,4,pop with a touch of R&B.,"The song combines elements of Hip-Hop, electronic, and pop with a touch of R&B.",E0_clause_split_artifact,斷句碎片（標註流程假影）,parent_audio-supported,"母句可歸屬，unsupported 係 split_claims 於 and/, 處切斷所致",electronic;hip-hop;pop;r&b,partially_supported,pop,,not_applicable,0,,,,"I recommend 'Bout That Life' by Yung Tay. It's a track from his mixtape 'Bout That Life'. The song combines elements of Hip-Hop, electronic, and pop with a touch of R&B. It has a catchy beat and a male vocal that could add a unique touch to your video."
wo_prompt,451,2,It's a dance-pop track with electronic,It's a dance-pop track with electronic and R&B influences.,E0_clause_split_artifact,斷句碎片（標註流程假影）,parent_audio-supported,"母句可歸屬，unsupported 係 split_claims 於 and/, 處切斷所致",electronic;r&b,supported,,,not_applicable,0,,,,I recommend 'Tight Skirt' by Samantha J. It's a dance-pop track with electronic and R&B influences. The song features female vocals and has a catchy and energetic vibe that would complement your video.
wo_prompt,512,4,It has a catchy,It has a catchy and energetic vibe that could be a great fit for your video.,E0_clause_split_artifact,斷句碎片（標註流程假影）,parent_audio-supported,"母句可歸屬，unsupported 係 split_claims 於 and/, 處切斷所致",,not_applicable,,,not_applicable,0,,,,"I recommend 'Met mij zijn' by Darryl. It's a track from his album 'Met mij zijn'. The song combines elements of Hip-Hop, pop, and R&B with electronic and dance influences. It has a catchy and energetic vibe that could be a great fit for your video."
wo_prompt,559,4,It has a catchy,It has a catchy and energetic vibe that would be perfect for your video.,E0_clause_split_artifact,斷句碎片（標註流程假影）,parent_audio-supported,"母句可歸屬，unsupported 係 split_claims 於 and/, 處切斷所致",,not_applicable,,,not_applicable,0,,,,"In that case, I would recommend 'Часы' by Лолита. This track combines elements of pop, rock, and electronic music, with female vocals. It has a catchy and energetic vibe that would be perfect for your video."
wo_prompt,3673,2,It's a rock track with punk,It's a rock track with punk and indie influences.,E0_clause_split_artifact,斷句碎片（標註流程假影）,parent_audio-supported,"母句可歸屬，unsupported 係 split_claims 於 and/, 處切斷所致",indie;punk;rock,supported,,,not_applicable,0,,,,"I recommend 'Shake It Off' by Skrat. It's a rock track with punk and indie influences. The song has a fast-paced and loud sound, which aligns well with the energetic vibe you're looking for in your video."
wo_prompt,3126,4,pop with a chillout vibe.,"The song combines elements of Hip-Hop, electronic, and pop with a chillout vibe.",E0_clause_split_artifact,斷句碎片（標註流程假影）,parent_audio-supported,"母句可歸屬，unsupported 係 split_claims 於 and/, 處切斷所致",chillout;electronic;hip-hop;pop,partially_supported,hip-hop,,not_applicable,0,,,,"I recommend 'Love Me' by J.R. ft. J.R. It's a track from their album 'Love Me'. The song combines elements of Hip-Hop, electronic, and pop with a chillout vibe. It features female vocals and has a relaxed and soothing sound that could complement your video."
wo_prompt,4087,3,It has a soulful,"It has a soulful and electronic sound, which would be a great fit for your video.",E0_clause_split_artifact,斷句碎片（標註流程假影）,parent_audio-supported,"母句可歸屬，unsupported 係 split_claims 於 and/, 處切斷所致",electronic,supported,,,not_applicable,0,,,,"In that case, I would recommend 'Show My Soul' by Troy Nathans feat. This track combines elements of Hip-Hop, electronic, rock, pop, and indie genres. It has a soulful and electronic sound, which would be a great fit for your video."
wo_prompt,3819,2,electronic song with pop,It's a dance and electronic song with pop and house influences.,E0_clause_split_artifact,斷句碎片（標註流程假影）,parent_audio-supported,"母句可歸屬，unsupported 係 split_claims 於 and/, 處切斷所致",dance;electronic;house;pop,supported,,,not_applicable,0,,,,I recommend the track 'Night & Day' by Livia K. It's a dance and electronic song with pop and house influences. The track has a fast-paced beat and synth elements that create a vibrant and energetic atmosphere. It's a great choice for your video.
wo_prompt,3916,5,It has a unique,It has a unique and experimental sound that could add an interesting touch to your video.,E0_clause_split_artifact,斷句碎片（標註流程假影）,parent_audio-supported,"母句可歸屬，unsupported 係 split_claims 於 and/, 處切斷所致",,not_applicable,,,not_applicable,0,,,,"I recommend 'WYLIZMIDUPE.COM' by SD. It's a track from the album 'WYLIZMIDUPE.COM'. The song combines elements of Hip-Hop, electronic, rock, and indie with a touch of jazz. It has a unique and experimental sound that could add an interesting touch to your video."
wo_prompt,889,7,catchy vibe to your video.,It has a fast-paced beat and male vocals that could add an energetic and catchy vibe to your video.,E0_clause_split_artifact,斷句碎片（標註流程假影）,parent_video-supported,"母句可歸屬，unsupported 係 split_claims 於 and/, 處切斷所致",,not_applicable,,,not_applicable,0,,,,"I recommend 'BABA' by Najeeb. It's a track from his album 'BABA'. The song combines elements of Hip-Hop, electronic, rock, and dance with a touch of pop. It has a fast-paced beat and male vocals that could add an energetic and catchy vibe to your video."
wo_prompt,2254,7,dynamic element to your video.,"It has a male vocal and a techno sound, which can add a unique and dynamic element to your video.",E0_clause_split_artifact,斷句碎片（標註流程假影）,parent_audio-supported,"母句可歸屬，unsupported 係 split_claims 於 and/, 處切斷所致",,not_applicable,,,not_applicable,0,,,,"I recommend 'Fogo' by DJ Caique. It's a track from his album 'Fogo'. The song combines elements of Hip-Hop, electronic, rock, and pop, with a touch of indie influences. It has a male vocal and a techno sound, which can add a unique and dynamic element to your video."
wo_prompt,2921,5,It has a unique,It has a unique and captivating sound that could add a touch of elegance to your video.,E0_clause_split_artifact,斷句碎片（標註流程假影）,parent_audio-supported,"母句可歸屬，unsupported 係 split_claims 於 and/, 處切斷所致",,not_applicable,,,not_applicable,0,,,,"I recommend 'I Will Be' by Lisa Caruso. It's a track from her album 'I Will Be'. The song combines elements of indie, rock, and pop with female vocals. It has a unique and captivating sound that could add a touch of elegance to your video."
wo_prompt,780,4,It has a chillout vibe,"It has a chillout vibe and features female vocals, which can add a unique touch to your video.",E0_clause_split_artifact,斷句碎片（標註流程假影）,parent_audio-supported,"母句可歸屬，unsupported 係 split_claims 於 and/, 處切斷所致",chillout,supported,,,not_applicable,0,,,,"In that case, I would recommend 'Catching the Simple But Happy Days' by Vanchy. This track is part of the album 'Catching the Simple But Happy Days' and offers a blend of electronic, indie, and rock genres. It has a chillout vibe and features female vocals, which can add a unique touch to your video."
wo_prompt,1119,2,"It's a beautiful track with elements of indie, folk","It's a beautiful track with elements of indie, folk, and rock.",E0b_rule_miss_verified,規則漏判但有證據支持,genre_claim_verified_by_tags,曲風敘述可由 musicnn 標籤／參考文本支持；v2 因 GENRE_TERMS 需搭配 anchor 詞才計為 audio 而漏判,folk;indie;rock,supported,,,not_applicable,0,,,,"I recommend 'Stay' by Rachel Brown & ELEW. It's a beautiful track with elements of indie, folk, and rock. The female vocals and guitar create a captivating sound that would complement your video."
wo_prompt,1311,3,It's part of the 'CLIMATE CHANGE MIXTAPE',"It's part of the 'CLIMATE CHANGE MIXTAPE' and features electronic, Hip-Hop, and chillout elements.",E0b_rule_miss_verified,規則漏判但有證據支持,metadata_claim_verified,元資料主張可由證據支持，屬 v2 規則漏判而非錯誤,chillout;electronic;hip-hop,supported,,CLIMATE CHANGE MIXTAPE,supported,0,,,,"This track by Mickey Factz offers a chill and ambient vibe, perfect for creating a relaxing atmosphere in your video. It's part of the 'CLIMATE CHANGE MIXTAPE' and features electronic, Hip-Hop, and chillout elements."
wo_prompt,3381,2,"It's a rock track with elements of metal, hard rock","It's a rock track with elements of metal, hard rock, and pop.",E0b_rule_miss_verified,規則漏判但有證據支持,genre_claim_verified_by_tags,曲風敘述可由 musicnn 標籤／參考文本支持；v2 因 GENRE_TERMS 需搭配 anchor 詞才計為 audio 而漏判,metal;pop;rock,supported,,,not_applicable,0,,,,"I recommend 'Enshrined in My Memory' by Timo Tolkki's Avalon featuring Elize Ryd. It's a rock track with elements of metal, hard rock, and pop. The song has a powerful female vocal and a fast-paced guitar-driven sound. It was released in 2010 and could be a fitting choice for your video."
wo_prompt,3660,2,It's a Christian rock track with elements of pop,It's a Christian rock track with elements of pop and indie.,E0b_rule_miss_verified,規則漏判但有證據支持,genre_claim_verified_by_tags,曲風敘述可由 musicnn 標籤／參考文本支持；v2 因 GENRE_TERMS 需搭配 anchor 詞才計為 audio 而漏判,indie;pop;rock,supported,,,not_applicable,0,,,,I recommend 'Revelation Song' by Steve and Sandi Padilla. It's a Christian rock track with elements of pop and indie. The song has a female vocalist and features guitar and piano. It was released in 2012 and could add a spiritual and uplifting vibe to your video.
wo_prompt,3515,2,electronic track with elements of house,It's a dance and electronic track with elements of house and pop.,E0b_rule_miss_verified,規則漏判但有證據支持,genre_claim_verified_by_tags,曲風敘述可由 musicnn 標籤／參考文本支持；v2 因 GENRE_TERMS 需搭配 anchor 詞才計為 audio 而漏判,dance;electronic;house;pop,supported,,,not_applicable,0,,,,"I recommend 'Let It Go (Faustix & Imanos Remix)' by Dragonette. It's a dance and electronic track with elements of house and pop. The remix by Faustix & Imanos adds a unique touch to the song, making it a great choice for your video."
wo_prompt,2742,2,electronic track with elements of pop,It's a dance and electronic track with elements of pop and house.,E0b_rule_miss_verified,規則漏判但有證據支持,genre_claim_verified_by_tags,曲風敘述可由 musicnn 標籤／參考文本支持；v2 因 GENRE_TERMS 需搭配 anchor 詞才計為 audio 而漏判,dance;electronic;house;pop,supported,,,not_applicable,0,,,,I recommend 'Cesaretin Varmi Aska (Summer Mix)' by DJ OGUZ CETIN ft DJ FERIT CANDAN. It's a dance and electronic track with elements of pop and house. The song has a catchy beat and a vibrant sound that would be a great fit for your video.
wo_prompt,806,2,electronic track with elements of pop,It's a dance and electronic track with elements of pop and house.,E0b_rule_miss_verified,規則漏判但有證據支持,genre_claim_verified_by_tags,曲風敘述可由 musicnn 標籤／參考文本支持；v2 因 GENRE_TERMS 需搭配 anchor 詞才計為 audio 而漏判,dance;electronic;house;pop,supported,,,not_applicable,0,,,,I recommend 'La Musica (The Trumpeter)' by Ray Foxx featuring Lovelle. It's a dance and electronic track with elements of pop and house. The song has a catchy beat and a vibrant sound that could add a lively and energetic atmosphere to your video.
wo_prompt,3905,2,chillout track with elements of dance,It's an electronic and chillout track with elements of dance and pop.,E2_metadata_unsupported,音樂元資料不支持,genre_partially_supported,"部分曲風查無支持：['dance', 'pop']（musicnn 標籤有雜訊，查無支持不等於事實錯誤）",chillout;dance;electronic;pop,partially_supported,dance;pop,,not_applicable,1,,,,"In order to recommend the most suitable background music for your video, I suggest considering the track 'Sunset' by D.R.A.M. It's an electronic and chillout track with elements of dance and pop. The song has a soothing and relaxing vibe, which can create a calming atmosphere for your video."
wo_prompt,1685,6,"Britney Spears, which adds a unique touch to the music.","It's a collaboration between Taio Cruz and Britney Spears, which adds a unique touch to the music.",E4_vague_generic,一般性空泛描述／主觀陳述,generic_video_benefit,泛用效用或主觀陳述，本質上不具可驗證性,,not_applicable,,,not_applicable,0,,,,"I recommend 'If You Seek Your Heart' by Taio Cruz featuring Britney Spears. It's a dance-pop track with electronic and house influences. The song has a fast-paced beat and catchy melodies that can add energy to your video. It's a collaboration between Taio Cruz and Britney Spears, which adds a unique touch to the music."
wo_prompt,1685,5,It's a collaboration between Taio Cruz,"It's a collaboration between Taio Cruz and Britney Spears, which adds a unique touch to the music.",E4_vague_generic,一般性空泛描述／主觀陳述,generic_video_benefit,泛用效用或主觀陳述，本質上不具可驗證性,,not_applicable,,,not_applicable,0,,,,"I recommend 'If You Seek Your Heart' by Taio Cruz featuring Britney Spears. It's a dance-pop track with electronic and house influences. The song has a fast-paced beat and catchy melodies that can add energy to your video. It's a collaboration between Taio Cruz and Britney Spears, which adds a unique touch to the music."
wo_prompt,2316,6,uplifting vibe to your video.,It will bring a positive and uplifting vibe to your video.,E6_likely_hallucination,可能幻覺,unclassified_specific_claim,具體主張但未命中任何證據來源,,not_applicable,,,not_applicable,1,,,,"In that case, I would recommend 'HAPPY' by Pharrell Williams. This track is part of the album 'HAPPY' and it has a catchy pop and electronic sound with female vocals. It will bring a positive and uplifting vibe to your video."
wo_prompt,2172,3,The song has a powerful,The song has a powerful and uplifting vibe that aligns with the theme of the video.,E6_likely_hallucination,可能幻覺,unclassified_specific_claim,具體主張但未命中任何證據來源,,not_applicable,,,not_applicable,1,,,,"In the spirit of the video, 'Warriors' by Imagine Dragons would be a perfect fit. It's a rock track with alternative and indie influences. The song has a powerful and uplifting vibe that aligns with the theme of the video."
wo_prompt,3362,4,"You can find his music on various platforms like iTunes, Amazon","You can find his music on various platforms like iTunes, Amazon, and Google Play.",E6_likely_hallucination,可能幻覺,unclassified_specific_claim,具體主張但未命中任何證據來源,,not_applicable,,,not_applicable,1,,,,"I apologize, but I don't have enough information to recommend a specific track based on the given criteria. However, I can suggest exploring Eminem's music in general. He is known for his unique style and powerful lyrics. You can find his music on various platforms like iTunes, Amazon, and Google Play."
wo_prompt,3362,3,He is known for his unique style,He is known for his unique style and powerful lyrics.,E6_likely_hallucination,可能幻覺,unclassified_specific_claim,具體主張但未命中任何證據來源,,not_applicable,,,not_applicable,1,,,,"I apologize, but I don't have enough information to recommend a specific track based on the given criteria. However, I can suggest exploring Eminem's music in general. He is known for his unique style and powerful lyrics. You can find his music on various platforms like iTunes, Amazon, and Google Play."
wo_prompt,2172,4,uplifting vibe that aligns with the theme of the video.,The song has a powerful and uplifting vibe that aligns with the theme of the video.,E6_likely_hallucination,可能幻覺,unclassified_specific_claim,具體主張但未命中任何證據來源,,not_applicable,,,not_applicable,1,,,,"In the spirit of the video, 'Warriors' by Imagine Dragons would be a perfect fit. It's a rock track with alternative and indie influences. The song has a powerful and uplifting vibe that aligns with the theme of the video."
wo_prompt,2491,4,The track has a positive,"The track has a positive and uplifting vibe, which aligns well with the theme of your video.",E6_likely_hallucination,可能幻覺,unclassified_specific_claim,具體主張但未命中任何證據來源,,not_applicable,,,not_applicable,1,,,,"In terms of the specific elements you mentioned, 'Happy' by Tyree Morris & Hearts of Worship could be a fitting choice. It combines elements of soul, pop, and rock, with a touch of jazz. The track has a positive and uplifting vibe, which aligns well with the theme of your video."
wo_prompt,3705,2,It's a track from his mixtape 'Bout That Life'.,It's a track from his mixtape 'Bout That Life'.,E6_likely_hallucination,可能幻覺,named_entity_absent_from_all_evidence,引號名稱 ['Bout That Life'] 未見於管線內證據與外部 metadata；屬具體可查證卻查無支持者，列為可能幻覺並送人工複核,,not_applicable,,Bout That Life,not_found,1,,,,"I recommend 'Bout That Life' by Yung Tay. It's a track from his mixtape 'Bout That Life'. The song combines elements of Hip-Hop, electronic, and pop with a touch of R&B. It has a catchy beat and a male vocal that could add a unique touch to your video."
wo_prompt,2491,5,"uplifting vibe, which aligns well with the theme of your video.","The track has a positive and uplifting vibe, which aligns well with the theme of your video.",E6_likely_hallucination,可能幻覺,unclassified_specific_claim,具體主張但未命中任何證據來源,,not_applicable,,,not_applicable,1,,,,"In terms of the specific elements you mentioned, 'Happy' by Tyree Morris & Hearts of Worship could be a fitting choice. It combines elements of soul, pop, and rock, with a touch of jazz. The track has a positive and uplifting vibe, which aligns well with the theme of your video."
wo_prompt,1322,2,"The lyrics express the longing for a meaningful love, which can resonate with many viewers.","The lyrics express the longing for a meaningful love, which can resonate with many viewers.",E6_likely_hallucination,可能幻覺,unclassified_specific_claim,具體主張但未命中任何證據來源,,not_applicable,,,not_applicable,1,,,,"In the music video 'Meaningless Love' by Jinny Ng, the song is a beautiful and heartfelt ballad. The lyrics express the longing for a meaningful love, which can resonate with many viewers. The track is part of the album 'Meaningless Love' and features Jinny Ng's captivating vocals."
wo_prompt,2316,5,It will bring a positive,It will bring a positive and uplifting vibe to your video.,E6_likely_hallucination,可能幻覺,unclassified_specific_claim,具體主張但未命中任何證據來源,,not_applicable,,,not_applicable,1,,,,"In that case, I would recommend 'HAPPY' by Pharrell Williams. This track is part of the album 'HAPPY' and it has a catchy pop and electronic sound with female vocals. It will bring a positive and uplifting vibe to your video."
wo_video,1226,5,"It aligns well with the pop, dance","It aligns well with the pop, dance, and electronic genres you're interested in.",E0_clause_split_artifact,斷句碎片（標註流程假影）,parent_audio-supported,"母句可歸屬，unsupported 係 split_claims 於 and/, 處切斷所致",dance;electronic;pop,supported,,,not_applicable,0,,,,"I recommend 'Santaye' by Santaye. It's a pop track with electronic and dance elements. The song features a female vocalist and was released in 2013. It aligns well with the pop, dance, and electronic genres you're interested in."
wo_video,2014,3,"Although I don't have much information about this specific track, it aligns with the punk","Although I don't have much information about this specific track, it aligns with the punk and hard rock elements you're looking for.",E0_clause_split_artifact,斷句碎片（標註流程假影）,parent_prompt-supported,"母句可歸屬，unsupported 係 split_claims 於 and/, 處切斷所致",punk;rock,supported,,,not_applicable,0,,,,"I suggest checking out 'The Last Song' by The Last Song. It's a punk and hard rock track with alternative and indie influences. Although I don't have much information about this specific track, it aligns with the punk and hard rock elements you're looking for."
wo_video,2176,2,This track has a Hip-Hop,"This track has a Hip-Hop and R&B influence, with electronic and indie elements.",E0_clause_split_artifact,斷句碎片（標註流程假影）,parent_audio-supported,"母句可歸屬，unsupported 係 split_claims 於 and/, 處切斷所致",electronic;hip-hop;indie;r&b,supported,,,not_applicable,0,,,,"In that case, I would recommend 'Go Girl' by Frank Nitt. This track has a Hip-Hop and R&B influence, with electronic and indie elements. It's a great choice for your video."
wo_video,3362,3,The song has a catchy,The song has a catchy and energetic vibe that could be a fitting choice for your video.,E0_clause_split_artifact,斷句碎片（標註流程假影）,parent_audio-supported,"母句可歸屬，unsupported 係 split_claims 於 and/, 處切斷所致",,not_applicable,,,not_applicable,0,,,,"Certainly! I recommend 'Beautiful' by Eminem. It's a track that combines elements of hip-hop, R&B, and pop with electronic and rock influences. The song has a catchy and energetic vibe that could be a fitting choice for your video."
wo_video,3290,5,It has a chillout vibe,"It has a chillout vibe and features female vocals, which aligns well with your preferences.",E0_clause_split_artifact,斷句碎片（標註流程假影）,parent_preference-supported,"母句可歸屬，unsupported 係 split_claims 於 and/, 處切斷所致",chillout,supported,,,not_applicable,0,,,,"Certainly! I recommend 'Sunshine' by The Sleeping Beauties. It's a track from their album 'Sunshine'. The Sleeping Beauties are a female vocalist duo, and their music falls under the genres of indie, pop, and rock. It has a chillout vibe and features female vocals, which aligns well with your preferences."
wo_video,1455,2,This track has a Hip-Hop,"This track has a Hip-Hop and R&B influence, along with ambient elements.",E0_clause_split_artifact,斷句碎片（標註流程假影）,parent_audio-supported,"母句可歸屬，unsupported 係 split_claims 於 and/, 處切斷所致",ambient;hip-hop;r&b,supported,,,not_applicable,0,,,,"In that case, I would recommend 'Just name - Dejavu'. This track has a Hip-Hop and R&B influence, along with ambient elements. It's a great choice for your video."
wo_video,3711,4,The song has a slow,The song has a slow and acoustic sound that could be a fitting choice for your video.,E0_clause_split_artifact,斷句碎片（標註流程假影）,parent_audio-supported,"母句可歸屬，unsupported 係 split_claims 於 and/, 處切斷所致",,not_applicable,,,not_applicable,0,,,,"Allow me to recommend 'The Way I Am' by Christina Ross. It's a track from her album 'The Way I Am'. It combines elements of pop, rock, and jazz with acoustic and folk influences. The song has a slow and acoustic sound that could be a fitting choice for your video."
wo_video,800,2,It's a track with a rock,"It's a track with a rock and pop influence, featuring female vocals.",E0_clause_split_artifact,斷句碎片（標註流程假影）,parent_metadata-supported,"母句可歸屬，unsupported 係 split_claims 於 and/, 處切斷所致",pop;rock,supported,,,not_applicable,0,,,,"In that case, I recommend 'Volim te by Ilda Saulic'. It's a track with a rock and pop influence, featuring female vocals. Although I don't have much information about this track, it aligns well with your preferences."
wo_video,2786,3,blues with a touch of pop.,"It's a track that combines elements of rock, soul, and blues with a touch of pop.",E0_clause_split_artifact,斷句碎片（標註流程假影）,parent_audio-supported,"母句可歸屬，unsupported 係 split_claims 於 and/, 處切斷所致",pop;rock;soul,supported,,,not_applicable,0,,,,"Certainly! I recommend 'Mama Dice' by Efe Yerom. It's a track that combines elements of rock, soul, and blues with a touch of pop. Although I don't have much information about this specific track, it aligns well with the styles you mentioned."
wo_video,1586,3,funk with a touch of soul.,"It's a track that combines elements of hip-hop, electronic, and funk with a touch of soul.",E0_clause_split_artifact,斷句碎片（標註流程假影）,parent_audio-supported,"母句可歸屬，unsupported 係 split_claims 於 and/, 處切斷所致",electronic;hip-hop;soul,partially_supported,soul,,not_applicable,0,,,,"Allow me to recommend 'Outkast' by Outkast. It's a track that combines elements of hip-hop, electronic, and funk with a touch of soul. Although I don't have much information about this track, it might be a fitting choice for your video."
wo_video,2242,4,a mix of electronic,The song has a catchy beat and a mix of electronic and R&B elements that could be a fitting choice for your dance video.,E0_clause_split_artifact,斷句碎片（標註流程假影）,parent_audio-supported,"母句可歸屬，unsupported 係 split_claims 於 and/, 處切斷所致",dance;electronic;r&b,partially_supported,dance,,not_applicable,0,,,,Certainly! How about 'Dance Like Nobody's Watching' by The Stereo? It's a dance track with electronic and pop influences. The song has a catchy beat and a mix of electronic and R&B elements that could be a fitting choice for your dance video. It's a great choice if you're looking for a mix of dance and pop genres.
wo_video,2711,3,"indie vibe, perfect for creating a unique","This track has a soulful and indie vibe, perfect for creating a unique and captivating atmosphere.",E0_clause_split_artifact,斷句碎片（標註流程假影）,parent_general-supported,"母句可歸屬，unsupported 係 split_claims 於 and/, 處切斷所致",indie,supported,,,not_applicable,0,,,,"In that case, I would recommend 'Soulful' by The Soulful. This track has a soulful and indie vibe, perfect for creating a unique and captivating atmosphere. It's part of the album 'Soulful' by The Soulful."
wo_video,2060,4,alternative with a touch of pop,"It combines elements of indie, punk, and alternative with a touch of pop and drum influences.",E0_clause_split_artifact,斷句碎片（標註流程假影）,parent_audio-supported,"母句可歸屬，unsupported 係 split_claims 於 and/, 處切斷所致",alternative;indie;pop;punk,partially_supported,punk,,not_applicable,0,,,,"Allow me to recommend 'DESPISTAOS' by DESPISTAOS. It's a track from their album 'DESPISTAOS'. It combines elements of indie, punk, and alternative with a touch of pop and drum influences. It could be a fitting choice for your video."
wo_video,2449,3,The song combines elements of 80s,The song combines elements of 80s and alternative rock with a focus on drums and vocals.,E0_clause_split_artifact,斷句碎片（標註流程假影）,parent_audio-supported,"母句可歸屬，unsupported 係 split_claims 於 and/, 處切斷所致",alternative;rock,supported,,,not_applicable,0,,,,Allow me to recommend 'Sweet Dreams' by The Sweet Dreams. It's a track from their album 'Sweet Dreams'. The song combines elements of 80s and alternative rock with a focus on drums and vocals. It has a rock and indie sound too.
wo_video,358,5,It has a 80s vibe,"It has a 80s vibe and was released in 2012, which may contain the specific elements you want.",E0_clause_split_artifact,斷句碎片（標註流程假影）,parent_prompt-supported,"母句可歸屬，unsupported 係 split_claims 於 and/, 處切斷所致",,not_applicable,,,not_applicable,0,,,,"Allow me to recommend 'La Crus' by La Crus. It's a track from their album 'La Crus'. It combines elements of rock, pop, and indie with female vocals that could be a fitting choice for your video. It has a 80s vibe and was released in 2012, which may contain the specific elements you want."
wo_video,3601,3,"They may also have elements of rock, soul","They may also have elements of rock, soul, and blues in their music.",E0b_rule_miss_verified,規則漏判但有證據支持,genre_claim_verified_by_tags,曲風敘述可由 musicnn 標籤／參考文本支持；v2 因 GENRE_TERMS 需搭配 anchor 詞才計為 audio 而漏判,rock;soul,supported,,,not_applicable,0,,,,"I suggest checking out 'Sud Sound System - 2013'. Although I don't have specific information about this track, Sud Sound System is known for their electronic and techno style. They may also have elements of rock, soul, and blues in their music. This could be a fitting choice for your video."
wo_video,2648,3,It's a track with electronic,"It's a track with electronic and experimental elements, similar to the song you mentioned.",E0b_rule_miss_verified,規則漏判但有證據支持,genre_claim_verified_by_tags,曲風敘述可由 musicnn 標籤／參考文本支持；v2 因 GENRE_TERMS 需搭配 anchor 詞才計為 audio 而漏判,electronic,supported,,,not_applicable,0,,,,"Certainly! I recommend 'Uno Feat. Rahshon - All Night Long'. It's a track with electronic and experimental elements, similar to the song you mentioned. Although I don't have specific information about the track, it aligns well with the genres you're interested in."
wo_video,3705,2,"It's a track with elements of indie, dance","It's a track with elements of indie, dance, and electronic music.",E0b_rule_miss_verified,規則漏判但有證據支持,genre_claim_verified_by_tags,曲風敘述可由 musicnn 標籤／參考文本支持；v2 因 GENRE_TERMS 需搭配 anchor 詞才計為 audio 而漏判,dance;electronic;indie,supported,,,not_applicable,0,,,,"Allow me to recommend 'Dance With Me' by J.R. & PH7. It's a track with elements of indie, dance, and electronic music. Although there is no specific information available about the track, it aligns with your preferences for indie and dance music. It may also have some synth and vocal effects that you are looking for."
wo_video,1226,2,It's a pop track with electronic,It's a pop track with electronic and dance elements.,E0b_rule_miss_verified,規則漏判但有證據支持,genre_claim_verified_by_tags,曲風敘述可由 musicnn 標籤／參考文本支持；v2 因 GENRE_TERMS 需搭配 anchor 詞才計為 audio 而漏判,dance;electronic;pop,supported,,,not_applicable,0,,,,"I recommend 'Santaye' by Santaye. It's a pop track with electronic and dance elements. The song features a female vocalist and was released in 2013. It aligns well with the pop, dance, and electronic genres you're interested in."
wo_video,4025,2,"This track combines R&B, pop","This track combines R&B, pop, and soul elements with a touch of rock.",E0b_rule_miss_verified,規則漏判但有證據支持,genre_claim_verified_by_tags,曲風敘述可由 musicnn 標籤／參考文本支持；v2 因 GENRE_TERMS 需搭配 anchor 詞才計為 audio 而漏判,pop;r&b;rock;soul,supported,,,not_applicable,0,,,,"Certainly! If you're looking for an R&B twist, I recommend 'I'm Yours' by Jason Derulo. This track combines R&B, pop, and soul elements with a touch of rock. It's a great choice for adding a smooth and soulful vibe to your video."
wo_video,2648,4,"experimental elements, similar to the song you mentioned.","It's a track with electronic and experimental elements, similar to the song you mentioned.",E0b_rule_miss_verified,規則漏判但有證據支持,genre_claim_verified_by_tags,曲風敘述可由 musicnn 標籤／參考文本支持；v2 因 GENRE_TERMS 需搭配 anchor 詞才計為 audio 而漏判,electronic,supported,,,not_applicable,0,,,,"Certainly! I recommend 'Uno Feat. Rahshon - All Night Long'. It's a track with electronic and experimental elements, similar to the song you mentioned. Although I don't have specific information about the track, it aligns well with the genres you're interested in."
wo_video,1311,2,"It's a track that combines hip-hop, electronic","It's a track that combines hip-hop, electronic, and ambient elements.",E0b_rule_miss_verified,規則漏判但有證據支持,genre_claim_verified_by_tags,曲風敘述可由 musicnn 標籤／參考文本支持；v2 因 GENRE_TERMS 需搭配 anchor 詞才計為 audio 而漏判,ambient;electronic;hip-hop,supported,,,not_applicable,0,,,,"Certainly! How about 'DREAM' by Mickey Factz? It's a track that combines hip-hop, electronic, and ambient elements. Although I don't have much information about this specific track, it aligns with the hip-hop and ambient vibes you're looking for."
wo_video,916,3,"indie feel, with elements of rock","This track has an ambient and indie feel, with elements of rock and electronic music.",E0b_rule_miss_verified,規則漏判但有證據支持,genre_claim_verified_by_tags,曲風敘述可由 musicnn 標籤／參考文本支持；v2 因 GENRE_TERMS 需搭配 anchor 詞才計為 audio 而漏判,ambient;electronic;indie;rock,supported,,,not_applicable,0,,,,"In that case, I would recommend 'Beethoven's 5 Secrets' by The Piano Guys. This track has an ambient and indie feel, with elements of rock and electronic music. It's instrumental, which adds to the atmospheric quality. It's a great choice for your video."
wo_video,3601,4,blues in their music.,"They may also have elements of rock, soul, and blues in their music.",E0b_rule_miss_verified,規則漏判但有證據支持,genre_claim_verified_by_tags,曲風敘述可由 musicnn 標籤／參考文本支持；v2 因 GENRE_TERMS 需搭配 anchor 詞才計為 audio 而漏判,rock;soul,supported,,,not_applicable,0,,,,"I suggest checking out 'Sud Sound System - 2013'. Although I don't have specific information about this track, Sud Sound System is known for their electronic and techno style. They may also have elements of rock, soul, and blues in their music. This could be a fitting choice for your video."
wo_video,627,2,It's a reggaeton track with electronic,It's a reggaeton track with electronic and dance elements.,E0b_rule_miss_verified,規則漏判但有證據支持,genre_claim_verified_by_tags,曲風敘述可由 musicnn 標籤／參考文本支持；v2 因 GENRE_TERMS 需搭配 anchor 詞才計為 audio 而漏判,dance;electronic,supported,,,not_applicable,0,,,,"Certainly! I recommend 'Reggaeton' by MC Juninho da FVL. It's a reggaeton track with electronic and dance elements. Although I don't have much information about this specific track, it aligns with the reggaeton and dance genres you're looking for."
wo_video,839,2,"It's a track with elements of hip-hop, soul","It's a track with elements of hip-hop, soul, and pop.",E0b_rule_miss_verified,規則漏判但有證據支持,genre_claim_verified_by_tags,曲風敘述可由 musicnn 標籤／參考文本支持；v2 因 GENRE_TERMS 需搭配 anchor 詞才計為 audio 而漏判,hip-hop;pop;soul,supported,,,not_applicable,0,,,,"Allow me to recommend 'Millionerler Mehellesi by Dayirman'. It's a track with elements of hip-hop, soul, and pop. Although I don't have specific information about the track, it aligns with your preferences for female vocals and drum components."
wo_video,4025,3,soul elements with a touch of rock.,"This track combines R&B, pop, and soul elements with a touch of rock.",E0b_rule_miss_verified,規則漏判但有證據支持,genre_claim_verified_by_tags,曲風敘述可由 musicnn 標籤／參考文本支持；v2 因 GENRE_TERMS 需搭配 anchor 詞才計為 audio 而漏判,pop;r&b;rock;soul,supported,,,not_applicable,0,,,,"Certainly! If you're looking for an R&B twist, I recommend 'I'm Yours' by Jason Derulo. This track combines R&B, pop, and soul elements with a touch of rock. It's a great choice for adding a smooth and soulful vibe to your video."
wo_video,916,2,This track has an ambient,"This track has an ambient and indie feel, with elements of rock and electronic music.",E0b_rule_miss_verified,規則漏判但有證據支持,genre_claim_verified_by_tags,曲風敘述可由 musicnn 標籤／參考文本支持；v2 因 GENRE_TERMS 需搭配 anchor 詞才計為 audio 而漏判,ambient;electronic;indie;rock,supported,,,not_applicable,0,,,,"In that case, I would recommend 'Beethoven's 5 Secrets' by The Piano Guys. This track has an ambient and indie feel, with elements of rock and electronic music. It's instrumental, which adds to the atmospheric quality. It's a great choice for your video."
wo_video,3048,2,It's an electronic track with elements of house,It's an electronic track with elements of house and electronica.,E0b_rule_miss_verified,規則漏判但有證據支持,genre_claim_verified_by_tags,曲風敘述可由 musicnn 標籤／參考文本支持；v2 因 GENRE_TERMS 需搭配 anchor 詞才計為 audio 而漏判,electronic;house,supported,,,not_applicable,0,,,,"Allow me to recommend 'No Way Home' by Richard Durand. It's an electronic track with elements of house and electronica. Although I don't have much information about this track, it aligns well with your preferences and could be a fitting choice for your video."
wo_video,3052,2,It's a track that combines hip-hop,It's a track that combines hip-hop and spoken word elements.,E0b_rule_miss_verified,規則漏判但有證據支持,genre_claim_verified_by_tags,曲風敘述可由 musicnn 標籤／參考文本支持；v2 因 GENRE_TERMS 需搭配 anchor 詞才計為 audio 而漏判,hip-hop,supported,,,not_applicable,0,,,,"I recommend 'The 100th Day' by PIT featuring BIG FITZ DA POET. It's a track that combines hip-hop and spoken word elements. The song was released in 2012 and has a unique blend of genres like hip-hop, rock, and electronic. It could be a fitting choice for your video."
wo_video,3931,4,"The mixtape also includes electronic, rock","The mixtape also includes electronic, rock, and pop elements that will add variety to your video.",E2_metadata_unsupported,音樂元資料不支持,metadata_claim_without_named_entity,含元資料詞但無可比對的具名實體，查無支持,electronic;pop;rock,partially_supported,rock,,not_applicable,1,,,,"In that case, I would recommend 'The 90s Hip-Hop Mixtape'. This mixtape features a collection of 90s Hip-Hop tracks that will give your video a nostalgic feel. It includes artists like A Tribe Called Quest, De La Soul, and The Fugees. The mixtape also includes electronic, rock, and pop elements that will add variety to your video."
wo_video,3931,5,pop elements that will add variety to your video.,"The mixtape also includes electronic, rock, and pop elements that will add variety to your video.",E2_metadata_unsupported,音樂元資料不支持,metadata_claim_without_named_entity,含元資料詞但無可比對的具名實體，查無支持,electronic;pop;rock,partially_supported,rock,,not_applicable,1,,,,"In that case, I would recommend 'The 90s Hip-Hop Mixtape'. This mixtape features a collection of 90s Hip-Hop tracks that will give your video a nostalgic feel. It includes artists like A Tribe Called Quest, De La Soul, and The Fugees. The mixtape also includes electronic, rock, and pop elements that will add variety to your video."
wo_video,3931,2,This mixtape features a collection of 90s Hip-Hop tracks that will give your video a nostalgic feel.,This mixtape features a collection of 90s Hip-Hop tracks that will give your video a nostalgic feel.,E2_metadata_unsupported,音樂元資料不支持,metadata_claim_without_named_entity,含元資料詞但無可比對的具名實體，查無支持,hip-hop,supported,,,not_applicable,1,,,,"In that case, I would recommend 'The 90s Hip-Hop Mixtape'. This mixtape features a collection of 90s Hip-Hop tracks that will give your video a nostalgic feel. It includes artists like A Tribe Called Quest, De La Soul, and The Fugees. The mixtape also includes electronic, rock, and pop elements that will add variety to your video."
wo_video,1698,2,It's a track from the 80s with soul,It's a track from the 80s with soul and dance elements.,E2_metadata_unsupported,音樂元資料不支持,genre_partially_supported,部分曲風查無支持：['soul']（musicnn 標籤有雜訊，查無支持不等於事實錯誤）,dance;soul,partially_supported,soul,,not_applicable,1,,,,"Allow me to recommend 'Soul Train' by Kerwin Du Bois. It's a track from the 80s with soul and dance elements. Although there is no specific information available about the album, artists, or track name, it aligns with the pop and electronic genres you mentioned. It may also have guitar and rock influences that could be a fitting choice for your video."
wo_video,3126,2,"This track combines electronic, jazz","This track combines electronic, jazz, and chillout elements with a touch of rock.",E2_metadata_unsupported,音樂元資料不支持,genre_partially_supported,"部分曲風查無支持：['jazz', 'rock']（musicnn 標籤有雜訊，查無支持不等於事實錯誤）",chillout;electronic;jazz;rock,partially_supported,jazz;rock,,not_applicable,1,,,,"In that case, I would recommend 'Sunshine' by The Sounds. This track combines electronic, jazz, and chillout elements with a touch of rock. It has a soothing and relaxing vibe that would be perfect for your video."
wo_video,3126,3,chillout elements with a touch of rock.,"This track combines electronic, jazz, and chillout elements with a touch of rock.",E2_metadata_unsupported,音樂元資料不支持,genre_partially_supported,"部分曲風查無支持：['jazz', 'rock']（musicnn 標籤有雜訊，查無支持不等於事實錯誤）",chillout;electronic;jazz;rock,partially_supported,jazz;rock,,not_applicable,1,,,,"In that case, I would recommend 'Sunshine' by The Sounds. This track combines electronic, jazz, and chillout elements with a touch of rock. It has a soothing and relaxing vibe that would be perfect for your video."
wo_video,3126,5,relaxing vibe that would be perfect for your video.,It has a soothing and relaxing vibe that would be perfect for your video.,E4_vague_generic,一般性空泛描述／主觀陳述,subjective_statement,泛用效用或主觀陳述，本質上不具可驗證性,,not_applicable,,,not_applicable,0,,,,"In that case, I would recommend 'Sunshine' by The Sounds. This track combines electronic, jazz, and chillout elements with a touch of rock. It has a soothing and relaxing vibe that would be perfect for your video."
wo_video,123,3,it has a summery vibe that would be perfect for your video.,"This track is a collaboration between The Beach Boys and The B-52s, and it has a summery vibe that would be perfect for your video.",E4_vague_generic,一般性空泛描述／主觀陳述,generic_video_benefit,泛用效用或主觀陳述，本質上不具可驗證性,,not_applicable,,,not_applicable,0,,,,"In that case, I would recommend 'Summertime' by The Beach Boys. This track is a collaboration between The Beach Boys and The B-52s, and it has a summery vibe that would be perfect for your video. It's part of the album 'Summertime' and it's available on iTunes."
wo_video,307,5,It has a unique,It has a unique and captivating storytelling style that could add an interesting element to your video.,E4_vague_generic,一般性空泛描述／主觀陳述,subjective_statement,泛用效用或主觀陳述，本質上不具可驗證性,,not_applicable,,,not_applicable,0,,,,"I recommend 'Redhooknoodles - The Story of Redhooknoodles'. It's a track that tells the story of Redhooknoodles, a hip-hop artist from the 90s. The song combines elements of hip-hop, electronic, and jazz with a touch of rock. It has a unique and captivating storytelling style that could add an interesting element to your video."
wo_video,307,6,captivating storytelling style that could add an interesting element to your video.,It has a unique and captivating storytelling style that could add an interesting element to your video.,E4_vague_generic,一般性空泛描述／主觀陳述,subjective_statement,泛用效用或主觀陳述，本質上不具可驗證性,,not_applicable,,,not_applicable,0,,,,"I recommend 'Redhooknoodles - The Story of Redhooknoodles'. It's a track that tells the story of Redhooknoodles, a hip-hop artist from the 90s. The song combines elements of hip-hop, electronic, and jazz with a touch of rock. It has a unique and captivating storytelling style that could add an interesting element to your video."
wo_video,123,2,This track is a collaboration between The Beach Boys,"This track is a collaboration between The Beach Boys and The B-52s, and it has a summery vibe that would be perfect for your video.",E4_vague_generic,一般性空泛描述／主觀陳述,generic_video_benefit,泛用效用或主觀陳述，本質上不具可驗證性,,not_applicable,,,not_applicable,0,,,,"In that case, I would recommend 'Summertime' by The Beach Boys. This track is a collaboration between The Beach Boys and The B-52s, and it has a summery vibe that would be perfect for your video. It's part of the album 'Summertime' and it's available on iTunes."
wo_video,3126,4,It has a soothing,It has a soothing and relaxing vibe that would be perfect for your video.,E4_vague_generic,一般性空泛描述／主觀陳述,subjective_statement,泛用效用或主觀陳述，本質上不具可驗證性,,not_applicable,,,not_applicable,0,,,,"In that case, I would recommend 'Sunshine' by The Sounds. This track combines electronic, jazz, and chillout elements with a touch of rock. It has a soothing and relaxing vibe that would be perfect for your video."
wo_video,863,3,it's perfect for getting people moving.,"This track has a dance and pop vibe, and it's perfect for getting people moving.",E5_multi_source_ambiguous,多來源無法區分,music_property_plus_video_effect,同一子句混合曲風敘述與影片效用宣稱，無法單一歸屬,dance;pop,supported,,,not_applicable,0,,,,"In that case, I would recommend 'Dance With Me' by Thalia. This track has a dance and pop vibe, and it's perfect for getting people moving. It's part of the album 'Dance With Me' by Thalia."
wo_video,215,2,This track has an electronic,"This track has an electronic and dance feel, which will definitely get the energy up for your video.",E5_multi_source_ambiguous,多來源無法區分,music_property_plus_video_effect,同一子句混合曲風敘述與影片效用宣稱，無法單一歸屬,dance;electronic,supported,,,not_applicable,0,,,,"In that case, I would recommend 'Dance With Me' by ベッド・イン. This track has an electronic and dance feel, which will definitely get the energy up for your video. It's part of the album 'Dance With Me' by ベッド・イン."
wo_video,863,2,This track has a dance,"This track has a dance and pop vibe, and it's perfect for getting people moving.",E5_multi_source_ambiguous,多來源無法區分,music_property_plus_video_effect,同一子句混合曲風敘述與影片效用宣稱，無法單一歸屬,dance;pop,supported,,,not_applicable,0,,,,"In that case, I would recommend 'Dance With Me' by Thalia. This track has a dance and pop vibe, and it's perfect for getting people moving. It's part of the album 'Dance With Me' by Thalia."
wo_video,215,3,"dance feel, which will definitely get the energy up for your video.","This track has an electronic and dance feel, which will definitely get the energy up for your video.",E5_multi_source_ambiguous,多來源無法區分,music_property_plus_video_effect,同一子句混合曲風敘述與影片效用宣稱，無法單一歸屬,dance;electronic,supported,,,not_applicable,0,,,,"In that case, I would recommend 'Dance With Me' by ベッド・イン. This track has an electronic and dance feel, which will definitely get the energy up for your video. It's part of the album 'Dance With Me' by ベッド・イン."
wo_video,2648,2,Rahshon - All Night Long'.,Rahshon - All Night Long'.,E6_likely_hallucination,可能幻覺,unclassified_specific_claim,具體主張但未命中任何證據來源,,not_applicable,,,not_applicable,1,,,,"Certainly! I recommend 'Uno Feat. Rahshon - All Night Long'. It's a track with electronic and experimental elements, similar to the song you mentioned. Although I don't have specific information about the track, it aligns well with the genres you're interested in."
wo_video,2786,4,"Although I don't have much information about this specific track, it aligns well with the styles you mentioned.","Although I don't have much information about this specific track, it aligns well with the styles you mentioned.",E6_likely_hallucination,可能幻覺,unclassified_specific_claim,具體主張但未命中任何證據來源,,not_applicable,,,not_applicable,1,,,,"Certainly! I recommend 'Mama Dice' by Efe Yerom. It's a track that combines elements of rock, soul, and blues with a touch of pop. Although I don't have much information about this specific track, it aligns well with the styles you mentioned."
wo_video,2325,1,How about 'Dj Taj - Tuka'?,How about 'Dj Taj - Tuka'?,E6_likely_hallucination,可能幻覺,named_entity_absent_from_all_evidence,引號名稱 ['Dj Taj - Tuka'] 未見於管線內證據與外部 metadata；屬具體可查證卻查無支持者，列為可能幻覺並送人工複核,,not_applicable,,Dj Taj - Tuka,not_found,1,,,,"Sure! How about 'Dj Taj - Tuka'? It's a track by Dj Taj that combines elements of Hip-Hop, electronic, and rock with fast-paced and male vocals. It has a techno and electronic sound as well. It could be a fitting choice for your video."
wo_video,2648,5,"Although I don't have specific information about the track, it aligns well with the genres you're interested in.","Although I don't have specific information about the track, it aligns well with the genres you're interested in.",E6_likely_hallucination,可能幻覺,unclassified_specific_claim,具體主張但未命中任何證據來源,,not_applicable,,,not_applicable,1,,,,"Certainly! I recommend 'Uno Feat. Rahshon - All Night Long'. It's a track with electronic and experimental elements, similar to the song you mentioned. Although I don't have specific information about the track, it aligns well with the genres you're interested in."
wo_video,3514,4,"Although I don't have much information about this track, it aligns well with the styles you mentioned.","Although I don't have much information about this track, it aligns well with the styles you mentioned.",E6_likely_hallucination,可能幻覺,unclassified_specific_claim,具體主張但未命中任何證據來源,,not_applicable,,,not_applicable,1,,,,"Certainly! I recommend 'One More Day' by Go With Me. It's a track that combines elements of rock, pop, and folk with a classic rock and folk influence. Although I don't have much information about this track, it aligns well with the styles you mentioned."
wo_video,3317,3,"Although I don't have much information about this track, it seems to align with the genres you're interested in.","Although I don't have much information about this track, it seems to align with the genres you're interested in.",E6_likely_hallucination,可能幻覺,unclassified_specific_claim,具體主張但未命中任何證據來源,,not_applicable,,,not_applicable,1,,,,"Certainly! I recommend 'My Life' by YOUNG D. It's a track that combines elements of hip-hop, R&B, and electronic music. Although I don't have much information about this track, it seems to align with the genres you're interested in."
