sample_idx,video_id,gt_music_id,top1_music_id,top1_video_id,condition,claim_id,claim_text,parent_sentence,parent_source,parent_claim_type,generation_degenerate,degenerate_reason,is_truncated_fragment,bucket,bucket_label,subtype,evidence_note,genre_terms,genre_verification,genre_supported,genre_missing,quoted_names,quoted_verification,external_evidence_available,needs_human_review,generated_text
54,_8YWB9SlUFU,_8YWB9SlUFU_QP5qHCe9FP4,X9qC7p7L7Ak_8zXy6LPpr1Y,X9qC7p7L7Ak,full,2,This track has a beautiful indie,"This track has a beautiful indie and folk sound, with a touch of melancholy.",audio-supported,audio,0,,1,E0_clause_split_artifact,斷句碎片（標註流程假影）,parent_audio-supported,"母句可歸屬，unsupported 係 split_claims 於 and/, 處切斷所致",folk;indie,supported,folk;indie,,,not_applicable,1,0,"In that case, I would recommend 'Universe Of Dots' by Mona la Phona. This track has a beautiful indie and folk sound, with a touch of melancholy. It's part of the album 'Universe Of Dots' and would be a perfect fit for your video."
54,_8YWB9SlUFU,_8YWB9SlUFU_QP5qHCe9FP4,X9qC7p7L7Ak_8zXy6LPpr1Y,X9qC7p7L7Ak,wo_video,2,This track has an indie,"This track has an indie and folk sound, with a touch of melancholy.",audio-supported,audio,0,,1,E0_clause_split_artifact,斷句碎片（標註流程假影）,parent_audio-supported,"母句可歸屬，unsupported 係 split_claims 於 and/, 處切斷所致",folk;indie,supported,folk;indie,,,not_applicable,1,0,"In that case, I would recommend 'Mona la Phona - Universe Of Dots'. This track has an indie and folk sound, with a touch of melancholy. It's part of the album 'Universe Of Dots' by Mona la Phona. It would be a great fit for your video."
54,_8YWB9SlUFU,_8YWB9SlUFU_QP5qHCe9FP4,X9qC7p7L7Ak_8zXy6LPpr1Y,X9qC7p7L7Ak,wo_audio_feature_only,3,folk with a touch of melancholy.,"It's a track that combines elements of rock, indie, and folk with a touch of melancholy.",audio-supported,audio,0,,0,E0_clause_split_artifact,斷句碎片（標註流程假影）,parent_audio-supported,"母句可歸屬，unsupported 係 split_claims 於 and/, 處切斷所致",folk;indie;rock,supported,folk;indie;rock,,,not_applicable,1,0,"In that case, I would recommend 'The Best of Us' by The Cure for PTSD. It's a track that combines elements of rock, indie, and folk with a touch of melancholy. It has a pop and dance vibe with a touch of melancholy. It's a track that combines elements of rock, indie, and folk with a touch of melancholy. It has a pop and dance vibe with a touch of melancholy."
54,_8YWB9SlUFU,_8YWB9SlUFU_QP5qHCe9FP4,X9qC7p7L7Ak_8zXy6LPpr1Y,X9qC7p7L7Ak,wo_audio_feature_only,4,It has a pop,It has a pop and dance vibe with a touch of melancholy.,unsupported,unknown,0,,1,E2_metadata_unsupported,音樂元資料不支持,genre_partially_supported,部分曲風查無支持：['dance']（musicnn 標籤有雜訊，查無支持不等於事實錯誤）,dance;pop,partially_supported,pop,dance,,not_applicable,1,1,"In that case, I would recommend 'The Best of Us' by The Cure for PTSD. It's a track that combines elements of rock, indie, and folk with a touch of melancholy. It has a pop and dance vibe with a touch of melancholy. It's a track that combines elements of rock, indie, and folk with a touch of melancholy. It has a pop and dance vibe with a touch of melancholy."
54,_8YWB9SlUFU,_8YWB9SlUFU_QP5qHCe9FP4,X9qC7p7L7Ak_8zXy6LPpr1Y,X9qC7p7L7Ak,wo_audio_feature_only,5,dance vibe with a touch of melancholy.,It has a pop and dance vibe with a touch of melancholy.,unsupported,unknown,0,,0,E2_metadata_unsupported,音樂元資料不支持,genre_partially_supported,部分曲風查無支持：['dance']（musicnn 標籤有雜訊，查無支持不等於事實錯誤）,dance;pop,partially_supported,pop,dance,,not_applicable,1,1,"In that case, I would recommend 'The Best of Us' by The Cure for PTSD. It's a track that combines elements of rock, indie, and folk with a touch of melancholy. It has a pop and dance vibe with a touch of melancholy. It's a track that combines elements of rock, indie, and folk with a touch of melancholy. It has a pop and dance vibe with a touch of melancholy."
54,_8YWB9SlUFU,_8YWB9SlUFU_QP5qHCe9FP4,X9qC7p7L7Ak_8zXy6LPpr1Y,X9qC7p7L7Ak,wo_audio_feature_only,7,folk with a touch of melancholy.,"It's a track that combines elements of rock, indie, and folk with a touch of melancholy.",audio-supported,audio,0,,0,E0_clause_split_artifact,斷句碎片（標註流程假影）,parent_audio-supported,"母句可歸屬，unsupported 係 split_claims 於 and/, 處切斷所致",folk;indie;rock,supported,folk;indie;rock,,,not_applicable,1,0,"In that case, I would recommend 'The Best of Us' by The Cure for PTSD. It's a track that combines elements of rock, indie, and folk with a touch of melancholy. It has a pop and dance vibe with a touch of melancholy. It's a track that combines elements of rock, indie, and folk with a touch of melancholy. It has a pop and dance vibe with a touch of melancholy."
54,_8YWB9SlUFU,_8YWB9SlUFU_QP5qHCe9FP4,X9qC7p7L7Ak_8zXy6LPpr1Y,X9qC7p7L7Ak,wo_audio_feature_only,8,It has a pop,It has a pop and dance vibe with a touch of melancholy.,unsupported,unknown,0,,1,E2_metadata_unsupported,音樂元資料不支持,genre_partially_supported,部分曲風查無支持：['dance']（musicnn 標籤有雜訊，查無支持不等於事實錯誤）,dance;pop,partially_supported,pop,dance,,not_applicable,1,1,"In that case, I would recommend 'The Best of Us' by The Cure for PTSD. It's a track that combines elements of rock, indie, and folk with a touch of melancholy. It has a pop and dance vibe with a touch of melancholy. It's a track that combines elements of rock, indie, and folk with a touch of melancholy. It has a pop and dance vibe with a touch of melancholy."
54,_8YWB9SlUFU,_8YWB9SlUFU_QP5qHCe9FP4,X9qC7p7L7Ak_8zXy6LPpr1Y,X9qC7p7L7Ak,wo_audio_feature_only,9,dance vibe with a touch of melancholy.,It has a pop and dance vibe with a touch of melancholy.,unsupported,unknown,0,,0,E2_metadata_unsupported,音樂元資料不支持,genre_partially_supported,部分曲風查無支持：['dance']（musicnn 標籤有雜訊，查無支持不等於事實錯誤）,dance;pop,partially_supported,pop,dance,,not_applicable,1,1,"In that case, I would recommend 'The Best of Us' by The Cure for PTSD. It's a track that combines elements of rock, indie, and folk with a touch of melancholy. It has a pop and dance vibe with a touch of melancholy. It's a track that combines elements of rock, indie, and folk with a touch of melancholy. It has a pop and dance vibe with a touch of melancholy."
54,_8YWB9SlUFU,_8YWB9SlUFU_QP5qHCe9FP4,X9qC7p7L7Ak_8zXy6LPpr1Y,X9qC7p7L7Ak,wo_audio_all,2,This track has a melancholy,"This track has a melancholy and indie sound, which aligns with the indie and folk elements you're looking for.",prompt-supported,prompt,0,,1,E0_clause_split_artifact,斷句碎片（標註流程假影）,parent_prompt-supported,"母句可歸屬，unsupported 係 split_claims 於 and/, 處切斷所致",folk;indie,supported,folk;indie,,,not_applicable,1,0,"In that case, I would recommend 'Melancholy' by The National. This track has a melancholy and indie sound, which aligns with the indie and folk elements you're looking for. It's a perfect fit for your video."
54,_8YWB9SlUFU,_8YWB9SlUFU_QP5qHCe9FP4,X9qC7p7L7Ak_8zXy6LPpr1Y,X9qC7p7L7Ak,wo_prompt,5,It has a unique,It has a unique and captivating sound that could add a special touch to your video.,audio-supported,audio,0,,1,E0_clause_split_artifact,斷句碎片（標註流程假影）,parent_audio-supported,"母句可歸屬，unsupported 係 split_claims 於 and/, 處切斷所致",,not_applicable,,,,not_applicable,1,0,"I recommend 'Universe Of Dots' by Mona la Phona. It's a track from their album 'Universe Of Dots'. The song combines elements of indie, folk, and pop with female vocals. It has a unique and captivating sound that could add a special touch to your video."
54,_8YWB9SlUFU,_8YWB9SlUFU_QP5qHCe9FP4,X9qC7p7L7Ak_8zXy6LPpr1Y,X9qC7p7L7Ak,wo_ltp,1,5th that is for that.,5th that is for that.,unsupported,unknown,1,top_token_share=0.40,0,E7_degenerate_generation,生成崩潰（退化輸出）,degenerate_output,整段生成為退化輸出（top_token_share=0.40），此時的 unsupported 反映生成崩潰而非主張缺乏證據,,not_applicable,,,,not_applicable,1,0,. is is that. 5th that is for that. 5th that. 4.4. 4.4.4.4.4.4.4.4.4.4.4.4.4.4.4.4.4.4.4.4.4.4.4.4.4.4.4444444444444444444444444444444444444444444444444444
104,iV3xE72xNJg,iV3xE72xNJg_K124ajZigxc,JFof9BQKYO8_FPJ4va7F1Uk,JFof9BQKYO8,full,3,The song combines electronic,"The song combines electronic and chillout elements, which aligns well with the style you're looking for.",prompt-supported,prompt,0,,1,E0_clause_split_artifact,斷句碎片（標註流程假影）,parent_prompt-supported,"母句可歸屬，unsupported 係 split_claims 於 and/, 處切斷所致",chillout;electronic,supported,chillout;electronic,,,not_applicable,1,0,"Certainly! I recommend 'Kapris - Crystal Cavern'. It's a track from Kapris' album 'Crystal Cavern'. The song combines electronic and chillout elements, which aligns well with the style you're looking for. It was released in 2012 and has a unique and atmospheric sound."
104,iV3xE72xNJg,iV3xE72xNJg_K124ajZigxc,JFof9BQKYO8_FPJ4va7F1Uk,JFof9BQKYO8,wo_audio_feature_only,3,"Although I don't have specific information about this track, it aligns with the electronic","Although I don't have specific information about this track, it aligns with the electronic and chillout style you mentioned in the description.",audio-supported,audio,0,,1,E0_clause_split_artifact,斷句碎片（標註流程假影）,parent_audio-supported,"母句可歸屬，unsupported 係 split_claims 於 and/, 處切斷所致",chillout;electronic,supported,chillout;electronic,,,not_applicable,1,0,"I recommend 'Kapris' by Dirty Chocolate. It's an electronic and chillout style track that incorporates elements of rock, pop, and dance. Although I don't have specific information about this track, it aligns with the electronic and chillout style you mentioned in the description."
104,iV3xE72xNJg,iV3xE72xNJg_K124ajZigxc,JFof9BQKYO8_FPJ4va7F1Uk,JFof9BQKYO8,wo_prompt,3,"The song combines electronic, ambient","The song combines electronic, ambient, and experimental genres with female vocals.",audio-supported,audio,0,,1,E0_clause_split_artifact,斷句碎片（標註流程假影）,parent_audio-supported,"母句可歸屬，unsupported 係 split_claims 於 and/, 處切斷所致",ambient;electronic,supported,ambient;electronic,,,not_applicable,1,0,"I recommend 'Crystal Cavern' by Dirty Chocolate. It's a track from their album 'Dirty Chocolate'. The song combines electronic, ambient, and experimental genres with female vocals. It has a unique and atmospheric sound that could add a distinctive touch to your video."
104,iV3xE72xNJg,iV3xE72xNJg_K124ajZigxc,JFof9BQKYO8_FPJ4va7F1Uk,JFof9BQKYO8,wo_prompt,5,It has a unique,It has a unique and atmospheric sound that could add a distinctive touch to your video.,audio-supported,audio,0,,1,E0_clause_split_artifact,斷句碎片（標註流程假影）,parent_audio-supported,"母句可歸屬，unsupported 係 split_claims 於 and/, 處切斷所致",,not_applicable,,,,not_applicable,1,0,"I recommend 'Crystal Cavern' by Dirty Chocolate. It's a track from their album 'Dirty Chocolate'. The song combines electronic, ambient, and experimental genres with female vocals. It has a unique and atmospheric sound that could add a distinctive touch to your video."
104,iV3xE72xNJg,iV3xE72xNJg_K124ajZigxc,JFof9BQKYO8_FPJ4va7F1Uk,JFof9BQKYO8,wo_ltp,1,I's is is is is is is is is is is is is is is is is is is is is is is is is is is is is is is is is is is is is is is is is is is is is is is is is is is is is is is is is is is is is is is is is is is is is is is is is is is is is is is is is is is is is is is is is is is is is is is is is is is is is:s:s:s:s:s:s:s:s:s:s:s:s,I's is is is is is is is is is is is is is is is is is is is is is is is is is is is is is is is is is is is is is is is is is is is is is is is is is is is is is is is is is is is is is is is is is is is is is is is is is is is is is is is is is is is is is is is is is is is is is is is is is is is is:s:s:s:s:s:s:s:s:s:s:s:s,unsupported,unknown,1,type_token_ratio=0.03,0,E7_degenerate_generation,生成崩潰（退化輸出）,degenerate_output,整段生成為退化輸出（type_token_ratio=0.03），此時的 unsupported 反映生成崩潰而非主張缺乏證據,,not_applicable,,,,not_applicable,1,0,I's is is is is is is is is is is is is is is is is is is is is is is is is is is is is is is is is is is is is is is is is is is is is is is is is is is is is is is is is is is is is is is is is is is is is is is is is is is is is is is is is is is is is is is is is is is is is is is is is is is is is:s:s:s:s:s:s:s:s:s:s:s:s
123,iWKoFZAX4MM,iWKoFZAX4MM_dVoN7QajNz8,HA76Wa7uUxw_1Tgp_sAqnbA,HA76Wa7uUxw,full,2,It's a track that captures the essence of summer with its catchy pop,It's a track that captures the essence of summer with its catchy pop and indie rock elements.,unsupported,unknown,0,,1,E0b_rule_miss_verified,規則漏判但有證據支持,genre_claim_verified_by_tags,曲風敘述可由 musicnn 標籤／參考文本支持；v2 因 GENRE_TERMS 需搭配 anchor 詞才計為 audio 而漏判,indie;pop;rock,supported,indie;pop;rock,,,not_applicable,1,0,"In that case, 'Summer' by The Vamps, produced by The Vamps, would be a perfect fit. It's a track that captures the essence of summer with its catchy pop and indie rock elements. The Vamps are known for their energetic and upbeat music, and this collaboration is sure to bring a summery vibe to your video."
123,iWKoFZAX4MM,iWKoFZAX4MM_dVoN7QajNz8,HA76Wa7uUxw_1Tgp_sAqnbA,HA76Wa7uUxw,full,4,this collaboration is sure to bring a summery vibe to your video.,"The Vamps are known for their energetic and upbeat music, and this collaboration is sure to bring a summery vibe to your video.",audio-supported,audio,0,,0,E0_clause_split_artifact,斷句碎片（標註流程假影）,parent_audio-supported,"母句可歸屬，unsupported 係 split_claims 於 and/, 處切斷所致",,not_applicable,,,,not_applicable,1,0,"In that case, 'Summer' by The Vamps, produced by The Vamps, would be a perfect fit. It's a track that captures the essence of summer with its catchy pop and indie rock elements. The Vamps are known for their energetic and upbeat music, and this collaboration is sure to bring a summery vibe to your video."
123,iWKoFZAX4MM,iWKoFZAX4MM_dVoN7QajNz8,HA76Wa7uUxw_1Tgp_sAqnbA,HA76Wa7uUxw,wo_video,2,This track is a collaboration between The Beach Boys,"This track is a collaboration between The Beach Boys and The B-52s, and it has a summery vibe that would be perfect for your video.",unsupported,unknown,0,,1,E4_vague_generic,一般性空泛描述／主觀陳述,generic_video_benefit,泛用效用或主觀陳述，本質上不具可驗證性,,not_applicable,,,,not_applicable,1,0,"In that case, I would recommend 'Summertime' by The Beach Boys. This track is a collaboration between The Beach Boys and The B-52s, and it has a summery vibe that would be perfect for your video. It's part of the album 'Summertime' and it's available on iTunes."
123,iWKoFZAX4MM,iWKoFZAX4MM_dVoN7QajNz8,HA76Wa7uUxw_1Tgp_sAqnbA,HA76Wa7uUxw,wo_video,3,it has a summery vibe that would be perfect for your video.,"This track is a collaboration between The Beach Boys and The B-52s, and it has a summery vibe that would be perfect for your video.",unsupported,unknown,0,,0,E4_vague_generic,一般性空泛描述／主觀陳述,generic_video_benefit,泛用效用或主觀陳述，本質上不具可驗證性,,not_applicable,,,,not_applicable,1,0,"In that case, I would recommend 'Summertime' by The Beach Boys. This track is a collaboration between The Beach Boys and The B-52s, and it has a summery vibe that would be perfect for your video. It's part of the album 'Summertime' and it's available on iTunes."
123,iWKoFZAX4MM,iWKoFZAX4MM_dVoN7QajNz8,HA76Wa7uUxw_1Tgp_sAqnbA,HA76Wa7uUxw,wo_video,5,it's available on iTunes.,It's part of the album 'Summertime' and it's available on iTunes.,metadata-supported,metadata,0,,0,E0_clause_split_artifact,斷句碎片（標註流程假影）,parent_metadata-supported,"母句可歸屬，unsupported 係 split_claims 於 and/, 處切斷所致",,not_applicable,,,Summertime,not_found,1,0,"In that case, I would recommend 'Summertime' by The Beach Boys. This track is a collaboration between The Beach Boys and The B-52s, and it has a summery vibe that would be perfect for your video. It's part of the album 'Summertime' and it's available on iTunes."
123,iWKoFZAX4MM,iWKoFZAX4MM_dVoN7QajNz8,HA76Wa7uUxw_1Tgp_sAqnbA,HA76Wa7uUxw,wo_audio_feature_only,2,This track is a collaboration between The Wedding Presents,This track is a collaboration between The Wedding Presents and The Wedding Presents.,unsupported,unknown,0,,1,E3_video_unsupported,影片內容不支持,specific_video_content_asserted,主張具體影片情境（如婚禮／旅遊），但模型輸入僅有 CLIP 影像特徵，規則層無法驗證，送人工複核,,not_applicable,,,,not_applicable,1,1,"In that case, I would recommend 'The Wedding Song' by The Wedding Presents. This track is a collaboration between The Wedding Presents and The Wedding Presents. It's a blend of Hip-Hop and electronic music with a mix of genres like pop, rock, and dance. The Wedding Presents is a unique blend of Hip-Hop and electronic music with a mix of genres like pop, rock, and dance. It's a collaboration between The Wedding Presents and The Wedding Presents, which is a blend of Hip-H"
123,iWKoFZAX4MM,iWKoFZAX4MM_dVoN7QajNz8,HA76Wa7uUxw_1Tgp_sAqnbA,HA76Wa7uUxw,wo_audio_feature_only,7,It's a collaboration between The Wedding Presents,"It's a collaboration between The Wedding Presents and The Wedding Presents, which is a blend of Hip-H",unsupported,unknown,0,,1,E3_video_unsupported,影片內容不支持,specific_video_content_asserted,主張具體影片情境（如婚禮／旅遊），但模型輸入僅有 CLIP 影像特徵，規則層無法驗證，送人工複核,,not_applicable,,,,not_applicable,1,1,"In that case, I would recommend 'The Wedding Song' by The Wedding Presents. This track is a collaboration between The Wedding Presents and The Wedding Presents. It's a blend of Hip-Hop and electronic music with a mix of genres like pop, rock, and dance. The Wedding Presents is a unique blend of Hip-Hop and electronic music with a mix of genres like pop, rock, and dance. It's a collaboration between The Wedding Presents and The Wedding Presents, which is a blend of Hip-H"
123,iWKoFZAX4MM,iWKoFZAX4MM_dVoN7QajNz8,HA76Wa7uUxw_1Tgp_sAqnbA,HA76Wa7uUxw,wo_audio_feature_only,8,"The Wedding Presents, which is a blend of Hip-H","It's a collaboration between The Wedding Presents and The Wedding Presents, which is a blend of Hip-H",unsupported,unknown,0,,0,E3_video_unsupported,影片內容不支持,specific_video_content_asserted,主張具體影片情境（如婚禮／旅遊），但模型輸入僅有 CLIP 影像特徵，規則層無法驗證，送人工複核,,not_applicable,,,,not_applicable,1,1,"In that case, I would recommend 'The Wedding Song' by The Wedding Presents. This track is a collaboration between The Wedding Presents and The Wedding Presents. It's a blend of Hip-Hop and electronic music with a mix of genres like pop, rock, and dance. The Wedding Presents is a unique blend of Hip-Hop and electronic music with a mix of genres like pop, rock, and dance. It's a collaboration between The Wedding Presents and The Wedding Presents, which is a blend of Hip-H"
123,iWKoFZAX4MM,iWKoFZAX4MM_dVoN7QajNz8,HA76Wa7uUxw_1Tgp_sAqnbA,HA76Wa7uUxw,wo_audio_all,3,"producers, including DJ Premier, DJ Premier","This track is a collaboration between various artists and producers, including DJ Premier, DJ Premier, and DJ Premier.",metadata-supported,metadata,0,,1,E0_clause_split_artifact,斷句碎片（標註流程假影）,parent_metadata-supported,"母句可歸屬，unsupported 係 split_claims 於 and/, 處切斷所致",,not_applicable,,,,not_applicable,1,0,"In that case, I would recommend 'Summery Vibe - The Remix' by The Remix. This track is a collaboration between various artists and producers, including DJ Premier, DJ Premier, and DJ Premier. It has a summery vibe and is known for its electronic, Hip-Hop, and dance elements. It's a great choice for your video."
123,iWKoFZAX4MM,iWKoFZAX4MM_dVoN7QajNz8,HA76Wa7uUxw_1Tgp_sAqnbA,HA76Wa7uUxw,wo_audio_all,4,It has a summery vibe,"It has a summery vibe and is known for its electronic, Hip-Hop, and dance elements.",unsupported,unknown,0,,1,E2_metadata_unsupported,音樂元資料不支持,genre_partially_supported,"部分曲風查無支持：['dance', 'hip-hop']（musicnn 標籤有雜訊，查無支持不等於事實錯誤）",dance;electronic;hip-hop,partially_supported,electronic,dance;hip-hop,,not_applicable,1,1,"In that case, I would recommend 'Summery Vibe - The Remix' by The Remix. This track is a collaboration between various artists and producers, including DJ Premier, DJ Premier, and DJ Premier. It has a summery vibe and is known for its electronic, Hip-Hop, and dance elements. It's a great choice for your video."
123,iWKoFZAX4MM,iWKoFZAX4MM_dVoN7QajNz8,HA76Wa7uUxw_1Tgp_sAqnbA,HA76Wa7uUxw,wo_audio_all,5,"is known for its electronic, Hip-Hop","It has a summery vibe and is known for its electronic, Hip-Hop, and dance elements.",unsupported,unknown,0,,1,E2_metadata_unsupported,音樂元資料不支持,genre_partially_supported,"部分曲風查無支持：['dance', 'hip-hop']（musicnn 標籤有雜訊，查無支持不等於事實錯誤）",dance;electronic;hip-hop,partially_supported,electronic,dance;hip-hop,,not_applicable,1,1,"In that case, I would recommend 'Summery Vibe - The Remix' by The Remix. This track is a collaboration between various artists and producers, including DJ Premier, DJ Premier, and DJ Premier. It has a summery vibe and is known for its electronic, Hip-Hop, and dance elements. It's a great choice for your video."
123,iWKoFZAX4MM,iWKoFZAX4MM_dVoN7QajNz8,HA76Wa7uUxw_1Tgp_sAqnbA,HA76Wa7uUxw,wo_ltp,1,<EMPTY_GENERATION>,<EMPTY_GENERATION>,unsupported,unknown,1,type_token_ratio=0.03,0,E7_degenerate_generation,生成崩潰（退化輸出）,degenerate_output,整段生成為退化輸出（type_token_ratio=0.03），此時的 unsupported 反映生成崩潰而非主張缺乏證據,,not_applicable,,,,not_applicable,1,0,. is. is is. is is. is. and. is. is. and. is. is. and. is. and. and. is. and. and. and. and. and. and. and. and. and. and. and. and. and. and. and. and. and. and. and. and. and. and. and. and. and. and. and. and. and. and. and. and. and. and. and. and. and. and. and. and. and. and. and. and. and. and. and. and
166,QKvUGxF7qzA,QKvUGxF7qzA_scdO5HE8so4,QKvUGxF7qzA_scdO5HE8so4,QKvUGxF7qzA,wo_ltp,1,"that, that, that, that, that, that, that, that, that' that, that, that' that, that, that' that' that, that' that' that' that't that' that' that' that' that' that' that' that' that' that' that' that' that' that' that' that' that' that' that' that' that' that' that' that' that' that' that' that' that' that' that' that",", that., and that., and that., and that, and that, and that, and that, that, that, that, that, that, that, that, that' that, that, that' that, that, that' that' that, that' that' that' that't that' that' that' that' that' that' that' that' that' that' that' that' that' that' that' that' that' that' that' that' that' that' that' that' that' that' that' that' that' that' that' that",unsupported,unknown,1,type_token_ratio=0.06,0,E7_degenerate_generation,生成崩潰（退化輸出）,degenerate_output,整段生成為退化輸出（type_token_ratio=0.06），此時的 unsupported 反映生成崩潰而非主張缺乏證據,,not_applicable,,,,not_applicable,1,0,", that., and that., and that., and that, and that, and that, and that, that, that, that, that, that, that, that, that' that, that, that' that, that, that' that' that, that' that' that' that't that' that' that' that' that' that' that' that' that' that' that' that' that' that' that' that' that' that' that' that' that' that' that' that' that' that' that' that' that' that' that' that"
215,yyaNJKJ6y6k,yyaNJKJ6y6k_0hMrj3zZxB8,ahmgp5DyW64_ZrZqngJhrEc,ahmgp5DyW64,full,3,pop elements with a touch of rock.,"This track is a perfect fit for your needs, as it combines electronic, dance, and pop elements with a touch of rock.",general-supported,general,0,,0,E0_clause_split_artifact,斷句碎片（標註流程假影）,parent_general-supported,"母句可歸屬，unsupported 係 split_claims 於 and/, 處切斷所致",dance;electronic;pop;rock,supported,dance;electronic;pop;rock,,,not_applicable,1,0,"In that case, I'd recommend 'Bed In' by ベッド・イン. This track is a perfect fit for your needs, as it combines electronic, dance, and pop elements with a touch of rock. It's a high-energy song that will definitely get the energy up in your video."
215,yyaNJKJ6y6k,yyaNJKJ6y6k_0hMrj3zZxB8,ahmgp5DyW64_ZrZqngJhrEc,ahmgp5DyW64,full,4,It's a high-energy song that will definitely get the energy up in your video.,It's a high-energy song that will definitely get the energy up in your video.,unsupported,unknown,0,,0,E4_vague_generic,一般性空泛描述／主觀陳述,generic_video_benefit,泛用效用或主觀陳述，本質上不具可驗證性,,not_applicable,,,,not_applicable,1,0,"In that case, I'd recommend 'Bed In' by ベッド・イン. This track is a perfect fit for your needs, as it combines electronic, dance, and pop elements with a touch of rock. It's a high-energy song that will definitely get the energy up in your video."
215,yyaNJKJ6y6k,yyaNJKJ6y6k_0hMrj3zZxB8,ahmgp5DyW64_ZrZqngJhrEc,ahmgp5DyW64,wo_video,2,This track has an electronic,"This track has an electronic and dance feel, which will definitely get the energy up for your video.",unsupported,unknown,0,,1,E5_multi_source_ambiguous,多來源無法區分,music_property_plus_video_effect,同一子句混合曲風敘述與影片效用宣稱，無法單一歸屬,dance;electronic,supported,dance;electronic,,,not_applicable,1,0,"In that case, I would recommend 'Dance With Me' by ベッド・イン. This track has an electronic and dance feel, which will definitely get the energy up for your video. It's part of the album 'Dance With Me' by ベッド・イン."
215,yyaNJKJ6y6k,yyaNJKJ6y6k_0hMrj3zZxB8,ahmgp5DyW64_ZrZqngJhrEc,ahmgp5DyW64,wo_video,3,"dance feel, which will definitely get the energy up for your video.","This track has an electronic and dance feel, which will definitely get the energy up for your video.",unsupported,unknown,0,,0,E5_multi_source_ambiguous,多來源無法區分,music_property_plus_video_effect,同一子句混合曲風敘述與影片效用宣稱，無法單一歸屬,dance;electronic,supported,dance;electronic,,,not_applicable,1,0,"In that case, I would recommend 'Dance With Me' by ベッド・イン. This track has an electronic and dance feel, which will definitely get the energy up for your video. It's part of the album 'Dance With Me' by ベッド・イン."
215,yyaNJKJ6y6k,yyaNJKJ6y6k_0hMrj3zZxB8,ahmgp5DyW64_ZrZqngJhrEc,ahmgp5DyW64,wo_audio_feature_only,3,pop with a catchy,"It's a track that combines elements of electronic, dance, and pop with a catchy and danceable vibe.",audio-supported,audio,0,,1,E0_clause_split_artifact,斷句碎片（標註流程假影）,parent_audio-supported,"母句可歸屬，unsupported 係 split_claims 於 and/, 處切斷所致",dance;electronic;pop,supported,dance;electronic;pop,,,not_applicable,1,0,"In that case, I recommend 'The Dance of the Electronic and Dance' by 2010-01-01. It's a track that combines elements of electronic, dance, and pop with a catchy and danceable vibe. It has a techno- and dance-like sound too, which could be a fitting choice for your video."
215,yyaNJKJ6y6k,yyaNJKJ6y6k_0hMrj3zZxB8,ahmgp5DyW64_ZrZqngJhrEc,ahmgp5DyW64,wo_audio_all,4,dance feel to it.,"This track is a perfect fit for your video, as it has an electronic and dance feel to it.",general-supported,general,0,,0,E0_clause_split_artifact,斷句碎片（標註流程假影）,parent_general-supported,"母句可歸屬，unsupported 係 split_claims 於 and/, 處切斷所致",dance;electronic,supported,dance;electronic,,,not_applicable,1,0,"In that case, I would recommend 'Electronic and Dance' by Lady Gaga. This track is a perfect fit for your video, as it has an electronic and dance feel to it. It's a great choice for a music video that needs a bit of an electronic and dance vibe."
215,yyaNJKJ6y6k,yyaNJKJ6y6k_0hMrj3zZxB8,ahmgp5DyW64_ZrZqngJhrEc,ahmgp5DyW64,wo_ltp,1,that is for that.,that is for that.,unsupported,unknown,1,type_token_ratio=0.03,0,E7_degenerate_generation,生成崩潰（退化輸出）,degenerate_output,整段生成為退化輸出（type_token_ratio=0.03），此時的 unsupported 反映生成崩潰而非主張缺乏證據,,not_applicable,,,,not_applicable,1,0,for. that. for that. for. that. for that. for that. that is for that. that? that. for that? for that. for that? for that. that? for that! that! that! that! that! that! that! that! that! that! that! that! that! that that that that that that that that that that that that that that that that that that that that that that that that that that that that that that that that that that that that that that that that that that that that that that that that that that that that that that that that that that that that that
215,yyaNJKJ6y6k,yyaNJKJ6y6k_0hMrj3zZxB8,ahmgp5DyW64_ZrZqngJhrEc,ahmgp5DyW64,wo_ltp,2,that that that that that that that that that that that that that that that that that that that that that that that that that that that that that that that that that that that that that that that that that that that that that that that that that that that that that that that that that that that that that,that that that that that that that that that that that that that that that that that that that that that that that that that that that that that that that that that that that that that that that that that that that that that that that that that that that that that that that that that that that that that,unsupported,unknown,1,type_token_ratio=0.03,0,E7_degenerate_generation,生成崩潰（退化輸出）,degenerate_output,整段生成為退化輸出（type_token_ratio=0.03），此時的 unsupported 反映生成崩潰而非主張缺乏證據,,not_applicable,,,,not_applicable,1,0,for. that. for that. for. that. for that. for that. that is for that. that? that. for that? for that. for that? for that. that? for that! that! that! that! that! that! that! that! that! that! that! that! that! that that that that that that that that that that that that that that that that that that that that that that that that that that that that that that that that that that that that that that that that that that that that that that that that that that that that that that that that that that that that that
256,JOUczfMaLTE,JOUczfMaLTE_F91pQy19-j0,qc7wevDH1OE_nkzZ3Cro0vU,qc7wevDH1OE,wo_video,3,The song has a chillout,"The song has a chillout and rock vibe, which could be a fitting choice for your video.",general-supported,general,0,,1,E0_clause_split_artifact,斷句碎片（標註流程假影）,parent_general-supported,"母句可歸屬，unsupported 係 split_claims 於 and/, 處切斷所致",chillout;rock,partially_supported,rock,chillout,,not_applicable,1,0,"I recommend 'Juaninacka' by Juaninacka. It's a track that combines elements of hip-hop, electronic, and rock genres. The song has a chillout and rock vibe, which could be a fitting choice for your video."
256,JOUczfMaLTE,JOUczfMaLTE_F91pQy19-j0,qc7wevDH1OE_nkzZ3Cro0vU,qc7wevDH1OE,wo_audio_feature_only,2,I'm sorry for the lack of information in the description.,I'm sorry for the lack of information in the description.,unsupported,unknown,0,,0,E6_likely_hallucination,可能幻覺,unclassified_specific_claim,具體主張但未命中任何證據來源,,not_applicable,,,,not_applicable,1,1,"I apologize for my previous recommendation. I'm sorry for the lack of information in the description. I'm looking for a track that combines hip-hop and electronic genres, with a chillout and rock vibe. I recommend 'Juaninacka' by Juaninacka. It's a track that combines elements of hip-hop and electronic genres, with a chillout and rock vibe. It has a chillout and rock vibe, which could be a fitting choice for your video."
256,JOUczfMaLTE,JOUczfMaLTE_F91pQy19-j0,qc7wevDH1OE_nkzZ3Cro0vU,qc7wevDH1OE,wo_audio_feature_only,8,It has a chillout,"It has a chillout and rock vibe, which could be a fitting choice for your video.",general-supported,general,0,,1,E0_clause_split_artifact,斷句碎片（標註流程假影）,parent_general-supported,"母句可歸屬，unsupported 係 split_claims 於 and/, 處切斷所致",chillout;rock,partially_supported,rock,chillout,,not_applicable,1,0,"I apologize for my previous recommendation. I'm sorry for the lack of information in the description. I'm looking for a track that combines hip-hop and electronic genres, with a chillout and rock vibe. I recommend 'Juaninacka' by Juaninacka. It's a track that combines elements of hip-hop and electronic genres, with a chillout and rock vibe. It has a chillout and rock vibe, which could be a fitting choice for your video."
256,JOUczfMaLTE,JOUczfMaLTE_F91pQy19-j0,qc7wevDH1OE_nkzZ3Cro0vU,qc7wevDH1OE,wo_audio_all,2,It's a track that combines hip-hop,"It's a track that combines hip-hop and electronic genres, with a chillout and rock vibe.",audio-supported,audio,0,,1,E0_clause_split_artifact,斷句碎片（標註流程假影）,parent_audio-supported,"母句可歸屬，unsupported 係 split_claims 於 and/, 處切斷所致",chillout;electronic;hip-hop;rock,partially_supported,electronic;hip-hop;rock,chillout,,not_applicable,1,0,"I suggest checking out 'Juaninacka' by Juaninacka. It's a track that combines hip-hop and electronic genres, with a chillout and rock vibe. Although I don't have much information about this specific track, it aligns with your preferences for a track that incorporates these elements."
256,JOUczfMaLTE,JOUczfMaLTE_F91pQy19-j0,qc7wevDH1OE_nkzZ3Cro0vU,qc7wevDH1OE,wo_ltp,1,<EMPTY_GENERATION>,<EMPTY_GENERATION>,unsupported,unknown,1,type_token_ratio=0.06,0,E7_degenerate_generation,生成崩潰（退化輸出）,degenerate_output,整段生成為退化輸出（type_token_ratio=0.06），此時的 unsupported 反映生成崩潰而非主張缺乏證據,,not_applicable,,,,not_applicable,1,0,".th.
th?
th?
th?
th?
th?
th?
th?
th.
th.
th.
th?
th.
th?
th.
th.th.
tht.th.
t.tht.t.t.t.t.t.t.t.t.t.t.t.t.t.t.t.t.t.t.t.t.t.t.t.t.t.t.t.t.t.t.t.t.t."
261,dLkm-Bpkgv4,dLkm-Bpkgv4_Hwl1Bf4gLvI,9EnOsXXK1Co_EbArGEbYA1s,9EnOsXXK1Co,full,3,It has a heavy,It has a heavy and experimental sound that will add a unique touch to your video.,audio-supported,audio,0,,1,E0_clause_split_artifact,斷句碎片（標註流程假影）,parent_audio-supported,"母句可歸屬，unsupported 係 split_claims 於 and/, 處切斷所致",,not_applicable,,,,not_applicable,1,0,"In that case, I would recommend 'Snow by Sun Heights'. This track is a perfect fit for your video as it falls under the genres of metal, rock, punk, and experimental. It has a heavy and experimental sound that will add a unique touch to your video."
261,dLkm-Bpkgv4,dLkm-Bpkgv4_Hwl1Bf4gLvI,9EnOsXXK1Co_EbArGEbYA1s,9EnOsXXK1Co,wo_video,2,This track has a heavy metal,"This track has a heavy metal and experimental sound, which aligns well with your preferences.",preference-supported,preference,0,,1,E0_clause_split_artifact,斷句碎片（標註流程假影）,parent_preference-supported,"母句可歸屬，unsupported 係 split_claims 於 and/, 處切斷所致",metal,supported,metal,,,not_applicable,1,0,"In that case, I would recommend 'Snow by Sun Heights'. This track has a heavy metal and experimental sound, which aligns well with your preferences. It's a great choice for your video."
261,dLkm-Bpkgv4,dLkm-Bpkgv4_Hwl1Bf4gLvI,9EnOsXXK1Co_EbArGEbYA1s,9EnOsXXK1Co,wo_audio_feature_only,2,It's a track with a heavier,It's a track with a heavier and more experimental sound.,audio-supported,audio,0,,1,E0_clause_split_artifact,斷句碎片（標註流程假影）,parent_audio-supported,"母句可歸屬，unsupported 係 split_claims 於 and/, 處切斷所致",,not_applicable,,,,not_applicable,1,0,"In that case, I would recommend 'Snow by Sun Heights' by Sun. It's a track with a heavier and more experimental sound. Although I don't have specific information about this track, it falls under the genres of rock, metal, and experimental, which align with your preferences."
261,dLkm-Bpkgv4,dLkm-Bpkgv4_Hwl1Bf4gLvI,9EnOsXXK1Co_EbArGEbYA1s,9EnOsXXK1Co,wo_audio_all,2,This track has a heavier,"This track has a heavier and more experimental sound, with elements of Hip-Hop, electronic, and dance genres.",audio-supported,audio,0,,1,E0_clause_split_artifact,斷句碎片（標註流程假影）,parent_audio-supported,"母句可歸屬，unsupported 係 split_claims 於 and/, 處切斷所致",dance;electronic;hip-hop,not_found,,dance;electronic;hip-hop,,not_applicable,1,0,"In that case, I would recommend 'The Heavy' by The Heavy. This track has a heavier and more experimental sound, with elements of Hip-Hop, electronic, and dance genres. It falls under the genres of rock, electronic, and experimental, which align with the heavy and experimental vibe you're looking for."
261,dLkm-Bpkgv4,dLkm-Bpkgv4_Hwl1Bf4gLvI,9EnOsXXK1Co_EbArGEbYA1s,9EnOsXXK1Co,wo_audio_all,5,"experimental, which align with the heavy","It falls under the genres of rock, electronic, and experimental, which align with the heavy and experimental vibe you're looking for.",prompt-supported,prompt,0,,1,E0_clause_split_artifact,斷句碎片（標註流程假影）,parent_prompt-supported,"母句可歸屬，unsupported 係 split_claims 於 and/, 處切斷所致",electronic;rock,partially_supported,rock,electronic,,not_applicable,1,0,"In that case, I would recommend 'The Heavy' by The Heavy. This track has a heavier and more experimental sound, with elements of Hip-Hop, electronic, and dance genres. It falls under the genres of rock, electronic, and experimental, which align with the heavy and experimental vibe you're looking for."
261,dLkm-Bpkgv4,dLkm-Bpkgv4_Hwl1Bf4gLvI,9EnOsXXK1Co_EbArGEbYA1s,9EnOsXXK1Co,wo_prompt,7,is available on iTunes.,It was released in 2013 and is available on iTunes.,metadata-supported,metadata,0,,0,E0_clause_split_artifact,斷句碎片（標註流程假影）,parent_metadata-supported,"母句可歸屬，unsupported 係 split_claims 於 and/, 處切斷所致",,not_applicable,,,,not_applicable,1,0,"I recommend 'Snow by Sun Heights'. It's a track from their album 'Snow by Sun Heights'. The song combines elements of rock, metal, punk, and alternative genres. It has a fast-paced and loud sound with a focus on guitar and drums. It was released in 2013 and is available on iTunes."
261,dLkm-Bpkgv4,dLkm-Bpkgv4_Hwl1Bf4gLvI,9EnOsXXK1Co_EbArGEbYA1s,9EnOsXXK1Co,wo_ltp,1,"t, and, and, and, and, and, and, and, and, and, and, and, and, and, and, and, and, and, and, and, and, and, and, and, and, and, and, and, and, and, and, and, and, and, and, and, and, and, and, and, and, and, and, and, and, and, and, and, and, and, and, and, and, and, and, and, and, and, and, and, and, and, and, and",",t, and, and, and, and, and, and, and, and, and, and, and, and, and, and, and, and, and, and, and, and, and, and, and, and, and, and, and, and, and, and, and, and, and, and, and, and, and, and, and, and, and, and, and, and, and, and, and, and, and, and, and, and, and, and, and, and, and, and, and, and, and, and, and",unsupported,unknown,1,type_token_ratio=0.03,0,E7_degenerate_generation,生成崩潰（退化輸出）,degenerate_output,整段生成為退化輸出（type_token_ratio=0.03），此時的 unsupported 反映生成崩潰而非主張缺乏證據,,not_applicable,,,,not_applicable,1,0,",t, and, and, and, and, and, and, and, and, and, and, and, and, and, and, and, and, and, and, and, and, and, and, and, and, and, and, and, and, and, and, and, and, and, and, and, and, and, and, and, and, and, and, and, and, and, and, and, and, and, and, and, and, and, and, and, and, and, and, and, and, and, and, and"
307,DL3dhkazIc8,DL3dhkazIc8_tQjxTUSkOqs,DL3dhkazIc8_tQjxTUSkOqs,DL3dhkazIc8,full,2,It's a hip-hop track with electronic,It's a hip-hop track with electronic and jazz elements.,unsupported,unknown,0,,1,E0b_rule_miss_verified,規則漏判但有證據支持,genre_claim_verified_by_tags,曲風敘述可由 musicnn 標籤／參考文本支持；v2 因 GENRE_TERMS 需搭配 anchor 詞才計為 audio 而漏判,electronic;hip-hop;jazz,supported,electronic;hip-hop;jazz,,,not_applicable,1,0,I recommend 'Sick Perfect Banger' by Redhooknoodles. It's a hip-hop track with electronic and jazz elements. The song has a fast-paced beat and features male vocals. It was released in 2014 and could add a unique touch to your video.
307,DL3dhkazIc8,DL3dhkazIc8_tQjxTUSkOqs,DL3dhkazIc8_tQjxTUSkOqs,DL3dhkazIc8,full,5,could add a unique touch to your video.,It was released in 2014 and could add a unique touch to your video.,metadata-supported,metadata,0,,0,E0_clause_split_artifact,斷句碎片（標註流程假影）,parent_metadata-supported,"母句可歸屬，unsupported 係 split_claims 於 and/, 處切斷所致",,not_applicable,,,,not_applicable,1,0,I recommend 'Sick Perfect Banger' by Redhooknoodles. It's a hip-hop track with electronic and jazz elements. The song has a fast-paced beat and features male vocals. It was released in 2014 and could add a unique touch to your video.
307,DL3dhkazIc8,DL3dhkazIc8_tQjxTUSkOqs,DL3dhkazIc8_tQjxTUSkOqs,DL3dhkazIc8,wo_video,4,jazz with a touch of rock.,"The song combines elements of hip-hop, electronic, and jazz with a touch of rock.",audio-supported,audio,0,,0,E0_clause_split_artifact,斷句碎片（標註流程假影）,parent_audio-supported,"母句可歸屬，unsupported 係 split_claims 於 and/, 處切斷所致",electronic;hip-hop;jazz;rock,partially_supported,electronic;hip-hop;jazz,rock,,not_applicable,1,0,"I recommend 'Redhooknoodles - The Story of Redhooknoodles'. It's a track that tells the story of Redhooknoodles, a hip-hop artist from the 90s. The song combines elements of hip-hop, electronic, and jazz with a touch of rock. It has a unique and captivating storytelling style that could add an interesting element to your video."
307,DL3dhkazIc8,DL3dhkazIc8_tQjxTUSkOqs,DL3dhkazIc8_tQjxTUSkOqs,DL3dhkazIc8,wo_video,5,It has a unique,It has a unique and captivating storytelling style that could add an interesting element to your video.,unsupported,unknown,0,,1,E4_vague_generic,一般性空泛描述／主觀陳述,subjective_statement,泛用效用或主觀陳述，本質上不具可驗證性,,not_applicable,,,,not_applicable,1,0,"I recommend 'Redhooknoodles - The Story of Redhooknoodles'. It's a track that tells the story of Redhooknoodles, a hip-hop artist from the 90s. The song combines elements of hip-hop, electronic, and jazz with a touch of rock. It has a unique and captivating storytelling style that could add an interesting element to your video."
307,DL3dhkazIc8,DL3dhkazIc8_tQjxTUSkOqs,DL3dhkazIc8_tQjxTUSkOqs,DL3dhkazIc8,wo_video,6,captivating storytelling style that could add an interesting element to your video.,It has a unique and captivating storytelling style that could add an interesting element to your video.,unsupported,unknown,0,,0,E4_vague_generic,一般性空泛描述／主觀陳述,subjective_statement,泛用效用或主觀陳述，本質上不具可驗證性,,not_applicable,,,,not_applicable,1,0,"I recommend 'Redhooknoodles - The Story of Redhooknoodles'. It's a track that tells the story of Redhooknoodles, a hip-hop artist from the 90s. The song combines elements of hip-hop, electronic, and jazz with a touch of rock. It has a unique and captivating storytelling style that could add an interesting element to your video."
307,DL3dhkazIc8,DL3dhkazIc8_tQjxTUSkOqs,DL3dhkazIc8_tQjxTUSkOqs,DL3dhkazIc8,wo_audio_feature_only,3,jazz with elements of hip-hop.,It's a track that combines elements of electronic and jazz with elements of hip-hop.,audio-supported,audio,0,,0,E0_clause_split_artifact,斷句碎片（標註流程假影）,parent_audio-supported,"母句可歸屬，unsupported 係 split_claims 於 and/, 處切斷所致",electronic;hip-hop;jazz,supported,electronic;hip-hop;jazz,,,not_applicable,1,0,"I suggest you consider 'Redhooknoodles' by Redhooknoodles. It's a track that combines elements of electronic and jazz with elements of hip-hop. Although I don't have specific information about the track, it may contain elements that align with your preferences."
307,DL3dhkazIc8,DL3dhkazIc8_tQjxTUSkOqs,DL3dhkazIc8_tQjxTUSkOqs,DL3dhkazIc8,wo_audio_all,2,It's a hip-hop track with electronic,It's a hip-hop track with electronic and jazz influences.,audio-supported,audio,0,,1,E0_clause_split_artifact,斷句碎片（標註流程假影）,parent_audio-supported,"母句可歸屬，unsupported 係 split_claims 於 and/, 處切斷所致",electronic;hip-hop;jazz,supported,electronic;hip-hop;jazz,,,not_applicable,1,0,"I suggest you consider 'Redhooknoodles' by Redhooknoodles. It's a hip-hop track with electronic and jazz influences. Although I don't have specific information about the track name, album name, or artists, it aligns with the hip-hop style and electronic and jazz elements you're looking for."
307,DL3dhkazIc8,DL3dhkazIc8_tQjxTUSkOqs,DL3dhkazIc8_tQjxTUSkOqs,DL3dhkazIc8,wo_ltp,1,t t t t t t t t t t t t t t t t t t t t t t t t t t t t t t t t t t t t t t t t t t t t t t t t t t t t t t t t t t t,t t t t t t t t t t t t t t t t t t t t t t t t t t t t t t t t t t t t t t t t t t t t t t t t t t t t t t t t t t t,unsupported,unknown,1,type_token_ratio=0.02,0,E7_degenerate_generation,生成崩潰（退化輸出）,degenerate_output,整段生成為退化輸出（type_token_ratio=0.02），此時的 unsupported 反映生成崩潰而非主張缺乏證據,,not_applicable,,,,not_applicable,1,0,"t.
t.
t.
t
t
t
t
t
t
t
t
t
t
t
t
t
t
t
t
t
t
t
t
t
t
t
t
t
t
t
t
t
t
t
t
t
t
t
t
t
t
t
t
t
t
t
t
t
t
t
t
t
t
t
t
t
t
t
t
t
t
t"
310,9wVRNILwL4I,9wVRNILwL4I_yp0PNekX4vI,hrJ4jlvWPTI_h2rwWlx2e_Q,hrJ4jlvWPTI,wo_video,4,It has a unique,It has a unique and experimental sound that will add an interesting touch to your video.,audio-supported,audio,0,,1,E0_clause_split_artifact,斷句碎片（標註流程假影）,parent_audio-supported,"母句可歸屬，unsupported 係 split_claims 於 and/, 處切斷所致",,not_applicable,,,,not_applicable,1,0,"In that case, I would recommend 'The Making of a Murderer' by The Making of a Murderer. This track combines elements of Hip-Hop, electronic, and pop with a fast beat. It has a unique and experimental sound that will add an interesting touch to your video."
310,9wVRNILwL4I,9wVRNILwL4I_yp0PNekX4vI,hrJ4jlvWPTI_h2rwWlx2e_Q,hrJ4jlvWPTI,wo_audio_feature_only,4,"pop, which align with the MSD tags of Hip-Hop.","Although I don't have specific information about this track, it falls under the MSD tags of Hip-Hop, electronic, and pop, which align with the MSD tags of Hip-Hop.",audio-supported,audio,0,,0,E0_clause_split_artifact,斷句碎片（標註流程假影）,parent_audio-supported,"母句可歸屬，unsupported 係 split_claims 於 and/, 處切斷所致",electronic;hip-hop;pop,supported,electronic;hip-hop;pop,,,not_applicable,1,0,"In that case, I recommend 'Hip-Hop' by Hip-Hop. It's a track that combines elements of Hip-Hop with electronic and pop influences. Although I don't have specific information about this track, it falls under the MSD tags of Hip-Hop, electronic, and pop, which align with the MSD tags of Hip-Hop."
310,9wVRNILwL4I,9wVRNILwL4I_yp0PNekX4vI,hrJ4jlvWPTI_h2rwWlx2e_Q,hrJ4jlvWPTI,wo_audio_all,5,"It has a mix of Hip-Hop, electronic","It has a mix of Hip-Hop, electronic, and pop with a fast beat, which aligns well with the energetic and fast-paced vibe you're looking for.",prompt-supported,prompt,0,,1,E0_clause_split_artifact,斷句碎片（標註流程假影）,parent_prompt-supported,"母句可歸屬，unsupported 係 split_claims 於 and/, 處切斷所致",electronic;hip-hop;pop,supported,electronic;hip-hop;pop,,,not_applicable,1,0,"In that case, I would recommend 'Hip-Hop, electronic, and pop with a fast beat. This track is a perfect fit for your video as it combines elements of Hip-Hop, electronic, and pop with a fast beat. It has a mix of Hip-Hop, electronic, and pop with a fast beat, which aligns well with the energetic and fast-paced vibe you're looking for."
310,9wVRNILwL4I,9wVRNILwL4I_yp0PNekX4vI,hrJ4jlvWPTI_h2rwWlx2e_Q,hrJ4jlvWPTI,wo_prompt,4,pop with a touch of rock.,"The song combines elements of Hip-Hop, electronic, and pop with a touch of rock.",audio-supported,audio,0,,0,E0_clause_split_artifact,斷句碎片（標註流程假影）,parent_audio-supported,"母句可歸屬，unsupported 係 split_claims 於 and/, 處切斷所致",electronic;hip-hop;pop;rock,partially_supported,electronic;hip-hop;pop,rock,,not_applicable,1,0,"I recommend 'Vivo nei miei testi' by Step One. It's a track from their album 'Vivo nei miei testi'. The song combines elements of Hip-Hop, electronic, and pop with a touch of rock. It has a fast-paced beat and synth sounds that could add an energetic and catchy vibe to your video."
310,9wVRNILwL4I,9wVRNILwL4I_yp0PNekX4vI,hrJ4jlvWPTI_h2rwWlx2e_Q,hrJ4jlvWPTI,wo_prompt,7,catchy vibe to your video.,It has a fast-paced beat and synth sounds that could add an energetic and catchy vibe to your video.,video-supported,video,0,,0,E0_clause_split_artifact,斷句碎片（標註流程假影）,parent_video-supported,"母句可歸屬，unsupported 係 split_claims 於 and/, 處切斷所致",,not_applicable,,,,not_applicable,1,0,"I recommend 'Vivo nei miei testi' by Step One. It's a track from their album 'Vivo nei miei testi'. The song combines elements of Hip-Hop, electronic, and pop with a touch of rock. It has a fast-paced beat and synth sounds that could add an energetic and catchy vibe to your video."
310,9wVRNILwL4I,9wVRNILwL4I_yp0PNekX4vI,hrJ4jlvWPTI_h2rwWlx2e_Q,hrJ4jlvWPTI,wo_ltp,1,<EMPTY_GENERATION>,<EMPTY_GENERATION>,unsupported,unknown,1,type_token_ratio=0.02,0,E7_degenerate_generation,生成崩潰（退化輸出）,degenerate_output,整段生成為退化輸出（type_token_ratio=0.02），此時的 unsupported 反映生成崩潰而非主張缺乏證據,,not_applicable,,,,not_applicable,1,0,",t,t,t,t,t,t,t,t,t,t,t,t,t,t,t,t,t,t,t,t,t,t,t,t,t,t,t,t,t,t,t,t,t,t,t,t,t,t,t,t,t,t,t,t,t,t,t,t,t,t,t,t,t,t,t,t,t,t,t,t,t,t,t,t"
313,z7Dy7s5tg2o,z7Dy7s5tg2o_ziYVQWdqAEM,J-gYJBsln-w_2EkwVQYQsw4,J-gYJBsln-w,full,2,It's a dance-pop track with electronic,It's a dance-pop track with electronic and house influences.,audio-supported,audio,0,,1,E0_clause_split_artifact,斷句碎片（標註流程假影）,parent_audio-supported,"母句可歸屬，unsupported 係 split_claims 於 and/, 處切斷所致",electronic;house,supported,electronic;house,,,not_applicable,1,0,Certainly! How about 'Alive' by Krewella? It's a dance-pop track with electronic and house influences. The song has a catchy beat and energetic vibe that could be a fitting choice for your playlist. It was released in 2013 and has a music video directed by Kyle Crawford.
313,z7Dy7s5tg2o,z7Dy7s5tg2o_ziYVQWdqAEM,J-gYJBsln-w_2EkwVQYQsw4,J-gYJBsln-w,wo_video,2,dance track with electronic,It's a pop and dance track with electronic and house influences.,audio-supported,audio,0,,1,E0_clause_split_artifact,斷句碎片（標註流程假影）,parent_audio-supported,"母句可歸屬，unsupported 係 split_claims 於 and/, 處切斷所致",dance;electronic;house;pop,supported,dance;electronic;house;pop,,,not_applicable,1,0,Certainly! How about 'I'm Not Sorry' by Krewella? It's a pop and dance track with electronic and house influences. The song has a catchy and energetic vibe that could be a fitting choice for your video. It was released in 2012 and has a music video directed by Krewella.
313,z7Dy7s5tg2o,z7Dy7s5tg2o_ziYVQWdqAEM,J-gYJBsln-w_2EkwVQYQsw4,J-gYJBsln-w,wo_video,3,The song has a catchy,The song has a catchy and energetic vibe that could be a fitting choice for your video.,audio-supported,audio,0,,1,E0_clause_split_artifact,斷句碎片（標註流程假影）,parent_audio-supported,"母句可歸屬，unsupported 係 split_claims 於 and/, 處切斷所致",,not_applicable,,,,not_applicable,1,0,Certainly! How about 'I'm Not Sorry' by Krewella? It's a pop and dance track with electronic and house influences. The song has a catchy and energetic vibe that could be a fitting choice for your video. It was released in 2012 and has a music video directed by Krewella.
313,z7Dy7s5tg2o,z7Dy7s5tg2o_ziYVQWdqAEM,J-gYJBsln-w_2EkwVQYQsw4,J-gYJBsln-w,wo_prompt,2,This track is a dance,This track is a dance and electronic song with a pop and house influence.,audio-supported,audio,0,,1,E0_clause_split_artifact,斷句碎片（標註流程假影）,parent_audio-supported,"母句可歸屬，unsupported 係 split_claims 於 and/, 處切斷所致",dance;electronic;house;pop,supported,dance;electronic;house;pop,,,not_applicable,1,0,"In that case, I would recommend 'Alive' by Krewella. This track is a dance and electronic song with a pop and house influence. It has a catchy beat and a vibrant energy that would be perfect for your video."
313,z7Dy7s5tg2o,z7Dy7s5tg2o_ziYVQWdqAEM,J-gYJBsln-w_2EkwVQYQsw4,J-gYJBsln-w,wo_prompt,3,electronic song with a pop,This track is a dance and electronic song with a pop and house influence.,audio-supported,audio,0,,1,E0_clause_split_artifact,斷句碎片（標註流程假影）,parent_audio-supported,"母句可歸屬，unsupported 係 split_claims 於 and/, 處切斷所致",dance;electronic;house;pop,supported,dance;electronic;house;pop,,,not_applicable,1,0,"In that case, I would recommend 'Alive' by Krewella. This track is a dance and electronic song with a pop and house influence. It has a catchy beat and a vibrant energy that would be perfect for your video."
313,z7Dy7s5tg2o,z7Dy7s5tg2o_ziYVQWdqAEM,J-gYJBsln-w_2EkwVQYQsw4,J-gYJBsln-w,wo_prompt,5,a vibrant energy that would be perfect for your video.,It has a catchy beat and a vibrant energy that would be perfect for your video.,audio-supported,audio,0,,0,E0_clause_split_artifact,斷句碎片（標註流程假影）,parent_audio-supported,"母句可歸屬，unsupported 係 split_claims 於 and/, 處切斷所致",,not_applicable,,,,not_applicable,1,0,"In that case, I would recommend 'Alive' by Krewella. This track is a dance and electronic song with a pop and house influence. It has a catchy beat and a vibrant energy that would be perfect for your video."
313,z7Dy7s5tg2o,z7Dy7s5tg2o_ziYVQWdqAEM,J-gYJBsln-w_2EkwVQYQsw4,J-gYJBsln-w,wo_ltp,1,is is that is for.,is is that is for.,unsupported,unknown,1,type_token_ratio=0.04,0,E7_degenerate_generation,生成崩潰（退化輸出）,degenerate_output,整段生成為退化輸出（type_token_ratio=0.04），此時的 unsupported 反映生成崩潰而非主張缺乏證據,,not_applicable,,,,not_applicable,1,0,. is is that is for. that is for. is for. for is is for. for is for a great for a great for a great for a great for a great for a a great for a great for a a great for a great a a for a great a for a a for a a a a a a for a a a a a a a a a a a a a a a a a a a a a a a a a a a a a a a a a a a a a a a a a a a a a a a a a a a a a a a a a a a a a
313,z7Dy7s5tg2o,z7Dy7s5tg2o_ziYVQWdqAEM,J-gYJBsln-w_2EkwVQYQsw4,J-gYJBsln-w,wo_ltp,2,for is is for.,for is is for.,unsupported,unknown,1,type_token_ratio=0.04,0,E7_degenerate_generation,生成崩潰（退化輸出）,degenerate_output,整段生成為退化輸出（type_token_ratio=0.04），此時的 unsupported 反映生成崩潰而非主張缺乏證據,,not_applicable,,,,not_applicable,1,0,. is is that is for. that is for. is for. for is is for. for is for a great for a great for a great for a great for a great for a a great for a great for a a great for a great a a for a great a for a a for a a a a a a for a a a a a a a a a a a a a a a a a a a a a a a a a a a a a a a a a a a a a a a a a a a a a a a a a a a a a a a a a a a a a
313,z7Dy7s5tg2o,z7Dy7s5tg2o_ziYVQWdqAEM,J-gYJBsln-w_2EkwVQYQsw4,J-gYJBsln-w,wo_ltp,3,for is for a great for a great for a great for a great for a great for a a great for a great for a a great for a great a a for a great a for a a for a a a a a a for a a a a a a a a a a a a a a a a a a a a a a a a a a a a a a a a a a a a a a a a a a a a a a a a a a a a a a a a a a a a a,for is for a great for a great for a great for a great for a great for a a great for a great for a a great for a great a a for a great a for a a for a a a a a a for a a a a a a a a a a a a a a a a a a a a a a a a a a a a a a a a a a a a a a a a a a a a a a a a a a a a a a a a a a a a a,unsupported,unknown,1,type_token_ratio=0.04,0,E7_degenerate_generation,生成崩潰（退化輸出）,degenerate_output,整段生成為退化輸出（type_token_ratio=0.04），此時的 unsupported 反映生成崩潰而非主張缺乏證據,,not_applicable,,,,not_applicable,1,0,. is is that is for. that is for. is for. for is is for. for is for a great for a great for a great for a great for a great for a a great for a great for a a great for a great a a for a great a for a a for a a a a a a for a a a a a a a a a a a a a a a a a a a a a a a a a a a a a a a a a a a a a a a a a a a a a a a a a a a a a a a a a a a a a
323,7KnEzXBwovQ,7KnEzXBwovQ_VdzigTcir9U,2o6NI8HFkRM_h-hCB-0Hi0s,2o6NI8HFkRM,wo_prompt,5,It has a catchy,It has a catchy and upbeat vibe that could be a great fit for your video.,audio-supported,audio,0,,1,E0_clause_split_artifact,斷句碎片（標註流程假影）,parent_audio-supported,"母句可歸屬，unsupported 係 split_claims 於 and/, 處切斷所致",,not_applicable,,,,not_applicable,1,0,"I recommend 'I'm So Fly' by Chris Brown. It's a track from his album 'I'm So Fly'. The song combines elements of pop, R&B, and electronic music, with female vocals. It has a catchy and upbeat vibe that could be a great fit for your video."
323,7KnEzXBwovQ,7KnEzXBwovQ_VdzigTcir9U,2o6NI8HFkRM_h-hCB-0Hi0s,2o6NI8HFkRM,wo_ltp,1,<EMPTY_GENERATION>,<EMPTY_GENERATION>,unsupported,unknown,1,too_few_tokens=8,0,E7_degenerate_generation,生成崩潰（退化輸出）,degenerate_output,整段生成為退化輸出（too_few_tokens=8），此時的 unsupported 反映生成崩潰而非主張缺乏證據,,not_applicable,,,,not_applicable,1,0,?? am??? am? am? am? am? am?? am? am????????????????????????????????????????????????????????????????????????????????????????????????????????????
326,Nun6L-ahGL8,Nun6L-ahGL8_nbchhRSriRg,6TVHq4teJIE_8GVWSK_1DeY,6TVHq4teJIE,wo_ltp,1,<EMPTY_GENERATION>,<EMPTY_GENERATION>,unsupported,unknown,1,type_token_ratio=0.02,0,E7_degenerate_generation,生成崩潰（退化輸出）,degenerate_output,整段生成為退化輸出（type_token_ratio=0.02），此時的 unsupported 反映生成崩潰而非主張缺乏證據,,not_applicable,,,,not_applicable,1,0,"s.
s.s.
s.s.s.s.s.s.s.s.s.s.s.s.s.s.s.s.s.s.s.s.s.s.s.s.s.s.s.s.s.s.s.s.s.s.s.s.s.s.s.s.s.s.s.s.s.s.s.s.s.s.s.s.s.s.s.s.s.s.s.s."
348,6WpF3T7_-WY,6WpF3T7_-WY_334K3xDT5OU,6WpF3T7_-WY_334K3xDT5OU,6WpF3T7_-WY,full,3,"This song combines hip-hop, electronic","This song combines hip-hop, electronic, and soul elements with a dance vibe.",unsupported,unknown,0,,1,E0b_rule_miss_verified,規則漏判但有證據支持,genre_claim_verified_by_tags,曲風敘述可由 musicnn 標籤／參考文本支持；v2 因 GENRE_TERMS 需搭配 anchor 詞才計為 audio 而漏判,dance;electronic;hip-hop;soul,supported,dance;electronic;hip-hop;soul,,,not_applicable,1,0,"I suggest checking out 'Poser' by Diez Mo feat. It's a track from Diez Mo's album 'Poser'. This song combines hip-hop, electronic, and soul elements with a dance vibe. It was released in 2014 and has a catchy beat and energetic vocals that could be a fitting choice for your video."
348,6WpF3T7_-WY,6WpF3T7_-WY_334K3xDT5OU,6WpF3T7_-WY_334K3xDT5OU,6WpF3T7_-WY,full,4,soul elements with a dance vibe.,"This song combines hip-hop, electronic, and soul elements with a dance vibe.",unsupported,unknown,0,,0,E0b_rule_miss_verified,規則漏判但有證據支持,genre_claim_verified_by_tags,曲風敘述可由 musicnn 標籤／參考文本支持；v2 因 GENRE_TERMS 需搭配 anchor 詞才計為 audio 而漏判,dance;electronic;hip-hop;soul,supported,dance;electronic;hip-hop;soul,,,not_applicable,1,0,"I suggest checking out 'Poser' by Diez Mo feat. It's a track from Diez Mo's album 'Poser'. This song combines hip-hop, electronic, and soul elements with a dance vibe. It was released in 2014 and has a catchy beat and energetic vocals that could be a fitting choice for your video."
348,6WpF3T7_-WY,6WpF3T7_-WY_334K3xDT5OU,6WpF3T7_-WY_334K3xDT5OU,6WpF3T7_-WY,wo_video,3,soul with a dance vibe.,"It's a track that combines elements of hip-hop, electronic, and soul with a dance vibe.",audio-supported,audio,0,,0,E0_clause_split_artifact,斷句碎片（標註流程假影）,parent_audio-supported,"母句可歸屬，unsupported 係 split_claims 於 and/, 處切斷所致",dance;electronic;hip-hop;soul,supported,dance;electronic;hip-hop;soul,,,not_applicable,1,0,"I recommend 'Diez Mo' by Diez Mo. It's a track that combines elements of hip-hop, electronic, and soul with a dance vibe. Although I don't have much information about this track, it aligns well with the style you're looking for."
348,6WpF3T7_-WY,6WpF3T7_-WY_334K3xDT5OU,6WpF3T7_-WY_334K3xDT5OU,6WpF3T7_-WY,wo_audio_feature_only,3,soul with a dance vibe.,"It's a track that combines elements of hip-hop, electronic, and soul with a dance vibe.",audio-supported,audio,0,,0,E0_clause_split_artifact,斷句碎片（標註流程假影）,parent_audio-supported,"母句可歸屬，unsupported 係 split_claims 於 and/, 處切斷所致",dance;electronic;hip-hop;soul,supported,dance;electronic;hip-hop;soul,,,not_applicable,1,0,"I recommend 'Diez Mo' by Diez Mo. It's a track that combines elements of hip-hop, electronic, and soul with a dance vibe. Although I don't have specific information about the track, it aligns with the style of Diez Mo and has a dance vibe. It may contain the elements you are looking for."
348,6WpF3T7_-WY,6WpF3T7_-WY_334K3xDT5OU,6WpF3T7_-WY_334K3xDT5OU,6WpF3T7_-WY,wo_audio_feature_only,4,"Although I don't have specific information about the track, it aligns with the style of Diez Mo","Although I don't have specific information about the track, it aligns with the style of Diez Mo and has a dance vibe.",audio-supported,audio,0,,1,E0_clause_split_artifact,斷句碎片（標註流程假影）,parent_audio-supported,"母句可歸屬，unsupported 係 split_claims 於 and/, 處切斷所致",dance,supported,dance,,,not_applicable,1,0,"I recommend 'Diez Mo' by Diez Mo. It's a track that combines elements of hip-hop, electronic, and soul with a dance vibe. Although I don't have specific information about the track, it aligns with the style of Diez Mo and has a dance vibe. It may contain the elements you are looking for."
348,6WpF3T7_-WY,6WpF3T7_-WY_334K3xDT5OU,6WpF3T7_-WY_334K3xDT5OU,6WpF3T7_-WY,wo_audio_feature_only,5,has a dance vibe.,"Although I don't have specific information about the track, it aligns with the style of Diez Mo and has a dance vibe.",audio-supported,audio,0,,0,E0_clause_split_artifact,斷句碎片（標註流程假影）,parent_audio-supported,"母句可歸屬，unsupported 係 split_claims 於 and/, 處切斷所致",dance,supported,dance,,,not_applicable,1,0,"I recommend 'Diez Mo' by Diez Mo. It's a track that combines elements of hip-hop, electronic, and soul with a dance vibe. Although I don't have specific information about the track, it aligns with the style of Diez Mo and has a dance vibe. It may contain the elements you are looking for."
348,6WpF3T7_-WY,6WpF3T7_-WY_334K3xDT5OU,6WpF3T7_-WY_334K3xDT5OU,6WpF3T7_-WY,wo_audio_all,3,soul with a dance vibe.,"It's a track that combines elements of hip-hop, electronic, and soul with a dance vibe.",audio-supported,audio,0,,0,E0_clause_split_artifact,斷句碎片（標註流程假影）,parent_audio-supported,"母句可歸屬，unsupported 係 split_claims 於 and/, 處切斷所致",dance;electronic;hip-hop;soul,supported,dance;electronic;hip-hop;soul,,,not_applicable,1,0,"I suggest checking out 'Diez Mo' by Diez Mo. It's a track that combines elements of hip-hop, electronic, and soul with a dance vibe. Although I don't have much information about this specific track, Diez Mo is known for their hip-hop, electronic, and soul style with a dance vibe. This could be a fitting choice for your video."
348,6WpF3T7_-WY,6WpF3T7_-WY_334K3xDT5OU,6WpF3T7_-WY_334K3xDT5OU,6WpF3T7_-WY,wo_audio_all,4,"Although I don't have much information about this specific track, Diez Mo is known for their hip-hop, electronic","Although I don't have much information about this specific track, Diez Mo is known for their hip-hop, electronic, and soul style with a dance vibe.",audio-supported,audio,0,,1,E0_clause_split_artifact,斷句碎片（標註流程假影）,parent_audio-supported,"母句可歸屬，unsupported 係 split_claims 於 and/, 處切斷所致",dance;electronic;hip-hop;soul,supported,dance;electronic;hip-hop;soul,,,not_applicable,1,0,"I suggest checking out 'Diez Mo' by Diez Mo. It's a track that combines elements of hip-hop, electronic, and soul with a dance vibe. Although I don't have much information about this specific track, Diez Mo is known for their hip-hop, electronic, and soul style with a dance vibe. This could be a fitting choice for your video."
348,6WpF3T7_-WY,6WpF3T7_-WY_334K3xDT5OU,6WpF3T7_-WY_334K3xDT5OU,6WpF3T7_-WY,wo_prompt,4,pop with a touch of rock.,"The song combines elements of Hip-Hop, electronic, and pop with a touch of rock.",audio-supported,audio,0,,0,E0_clause_split_artifact,斷句碎片（標註流程假影）,parent_audio-supported,"母句可歸屬，unsupported 係 split_claims 於 and/, 處切斷所致",electronic;hip-hop;pop;rock,partially_supported,electronic;hip-hop,pop;rock,,not_applicable,1,0,"I recommend 'Poser' by Diez Mo feat. It's a track from their album 'Poser'. The song combines elements of Hip-Hop, electronic, and pop with a touch of rock. It has a techno and synth-focused sound, which could be a fitting choice for your video."
348,6WpF3T7_-WY,6WpF3T7_-WY_334K3xDT5OU,6WpF3T7_-WY_334K3xDT5OU,6WpF3T7_-WY,wo_ltp,1,<EMPTY_GENERATION>,<EMPTY_GENERATION>,unsupported,unknown,1,type_token_ratio=0.24,0,E7_degenerate_generation,生成崩潰（退化輸出）,degenerate_output,整段生成為退化輸出（type_token_ratio=0.24），此時的 unsupported 反映生成崩潰而非主張缺乏證據,,not_applicable,,,,not_applicable,1,0,.s. I's. I's. I's. I's. I's. I's. I's. I's. I's. I's. I's. I's. I's. I's. I's's. I's's's's's's's's's's's's's's's's's's's's's's's's's's's's's's's
357,aXgXFr89wpY,aXgXFr89wpY_5cdy3zeBS0w,D8VO8lVLNXs_Ab8oMDbRs_M,D8VO8lVLNXs,wo_ltp,1,<EMPTY_GENERATION>,<EMPTY_GENERATION>,unsupported,unknown,1,type_token_ratio=0.10,0,E7_degenerate_generation,生成崩潰（退化輸出）,degenerate_output,整段生成為退化輸出（type_token_ratio=0.10），此時的 unsupported 反映生成崩潰而非主張缺乏證據,,not_applicable,,,,not_applicable,1,0,".s. I's. I's. I's. I's. I's. I's. I's. I's. I's. I's. I's. I's. I's. I's. I's.t's.t's.t's.t's.t's,t's,t's,t's,t,t,t,t,t,t,t,t,t,t,t,t,t,t,t,t,t"
358,4ldBWUbiDTM,4ldBWUbiDTM_bs9xnYfKAQA,48Ebe-oCMIQ_s2Odvz0uDyU,48Ebe-oCMIQ,full,5,The song has a 80s vibe,The song has a 80s vibe and was released in 2009.,metadata-supported,metadata,0,,1,E0_clause_split_artifact,斷句碎片（標註流程假影）,parent_metadata-supported,"母句可歸屬，unsupported 係 split_claims 於 and/, 處切斷所致",,not_applicable,,,,not_applicable,1,0,"Allow me to recommend 'Si C'Est Une Ile' by Jenifer. It's a track from her album 'Si C'Est Une Ile'. It combines elements of rock, pop, and indie with female vocals. The song has a 80s vibe and was released in 2009. It could be a fitting choice for your video."
358,4ldBWUbiDTM,4ldBWUbiDTM_bs9xnYfKAQA,48Ebe-oCMIQ_s2Odvz0uDyU,48Ebe-oCMIQ,wo_video,5,It has a 80s vibe,"It has a 80s vibe and was released in 2012, which may contain the specific elements you want.",prompt-supported,prompt,0,,1,E0_clause_split_artifact,斷句碎片（標註流程假影）,parent_prompt-supported,"母句可歸屬，unsupported 係 split_claims 於 and/, 處切斷所致",,not_applicable,,,,not_applicable,1,0,"Allow me to recommend 'La Crus' by La Crus. It's a track from their album 'La Crus'. It combines elements of rock, pop, and indie with female vocals that could be a fitting choice for your video. It has a 80s vibe and was released in 2012, which may contain the specific elements you want."
358,4ldBWUbiDTM,4ldBWUbiDTM_bs9xnYfKAQA,48Ebe-oCMIQ_s2Odvz0uDyU,48Ebe-oCMIQ,wo_prompt,5,It has a catchy,It has a catchy and melodic sound that could be a great fit for your video.,audio-supported,audio,0,,1,E0_clause_split_artifact,斷句碎片（標註流程假影）,parent_audio-supported,"母句可歸屬，unsupported 係 split_claims 於 and/, 處切斷所致",,not_applicable,,,,not_applicable,1,0,"I recommend 'Si C'Est Une Ile' by Jenifer. It's a track from her album 'Si C'Est Une Ile'. The song combines elements of rock, pop, and indie with female vocals. It has a catchy and melodic sound that could be a great fit for your video."
358,4ldBWUbiDTM,4ldBWUbiDTM_bs9xnYfKAQA,48Ebe-oCMIQ_s2Odvz0uDyU,48Ebe-oCMIQ,wo_ltp,1,that' that' that' that' that' that' that' that' that' that' that' that' that' that' that' that' that' that' that that' that'that that' that that'that that that' that that' that that that that' that that that that that that that that that that that that' that that that that that't that that that that' that that that that that that that that that that that that that,that' that' that' that' that' that' that' that' that' that' that' that' that' that' that' that' that' that' that that' that'that that' that that'that that that' that that' that that that that' that that that that that that that that that that that that' that that that that that't that that that that' that that that that that that that that that that that that that,unsupported,unknown,1,type_token_ratio=0.07,0,E7_degenerate_generation,生成崩潰（退化輸出）,degenerate_output,整段生成為退化輸出（type_token_ratio=0.07），此時的 unsupported 反映生成崩潰而非主張缺乏證據,,not_applicable,,,,not_applicable,1,0,. today. today. today. today. today. today. today. today. today. today. that's that. that's that. that' that' that' that' that' that' that' that' that' that' that' that' that' that' that' that' that' that' that that' that'that that' that that'that that that' that that' that that that that' that that that that that that that that that that that that' that that that that that't that that that that' that that that that that that that that that that that that that
364,XKMGhFjOoXg,XKMGhFjOoXg_Mbau7DWaexI,XKMGhFjOoXg_Mbau7DWaexI,XKMGhFjOoXg,wo_video,4,It may also have pop,It may also have pop and electronic elements that you're looking for.,prompt-supported,prompt,0,,1,E0_clause_split_artifact,斷句碎片（標註流程假影）,parent_prompt-supported,"母句可歸屬，unsupported 係 split_claims 於 and/, 處切斷所致",electronic;pop,supported,electronic;pop,,,not_applicable,1,0,"Allow me to recommend 'Zemsta by Mezo'. It's a track with diverse influences, including hip-hop, indie, and rock. Although there is no specific information about the song, it aligns well with your preferences. It may also have pop and electronic elements that you're looking for."
364,XKMGhFjOoXg,XKMGhFjOoXg_Mbau7DWaexI,XKMGhFjOoXg_Mbau7DWaexI,XKMGhFjOoXg,wo_audio_feature_only,2,It's a track with more diverse influences.,It's a track with more diverse influences.,unsupported,unknown,0,,0,E6_likely_hallucination,可能幻覺,unclassified_specific_claim,具體主張但未命中任何證據來源,,not_applicable,,,,not_applicable,1,1,"In that case, I recommend 'Nie mnie' by Mezo. It's a track with more diverse influences. Although I don't have specific information about this track, it falls under the genres of hip-hop, indie, and rock, which align with your preferences."
364,XKMGhFjOoXg,XKMGhFjOoXg_Mbau7DWaexI,XKMGhFjOoXg_Mbau7DWaexI,XKMGhFjOoXg,wo_audio_all,4,rock with a touch of pop,"It combines elements of hip-hop, indie, and rock with a touch of pop and electronic influences.",audio-supported,audio,0,,1,E0_clause_split_artifact,斷句碎片（標註流程假影）,parent_audio-supported,"母句可歸屬，unsupported 係 split_claims 於 and/, 處切斷所致",electronic;hip-hop;indie;pop;rock,supported,electronic;hip-hop;indie;pop;rock,,,not_applicable,1,0,"Allow me to recommend 'Nie mówię' by Kuba. It's a track from the album 'Nie mówię'. It combines elements of hip-hop, indie, and rock with a touch of pop and electronic influences. The song has a fast-paced techno sound too."
364,XKMGhFjOoXg,XKMGhFjOoXg_Mbau7DWaexI,XKMGhFjOoXg_Mbau7DWaexI,XKMGhFjOoXg,wo_ltp,1,that' that' that' that' that that' that' that' that that' that that' that that that that' that that that that that that that that that that that that that that that that that that that that that that that that that that that that that that that that that,that' that' that' that' that that' that' that' that that' that that' that that that that' that that that that that that that that that that that that that that that that that that that that that that that that that that that that that that that that that,unsupported,unknown,1,type_token_ratio=0.07,0,E7_degenerate_generation,生成崩潰（退化輸出）,degenerate_output,整段生成為退化輸出（type_token_ratio=0.07），此時的 unsupported 反映生成崩潰而非主張缺乏證據,,not_applicable,,,,not_applicable,1,0,"., and. and. is. for. and? morning. for? for? for? for? for? for? for? for? for? for? for? for? for? for that? for? for? for? for? for? for? for morning? for that? that' that? that' that? that' that' that' that' that that' that' that' that that' that that' that that that that' that that that that that that that that that that that that that that that that that that that that that that that that that that that that that that that that that"
410,q5bry6xHfxc,q5bry6xHfxc_TxqJOm0601k,aoURfZPqQ3Q_sero9EK_L8c,aoURfZPqQ3Q,full,2,"It's a track that combines Hip-Hop, electronic","It's a track that combines Hip-Hop, electronic, and R&B elements with a strong vocal presence.",audio-supported,audio,0,,1,E0_clause_split_artifact,斷句碎片（標註流程假影）,parent_audio-supported,"母句可歸屬，unsupported 係 split_claims 於 and/, 處切斷所致",electronic;hip-hop;r&b,supported,electronic;hip-hop;r&b,,,not_applicable,1,0,"Certainly! How about 'New Oakland' by DJ Touré featuring Mistah Fab? It's a track that combines Hip-Hop, electronic, and R&B elements with a strong vocal presence. The song has a catchy beat and a mix of electronic and rock influences. It was released in 2012 and could be a fitting choice for your video."
410,q5bry6xHfxc,q5bry6xHfxc_TxqJOm0601k,aoURfZPqQ3Q_sero9EK_L8c,aoURfZPqQ3Q,full,5,a mix of electronic,The song has a catchy beat and a mix of electronic and rock influences.,audio-supported,audio,0,,1,E0_clause_split_artifact,斷句碎片（標註流程假影）,parent_audio-supported,"母句可歸屬，unsupported 係 split_claims 於 and/, 處切斷所致",electronic;rock,partially_supported,electronic,rock,,not_applicable,1,0,"Certainly! How about 'New Oakland' by DJ Touré featuring Mistah Fab? It's a track that combines Hip-Hop, electronic, and R&B elements with a strong vocal presence. The song has a catchy beat and a mix of electronic and rock influences. It was released in 2012 and could be a fitting choice for your video."
410,q5bry6xHfxc,q5bry6xHfxc_TxqJOm0601k,aoURfZPqQ3Q_sero9EK_L8c,aoURfZPqQ3Q,wo_ltp,1,"s, this is, this, this, this, this, this, this, this, this, this, this, this, this, this, this, this, this, this, this, this, this, this, this, this, this, this, this, this, this, this, this, this, this, this, this, this, this, this, this, this, this, this, this, this, this, this, this, this, this, this, this, this, this, this, this, this, this, this, this, this, this, this",",s, this is, this, this, this, this, this, this, this, this, this, this, this, this, this, this, this, this, this, this, this, this, this, this, this, this, this, this, this, this, this, this, this, this, this, this, this, this, this, this, this, this, this, this, this, this, this, this, this, this, this, this, this, this, this, this, this, this, this, this, this, this, this,",unsupported,unknown,1,type_token_ratio=0.05,0,E7_degenerate_generation,生成崩潰（退化輸出）,degenerate_output,整段生成為退化輸出（type_token_ratio=0.05），此時的 unsupported 反映生成崩潰而非主張缺乏證據,,not_applicable,,,,not_applicable,1,0,",s, this is, this, this, this, this, this, this, this, this, this, this, this, this, this, this, this, this, this, this, this, this, this, this, this, this, this, this, this, this, this, this, this, this, this, this, this, this, this, this, this, this, this, this, this, this, this, this, this, this, this, this, this, this, this, this, this, this, this, this, this, this, this,"
412,b5QuBBHUgSQ,b5QuBBHUgSQ_51EjCZjDzWA,6esL1D6dVyY_bfC1yYsPeM4,6esL1D6dVyY,wo_ltp,1,<EMPTY_GENERATION>,<EMPTY_GENERATION>,unsupported,unknown,1,type_token_ratio=0.02,0,E7_degenerate_generation,生成崩潰（退化輸出）,degenerate_output,整段生成為退化輸出（type_token_ratio=0.02），此時的 unsupported 反映生成崩潰而非主張缺乏證據,,not_applicable,,,,not_applicable,1,0,"s.
s.s.
s.s.
s.s.s.
s.s.s.s.s.s.s.s.s.s.s.s.s.s.s.s.s.s.s.s.s.s.s.s.s.s.s.s.s.s.s.s.s.s.s.s.s.s.s.s.s.s.s.s.s.s.s.s.s.s.s.s.s.s."
448,R_R2JC4Ekw0,R_R2JC4Ekw0_47xbkT3calM,R_R2JC4Ekw0_47xbkT3calM,R_R2JC4Ekw0,full,2,It's an electronic dance track with pop,It's an electronic dance track with pop and house influences.,audio-supported,audio,0,,1,E0_clause_split_artifact,斷句碎片（標註流程假影）,parent_audio-supported,"母句可歸屬，unsupported 係 split_claims 於 and/, 處切斷所致",dance;electronic;house;pop,supported,dance;electronic;house;pop,,,not_applicable,1,0,Certainly! How about 'LA TOALLA' by ANAÍS vs THE BOYS MACHINE y BABY? It's an electronic dance track with pop and house influences. The song has a catchy beat and energetic vibe that could be a perfect fit for your video.
448,R_R2JC4Ekw0,R_R2JC4Ekw0_47xbkT3calM,R_R2JC4Ekw0_47xbkT3calM,R_R2JC4Ekw0,wo_video,2,It's a track with electronic,It's a track with electronic and dance elements that could be a fitting choice for your video.,general-supported,general,0,,1,E0_clause_split_artifact,斷句碎片（標註流程假影）,parent_general-supported,"母句可歸屬，unsupported 係 split_claims 於 and/, 處切斷所致",dance;electronic,supported,dance;electronic,,,not_applicable,1,0,Certainly! I recommend 'LA TOALLA by ANAÍS vs THE BOYS MACHINE y BABY'. It's a track with electronic and dance elements that could be a fitting choice for your video. It has a catchy and energetic vibe that aligns with the genres you mentioned.
448,R_R2JC4Ekw0,R_R2JC4Ekw0_47xbkT3calM,R_R2JC4Ekw0_47xbkT3calM,R_R2JC4Ekw0,wo_video,4,It has a catchy,It has a catchy and energetic vibe that aligns with the genres you mentioned.,audio-supported,audio,0,,1,E0_clause_split_artifact,斷句碎片（標註流程假影）,parent_audio-supported,"母句可歸屬，unsupported 係 split_claims 於 and/, 處切斷所致",,not_applicable,,,,not_applicable,1,0,Certainly! I recommend 'LA TOALLA by ANAÍS vs THE BOYS MACHINE y BABY'. It's a track with electronic and dance elements that could be a fitting choice for your video. It has a catchy and energetic vibe that aligns with the genres you mentioned.
448,R_R2JC4Ekw0,R_R2JC4Ekw0_47xbkT3calM,R_R2JC4Ekw0_47xbkT3calM,R_R2JC4Ekw0,wo_audio_all,4,"pop, which align with the electronic","Although I don't have specific information about the track, it falls under the genres of electronic, dance, and pop, which align with the electronic and dance elements you're looking for.",prompt-supported,prompt,0,,1,E0_clause_split_artifact,斷句碎片（標註流程假影）,parent_prompt-supported,"母句可歸屬，unsupported 係 split_claims 於 and/, 處切斷所致",dance;electronic;pop,supported,dance;electronic;pop,,,not_applicable,1,0,"I suggest checking out 'Sexy On The Dance Floor' by The Wanted. It's an electronic track with dance elements that could be a fitting choice for your video. Although I don't have specific information about the track, it falls under the genres of electronic, dance, and pop, which align with the electronic and dance elements you're looking for."
448,R_R2JC4Ekw0,R_R2JC4Ekw0_47xbkT3calM,R_R2JC4Ekw0_47xbkT3calM,R_R2JC4Ekw0,wo_prompt,2,It's a dance track with electronic,It's a dance track with electronic and pop influences.,audio-supported,audio,0,,1,E0_clause_split_artifact,斷句碎片（標註流程假影）,parent_audio-supported,"母句可歸屬，unsupported 係 split_claims 於 and/, 處切斷所致",dance;electronic;pop,supported,dance;electronic;pop,,,not_applicable,1,0,I recommend 'LA TOALLA' by ANAÍS vs THE BOYS MACHINE y BABY. It's a dance track with electronic and pop influences. The song has a catchy beat and a vibrant sound that would be a great fit for your video.
448,R_R2JC4Ekw0,R_R2JC4Ekw0_47xbkT3calM,R_R2JC4Ekw0_47xbkT3calM,R_R2JC4Ekw0,wo_ltp,1,<EMPTY_GENERATION>,<EMPTY_GENERATION>,unsupported,unknown,1,too_few_tokens=9,0,E7_degenerate_generation,生成崩潰（退化輸出）,degenerate_output,整段生成為退化輸出（too_few_tokens=9），此時的 unsupported 反映生成崩潰而非主張缺乏證據,,not_applicable,,,,not_applicable,1,0,th this isz.z.z.z?zz.zz.zzzzzzzzzzzzzzzzzzzzzzzzzzzzzzzzzzzzzzzzzzzzzzzzzzzzzzzzzzzzzzzzzzzzzzzzzzzzzzzzzzzzzzzzzzzzzzzzzzzzzzzzzzzzzzz
451,ggHIsQy7Db8,ggHIsQy7Db8_Z18Cnx5YJX8,ggHIsQy7Db8_Z18Cnx5YJX8,ggHIsQy7Db8,wo_prompt,2,It's a dance-pop track with electronic,It's a dance-pop track with electronic and R&B influences.,audio-supported,audio,0,,1,E0_clause_split_artifact,斷句碎片（標註流程假影）,parent_audio-supported,"母句可歸屬，unsupported 係 split_claims 於 and/, 處切斷所致",electronic;r&b,supported,electronic;r&b,,,not_applicable,1,0,I recommend 'Tight Skirt' by Samantha J. It's a dance-pop track with electronic and R&B influences. The song features female vocals and has a catchy and energetic vibe that would complement your video.
451,ggHIsQy7Db8,ggHIsQy7Db8_Z18Cnx5YJX8,ggHIsQy7Db8_Z18Cnx5YJX8,ggHIsQy7Db8,wo_ltp,1,that that that that?,that that that that?,unsupported,unknown,1,type_token_ratio=0.03,0,E7_degenerate_generation,生成崩潰（退化輸出）,degenerate_output,整段生成為退化輸出（type_token_ratio=0.03），此時的 unsupported 反映生成崩潰而非主張缺乏證據,,not_applicable,,,,not_applicable,1,0,??? for??? for??? for??? for?????????? that????????? that?? that?? that? that? that? that? that? that? that? that? that? that? that? that? that? that? that? that? that? that? that? that? that that that? that? that that that that? that that that that that that? that that? that? that? that that that? that that that that that that that that that that that that that that that that that
451,ggHIsQy7Db8,ggHIsQy7Db8_Z18Cnx5YJX8,ggHIsQy7Db8_Z18Cnx5YJX8,ggHIsQy7Db8,wo_ltp,2,that that that that that that?,that that that that that that?,unsupported,unknown,1,type_token_ratio=0.03,0,E7_degenerate_generation,生成崩潰（退化輸出）,degenerate_output,整段生成為退化輸出（type_token_ratio=0.03），此時的 unsupported 反映生成崩潰而非主張缺乏證據,,not_applicable,,,,not_applicable,1,0,??? for??? for??? for??? for?????????? that????????? that?? that?? that? that? that? that? that? that? that? that? that? that? that? that? that? that? that? that? that? that? that? that? that that that? that? that that that that? that that that that that that? that that? that? that? that that that? that that that that that that that that that that that that that that that that that
451,ggHIsQy7Db8,ggHIsQy7Db8_Z18Cnx5YJX8,ggHIsQy7Db8_Z18Cnx5YJX8,ggHIsQy7Db8,wo_ltp,3,that that that that that that that that that that that that that that that that that,that that that that that that that that that that that that that that that that that,unsupported,unknown,1,type_token_ratio=0.03,0,E7_degenerate_generation,生成崩潰（退化輸出）,degenerate_output,整段生成為退化輸出（type_token_ratio=0.03），此時的 unsupported 反映生成崩潰而非主張缺乏證據,,not_applicable,,,,not_applicable,1,0,??? for??? for??? for??? for?????????? that????????? that?? that?? that? that? that? that? that? that? that? that? that? that? that? that? that? that? that? that? that? that? that? that? that that that? that? that that that that? that that that that that that? that that? that? that? that that that? that that that that that that that that that that that that that that that that that
457,_MV0BuKm0VE,_MV0BuKm0VE_xbzDeFsKwfY,glThsEZuD2Y_ToZljXVGbFs,glThsEZuD2Y,wo_video,2,It's a track with a house,It's a track with a house and electro influence.,audio-supported,audio,0,,1,E0_clause_split_artifact,斷句碎片（標註流程假影）,parent_audio-supported,"母句可歸屬，unsupported 係 split_claims 於 and/, 處切斷所致",electronic;house,supported,electronic;house,,,not_applicable,1,0,"Allow me to recommend 'Beast' by Thomas Gold & Borgeous. It's a track with a house and electro influence. Although I don't have much information about this track, it aligns with your preferences for a house and electro sound."
457,_MV0BuKm0VE,_MV0BuKm0VE_xbzDeFsKwfY,glThsEZuD2Y_ToZljXVGbFs,glThsEZuD2Y,wo_audio_all,7,lively vibe to your video.,It has a techno influence and a fast-paced beat that will add an energetic and lively vibe to your video.,video-supported,video,0,,0,E0_clause_split_artifact,斷句碎片（標註流程假影）,parent_video-supported,"母句可歸屬，unsupported 係 split_claims 於 and/, 處切斷所致",,not_applicable,,,,not_applicable,1,0,"I understand that you might be looking for a track with a house or electro influence. In that case, I would recommend 'House of Lords' by The Prodigy. This track combines elements of electronic, electro, and house genres with a touch of rock. It has a techno influence and a fast-paced beat that will add an energetic and lively vibe to your video."
457,_MV0BuKm0VE,_MV0BuKm0VE_xbzDeFsKwfY,glThsEZuD2Y_ToZljXVGbFs,glThsEZuD2Y,wo_ltp,1,<EMPTY_GENERATION>,<EMPTY_GENERATION>,unsupported,unknown,1,type_token_ratio=0.06,0,E7_degenerate_generation,生成崩潰（退化輸出）,degenerate_output,整段生成為退化輸出（type_token_ratio=0.06），此時的 unsupported 反映生成崩潰而非主張缺乏證據,,not_applicable,,,,not_applicable,1,0,for. is is for. is for. is. for. is for. for. for is for. for. for is for? for? for? for? for? for? for? for? for? for? for? for? for? for? for? for? for? for? for? for? for? for? for? for? for? for? for? for? for? for? for? for? for? that'? that'? that'? that'? that'? that'? that' that'? that' that? that' that? that' that? that
512,k3DP1RijqII,k3DP1RijqII_toNy7VhxPk4,sPtyyoP3Uz4_JjE4zBFDIM4,sPtyyoP3Uz4,full,5,The song has a pop,The song has a pop and dance vibe that could be a fitting choice for your video.,general-supported,general,0,,1,E0_clause_split_artifact,斷句碎片（標註流程假影）,parent_general-supported,"母句可歸屬，unsupported 係 split_claims 於 and/, 處切斷所致",dance;pop,partially_supported,pop,dance,,not_applicable,1,0,"Allow me to recommend 'В Двух шагах' by Darryl. It's a track from their album 'В Двух шагах'. It combines elements of hip-hop, R&B, and electronic music with female vocals. The song has a pop and dance vibe that could be a fitting choice for your video."
512,k3DP1RijqII,k3DP1RijqII_toNy7VhxPk4,sPtyyoP3Uz4_JjE4zBFDIM4,sPtyyoP3Uz4,wo_prompt,4,It has a catchy,It has a catchy and energetic vibe that could be a great fit for your video.,audio-supported,audio,0,,1,E0_clause_split_artifact,斷句碎片（標註流程假影）,parent_audio-supported,"母句可歸屬，unsupported 係 split_claims 於 and/, 處切斷所致",,not_applicable,,,,not_applicable,1,0,"I recommend 'Met mij zijn' by Darryl. It's a track from his album 'Met mij zijn'. The song combines elements of Hip-Hop, pop, and R&B with electronic and dance influences. It has a catchy and energetic vibe that could be a great fit for your video."
512,k3DP1RijqII,k3DP1RijqII_toNy7VhxPk4,sPtyyoP3Uz4_JjE4zBFDIM4,sPtyyoP3Uz4,wo_ltp,1,that that that that.,that that that that.,unsupported,unknown,1,type_token_ratio=0.04,0,E7_degenerate_generation,生成崩潰（退化輸出）,degenerate_output,整段生成為退化輸出（type_token_ratio=0.04），此時的 unsupported 反映生成崩潰而非主張缺乏證據,,not_applicable,,,,not_applicable,1,0,? and. and? and. and. and. I? and. I is. I?? I is. that. I is. that. I? that. I is. that. I is. that. that. that. that. that. that. that that that that. that that that that that that that that that that that that that that that that that that that that that that that that that that that that that that that that that that that that that that that that that that that that that that that that that that that that that that that that that that that that that that that that that that that that
512,k3DP1RijqII,k3DP1RijqII_toNy7VhxPk4,sPtyyoP3Uz4_JjE4zBFDIM4,sPtyyoP3Uz4,wo_ltp,2,that that that that that that that that that that that that that that that that that that that that that that that that that that that that that that that that that that that that that that that that that that that that that that that that that that that that that that that that that that that that that that that that that that that that,that that that that that that that that that that that that that that that that that that that that that that that that that that that that that that that that that that that that that that that that that that that that that that that that that that that that that that that that that that that that that that that that that that that that,unsupported,unknown,1,type_token_ratio=0.04,0,E7_degenerate_generation,生成崩潰（退化輸出）,degenerate_output,整段生成為退化輸出（type_token_ratio=0.04），此時的 unsupported 反映生成崩潰而非主張缺乏證據,,not_applicable,,,,not_applicable,1,0,? and. and? and. and. and. I? and. I is. I?? I is. that. I is. that. I? that. I is. that. I is. that. that. that. that. that. that. that that that that. that that that that that that that that that that that that that that that that that that that that that that that that that that that that that that that that that that that that that that that that that that that that that that that that that that that that that that that that that that that that that that that that that that that that
553,ynVK3EsW9Ws,ynVK3EsW9Ws_7i6N8WLd2zU,ynVK3EsW9Ws_7i6N8WLd2zU,ynVK3EsW9Ws,full,3,"pop, creating a unique","This track combines elements of hip-hop, electronic, and pop, creating a unique and catchy sound.",audio-supported,audio,0,,1,E0_clause_split_artifact,斷句碎片（標註流程假影）,parent_audio-supported,"母句可歸屬，unsupported 係 split_claims 於 and/, 處切斷所致",electronic;hip-hop;pop,supported,electronic;hip-hop;pop,,,not_applicable,1,0,"Certainly! I would recommend 'In The Zone' by LZ. This track combines elements of hip-hop, electronic, and pop, creating a unique and catchy sound. It's part of the album 'In The Zone' and would be a great fit for your video."
553,ynVK3EsW9Ws,ynVK3EsW9Ws_7i6N8WLd2zU,ynVK3EsW9Ws_7i6N8WLd2zU,ynVK3EsW9Ws,wo_video,3,"pop, creating a unique","This track combines elements of hip-hop, electronic, and pop, creating a unique and captivating sound.",audio-supported,audio,0,,1,E0_clause_split_artifact,斷句碎片（標註流程假影）,parent_audio-supported,"母句可歸屬，unsupported 係 split_claims 於 and/, 處切斷所致",electronic;hip-hop;pop,supported,electronic;hip-hop;pop,,,not_applicable,1,0,"In that case, I would recommend 'The Making of a King' by The King. This track combines elements of hip-hop, electronic, and pop, creating a unique and captivating sound. It's part of the album 'The Making of a King' and features the talents of The King."
553,ynVK3EsW9Ws,ynVK3EsW9Ws_7i6N8WLd2zU,ynVK3EsW9Ws_7i6N8WLd2zU,ynVK3EsW9Ws,wo_video,5,features the talents of The King.,It's part of the album 'The Making of a King' and features the talents of The King.,metadata-supported,metadata,0,,0,E0_clause_split_artifact,斷句碎片（標註流程假影）,parent_metadata-supported,"母句可歸屬，unsupported 係 split_claims 於 and/, 處切斷所致",,not_applicable,,,The Making of a King,not_found,1,0,"In that case, I would recommend 'The Making of a King' by The King. This track combines elements of hip-hop, electronic, and pop, creating a unique and captivating sound. It's part of the album 'The Making of a King' and features the talents of The King."
553,ynVK3EsW9Ws,ynVK3EsW9Ws_7i6N8WLd2zU,ynVK3EsW9Ws_7i6N8WLd2zU,ynVK3EsW9Ws,wo_audio_feature_only,3,pop with a mix of rock,"It's a track that combines elements of hip-hop, electronic, and pop with a mix of rock and dance.",audio-supported,audio,0,,1,E0_clause_split_artifact,斷句碎片（標註流程假影）,parent_audio-supported,"母句可歸屬，unsupported 係 split_claims 於 and/, 處切斷所致",dance;electronic;hip-hop;pop;rock,partially_supported,electronic;hip-hop;pop;rock,dance,,not_applicable,1,0,"In that case, I would recommend 'The Zone' by LZ. It's a track that combines elements of hip-hop, electronic, and pop with a mix of rock and dance. It has a mix of electronic and pop influences, which could be a fitting choice for your video."
553,ynVK3EsW9Ws,ynVK3EsW9Ws_7i6N8WLd2zU,ynVK3EsW9Ws_7i6N8WLd2zU,ynVK3EsW9Ws,wo_audio_feature_only,4,It has a mix of electronic,"It has a mix of electronic and pop influences, which could be a fitting choice for your video.",audio-supported,audio,0,,1,E0_clause_split_artifact,斷句碎片（標註流程假影）,parent_audio-supported,"母句可歸屬，unsupported 係 split_claims 於 and/, 處切斷所致",electronic;pop,supported,electronic;pop,,,not_applicable,1,0,"In that case, I would recommend 'The Zone' by LZ. It's a track that combines elements of hip-hop, electronic, and pop with a mix of rock and dance. It has a mix of electronic and pop influences, which could be a fitting choice for your video."
553,ynVK3EsW9Ws,ynVK3EsW9Ws_7i6N8WLd2zU,ynVK3EsW9Ws_7i6N8WLd2zU,ynVK3EsW9Ws,wo_ltp,1,<EMPTY_GENERATION>,<EMPTY_GENERATION>,unsupported,unknown,1,type_token_ratio=0.02,0,E7_degenerate_generation,生成崩潰（退化輸出）,degenerate_output,整段生成為退化輸出（type_token_ratio=0.02），此時的 unsupported 反映生成崩潰而非主張缺乏證據,,not_applicable,,,,not_applicable,1,0,",t,t,t,t,t,t,t,t,t,t,t,t,t,t,t,t,t,t,t,t,t,t,t,t,t,t,t,t,t,t,t,t,t,t,t,t,t,t,t,t,t,t,t,t,t,t,t,t,t,t,t,t,t,t,t,t,t,t,t,t,t,t,t,t"
559,1fMjQttld5U,1fMjQttld5U_-_Q9D5vl8lQ,hS2tevgRLHQ_GS7GfA4zk9E,hS2tevgRLHQ,wo_audio_feature_only,2,rock track with electronic,It's a pop and rock track with electronic and dance influences.,audio-supported,audio,0,,1,E0_clause_split_artifact,斷句碎片（標註流程假影）,parent_audio-supported,"母句可歸屬，unsupported 係 split_claims 於 and/, 處切斷所致",dance;electronic;pop;rock,partially_supported,electronic;pop;rock,dance,,not_applicable,1,0,"Allow me to recommend 'Marina Elali' by Marina Elali. It's a pop and rock track with electronic and dance influences. Although I don't have much information about this track, it aligns with Marina Elali's style and could be a fitting recommendation for your video."
559,1fMjQttld5U,1fMjQttld5U_-_Q9D5vl8lQ,hS2tevgRLHQ_GS7GfA4zk9E,hS2tevgRLHQ,wo_audio_feature_only,3,"Although I don't have much information about this track, it aligns with Marina Elali's style","Although I don't have much information about this track, it aligns with Marina Elali's style and could be a fitting recommendation for your video.",general-supported,general,0,,1,E0_clause_split_artifact,斷句碎片（標註流程假影）,parent_general-supported,"母句可歸屬，unsupported 係 split_claims 於 and/, 處切斷所致",,not_applicable,,,,not_applicable,1,0,"Allow me to recommend 'Marina Elali' by Marina Elali. It's a pop and rock track with electronic and dance influences. Although I don't have much information about this track, it aligns with Marina Elali's style and could be a fitting recommendation for your video."
559,1fMjQttld5U,1fMjQttld5U_-_Q9D5vl8lQ,hS2tevgRLHQ_GS7GfA4zk9E,hS2tevgRLHQ,wo_audio_all,2,rock track with electronic,It's a pop and rock track with electronic and female vocal influences.,audio-supported,audio,0,,1,E0_clause_split_artifact,斷句碎片（標註流程假影）,parent_audio-supported,"母句可歸屬，unsupported 係 split_claims 於 and/, 處切斷所致",electronic;pop;rock,supported,electronic;pop;rock,,,not_applicable,1,0,"Allow me to recommend 'Marina Elali' by Marina Elali. It's a pop and rock track with electronic and female vocal influences. Although I don't have much information about this specific track, Marina Elali is known for her pop and rock style with electronic and female vocal influences. This could be a fitting choice for your video."
559,1fMjQttld5U,1fMjQttld5U_-_Q9D5vl8lQ,hS2tevgRLHQ_GS7GfA4zk9E,hS2tevgRLHQ,wo_audio_all,3,"Although I don't have much information about this specific track, Marina Elali is known for her pop","Although I don't have much information about this specific track, Marina Elali is known for her pop and rock style with electronic and female vocal influences.",audio-supported,audio,0,,1,E0_clause_split_artifact,斷句碎片（標註流程假影）,parent_audio-supported,"母句可歸屬，unsupported 係 split_claims 於 and/, 處切斷所致",electronic;pop;rock,supported,electronic;pop;rock,,,not_applicable,1,0,"Allow me to recommend 'Marina Elali' by Marina Elali. It's a pop and rock track with electronic and female vocal influences. Although I don't have much information about this specific track, Marina Elali is known for her pop and rock style with electronic and female vocal influences. This could be a fitting choice for your video."
559,1fMjQttld5U,1fMjQttld5U_-_Q9D5vl8lQ,hS2tevgRLHQ_GS7GfA4zk9E,hS2tevgRLHQ,wo_prompt,4,It has a catchy,It has a catchy and energetic vibe that would be perfect for your video.,audio-supported,audio,0,,1,E0_clause_split_artifact,斷句碎片（標註流程假影）,parent_audio-supported,"母句可歸屬，unsupported 係 split_claims 於 and/, 處切斷所致",,not_applicable,,,,not_applicable,1,0,"In that case, I would recommend 'Часы' by Лолита. This track combines elements of pop, rock, and electronic music, with female vocals. It has a catchy and energetic vibe that would be perfect for your video."
559,1fMjQttld5U,1fMjQttld5U_-_Q9D5vl8lQ,hS2tevgRLHQ_GS7GfA4zk9E,hS2tevgRLHQ,wo_ltp,1,that that that that that that that that that that that that that that that that that that that that that that that that that that that that that that,that that that that that that that that that that that that that that that that that that that that that that that that that that that that that that,unsupported,unknown,1,type_token_ratio=0.07,0,E7_degenerate_generation,生成崩潰（退化輸出）,degenerate_output,整段生成為退化輸出（type_token_ratio=0.07），此時的 unsupported 反映生成崩潰而非主張缺乏證據,,not_applicable,,,,not_applicable,1,0,", that is for. for, and it is off. for? for? for? for? for? for? for? for? for? for? for? for? for? for? for? for? for? for? for? for that? for? for? for? for? for? for that? for? for that? for that? for that? that? for that? that? that? that? that? that? that? that that that? that that that that that that that that that that that that that that that that that that that that that that that that that that that that that that"
562,Tl7ZXX6wbRE,Tl7ZXX6wbRE_rKoU3ekYQ-I,Tl7ZXX6wbRE_rKoU3ekYQ-I,Tl7ZXX6wbRE,full,2,This track has a 90s vibe,"This track has a 90s vibe and combines elements of Hip-Hop, electronic, and alternative genres.",audio-supported,audio,0,,1,E0_clause_split_artifact,斷句碎片（標註流程假影）,parent_audio-supported,"母句可歸屬，unsupported 係 split_claims 於 and/, 處切斷所致",alternative;electronic;hip-hop,supported,alternative;electronic;hip-hop,,,not_applicable,1,0,"In that case, I would recommend 'If I Hit The Lotto' by Rayzr. This track has a 90s vibe and combines elements of Hip-Hop, electronic, and alternative genres. It's part of the album 'If I Hit The Lotto' and offers a unique blend of sounds that will add a nostalgic touch to your video."
562,Tl7ZXX6wbRE,Tl7ZXX6wbRE_rKoU3ekYQ-I,Tl7ZXX6wbRE_rKoU3ekYQ-I,Tl7ZXX6wbRE,wo_video,2,This track has a 90s feel,"This track has a 90s feel and combines elements of Hip-Hop, electronic, and alternative genres.",audio-supported,audio,0,,1,E0_clause_split_artifact,斷句碎片（標註流程假影）,parent_audio-supported,"母句可歸屬，unsupported 係 split_claims 於 and/, 處切斷所致",alternative;electronic;hip-hop,supported,alternative;electronic;hip-hop,,,not_applicable,1,0,"In that case, I would recommend 'Hip Hop 90s - 90s Hip Hop'. This track has a 90s feel and combines elements of Hip-Hop, electronic, and alternative genres. It's a great choice for your video."
562,Tl7ZXX6wbRE,Tl7ZXX6wbRE_rKoU3ekYQ-I,Tl7ZXX6wbRE_rKoU3ekYQ-I,Tl7ZXX6wbRE,wo_prompt,4,indie with a touch of pop.,"The song combines elements of Hip-Hop, electronic, rock, and indie with a touch of pop.",audio-supported,audio,0,,0,E0_clause_split_artifact,斷句碎片（標註流程假影）,parent_audio-supported,"母句可歸屬，unsupported 係 split_claims 於 and/, 處切斷所致",electronic;hip-hop;indie;pop;rock,partially_supported,electronic;hip-hop;indie;rock,pop,,not_applicable,1,0,"I recommend 'If I Hit The Lotto' by Rayzr. It's a track from his album 'The Lotto'. The song combines elements of Hip-Hop, electronic, rock, and indie with a touch of pop. It has a unique and experimental sound that could add an interesting dimension to your video."
562,Tl7ZXX6wbRE,Tl7ZXX6wbRE_rKoU3ekYQ-I,Tl7ZXX6wbRE_rKoU3ekYQ-I,Tl7ZXX6wbRE,wo_prompt,5,It has a unique,It has a unique and experimental sound that could add an interesting dimension to your video.,audio-supported,audio,0,,1,E0_clause_split_artifact,斷句碎片（標註流程假影）,parent_audio-supported,"母句可歸屬，unsupported 係 split_claims 於 and/, 處切斷所致",,not_applicable,,,,not_applicable,1,0,"I recommend 'If I Hit The Lotto' by Rayzr. It's a track from his album 'The Lotto'. The song combines elements of Hip-Hop, electronic, rock, and indie with a touch of pop. It has a unique and experimental sound that could add an interesting dimension to your video."
562,Tl7ZXX6wbRE,Tl7ZXX6wbRE_rKoU3ekYQ-I,Tl7ZXX6wbRE_rKoU3ekYQ-I,Tl7ZXX6wbRE,wo_ltp,1,<EMPTY_GENERATION>,<EMPTY_GENERATION>,unsupported,unknown,1,type_token_ratio=0.02,0,E7_degenerate_generation,生成崩潰（退化輸出）,degenerate_output,整段生成為退化輸出（type_token_ratio=0.02），此時的 unsupported 反映生成崩潰而非主張缺乏證據,,not_applicable,,,,not_applicable,1,0,"s,s,s,s,s,s,s,s,s,s,s,s,s,s,s,s,s,s,s,s,s,s,s,s,s,s,s,s,s,s,s,s,s,s,s,s,s,s,s,s,s,s,s,s,s,s,s,s,s,s,s,s,s,s,s,s,s,s,s,s,s,s,s,s,"
627,YIyiT96Ojqg,YIyiT96Ojqg_ijpcMBW6eeE,lRXn2djCFEQ_9D-wLVsgj9Q,lRXn2djCFEQ,full,2,It's a reggaeton track with hip-hop,It's a reggaeton track with hip-hop and dance influences.,audio-supported,audio,0,,1,E0_clause_split_artifact,斷句碎片（標註流程假影）,parent_audio-supported,"母句可歸屬，unsupported 係 split_claims 於 and/, 處切斷所致",dance;hip-hop,supported,dance;hip-hop,,,not_applicable,1,0,Certainly! How about 'Vem com a firma Parte 2' by MC Juninho da FVL? It's a reggaeton track with hip-hop and dance influences. The song has a catchy beat and energetic vibe that could add a dynamic element to your video.
627,YIyiT96Ojqg,YIyiT96Ojqg_ijpcMBW6eeE,lRXn2djCFEQ_9D-wLVsgj9Q,lRXn2djCFEQ,wo_video,2,It's a reggaeton track with electronic,It's a reggaeton track with electronic and dance elements.,unsupported,unknown,0,,1,E0b_rule_miss_verified,規則漏判但有證據支持,genre_claim_verified_by_tags,曲風敘述可由 musicnn 標籤／參考文本支持；v2 因 GENRE_TERMS 需搭配 anchor 詞才計為 audio 而漏判,dance;electronic,supported,dance;electronic,,,not_applicable,1,0,"Certainly! I recommend 'Reggaeton' by MC Juninho da FVL. It's a reggaeton track with electronic and dance elements. Although I don't have much information about this specific track, it aligns with the reggaeton and dance genres you're looking for."
627,YIyiT96Ojqg,YIyiT96Ojqg_ijpcMBW6eeE,lRXn2djCFEQ_9D-wLVsgj9Q,lRXn2djCFEQ,wo_video,3,"Although I don't have much information about this specific track, it aligns with the reggaeton","Although I don't have much information about this specific track, it aligns with the reggaeton and dance genres you're looking for.",prompt-supported,prompt,0,,1,E0_clause_split_artifact,斷句碎片（標註流程假影）,parent_prompt-supported,"母句可歸屬，unsupported 係 split_claims 於 and/, 處切斷所致",dance,supported,dance,,,not_applicable,1,0,"Certainly! I recommend 'Reggaeton' by MC Juninho da FVL. It's a reggaeton track with electronic and dance elements. Although I don't have much information about this specific track, it aligns with the reggaeton and dance genres you're looking for."
627,YIyiT96Ojqg,YIyiT96Ojqg_ijpcMBW6eeE,lRXn2djCFEQ_9D-wLVsgj9Q,lRXn2djCFEQ,wo_audio_feature_only,2,It's a track that doesn't have any specific information about the music.,It's a track that doesn't have any specific information about the music.,unsupported,unknown,0,,0,E6_likely_hallucination,可能幻覺,unclassified_specific_claim,具體主張但未命中任何證據來源,,not_applicable,,,,not_applicable,1,1,"Certainly, I recommend 'I'm Not Sure' by MC. It's a track that doesn't have any specific information about the music. However, I can suggest 'I'm Not Sure' by MC. It's a track that doesn't have any particular information about the music."
627,YIyiT96Ojqg,YIyiT96Ojqg_ijpcMBW6eeE,lRXn2djCFEQ_9D-wLVsgj9Q,lRXn2djCFEQ,wo_audio_feature_only,4,It's a track that doesn't have any particular information about the music.,It's a track that doesn't have any particular information about the music.,unsupported,unknown,0,,0,E6_likely_hallucination,可能幻覺,unclassified_specific_claim,具體主張但未命中任何證據來源,,not_applicable,,,,not_applicable,1,1,"Certainly, I recommend 'I'm Not Sure' by MC. It's a track that doesn't have any specific information about the music. However, I can suggest 'I'm Not Sure' by MC. It's a track that doesn't have any particular information about the music."
627,YIyiT96Ojqg,YIyiT96Ojqg_ijpcMBW6eeE,lRXn2djCFEQ_9D-wLVsgj9Q,lRXn2djCFEQ,wo_audio_all,3,"features elements of hip-hop, electronic","It's a track from the album 'Reggaeton' and features elements of hip-hop, electronic, and dance genres.",metadata-supported,metadata,0,,1,E0_clause_split_artifact,斷句碎片（標註流程假影）,parent_metadata-supported,"母句可歸屬，unsupported 係 split_claims 於 and/, 處切斷所致",dance;electronic;hip-hop,supported,dance;electronic;hip-hop,,Reggaeton,not_found,1,0,"Certainly, I recommend 'Reggaeton' by 50 Cent. It's a track from the album 'Reggaeton' and features elements of hip-hop, electronic, and dance genres. The song has a fast-paced techno sound with a mix of electronic beats and drums, which could be a fitting choice for your video."
627,YIyiT96Ojqg,YIyiT96Ojqg_ijpcMBW6eeE,lRXn2djCFEQ_9D-wLVsgj9Q,lRXn2djCFEQ,wo_prompt,5,It has a catchy,It has a catchy and energetic vibe that could be a great fit for your video.,audio-supported,audio,0,,1,E0_clause_split_artifact,斷句碎片（標註流程假影）,parent_audio-supported,"母句可歸屬，unsupported 係 split_claims 於 and/, 處切斷所致",,not_applicable,,,,not_applicable,1,0,"I recommend 'Vem com a firma Parte 2' by MC Juninho da FVL. It's a track from the album 'Vem com a firma Parte 2'. The song combines elements of Hip-Hop, pop, and electronic music with female vocals. It has a catchy and energetic vibe that could be a great fit for your video."
627,YIyiT96Ojqg,YIyiT96Ojqg_ijpcMBW6eeE,lRXn2djCFEQ_9D-wLVsgj9Q,lRXn2djCFEQ,wo_ltp,1,<EMPTY_GENERATION>,<EMPTY_GENERATION>,unsupported,unknown,1,too_few_tokens=1,0,E7_degenerate_generation,生成崩潰（退化輸出）,degenerate_output,整段生成為退化輸出（too_few_tokens=1），此時的 unsupported 反映生成崩潰而非主張缺乏證據,,not_applicable,,,,not_applicable,1,0,tzxzxzzzzzzzzzzzzzzzzzzzzzzzzzzzzzzzzzzzzzzzzzzzzzzzzzzzzzzzzzzzzzzzzzzzzzzzzzzzzzzzzzzzzzzzzzzzzzzzzzzzzzzzzzzzzzzzzzzzzzzzzzzz
685,SSmTgwp15FQ,SSmTgwp15FQ_SH8esP19qww,SSmTgwp15FQ_SH8esP19qww,SSmTgwp15FQ,full,3,"It also has a touch of 80s influence, which adds a nostalgic feel to the music.","It also has a touch of 80s influence, which adds a nostalgic feel to the music.",unsupported,unknown,0,,0,E4_vague_generic,一般性空泛描述／主觀陳述,subjective_statement,泛用效用或主觀陳述，本質上不具可驗證性,,not_applicable,,,,not_applicable,1,0,"In that case, I would recommend 'Why God Made Love Songs' by Joel Crouse. This track has a pop sound with elements of rock, indie, and alternative. It also has a touch of 80s influence, which adds a nostalgic feel to the music. It's a perfect fit for your video."
685,SSmTgwp15FQ,SSmTgwp15FQ_SH8esP19qww,SSmTgwp15FQ_SH8esP19qww,SSmTgwp15FQ,wo_audio_feature_only,2,This track is a pop song that celebrates the love between God,This track is a pop song that celebrates the love between God and his creation.,unsupported,unknown,0,,1,E0b_rule_miss_verified,規則漏判但有證據支持,genre_claim_verified_by_tags,曲風敘述可由 musicnn 標籤／參考文本支持；v2 因 GENRE_TERMS 需搭配 anchor 詞才計為 audio 而漏判,pop,supported,pop,,,not_applicable,1,0,"In that case, I would recommend 'God Made Love Songs' by Joel Crouse. This track is a pop song that celebrates the love between God and his creation. It has a mix of rock, pop, and indie influences, which aligns well with the pop side of the track. It's a fitting choice for your video."
685,SSmTgwp15FQ,SSmTgwp15FQ_SH8esP19qww,SSmTgwp15FQ_SH8esP19qww,SSmTgwp15FQ,wo_audio_feature_only,3,"It has a mix of rock, pop","It has a mix of rock, pop, and indie influences, which aligns well with the pop side of the track.",audio-supported,audio,0,,1,E0_clause_split_artifact,斷句碎片（標註流程假影）,parent_audio-supported,"母句可歸屬，unsupported 係 split_claims 於 and/, 處切斷所致",indie;pop;rock,supported,indie;pop;rock,,,not_applicable,1,0,"In that case, I would recommend 'God Made Love Songs' by Joel Crouse. This track is a pop song that celebrates the love between God and his creation. It has a mix of rock, pop, and indie influences, which aligns well with the pop side of the track. It's a fitting choice for your video."
685,SSmTgwp15FQ,SSmTgwp15FQ_SH8esP19qww,SSmTgwp15FQ_SH8esP19qww,SSmTgwp15FQ,wo_audio_all,6,catchy song that will appeal to a wide range of listeners.,It's a versatile and catchy song that will appeal to a wide range of listeners.,unsupported,unknown,0,,0,E6_likely_hallucination,可能幻覺,unclassified_specific_claim,具體主張但未命中任何證據來源,,not_applicable,,,,not_applicable,1,1,"In that case, I would recommend 'The Pop Side' by The Pop Side. This track has a pop influence and is a great fit for your video. It combines elements of pop, dance, and electronic genres, with a touch of 80s influence. It's a versatile and catchy song that will appeal to a wide range of listeners."
685,SSmTgwp15FQ,SSmTgwp15FQ_SH8esP19qww,SSmTgwp15FQ_SH8esP19qww,SSmTgwp15FQ,wo_prompt,4,It has a catchy,It has a catchy and energetic vibe that would be a great fit for your video.,audio-supported,audio,0,,1,E0_clause_split_artifact,斷句碎片（標註流程假影）,parent_audio-supported,"母句可歸屬，unsupported 係 split_claims 於 and/, 處切斷所致",,not_applicable,,,,not_applicable,1,0,"In that case, I would recommend 'Why God Made Love Songs' by Joel Crouse. This track is part of the album 'Why God Made Love Songs' and offers a blend of rock, pop, and alternative genres. It has a catchy and energetic vibe that would be a great fit for your video."
685,SSmTgwp15FQ,SSmTgwp15FQ_SH8esP19qww,SSmTgwp15FQ_SH8esP19qww,SSmTgwp15FQ,wo_ltp,1,is a.t is a.t is a lot.t a lot.t a.t a.t a.t a.t a.t a.t a.t a.t a.t a.t a.t a.t a.t a.t a.t a.t a.t a.t a.t a.t a a a a a a a a a a a a a a a a a a a a a a a a a a a a a a a a a a a a a a a a a a a a a a a a a,is a.t is a.t is a lot.t a lot.t a.t a.t a.t a.t a.t a.t a.t a.t a.t a.t a.t a.t a.t a.t a.t a.t a.t a.t a.t a.t a a a a a a a a a a a a a a a a a a a a a a a a a a a a a a a a a a a a a a a a a a a a a a a a a,unsupported,unknown,1,type_token_ratio=0.04,0,E7_degenerate_generation,生成崩潰（退化輸出）,degenerate_output,整段生成為退化輸出（type_token_ratio=0.04），此時的 unsupported 反映生成崩潰而非主張缺乏證據,,not_applicable,,,,not_applicable,1,0,is. is a.t is a.t is a lot.t a lot.t a.t a.t a.t a.t a.t a.t a.t a.t a.t a.t a.t a.t a.t a.t a.t a.t a.t a.t a.t a.t a a a a a a a a a a a a a a a a a a a a a a a a a a a a a a a a a a a a a a a a a a a a a a a a a
777,T56LFxaEJV8,T56LFxaEJV8_H5Nn-SIDfWo,T56LFxaEJV8_H5Nn-SIDfWo,T56LFxaEJV8,full,4,electronic music from the 70s.,"This song combines elements of classic rock, pop, and electronic music from the 70s.",audio-supported,audio,0,,0,E0_clause_split_artifact,斷句碎片（標註流程假影）,parent_audio-supported,"母句可歸屬，unsupported 係 split_claims 於 and/, 處切斷所致",electronic;pop;rock,supported,electronic;pop;rock,,,not_applicable,1,0,"Certainly! I recommend 'Lovely Fire' by Stefano Ercolino. It's a track from his album 'Lovely Fire'. This song combines elements of classic rock, pop, and electronic music from the 70s. It has a catchy and energetic vibe that could be a fitting choice for your video."
777,T56LFxaEJV8,T56LFxaEJV8_H5Nn-SIDfWo,T56LFxaEJV8_H5Nn-SIDfWo,T56LFxaEJV8,full,5,It has a catchy,It has a catchy and energetic vibe that could be a fitting choice for your video.,audio-supported,audio,0,,1,E0_clause_split_artifact,斷句碎片（標註流程假影）,parent_audio-supported,"母句可歸屬，unsupported 係 split_claims 於 and/, 處切斷所致",,not_applicable,,,,not_applicable,1,0,"Certainly! I recommend 'Lovely Fire' by Stefano Ercolino. It's a track from his album 'Lovely Fire'. This song combines elements of classic rock, pop, and electronic music from the 70s. It has a catchy and energetic vibe that could be a fitting choice for your video."
777,T56LFxaEJV8,T56LFxaEJV8_H5Nn-SIDfWo,T56LFxaEJV8_H5Nn-SIDfWo,T56LFxaEJV8,wo_video,4,electronic music from the 70s.,The song combines elements of classic rock and electronic music from the 70s.,audio-supported,audio,0,,0,E0_clause_split_artifact,斷句碎片（標註流程假影）,parent_audio-supported,"母句可歸屬，unsupported 係 split_claims 於 and/, 處切斷所致",electronic;rock,supported,electronic;rock,,,not_applicable,1,0,I recommend 'Lovely Fire' by Stefano Ercolino. It's a track from his album 'Lovely Fire'. The song combines elements of classic rock and electronic music from the 70s. It has a rock and pop sound with guitar and male vocals. It could be a fitting choice for your video.
777,T56LFxaEJV8,T56LFxaEJV8_H5Nn-SIDfWo,T56LFxaEJV8_H5Nn-SIDfWo,T56LFxaEJV8,wo_video,5,It has a rock,It has a rock and pop sound with guitar and male vocals.,audio-supported,audio,0,,1,E0_clause_split_artifact,斷句碎片（標註流程假影）,parent_audio-supported,"母句可歸屬，unsupported 係 split_claims 於 and/, 處切斷所致",pop;rock,supported,pop;rock,,,not_applicable,1,0,I recommend 'Lovely Fire' by Stefano Ercolino. It's a track from his album 'Lovely Fire'. The song combines elements of classic rock and electronic music from the 70s. It has a rock and pop sound with guitar and male vocals. It could be a fitting choice for your video.
777,T56LFxaEJV8,T56LFxaEJV8_H5Nn-SIDfWo,T56LFxaEJV8_H5Nn-SIDfWo,T56LFxaEJV8,wo_audio_all,1,I suggest checking out 'Stefano Ercolino - 70s'.,I suggest checking out 'Stefano Ercolino - 70s'.,unsupported,unknown,0,,0,E6_likely_hallucination,可能幻覺,named_entity_absent_from_all_evidence,引號名稱 ['Stefano Ercolino - 70s'] 未見於管線內證據與外部 metadata；屬具體可查證卻查無支持者，列為可能幻覺並送人工複核,,not_applicable,,,Stefano Ercolino - 70s,not_found,1,1,"I suggest checking out 'Stefano Ercolino - 70s'. It's a track from Stefano Ercolino's album 'Stefano Ercolino - 70s'. It combines elements of classic rock and electronic music from the 70s, which could be a fitting choice for your video."
777,T56LFxaEJV8,T56LFxaEJV8_H5Nn-SIDfWo,T56LFxaEJV8_H5Nn-SIDfWo,T56LFxaEJV8,wo_prompt,4,alternative with a touch of pop.,"The song combines elements of rock, indie, and alternative with a touch of pop.",audio-supported,audio,0,,0,E0_clause_split_artifact,斷句碎片（標註流程假影）,parent_audio-supported,"母句可歸屬，unsupported 係 split_claims 於 and/, 處切斷所致",alternative;indie;pop;rock,partially_supported,pop;rock,alternative;indie,,not_applicable,1,0,"I recommend 'Lovely Fire' by Stefano Ercolino. It's a track from his album 'Lovely Fire'. The song combines elements of rock, indie, and alternative with a touch of pop. It has a unique and captivating sound that could add a special touch to your video."
777,T56LFxaEJV8,T56LFxaEJV8_H5Nn-SIDfWo,T56LFxaEJV8_H5Nn-SIDfWo,T56LFxaEJV8,wo_prompt,5,It has a unique,It has a unique and captivating sound that could add a special touch to your video.,audio-supported,audio,0,,1,E0_clause_split_artifact,斷句碎片（標註流程假影）,parent_audio-supported,"母句可歸屬，unsupported 係 split_claims 於 and/, 處切斷所致",,not_applicable,,,,not_applicable,1,0,"I recommend 'Lovely Fire' by Stefano Ercolino. It's a track from his album 'Lovely Fire'. The song combines elements of rock, indie, and alternative with a touch of pop. It has a unique and captivating sound that could add a special touch to your video."
777,T56LFxaEJV8,T56LFxaEJV8_H5Nn-SIDfWo,T56LFxaEJV8_H5Nn-SIDfWo,T56LFxaEJV8,wo_ltp,1,is is is is is is that is is is that.,is is is is is is that is is is that.,unsupported,unknown,1,type_token_ratio=0.06,0,E7_degenerate_generation,生成崩潰（退化輸出）,degenerate_output,整段生成為退化輸出（type_token_ratio=0.06），此時的 unsupported 反映生成崩潰而非主張缺乏證據,,not_applicable,,,,not_applicable,1,0,.. is is. is is. is is. for. is is is. for. is is is. for. is is is. for. and is is. is. is is. is is. for. is is. is is. is is is. is is is is is is that is is is that. is is that is that is that is that is that is that. that is that is that. that' that' that. that. that' that. that' that' that. that. that' that' that' that' that' that' that' that' that' that' that
777,T56LFxaEJV8,T56LFxaEJV8_H5Nn-SIDfWo,T56LFxaEJV8_H5Nn-SIDfWo,T56LFxaEJV8,wo_ltp,2,is is that is that is that is that is that is that.,is is that is that is that is that is that is that.,unsupported,unknown,1,type_token_ratio=0.06,0,E7_degenerate_generation,生成崩潰（退化輸出）,degenerate_output,整段生成為退化輸出（type_token_ratio=0.06），此時的 unsupported 反映生成崩潰而非主張缺乏證據,,not_applicable,,,,not_applicable,1,0,.. is is. is is. is is. for. is is is. for. is is is. for. is is is. for. and is is. is. is is. is is. for. is is. is is. is is is. is is is is is is that is is is that. is is that is that is that is that is that is that. that is that is that. that' that' that. that. that' that. that' that' that. that. that' that' that' that' that' that' that' that' that' that' that
777,T56LFxaEJV8,T56LFxaEJV8_H5Nn-SIDfWo,T56LFxaEJV8_H5Nn-SIDfWo,T56LFxaEJV8,wo_ltp,3,that is that is that.,is is that is that is that is that is that is that.,unsupported,unknown,1,type_token_ratio=0.06,0,E7_degenerate_generation,生成崩潰（退化輸出）,degenerate_output,整段生成為退化輸出（type_token_ratio=0.06），此時的 unsupported 反映生成崩潰而非主張缺乏證據,,not_applicable,,,,not_applicable,1,0,.. is is. is is. is is. for. is is is. for. is is is. for. is is is. for. and is is. is. is is. is is. for. is is. is is. is is is. is is is is is is that is is is that. is is that is that is that is that is that is that. that is that is that. that' that' that. that. that' that. that' that' that. that. that' that' that' that' that' that' that' that' that' that' that
777,T56LFxaEJV8,T56LFxaEJV8_H5Nn-SIDfWo,T56LFxaEJV8_H5Nn-SIDfWo,T56LFxaEJV8,wo_ltp,4,that' that' that' that' that' that' that' that' that' that' that,that' that' that' that' that' that' that' that' that' that' that,unsupported,unknown,1,type_token_ratio=0.06,0,E7_degenerate_generation,生成崩潰（退化輸出）,degenerate_output,整段生成為退化輸出（type_token_ratio=0.06），此時的 unsupported 反映生成崩潰而非主張缺乏證據,,not_applicable,,,,not_applicable,1,0,.. is is. is is. is is. for. is is is. for. is is is. for. is is is. for. and is is. is. is is. is is. for. is is. is is. is is is. is is is is is is that is is is that. is is that is that is that is that is that is that. that is that is that. that' that' that. that. that' that. that' that' that. that. that' that' that' that' that' that' that' that' that' that' that
780,5ZVQ6_Hd4zc,5ZVQ6_Hd4zc_58ip325ZOu8,J4_eqMYZtpE_yEbrcWgELU0,J4_eqMYZtpE,wo_video,4,ambient with a chillout vibe.,"It combines elements of electronic, indie, and ambient with a chillout vibe.",audio-supported,audio,0,,0,E0_clause_split_artifact,斷句碎片（標註流程假影）,parent_audio-supported,"母句可歸屬，unsupported 係 split_claims 於 and/, 處切斷所致",ambient;chillout;electronic;indie,supported,ambient;chillout;electronic;indie,,,not_applicable,1,0,"Allow me to recommend 'Breezewax' by Breezewax. It's a track from their album 'Breezewax'. It combines elements of electronic, indie, and ambient with a chillout vibe. It features female vocals, which could be a fitting choice for your video."
780,5ZVQ6_Hd4zc,5ZVQ6_Hd4zc_58ip325ZOu8,J4_eqMYZtpE_yEbrcWgELU0,J4_eqMYZtpE,wo_prompt,4,It has a chillout vibe,"It has a chillout vibe and features female vocals, which can add a unique touch to your video.",audio-supported,audio,0,,1,E0_clause_split_artifact,斷句碎片（標註流程假影）,parent_audio-supported,"母句可歸屬，unsupported 係 split_claims 於 and/, 處切斷所致",chillout,supported,chillout,,,not_applicable,1,0,"In that case, I would recommend 'Catching the Simple But Happy Days' by Vanchy. This track is part of the album 'Catching the Simple But Happy Days' and offers a blend of electronic, indie, and rock genres. It has a chillout vibe and features female vocals, which can add a unique touch to your video."
780,5ZVQ6_Hd4zc,5ZVQ6_Hd4zc_58ip325ZOu8,J4_eqMYZtpE_yEbrcWgELU0,J4_eqMYZtpE,wo_ltp,1,<EMPTY_GENERATION>,<EMPTY_GENERATION>,unsupported,unknown,1,type_token_ratio=0.07,0,E7_degenerate_generation,生成崩潰（退化輸出）,degenerate_output,整段生成為退化輸出（type_token_ratio=0.07），此時的 unsupported 反映生成崩潰而非主張缺乏證據,,not_applicable,,,,not_applicable,1,0,. and. and. is. and. is. and. and. and. and. and. is. and. and. is. and. and. and. is. and. is. and. and. and. is. and. and. and. and. is. and. and. and. and that's. and that'! and that'! and that'! that'! and that'! and! that'! and that'! and that'! and that'! and that'! and that'! that'! that'! that'! that'! that'
781,bqzAothNuZs,bqzAothNuZs_7Exf7LE_ef0,bqzAothNuZs_7Exf7LE_ef0,bqzAothNuZs,full,6,has a unique blend of genres that could add a dynamic,It was released in 2012 and has a unique blend of genres that could add a dynamic and diverse sound to your video.,metadata-supported,metadata,0,,1,E0_clause_split_artifact,斷句碎片（標註流程假影）,parent_metadata-supported,"母句可歸屬，unsupported 係 split_claims 於 and/, 處切斷所致",,not_applicable,,,,not_applicable,1,0,"Certainly! I recommend 'Be Staunch' by This Side Up. It's a track from their album 'Be Staunch'. This song combines elements of hip-hop, funk, and soul with electronic beats and a techno influence. It was released in 2012 and has a unique blend of genres that could add a dynamic and diverse sound to your video."
781,bqzAothNuZs,bqzAothNuZs_7Exf7LE_ef0,bqzAothNuZs_7Exf7LE_ef0,bqzAothNuZs,wo_audio_feature_only,2,It's a track that combines elements of funk,It's a track that combines elements of funk and soul with electronic and hip-hop elements.,audio-supported,audio,0,,1,E0_clause_split_artifact,斷句碎片（標註流程假影）,parent_audio-supported,"母句可歸屬，unsupported 係 split_claims 於 and/, 處切斷所致",electronic;hip-hop;soul,supported,electronic;hip-hop;soul,,,not_applicable,1,0,"I suggest 'Hip Hop' by The Hip Hop. It's a track that combines elements of funk and soul with electronic and hip-hop elements. Although I don't have specific information about the track, it aligns with your preference for a blend of funk and soul with electronic and hip-hop elements."
781,bqzAothNuZs,bqzAothNuZs_7Exf7LE_ef0,bqzAothNuZs_7Exf7LE_ef0,bqzAothNuZs,wo_prompt,4,"pop, with a touch of jazz.","The song combines elements of Hip-Hop, electronic, rock, and pop, with a touch of jazz.",audio-supported,audio,0,,0,E0_clause_split_artifact,斷句碎片（標註流程假影）,parent_audio-supported,"母句可歸屬，unsupported 係 split_claims 於 and/, 處切斷所致",electronic;hip-hop;jazz;pop;rock,partially_supported,electronic;hip-hop;pop,jazz;rock,,not_applicable,1,0,"I recommend 'Be Staunch' by This Side Up. It's a track from their album 'Be Staunch'. The song combines elements of Hip-Hop, electronic, rock, and pop, with a touch of jazz. It has a unique blend of genres and a catchy beat that could add an interesting dynamic to your video."
781,bqzAothNuZs,bqzAothNuZs_7Exf7LE_ef0,bqzAothNuZs_7Exf7LE_ef0,bqzAothNuZs,wo_prompt,5,It has a unique blend of genres,It has a unique blend of genres and a catchy beat that could add an interesting dynamic to your video.,audio-supported,audio,0,,1,E0_clause_split_artifact,斷句碎片（標註流程假影）,parent_audio-supported,"母句可歸屬，unsupported 係 split_claims 於 and/, 處切斷所致",,not_applicable,,,,not_applicable,1,0,"I recommend 'Be Staunch' by This Side Up. It's a track from their album 'Be Staunch'. The song combines elements of Hip-Hop, electronic, rock, and pop, with a touch of jazz. It has a unique blend of genres and a catchy beat that could add an interesting dynamic to your video."
781,bqzAothNuZs,bqzAothNuZs_7Exf7LE_ef0,bqzAothNuZs_7Exf7LE_ef0,bqzAothNuZs,wo_ltp,1,that is is that.,that is is that.,unsupported,unknown,1,type_token_ratio=0.06,0,E7_degenerate_generation,生成崩潰（退化輸出）,degenerate_output,整段生成為退化輸出（type_token_ratio=0.06），此時的 unsupported 反映生成崩潰而非主張缺乏證據,,not_applicable,,,,not_applicable,1,0,. and. is. and. is. and that. and that is. that. is. that is is that. that is is that is. that is that is that. that is that is that is that is that is that is that is that's that' that's that' that' that' that' that' that' that' that' that' that' that' that' that' that' that' that' that' that' that' that' that' that' that' that' that' that' that' that' that' that' that' that' that' that' that
781,bqzAothNuZs,bqzAothNuZs_7Exf7LE_ef0,bqzAothNuZs_7Exf7LE_ef0,bqzAothNuZs,wo_ltp,2,that is is that is.,that is is that is.,unsupported,unknown,1,type_token_ratio=0.06,0,E7_degenerate_generation,生成崩潰（退化輸出）,degenerate_output,整段生成為退化輸出（type_token_ratio=0.06），此時的 unsupported 反映生成崩潰而非主張缺乏證據,,not_applicable,,,,not_applicable,1,0,. and. is. and. is. and that. and that is. that. is. that is is that. that is is that is. that is that is that. that is that is that is that is that is that is that is that's that' that's that' that' that' that' that' that' that' that' that' that' that' that' that' that' that' that' that' that' that' that' that' that' that' that' that' that' that' that' that' that' that' that' that' that' that
781,bqzAothNuZs,bqzAothNuZs_7Exf7LE_ef0,bqzAothNuZs_7Exf7LE_ef0,bqzAothNuZs,wo_ltp,3,that is that is that.,that is that is that.,unsupported,unknown,1,type_token_ratio=0.06,0,E7_degenerate_generation,生成崩潰（退化輸出）,degenerate_output,整段生成為退化輸出（type_token_ratio=0.06），此時的 unsupported 反映生成崩潰而非主張缺乏證據,,not_applicable,,,,not_applicable,1,0,. and. is. and. is. and that. and that is. that. is. that is is that. that is is that is. that is that is that. that is that is that is that is that is that is that is that's that' that's that' that' that' that' that' that' that' that' that' that' that' that' that' that' that' that' that' that' that' that' that' that' that' that' that' that' that' that' that' that' that' that' that' that' that
781,bqzAothNuZs,bqzAothNuZs_7Exf7LE_ef0,bqzAothNuZs_7Exf7LE_ef0,bqzAothNuZs,wo_ltp,4,that is that is that is that is that is that is that is that's that' that's that' that' that' that' that' that' that' that' that' that' that' that' that' that' that' that' that' that' that' that' that' that' that' that' that' that' that' that' that' that' that' that' that' that' that,that is that is that is that is that is that is that is that's that' that's that' that' that' that' that' that' that' that' that' that' that' that' that' that' that' that' that' that' that' that' that' that' that' that' that' that' that' that' that' that' that' that' that' that' that,unsupported,unknown,1,type_token_ratio=0.06,0,E7_degenerate_generation,生成崩潰（退化輸出）,degenerate_output,整段生成為退化輸出（type_token_ratio=0.06），此時的 unsupported 反映生成崩潰而非主張缺乏證據,,not_applicable,,,,not_applicable,1,0,. and. is. and. is. and that. and that is. that. is. that is is that. that is is that is. that is that is that. that is that is that is that is that is that is that is that's that' that's that' that' that' that' that' that' that' that' that' that' that' that' that' that' that' that' that' that' that' that' that' that' that' that' that' that' that' that' that' that' that' that' that' that' that
800,2NDgbLNNWTI,2NDgbLNNWTI_KOSv-bV8qDU,-lw36uY6xAM_bOizqYTGDeU,-lw36uY6xAM,wo_video,2,It's a track with a rock,"It's a track with a rock and pop influence, featuring female vocals.",metadata-supported,metadata,0,,1,E0_clause_split_artifact,斷句碎片（標註流程假影）,parent_metadata-supported,"母句可歸屬，unsupported 係 split_claims 於 and/, 處切斷所致",pop;rock,supported,pop;rock,,,not_applicable,1,0,"In that case, I recommend 'Volim te by Ilda Saulic'. It's a track with a rock and pop influence, featuring female vocals. Although I don't have much information about this track, it aligns well with your preferences."
800,2NDgbLNNWTI,2NDgbLNNWTI_KOSv-bV8qDU,-lw36uY6xAM_bOizqYTGDeU,-lw36uY6xAM,wo_audio_all,2,This track has a rock,This track has a rock and pop influence with female vocals.,audio-supported,audio,0,,1,E0_clause_split_artifact,斷句碎片（標註流程假影）,parent_audio-supported,"母句可歸屬，unsupported 係 split_claims 於 and/, 處切斷所致",pop;rock,supported,pop;rock,,,not_applicable,1,0,"In that case, I recommend 'I'm Alive' by The Band Perry. This track has a rock and pop influence with female vocals. It falls under the genres of rock, pop, and female vocalists. It also has a fast-paced beat and techno elements that could be a fitting choice for your video."
800,2NDgbLNNWTI,2NDgbLNNWTI_KOSv-bV8qDU,-lw36uY6xAM_bOizqYTGDeU,-lw36uY6xAM,wo_prompt,3,The song has a country,"The song has a country and indie influence, which adds a unique touch to the music.",audio-supported,audio,0,,1,E0_clause_split_artifact,斷句碎片（標註流程假影）,parent_audio-supported,"母句可歸屬，unsupported 係 split_claims 於 and/, 處切斷所致",indie,not_found,,indie,,not_applicable,1,0,"I recommend 'Volim te' by Ilda Saulic. It's a pop and rock track with female vocals. The song has a country and indie influence, which adds a unique touch to the music. It was released in 2012 and has a music video directed by Ivana Kovacevic."
800,2NDgbLNNWTI,2NDgbLNNWTI_KOSv-bV8qDU,-lw36uY6xAM_bOizqYTGDeU,-lw36uY6xAM,wo_ltp,1,is is is is for.,is is is is for.,unsupported,unknown,1,type_token_ratio=0.05,0,E7_degenerate_generation,生成崩潰（退化輸出）,degenerate_output,整段生成為退化輸出（type_token_ratio=0.05），此時的 unsupported 反映生成崩潰而非主張缺乏證據,,not_applicable,,,,not_applicable,1,0,is is is is for. is is is for. is is for. and that is is for. and that is. and that. and that is. and that is. and that. and that? and that. and that? that? and that? that? that? that? that? that? that? that? that? that? that? that? that? that? that' that that? that' that that that that' that that that that that that' that that that that that that' that that that that that that that that that that that that that that that that that that that that that that that
800,2NDgbLNNWTI,2NDgbLNNWTI_KOSv-bV8qDU,-lw36uY6xAM_bOizqYTGDeU,-lw36uY6xAM,wo_ltp,2,is is is for.,is is is is for.,unsupported,unknown,1,type_token_ratio=0.05,0,E7_degenerate_generation,生成崩潰（退化輸出）,degenerate_output,整段生成為退化輸出（type_token_ratio=0.05），此時的 unsupported 反映生成崩潰而非主張缺乏證據,,not_applicable,,,,not_applicable,1,0,is is is is for. is is is for. is is for. and that is is for. and that is. and that. and that is. and that is. and that. and that? and that. and that? that? and that? that? that? that? that? that? that? that? that? that? that? that? that? that? that' that that? that' that that that that' that that that that that that' that that that that that that' that that that that that that that that that that that that that that that that that that that that that that that
800,2NDgbLNNWTI,2NDgbLNNWTI_KOSv-bV8qDU,-lw36uY6xAM_bOizqYTGDeU,-lw36uY6xAM,wo_ltp,3,and that is is for.,and that is is for.,unsupported,unknown,1,type_token_ratio=0.05,0,E7_degenerate_generation,生成崩潰（退化輸出）,degenerate_output,整段生成為退化輸出（type_token_ratio=0.05），此時的 unsupported 反映生成崩潰而非主張缺乏證據,,not_applicable,,,,not_applicable,1,0,is is is is for. is is is for. is is for. and that is is for. and that is. and that. and that is. and that is. and that. and that? and that. and that? that? and that? that? that? that? that? that? that? that? that? that? that? that? that? that? that' that that? that' that that that that' that that that that that that' that that that that that that' that that that that that that that that that that that that that that that that that that that that that that that
800,2NDgbLNNWTI,2NDgbLNNWTI_KOSv-bV8qDU,-lw36uY6xAM_bOizqYTGDeU,-lw36uY6xAM,wo_ltp,4,that' that that that that' that that that that that that' that that that that that that' that that that that that that that that that that that that that that that that that that that that that that that,that' that that that that' that that that that that that' that that that that that that' that that that that that that that that that that that that that that that that that that that that that that that,unsupported,unknown,1,type_token_ratio=0.05,0,E7_degenerate_generation,生成崩潰（退化輸出）,degenerate_output,整段生成為退化輸出（type_token_ratio=0.05），此時的 unsupported 反映生成崩潰而非主張缺乏證據,,not_applicable,,,,not_applicable,1,0,is is is is for. is is is for. is is for. and that is is for. and that is. and that. and that is. and that is. and that. and that? and that. and that? that? and that? that? that? that? that? that? that? that? that? that? that? that? that? that? that' that that? that' that that that that' that that that that that that' that that that that that that' that that that that that that that that that that that that that that that that that that that that that that that
806,3O3gFRSiBC4,3O3gFRSiBC4_ygio6cVZmec,bjAT4stJQnU_hQX8ZYEnlfQ,bjAT4stJQnU,full,2,This track has a pop,This track has a pop and electro sound with elements of dance and house.,audio-supported,audio,0,,1,E0_clause_split_artifact,斷句碎片（標註流程假影）,parent_audio-supported,"母句可歸屬，unsupported 係 split_claims 於 and/, 處切斷所致",dance;electronic;house;pop,supported,dance;electronic;house;pop,,,not_applicable,1,0,"In that case, I would recommend 'La Musica (The Trumpeter)' by Ray Foxx featuring Lovelle. This track has a pop and electro sound with elements of dance and house. It's part of the album 'La Musica (The Trumpeter)' and would be a great fit for your video."
806,3O3gFRSiBC4,3O3gFRSiBC4_ygio6cVZmec,bjAT4stJQnU_hQX8ZYEnlfQ,bjAT4stJQnU,wo_video,2,This track has a pop,This track has a pop and electro sound with elements of dance and electronic music.,audio-supported,audio,0,,1,E0_clause_split_artifact,斷句碎片（標註流程假影）,parent_audio-supported,"母句可歸屬，unsupported 係 split_claims 於 and/, 處切斷所致",dance;electronic;pop,supported,dance;electronic;pop,,,not_applicable,1,0,"In that case, I would recommend 'Ray Foxx featuring Lovelle - La Musica (The Trumpeter)'. This track has a pop and electro sound with elements of dance and electronic music. It features female vocals and is a great choice for your video."
806,3O3gFRSiBC4,3O3gFRSiBC4_ygio6cVZmec,bjAT4stJQnU_hQX8ZYEnlfQ,bjAT4stJQnU,wo_audio_feature_only,2,This track has a pop,This track has a pop and electro vibe with a mix of electronic and dance elements.,unsupported,unknown,0,,1,E0b_rule_miss_verified,規則漏判但有證據支持,genre_claim_verified_by_tags,曲風敘述可由 musicnn 標籤／參考文本支持；v2 因 GENRE_TERMS 需搭配 anchor 詞才計為 audio 而漏判,dance;electronic;pop,supported,dance;electronic;pop,,,not_applicable,1,0,"In that case, I would recommend 'Einstein' by The Einstein. This track has a pop and electro vibe with a mix of electronic and dance elements. It's a great choice for a party with a pop and electro vibe. It's a catchy and danceable track that will get everyone moving and grooving."
806,3O3gFRSiBC4,3O3gFRSiBC4_ygio6cVZmec,bjAT4stJQnU_hQX8ZYEnlfQ,bjAT4stJQnU,wo_audio_feature_only,3,electro vibe with a mix of electronic,This track has a pop and electro vibe with a mix of electronic and dance elements.,unsupported,unknown,0,,1,E0b_rule_miss_verified,規則漏判但有證據支持,genre_claim_verified_by_tags,曲風敘述可由 musicnn 標籤／參考文本支持；v2 因 GENRE_TERMS 需搭配 anchor 詞才計為 audio 而漏判,dance;electronic;pop,supported,dance;electronic;pop,,,not_applicable,1,0,"In that case, I would recommend 'Einstein' by The Einstein. This track has a pop and electro vibe with a mix of electronic and dance elements. It's a great choice for a party with a pop and electro vibe. It's a catchy and danceable track that will get everyone moving and grooving."
806,3O3gFRSiBC4,3O3gFRSiBC4_ygio6cVZmec,bjAT4stJQnU_hQX8ZYEnlfQ,bjAT4stJQnU,wo_audio_all,2,This track has a pop,"This track has a pop and electro vibe, with elements of electronic, dance, and electronica.",unsupported,unknown,0,,1,E0b_rule_miss_verified,規則漏判但有證據支持,genre_claim_verified_by_tags,曲風敘述可由 musicnn 標籤／參考文本支持；v2 因 GENRE_TERMS 需搭配 anchor 詞才計為 audio 而漏判,dance;electronic;pop,supported,dance;electronic;pop,,,not_applicable,1,0,"In that case, I would recommend 'Electro Pop' by The Electro Pop. This track has a pop and electro vibe, with elements of electronic, dance, and electronica. It's a perfect fit for your video, combining the energetic and electronic elements you're looking for."
806,3O3gFRSiBC4,3O3gFRSiBC4_ygio6cVZmec,bjAT4stJQnU_hQX8ZYEnlfQ,bjAT4stJQnU,wo_audio_all,3,"electro vibe, with elements of electronic, dance","This track has a pop and electro vibe, with elements of electronic, dance, and electronica.",unsupported,unknown,0,,1,E0b_rule_miss_verified,規則漏判但有證據支持,genre_claim_verified_by_tags,曲風敘述可由 musicnn 標籤／參考文本支持；v2 因 GENRE_TERMS 需搭配 anchor 詞才計為 audio 而漏判,dance;electronic;pop,supported,dance;electronic;pop,,,not_applicable,1,0,"In that case, I would recommend 'Electro Pop' by The Electro Pop. This track has a pop and electro vibe, with elements of electronic, dance, and electronica. It's a perfect fit for your video, combining the energetic and electronic elements you're looking for."
806,3O3gFRSiBC4,3O3gFRSiBC4_ygio6cVZmec,bjAT4stJQnU_hQX8ZYEnlfQ,bjAT4stJQnU,wo_prompt,2,electronic track with elements of pop,It's a dance and electronic track with elements of pop and house.,unsupported,unknown,0,,1,E0b_rule_miss_verified,規則漏判但有證據支持,genre_claim_verified_by_tags,曲風敘述可由 musicnn 標籤／參考文本支持；v2 因 GENRE_TERMS 需搭配 anchor 詞才計為 audio 而漏判,dance;electronic;house;pop,supported,dance;electronic;house;pop,,,not_applicable,1,0,I recommend 'La Musica (The Trumpeter)' by Ray Foxx featuring Lovelle. It's a dance and electronic track with elements of pop and house. The song has a catchy beat and a vibrant sound that could add a lively and energetic atmosphere to your video.
806,3O3gFRSiBC4,3O3gFRSiBC4_ygio6cVZmec,bjAT4stJQnU_hQX8ZYEnlfQ,bjAT4stJQnU,wo_ltp,1,is is is is is is is is is is is.,is is is is is is is is is is is.,unsupported,unknown,1,type_token_ratio=0.07,0,E7_degenerate_generation,生成崩潰（退化輸出）,degenerate_output,整段生成為退化輸出（type_token_ratio=0.07），此時的 unsupported 反映生成崩潰而非主張缺乏證據,,not_applicable,,,,not_applicable,1,0,is is is is is is is is is is is. is is is is is. is is is. is is. is is is. is is is is is is. is is is is is is. and that is is is is. and that's is is. that's is that's. that's that's. that's that's that's that's that's that's that's that's that's that's that's that's that's that' that's that' that' that's that' that's
806,3O3gFRSiBC4,3O3gFRSiBC4_ygio6cVZmec,bjAT4stJQnU_hQX8ZYEnlfQ,bjAT4stJQnU,wo_ltp,2,is is is is is.,is is is is is is is is is is is.,unsupported,unknown,1,type_token_ratio=0.07,0,E7_degenerate_generation,生成崩潰（退化輸出）,degenerate_output,整段生成為退化輸出（type_token_ratio=0.07），此時的 unsupported 反映生成崩潰而非主張缺乏證據,,not_applicable,,,,not_applicable,1,0,is is is is is is is is is is is. is is is is is. is is is. is is. is is is. is is is is is is. is is is is is is. and that is is is is. and that's is is. that's is that's. that's that's. that's that's that's that's that's that's that's that's that's that's that's that's that's that' that's that' that' that's that' that's
806,3O3gFRSiBC4,3O3gFRSiBC4_ygio6cVZmec,bjAT4stJQnU_hQX8ZYEnlfQ,bjAT4stJQnU,wo_ltp,3,is is is is is is.,is is is is is is is is is is is.,unsupported,unknown,1,type_token_ratio=0.07,0,E7_degenerate_generation,生成崩潰（退化輸出）,degenerate_output,整段生成為退化輸出（type_token_ratio=0.07），此時的 unsupported 反映生成崩潰而非主張缺乏證據,,not_applicable,,,,not_applicable,1,0,is is is is is is is is is is is. is is is is is. is is is. is is. is is is. is is is is is is. is is is is is is. and that is is is is. and that's is is. that's is that's. that's that's. that's that's that's that's that's that's that's that's that's that's that's that's that's that' that's that' that' that's that' that's
806,3O3gFRSiBC4,3O3gFRSiBC4_ygio6cVZmec,bjAT4stJQnU_hQX8ZYEnlfQ,bjAT4stJQnU,wo_ltp,4,is is is is is is.,is is is is is is is is is is is.,unsupported,unknown,1,type_token_ratio=0.07,0,E7_degenerate_generation,生成崩潰（退化輸出）,degenerate_output,整段生成為退化輸出（type_token_ratio=0.07），此時的 unsupported 反映生成崩潰而非主張缺乏證據,,not_applicable,,,,not_applicable,1,0,is is is is is is is is is is is. is is is is is. is is is. is is. is is is. is is is is is is. is is is is is is. and that is is is is. and that's is is. that's is that's. that's that's. that's that's that's that's that's that's that's that's that's that's that's that's that's that' that's that' that' that's that' that's
806,3O3gFRSiBC4,3O3gFRSiBC4_ygio6cVZmec,bjAT4stJQnU_hQX8ZYEnlfQ,bjAT4stJQnU,wo_ltp,5,and that is is is is.,and that is is is is.,unsupported,unknown,1,type_token_ratio=0.07,0,E7_degenerate_generation,生成崩潰（退化輸出）,degenerate_output,整段生成為退化輸出（type_token_ratio=0.07），此時的 unsupported 反映生成崩潰而非主張缺乏證據,,not_applicable,,,,not_applicable,1,0,is is is is is is is is is is is. is is is is is. is is is. is is. is is is. is is is is is is. is is is is is is. and that is is is is. and that's is is. that's is that's. that's that's. that's that's that's that's that's that's that's that's that's that's that's that's that's that' that's that' that' that's that' that's
806,3O3gFRSiBC4,3O3gFRSiBC4_ygio6cVZmec,bjAT4stJQnU_hQX8ZYEnlfQ,bjAT4stJQnU,wo_ltp,6,and that's is is.,and that's is is.,unsupported,unknown,1,type_token_ratio=0.07,0,E7_degenerate_generation,生成崩潰（退化輸出）,degenerate_output,整段生成為退化輸出（type_token_ratio=0.07），此時的 unsupported 反映生成崩潰而非主張缺乏證據,,not_applicable,,,,not_applicable,1,0,is is is is is is is is is is is. is is is is is. is is is. is is. is is is. is is is is is is. is is is is is is. and that is is is is. and that's is is. that's is that's. that's that's. that's that's that's that's that's that's that's that's that's that's that's that's that's that' that's that' that' that's that' that's
806,3O3gFRSiBC4,3O3gFRSiBC4_ygio6cVZmec,bjAT4stJQnU_hQX8ZYEnlfQ,bjAT4stJQnU,wo_ltp,7,that's that's that's that's that's that's that's that's that's that's that's that's that's that' that's that' that' that's that' that's,that's that's that's that's that's that's that's that's that's that's that's that's that's that' that's that' that' that's that' that's,unsupported,unknown,1,type_token_ratio=0.07,0,E7_degenerate_generation,生成崩潰（退化輸出）,degenerate_output,整段生成為退化輸出（type_token_ratio=0.07），此時的 unsupported 反映生成崩潰而非主張缺乏證據,,not_applicable,,,,not_applicable,1,0,is is is is is is is is is is is. is is is is is. is is is. is is. is is is. is is is is is is. is is is is is is. and that is is is is. and that's is is. that's is that's. that's that's. that's that's that's that's that's that's that's that's that's that's that's that's that's that' that's that' that' that's that' that's
839,_0kWPBMmYEU,_0kWPBMmYEU_p21n2iGmd_s,CybpW4MFHFQ_O-EevC0Kirs,CybpW4MFHFQ,wo_video,2,"It's a track with elements of hip-hop, soul","It's a track with elements of hip-hop, soul, and pop.",unsupported,unknown,0,,1,E0b_rule_miss_verified,規則漏判但有證據支持,genre_claim_verified_by_tags,曲風敘述可由 musicnn 標籤／參考文本支持；v2 因 GENRE_TERMS 需搭配 anchor 詞才計為 audio 而漏判,hip-hop;pop;soul,supported,hip-hop;pop;soul,,,not_applicable,1,0,"Allow me to recommend 'Millionerler Mehellesi by Dayirman'. It's a track with elements of hip-hop, soul, and pop. Although I don't have specific information about the track, it aligns with your preferences for female vocals and drum components."
839,_0kWPBMmYEU,_0kWPBMmYEU_p21n2iGmd_s,CybpW4MFHFQ_O-EevC0Kirs,CybpW4MFHFQ,wo_prompt,4,"pop, with a touch of jazz.","The song combines elements of Hip-Hop, electronic, rock, and pop, with a touch of jazz.",audio-supported,audio,0,,0,E0_clause_split_artifact,斷句碎片（標註流程假影）,parent_audio-supported,"母句可歸屬，unsupported 係 split_claims 於 and/, 處切斷所致",electronic;hip-hop;jazz;pop;rock,partially_supported,electronic;hip-hop;pop,jazz;rock,,not_applicable,1,0,"I recommend 'Millionerler Mehellesi' by Dayirman. It's a track from their album 'Millionerler Mehellesi'. The song combines elements of Hip-Hop, electronic, rock, and pop, with a touch of jazz. It has a unique and experimental sound that could add an interesting dimension to your video."
839,_0kWPBMmYEU,_0kWPBMmYEU_p21n2iGmd_s,CybpW4MFHFQ_O-EevC0Kirs,CybpW4MFHFQ,wo_prompt,5,It has a unique,It has a unique and experimental sound that could add an interesting dimension to your video.,audio-supported,audio,0,,1,E0_clause_split_artifact,斷句碎片（標註流程假影）,parent_audio-supported,"母句可歸屬，unsupported 係 split_claims 於 and/, 處切斷所致",,not_applicable,,,,not_applicable,1,0,"I recommend 'Millionerler Mehellesi' by Dayirman. It's a track from their album 'Millionerler Mehellesi'. The song combines elements of Hip-Hop, electronic, rock, and pop, with a touch of jazz. It has a unique and experimental sound that could add an interesting dimension to your video."
839,_0kWPBMmYEU,_0kWPBMmYEU_p21n2iGmd_s,CybpW4MFHFQ_O-EevC0Kirs,CybpW4MFHFQ,wo_ltp,1,<EMPTY_GENERATION>,<EMPTY_GENERATION>,unsupported,unknown,1,type_token_ratio=0.16,0,E7_degenerate_generation,生成崩潰（退化輸出）,degenerate_output,整段生成為退化輸出（type_token_ratio=0.16），此時的 unsupported 反映生成崩潰而非主張缺乏證據,,not_applicable,,,,not_applicable,1,0,".
s. I's. I's. I's. I's. I's. I's. I's. I's. I's. I's. I's. I's. I's. I's. I's. I's. I's. I's's's's's's's's's's's's's's's's's's's's's's's's's's's'"
863,fL_-VnFyBEg,fL_-VnFyBEg_Ejy-05oqXs8,fL_-VnFyBEg_Ejy-05oqXs8,fL_-VnFyBEg,full,3,It's a high-energy song that will get people moving.,It's a high-energy song that will get people moving.,unsupported,unknown,0,,0,E4_vague_generic,一般性空泛描述／主觀陳述,generic_video_benefit,泛用效用或主觀陳述，本質上不具可驗證性,,not_applicable,,,,not_applicable,1,0,"In that case, I would recommend 'A Quien Le Importa' by Thalia. This track is a perfect fit for your needs as it combines dance, pop, and electronic elements. It's a high-energy song that will get people moving. It's part of the album 'A Quien Le Importa' by Thalia."
863,fL_-VnFyBEg,fL_-VnFyBEg_Ejy-05oqXs8,fL_-VnFyBEg_Ejy-05oqXs8,fL_-VnFyBEg,wo_video,2,This track has a dance,"This track has a dance and pop vibe, and it's perfect for getting people moving.",unsupported,unknown,0,,1,E5_multi_source_ambiguous,多來源無法區分,music_property_plus_video_effect,同一子句混合曲風敘述與影片效用宣稱，無法單一歸屬,dance;pop,supported,dance;pop,,,not_applicable,1,0,"In that case, I would recommend 'Dance With Me' by Thalia. This track has a dance and pop vibe, and it's perfect for getting people moving. It's part of the album 'Dance With Me' by Thalia."
863,fL_-VnFyBEg,fL_-VnFyBEg_Ejy-05oqXs8,fL_-VnFyBEg_Ejy-05oqXs8,fL_-VnFyBEg,wo_video,3,it's perfect for getting people moving.,"This track has a dance and pop vibe, and it's perfect for getting people moving.",unsupported,unknown,0,,0,E5_multi_source_ambiguous,多來源無法區分,music_property_plus_video_effect,同一子句混合曲風敘述與影片效用宣稱，無法單一歸屬,dance;pop,supported,dance;pop,,,not_applicable,1,0,"In that case, I would recommend 'Dance With Me' by Thalia. This track has a dance and pop vibe, and it's perfect for getting people moving. It's part of the album 'Dance With Me' by Thalia."
863,fL_-VnFyBEg,fL_-VnFyBEg_Ejy-05oqXs8,fL_-VnFyBEg_Ejy-05oqXs8,fL_-VnFyBEg,wo_audio_feature_only,3,It has a strong dance vibe,It has a strong dance vibe and is known for its energetic and electronic elements.,audio-supported,audio,0,,1,E0_clause_split_artifact,斷句碎片（標註流程假影）,parent_audio-supported,"母句可歸屬，unsupported 係 split_claims 於 and/, 處切斷所致",dance;electronic,supported,dance;electronic,,,not_applicable,1,0,"In that case, I would recommend 'Dance With Me' by 50 Cent. It's a dance track that combines elements of pop, dance, and electronic music. It has a strong dance vibe and is known for its energetic and electronic elements. It's a great choice for a dance with a strong dance vibe and electronic music."
863,fL_-VnFyBEg,fL_-VnFyBEg_Ejy-05oqXs8,fL_-VnFyBEg_Ejy-05oqXs8,fL_-VnFyBEg,wo_audio_all,2,This track has a dance,"This track has a dance and pop vibe, with elements of Hip-Hop and electronic music.",unsupported,unknown,0,,1,E2_metadata_unsupported,音樂元資料不支持,genre_partially_supported,部分曲風查無支持：['hip-hop']（musicnn 標籤有雜訊，查無支持不等於事實錯誤）,dance;electronic;hip-hop;pop,partially_supported,dance;electronic;pop,hip-hop,,not_applicable,1,1,"In that case, I would recommend 'Dance With Me' by Daddy Yankee. This track has a dance and pop vibe, with elements of Hip-Hop and electronic music. It's a perfect fit for your video, and it will get people moving."
863,fL_-VnFyBEg,fL_-VnFyBEg_Ejy-05oqXs8,fL_-VnFyBEg_Ejy-05oqXs8,fL_-VnFyBEg,wo_audio_all,3,"pop vibe, with elements of Hip-Hop","This track has a dance and pop vibe, with elements of Hip-Hop and electronic music.",unsupported,unknown,0,,1,E2_metadata_unsupported,音樂元資料不支持,genre_partially_supported,部分曲風查無支持：['hip-hop']（musicnn 標籤有雜訊，查無支持不等於事實錯誤）,dance;electronic;hip-hop;pop,partially_supported,dance;electronic;pop,hip-hop,,not_applicable,1,1,"In that case, I would recommend 'Dance With Me' by Daddy Yankee. This track has a dance and pop vibe, with elements of Hip-Hop and electronic music. It's a perfect fit for your video, and it will get people moving."
863,fL_-VnFyBEg,fL_-VnFyBEg_Ejy-05oqXs8,fL_-VnFyBEg_Ejy-05oqXs8,fL_-VnFyBEg,wo_audio_all,5,it will get people moving.,"It's a perfect fit for your video, and it will get people moving.",general-supported,general,0,,0,E0_clause_split_artifact,斷句碎片（標註流程假影）,parent_general-supported,"母句可歸屬，unsupported 係 split_claims 於 and/, 處切斷所致",,not_applicable,,,,not_applicable,1,0,"In that case, I would recommend 'Dance With Me' by Daddy Yankee. This track has a dance and pop vibe, with elements of Hip-Hop and electronic music. It's a perfect fit for your video, and it will get people moving."
863,fL_-VnFyBEg,fL_-VnFyBEg_Ejy-05oqXs8,fL_-VnFyBEg_Ejy-05oqXs8,fL_-VnFyBEg,wo_prompt,4,It has a catchy,It has a catchy and energetic vibe that will complement your video.,audio-supported,audio,0,,1,E0_clause_split_artifact,斷句碎片（標註流程假影）,parent_audio-supported,"母句可歸屬，unsupported 係 split_claims 於 and/, 處切斷所致",,not_applicable,,,,not_applicable,1,0,"In that case, I recommend 'A Quien Le Importa' by Thalia. This track is from her album 'A Quien Le Importa' and offers a blend of dance, pop, and electronic genres. It has a catchy and energetic vibe that will complement your video."
863,fL_-VnFyBEg,fL_-VnFyBEg_Ejy-05oqXs8,fL_-VnFyBEg_Ejy-05oqXs8,fL_-VnFyBEg,wo_ltp,1,<EMPTY_GENERATION>,<EMPTY_GENERATION>,unsupported,unknown,1,too_few_tokens=3,0,E7_degenerate_generation,生成崩潰（退化輸出）,degenerate_output,整段生成為退化輸出（too_few_tokens=3），此時的 unsupported 反映生成崩潰而非主張缺乏證據,,not_applicable,,,,not_applicable,1,0,t?z?ztztztztztztzttttttttttttttttttttttttttttttttttttttttttttttttttttttttttttttttttttttttttttttttttttttttttttttttttttttttttttttt
869,omK0RvdNINg,omK0RvdNINg_5PbXu0pQnQ0,59seM7k60vw_mYKWya_Uctk,59seM7k60vw,wo_video,2,This track has an electronic,"This track has an electronic and dance vibe, perfect for creating an energetic and lively atmosphere.",audio-supported,audio,0,,1,E0_clause_split_artifact,斷句碎片（標註流程假影）,parent_audio-supported,"母句可歸屬，unsupported 係 split_claims 於 and/, 處切斷所致",dance;electronic,supported,dance;electronic,,,not_applicable,1,0,"In that case, I would recommend 'DJ Alfred ft Mc Sam - Club by Dj Alfred ft Mc Sam'. This track has an electronic and dance vibe, perfect for creating an energetic and lively atmosphere. It's part of the album 'DJ Alfred ft Mc Sam - Club by Dj Alfred ft Mc Sam'."
869,omK0RvdNINg,omK0RvdNINg_5PbXu0pQnQ0,59seM7k60vw_mYKWya_Uctk,59seM7k60vw,wo_audio_all,2,This track has an electronic,"This track has an electronic and dance vibe, perfect for your video.",unsupported,unknown,0,,1,E5_multi_source_ambiguous,多來源無法區分,music_property_plus_video_effect,同一子句混合曲風敘述與影片效用宣稱，無法單一歸屬,dance;electronic,supported,dance;electronic,,,not_applicable,1,0,"In that case, I would recommend 'Electronic & Dance' by The Rapture. This track has an electronic and dance vibe, perfect for your video. It's a collaboration between The Rapture and The Rapture, and it's part of their album 'Electronic & Dance'. The song combines elements of Hip-Hop, electronic, and dance genres, with a focus on techno and fast-paced beats. It's a great choice for your video."
869,omK0RvdNINg,omK0RvdNINg_5PbXu0pQnQ0,59seM7k60vw_mYKWya_Uctk,59seM7k60vw,wo_audio_all,3,"dance vibe, perfect for your video.","This track has an electronic and dance vibe, perfect for your video.",unsupported,unknown,0,,0,E5_multi_source_ambiguous,多來源無法區分,music_property_plus_video_effect,同一子句混合曲風敘述與影片效用宣稱，無法單一歸屬,dance;electronic,supported,dance;electronic,,,not_applicable,1,0,"In that case, I would recommend 'Electronic & Dance' by The Rapture. This track has an electronic and dance vibe, perfect for your video. It's a collaboration between The Rapture and The Rapture, and it's part of their album 'Electronic & Dance'. The song combines elements of Hip-Hop, electronic, and dance genres, with a focus on techno and fast-paced beats. It's a great choice for your video."
869,omK0RvdNINg,omK0RvdNINg_5PbXu0pQnQ0,59seM7k60vw_mYKWya_Uctk,59seM7k60vw,wo_audio_all,4,It's a collaboration between The Rapture,"It's a collaboration between The Rapture and The Rapture, and it's part of their album 'Electronic & Dance'.",metadata-supported,metadata,0,,1,E0_clause_split_artifact,斷句碎片（標註流程假影）,parent_metadata-supported,"母句可歸屬，unsupported 係 split_claims 於 and/, 處切斷所致",dance;electronic,supported,dance;electronic,,Electronic & Dance,not_found,1,0,"In that case, I would recommend 'Electronic & Dance' by The Rapture. This track has an electronic and dance vibe, perfect for your video. It's a collaboration between The Rapture and The Rapture, and it's part of their album 'Electronic & Dance'. The song combines elements of Hip-Hop, electronic, and dance genres, with a focus on techno and fast-paced beats. It's a great choice for your video."
869,omK0RvdNINg,omK0RvdNINg_5PbXu0pQnQ0,59seM7k60vw_mYKWya_Uctk,59seM7k60vw,wo_ltp,1,is is is is is is is is is is is is is is is is is is is is.,is is is is is is is is is is is is is is is is is is is is.,unsupported,unknown,1,type_token_ratio=0.11,0,E7_degenerate_generation,生成崩潰（退化輸出）,degenerate_output,整段生成為退化輸出（type_token_ratio=0.11），此時的 unsupported 反映生成崩潰而非主張缺乏證據,,not_applicable,,,,not_applicable,1,0,is is is is is is is is is is is is is is is is is is is is. is is is. is is. and. is is is. and. is is is. and. is is is. and. and it's. and it's. and it's. and it's. and it's. and it's. and it's. I't's. I't's. I't't's.t't't't't't't't't't't't't
884,dD8gAWEPwAI,dD8gAWEPwAI_zYVQCWt0u0U,UejDqqUY-0E_7zQ3CjvCa0U,UejDqqUY-0E,wo_audio_feature_only,5,It has a pop,It has a pop and rock sound with a touch of indie and folk music.,audio-supported,audio,0,,1,E0_clause_split_artifact,斷句碎片（標註流程假影）,parent_audio-supported,"母句可歸屬，unsupported 係 split_claims 於 and/, 處切斷所致",folk;indie;pop;rock,partially_supported,indie;pop;rock,folk,,not_applicable,1,0,Allow me to recommend 'The Wedding Song'. It's a track from the album 'The Wedding Song'. It features a female vocalist and incorporates elements of guitar and drum. It has a pop and rock sound with a touch of indie and folk music. It could be a fitting choice for your video.
884,dD8gAWEPwAI,dD8gAWEPwAI_zYVQCWt0u0U,UejDqqUY-0E_7zQ3CjvCa0U,UejDqqUY-0E,wo_prompt,5,It has a unique,It has a unique and captivating sound that could add a distinctive touch to your video.,audio-supported,audio,0,,1,E0_clause_split_artifact,斷句碎片（標註流程假影）,parent_audio-supported,"母句可歸屬，unsupported 係 split_claims 於 and/, 處切斷所致",,not_applicable,,,,not_applicable,1,0,"I recommend 'Sabia' by Banda Magda. It's a track from their album 'Sabia'. The song combines elements of rock, indie, and pop with female vocals. It has a unique and captivating sound that could add a distinctive touch to your video."
884,dD8gAWEPwAI,dD8gAWEPwAI_zYVQCWt0u0U,UejDqqUY-0E_7zQ3CjvCa0U,UejDqqUY-0E,wo_ltp,1,that that that that that that that that that that that that that that that that that that that that that that that that that that that that that that that that that that that that that that that that that that that that that that that that that that that that that that that that that that that that that that that that that that that that that that that that that that that that that that that that that that that that that that that that that that that that that,that that that that that that that that that that that that that that that that that that that that that that that that that that that that that that that that that that that that that that that that that that that that that that that that that that that that that that that that that that that that that that that that that that that that that that that that that that that that that that that that that that that that that that that that that that that that that,unsupported,unknown,1,type_token_ratio=0.02,0,E7_degenerate_generation,生成崩潰（退化輸出）,degenerate_output,整段生成為退化輸出（type_token_ratio=0.02），此時的 unsupported 反映生成崩潰而非主張缺乏證據,,not_applicable,,,,not_applicable,1,0,", that, and that., that. that. that. that. that. that. that. that. that. that that. that that. that that that. that that that that that that that that that that that that that that that that that that that that that that that that that that that that that that that that that that that that that that that that that that that that that that that that that that that that that that that that that that that that that that that that that that that that that that that that that that that that that that that that that that that that that that that that that that that that that"
889,4iY51ffFXYo,4iY51ffFXYo_ccYZoJO7iGc,6xH1iZ8Y4Ck_khKm-QUEcZg,6xH1iZ8Y4Ck,wo_audio_all,3,rock with a touch of pop,"It's a track that combines elements of hip-hop, electronic, and rock with a touch of pop and dance.",audio-supported,audio,0,,1,E0_clause_split_artifact,斷句碎片（標註流程假影）,parent_audio-supported,"母句可歸屬，unsupported 係 split_claims 於 and/, 處切斷所致",dance;electronic;hip-hop;pop;rock,partially_supported,electronic;hip-hop;rock,dance;pop,,not_applicable,1,0,"I suggest checking out 'Mike Black' by Mike Black. It's a track that combines elements of hip-hop, electronic, and rock with a touch of pop and dance. Although I don't have much information about this specific track, it might be worth exploring Mike Black's music to see if it aligns with your preferences."
889,4iY51ffFXYo,4iY51ffFXYo_ccYZoJO7iGc,6xH1iZ8Y4Ck_khKm-QUEcZg,6xH1iZ8Y4Ck,wo_prompt,4,dance with a touch of pop.,"The song combines elements of Hip-Hop, electronic, rock, and dance with a touch of pop.",audio-supported,audio,0,,0,E0_clause_split_artifact,斷句碎片（標註流程假影）,parent_audio-supported,"母句可歸屬，unsupported 係 split_claims 於 and/, 處切斷所致",dance;electronic;hip-hop;pop;rock,partially_supported,electronic;hip-hop;rock,dance;pop,,not_applicable,1,0,"I recommend 'BABA' by Najeeb. It's a track from his album 'BABA'. The song combines elements of Hip-Hop, electronic, rock, and dance with a touch of pop. It has a fast-paced beat and male vocals that could add an energetic and catchy vibe to your video."
889,4iY51ffFXYo,4iY51ffFXYo_ccYZoJO7iGc,6xH1iZ8Y4Ck_khKm-QUEcZg,6xH1iZ8Y4Ck,wo_prompt,7,catchy vibe to your video.,It has a fast-paced beat and male vocals that could add an energetic and catchy vibe to your video.,video-supported,video,0,,0,E0_clause_split_artifact,斷句碎片（標註流程假影）,parent_video-supported,"母句可歸屬，unsupported 係 split_claims 於 and/, 處切斷所致",,not_applicable,,,,not_applicable,1,0,"I recommend 'BABA' by Najeeb. It's a track from his album 'BABA'. The song combines elements of Hip-Hop, electronic, rock, and dance with a touch of pop. It has a fast-paced beat and male vocals that could add an energetic and catchy vibe to your video."
889,4iY51ffFXYo,4iY51ffFXYo_ccYZoJO7iGc,6xH1iZ8Y4Ck_khKm-QUEcZg,6xH1iZ8Y4Ck,wo_ltp,1,<EMPTY_GENERATION>,<EMPTY_GENERATION>,unsupported,unknown,1,too_few_tokens=0,0,E7_degenerate_generation,生成崩潰（退化輸出）,degenerate_output,整段生成為退化輸出（too_few_tokens=0），此時的 unsupported 反映生成崩潰而非主張缺乏證據,,not_applicable,,,,not_applicable,1,0,2010101010101111111111111111111111111111111111111111111111111111111111111111111111111111111111111111111111111111111111111111111
910,5lKPjuBuYDc,5lKPjuBuYDc_KjSks1ZBt_U,Hk_ZZtKlYlQ_yyG8UgNeWxM,Hk_ZZtKlYlQ,full,3,This track is a popular hit that has a catchy,This track is a popular hit that has a catchy and upbeat sound.,audio-supported,audio,0,,1,E0_clause_split_artifact,斷句碎片（標註流程假影）,parent_audio-supported,"母句可歸屬，unsupported 係 split_claims 於 and/, 處切斷所致",,not_applicable,,,,not_applicable,1,0,"Certainly! If you're looking for an electronic and dance vibe, I would recommend 'Happy' by Pharrell Williams. This track is a popular hit that has a catchy and upbeat sound. It falls under the genres of electronic, dance, pop, and indie, which will give your video a lively and energetic feel."
910,5lKPjuBuYDc,5lKPjuBuYDc_KjSks1ZBt_U,Hk_ZZtKlYlQ_yyG8UgNeWxM,Hk_ZZtKlYlQ,full,5,"indie, which will give your video a lively","It falls under the genres of electronic, dance, pop, and indie, which will give your video a lively and energetic feel.",audio-supported,audio,0,,1,E0_clause_split_artifact,斷句碎片（標註流程假影）,parent_audio-supported,"母句可歸屬，unsupported 係 split_claims 於 and/, 處切斷所致",dance;electronic;indie;pop,supported,dance;electronic;indie;pop,,,not_applicable,1,0,"Certainly! If you're looking for an electronic and dance vibe, I would recommend 'Happy' by Pharrell Williams. This track is a popular hit that has a catchy and upbeat sound. It falls under the genres of electronic, dance, pop, and indie, which will give your video a lively and energetic feel."
910,5lKPjuBuYDc,5lKPjuBuYDc_KjSks1ZBt_U,Hk_ZZtKlYlQ_yyG8UgNeWxM,Hk_ZZtKlYlQ,wo_video,5,it's perfect for adding a lively,It's part of the album 'Sunshine' and it's perfect for adding a lively and energetic atmosphere to your video.,metadata-supported,metadata,0,,1,E0_clause_split_artifact,斷句碎片（標註流程假影）,parent_metadata-supported,"母句可歸屬，unsupported 係 split_claims 於 and/, 處切斷所致",,not_applicable,,,Sunshine,not_found,1,0,"Certainly! If you're looking for an electronic and dance vibe, I would recommend 'Sunshine' by The Wombats. This track has a catchy electronic sound with elements of dance and pop. It's part of the album 'Sunshine' and it's perfect for adding a lively and energetic atmosphere to your video."
910,5lKPjuBuYDc,5lKPjuBuYDc_KjSks1ZBt_U,Hk_ZZtKlYlQ_yyG8UgNeWxM,Hk_ZZtKlYlQ,wo_audio_feature_only,2,This track is a pop,This track is a pop and electronic dance vibe with a happy birthday theme.,unsupported,unknown,0,,1,E3_video_unsupported,影片內容不支持,specific_video_content_asserted,主張具體影片情境（如婚禮／旅遊），但模型輸入僅有 CLIP 影像特徵，規則層無法驗證，送人工複核,dance;electronic;pop,supported,dance;electronic;pop,,,not_applicable,1,1,"In that case, I would recommend 'Happy Birthday' by The Beatles. This track is a pop and electronic dance vibe with a happy birthday theme. It has a catchy and danceable electronic sound with a happy birthday vibe. It's a great choice for a birthday celebration, especially if you're looking for a track that will get everyone dancing and singing along."
910,5lKPjuBuYDc,5lKPjuBuYDc_KjSks1ZBt_U,Hk_ZZtKlYlQ_yyG8UgNeWxM,Hk_ZZtKlYlQ,wo_audio_feature_only,3,electronic dance vibe with a happy birthday theme.,This track is a pop and electronic dance vibe with a happy birthday theme.,unsupported,unknown,0,,0,E3_video_unsupported,影片內容不支持,specific_video_content_asserted,主張具體影片情境（如婚禮／旅遊），但模型輸入僅有 CLIP 影像特徵，規則層無法驗證，送人工複核,dance;electronic;pop,supported,dance;electronic;pop,,,not_applicable,1,1,"In that case, I would recommend 'Happy Birthday' by The Beatles. This track is a pop and electronic dance vibe with a happy birthday theme. It has a catchy and danceable electronic sound with a happy birthday vibe. It's a great choice for a birthday celebration, especially if you're looking for a track that will get everyone dancing and singing along."
910,5lKPjuBuYDc,5lKPjuBuYDc_KjSks1ZBt_U,Hk_ZZtKlYlQ_yyG8UgNeWxM,Hk_ZZtKlYlQ,wo_audio_feature_only,4,It has a catchy,It has a catchy and danceable electronic sound with a happy birthday vibe.,audio-supported,audio,0,,1,E0_clause_split_artifact,斷句碎片（標註流程假影）,parent_audio-supported,"母句可歸屬，unsupported 係 split_claims 於 and/, 處切斷所致",electronic,supported,electronic,,,not_applicable,1,0,"In that case, I would recommend 'Happy Birthday' by The Beatles. This track is a pop and electronic dance vibe with a happy birthday theme. It has a catchy and danceable electronic sound with a happy birthday vibe. It's a great choice for a birthday celebration, especially if you're looking for a track that will get everyone dancing and singing along."
910,5lKPjuBuYDc,5lKPjuBuYDc_KjSks1ZBt_U,Hk_ZZtKlYlQ_yyG8UgNeWxM,Hk_ZZtKlYlQ,wo_audio_all,2,This track has an electronic,"This track has an electronic and dance vibe, perfect for creating a lively and energetic atmosphere for your birthday celebration.",audio-supported,audio,0,,1,E0_clause_split_artifact,斷句碎片（標註流程假影）,parent_audio-supported,"母句可歸屬，unsupported 係 split_claims 於 and/, 處切斷所致",dance;electronic,supported,dance;electronic,,,not_applicable,1,0,"In that case, I would recommend 'Happy Birthday' by Pharrell. This track has an electronic and dance vibe, perfect for creating a lively and energetic atmosphere for your birthday celebration. It's a great choice for a birthday party, especially if you're looking for something with a catchy and upbeat feel."
910,5lKPjuBuYDc,5lKPjuBuYDc_KjSks1ZBt_U,Hk_ZZtKlYlQ_yyG8UgNeWxM,Hk_ZZtKlYlQ,wo_audio_all,3,"dance vibe, perfect for creating a lively","This track has an electronic and dance vibe, perfect for creating a lively and energetic atmosphere for your birthday celebration.",audio-supported,audio,0,,1,E0_clause_split_artifact,斷句碎片（標註流程假影）,parent_audio-supported,"母句可歸屬，unsupported 係 split_claims 於 and/, 處切斷所致",dance;electronic,supported,dance;electronic,,,not_applicable,1,0,"In that case, I would recommend 'Happy Birthday' by Pharrell. This track has an electronic and dance vibe, perfect for creating a lively and energetic atmosphere for your birthday celebration. It's a great choice for a birthday party, especially if you're looking for something with a catchy and upbeat feel."
910,5lKPjuBuYDc,5lKPjuBuYDc_KjSks1ZBt_U,Hk_ZZtKlYlQ_yyG8UgNeWxM,Hk_ZZtKlYlQ,wo_prompt,3,It has a catchy,It has a catchy and upbeat sound that will add a vibrant and energetic atmosphere to your video.,audio-supported,audio,0,,1,E0_clause_split_artifact,斷句碎片（標註流程假影）,parent_audio-supported,"母句可歸屬，unsupported 係 split_claims 於 and/, 處切斷所致",,not_applicable,,,,not_applicable,1,0,"In that case, I would recommend 'Sunshine' by The Wombats. This track is a perfect fit for your video as it combines electronic, dance, pop, and indie genres. It has a catchy and upbeat sound that will add a vibrant and energetic atmosphere to your video."
910,5lKPjuBuYDc,5lKPjuBuYDc_KjSks1ZBt_U,Hk_ZZtKlYlQ_yyG8UgNeWxM,Hk_ZZtKlYlQ,wo_ltp,1,that is that is that is that is that is that is that is that is that that that is that that that that that that that that that that that that that that that that that that that that that that that that that that that that that that that that that that that that that that that that that that that that that that that that that that that that that that that that that that that that that that that that that that that that that that that that that that that that that that that that that that that that that that that that that that that that that that that that that that that that that that that that that that that that,that is that is that is that is that is that is that is that is that that that is that that that that that that that that that that that that that that that that that that that that that that that that that that that that that that that that that that that that that that that that that that that that that that that that that that that that that that that that that that that that that that that that that that that that that that that that that that that that that that that that that that that that that that that that that that that that that that that that that that that that that that that that that that that that,unsupported,unknown,1,type_token_ratio=0.02,0,E7_degenerate_generation,生成崩潰（退化輸出）,degenerate_output,整段生成為退化輸出（type_token_ratio=0.02），此時的 unsupported 反映生成崩潰而非主張缺乏證據,,not_applicable,,,,not_applicable,1,0,that is that is that is that is that is that is that is that is that that that is that that that that that that that that that that that that that that that that that that that that that that that that that that that that that that that that that that that that that that that that that that that that that that that that that that that that that that that that that that that that that that that that that that that that that that that that that that that that that that that that that that that that that that that that that that that that that that that that that that that that that that that that that that that that
916,kqK-Ovwua30,kqK-Ovwua30_OdsKCY4_gc0,U9oXfZM7IAQ_zd-SkyAI6lk,U9oXfZM7IAQ,full,3,It has a unique,It has a unique and captivating sound that would add a touch of elegance and depth to your video.,audio-supported,audio,0,,1,E0_clause_split_artifact,斷句碎片（標註流程假影）,parent_audio-supported,"母句可歸屬，unsupported 係 split_claims 於 and/, 處切斷所致",,not_applicable,,,,not_applicable,1,0,"In that case, I would recommend 'Beethoven's 5 Secrets' by The Piano Guys. This track is an instrumental piece that combines elements of ambient, indie, and rock. It has a unique and captivating sound that would add a touch of elegance and depth to your video."
916,kqK-Ovwua30,kqK-Ovwua30_OdsKCY4_gc0,U9oXfZM7IAQ_zd-SkyAI6lk,U9oXfZM7IAQ,full,5,depth to your video.,It has a unique and captivating sound that would add a touch of elegance and depth to your video.,audio-supported,audio,0,,0,E0_clause_split_artifact,斷句碎片（標註流程假影）,parent_audio-supported,"母句可歸屬，unsupported 係 split_claims 於 and/, 處切斷所致",,not_applicable,,,,not_applicable,1,0,"In that case, I would recommend 'Beethoven's 5 Secrets' by The Piano Guys. This track is an instrumental piece that combines elements of ambient, indie, and rock. It has a unique and captivating sound that would add a touch of elegance and depth to your video."
916,kqK-Ovwua30,kqK-Ovwua30_OdsKCY4_gc0,U9oXfZM7IAQ_zd-SkyAI6lk,U9oXfZM7IAQ,wo_video,2,This track has an ambient,"This track has an ambient and indie feel, with elements of rock and electronic music.",unsupported,unknown,0,,1,E0b_rule_miss_verified,規則漏判但有證據支持,genre_claim_verified_by_tags,曲風敘述可由 musicnn 標籤／參考文本支持；v2 因 GENRE_TERMS 需搭配 anchor 詞才計為 audio 而漏判,ambient;electronic;indie;rock,supported,ambient;electronic;indie;rock,,,not_applicable,1,0,"In that case, I would recommend 'Beethoven's 5 Secrets' by The Piano Guys. This track has an ambient and indie feel, with elements of rock and electronic music. It's instrumental, which adds to the atmospheric quality. It's a great choice for your video."
916,kqK-Ovwua30,kqK-Ovwua30_OdsKCY4_gc0,U9oXfZM7IAQ_zd-SkyAI6lk,U9oXfZM7IAQ,wo_video,3,"indie feel, with elements of rock","This track has an ambient and indie feel, with elements of rock and electronic music.",unsupported,unknown,0,,1,E0b_rule_miss_verified,規則漏判但有證據支持,genre_claim_verified_by_tags,曲風敘述可由 musicnn 標籤／參考文本支持；v2 因 GENRE_TERMS 需搭配 anchor 詞才計為 audio 而漏判,ambient;electronic;indie;rock,supported,ambient;electronic;indie;rock,,,not_applicable,1,0,"In that case, I would recommend 'Beethoven's 5 Secrets' by The Piano Guys. This track has an ambient and indie feel, with elements of rock and electronic music. It's instrumental, which adds to the atmospheric quality. It's a great choice for your video."
916,kqK-Ovwua30,kqK-Ovwua30_OdsKCY4_gc0,U9oXfZM7IAQ_zd-SkyAI6lk,U9oXfZM7IAQ,wo_audio_feature_only,3,indie with a more ambient,"It's a track that combines elements of rock, pop, and indie with a more ambient and indie feel.",audio-supported,audio,0,,1,E0_clause_split_artifact,斷句碎片（標註流程假影）,parent_audio-supported,"母句可歸屬，unsupported 係 split_claims 於 and/, 處切斷所致",ambient;indie;pop;rock,supported,ambient;indie;pop;rock,,,not_applicable,1,0,"In that case, I would recommend 'The Piano Guys' for your wedding. It's a track that combines elements of rock, pop, and indie with a more ambient and indie feel. It's a perfect choice for your wedding video, as it incorporates all the elements you're looking for."
916,kqK-Ovwua30,kqK-Ovwua30_OdsKCY4_gc0,U9oXfZM7IAQ_zd-SkyAI6lk,U9oXfZM7IAQ,wo_audio_all,2,This track has a more ambient,"This track has a more ambient and indie feel, which aligns well with the vibe you're looking for.",prompt-supported,prompt,0,,1,E0_clause_split_artifact,斷句碎片（標註流程假影）,parent_prompt-supported,"母句可歸屬，unsupported 係 split_claims 於 and/, 處切斷所致",ambient;indie,supported,ambient;indie,,,not_applicable,1,0,"In that case, I would recommend 'The Wedding Video - A Wedding Day - Instrumental'. This track has a more ambient and indie feel, which aligns well with the vibe you're looking for. It's perfect for creating a memorable and emotional atmosphere for your wedding video."
916,kqK-Ovwua30,kqK-Ovwua30_OdsKCY4_gc0,U9oXfZM7IAQ_zd-SkyAI6lk,U9oXfZM7IAQ,wo_audio_all,4,It's perfect for creating a memorable,It's perfect for creating a memorable and emotional atmosphere for your wedding video.,general-supported,general,0,,1,E0_clause_split_artifact,斷句碎片（標註流程假影）,parent_general-supported,"母句可歸屬，unsupported 係 split_claims 於 and/, 處切斷所致",,not_applicable,,,,not_applicable,1,0,"In that case, I would recommend 'The Wedding Video - A Wedding Day - Instrumental'. This track has a more ambient and indie feel, which aligns well with the vibe you're looking for. It's perfect for creating a memorable and emotional atmosphere for your wedding video."
916,kqK-Ovwua30,kqK-Ovwua30_OdsKCY4_gc0,U9oXfZM7IAQ_zd-SkyAI6lk,U9oXfZM7IAQ,wo_prompt,3,"electronic music, with a touch of jazz.","It combines elements of classical, rock, and electronic music, with a touch of jazz.",audio-supported,audio,0,,0,E0_clause_split_artifact,斷句碎片（標註流程假影）,parent_audio-supported,"母句可歸屬，unsupported 係 split_claims 於 and/, 處切斷所致",classical;electronic;jazz;rock,partially_supported,classical;electronic;rock,jazz,,not_applicable,1,0,"In terms of music style, 'Beethoven's 5 Secrets' by The Piano Guys is a perfect fit. It combines elements of classical, rock, and electronic music, with a touch of jazz. The track features piano and guitar, creating a unique and captivating sound. It's a great choice for your video."
916,kqK-Ovwua30,kqK-Ovwua30_OdsKCY4_gc0,U9oXfZM7IAQ_zd-SkyAI6lk,U9oXfZM7IAQ,wo_ltp,1,"that is this is that, that is, that, that, that, that, that, that, that, that, that, that, that, that, that, that, that, that, that, that, that, that, that, that, that, that, that, that, that, that, that, that, that, that, that, that, that, that, that, that, that, that, that, that, that, that, that, that, that, that, that, that, that, that, that, that, that, that, that, that, that",", that is this is that, that is, that, that, that, that, that, that, that, that, that, that, that, that, that, that, that, that, that, that, that, that, that, that, that, that, that, that, that, that, that, that, that, that, that, that, that, that, that, that, that, that, that, that, that, that, that, that, that, that, that, that, that, that, that, that, that, that, that, that, that,",unsupported,unknown,1,type_token_ratio=0.05,0,E7_degenerate_generation,生成崩潰（退化輸出）,degenerate_output,整段生成為退化輸出（type_token_ratio=0.05），此時的 unsupported 反映生成崩潰而非主張缺乏證據,,not_applicable,,,,not_applicable,1,0,", that is this is that, that is, that, that, that, that, that, that, that, that, that, that, that, that, that, that, that, that, that, that, that, that, that, that, that, that, that, that, that, that, that, that, that, that, that, that, that, that, that, that, that, that, that, that, that, that, that, that, that, that, that, that, that, that, that, that, that, that, that, that, that,"
1036,YhFYuZyr5Yo,YhFYuZyr5Yo_vBqoI_4em_o,YhFYuZyr5Yo_vBqoI_4em_o,YhFYuZyr5Yo,full,4,alternative with a touch of pop.,"The song combines elements of rock, indie, and alternative with a touch of pop.",audio-supported,audio,0,,0,E0_clause_split_artifact,斷句碎片（標註流程假影）,parent_audio-supported,"母句可歸屬，unsupported 係 split_claims 於 and/, 處切斷所致",alternative;indie;pop;rock,supported,alternative;indie;pop;rock,,,not_applicable,1,0,"Certainly! I suggest 'Up At The Lake' by The Charlatans. It's a track from their album 'Up At The Lake'. The song combines elements of rock, indie, and alternative with a touch of pop. It has a guitar-driven sound and features male vocals. It could be a fitting choice for your video."
1036,YhFYuZyr5Yo,YhFYuZyr5Yo_vBqoI_4em_o,YhFYuZyr5Yo_vBqoI_4em_o,YhFYuZyr5Yo,wo_video,4,alternative with a touch of pop.,"The song combines elements of rock, indie, and alternative with a touch of pop.",audio-supported,audio,0,,0,E0_clause_split_artifact,斷句碎片（標註流程假影）,parent_audio-supported,"母句可歸屬，unsupported 係 split_claims 於 and/, 處切斷所致",alternative;indie;pop;rock,supported,alternative;indie;pop;rock,,,not_applicable,1,0,"Sure! I recommend 'Up At The Lake' by The Charlatans. It's a track from their album 'Up At The Lake'. The song combines elements of rock, indie, and alternative with a touch of pop. It has a guitar-focused sound and features male vocals, which aligns well with your preferences."
1036,YhFYuZyr5Yo,YhFYuZyr5Yo_vBqoI_4em_o,YhFYuZyr5Yo_vBqoI_4em_o,YhFYuZyr5Yo,wo_audio_feature_only,2,I don't have any specific information about this track.,I don't have any specific information about this track.,unsupported,unknown,0,,0,E6_likely_hallucination,可能幻覺,unclassified_specific_claim,具體主張但未命中任何證據來源,,not_applicable,,,,not_applicable,1,1,"I apologize for my recommendation. I don't have any specific information about this track. However, I can recommend 'The Charlatans' by The Charlatans. It's a song that was featured in the music video for the song 'The Charlatans' by The Charlatans. The song is a parody of the song 'The Charlatans' by The Charlatans. It has a rock and indie style with a mix of electronic and techno elements. It's a fast-paced track with a mix of electronic and techno elements."
1036,YhFYuZyr5Yo,YhFYuZyr5Yo_vBqoI_4em_o,YhFYuZyr5Yo_vBqoI_4em_o,YhFYuZyr5Yo,wo_audio_feature_only,6,It has a rock,It has a rock and indie style with a mix of electronic and techno elements.,audio-supported,audio,0,,1,E0_clause_split_artifact,斷句碎片（標註流程假影）,parent_audio-supported,"母句可歸屬，unsupported 係 split_claims 於 and/, 處切斷所致",electronic;indie;rock,partially_supported,indie;rock,electronic,,not_applicable,1,0,"I apologize for my recommendation. I don't have any specific information about this track. However, I can recommend 'The Charlatans' by The Charlatans. It's a song that was featured in the music video for the song 'The Charlatans' by The Charlatans. The song is a parody of the song 'The Charlatans' by The Charlatans. It has a rock and indie style with a mix of electronic and techno elements. It's a fast-paced track with a mix of electronic and techno elements."
1036,YhFYuZyr5Yo,YhFYuZyr5Yo_vBqoI_4em_o,YhFYuZyr5Yo_vBqoI_4em_o,YhFYuZyr5Yo,wo_audio_all,4,alternative with a touch of electronic,"The song combines elements of rock, indie, and alternative with a touch of electronic and techno influences.",audio-supported,audio,0,,1,E0_clause_split_artifact,斷句碎片（標註流程假影）,parent_audio-supported,"母句可歸屬，unsupported 係 split_claims 於 and/, 處切斷所致",alternative;electronic;indie;rock,partially_supported,alternative;indie;rock,electronic,,not_applicable,1,0,"Certainly, I recommend 'The Charlatans - 'The Charlatans' by The Charlatans. It's a track from their album 'The Charlatans'. The song combines elements of rock, indie, and alternative with a touch of electronic and techno influences. It has a fast-paced and loud sound with a mix of guitar and drums, which could be a fitting choice for your video."
1036,YhFYuZyr5Yo,YhFYuZyr5Yo_vBqoI_4em_o,YhFYuZyr5Yo_vBqoI_4em_o,YhFYuZyr5Yo,wo_prompt,4,alternative with a touch of indie rock.,"The song combines elements of rock, indie, and alternative with a touch of indie rock.",audio-supported,audio,0,,0,E0_clause_split_artifact,斷句碎片（標註流程假影）,parent_audio-supported,"母句可歸屬，unsupported 係 split_claims 於 and/, 處切斷所致",alternative;indie;rock,supported,alternative;indie;rock,,,not_applicable,1,0,"In the spirit of the Charlatans, I recommend 'Up At The Lake'. It's a track from their album 'Up At The Lake'. The song combines elements of rock, indie, and alternative with a touch of indie rock. It has a guitar-driven sound and features male vocals."
1036,YhFYuZyr5Yo,YhFYuZyr5Yo_vBqoI_4em_o,YhFYuZyr5Yo_vBqoI_4em_o,YhFYuZyr5Yo,wo_ltp,1,<EMPTY_GENERATION>,<EMPTY_GENERATION>,unsupported,unknown,1,type_token_ratio=0.06,0,E7_degenerate_generation,生成崩潰（退化輸出）,degenerate_output,整段生成為退化輸出（type_token_ratio=0.06），此時的 unsupported 反映生成崩潰而非主張缺乏證據,,not_applicable,,,,not_applicable,1,0,. is. is is for. is is. for. is is for. for. for. and. and. and. and. and. and. and. and. and. and. and. and. and. and. and. and. and. and. and. and. and. was. and. and. and? and. and was? and? and? and? and? and? and? and? and? and? and? and? and? and? and? and? and? and? and? and? and? and? and? and? and? and? and? and
1060,D8B7F9T1eZM,D8B7F9T1eZM_z08BQP7eZX4,D8B7F9T1eZM_z08BQP7eZX4,D8B7F9T1eZM,wo_ltp,1,<EMPTY_GENERATION>,<EMPTY_GENERATION>,unsupported,unknown,1,type_token_ratio=0.02,0,E7_degenerate_generation,生成崩潰（退化輸出）,degenerate_output,整段生成為退化輸出（type_token_ratio=0.02），此時的 unsupported 反映生成崩潰而非主張缺乏證據,,not_applicable,,,,not_applicable,1,0,",t,t,t,t,t,t,t,t,t,t,t,t,t,t,t,t,t,t,t,t,t,t,t,t,t,t,t,t,t,t,t,t,t,t,t,t,t,t,t,t,t,t,t,t,t,t,t,t,t,t,t,t,t,t,t,t,t,t,t,t,t,t,t,t"
1083,IzsgBQQmV5w,IzsgBQQmV5w_-bpv_MI1RFY,Mv-TH1lBLyQ_1JN3-IB0j4M,Mv-TH1lBLyQ,full,3,"The song combines hip-hop, electronic, pop, R&B","The song combines hip-hop, electronic, pop, R&B, and rock elements, which aligns well with Porta's distinctive style.",audio-supported,audio,0,,1,E0_clause_split_artifact,斷句碎片（標註流程假影）,parent_audio-supported,"母句可歸屬，unsupported 係 split_claims 於 and/, 處切斷所致",electronic;hip-hop;pop;r&b;rock,supported,electronic;hip-hop;pop;r&b;rock,,,not_applicable,1,0,"I suggest checking out 'Porta' by Porta. It's a track from his album 'Porta'. The song combines hip-hop, electronic, pop, R&B, and rock elements, which aligns well with Porta's distinctive style. It was released in 2014 and has a catchy and energetic vibe that could be a great fit for your video."
1083,IzsgBQQmV5w,IzsgBQQmV5w_-bpv_MI1RFY,Mv-TH1lBLyQ_1JN3-IB0j4M,Mv-TH1lBLyQ,wo_video,4,It has a catchy,It has a catchy and energetic vibe that could be a fitting choice for your video.,audio-supported,audio,0,,1,E0_clause_split_artifact,斷句碎片（標註流程假影）,parent_audio-supported,"母句可歸屬，unsupported 係 split_claims 於 and/, 處切斷所致",,not_applicable,,,,not_applicable,1,0,"I recommend 'Porta' by Porta. It's a track from his album 'Porta'. It combines elements of hip-hop, electronic, pop, R&B, and rock. It has a catchy and energetic vibe that could be a fitting choice for your video."
1083,IzsgBQQmV5w,IzsgBQQmV5w_-bpv_MI1RFY,Mv-TH1lBLyQ_1JN3-IB0j4M,Mv-TH1lBLyQ,wo_audio_feature_only,3,"electronic music with pop, R&B","It's a track that combines elements of hip-hop and electronic music with pop, R&B, and rock influences.",audio-supported,audio,0,,1,E0_clause_split_artifact,斷句碎片（標註流程假影）,parent_audio-supported,"母句可歸屬，unsupported 係 split_claims 於 and/, 處切斷所致",electronic;hip-hop;pop;r&b;rock,supported,electronic;hip-hop;pop;r&b;rock,,,not_applicable,1,0,"I suggest checking out 'Porta' by Porta. It's a track that combines elements of hip-hop and electronic music with pop, R&B, and rock influences. Although I don't have much information about this specific track, it aligns with your interest in hip-hop and electronic music with pop, R&B, and rock influences."
1083,IzsgBQQmV5w,IzsgBQQmV5w_-bpv_MI1RFY,Mv-TH1lBLyQ_1JN3-IB0j4M,Mv-TH1lBLyQ,wo_audio_feature_only,5,"electronic music with pop, R&B","It's a track that combines elements of hip-hop and electronic music with pop, R&B, and rock influences.",audio-supported,audio,0,,1,E0_clause_split_artifact,斷句碎片（標註流程假影）,parent_audio-supported,"母句可歸屬，unsupported 係 split_claims 於 and/, 處切斷所致",electronic;hip-hop;pop;r&b;rock,supported,electronic;hip-hop;pop;r&b;rock,,,not_applicable,1,0,"I suggest checking out 'Porta' by Porta. It's a track that combines elements of hip-hop and electronic music with pop, R&B, and rock influences. Although I don't have much information about this specific track, it aligns with your interest in hip-hop and electronic music with pop, R&B, and rock influences."
1083,IzsgBQQmV5w,IzsgBQQmV5w_-bpv_MI1RFY,Mv-TH1lBLyQ_1JN3-IB0j4M,Mv-TH1lBLyQ,wo_audio_all,4,"electronic music with pop, R&B","The song combines elements of hip-hop and electronic music with pop, R&B, and rock influences.",audio-supported,audio,0,,1,E0_clause_split_artifact,斷句碎片（標註流程假影）,parent_audio-supported,"母句可歸屬，unsupported 係 split_claims 於 and/, 處切斷所致",electronic;hip-hop;pop;r&b;rock,supported,electronic;hip-hop;pop;r&b;rock,,,not_applicable,1,0,"I suggest checking out 'Porta' by Porta. It's a track from his album 'Porta'. The song combines elements of hip-hop and electronic music with pop, R&B, and rock influences. It has a fast-paced techno sound too."
1083,IzsgBQQmV5w,IzsgBQQmV5w_-bpv_MI1RFY,Mv-TH1lBLyQ_1JN3-IB0j4M,Mv-TH1lBLyQ,wo_prompt,6,catchy vibe to the music.,"The song has a techno and synth-focused sound, which adds an energetic and catchy vibe to the music.",audio-supported,audio,0,,0,E0_clause_split_artifact,斷句碎片（標註流程假影）,parent_audio-supported,"母句可歸屬，unsupported 係 split_claims 於 and/, 處切斷所致",,not_applicable,,,,not_applicable,1,0,"I recommend 'Street College' by Shelly. It's a track from the album 'Street College' and combines elements of Hip-Hop, electronic, pop, and rock. The song has a techno and synth-focused sound, which adds an energetic and catchy vibe to the music."
1083,IzsgBQQmV5w,IzsgBQQmV5w_-bpv_MI1RFY,Mv-TH1lBLyQ_1JN3-IB0j4M,Mv-TH1lBLyQ,wo_ltp,1,<EMPTY_GENERATION>,<EMPTY_GENERATION>,unsupported,unknown,1,type_token_ratio=0.02,0,E7_degenerate_generation,生成崩潰（退化輸出）,degenerate_output,整段生成為退化輸出（type_token_ratio=0.02），此時的 unsupported 反映生成崩潰而非主張缺乏證據,,not_applicable,,,,not_applicable,1,0,.t.t.t.t.t.t.t.t.t.t.t.t.t.t.t.t.t.t.t.t.t.t.t.t.t.t.t.t.t.t.t.t.t.t.t.t.t.t.t.t.t.t.t.t.t.t.t.t.t.t.t.t.t.t.t:t.t:t:t:t:t:t:t:t
1105,K0kCJKdYWik,K0kCJKdYWik_tAZtZfm0MnY,fwxrNv20jy4_LJHvRwOfj3w,fwxrNv20jy4,wo_audio_all,3,"Although I don't have specific information about this track, it aligns with the genres you mentioned","Although I don't have specific information about this track, it aligns with the genres you mentioned and could be a fitting choice for your video.",general-supported,general,0,,1,E0_clause_split_artifact,斷句碎片（標註流程假影）,parent_general-supported,"母句可歸屬，unsupported 係 split_claims 於 and/, 處切斷所致",,not_applicable,,,,not_applicable,1,0,"I suggest checking out 'Hip-Hop' by T-Pain. It's a track that combines elements of hip-hop, soul, and R&B. Although I don't have specific information about this track, it aligns with the genres you mentioned and could be a fitting choice for your video."
1119,rZb8WsdW5eM,rZb8WsdW5eM_8l5B3peJABY,rZb8WsdW5eM_8l5B3peJABY,rZb8WsdW5eM,wo_prompt,2,"It's a beautiful track with elements of indie, folk","It's a beautiful track with elements of indie, folk, and rock.",unsupported,unknown,0,,1,E0b_rule_miss_verified,規則漏判但有證據支持,genre_claim_verified_by_tags,曲風敘述可由 musicnn 標籤／參考文本支持；v2 因 GENRE_TERMS 需搭配 anchor 詞才計為 audio 而漏判,folk;indie;rock,supported,folk;indie;rock,,,not_applicable,1,0,"I recommend 'Stay' by Rachel Brown & ELEW. It's a beautiful track with elements of indie, folk, and rock. The female vocals and guitar create a captivating sound that would complement your video."
1119,rZb8WsdW5eM,rZb8WsdW5eM_8l5B3peJABY,rZb8WsdW5eM_8l5B3peJABY,rZb8WsdW5eM,wo_ltp,1,<EMPTY_GENERATION>,<EMPTY_GENERATION>,unsupported,unknown,1,type_token_ratio=0.02,0,E7_degenerate_generation,生成崩潰（退化輸出）,degenerate_output,整段生成為退化輸出（type_token_ratio=0.02），此時的 unsupported 反映生成崩潰而非主張缺乏證據,,not_applicable,,,,not_applicable,1,0,. and. and. and. and. and. and. and. and. and. and. and. and. and. and. and. and. and. and. and. and. and. and. and. and. and. and. and. and. and. and. and. and. and. and. and. and. and. and. and. and. and. and. and. and. and. and. and. and. and. and. and. and. and. and. and. and. and. and. and. and. and. and. and. and
1136,zI51uay2YXg,zI51uay2YXg_GAPYhU8aI8A,JsRob9KFOuA_NhiCjOHED8Q,JsRob9KFOuA,wo_video,2,It's a track with hip-hop,It's a track with hip-hop and electronic influences.,audio-supported,audio,0,,1,E0_clause_split_artifact,斷句碎片（標註流程假影）,parent_audio-supported,"母句可歸屬，unsupported 係 split_claims 於 and/, 處切斷所致",electronic;hip-hop,supported,electronic;hip-hop,,,not_applicable,1,0,"Allow me to recommend 'Fugly' by Stevie B. It's a track with hip-hop and electronic influences. Although there is no specific information about the album or artists, the song's description suggests that it combines elements of hip-hop, electronic, and rock genres. It may also have indie influences."
1136,zI51uay2YXg,zI51uay2YXg_GAPYhU8aI8A,JsRob9KFOuA_NhiCjOHED8Q,JsRob9KFOuA,wo_audio_feature_only,3,electronic music with rock,It's a track that combines elements of hip-hop and electronic music with rock and indie genres.,audio-supported,audio,0,,1,E0_clause_split_artifact,斷句碎片（標註流程假影）,parent_audio-supported,"母句可歸屬，unsupported 係 split_claims 於 and/, 處切斷所致",electronic;hip-hop;indie;rock,partially_supported,electronic;hip-hop,indie;rock,,not_applicable,1,0,"In that case, I recommend 'Hip Hop' by Stevie B. It's a track that combines elements of hip-hop and electronic music with rock and indie genres. It has a fast-paced techno-beat and a catchy beat too. It also has a strong electronic influence and a distinctive style that could be a fitting choice for your video."
1136,zI51uay2YXg,zI51uay2YXg_GAPYhU8aI8A,JsRob9KFOuA_NhiCjOHED8Q,JsRob9KFOuA,wo_prompt,4,pop with a touch of rock.,"The song combines elements of Hip-Hop, electronic, and pop with a touch of rock.",audio-supported,audio,0,,0,E0_clause_split_artifact,斷句碎片（標註流程假影）,parent_audio-supported,"母句可歸屬，unsupported 係 split_claims 於 and/, 處切斷所致",electronic;hip-hop;pop;rock,partially_supported,electronic;hip-hop;pop,rock,,not_applicable,1,0,"I recommend 'Fugly' by Stevie B. It's a track from his album 'Fugly'. The song combines elements of Hip-Hop, electronic, and pop with a touch of rock. It has a techno and synth-focused sound, which could be a fitting choice for your video."
1136,zI51uay2YXg,zI51uay2YXg_GAPYhU8aI8A,JsRob9KFOuA_NhiCjOHED8Q,JsRob9KFOuA,wo_ltp,1,is is is is is is is.,is is is is is is is.,unsupported,unknown,1,type_token_ratio=0.03,0,E7_degenerate_generation,生成崩潰（退化輸出）,degenerate_output,整段生成為退化輸出（type_token_ratio=0.03），此時的 unsupported 反映生成崩潰而非主張缺乏證據,,not_applicable,,,,not_applicable,1,0,". is is is is is is is.
 is is is.
 is is.
 is is is.
 is is is.
 is is is is is.
 is is.
 is is.
 is is is.
t.
t.
t.
t.
t.
t.
t.
t.t.
t.t.
t.t.t.
t.t.t.t.t.t.t.t.t.t.t.t.t.t.t.t.t.t.t.t.t"
1136,zI51uay2YXg,zI51uay2YXg_GAPYhU8aI8A,JsRob9KFOuA_NhiCjOHED8Q,JsRob9KFOuA,wo_ltp,2,is is is is is.,is is is is is is is.,unsupported,unknown,1,type_token_ratio=0.03,0,E7_degenerate_generation,生成崩潰（退化輸出）,degenerate_output,整段生成為退化輸出（type_token_ratio=0.03），此時的 unsupported 反映生成崩潰而非主張缺乏證據,,not_applicable,,,,not_applicable,1,0,". is is is is is is is.
 is is is.
 is is.
 is is is.
 is is is.
 is is is is is.
 is is.
 is is.
 is is is.
t.
t.
t.
t.
t.
t.
t.
t.t.
t.t.
t.t.t.
t.t.t.t.t.t.t.t.t.t.t.t.t.t.t.t.t.t.t.t.t"
1207,ItV4NVU0u6I,ItV4NVU0u6I_Ldq1rh8OYuc,ItV4NVU0u6I_Ldq1rh8OYuc,ItV4NVU0u6I,full,5,It has a rock vibe,It has a rock vibe and was released in 2012.,metadata-supported,metadata,0,,1,E0_clause_split_artifact,斷句碎片（標註流程假影）,parent_metadata-supported,"母句可歸屬，unsupported 係 split_claims 於 and/, 處切斷所致",rock,supported,rock,,,not_applicable,1,0,"Allow me to recommend 'Nuestra Vida' by Nada Que Objetar. It's a track from their album 'Nuestra Vida'. The song combines elements of indie rock, alternative, and indie with a focus on guitar and drum. It has a rock vibe and was released in 2012."
1207,ItV4NVU0u6I,ItV4NVU0u6I_Ldq1rh8OYuc,ItV4NVU0u6I_Ldq1rh8OYuc,ItV4NVU0u6I,wo_audio_all,2,It's a track with indie rock,"It's a track with indie rock and alternative influences, and it also features guitar and drum elements.",audio-supported,audio,0,,1,E0_clause_split_artifact,斷句碎片（標註流程假影）,parent_audio-supported,"母句可歸屬，unsupported 係 split_claims 於 and/, 處切斷所致",alternative;indie;rock,supported,alternative;indie;rock,,,not_applicable,1,0,"Allow me to recommend 'Sunshine' by The Sunshine Band. It's a track with indie rock and alternative influences, and it also features guitar and drum elements. Although I don't have much information about this track, it seems to align well with your preferences."
1207,ItV4NVU0u6I,ItV4NVU0u6I_Ldq1rh8OYuc,ItV4NVU0u6I_Ldq1rh8OYuc,ItV4NVU0u6I,wo_prompt,3,alternative with a touch of indie rock.,"This track combines elements of rock, indie, and alternative with a touch of indie rock.",audio-supported,audio,0,,0,E0_clause_split_artifact,斷句碎片（標註流程假影）,parent_audio-supported,"母句可歸屬，unsupported 係 split_claims 於 and/, 處切斷所致",alternative;indie;rock,supported,alternative;indie;rock,,,not_applicable,1,0,"In the spirit of Nuestra Vida by Nada Que Objetar, I recommend 'Nuestra Vida' by Nada Que Objetar. This track combines elements of rock, indie, and alternative with a touch of indie rock. It has a guitar-driven sound and features male vocals. It's a great choice to capture the essence of Nuestra Vida."
1207,ItV4NVU0u6I,ItV4NVU0u6I_Ldq1rh8OYuc,ItV4NVU0u6I_Ldq1rh8OYuc,ItV4NVU0u6I,wo_ltp,1,<EMPTY_GENERATION>,<EMPTY_GENERATION>,unsupported,unknown,1,type_token_ratio=0.03,0,E7_degenerate_generation,生成崩潰（退化輸出）,degenerate_output,整段生成為退化輸出（type_token_ratio=0.03），此時的 unsupported 反映生成崩潰而非主張缺乏證據,,not_applicable,,,,not_applicable,1,0,. is. is.t.t.t.t.t.t.t.t.t.t.t.t.t.t.t.t.t.t.t.t.t.t.t.t.t.t.t.t.t.t.t.t.t.t.t.t.t.t.t.t.t.t.t.t.t.t.t.t.t.t.t.t.t.t.t.t.t.t.t.t.t.t
1210,ah7goU7kudo,ah7goU7kudo_al2m-IPmf5o,wtM8Nc_Wd6I_ZXUWFFSz3iU,wtM8Nc_Wd6I,wo_audio_all,1,I suggest checking out 'Cro's style.,I suggest checking out 'Cro's style.,unsupported,unknown,0,,0,E6_likely_hallucination,可能幻覺,named_entity_absent_from_all_evidence,引號名稱 ['Cro'] 未見於管線內證據與外部 metadata；屬具體可查證卻查無支持者，列為可能幻覺並送人工複核,,not_applicable,,,Cro,not_found,1,1,"I suggest checking out 'Cro's style. Although I don't have specific information about the track, album, or artist, I can recommend 'Cro's style based on your preferences. 'Cro's style is known for its electronic, rock, indie, and hip-hop elements. It's a fast-paced and energetic track that could be a fitting choice for your video."
1210,ah7goU7kudo,ah7goU7kudo_al2m-IPmf5o,wtM8Nc_Wd6I_ZXUWFFSz3iU,wtM8Nc_Wd6I,wo_ltp,1,"this thatthis, thatthis, that, that, that, that, that, that, that, that, that, that, that, that, that, that, that, that, that, that, that, that, that,th,t,t,t,t,t,t,t,t,t,t,t,t,t,t,t,t,t,t,t,t,t,t,t,t,t,t,t,t,t,t,t,t,t,t,t,t,t",",this thatthis, thatthis, that, that, that, that, that, that, that, that, that, that, that, that, that, that, that, that, that, that, that, that, that,th,t,t,t,t,t,t,t,t,t,t,t,t,t,t,t,t,t,t,t,t,t,t,t,t,t,t,t,t,t,t,t,t,t,t,t,t,t",unsupported,unknown,1,type_token_ratio=0.08,0,E7_degenerate_generation,生成崩潰（退化輸出）,degenerate_output,整段生成為退化輸出（type_token_ratio=0.08），此時的 unsupported 反映生成崩潰而非主張缺乏證據,,not_applicable,,,,not_applicable,1,0,",this thatthis, thatthis, that, that, that, that, that, that, that, that, that, that, that, that, that, that, that, that, that, that, that, that, that,th,t,t,t,t,t,t,t,t,t,t,t,t,t,t,t,t,t,t,t,t,t,t,t,t,t,t,t,t,t,t,t,t,t,t,t,t,t"
1226,VBDoZ0Tu5CI,VBDoZ0Tu5CI_K29bp9zG0jA,bPrFmJPMP0o_DHNVh_sZawQ,bPrFmJPMP0o,full,2,dance track with electronic,It's a pop and dance track with electronic and rock influences.,audio-supported,audio,0,,1,E0_clause_split_artifact,斷句碎片（標註流程假影）,parent_audio-supported,"母句可歸屬，unsupported 係 split_claims 於 and/, 處切斷所致",dance;electronic;pop;rock,partially_supported,dance;electronic;pop,rock,,not_applicable,1,0,"Allow me to recommend 'Tú y yo' by Santaye. It's a pop and dance track with electronic and rock influences. The song features a female vocalist and was released in 2014. It aligns well with the pop, dance, and electronic genres you're looking for."
1226,VBDoZ0Tu5CI,VBDoZ0Tu5CI_K29bp9zG0jA,bPrFmJPMP0o_DHNVh_sZawQ,bPrFmJPMP0o,full,5,"It aligns well with the pop, dance","It aligns well with the pop, dance, and electronic genres you're looking for.",prompt-supported,prompt,0,,1,E0_clause_split_artifact,斷句碎片（標註流程假影）,parent_prompt-supported,"母句可歸屬，unsupported 係 split_claims 於 and/, 處切斷所致",dance;electronic;pop,supported,dance;electronic;pop,,,not_applicable,1,0,"Allow me to recommend 'Tú y yo' by Santaye. It's a pop and dance track with electronic and rock influences. The song features a female vocalist and was released in 2014. It aligns well with the pop, dance, and electronic genres you're looking for."
1226,VBDoZ0Tu5CI,VBDoZ0Tu5CI_K29bp9zG0jA,bPrFmJPMP0o_DHNVh_sZawQ,bPrFmJPMP0o,wo_video,2,It's a pop track with electronic,It's a pop track with electronic and dance elements.,unsupported,unknown,0,,1,E0b_rule_miss_verified,規則漏判但有證據支持,genre_claim_verified_by_tags,曲風敘述可由 musicnn 標籤／參考文本支持；v2 因 GENRE_TERMS 需搭配 anchor 詞才計為 audio 而漏判,dance;electronic;pop,supported,dance;electronic;pop,,,not_applicable,1,0,"I recommend 'Santaye' by Santaye. It's a pop track with electronic and dance elements. The song features a female vocalist and was released in 2013. It aligns well with the pop, dance, and electronic genres you're interested in."
1226,VBDoZ0Tu5CI,VBDoZ0Tu5CI_K29bp9zG0jA,bPrFmJPMP0o_DHNVh_sZawQ,bPrFmJPMP0o,wo_video,5,"It aligns well with the pop, dance","It aligns well with the pop, dance, and electronic genres you're interested in.",audio-supported,audio,0,,1,E0_clause_split_artifact,斷句碎片（標註流程假影）,parent_audio-supported,"母句可歸屬，unsupported 係 split_claims 於 and/, 處切斷所致",dance;electronic;pop,supported,dance;electronic;pop,,,not_applicable,1,0,"I recommend 'Santaye' by Santaye. It's a pop track with electronic and dance elements. The song features a female vocalist and was released in 2013. It aligns well with the pop, dance, and electronic genres you're interested in."
1226,VBDoZ0Tu5CI,VBDoZ0Tu5CI_K29bp9zG0jA,bPrFmJPMP0o_DHNVh_sZawQ,bPrFmJPMP0o,wo_audio_feature_only,2,"It's a pop, dance","It's a pop, dance, and electronic track with female vocalists.",audio-supported,audio,0,,1,E0_clause_split_artifact,斷句碎片（標註流程假影）,parent_audio-supported,"母句可歸屬，unsupported 係 split_claims 於 and/, 處切斷所致",dance;electronic;pop,supported,dance;electronic;pop,,,not_applicable,1,0,"Allow me to recommend 'Santaye' by Santaye. It's a pop, dance, and electronic track with female vocalists. Although I don't have specific information about this track, it aligns with your preferences for pop, dance, and electronic genres. It may contain elements of pop, dance, and electronic genres that could be a fitting choice for your video."
1226,VBDoZ0Tu5CI,VBDoZ0Tu5CI_K29bp9zG0jA,bPrFmJPMP0o_DHNVh_sZawQ,bPrFmJPMP0o,wo_audio_feature_only,5,"It may contain elements of pop, dance","It may contain elements of pop, dance, and electronic genres that could be a fitting choice for your video.",audio-supported,audio,0,,1,E0_clause_split_artifact,斷句碎片（標註流程假影）,parent_audio-supported,"母句可歸屬，unsupported 係 split_claims 於 and/, 處切斷所致",dance;electronic;pop,supported,dance;electronic;pop,,,not_applicable,1,0,"Allow me to recommend 'Santaye' by Santaye. It's a pop, dance, and electronic track with female vocalists. Although I don't have specific information about this track, it aligns with your preferences for pop, dance, and electronic genres. It may contain elements of pop, dance, and electronic genres that could be a fitting choice for your video."
1226,VBDoZ0Tu5CI,VBDoZ0Tu5CI_K29bp9zG0jA,bPrFmJPMP0o_DHNVh_sZawQ,bPrFmJPMP0o,wo_audio_all,2,dance track with electronic elements,It's a pop and dance track with electronic elements and features a female vocalist.,audio-supported,audio,0,,1,E0_clause_split_artifact,斷句碎片（標註流程假影）,parent_audio-supported,"母句可歸屬，unsupported 係 split_claims 於 and/, 處切斷所致",dance;electronic;pop,supported,dance;electronic;pop,,,not_applicable,1,0,"Allow me to recommend 'Santaye' by Santaye. It's a pop and dance track with electronic elements and features a female vocalist. Although I don't have much information about this track, it aligns with your preferences for pop, dance, and electronic genres with a female vocalist."
1226,VBDoZ0Tu5CI,VBDoZ0Tu5CI_K29bp9zG0jA,bPrFmJPMP0o_DHNVh_sZawQ,bPrFmJPMP0o,wo_prompt,2,dance track with electronic,It's a pop and dance track with electronic and indie influences.,audio-supported,audio,0,,1,E0_clause_split_artifact,斷句碎片（標註流程假影）,parent_audio-supported,"母句可歸屬，unsupported 係 split_claims 於 and/, 處切斷所致",dance;electronic;indie;pop,supported,dance;electronic;indie;pop,,,not_applicable,1,0,I recommend 'Tú y yo' by Maite Perroni. It's a pop and dance track with electronic and indie influences. The song features female vocals and has a catchy and upbeat sound. It was released in 2014 and could be a great fit for your video.
1226,VBDoZ0Tu5CI,VBDoZ0Tu5CI_K29bp9zG0jA,bPrFmJPMP0o_DHNVh_sZawQ,bPrFmJPMP0o,wo_ltp,1,<EMPTY_GENERATION>,<EMPTY_GENERATION>,unsupported,unknown,1,type_token_ratio=0.08,0,E7_degenerate_generation,生成崩潰（退化輸出）,degenerate_output,整段生成為退化輸出（type_token_ratio=0.08），此時的 unsupported 反映生成崩潰而非主張缺乏證據,,not_applicable,,,,not_applicable,1,0,"., and. is. I's. and. and. and the world. and. and the world. and. and the world. and. and the world. and. world. and. world. and. world. world. world. world. world. world. world. world. world. world. world. world. world. world. world. world. world. world. world. world. world. world. world. world. world. world. world. world. world. world. world. world. world. world. world. world. world. world. world. world. world."
1240,Tqo1UOK1I44,Tqo1UOK1I44_skTcQLUZKEA,xoK_M8O7wPU_9YhLP-WJ7U8,xoK_M8O7wPU,wo_audio_feature_only,2,It's a track with electronic,It's a track with electronic and alternative influences.,audio-supported,audio,0,,1,E0_clause_split_artifact,斷句碎片（標註流程假影）,parent_audio-supported,"母句可歸屬，unsupported 係 split_claims 於 and/, 處切斷所致",alternative;electronic,supported,alternative;electronic,,,not_applicable,1,0,"Allow me to recommend 'Generación 12'. It's a track with electronic and alternative influences. Although I don't have specific information about this track, it aligns with your interest in electronic and alternative music. It may contain the specific elements you want."
1240,Tqo1UOK1I44,Tqo1UOK1I44_skTcQLUZKEA,xoK_M8O7wPU_9YhLP-WJ7U8,xoK_M8O7wPU,wo_ltp,1,that that that that that that that that that that that that that that that that that that that that that that that that that that that that that that that that that that that that that that that that that that that that that that that that that that that that that that that that that that that that that that that that that that that that that that that that that that that that that that that that that that that that that that that that that that that that that that that that that that that that that that that that that that that that that that that that that,that that that that that that that that that that that that that that that that that that that that that that that that that that that that that that that that that that that that that that that that that that that that that that that that that that that that that that that that that that that that that that that that that that that that that that that that that that that that that that that that that that that that that that that that that that that that that that that that that that that that that that that that that that that that that that that that that,unsupported,unknown,1,type_token_ratio=0.01,0,E7_degenerate_generation,生成崩潰（退化輸出）,degenerate_output,整段生成為退化輸出（type_token_ratio=0.01），此時的 unsupported 反映生成崩潰而非主張缺乏證據,,not_applicable,,,,not_applicable,1,0,. that. that. that. that. that. that. that. that that that that that that that that that that that that that that that that that that that that that that that that that that that that that that that that that that that that that that that that that that that that that that that that that that that that that that that that that that that that that that that that that that that that that that that that that that that that that that that that that that that that that that that that that that that that that that that that that that that that that that that that that that that that that that that that that
1269,KGmsoYvx7ng,KGmsoYvx7ng_s6CDWoTZi68,0XU02h5NEMI_XnPcy6bS9BE,0XU02h5NEMI,wo_ltp,1,"and., and, and, and, and, and, and, and, and, and, and, and, and, and, and, and, and, and, and, and, and, and, and, and, and, and, and, and, and, and, and, and, and, and, and, and, and, and, and, and, and, and, and, and, and, and, and, and, and, and, and, and, and, and, and, and, and, and, and, and, and, and, and",", and., and, and, and, and, and, and, and, and, and, and, and, and, and, and, and, and, and, and, and, and, and, and, and, and, and, and, and, and, and, and, and, and, and, and, and, and, and, and, and, and, and, and, and, and, and, and, and, and, and, and, and, and, and, and, and, and, and, and, and, and, and, and,",unsupported,unknown,1,type_token_ratio=0.02,0,E7_degenerate_generation,生成崩潰（退化輸出）,degenerate_output,整段生成為退化輸出（type_token_ratio=0.02），此時的 unsupported 反映生成崩潰而非主張缺乏證據,,not_applicable,,,,not_applicable,1,0,", and., and, and, and, and, and, and, and, and, and, and, and, and, and, and, and, and, and, and, and, and, and, and, and, and, and, and, and, and, and, and, and, and, and, and, and, and, and, and, and, and, and, and, and, and, and, and, and, and, and, and, and, and, and, and, and, and, and, and, and, and, and, and,"
1311,CSvBwXlOQPY,CSvBwXlOQPY_iZOXwI35PZY,y9m3lC50srw_lmFkBpHhWUk,y9m3lC50srw,full,3,"The song combines hip-hop, electronic","The song combines hip-hop, electronic, and ambient genres, which could be a fitting choice for your video.",audio-supported,audio,0,,1,E0_clause_split_artifact,斷句碎片（標註流程假影）,parent_audio-supported,"母句可歸屬，unsupported 係 split_claims 於 and/, 處切斷所致",ambient;electronic;hip-hop,supported,ambient;electronic;hip-hop,,,not_applicable,1,0,"Allow me to recommend 'ANIMAL - DREAM (VIDEO) (CLIMATE CHANGE MIXTAPE) by Mickey Factz. It's a track from the album 'CLIMATE CHANGE MIXTAPE'. The song combines hip-hop, electronic, and ambient genres, which could be a fitting choice for your video. It has a chill and ambient vibe with electronic elements."
1311,CSvBwXlOQPY,CSvBwXlOQPY_iZOXwI35PZY,y9m3lC50srw_lmFkBpHhWUk,y9m3lC50srw,full,5,It has a chill,It has a chill and ambient vibe with electronic elements.,unsupported,unknown,0,,1,E0b_rule_miss_verified,規則漏判但有證據支持,genre_claim_verified_by_tags,曲風敘述可由 musicnn 標籤／參考文本支持；v2 因 GENRE_TERMS 需搭配 anchor 詞才計為 audio 而漏判,ambient;electronic,supported,ambient;electronic,,,not_applicable,1,0,"Allow me to recommend 'ANIMAL - DREAM (VIDEO) (CLIMATE CHANGE MIXTAPE) by Mickey Factz. It's a track from the album 'CLIMATE CHANGE MIXTAPE'. The song combines hip-hop, electronic, and ambient genres, which could be a fitting choice for your video. It has a chill and ambient vibe with electronic elements."
1311,CSvBwXlOQPY,CSvBwXlOQPY_iZOXwI35PZY,y9m3lC50srw_lmFkBpHhWUk,y9m3lC50srw,full,6,ambient vibe with electronic elements.,It has a chill and ambient vibe with electronic elements.,unsupported,unknown,0,,0,E0b_rule_miss_verified,規則漏判但有證據支持,genre_claim_verified_by_tags,曲風敘述可由 musicnn 標籤／參考文本支持；v2 因 GENRE_TERMS 需搭配 anchor 詞才計為 audio 而漏判,ambient;electronic,supported,ambient;electronic,,,not_applicable,1,0,"Allow me to recommend 'ANIMAL - DREAM (VIDEO) (CLIMATE CHANGE MIXTAPE) by Mickey Factz. It's a track from the album 'CLIMATE CHANGE MIXTAPE'. The song combines hip-hop, electronic, and ambient genres, which could be a fitting choice for your video. It has a chill and ambient vibe with electronic elements."
1311,CSvBwXlOQPY,CSvBwXlOQPY_iZOXwI35PZY,y9m3lC50srw_lmFkBpHhWUk,y9m3lC50srw,wo_video,2,"It's a track that combines hip-hop, electronic","It's a track that combines hip-hop, electronic, and ambient elements.",unsupported,unknown,0,,1,E0b_rule_miss_verified,規則漏判但有證據支持,genre_claim_verified_by_tags,曲風敘述可由 musicnn 標籤／參考文本支持；v2 因 GENRE_TERMS 需搭配 anchor 詞才計為 audio 而漏判,ambient;electronic;hip-hop,supported,ambient;electronic;hip-hop,,,not_applicable,1,0,"Certainly! How about 'DREAM' by Mickey Factz? It's a track that combines hip-hop, electronic, and ambient elements. Although I don't have much information about this specific track, it aligns with the hip-hop and ambient vibes you're looking for."
1311,CSvBwXlOQPY,CSvBwXlOQPY_iZOXwI35PZY,y9m3lC50srw_lmFkBpHhWUk,y9m3lC50srw,wo_video,3,"Although I don't have much information about this specific track, it aligns with the hip-hop","Although I don't have much information about this specific track, it aligns with the hip-hop and ambient vibes you're looking for.",prompt-supported,prompt,0,,1,E0_clause_split_artifact,斷句碎片（標註流程假影）,parent_prompt-supported,"母句可歸屬，unsupported 係 split_claims 於 and/, 處切斷所致",ambient;hip-hop,supported,ambient;hip-hop,,,not_applicable,1,0,"Certainly! How about 'DREAM' by Mickey Factz? It's a track that combines hip-hop, electronic, and ambient elements. Although I don't have much information about this specific track, it aligns with the hip-hop and ambient vibes you're looking for."
1311,CSvBwXlOQPY,CSvBwXlOQPY_iZOXwI35PZY,y9m3lC50srw_lmFkBpHhWUk,y9m3lC50srw,wo_audio_all,3,"Although I don't have specific information about this track, it aligns with the hip-hop","Although I don't have specific information about this track, it aligns with the hip-hop and ambient elements you're looking for.",prompt-supported,prompt,0,,1,E0_clause_split_artifact,斷句碎片（標註流程假影）,parent_prompt-supported,"母句可歸屬，unsupported 係 split_claims 於 and/, 處切斷所致",ambient;hip-hop,supported,ambient;hip-hop,,,not_applicable,1,0,"I suggest 'Hip-Hop' by Kendrick Lamarre. It's a track that combines elements of hip-hop, electronic, and ambient music. Although I don't have specific information about this track, it aligns with the hip-hop and ambient elements you're looking for."
1311,CSvBwXlOQPY,CSvBwXlOQPY_iZOXwI35PZY,y9m3lC50srw_lmFkBpHhWUk,y9m3lC50srw,wo_prompt,3,It's part of the 'CLIMATE CHANGE MIXTAPE',"It's part of the 'CLIMATE CHANGE MIXTAPE' and features electronic, Hip-Hop, and chillout elements.",unsupported,unknown,0,,1,E0b_rule_miss_verified,規則漏判但有證據支持,metadata_claim_verified,元資料主張可由證據支持，屬 v2 規則漏判而非錯誤,chillout;electronic;hip-hop,supported,chillout;electronic;hip-hop,,CLIMATE CHANGE MIXTAPE,supported,1,0,"This track by Mickey Factz offers a chill and ambient vibe, perfect for creating a relaxing atmosphere in your video. It's part of the 'CLIMATE CHANGE MIXTAPE' and features electronic, Hip-Hop, and chillout elements."
1311,CSvBwXlOQPY,CSvBwXlOQPY_iZOXwI35PZY,y9m3lC50srw_lmFkBpHhWUk,y9m3lC50srw,wo_ltp,1,<EMPTY_GENERATION>,<EMPTY_GENERATION>,unsupported,unknown,1,too_few_tokens=2,0,E7_degenerate_generation,生成崩潰（退化輸出）,degenerate_output,整段生成為退化輸出（too_few_tokens=2），此時的 unsupported 反映生成崩潰而非主張缺乏證據,,not_applicable,,,,not_applicable,1,0,".
.
1000s.
100s.
1010.
1011
1011.
10111
1111111111111111111111111111111111111111111111111111111111111111111111111111111111111111"
1322,pgoDe__Fm-Y,pgoDe__Fm-Y_vf4LLox2GTE,IUXYhGY9e4E_xcWOviMI6Lk,IUXYhGY9e4E,wo_audio_feature_only,3,"It has a mix of pop, rock","It has a mix of pop, rock, and indie genres with a focus on female vocalists.",audio-supported,audio,0,,1,E0_clause_split_artifact,斷句碎片（標註流程假影）,parent_audio-supported,"母句可歸屬，unsupported 係 split_claims 於 and/, 處切斷所致",indie;pop;rock,supported,indie;pop;rock,,,not_applicable,1,0,"Allow me to recommend 'Kodaline' by Kodaline. It's a pop and folk track that was released in 2012. It has a mix of pop, rock, and indie genres with a focus on female vocalists. It also has a mix of techno and fast-paced beats, which could be a fitting choice for your video."
1322,pgoDe__Fm-Y,pgoDe__Fm-Y_vf4LLox2GTE,IUXYhGY9e4E_xcWOviMI6Lk,IUXYhGY9e4E,wo_prompt,2,"The lyrics express the longing for a meaningful love, which can resonate with many viewers.","The lyrics express the longing for a meaningful love, which can resonate with many viewers.",unsupported,unknown,0,,0,E6_likely_hallucination,可能幻覺,unclassified_specific_claim,具體主張但未命中任何證據來源,,not_applicable,,,,not_applicable,1,1,"In the music video 'Meaningless Love' by Jinny Ng, the song is a beautiful and heartfelt ballad. The lyrics express the longing for a meaningful love, which can resonate with many viewers. The track is part of the album 'Meaningless Love' and features Jinny Ng's captivating vocals."
1322,pgoDe__Fm-Y,pgoDe__Fm-Y_vf4LLox2GTE,IUXYhGY9e4E_xcWOviMI6Lk,IUXYhGY9e4E,wo_ltp,1,and it is off morning morning.,and it is off morning morning.,unsupported,unknown,1,type_token_ratio=0.08,0,E7_degenerate_generation,生成崩潰（退化輸出）,degenerate_output,整段生成為退化輸出（type_token_ratio=0.08），此時的 unsupported 反映生成崩潰而非主張缺乏證據,,not_applicable,,,,not_applicable,1,0,morning. morning. and morning morning. and it is off morning morning. and morning morning morning. morning. and morning morning morning. and morning morning morning morning. morning. morning morning. morning morning. morning morning morning. morning morning morning morning morning morning. morning morning morning morning morning morning. morning morning morning morning. today morning morning morning morning morning. today morning morning morning morning. today morning today morning. that day. that day morning. that day morning. that day morning. that day morning morning. that day morning morning morning morning. morning morning morning morning that day morning that day morning that day that day that day that day that
1322,pgoDe__Fm-Y,pgoDe__Fm-Y_vf4LLox2GTE,IUXYhGY9e4E_xcWOviMI6Lk,IUXYhGY9e4E,wo_ltp,2,and morning morning morning.,and morning morning morning.,unsupported,unknown,1,type_token_ratio=0.08,0,E7_degenerate_generation,生成崩潰（退化輸出）,degenerate_output,整段生成為退化輸出（type_token_ratio=0.08），此時的 unsupported 反映生成崩潰而非主張缺乏證據,,not_applicable,,,,not_applicable,1,0,morning. morning. and morning morning. and it is off morning morning. and morning morning morning. morning. and morning morning morning. and morning morning morning morning. morning. morning morning. morning morning. morning morning morning. morning morning morning morning morning morning. morning morning morning morning morning morning. morning morning morning morning. today morning morning morning morning morning. today morning morning morning morning. today morning today morning. that day. that day morning. that day morning. that day morning. that day morning morning. that day morning morning morning morning. morning morning morning morning that day morning that day morning that day that day that day that day that
1322,pgoDe__Fm-Y,pgoDe__Fm-Y_vf4LLox2GTE,IUXYhGY9e4E_xcWOviMI6Lk,IUXYhGY9e4E,wo_ltp,3,and morning morning morning.,and morning morning morning.,unsupported,unknown,1,type_token_ratio=0.08,0,E7_degenerate_generation,生成崩潰（退化輸出）,degenerate_output,整段生成為退化輸出（type_token_ratio=0.08），此時的 unsupported 反映生成崩潰而非主張缺乏證據,,not_applicable,,,,not_applicable,1,0,morning. morning. and morning morning. and it is off morning morning. and morning morning morning. morning. and morning morning morning. and morning morning morning morning. morning. morning morning. morning morning. morning morning morning. morning morning morning morning morning morning. morning morning morning morning morning morning. morning morning morning morning. today morning morning morning morning morning. today morning morning morning morning. today morning today morning. that day. that day morning. that day morning. that day morning. that day morning morning. that day morning morning morning morning. morning morning morning morning that day morning that day morning that day that day that day that day that
1322,pgoDe__Fm-Y,pgoDe__Fm-Y_vf4LLox2GTE,IUXYhGY9e4E_xcWOviMI6Lk,IUXYhGY9e4E,wo_ltp,4,and morning morning morning morning.,and morning morning morning morning.,unsupported,unknown,1,type_token_ratio=0.08,0,E7_degenerate_generation,生成崩潰（退化輸出）,degenerate_output,整段生成為退化輸出（type_token_ratio=0.08），此時的 unsupported 反映生成崩潰而非主張缺乏證據,,not_applicable,,,,not_applicable,1,0,morning. morning. and morning morning. and it is off morning morning. and morning morning morning. morning. and morning morning morning. and morning morning morning morning. morning. morning morning. morning morning. morning morning morning. morning morning morning morning morning morning. morning morning morning morning morning morning. morning morning morning morning. today morning morning morning morning morning. today morning morning morning morning. today morning today morning. that day. that day morning. that day morning. that day morning. that day morning morning. that day morning morning morning morning. morning morning morning morning that day morning that day morning that day that day that day that day that
1322,pgoDe__Fm-Y,pgoDe__Fm-Y_vf4LLox2GTE,IUXYhGY9e4E_xcWOviMI6Lk,IUXYhGY9e4E,wo_ltp,5,morning morning morning morning morning morning.,morning morning morning morning morning morning.,unsupported,unknown,1,type_token_ratio=0.08,0,E7_degenerate_generation,生成崩潰（退化輸出）,degenerate_output,整段生成為退化輸出（type_token_ratio=0.08），此時的 unsupported 反映生成崩潰而非主張缺乏證據,,not_applicable,,,,not_applicable,1,0,morning. morning. and morning morning. and it is off morning morning. and morning morning morning. morning. and morning morning morning. and morning morning morning morning. morning. morning morning. morning morning. morning morning morning. morning morning morning morning morning morning. morning morning morning morning morning morning. morning morning morning morning. today morning morning morning morning morning. today morning morning morning morning. today morning today morning. that day. that day morning. that day morning. that day morning. that day morning morning. that day morning morning morning morning. morning morning morning morning that day morning that day morning that day that day that day that day that
1322,pgoDe__Fm-Y,pgoDe__Fm-Y_vf4LLox2GTE,IUXYhGY9e4E_xcWOviMI6Lk,IUXYhGY9e4E,wo_ltp,6,morning morning morning morning morning morning.,morning morning morning morning morning morning.,unsupported,unknown,1,type_token_ratio=0.08,0,E7_degenerate_generation,生成崩潰（退化輸出）,degenerate_output,整段生成為退化輸出（type_token_ratio=0.08），此時的 unsupported 反映生成崩潰而非主張缺乏證據,,not_applicable,,,,not_applicable,1,0,morning. morning. and morning morning. and it is off morning morning. and morning morning morning. morning. and morning morning morning. and morning morning morning morning. morning. morning morning. morning morning. morning morning morning. morning morning morning morning morning morning. morning morning morning morning morning morning. morning morning morning morning. today morning morning morning morning morning. today morning morning morning morning. today morning today morning. that day. that day morning. that day morning. that day morning. that day morning morning. that day morning morning morning morning. morning morning morning morning that day morning that day morning that day that day that day that day that
1322,pgoDe__Fm-Y,pgoDe__Fm-Y_vf4LLox2GTE,IUXYhGY9e4E_xcWOviMI6Lk,IUXYhGY9e4E,wo_ltp,7,morning morning morning morning.,and morning morning morning morning.,unsupported,unknown,1,type_token_ratio=0.08,0,E7_degenerate_generation,生成崩潰（退化輸出）,degenerate_output,整段生成為退化輸出（type_token_ratio=0.08），此時的 unsupported 反映生成崩潰而非主張缺乏證據,,not_applicable,,,,not_applicable,1,0,morning. morning. and morning morning. and it is off morning morning. and morning morning morning. morning. and morning morning morning. and morning morning morning morning. morning. morning morning. morning morning. morning morning morning. morning morning morning morning morning morning. morning morning morning morning morning morning. morning morning morning morning. today morning morning morning morning morning. today morning morning morning morning. today morning today morning. that day. that day morning. that day morning. that day morning. that day morning morning. that day morning morning morning morning. morning morning morning morning that day morning that day morning that day that day that day that day that
1322,pgoDe__Fm-Y,pgoDe__Fm-Y_vf4LLox2GTE,IUXYhGY9e4E_xcWOviMI6Lk,IUXYhGY9e4E,wo_ltp,8,today morning morning morning morning morning.,today morning morning morning morning morning.,unsupported,unknown,1,type_token_ratio=0.08,0,E7_degenerate_generation,生成崩潰（退化輸出）,degenerate_output,整段生成為退化輸出（type_token_ratio=0.08），此時的 unsupported 反映生成崩潰而非主張缺乏證據,,not_applicable,,,,not_applicable,1,0,morning. morning. and morning morning. and it is off morning morning. and morning morning morning. morning. and morning morning morning. and morning morning morning morning. morning. morning morning. morning morning. morning morning morning. morning morning morning morning morning morning. morning morning morning morning morning morning. morning morning morning morning. today morning morning morning morning morning. today morning morning morning morning. today morning today morning. that day. that day morning. that day morning. that day morning. that day morning morning. that day morning morning morning morning. morning morning morning morning that day morning that day morning that day that day that day that day that
1322,pgoDe__Fm-Y,pgoDe__Fm-Y_vf4LLox2GTE,IUXYhGY9e4E_xcWOviMI6Lk,IUXYhGY9e4E,wo_ltp,9,today morning morning morning morning.,today morning morning morning morning.,unsupported,unknown,1,type_token_ratio=0.08,0,E7_degenerate_generation,生成崩潰（退化輸出）,degenerate_output,整段生成為退化輸出（type_token_ratio=0.08），此時的 unsupported 反映生成崩潰而非主張缺乏證據,,not_applicable,,,,not_applicable,1,0,morning. morning. and morning morning. and it is off morning morning. and morning morning morning. morning. and morning morning morning. and morning morning morning morning. morning. morning morning. morning morning. morning morning morning. morning morning morning morning morning morning. morning morning morning morning morning morning. morning morning morning morning. today morning morning morning morning morning. today morning morning morning morning. today morning today morning. that day. that day morning. that day morning. that day morning. that day morning morning. that day morning morning morning morning. morning morning morning morning that day morning that day morning that day that day that day that day that
1322,pgoDe__Fm-Y,pgoDe__Fm-Y_vf4LLox2GTE,IUXYhGY9e4E_xcWOviMI6Lk,IUXYhGY9e4E,wo_ltp,10,today morning today morning.,today morning today morning.,unsupported,unknown,1,type_token_ratio=0.08,0,E7_degenerate_generation,生成崩潰（退化輸出）,degenerate_output,整段生成為退化輸出（type_token_ratio=0.08），此時的 unsupported 反映生成崩潰而非主張缺乏證據,,not_applicable,,,,not_applicable,1,0,morning. morning. and morning morning. and it is off morning morning. and morning morning morning. morning. and morning morning morning. and morning morning morning morning. morning. morning morning. morning morning. morning morning morning. morning morning morning morning morning morning. morning morning morning morning morning morning. morning morning morning morning. today morning morning morning morning morning. today morning morning morning morning. today morning today morning. that day. that day morning. that day morning. that day morning. that day morning morning. that day morning morning morning morning. morning morning morning morning that day morning that day morning that day that day that day that day that
1322,pgoDe__Fm-Y,pgoDe__Fm-Y_vf4LLox2GTE,IUXYhGY9e4E_xcWOviMI6Lk,IUXYhGY9e4E,wo_ltp,11,that day morning morning.,that day morning morning.,unsupported,unknown,1,type_token_ratio=0.08,0,E7_degenerate_generation,生成崩潰（退化輸出）,degenerate_output,整段生成為退化輸出（type_token_ratio=0.08），此時的 unsupported 反映生成崩潰而非主張缺乏證據,,not_applicable,,,,not_applicable,1,0,morning. morning. and morning morning. and it is off morning morning. and morning morning morning. morning. and morning morning morning. and morning morning morning morning. morning. morning morning. morning morning. morning morning morning. morning morning morning morning morning morning. morning morning morning morning morning morning. morning morning morning morning. today morning morning morning morning morning. today morning morning morning morning. today morning today morning. that day. that day morning. that day morning. that day morning. that day morning morning. that day morning morning morning morning. morning morning morning morning that day morning that day morning that day that day that day that day that
1322,pgoDe__Fm-Y,pgoDe__Fm-Y_vf4LLox2GTE,IUXYhGY9e4E_xcWOviMI6Lk,IUXYhGY9e4E,wo_ltp,12,that day morning morning morning morning.,that day morning morning morning morning.,unsupported,unknown,1,type_token_ratio=0.08,0,E7_degenerate_generation,生成崩潰（退化輸出）,degenerate_output,整段生成為退化輸出（type_token_ratio=0.08），此時的 unsupported 反映生成崩潰而非主張缺乏證據,,not_applicable,,,,not_applicable,1,0,morning. morning. and morning morning. and it is off morning morning. and morning morning morning. morning. and morning morning morning. and morning morning morning morning. morning. morning morning. morning morning. morning morning morning. morning morning morning morning morning morning. morning morning morning morning morning morning. morning morning morning morning. today morning morning morning morning morning. today morning morning morning morning. today morning today morning. that day. that day morning. that day morning. that day morning. that day morning morning. that day morning morning morning morning. morning morning morning morning that day morning that day morning that day that day that day that day that
1322,pgoDe__Fm-Y,pgoDe__Fm-Y_vf4LLox2GTE,IUXYhGY9e4E_xcWOviMI6Lk,IUXYhGY9e4E,wo_ltp,13,morning morning morning morning that day morning that day morning that day that day that day that day that,morning morning morning morning that day morning that day morning that day that day that day that day that,unsupported,unknown,1,type_token_ratio=0.08,0,E7_degenerate_generation,生成崩潰（退化輸出）,degenerate_output,整段生成為退化輸出（type_token_ratio=0.08），此時的 unsupported 反映生成崩潰而非主張缺乏證據,,not_applicable,,,,not_applicable,1,0,morning. morning. and morning morning. and it is off morning morning. and morning morning morning. morning. and morning morning morning. and morning morning morning morning. morning. morning morning. morning morning. morning morning morning. morning morning morning morning morning morning. morning morning morning morning morning morning. morning morning morning morning. today morning morning morning morning morning. today morning morning morning morning. today morning today morning. that day. that day morning. that day morning. that day morning. that day morning morning. that day morning morning morning morning. morning morning morning morning that day morning that day morning that day that day that day that day that
1333,sZNtPlWq5gI,sZNtPlWq5gI_tl_4Jx7umvs,mA7rZps14Zw_meaJ1m4zKGE,mA7rZps14Zw,wo_prompt,4,It has a unique,It has a unique and catchy sound that could add a distinctive touch to your video.,audio-supported,audio,0,,1,E0_clause_split_artifact,斷句碎片（標註流程假影）,parent_audio-supported,"母句可歸屬，unsupported 係 split_claims 於 and/, 處切斷所致",,not_applicable,,,,not_applicable,1,0,"I recommend 'Cadillacs and Videos' by Sam Lachow. It's a track from his album 'Cadillacs and Videos'. The song combines elements of Hip-Hop, electronic, indie, and rock genres. It has a unique and catchy sound that could add a distinctive touch to your video."
1333,sZNtPlWq5gI,sZNtPlWq5gI_tl_4Jx7umvs,mA7rZps14Zw_meaJ1m4zKGE,mA7rZps14Zw,wo_ltp,1,"this, that, that, that, that, that, that, that, that, that, that, that, that, that, that, that, that, that, that, that, that, that, that, that, that, that, that, that, that, that, that, that, that, that, that, that, that, that, that, that, that, that, that, that, that, that, that, that, that, that, that, that, that, that, that, that, that, that, that, that, that, that, that, that",", this, that, that, that, that, that, that, that, that, that, that, that, that, that, that, that, that, that, that, that, that, that, that, that, that, that, that, that, that, that, that, that, that, that, that, that, that, that, that, that, that, that, that, that, that, that, that, that, that, that, that, that, that, that, that, that, that, that, that, that, that, that, that, that",unsupported,unknown,1,type_token_ratio=0.03,0,E7_degenerate_generation,生成崩潰（退化輸出）,degenerate_output,整段生成為退化輸出（type_token_ratio=0.03），此時的 unsupported 反映生成崩潰而非主張缺乏證據,,not_applicable,,,,not_applicable,1,0,", this, that, that, that, that, that, that, that, that, that, that, that, that, that, that, that, that, that, that, that, that, that, that, that, that, that, that, that, that, that, that, that, that, that, that, that, that, that, that, that, that, that, that, that, that, that, that, that, that, that, that, that, that, that, that, that, that, that, that, that, that, that, that, that"
1395,ufnqxvG8TZ4,ufnqxvG8TZ4_t4zXT4mcPUI,fC04fZrQR-M_Za117qjhknc,fC04fZrQR-M,full,3,It offers a fresh,It offers a fresh and experimental sound that will add a distinctive touch to your video.,audio-supported,audio,0,,1,E0_clause_split_artifact,斷句碎片（標註流程假影）,parent_audio-supported,"母句可歸屬，unsupported 係 split_claims 於 and/, 處切斷所致",,not_applicable,,,,not_applicable,1,0,"In that case, I would recommend 'UN ALTRO TIRO' by FRATELLI QUINTALE. This track has a unique blend of Hip-Hop, electronic, rock, indie, and alternative genres. It offers a fresh and experimental sound that will add a distinctive touch to your video."
1395,ufnqxvG8TZ4,ufnqxvG8TZ4_t4zXT4mcPUI,fC04fZrQR-M_Za117qjhknc,fC04fZrQR-M,wo_video,2,This track has an indie,"This track has an indie and alternative sound, with elements of Hip-Hop and electronic music.",audio-supported,audio,0,,1,E0_clause_split_artifact,斷句碎片（標註流程假影）,parent_audio-supported,"母句可歸屬，unsupported 係 split_claims 於 and/, 處切斷所致",alternative;electronic;hip-hop;indie,supported,alternative;electronic;hip-hop;indie,,,not_applicable,1,0,"In that case, I would recommend 'Sunshine' by The Sounds. This track has an indie and alternative sound, with elements of Hip-Hop and electronic music. It's part of the album 'Sunshine' by The Sounds."
1395,ufnqxvG8TZ4,ufnqxvG8TZ4_t4zXT4mcPUI,fC04fZrQR-M_Za117qjhknc,fC04fZrQR-M,wo_audio_feature_only,3,It has a more indie,"It has a more indie and alternative vibe, which could be a fitting choice for your video.",general-supported,general,0,,1,E0_clause_split_artifact,斷句碎片（標註流程假影）,parent_general-supported,"母句可歸屬，unsupported 係 split_claims 於 and/, 處切斷所致",alternative;indie,supported,alternative;indie,,,not_applicable,1,0,"In that case, I would recommend 'Szene' by the band Szene. It's a track that combines elements of Hip-Hop, rock, and indie. It has a more indie and alternative vibe, which could be a fitting choice for your video."
1395,ufnqxvG8TZ4,ufnqxvG8TZ4_t4zXT4mcPUI,fC04fZrQR-M_Za117qjhknc,fC04fZrQR-M,wo_audio_all,2,This track is a collaboration between The Hoods,This track is a collaboration between The Hoods and The Hoodsmen.,unsupported,unknown,0,,1,E6_likely_hallucination,可能幻覺,unclassified_specific_claim,具體主張但未命中任何證據來源,,not_applicable,,,,not_applicable,1,1,"In that case, I would recommend 'Hip Hop' by The Hoods. This track is a collaboration between The Hoods and The Hoodsmen. It's a blend of Hip Hop and electronic genres, with a focus on indie and alternative music. The song has a fast-paced beat and techno-influenced sound that aligns with the indie and alternative vibe you're looking for."
1395,ufnqxvG8TZ4,ufnqxvG8TZ4_t4zXT4mcPUI,fC04fZrQR-M_Za117qjhknc,fC04fZrQR-M,wo_prompt,4,rock with a touch of indie,"The song combines elements of Hip-Hop, electronic, and rock with a touch of indie and alternative influences.",audio-supported,audio,0,,1,E0_clause_split_artifact,斷句碎片（標註流程假影）,parent_audio-supported,"母句可歸屬，unsupported 係 split_claims 於 and/, 處切斷所致",alternative;electronic;hip-hop;indie;rock,supported,alternative;electronic;hip-hop;indie;rock,,,not_applicable,1,0,"I recommend 'UN ALTRO TIRO' by FRATELLI QUINTALE. It's a track from their album 'UN ALTRO TIRO'. The song combines elements of Hip-Hop, electronic, and rock with a touch of indie and alternative influences. It has a fast-paced and energetic vibe that could be a fitting choice for your video."
1395,ufnqxvG8TZ4,ufnqxvG8TZ4_t4zXT4mcPUI,fC04fZrQR-M_Za117qjhknc,fC04fZrQR-M,wo_ltp,1,is is is is.,is is is is.,unsupported,unknown,1,type_token_ratio=0.10,0,E7_degenerate_generation,生成崩潰（退化輸出）,degenerate_output,整段生成為退化輸出（type_token_ratio=0.10），此時的 unsupported 反映生成崩潰而非主張缺乏證據,,not_applicable,,,,not_applicable,1,0,"is is is is. is is.
 is is is is is is.
 is is is is.
 is is is is is.
 is is is is is.
 is is is is.
 is is is.
t's is is.
t's.
t's.
t's.
t's.
t's.
t's.
t's.t's.
t't't't't't't't't.t't't.t't't.t't'"
1395,ufnqxvG8TZ4,ufnqxvG8TZ4_t4zXT4mcPUI,fC04fZrQR-M_Za117qjhknc,fC04fZrQR-M,wo_ltp,2,is is is is is is.,is is is is is is.,unsupported,unknown,1,type_token_ratio=0.10,0,E7_degenerate_generation,生成崩潰（退化輸出）,degenerate_output,整段生成為退化輸出（type_token_ratio=0.10），此時的 unsupported 反映生成崩潰而非主張缺乏證據,,not_applicable,,,,not_applicable,1,0,"is is is is. is is.
 is is is is is is.
 is is is is.
 is is is is is.
 is is is is is.
 is is is is.
 is is is.
t's is is.
t's.
t's.
t's.
t's.
t's.
t's.
t's.t's.
t't't't't't't't't.t't't.t't't.t't'"
1395,ufnqxvG8TZ4,ufnqxvG8TZ4_t4zXT4mcPUI,fC04fZrQR-M_Za117qjhknc,fC04fZrQR-M,wo_ltp,3,is is is is.,is is is is.,unsupported,unknown,1,type_token_ratio=0.10,0,E7_degenerate_generation,生成崩潰（退化輸出）,degenerate_output,整段生成為退化輸出（type_token_ratio=0.10），此時的 unsupported 反映生成崩潰而非主張缺乏證據,,not_applicable,,,,not_applicable,1,0,"is is is is. is is.
 is is is is is is.
 is is is is.
 is is is is is.
 is is is is is.
 is is is is.
 is is is.
t's is is.
t's.
t's.
t's.
t's.
t's.
t's.
t's.t's.
t't't't't't't't't.t't't.t't't.t't'"
1395,ufnqxvG8TZ4,ufnqxvG8TZ4_t4zXT4mcPUI,fC04fZrQR-M_Za117qjhknc,fC04fZrQR-M,wo_ltp,4,is is is is is.,is is is is is is.,unsupported,unknown,1,type_token_ratio=0.10,0,E7_degenerate_generation,生成崩潰（退化輸出）,degenerate_output,整段生成為退化輸出（type_token_ratio=0.10），此時的 unsupported 反映生成崩潰而非主張缺乏證據,,not_applicable,,,,not_applicable,1,0,"is is is is. is is.
 is is is is is is.
 is is is is.
 is is is is is.
 is is is is is.
 is is is is.
 is is is.
t's is is.
t's.
t's.
t's.
t's.
t's.
t's.
t's.t's.
t't't't't't't't't.t't't.t't't.t't'"
1395,ufnqxvG8TZ4,ufnqxvG8TZ4_t4zXT4mcPUI,fC04fZrQR-M_Za117qjhknc,fC04fZrQR-M,wo_ltp,5,is is is is is.,is is is is is is.,unsupported,unknown,1,type_token_ratio=0.10,0,E7_degenerate_generation,生成崩潰（退化輸出）,degenerate_output,整段生成為退化輸出（type_token_ratio=0.10），此時的 unsupported 反映生成崩潰而非主張缺乏證據,,not_applicable,,,,not_applicable,1,0,"is is is is. is is.
 is is is is is is.
 is is is is.
 is is is is is.
 is is is is is.
 is is is is.
 is is is.
t's is is.
t's.
t's.
t's.
t's.
t's.
t's.
t's.t's.
t't't't't't't't't.t't't.t't't.t't'"
1395,ufnqxvG8TZ4,ufnqxvG8TZ4_t4zXT4mcPUI,fC04fZrQR-M_Za117qjhknc,fC04fZrQR-M,wo_ltp,6,is is is is.,is is is is.,unsupported,unknown,1,type_token_ratio=0.10,0,E7_degenerate_generation,生成崩潰（退化輸出）,degenerate_output,整段生成為退化輸出（type_token_ratio=0.10），此時的 unsupported 反映生成崩潰而非主張缺乏證據,,not_applicable,,,,not_applicable,1,0,"is is is is. is is.
 is is is is is is.
 is is is is.
 is is is is is.
 is is is is is.
 is is is is.
 is is is.
t's is is.
t's.
t's.
t's.
t's.
t's.
t's.
t's.t's.
t't't't't't't't't.t't't.t't't.t't'"
1401,9-lebVWosiE,9-lebVWosiE_Y3XSMfhR43g,LJbfOPW35ek_1hcieZLP0-g,LJbfOPW35ek,full,4,"pop rock, which aligns well with the indie","The song combines elements of indie, alternative, and pop rock, which aligns well with the indie and alternative rock style you're looking for.",prompt-supported,prompt,0,,1,E0_clause_split_artifact,斷句碎片（標註流程假影）,parent_prompt-supported,"母句可歸屬，unsupported 係 split_claims 於 and/, 處切斷所致",alternative;indie;pop;rock,partially_supported,alternative;pop;rock,indie,,not_applicable,1,0,"Allow me to recommend 'ソレカラ' by ソレカラ. It's a track from their album 'ソレカラ'. The song combines elements of indie, alternative, and pop rock, which aligns well with the indie and alternative rock style you're looking for. It has a guitar-driven sound and features male vocals."
1401,9-lebVWosiE,9-lebVWosiE_Y3XSMfhR43g,LJbfOPW35ek_1hcieZLP0-g,LJbfOPW35ek,wo_audio_feature_only,3,pop with a focus on alternative rock.,"It's a track that combines elements of rock, indie, and pop with a focus on alternative rock.",audio-supported,audio,0,,0,E0_clause_split_artifact,斷句碎片（標註流程假影）,parent_audio-supported,"母句可歸屬，unsupported 係 split_claims 於 and/, 處切斷所致",alternative;indie;pop;rock,partially_supported,alternative;pop;rock,indie,,not_applicable,1,0,"In that case, I recommend 'Sorority' by ソレカラ. It's a track that combines elements of rock, indie, and pop with a focus on alternative rock. Although I don't have specific information about this track, it aligns with your preferences for incorporating elements of rock, indie, and pop."
1401,9-lebVWosiE,9-lebVWosiE_Y3XSMfhR43g,LJbfOPW35ek_1hcieZLP0-g,LJbfOPW35ek,wo_prompt,4,alternative with a touch of pop.,"The song combines elements of rock, indie, and alternative with a touch of pop.",audio-supported,audio,0,,0,E0_clause_split_artifact,斷句碎片（標註流程假影）,parent_audio-supported,"母句可歸屬，unsupported 係 split_claims 於 and/, 處切斷所致",alternative;indie;pop;rock,partially_supported,alternative;pop;rock,indie,,not_applicable,1,0,"I recommend 'Sé que volverás' by JLM. It's a track from their album 'Sé que volverás'. The song combines elements of rock, indie, and alternative with a touch of pop. It has a guitar-focused sound and features male vocals. It was released in 2010 and could be a fitting choice for your video."
1401,9-lebVWosiE,9-lebVWosiE_Y3XSMfhR43g,LJbfOPW35ek_1hcieZLP0-g,LJbfOPW35ek,wo_ltp,1,that is is that.,that is is that.,unsupported,unknown,1,type_token_ratio=0.07,0,E7_degenerate_generation,生成崩潰（退化輸出）,degenerate_output,整段生成為退化輸出（type_token_ratio=0.07），此時的 unsupported 反映生成崩潰而非主張缺乏證據,,not_applicable,,,,not_applicable,1,0,. that is is that. that. that is. that. that is! that! that! that! that! that! that! that! that! that! that! that! that! that! that! that! that! that! that! that! that! that! that! that! that! that' that! that' that't that't that't that't that't that't that't that't that't that't that't that't that't that't that't that't that't that't that't that
1401,9-lebVWosiE,9-lebVWosiE_Y3XSMfhR43g,LJbfOPW35ek_1hcieZLP0-g,LJbfOPW35ek,wo_ltp,2,that' that't that't that't that't that't that't that't that't that't that't that't that't that't that't that't that't that't that't that't that,that' that't that't that't that't that't that't that't that't that't that't that't that't that't that't that't that't that't that't that't that,unsupported,unknown,1,type_token_ratio=0.07,0,E7_degenerate_generation,生成崩潰（退化輸出）,degenerate_output,整段生成為退化輸出（type_token_ratio=0.07），此時的 unsupported 反映生成崩潰而非主張缺乏證據,,not_applicable,,,,not_applicable,1,0,. that is is that. that. that is. that. that is! that! that! that! that! that! that! that! that! that! that! that! that! that! that! that! that! that! that! that! that! that! that! that! that! that' that! that' that't that't that't that't that't that't that't that't that't that't that't that't that't that't that't that't that't that't that't that
1434,Gzse71YV_-Q,Gzse71YV_-Q_dGe3HxoH1nM,Gzse71YV_-Q_dGe3HxoH1nM,Gzse71YV_-Q,wo_audio_feature_only,2,It's a track that combines elements of funk,It's a track that combines elements of funk and dance in the music.,audio-supported,audio,0,,1,E0_clause_split_artifact,斷句碎片（標註流程假影）,parent_audio-supported,"母句可歸屬，unsupported 係 split_claims 於 and/, 處切斷所致",dance,supported,dance,,,not_applicable,1,0,"Certainly, I recommend 'Funny How You Doin't' by LMFA. It's a track that combines elements of funk and dance in the music. Although I don't have specific information about this track, it aligns with your preferences for a track that combines elements of funk and dance in the music."
1434,Gzse71YV_-Q,Gzse71YV_-Q_dGe3HxoH1nM,Gzse71YV_-Q_dGe3HxoH1nM,Gzse71YV_-Q,wo_audio_feature_only,3,dance in the music.,It's a track that combines elements of funk and dance in the music.,audio-supported,audio,0,,0,E0_clause_split_artifact,斷句碎片（標註流程假影）,parent_audio-supported,"母句可歸屬，unsupported 係 split_claims 於 and/, 處切斷所致",dance,supported,dance,,,not_applicable,1,0,"Certainly, I recommend 'Funny How You Doin't' by LMFA. It's a track that combines elements of funk and dance in the music. Although I don't have specific information about this track, it aligns with your preferences for a track that combines elements of funk and dance in the music."
1434,Gzse71YV_-Q,Gzse71YV_-Q_dGe3HxoH1nM,Gzse71YV_-Q_dGe3HxoH1nM,Gzse71YV_-Q,wo_audio_feature_only,5,dance in the music.,It's a track that combines elements of funk and dance in the music.,audio-supported,audio,0,,0,E0_clause_split_artifact,斷句碎片（標註流程假影）,parent_audio-supported,"母句可歸屬，unsupported 係 split_claims 於 and/, 處切斷所致",dance,supported,dance,,,not_applicable,1,0,"Certainly, I recommend 'Funny How You Doin't' by LMFA. It's a track that combines elements of funk and dance in the music. Although I don't have specific information about this track, it aligns with your preferences for a track that combines elements of funk and dance in the music."
1434,Gzse71YV_-Q,Gzse71YV_-Q_dGe3HxoH1nM,Gzse71YV_-Q_dGe3HxoH1nM,Gzse71YV_-Q,wo_audio_all,1,I suggest checking out 'Funny How I Met Your Mother's Music Video'.,I suggest checking out 'Funny How I Met Your Mother's Music Video'.,unsupported,unknown,0,,0,E6_likely_hallucination,可能幻覺,named_entity_absent_from_all_evidence,引號名稱 ['Funny How I Met Your Mother'] 未見於管線內證據與外部 metadata；屬具體可查證卻查無支持者，列為可能幻覺並送人工複核,,not_applicable,,,Funny How I Met Your Mother,not_found,1,1,"I suggest checking out 'Funny How I Met Your Mother's Music Video'. It's a track that combines elements of hip-hop, electronic, dance, and pop with a touch of funk and dance. Although I don't have much information about this specific track, it might be worth exploring as it aligns with the genres you mentioned."
1434,Gzse71YV_-Q,Gzse71YV_-Q_dGe3HxoH1nM,Gzse71YV_-Q_dGe3HxoH1nM,Gzse71YV_-Q,wo_audio_all,3,pop with a touch of funk,"It's a track that combines elements of hip-hop, electronic, dance, and pop with a touch of funk and dance.",audio-supported,audio,0,,1,E0_clause_split_artifact,斷句碎片（標註流程假影）,parent_audio-supported,"母句可歸屬，unsupported 係 split_claims 於 and/, 處切斷所致",dance;electronic;hip-hop;pop,partially_supported,dance;hip-hop;pop,electronic,,not_applicable,1,0,"I suggest checking out 'Funny How I Met Your Mother's Music Video'. It's a track that combines elements of hip-hop, electronic, dance, and pop with a touch of funk and dance. Although I don't have much information about this specific track, it might be worth exploring as it aligns with the genres you mentioned."
1434,Gzse71YV_-Q,Gzse71YV_-Q_dGe3HxoH1nM,Gzse71YV_-Q_dGe3HxoH1nM,Gzse71YV_-Q,wo_audio_all,4,"Although I don't have much information about this specific track, it might be worth exploring as it aligns with the genres you mentioned.","Although I don't have much information about this specific track, it might be worth exploring as it aligns with the genres you mentioned.",unsupported,unknown,0,,0,E6_likely_hallucination,可能幻覺,unclassified_specific_claim,具體主張但未命中任何證據來源,,not_applicable,,,,not_applicable,1,1,"I suggest checking out 'Funny How I Met Your Mother's Music Video'. It's a track that combines elements of hip-hop, electronic, dance, and pop with a touch of funk and dance. Although I don't have much information about this specific track, it might be worth exploring as it aligns with the genres you mentioned."
1434,Gzse71YV_-Q,Gzse71YV_-Q_dGe3HxoH1nM,Gzse71YV_-Q_dGe3HxoH1nM,Gzse71YV_-Q,wo_ltp,1,"th, this is that is that.","th, this is that is that.",unsupported,unknown,1,type_token_ratio=0.06,0,E7_degenerate_generation,生成崩潰（退化輸出）,degenerate_output,整段生成為退化輸出（type_token_ratio=0.06），此時的 unsupported 反映生成崩潰而非主張缺乏證據,,not_applicable,,,,not_applicable,1,0,"th, this is that is that.
this, that, that, that, that, that, that, that, that, that, that, that, that, that, that, that, that, that, that, that, that, that, that, that, that, that, that, that, that, that, that, that, that, that, that, that, that, that, that, that, that, that, that, that, that, that, that, that, that, that, that, that, that, that, that, that, that, that, that,"
1434,Gzse71YV_-Q,Gzse71YV_-Q_dGe3HxoH1nM,Gzse71YV_-Q_dGe3HxoH1nM,Gzse71YV_-Q,wo_ltp,2,"this, that, that, that, that, that, that, that, that, that, that, that, that, that, that, that, that, that, that, that, that, that, that, that, that, that, that, that, that, that, that, that, that, that, that, that, that, that, that, that, that, that, that, that, that, that, that, that, that, that, that, that, that, that, that, that, that, that, that","this, that, that, that, that, that, that, that, that, that, that, that, that, that, that, that, that, that, that, that, that, that, that, that, that, that, that, that, that, that, that, that, that, that, that, that, that, that, that, that, that, that, that, that, that, that, that, that, that, that, that, that, that, that, that, that, that, that, that,",unsupported,unknown,1,type_token_ratio=0.06,0,E7_degenerate_generation,生成崩潰（退化輸出）,degenerate_output,整段生成為退化輸出（type_token_ratio=0.06），此時的 unsupported 反映生成崩潰而非主張缺乏證據,,not_applicable,,,,not_applicable,1,0,"th, this is that is that.
this, that, that, that, that, that, that, that, that, that, that, that, that, that, that, that, that, that, that, that, that, that, that, that, that, that, that, that, that, that, that, that, that, that, that, that, that, that, that, that, that, that, that, that, that, that, that, that, that, that, that, that, that, that, that, that, that, that, that,"
1455,XXgtN7TA1V8,XXgtN7TA1V8_LqTg77a6R9I,XXgtN7TA1V8_LqTg77a6R9I,XXgtN7TA1V8,full,2,This track has a strong Hip-Hop,"This track has a strong Hip-Hop and R&B influence, along with ambient elements.",audio-supported,audio,0,,1,E0_clause_split_artifact,斷句碎片（標註流程假影）,parent_audio-supported,"母句可歸屬，unsupported 係 split_claims 於 and/, 處切斷所致",ambient;hip-hop;r&b,supported,ambient;hip-hop;r&b,,,not_applicable,1,0,"In that case, I would recommend 'Дежавю' by Just name. This track has a strong Hip-Hop and R&B influence, along with ambient elements. It's part of the album 'Дежавю' and offers a unique blend of genres that will add depth and emotion to your video."
1455,XXgtN7TA1V8,XXgtN7TA1V8_LqTg77a6R9I,XXgtN7TA1V8_LqTg77a6R9I,XXgtN7TA1V8,full,5,offers a unique blend of genres that will add depth,It's part of the album 'Дежавю' and offers a unique blend of genres that will add depth and emotion to your video.,metadata-supported,metadata,0,,1,E0_clause_split_artifact,斷句碎片（標註流程假影）,parent_metadata-supported,"母句可歸屬，unsupported 係 split_claims 於 and/, 處切斷所致",,not_applicable,,,Дежавю,supported,1,0,"In that case, I would recommend 'Дежавю' by Just name. This track has a strong Hip-Hop and R&B influence, along with ambient elements. It's part of the album 'Дежавю' and offers a unique blend of genres that will add depth and emotion to your video."
1455,XXgtN7TA1V8,XXgtN7TA1V8_LqTg77a6R9I,XXgtN7TA1V8_LqTg77a6R9I,XXgtN7TA1V8,full,6,emotion to your video.,It's part of the album 'Дежавю' and offers a unique blend of genres that will add depth and emotion to your video.,metadata-supported,metadata,0,,0,E0_clause_split_artifact,斷句碎片（標註流程假影）,parent_metadata-supported,"母句可歸屬，unsupported 係 split_claims 於 and/, 處切斷所致",,not_applicable,,,Дежавю,supported,1,0,"In that case, I would recommend 'Дежавю' by Just name. This track has a strong Hip-Hop and R&B influence, along with ambient elements. It's part of the album 'Дежавю' and offers a unique blend of genres that will add depth and emotion to your video."
1455,XXgtN7TA1V8,XXgtN7TA1V8_LqTg77a6R9I,XXgtN7TA1V8_LqTg77a6R9I,XXgtN7TA1V8,wo_video,2,This track has a Hip-Hop,"This track has a Hip-Hop and R&B influence, along with ambient elements.",audio-supported,audio,0,,1,E0_clause_split_artifact,斷句碎片（標註流程假影）,parent_audio-supported,"母句可歸屬，unsupported 係 split_claims 於 and/, 處切斷所致",ambient;hip-hop;r&b,supported,ambient;hip-hop;r&b,,,not_applicable,1,0,"In that case, I would recommend 'Just name - Dejavu'. This track has a Hip-Hop and R&B influence, along with ambient elements. It's a great choice for your video."
1455,XXgtN7TA1V8,XXgtN7TA1V8_LqTg77a6R9I,XXgtN7TA1V8_LqTg77a6R9I,XXgtN7TA1V8,wo_audio_feature_only,2,This track has a hip-hop,"This track has a hip-hop and R&B vibe, along with ambient elements.",unsupported,unknown,0,,1,E0b_rule_miss_verified,規則漏判但有證據支持,genre_claim_verified_by_tags,曲風敘述可由 musicnn 標籤／參考文本支持；v2 因 GENRE_TERMS 需搭配 anchor 詞才計為 audio 而漏判,ambient;hip-hop;r&b,supported,ambient;hip-hop;r&b,,,not_applicable,1,0,"In that case, I would recommend 'Стары' by Стары. This track has a hip-hop and R&B vibe, along with ambient elements. It falls under the genres of hip-hop, R&B, and ambient. It has a mix of electronic and rock elements, which could be a fitting choice for your video."
1455,XXgtN7TA1V8,XXgtN7TA1V8_LqTg77a6R9I,XXgtN7TA1V8_LqTg77a6R9I,XXgtN7TA1V8,wo_audio_feature_only,3,"R&B vibe, along with ambient elements.","This track has a hip-hop and R&B vibe, along with ambient elements.",unsupported,unknown,0,,0,E0b_rule_miss_verified,規則漏判但有證據支持,genre_claim_verified_by_tags,曲風敘述可由 musicnn 標籤／參考文本支持；v2 因 GENRE_TERMS 需搭配 anchor 詞才計為 audio 而漏判,ambient;hip-hop;r&b,supported,ambient;hip-hop;r&b,,,not_applicable,1,0,"In that case, I would recommend 'Стары' by Стары. This track has a hip-hop and R&B vibe, along with ambient elements. It falls under the genres of hip-hop, R&B, and ambient. It has a mix of electronic and rock elements, which could be a fitting choice for your video."
1455,XXgtN7TA1V8,XXgtN7TA1V8_LqTg77a6R9I,XXgtN7TA1V8_LqTg77a6R9I,XXgtN7TA1V8,wo_audio_feature_only,5,It has a mix of electronic,"It has a mix of electronic and rock elements, which could be a fitting choice for your video.",general-supported,general,0,,1,E0_clause_split_artifact,斷句碎片（標註流程假影）,parent_general-supported,"母句可歸屬，unsupported 係 split_claims 於 and/, 處切斷所致",electronic;rock,supported,electronic;rock,,,not_applicable,1,0,"In that case, I would recommend 'Стары' by Стары. This track has a hip-hop and R&B vibe, along with ambient elements. It falls under the genres of hip-hop, R&B, and ambient. It has a mix of electronic and rock elements, which could be a fitting choice for your video."
1455,XXgtN7TA1V8,XXgtN7TA1V8_LqTg77a6R9I,XXgtN7TA1V8_LqTg77a6R9I,XXgtN7TA1V8,wo_ltp,1,is is is is that.,is is is is that.,unsupported,unknown,1,type_token_ratio=0.14,0,E7_degenerate_generation,生成崩潰（退化輸出）,degenerate_output,整段生成為退化輸出（type_token_ratio=0.14），此時的 unsupported 反映生成崩潰而非主張缺乏證據,,not_applicable,,,,not_applicable,1,0,". is is is is that. I is is. I is. I is. I is. I is. I's. I's. I's. I's. I's. I's. I's. I's. I's. I's. I's. I's. I's.t's.t's,t's,t's,t's,t's,t't,t,t,t,t,t,t,t,t,t,t,t,t,t"
1463,reOgdkVqjsg,reOgdkVqjsg_sSInpse53Tk,Yt6e53kClkw_6jaYw_6IbxU,Yt6e53kClkw,wo_prompt,2,This track has a rock,This track has a rock and indie sound with alternative and pop influences.,audio-supported,audio,0,,1,E0_clause_split_artifact,斷句碎片（標註流程假影）,parent_audio-supported,"母句可歸屬，unsupported 係 split_claims 於 and/, 處切斷所致",alternative;indie;pop;rock,supported,alternative;indie;pop;rock,,,not_applicable,1,0,"In that case, I would recommend 'Sunshine' by The Stereo. This track has a rock and indie sound with alternative and pop influences. It features guitar and male vocals, which add a unique touch to the music. It's a great choice for your video."
1463,reOgdkVqjsg,reOgdkVqjsg_sSInpse53Tk,Yt6e53kClkw_6jaYw_6IbxU,Yt6e53kClkw,wo_ltp,1,and is is for.,and is is for.,unsupported,unknown,1,type_token_ratio=0.06,0,E7_degenerate_generation,生成崩潰（退化輸出）,degenerate_output,整段生成為退化輸出（type_token_ratio=0.06），此時的 unsupported 反映生成崩潰而非主張缺乏證據,,not_applicable,,,,not_applicable,1,0,. and is is. and is is for. and is. and is. and. and is. and. and. and it is. and. and. and. and. and. and. and. and. and. and. and. and. and. and. and. and. and. and. and. and. and. and. and. and. and. and. and. and. and. and. and. and. and. and. and. and. and. and. and. and. and. and. and. and. and. and. and. and. and. and
1489,8Ej4PzaoqpU,8Ej4PzaoqpU_A84hNilKxFM,ao5fwaUbDx8_cakHbZlc4aw,ao5fwaUbDx8,full,5,will add a dynamic,It's a perfect fit for your video and will add a dynamic and energetic vibe to your visuals.,video-supported,video,0,,1,E0_clause_split_artifact,斷句碎片（標註流程假影）,parent_video-supported,"母句可歸屬，unsupported 係 split_claims 於 and/, 處切斷所致",,not_applicable,,,,not_applicable,1,0,"In that case, I would recommend 'Maxin' by Wes Krave. This track has a strong electronic influence and combines elements of Hip-Hop, R&B, dance, and ambient. It's a perfect fit for your video and will add a dynamic and energetic vibe to your visuals."
1489,8Ej4PzaoqpU,8Ej4PzaoqpU_A84hNilKxFM,ao5fwaUbDx8_cakHbZlc4aw,ao5fwaUbDx8,wo_audio_all,2,This track has a dance vibe that will bring the party to life.,This track has a dance vibe that will bring the party to life.,unsupported,unknown,0,,0,E2_metadata_unsupported,音樂元資料不支持,genre_not_found,曲風 ['dance'] 未見於任何證據來源（標籤有雜訊，故列為不支持而非幻覺）,dance,not_found,,dance,,not_applicable,1,1,"In that case, I would recommend 'Dancehall - The Ambient & Dancehall Remix. This track has a dance vibe that will bring the party to life. It's a remix of the original track 'Dancehall' by DJ Drama. It's a blend of Hip-Hop, electronic, dance, pop, and rock genres, with a focus on dance and electronic beats. It's perfect for creating an energetic and lively atmosphere at your party."
1489,8Ej4PzaoqpU,8Ej4PzaoqpU_A84hNilKxFM,ao5fwaUbDx8_cakHbZlc4aw,ao5fwaUbDx8,wo_ltp,1,<EMPTY_GENERATION>,<EMPTY_GENERATION>,unsupported,unknown,1,too_few_tokens=0,0,E7_degenerate_generation,生成崩潰（退化輸出）,degenerate_output,整段生成為退化輸出（too_few_tokens=0），此時的 unsupported 反映生成崩潰而非主張缺乏證據,,not_applicable,,,,not_applicable,1,0,1010111111111111111111111111111111111111111111111111111111111111111111111111111111111111111111111111111111111111111111111111111
1509,rVO2byp-tWg,rVO2byp-tWg_m0YLOxKlURQ,klRiLwV41-M_wXoa8z07SLM,klRiLwV41-M,full,2,This track has a mainstream,"This track has a mainstream and contemporary sound, with a female vocalist.",audio-supported,audio,0,,1,E0_clause_split_artifact,斷句碎片（標註流程假影）,parent_audio-supported,"母句可歸屬，unsupported 係 split_claims 於 and/, 處切斷所致",,not_applicable,,,,not_applicable,1,0,"In that case, I would recommend 'Hüftgold' by Miss Platnum feat. 257. This track has a mainstream and contemporary sound, with a female vocalist. It falls under the genres of pop, electronic, and R&B, which will give your video a catchy and modern vibe."
1509,rVO2byp-tWg,rVO2byp-tWg_m0YLOxKlURQ,klRiLwV41-M_wXoa8z07SLM,klRiLwV41-M,full,5,"R&B, which will give your video a catchy","It falls under the genres of pop, electronic, and R&B, which will give your video a catchy and modern vibe.",audio-supported,audio,0,,1,E0_clause_split_artifact,斷句碎片（標註流程假影）,parent_audio-supported,"母句可歸屬，unsupported 係 split_claims 於 and/, 處切斷所致",electronic;pop;r&b,supported,electronic;pop;r&b,,,not_applicable,1,0,"In that case, I would recommend 'Hüftgold' by Miss Platnum feat. 257. This track has a mainstream and contemporary sound, with a female vocalist. It falls under the genres of pop, electronic, and R&B, which will give your video a catchy and modern vibe."
1509,rVO2byp-tWg,rVO2byp-tWg_m0YLOxKlURQ,klRiLwV41-M_wXoa8z07SLM,klRiLwV41-M,wo_video,2,This track has a mainstream,"This track has a mainstream and contemporary sound, and it features a female vocalist.",audio-supported,audio,0,,1,E0_clause_split_artifact,斷句碎片（標註流程假影）,parent_audio-supported,"母句可歸屬，unsupported 係 split_claims 於 and/, 處切斷所致",,not_applicable,,,,not_applicable,1,0,"In that case, I would recommend 'Hüftgold by Miss Platnum feat'. This track has a mainstream and contemporary sound, and it features a female vocalist. It's part of the album 'Hüftgold by Miss Platnum feat'."
1509,rVO2byp-tWg,rVO2byp-tWg_m0YLOxKlURQ,klRiLwV41-M_wXoa8z07SLM,klRiLwV41-M,wo_audio_feature_only,2,It's a track from the 2014 movie 'Love Me Like You'.,It's a track from the 2014 movie 'Love Me Like You'.,unsupported,unknown,0,,0,E6_likely_hallucination,可能幻覺,named_entity_absent_from_all_evidence,引號名稱 ['Love Me Like You'] 未見於管線內證據與外部 metadata；屬具體可查證卻查無支持者，列為可能幻覺並送人工複核,,not_applicable,,,Love Me Like You,not_found,1,1,"In that case, I would recommend 'Love Me Like You' by Meghan Trainor. It's a track from the 2014 movie 'Love Me Like You'. This track combines elements of pop, rock, and dance with a female vocalist. It has a mainstream and contemporary sound, which aligns with your preferences."
1509,rVO2byp-tWg,rVO2byp-tWg_m0YLOxKlURQ,klRiLwV41-M_wXoa8z07SLM,klRiLwV41-M,wo_audio_feature_only,5,It has a mainstream,"It has a mainstream and contemporary sound, which aligns with your preferences.",preference-supported,preference,0,,1,E0_clause_split_artifact,斷句碎片（標註流程假影）,parent_preference-supported,"母句可歸屬，unsupported 係 split_claims 於 and/, 處切斷所致",,not_applicable,,,,not_applicable,1,0,"In that case, I would recommend 'Love Me Like You' by Meghan Trainor. It's a track from the 2014 movie 'Love Me Like You'. This track combines elements of pop, rock, and dance with a female vocalist. It has a mainstream and contemporary sound, which aligns with your preferences."
1509,rVO2byp-tWg,rVO2byp-tWg_m0YLOxKlURQ,klRiLwV41-M_wXoa8z07SLM,klRiLwV41-M,wo_audio_all,2,This track has a mainstream,This track has a mainstream and contemporary sound with a female vocalist.,audio-supported,audio,0,,1,E0_clause_split_artifact,斷句碎片（標註流程假影）,parent_audio-supported,"母句可歸屬，unsupported 係 split_claims 於 and/, 處切斷所致",,not_applicable,,,,not_applicable,1,0,"In that case, I would recommend 'Love Me Like I Love You' by Carly Rae Jeps. This track has a mainstream and contemporary sound with a female vocalist. It's a pop and indie rock song that will resonate with your audience. It's a great choice for your video."
1509,rVO2byp-tWg,rVO2byp-tWg_m0YLOxKlURQ,klRiLwV41-M_wXoa8z07SLM,klRiLwV41-M,wo_audio_all,4,indie rock song that will resonate with your audience.,It's a pop and indie rock song that will resonate with your audience.,unsupported,unknown,0,,0,E2_metadata_unsupported,音樂元資料不支持,genre_partially_supported,"部分曲風查無支持：['indie', 'rock']（musicnn 標籤有雜訊，查無支持不等於事實錯誤）",indie;pop;rock,partially_supported,pop,indie;rock,,not_applicable,1,1,"In that case, I would recommend 'Love Me Like I Love You' by Carly Rae Jeps. This track has a mainstream and contemporary sound with a female vocalist. It's a pop and indie rock song that will resonate with your audience. It's a great choice for your video."
1509,rVO2byp-tWg,rVO2byp-tWg_m0YLOxKlURQ,klRiLwV41-M_wXoa8z07SLM,klRiLwV41-M,wo_prompt,3,The song has a dance,"The song has a dance and indie influence, which aligns well with the energetic and vibrant vibe you're looking for in your video.",prompt-supported,prompt,0,,1,E0_clause_split_artifact,斷句碎片（標註流程假影）,parent_prompt-supported,"母句可歸屬，unsupported 係 split_claims 於 and/, 處切斷所致",dance;indie,partially_supported,dance,indie,,not_applicable,1,0,"I recommend 'Hüftgold' by Miss Platnum feat. It's a pop and electronic track with female vocals. The song has a dance and indie influence, which aligns well with the energetic and vibrant vibe you're looking for in your video."
1509,rVO2byp-tWg,rVO2byp-tWg_m0YLOxKlURQ,klRiLwV41-M_wXoa8z07SLM,klRiLwV41-M,wo_ltp,1,is is is is that is is for that is for.,is is is is that is is for that is for.,unsupported,unknown,1,type_token_ratio=0.06,0,E7_degenerate_generation,生成崩潰（退化輸出）,degenerate_output,整段生成為退化輸出（type_token_ratio=0.06），此時的 unsupported 反映生成崩潰而非主張缺乏證據,,not_applicable,,,,not_applicable,1,0,is is is is that is is for that is for. that is for that is for. for. that is for. for a lot for a lot. for a lot. for a lot. for a day. for a day. for a day. for a day. for a day. for a day. for a day. for a day. for a day. a day. a day. a day a day. a day a day a day a day a day a day a day a day a day a day a day a day a day a day a day a day a day a day a day a day a
1509,rVO2byp-tWg,rVO2byp-tWg_m0YLOxKlURQ,klRiLwV41-M_wXoa8z07SLM,klRiLwV41-M,wo_ltp,2,that is for that is for.,that is for that is for.,unsupported,unknown,1,type_token_ratio=0.06,0,E7_degenerate_generation,生成崩潰（退化輸出）,degenerate_output,整段生成為退化輸出（type_token_ratio=0.06），此時的 unsupported 反映生成崩潰而非主張缺乏證據,,not_applicable,,,,not_applicable,1,0,is is is is that is is for that is for. that is for that is for. for. that is for. for a lot for a lot. for a lot. for a lot. for a day. for a day. for a day. for a day. for a day. for a day. for a day. for a day. for a day. a day. a day. a day a day. a day a day a day a day a day a day a day a day a day a day a day a day a day a day a day a day a day a day a day a day a
1509,rVO2byp-tWg,rVO2byp-tWg_m0YLOxKlURQ,klRiLwV41-M_wXoa8z07SLM,klRiLwV41-M,wo_ltp,3,for a lot for a lot.,for a lot for a lot.,unsupported,unknown,1,type_token_ratio=0.06,0,E7_degenerate_generation,生成崩潰（退化輸出）,degenerate_output,整段生成為退化輸出（type_token_ratio=0.06），此時的 unsupported 反映生成崩潰而非主張缺乏證據,,not_applicable,,,,not_applicable,1,0,is is is is that is is for that is for. that is for that is for. for. that is for. for a lot for a lot. for a lot. for a lot. for a day. for a day. for a day. for a day. for a day. for a day. for a day. for a day. for a day. a day. a day. a day a day. a day a day a day a day a day a day a day a day a day a day a day a day a day a day a day a day a day a day a day a day a
1509,rVO2byp-tWg,rVO2byp-tWg_m0YLOxKlURQ,klRiLwV41-M_wXoa8z07SLM,klRiLwV41-M,wo_ltp,4,a day a day.,a day a day.,unsupported,unknown,1,type_token_ratio=0.06,0,E7_degenerate_generation,生成崩潰（退化輸出）,degenerate_output,整段生成為退化輸出（type_token_ratio=0.06），此時的 unsupported 反映生成崩潰而非主張缺乏證據,,not_applicable,,,,not_applicable,1,0,is is is is that is is for that is for. that is for that is for. for. that is for. for a lot for a lot. for a lot. for a lot. for a day. for a day. for a day. for a day. for a day. for a day. for a day. for a day. for a day. a day. a day. a day a day. a day a day a day a day a day a day a day a day a day a day a day a day a day a day a day a day a day a day a day a day a
1509,rVO2byp-tWg,rVO2byp-tWg_m0YLOxKlURQ,klRiLwV41-M_wXoa8z07SLM,klRiLwV41-M,wo_ltp,5,a day a day a day a day a day a day a day a day a day a day a day a day a day a day a day a day a day a day a day a day a,a day a day a day a day a day a day a day a day a day a day a day a day a day a day a day a day a day a day a day a day a,unsupported,unknown,1,type_token_ratio=0.06,0,E7_degenerate_generation,生成崩潰（退化輸出）,degenerate_output,整段生成為退化輸出（type_token_ratio=0.06），此時的 unsupported 反映生成崩潰而非主張缺乏證據,,not_applicable,,,,not_applicable,1,0,is is is is that is is for that is for. that is for that is for. for. that is for. for a lot for a lot. for a lot. for a lot. for a day. for a day. for a day. for a day. for a day. for a day. for a day. for a day. for a day. a day. a day. a day a day. a day a day a day a day a day a day a day a day a day a day a day a day a day a day a day a day a day a day a day a day a
1528,lXhW9YQhkEU,lXhW9YQhkEU_tGlKac8RVS4,lXhW9YQhkEU_tGlKac8RVS4,lXhW9YQhkEU,full,2,It's an electronic track with elements of rock,It's an electronic track with elements of rock and 80s music.,unsupported,unknown,0,,1,E0b_rule_miss_verified,規則漏判但有證據支持,genre_claim_verified_by_tags,曲風敘述可由 musicnn 標籤／參考文本支持；v2 因 GENRE_TERMS 需搭配 anchor 詞才計為 audio 而漏判,electronic;rock,supported,electronic;rock,,,not_applicable,1,0,Certainly! How about 'Morning Sun' by Strange Talk? It's an electronic track with elements of rock and 80s music. The song has a fast-paced techno sound and features male vocals. It could add a unique and nostalgic touch to your video.
1528,lXhW9YQhkEU,lXhW9YQhkEU_tGlKac8RVS4,lXhW9YQhkEU_tGlKac8RVS4,lXhW9YQhkEU,full,4,It could add a unique,It could add a unique and nostalgic touch to your video.,unsupported,unknown,0,,1,E4_vague_generic,一般性空泛描述／主觀陳述,subjective_statement,泛用效用或主觀陳述，本質上不具可驗證性,,not_applicable,,,,not_applicable,1,0,Certainly! How about 'Morning Sun' by Strange Talk? It's an electronic track with elements of rock and 80s music. The song has a fast-paced techno sound and features male vocals. It could add a unique and nostalgic touch to your video.
1528,lXhW9YQhkEU,lXhW9YQhkEU_tGlKac8RVS4,lXhW9YQhkEU_tGlKac8RVS4,lXhW9YQhkEU,full,5,nostalgic touch to your video.,It could add a unique and nostalgic touch to your video.,unsupported,unknown,0,,0,E4_vague_generic,一般性空泛描述／主觀陳述,subjective_statement,泛用效用或主觀陳述，本質上不具可驗證性,,not_applicable,,,,not_applicable,1,0,Certainly! How about 'Morning Sun' by Strange Talk? It's an electronic track with elements of rock and 80s music. The song has a fast-paced techno sound and features male vocals. It could add a unique and nostalgic touch to your video.
1528,lXhW9YQhkEU,lXhW9YQhkEU_tGlKac8RVS4,lXhW9YQhkEU_tGlKac8RVS4,lXhW9YQhkEU,wo_video,2,It's an electronic track with 80s,It's an electronic track with 80s and rock influences.,audio-supported,audio,0,,1,E0_clause_split_artifact,斷句碎片（標註流程假影）,parent_audio-supported,"母句可歸屬，unsupported 係 split_claims 於 and/, 處切斷所致",electronic;rock,supported,electronic;rock,,,not_applicable,1,0,"Certainly! How about 'Morning Sun' by Strange Talk? It's an electronic track with 80s and rock influences. Although I don't have much information about this track, it seems to align well with your preferences."
1528,lXhW9YQhkEU,lXhW9YQhkEU_tGlKac8RVS4,lXhW9YQhkEU_tGlKac8RVS4,lXhW9YQhkEU,wo_audio_feature_only,4,80s with a focus on electronic,"It's a track that combines elements of rock, electronic, and 80s with a focus on electronic and 80s influences.",audio-supported,audio,0,,1,E0_clause_split_artifact,斷句碎片（標註流程假影）,parent_audio-supported,"母句可歸屬，unsupported 係 split_claims 於 and/, 處切斷所致",electronic;rock,supported,electronic;rock,,,not_applicable,1,0,"I apologize for my previous recommendation. How about I suggest you consider 'The Strange Talk' by Strange Talk. It's a track that combines elements of rock, electronic, and 80s with a focus on electronic and 80s influences. It has a techno-paradigmatic narrative style that could be a fitting choice for your video."
1528,lXhW9YQhkEU,lXhW9YQhkEU_tGlKac8RVS4,lXhW9YQhkEU_tGlKac8RVS4,lXhW9YQhkEU,wo_audio_all,4,80s with a touch of electronic,"It's an electronic track that combines elements of rock, pop, and 80s with a touch of electronic and 80s influences.",audio-supported,audio,0,,1,E0_clause_split_artifact,斷句碎片（標註流程假影）,parent_audio-supported,"母句可歸屬，unsupported 係 split_claims 於 and/, 處切斷所致",electronic;pop;rock,supported,electronic;pop;rock,,,not_applicable,1,0,"Certainly, I recommend 'Electronic and 80s Influences' by The Chainsmokers. It's an electronic track that combines elements of rock, pop, and 80s with a touch of electronic and 80s influences. It has a fast-paced techno-beat and a catchy title that will appeal to fans of electronic and 80s influences."
1528,lXhW9YQhkEU,lXhW9YQhkEU_tGlKac8RVS4,lXhW9YQhkEU_tGlKac8RVS4,lXhW9YQhkEU,wo_audio_all,6,a catchy title that will appeal to fans of electronic,It has a fast-paced techno-beat and a catchy title that will appeal to fans of electronic and 80s influences.,audio-supported,audio,0,,1,E0_clause_split_artifact,斷句碎片（標註流程假影）,parent_audio-supported,"母句可歸屬，unsupported 係 split_claims 於 and/, 處切斷所致",electronic,supported,electronic,,,not_applicable,1,0,"Certainly, I recommend 'Electronic and 80s Influences' by The Chainsmokers. It's an electronic track that combines elements of rock, pop, and 80s with a touch of electronic and 80s influences. It has a fast-paced techno-beat and a catchy title that will appeal to fans of electronic and 80s influences."
1528,lXhW9YQhkEU,lXhW9YQhkEU_tGlKac8RVS4,lXhW9YQhkEU_tGlKac8RVS4,lXhW9YQhkEU,wo_prompt,4,It has a catchy,It has a catchy and upbeat sound that would be perfect for your video.,audio-supported,audio,0,,1,E0_clause_split_artifact,斷句碎片（標註流程假影）,parent_audio-supported,"母句可歸屬，unsupported 係 split_claims 於 and/, 處切斷所致",,not_applicable,,,,not_applicable,1,0,"In that case, I would recommend 'Morning Sun' by Strange Talk. This track is from their album 'Morning Sun' and it falls under the electronic, dance, and pop genres. It has a catchy and upbeat sound that would be perfect for your video."
1528,lXhW9YQhkEU,lXhW9YQhkEU_tGlKac8RVS4,lXhW9YQhkEU_tGlKac8RVS4,lXhW9YQhkEU,wo_ltp,1,<EMPTY_GENERATION>,<EMPTY_GENERATION>,unsupported,unknown,1,type_token_ratio=0.02,0,E7_degenerate_generation,生成崩潰（退化輸出）,degenerate_output,整段生成為退化輸出（type_token_ratio=0.02），此時的 unsupported 反映生成崩潰而非主張缺乏證據,,not_applicable,,,,not_applicable,1,0,4th4th4th4th4th4th4th4th4th4th4th4th4th4th4th4th4th4th4th4th4th4th4th4th4th4th4th4th4th4th4th4th4th4th4th4th4th4th4th4th4th4th4th4th4th4th4th4th4th4th4th4th4th4th4th4th4th4th4th4th4th4th4th4th
1566,CXKRC8Bfy0M,CXKRC8Bfy0M_KJvt2xsg34s,CXKRC8Bfy0M_KJvt2xsg34s,CXKRC8Bfy0M,wo_audio_feature_only,2,It's a track from Mutya Buena's music.,It's a track from Mutya Buena's music.,unsupported,unknown,0,,0,E6_likely_hallucination,可能幻覺,unclassified_specific_claim,具體主張但未命中任何證據來源,,not_applicable,,,,not_applicable,1,1,"Allow me to recommend 'Mutya Buena' by Mutya Buena. It's a track from Mutya Buena's music. Although I don't have much information about this track, it falls under the dance and pop elements from Mutya Buena's music. It may contain the specific elements you are looking for."
1566,CXKRC8Bfy0M,CXKRC8Bfy0M_KJvt2xsg34s,CXKRC8Bfy0M_KJvt2xsg34s,CXKRC8Bfy0M,wo_audio_feature_only,4,pop elements from Mutya Buena's music.,"Although I don't have much information about this track, it falls under the dance and pop elements from Mutya Buena's music.",audio-supported,audio,0,,0,E0_clause_split_artifact,斷句碎片（標註流程假影）,parent_audio-supported,"母句可歸屬，unsupported 係 split_claims 於 and/, 處切斷所致",dance;pop,supported,dance;pop,,,not_applicable,1,0,"Allow me to recommend 'Mutya Buena' by Mutya Buena. It's a track from Mutya Buena's music. Although I don't have much information about this track, it falls under the dance and pop elements from Mutya Buena's music. It may contain the specific elements you are looking for."
1566,CXKRC8Bfy0M,CXKRC8Bfy0M_KJvt2xsg34s,CXKRC8Bfy0M_KJvt2xsg34s,CXKRC8Bfy0M,wo_ltp,1,that that that that that that?,that that that that that that?,unsupported,unknown,1,type_token_ratio=0.03,0,E7_degenerate_generation,生成崩潰（退化輸出）,degenerate_output,整段生成為退化輸出（type_token_ratio=0.03），此時的 unsupported 反映生成崩潰而非主張缺乏證據,,not_applicable,,,,not_applicable,1,0,"this. this is. this., that. this. that. that. that. that. that? that. that that? that that that that that that? that that that that that that that that that that that that that that that that that that that that that that that that that that that that that that that that that that that that that that that that that that that that that that that that that that that that that that that that that that that that that that that that that that that that that that that that that that that that that that that that that that that that that that that that that that that that that that"
1566,CXKRC8Bfy0M,CXKRC8Bfy0M_KJvt2xsg34s,CXKRC8Bfy0M_KJvt2xsg34s,CXKRC8Bfy0M,wo_ltp,2,that that that that that that that that that that that that that that that that that that that that that that that that that that that that that that that that that that that that that that that that that that that that that that that that that that that that that that that that that that that that that that that that that that that that that that that that that that that that that that that that that that that that that that that that that that that that that that,that that that that that that that that that that that that that that that that that that that that that that that that that that that that that that that that that that that that that that that that that that that that that that that that that that that that that that that that that that that that that that that that that that that that that that that that that that that that that that that that that that that that that that that that that that that that that that,unsupported,unknown,1,type_token_ratio=0.03,0,E7_degenerate_generation,生成崩潰（退化輸出）,degenerate_output,整段生成為退化輸出（type_token_ratio=0.03），此時的 unsupported 反映生成崩潰而非主張缺乏證據,,not_applicable,,,,not_applicable,1,0,"this. this is. this., that. this. that. that. that. that. that? that. that that? that that that that that that? that that that that that that that that that that that that that that that that that that that that that that that that that that that that that that that that that that that that that that that that that that that that that that that that that that that that that that that that that that that that that that that that that that that that that that that that that that that that that that that that that that that that that that that that that that that that that that"
1586,ssc67bXV6lU,ssc67bXV6lU_TxqJOm0601k,MCAC_K5WCrg_ANYiuQgLoJY,MCAC_K5WCrg,wo_video,3,funk with a touch of soul.,"It's a track that combines elements of hip-hop, electronic, and funk with a touch of soul.",audio-supported,audio,0,,0,E0_clause_split_artifact,斷句碎片（標註流程假影）,parent_audio-supported,"母句可歸屬，unsupported 係 split_claims 於 and/, 處切斷所致",electronic;hip-hop;soul,partially_supported,electronic;hip-hop,soul,,not_applicable,1,0,"Allow me to recommend 'Outkast' by Outkast. It's a track that combines elements of hip-hop, electronic, and funk with a touch of soul. Although I don't have much information about this track, it might be a fitting choice for your video."
1586,ssc67bXV6lU,ssc67bXV6lU_TxqJOm0601k,MCAC_K5WCrg_ANYiuQgLoJY,MCAC_K5WCrg,wo_ltp,1,"?t, that.t, that.t, that, that, that, that, that, that, that, that, that, that, that, that, that, that, that, that, that, that, that, that, that, that, that, that, that, that, that, that, that, that, that, that, that, that, that, that, that, that, that, that, that, that, that, that, that, that, that, that, that, that, that, that, that, that, that, that, that, that, that","?t, that.t, that.t, that, that, that, that, that, that, that, that, that, that, that, that, that, that, that, that, that, that, that, that, that, that, that, that, that, that, that, that, that, that, that, that, that, that, that, that, that, that, that, that, that, that, that, that, that, that, that, that, that, that, that, that, that, that, that, that, that, that, that",unsupported,unknown,1,type_token_ratio=0.03,0,E7_degenerate_generation,生成崩潰（退化輸出）,degenerate_output,整段生成為退化輸出（type_token_ratio=0.03），此時的 unsupported 反映生成崩潰而非主張缺乏證據,,not_applicable,,,,not_applicable,1,0,"?t, that.t, that.t, that, that, that, that, that, that, that, that, that, that, that, that, that, that, that, that, that, that, that, that, that, that, that, that, that, that, that, that, that, that, that, that, that, that, that, that, that, that, that, that, that, that, that, that, that, that, that, that, that, that, that, that, that, that, that, that, that, that, that"
1596,TIQC76MfPHQ,TIQC76MfPHQ_lzjELi7VPx0,jk6o2JBck3E_lu4R8ufjGZ0,jk6o2JBck3E,full,3,The song has a catchy,The song has a catchy and upbeat sound that could be a great fit for your video.,audio-supported,audio,0,,1,E0_clause_split_artifact,斷句碎片（標註流程假影）,parent_audio-supported,"母句可歸屬，unsupported 係 split_claims 於 and/, 處切斷所致",,not_applicable,,,,not_applicable,1,0,Certainly! How about 'Blah Blah Blah' by Ke$ha? It's a pop track with strong female vocals. The song has a catchy and upbeat sound that could be a great fit for your video. It's from the album 'Blah Blah Blah' and was released in 2010.
1596,TIQC76MfPHQ,TIQC76MfPHQ_lzjELi7VPx0,jk6o2JBck3E_lu4R8ufjGZ0,jk6o2JBck3E,wo_video,2,It's a pop track with electronic,It's a pop track with electronic and dance influences.,audio-supported,audio,0,,1,E0_clause_split_artifact,斷句碎片（標註流程假影）,parent_audio-supported,"母句可歸屬，unsupported 係 split_claims 於 and/, 處切斷所致",dance;electronic;pop,supported,dance;electronic;pop,,,not_applicable,1,0,Certainly! I recommend 'Blah Blah Blah' by Ke$ha. It's a pop track with electronic and dance influences. The song features a strong female vocal and has a catchy and upbeat vibe that could be a great fit for your video.
1596,TIQC76MfPHQ,TIQC76MfPHQ_lzjELi7VPx0,jk6o2JBck3E_lu4R8ufjGZ0,jk6o2JBck3E,wo_audio_all,2,This track is a pop song with electronic,This track is a pop song with electronic and dance influences.,audio-supported,audio,0,,1,E0_clause_split_artifact,斷句碎片（標註流程假影）,parent_audio-supported,"母句可歸屬，unsupported 係 split_claims 於 and/, 處切斷所致",dance;electronic;pop,supported,dance;electronic;pop,,,not_applicable,1,0,"In that case, I recommend 'Lady Gaga' by Lady Gaga. This track is a pop song with electronic and dance influences. It has a strong female vocal and a catchy melody that will add a fun and lively vibe to your video. It's a great choice for a mainstream pop feel."
1596,TIQC76MfPHQ,TIQC76MfPHQ_lzjELi7VPx0,jk6o2JBck3E_lu4R8ufjGZ0,jk6o2JBck3E,wo_audio_all,5,lively vibe to your video.,It has a strong female vocal and a catchy melody that will add a fun and lively vibe to your video.,audio-supported,audio,0,,0,E0_clause_split_artifact,斷句碎片（標註流程假影）,parent_audio-supported,"母句可歸屬，unsupported 係 split_claims 於 and/, 處切斷所致",,not_applicable,,,,not_applicable,1,0,"In that case, I recommend 'Lady Gaga' by Lady Gaga. This track is a pop song with electronic and dance influences. It has a strong female vocal and a catchy melody that will add a fun and lively vibe to your video. It's a great choice for a mainstream pop feel."
1596,TIQC76MfPHQ,TIQC76MfPHQ_lzjELi7VPx0,jk6o2JBck3E_lu4R8ufjGZ0,jk6o2JBck3E,wo_prompt,2,dance track with electronic,It's a pop and dance track with electronic and rock influences.,audio-supported,audio,0,,1,E0_clause_split_artifact,斷句碎片（標註流程假影）,parent_audio-supported,"母句可歸屬，unsupported 係 split_claims 於 and/, 處切斷所致",dance;electronic;pop;rock,supported,dance;electronic;pop;rock,,,not_applicable,1,0,I recommend 'Blah Blah Blah' by Ke$ha. It's a pop and dance track with electronic and rock influences. The song features female vocals and has a catchy and energetic vibe that could be a great fit for your video.
1596,TIQC76MfPHQ,TIQC76MfPHQ_lzjELi7VPx0,jk6o2JBck3E_lu4R8ufjGZ0,jk6o2JBck3E,wo_ltp,1,"?, this is is?, that is, that, that, that, that, that, that, that, that, that, that, that, that, that, that, that, that, that, that, that, that, that, that, that, that, that, that, that, that, that, that, that, that, that, that, that, that, that, that, that, that, that, that, that, that, that, that, that, that, that, that, that, that, that, that, that, that, that, that, that","?, this is is?, that is, that, that, that, that, that, that, that, that, that, that, that, that, that, that, that, that, that, that, that, that, that, that, that, that, that, that, that, that, that, that, that, that, that, that, that, that, that, that, that, that, that, that, that, that, that, that, that, that, that, that, that, that, that, that, that, that, that, that, that,",unsupported,unknown,1,type_token_ratio=0.05,0,E7_degenerate_generation,生成崩潰（退化輸出）,degenerate_output,整段生成為退化輸出（type_token_ratio=0.05），此時的 unsupported 反映生成崩潰而非主張缺乏證據,,not_applicable,,,,not_applicable,1,0,"?, this is is?, that is, that, that, that, that, that, that, that, that, that, that, that, that, that, that, that, that, that, that, that, that, that, that, that, that, that, that, that, that, that, that, that, that, that, that, that, that, that, that, that, that, that, that, that, that, that, that, that, that, that, that, that, that, that, that, that, that, that, that, that,"
1601,8_VrafS-ldU,8_VrafS-ldU_gze0sjhxZ7Q,CJTxfWNQN1Q_io1QWB0I_NM,CJTxfWNQN1Q,full,2,dance track with elements of pop,It's an electronic and dance track with elements of pop and indie.,unsupported,unknown,0,,1,E0b_rule_miss_verified,規則漏判但有證據支持,genre_claim_verified_by_tags,曲風敘述可由 musicnn 標籤／參考文本支持；v2 因 GENRE_TERMS 需搭配 anchor 詞才計為 audio 而漏判,dance;electronic;indie;pop,supported,dance;electronic;indie;pop,,,not_applicable,1,0,Certainly! How about 'Ducking' by Fadda Fox? It's an electronic and dance track with elements of pop and indie. The song has a fast-paced beat and catchy melodies that could add a lively and energetic vibe to your video.
1601,8_VrafS-ldU,8_VrafS-ldU_gze0sjhxZ7Q,CJTxfWNQN1Q_io1QWB0I_NM,CJTxfWNQN1Q,full,4,catchy melodies that could add a lively,The song has a fast-paced beat and catchy melodies that could add a lively and energetic vibe to your video.,video-supported,video,0,,1,E0_clause_split_artifact,斷句碎片（標註流程假影）,parent_video-supported,"母句可歸屬，unsupported 係 split_claims 於 and/, 處切斷所致",,not_applicable,,,,not_applicable,1,0,Certainly! How about 'Ducking' by Fadda Fox? It's an electronic and dance track with elements of pop and indie. The song has a fast-paced beat and catchy melodies that could add a lively and energetic vibe to your video.
1601,8_VrafS-ldU,8_VrafS-ldU_gze0sjhxZ7Q,CJTxfWNQN1Q_io1QWB0I_NM,CJTxfWNQN1Q,wo_video,2,"It's a track that combines electronic, dance","It's a track that combines electronic, dance, and pop elements with a touch of indie and rock influences.",audio-supported,audio,0,,1,E0_clause_split_artifact,斷句碎片（標註流程假影）,parent_audio-supported,"母句可歸屬，unsupported 係 split_claims 於 and/, 處切斷所致",dance;electronic;indie;pop;rock,partially_supported,dance;electronic;indie;pop,rock,,not_applicable,1,0,"Certainly! How about 'Ducking by Fadda Fox'? It's a track that combines electronic, dance, and pop elements with a touch of indie and rock influences. Although I don't have much information about this track, it seems to align well with the electronic and dance elements you're looking for."
1601,8_VrafS-ldU,8_VrafS-ldU_gze0sjhxZ7Q,CJTxfWNQN1Q_io1QWB0I_NM,CJTxfWNQN1Q,wo_video,3,pop elements with a touch of indie,"It's a track that combines electronic, dance, and pop elements with a touch of indie and rock influences.",audio-supported,audio,0,,1,E0_clause_split_artifact,斷句碎片（標註流程假影）,parent_audio-supported,"母句可歸屬，unsupported 係 split_claims 於 and/, 處切斷所致",dance;electronic;indie;pop;rock,partially_supported,dance;electronic;indie;pop,rock,,not_applicable,1,0,"Certainly! How about 'Ducking by Fadda Fox'? It's a track that combines electronic, dance, and pop elements with a touch of indie and rock influences. Although I don't have much information about this track, it seems to align well with the electronic and dance elements you're looking for."
1601,8_VrafS-ldU,8_VrafS-ldU_gze0sjhxZ7Q,CJTxfWNQN1Q_io1QWB0I_NM,CJTxfWNQN1Q,wo_video,4,"Although I don't have much information about this track, it seems to align well with the electronic","Although I don't have much information about this track, it seems to align well with the electronic and dance elements you're looking for.",prompt-supported,prompt,0,,1,E0_clause_split_artifact,斷句碎片（標註流程假影）,parent_prompt-supported,"母句可歸屬，unsupported 係 split_claims 於 and/, 處切斷所致",dance;electronic,supported,dance;electronic,,,not_applicable,1,0,"Certainly! How about 'Ducking by Fadda Fox'? It's a track that combines electronic, dance, and pop elements with a touch of indie and rock influences. Although I don't have much information about this track, it seems to align well with the electronic and dance elements you're looking for."
1601,8_VrafS-ldU,8_VrafS-ldU_gze0sjhxZ7Q,CJTxfWNQN1Q_io1QWB0I_NM,CJTxfWNQN1Q,wo_audio_feature_only,2,It's an electronic track with a mix of dance,It's an electronic track with a mix of dance and electronic elements.,unsupported,unknown,0,,1,E0b_rule_miss_verified,規則漏判但有證據支持,genre_claim_verified_by_tags,曲風敘述可由 musicnn 標籤／參考文本支持；v2 因 GENRE_TERMS 需搭配 anchor 詞才計為 audio 而漏判,dance;electronic,supported,dance;electronic,,,not_applicable,1,0,"I suggest you consider 'Dancehall' by Ducking. It's an electronic track with a mix of dance and electronic elements. Although I don't have specific information about the track name, album name, or artist, it could be a fitting choice for your video."
1601,8_VrafS-ldU,8_VrafS-ldU_gze0sjhxZ7Q,CJTxfWNQN1Q_io1QWB0I_NM,CJTxfWNQN1Q,wo_audio_all,2,"It's an electronic track with elements of dance, pop","It's an electronic track with elements of dance, pop, and electronica.",unsupported,unknown,0,,1,E0b_rule_miss_verified,規則漏判但有證據支持,genre_claim_verified_by_tags,曲風敘述可由 musicnn 標籤／參考文本支持；v2 因 GENRE_TERMS 需搭配 anchor 詞才計為 audio 而漏判,dance;electronic;pop,supported,dance;electronic;pop,,,not_applicable,1,0,"I suggest checking out 'Dancehall' by Danny Brown. It's an electronic track with elements of dance, pop, and electronica. Although I don't have much information about this specific track, it aligns with the electronic and dance elements you're looking for."
1601,8_VrafS-ldU,8_VrafS-ldU_gze0sjhxZ7Q,CJTxfWNQN1Q_io1QWB0I_NM,CJTxfWNQN1Q,wo_audio_all,3,"Although I don't have much information about this specific track, it aligns with the electronic","Although I don't have much information about this specific track, it aligns with the electronic and dance elements you're looking for.",prompt-supported,prompt,0,,1,E0_clause_split_artifact,斷句碎片（標註流程假影）,parent_prompt-supported,"母句可歸屬，unsupported 係 split_claims 於 and/, 處切斷所致",dance;electronic,supported,dance;electronic,,,not_applicable,1,0,"I suggest checking out 'Dancehall' by Danny Brown. It's an electronic track with elements of dance, pop, and electronica. Although I don't have much information about this specific track, it aligns with the electronic and dance elements you're looking for."
1601,8_VrafS-ldU,8_VrafS-ldU_gze0sjhxZ7Q,CJTxfWNQN1Q_io1QWB0I_NM,CJTxfWNQN1Q,wo_ltp,1,<EMPTY_GENERATION>,<EMPTY_GENERATION>,unsupported,unknown,1,type_token_ratio=0.02,0,E7_degenerate_generation,生成崩潰（退化輸出）,degenerate_output,整段生成為退化輸出（type_token_ratio=0.02），此時的 unsupported 反映生成崩潰而非主張缺乏證據,,not_applicable,,,,not_applicable,1,0,".
s.
s.s.s.s.s.s.s.s.s.s.s.s.s.s.s.s.s.s.s.s.s.s.s.s.s.s.s.s.s.s.s.s.s.s.s.s.s.s.s.s.s.s.s.s.s.s.s.s.s.s.s.s.s.s.s.s.s.s.s.s.s.s"
1603,l3IbMrnSJtM,l3IbMrnSJtM_1JLiGvkrL0s,l3IbMrnSJtM_1JLiGvkrL0s,l3IbMrnSJtM,wo_video,5,It has a catchy,It has a catchy and upbeat sound that could be a fitting choice for your video.,audio-supported,audio,0,,1,E0_clause_split_artifact,斷句碎片（標註流程假影）,parent_audio-supported,"母句可歸屬，unsupported 係 split_claims 於 and/, 處切斷所致",,not_applicable,,,,not_applicable,1,0,"Allow me to recommend 'Sunshine' by Shoko Furukawa & Albert Takagi. It's a track from their album 'Sunshine'. It combines elements of pop, rock, and indie with a female vocalist. It has a catchy and upbeat sound that could be a fitting choice for your video."
1603,l3IbMrnSJtM,l3IbMrnSJtM_1JLiGvkrL0s,l3IbMrnSJtM_1JLiGvkrL0s,l3IbMrnSJtM,wo_audio_feature_only,4,It has a mix of pop,It has a mix of pop and rock genres that could be a fitting choice for your video.,audio-supported,audio,0,,1,E0_clause_split_artifact,斷句碎片（標註流程假影）,parent_audio-supported,"母句可歸屬，unsupported 係 split_claims 於 and/, 處切斷所致",pop;rock,supported,pop;rock,,,not_applicable,1,0,"Allow me to recommend 'Love Story' by The Wedding Singer. It's a track that combines elements of pop, rock, and indie with a female vocalist influence. It has a mix of pop and rock genres that could be a fitting choice for your video."
1603,l3IbMrnSJtM,l3IbMrnSJtM_1JLiGvkrL0s,l3IbMrnSJtM_1JLiGvkrL0s,l3IbMrnSJtM,wo_audio_all,4,It has a mix of electronic,"It has a mix of electronic and guitar-focused sound, which could be a fitting choice for your video.",audio-supported,audio,0,,1,E0_clause_split_artifact,斷句碎片（標註流程假影）,parent_audio-supported,"母句可歸屬，unsupported 係 split_claims 於 and/, 處切斷所致",electronic,not_found,,electronic,,not_applicable,1,0,"Allow me to recommend 'Love Story' by The Afters. It's a track that combines elements of pop, rock, and indie with a female vocalist. It has a mix of electronic and guitar-focused sound, which could be a fitting choice for your video."
1603,l3IbMrnSJtM,l3IbMrnSJtM_1JLiGvkrL0s,l3IbMrnSJtM_1JLiGvkrL0s,l3IbMrnSJtM,wo_ltp,1,that that that that.,that that that that.,unsupported,unknown,1,type_token_ratio=0.03,0,E7_degenerate_generation,生成崩潰（退化輸出）,degenerate_output,整段生成為退化輸出（type_token_ratio=0.03），此時的 unsupported 反映生成崩潰而非主張缺乏證據,,not_applicable,,,,not_applicable,1,0,this. this morning. this morning. that. this morning. this morning. this morning. that. this morning. this morning. this morning. this morning. that. this morning. that. that. that. that. that. that that. that. that that that that. that that that that that that that that that that that that that that that that that that that that that that that that that that that that that that that that that that that that that that that that that that that that that that that that that that that that that that that that that that that that that that that that that that that that that that
1603,l3IbMrnSJtM,l3IbMrnSJtM_1JLiGvkrL0s,l3IbMrnSJtM_1JLiGvkrL0s,l3IbMrnSJtM,wo_ltp,2,that that that that that that that that that that that that that that that that that that that that that that that that that that that that that that that that that that that that that that that that that that that that that that that that that that that that that that that that that that that that that that that that that that that that that that,that that that that that that that that that that that that that that that that that that that that that that that that that that that that that that that that that that that that that that that that that that that that that that that that that that that that that that that that that that that that that that that that that that that that that that,unsupported,unknown,1,type_token_ratio=0.03,0,E7_degenerate_generation,生成崩潰（退化輸出）,degenerate_output,整段生成為退化輸出（type_token_ratio=0.03），此時的 unsupported 反映生成崩潰而非主張缺乏證據,,not_applicable,,,,not_applicable,1,0,this. this morning. this morning. that. this morning. this morning. this morning. that. this morning. this morning. this morning. this morning. that. this morning. that. that. that. that. that. that that. that. that that that that. that that that that that that that that that that that that that that that that that that that that that that that that that that that that that that that that that that that that that that that that that that that that that that that that that that that that that that that that that that that that that that that that that that that that that that
1615,M7GS21LLo3o,M7GS21LLo3o_znyeIK_Zsz0,M7GS21LLo3o_znyeIK_Zsz0,M7GS21LLo3o,wo_video,4,It has a unique,It has a unique and diverse sound that could add a touch of variety to your video.,audio-supported,audio,0,,1,E0_clause_split_artifact,斷句碎片（標註流程假影）,parent_audio-supported,"母句可歸屬，unsupported 係 split_claims 於 and/, 處切斷所致",,not_applicable,,,,not_applicable,1,0,"In that case, I recommend 'Song for the Weary' by The Weary. This track combines elements of pop, rock, and folk with female vocals. It has a unique and diverse sound that could add a touch of variety to your video."
1615,M7GS21LLo3o,M7GS21LLo3o_znyeIK_Zsz0,M7GS21LLo3o_znyeIK_Zsz0,M7GS21LLo3o,wo_prompt,4,folk with a touch of jazz.,"The song combines elements of pop, rock, and folk with a touch of jazz.",audio-supported,audio,0,,0,E0_clause_split_artifact,斷句碎片（標註流程假影）,parent_audio-supported,"母句可歸屬，unsupported 係 split_claims 於 and/, 處切斷所致",folk;jazz;pop;rock,partially_supported,folk;pop;rock,jazz,,not_applicable,1,0,"I recommend 'La Vie en Rose' by Céline Dion. It's a beautiful track from her album 'La Vie en Rose'. The song combines elements of pop, rock, and folk with a touch of jazz. It features Céline Dion's captivating vocals and has a soothing and melodic sound that would complement your video."
1615,M7GS21LLo3o,M7GS21LLo3o_znyeIK_Zsz0,M7GS21LLo3o_znyeIK_Zsz0,M7GS21LLo3o,wo_ltp,1,"is is is that is is is that is, that is, that.",", is is is that is is is that is, that is, that.",unsupported,unknown,1,type_token_ratio=0.02,0,E7_degenerate_generation,生成崩潰（退化輸出）,degenerate_output,整段生成為退化輸出（type_token_ratio=0.02），此時的 unsupported 反映生成崩潰而非主張缺乏證據,,not_applicable,,,,not_applicable,1,0,", is is is that is is is that is, that is, that. that. that. that. that. that? that? that? that? that? that? that? that? that? that? that? that? that that? that? that that that that? that that that that that that that that that that that that? that that that that that that that that that that that that that that that that that that that that that that that that that that that that that that that that that that that that that that that that that that that that that that that that that that that that that that that that that"
1615,M7GS21LLo3o,M7GS21LLo3o_znyeIK_Zsz0,M7GS21LLo3o_znyeIK_Zsz0,M7GS21LLo3o,wo_ltp,2,that that that that?,that that that that?,unsupported,unknown,1,type_token_ratio=0.02,0,E7_degenerate_generation,生成崩潰（退化輸出）,degenerate_output,整段生成為退化輸出（type_token_ratio=0.02），此時的 unsupported 反映生成崩潰而非主張缺乏證據,,not_applicable,,,,not_applicable,1,0,", is is is that is is is that is, that is, that. that. that. that. that. that? that? that? that? that? that? that? that? that? that? that? that? that that? that? that that that that? that that that that that that that that that that that that? that that that that that that that that that that that that that that that that that that that that that that that that that that that that that that that that that that that that that that that that that that that that that that that that that that that that that that that that that"
1615,M7GS21LLo3o,M7GS21LLo3o_znyeIK_Zsz0,M7GS21LLo3o_znyeIK_Zsz0,M7GS21LLo3o,wo_ltp,3,that that that that that that that that that that that that?,that that that that that that that that that that that that?,unsupported,unknown,1,type_token_ratio=0.02,0,E7_degenerate_generation,生成崩潰（退化輸出）,degenerate_output,整段生成為退化輸出（type_token_ratio=0.02），此時的 unsupported 反映生成崩潰而非主張缺乏證據,,not_applicable,,,,not_applicable,1,0,", is is is that is is is that is, that is, that. that. that. that. that. that? that? that? that? that? that? that? that? that? that? that? that? that that? that? that that that that? that that that that that that that that that that that that? that that that that that that that that that that that that that that that that that that that that that that that that that that that that that that that that that that that that that that that that that that that that that that that that that that that that that that that that that"
1615,M7GS21LLo3o,M7GS21LLo3o_znyeIK_Zsz0,M7GS21LLo3o_znyeIK_Zsz0,M7GS21LLo3o,wo_ltp,4,that that that that that that that that that that that that that that that that that that that that that that that that that that that that that that that that that that that that that that that that that that that that that that that that that that that that that that that that that,that that that that that that that that that that that that that that that that that that that that that that that that that that that that that that that that that that that that that that that that that that that that that that that that that that that that that that that that that,unsupported,unknown,1,type_token_ratio=0.02,0,E7_degenerate_generation,生成崩潰（退化輸出）,degenerate_output,整段生成為退化輸出（type_token_ratio=0.02），此時的 unsupported 反映生成崩潰而非主張缺乏證據,,not_applicable,,,,not_applicable,1,0,", is is is that is is is that is, that is, that. that. that. that. that. that? that? that? that? that? that? that? that? that? that? that? that? that that? that? that that that that? that that that that that that that that that that that that? that that that that that that that that that that that that that that that that that that that that that that that that that that that that that that that that that that that that that that that that that that that that that that that that that that that that that that that that that"
1630,qwVb5h89xbc,qwVb5h89xbc_s-TyeDOkibY,OrAAK9GLZ1g_p01Vg30DsSc,OrAAK9GLZ1g,wo_audio_all,4,electronic music with a folk,"It's a track that combines elements of rock, pop, and electronic music with a folk and oldies vibe.",audio-supported,audio,0,,1,E0_clause_split_artifact,斷句碎片（標註流程假影）,parent_audio-supported,"母句可歸屬，unsupported 係 split_claims 於 and/, 處切斷所致",electronic;folk;pop;rock,partially_supported,folk;pop;rock,electronic,,not_applicable,1,0,"I recommend 'Suming's folk and oldies style' by 'Suming's folk and oldies style'. It's a track that combines elements of rock, pop, and electronic music with a folk and oldies vibe. Although I don't have specific information about the track name, album name, or artists, it aligns well with your preferences for a mix of rock, pop, and electronic music with a folk and oldies vibe."
1630,qwVb5h89xbc,qwVb5h89xbc_s-TyeDOkibY,OrAAK9GLZ1g_p01Vg30DsSc,OrAAK9GLZ1g,wo_audio_all,6,electronic music with a folk,"It's a track that combines elements of rock, pop, and electronic music with a folk and oldies vibe.",audio-supported,audio,0,,1,E0_clause_split_artifact,斷句碎片（標註流程假影）,parent_audio-supported,"母句可歸屬，unsupported 係 split_claims 於 and/, 處切斷所致",electronic;folk;pop;rock,partially_supported,folk;pop;rock,electronic,,not_applicable,1,0,"I recommend 'Suming's folk and oldies style' by 'Suming's folk and oldies style'. It's a track that combines elements of rock, pop, and electronic music with a folk and oldies vibe. Although I don't have specific information about the track name, album name, or artists, it aligns well with your preferences for a mix of rock, pop, and electronic music with a folk and oldies vibe."
1630,qwVb5h89xbc,qwVb5h89xbc_s-TyeDOkibY,OrAAK9GLZ1g_p01Vg30DsSc,OrAAK9GLZ1g,wo_ltp,1,<EMPTY_GENERATION>,<EMPTY_GENERATION>,unsupported,unknown,1,too_few_tokens=0,0,E7_degenerate_generation,生成崩潰（退化輸出）,degenerate_output,整段生成為退化輸出（too_few_tokens=0），此時的 unsupported 反映生成崩潰而非主張缺乏證據,,not_applicable,,,,not_applicable,1,0,..4.4.4.4.4.4.4.4.4.4.4.4.4.4.4.4.4.4.4.4.4.4.4.4.4.4.4.4.4.4.4.4.4.4.4.4.4.4.4.4.4.4.4.4.4.4.4.4.4.4.4.4.4.4.444444444444444444
1669,cWVri5XGGA8,cWVri5XGGA8_tuP5rCmHIaA,ftZPHUjGvS4_E4EMKzpDQNA,ftZPHUjGvS4,wo_audio_feature_only,3,"Although I don't have specific information about this track, it may contain the electronic","Although I don't have specific information about this track, it may contain the electronic and fast elements you're looking for.",prompt-supported,prompt,0,,1,E0_clause_split_artifact,斷句碎片（標註流程假影）,parent_prompt-supported,"母句可歸屬，unsupported 係 split_claims 於 and/, 處切斷所致",electronic,supported,electronic,,,not_applicable,1,0,"Allow me to recommend 'R&B' by R&B. It's a track that combines elements of R&B with indie influences. Although I don't have specific information about this track, it may contain the electronic and fast elements you're looking for."
1669,cWVri5XGGA8,cWVri5XGGA8_tuP5rCmHIaA,ftZPHUjGvS4_E4EMKzpDQNA,ftZPHUjGvS4,wo_audio_all,3,indie with a touch of R&B.,"It's a track that combines elements of hip-hop, electronic, and indie with a touch of R&B.",audio-supported,audio,0,,0,E0_clause_split_artifact,斷句碎片（標註流程假影）,parent_audio-supported,"母句可歸屬，unsupported 係 split_claims 於 and/, 處切斷所致",electronic;hip-hop;indie;r&b,partially_supported,electronic;hip-hop;r&b,indie,,not_applicable,1,0,"Certainly, I recommend 'R&B' by R&B. It's a track that combines elements of hip-hop, electronic, and indie with a touch of R&B. It has a fast-paced techno sound with a mix of electronic beats and synth elements. It's a fitting choice for your video."
1669,cWVri5XGGA8,cWVri5XGGA8_tuP5rCmHIaA,ftZPHUjGvS4_E4EMKzpDQNA,ftZPHUjGvS4,wo_prompt,4,pop with a touch of rock.,"The song combines elements of Hip-Hop, electronic, and pop with a touch of rock.",audio-supported,audio,0,,0,E0_clause_split_artifact,斷句碎片（標註流程假影）,parent_audio-supported,"母句可歸屬，unsupported 係 split_claims 於 and/, 處切斷所致",electronic;hip-hop;pop;rock,supported,electronic;hip-hop;pop;rock,,,not_applicable,1,0,"I recommend 'CON MI TUMBAO' by MOWLIHAWK featuring BIG MATO. It's a track from their album 'CON MI TUMBAO'. The song combines elements of Hip-Hop, electronic, and pop with a touch of rock. It has a fast-paced beat and synth sounds that give it an energetic vibe."
1669,cWVri5XGGA8,cWVri5XGGA8_tuP5rCmHIaA,ftZPHUjGvS4_E4EMKzpDQNA,ftZPHUjGvS4,wo_ltp,1,"and, and, and, and, and, and, and, and, and, and, and, and, and, and, and, and, and, and, and, and, and, and, and, and, and, and, and, and, and, and, and, and, and, and, and, and, and, and, and, and, and, and, and, and, and, and, and, and, and, and, and, and, and, and, and, and, and, and, and, and, and, and, and, and",", and, and, and, and, and, and, and, and, and, and, and, and, and, and, and, and, and, and, and, and, and, and, and, and, and, and, and, and, and, and, and, and, and, and, and, and, and, and, and, and, and, and, and, and, and, and, and, and, and, and, and, and, and, and, and, and, and, and, and, and, and, and, and, and",unsupported,unknown,1,type_token_ratio=0.02,0,E7_degenerate_generation,生成崩潰（退化輸出）,degenerate_output,整段生成為退化輸出（type_token_ratio=0.02），此時的 unsupported 反映生成崩潰而非主張缺乏證據,,not_applicable,,,,not_applicable,1,0,", and, and, and, and, and, and, and, and, and, and, and, and, and, and, and, and, and, and, and, and, and, and, and, and, and, and, and, and, and, and, and, and, and, and, and, and, and, and, and, and, and, and, and, and, and, and, and, and, and, and, and, and, and, and, and, and, and, and, and, and, and, and, and, and"
1679,FxP12uqkRmg,FxP12uqkRmg_bO9FLYYvuWw,DFWUAZxLu-8_mHyWvSF_D40,DFWUAZxLu-8,full,2,This track has a pop,This track has a pop and electronic sound with female vocals.,audio-supported,audio,0,,1,E0_clause_split_artifact,斷句碎片（標註流程假影）,parent_audio-supported,"母句可歸屬，unsupported 係 split_claims 於 and/, 處切斷所致",electronic;pop,supported,electronic;pop,,,not_applicable,1,0,"In that case, I would recommend 'Sexy' by Rain. This track has a pop and electronic sound with female vocals. It's part of the album 'Sexy' and it's a great choice for your video."
1679,FxP12uqkRmg,FxP12uqkRmg_bO9FLYYvuWw,DFWUAZxLu-8_mHyWvSF_D40,DFWUAZxLu-8,wo_video,2,This track has a pop,This track has a pop and electronic sound with female vocals.,audio-supported,audio,0,,1,E0_clause_split_artifact,斷句碎片（標註流程假影）,parent_audio-supported,"母句可歸屬，unsupported 係 split_claims 於 and/, 處切斷所致",electronic;pop,supported,electronic;pop,,,not_applicable,1,0,"In that case, I would recommend 'Sexy' by J. Cole. This track has a pop and electronic sound with female vocals. It's part of the album 'Sexy' by J. Cole. It's a great choice for your video."
1679,FxP12uqkRmg,FxP12uqkRmg_bO9FLYYvuWw,DFWUAZxLu-8_mHyWvSF_D40,DFWUAZxLu-8,wo_audio_all,2,This track has a pop,"This track has a pop and electronic sound with female vocals, which aligns with your preferences.",preference-supported,preference,0,,1,E0_clause_split_artifact,斷句碎片（標註流程假影）,parent_preference-supported,"母句可歸屬，unsupported 係 split_claims 於 and/, 處切斷所致",electronic;pop,supported,electronic;pop,,,not_applicable,1,0,"In that case, I would recommend 'Простой' by Алиса. This track has a pop and electronic sound with female vocals, which aligns with your preferences. It's a great choice for your video."
1679,FxP12uqkRmg,FxP12uqkRmg_bO9FLYYvuWw,DFWUAZxLu-8_mHyWvSF_D40,DFWUAZxLu-8,wo_prompt,2,It has a catchy,It has a catchy and sexy vibe that would be a great fit for your video.,general-supported,general,0,,1,E0_clause_split_artifact,斷句碎片（標註流程假影）,parent_general-supported,"母句可歸屬，unsupported 係 split_claims 於 and/, 處切斷所致",,not_applicable,,,,not_applicable,1,0,"30 SEXY by Rain is a popular track that combines elements of pop, R&B, and electronic music. It has a catchy and sexy vibe that would be a great fit for your video."
1679,FxP12uqkRmg,FxP12uqkRmg_bO9FLYYvuWw,DFWUAZxLu-8_mHyWvSF_D40,DFWUAZxLu-8,wo_ltp,1,"is is that is is is that is, that is that is that is that, that is that, that, that.",", is is that is is is that is, that is that is that is that, that is that, that, that.",unsupported,unknown,1,type_token_ratio=0.02,0,E7_degenerate_generation,生成崩潰（退化輸出）,degenerate_output,整段生成為退化輸出（type_token_ratio=0.02），此時的 unsupported 反映生成崩潰而非主張缺乏證據,,not_applicable,,,,not_applicable,1,0,", is is that is is is that is, that is that is that is that, that is that, that, that. that. that that that that that that that that that that that that that that that that that that that that that that that that that that that that that that that that that that that that that that that that that that that that that that that that that that that that that that that that that that that that that that that that that that that that that that that that that that that that that that that that that that that that that that that that that that that that that that that that that that that that"
1679,FxP12uqkRmg,FxP12uqkRmg_bO9FLYYvuWw,DFWUAZxLu-8_mHyWvSF_D40,DFWUAZxLu-8,wo_ltp,2,that that that that that that that that that that that that that that that that that that that that that that that that that that that that that that that that that that that that that that that that that that that that that that that that that that that that that that that that that that that that that that that that that that that that that that that that that that that that that that that that that that that that that that that that that that that that that that that that that that that that,that that that that that that that that that that that that that that that that that that that that that that that that that that that that that that that that that that that that that that that that that that that that that that that that that that that that that that that that that that that that that that that that that that that that that that that that that that that that that that that that that that that that that that that that that that that that that that that that that that that that,unsupported,unknown,1,type_token_ratio=0.02,0,E7_degenerate_generation,生成崩潰（退化輸出）,degenerate_output,整段生成為退化輸出（type_token_ratio=0.02），此時的 unsupported 反映生成崩潰而非主張缺乏證據,,not_applicable,,,,not_applicable,1,0,", is is that is is is that is, that is that is that is that, that is that, that, that. that. that that that that that that that that that that that that that that that that that that that that that that that that that that that that that that that that that that that that that that that that that that that that that that that that that that that that that that that that that that that that that that that that that that that that that that that that that that that that that that that that that that that that that that that that that that that that that that that that that that that that"
1685,d1rpgmfOVMg,d1rpgmfOVMg_lqjqZgHn050,Fpis92dJcj8_BXATArFYK58,Fpis92dJcj8,full,2,dance track with electronic,It's a pop and dance track with electronic and house influences.,audio-supported,audio,0,,1,E0_clause_split_artifact,斷句碎片（標註流程假影）,parent_audio-supported,"母句可歸屬，unsupported 係 split_claims 於 and/, 處切斷所致",dance;electronic;house;pop,partially_supported,dance;electronic;pop,house,,not_applicable,1,0,Certainly! How about 'Dynamite' by Taio Cruz featuring Britney Spears? It's a pop and dance track with electronic and house influences. The song has a catchy beat and energetic vibe that could complement your video. It's from the album 'Dynamite' and features Britney Spears' vocals.
1685,d1rpgmfOVMg,d1rpgmfOVMg_lqjqZgHn050,Fpis92dJcj8_BXATArFYK58,Fpis92dJcj8,wo_video,2,dance track with electronic,It's a pop and dance track with electronic and house influences.,audio-supported,audio,0,,1,E0_clause_split_artifact,斷句碎片（標註流程假影）,parent_audio-supported,"母句可歸屬，unsupported 係 split_claims 於 and/, 處切斷所致",dance;electronic;house;pop,partially_supported,dance;electronic;pop,house,,not_applicable,1,0,Certainly! I recommend 'You Are My Song' by Taio Cruz featuring Britney Spears. It's a pop and dance track with electronic and house influences. The song has a catchy and upbeat vibe that could add a fun and lively element to your video.
1685,d1rpgmfOVMg,d1rpgmfOVMg_lqjqZgHn050,Fpis92dJcj8_BXATArFYK58,Fpis92dJcj8,wo_video,3,The song has a catchy,The song has a catchy and upbeat vibe that could add a fun and lively element to your video.,audio-supported,audio,0,,1,E0_clause_split_artifact,斷句碎片（標註流程假影）,parent_audio-supported,"母句可歸屬，unsupported 係 split_claims 於 and/, 處切斷所致",,not_applicable,,,,not_applicable,1,0,Certainly! I recommend 'You Are My Song' by Taio Cruz featuring Britney Spears. It's a pop and dance track with electronic and house influences. The song has a catchy and upbeat vibe that could add a fun and lively element to your video.
1685,d1rpgmfOVMg,d1rpgmfOVMg_lqjqZgHn050,Fpis92dJcj8_BXATArFYK58,Fpis92dJcj8,wo_video,5,lively element to your video.,The song has a catchy and upbeat vibe that could add a fun and lively element to your video.,audio-supported,audio,0,,0,E0_clause_split_artifact,斷句碎片（標註流程假影）,parent_audio-supported,"母句可歸屬，unsupported 係 split_claims 於 and/, 處切斷所致",,not_applicable,,,,not_applicable,1,0,Certainly! I recommend 'You Are My Song' by Taio Cruz featuring Britney Spears. It's a pop and dance track with electronic and house influences. The song has a catchy and upbeat vibe that could add a fun and lively element to your video.
1685,d1rpgmfOVMg,d1rpgmfOVMg_lqjqZgHn050,Fpis92dJcj8_BXATArFYK58,Fpis92dJcj8,wo_audio_feature_only,3,house music with a mix of dance,It's a pop and house music track that combines elements of pop and house music with a mix of dance and electronic beats.,audio-supported,audio,0,,1,E0_clause_split_artifact,斷句碎片（標註流程假影）,parent_audio-supported,"母句可歸屬，unsupported 係 split_claims 於 and/, 處切斷所致",dance;electronic;house;pop,partially_supported,dance;electronic;pop,house,,not_applicable,1,0,"Certainly, I recommend 'Taio Cruz featuring Britney Spears. It's a pop and house music track that combines elements of pop and house music with a mix of dance and electronic beats. It has a fast-paced techno and a mix of dance and electronic beats. It also has a mix of pop and house music."
1685,d1rpgmfOVMg,d1rpgmfOVMg_lqjqZgHn050,Fpis92dJcj8_BXATArFYK58,Fpis92dJcj8,wo_audio_feature_only,5,a mix of dance,It's a pop and house music track that combines elements of pop and house music with a mix of dance and electronic beats.,audio-supported,audio,0,,1,E0_clause_split_artifact,斷句碎片（標註流程假影）,parent_audio-supported,"母句可歸屬，unsupported 係 split_claims 於 and/, 處切斷所致",dance;electronic;house;pop,partially_supported,dance;electronic;pop,house,,not_applicable,1,0,"Certainly, I recommend 'Taio Cruz featuring Britney Spears. It's a pop and house music track that combines elements of pop and house music with a mix of dance and electronic beats. It has a fast-paced techno and a mix of dance and electronic beats. It also has a mix of pop and house music."
1685,d1rpgmfOVMg,d1rpgmfOVMg_lqjqZgHn050,Fpis92dJcj8_BXATArFYK58,Fpis92dJcj8,wo_audio_feature_only,6,It also has a mix of pop,It also has a mix of pop and house music.,unsupported,unknown,0,,1,E2_metadata_unsupported,音樂元資料不支持,genre_partially_supported,部分曲風查無支持：['house']（musicnn 標籤有雜訊，查無支持不等於事實錯誤）,house;pop,partially_supported,pop,house,,not_applicable,1,1,"Certainly, I recommend 'Taio Cruz featuring Britney Spears. It's a pop and house music track that combines elements of pop and house music with a mix of dance and electronic beats. It has a fast-paced techno and a mix of dance and electronic beats. It also has a mix of pop and house music."
1685,d1rpgmfOVMg,d1rpgmfOVMg_lqjqZgHn050,Fpis92dJcj8_BXATArFYK58,Fpis92dJcj8,wo_audio_all,3,electronic music with a touch of house,"It's a track that combines elements of pop, dance, and electronic music with a touch of house and rock influences.",audio-supported,audio,0,,1,E0_clause_split_artifact,斷句碎片（標註流程假影）,parent_audio-supported,"母句可歸屬，unsupported 係 split_claims 於 and/, 處切斷所致",dance;electronic;house;pop;rock,partially_supported,dance;electronic;pop,house;rock,,not_applicable,1,0,"Certainly, I recommend 'Love Is A Battlefield' by Pitbull the Ultimate DJ. It's a track that combines elements of pop, dance, and electronic music with a touch of house and rock influences. It has a fast-paced techno sound and a catchy beat that could be a fitting choice for your video."
1685,d1rpgmfOVMg,d1rpgmfOVMg_lqjqZgHn050,Fpis92dJcj8_BXATArFYK58,Fpis92dJcj8,wo_prompt,2,It's a dance-pop track with electronic,It's a dance-pop track with electronic and house influences.,audio-supported,audio,0,,1,E0_clause_split_artifact,斷句碎片（標註流程假影）,parent_audio-supported,"母句可歸屬，unsupported 係 split_claims 於 and/, 處切斷所致",electronic;house,partially_supported,electronic,house,,not_applicable,1,0,"I recommend 'If You Seek Your Heart' by Taio Cruz featuring Britney Spears. It's a dance-pop track with electronic and house influences. The song has a fast-paced beat and catchy melodies that can add energy to your video. It's a collaboration between Taio Cruz and Britney Spears, which adds a unique touch to the music."
1685,d1rpgmfOVMg,d1rpgmfOVMg_lqjqZgHn050,Fpis92dJcj8_BXATArFYK58,Fpis92dJcj8,wo_prompt,4,catchy melodies that can add energy to your video.,The song has a fast-paced beat and catchy melodies that can add energy to your video.,video-supported,video,0,,0,E0_clause_split_artifact,斷句碎片（標註流程假影）,parent_video-supported,"母句可歸屬，unsupported 係 split_claims 於 and/, 處切斷所致",,not_applicable,,,,not_applicable,1,0,"I recommend 'If You Seek Your Heart' by Taio Cruz featuring Britney Spears. It's a dance-pop track with electronic and house influences. The song has a fast-paced beat and catchy melodies that can add energy to your video. It's a collaboration between Taio Cruz and Britney Spears, which adds a unique touch to the music."
1685,d1rpgmfOVMg,d1rpgmfOVMg_lqjqZgHn050,Fpis92dJcj8_BXATArFYK58,Fpis92dJcj8,wo_prompt,5,It's a collaboration between Taio Cruz,"It's a collaboration between Taio Cruz and Britney Spears, which adds a unique touch to the music.",unsupported,unknown,0,,1,E4_vague_generic,一般性空泛描述／主觀陳述,generic_video_benefit,泛用效用或主觀陳述，本質上不具可驗證性,,not_applicable,,,,not_applicable,1,0,"I recommend 'If You Seek Your Heart' by Taio Cruz featuring Britney Spears. It's a dance-pop track with electronic and house influences. The song has a fast-paced beat and catchy melodies that can add energy to your video. It's a collaboration between Taio Cruz and Britney Spears, which adds a unique touch to the music."
1685,d1rpgmfOVMg,d1rpgmfOVMg_lqjqZgHn050,Fpis92dJcj8_BXATArFYK58,Fpis92dJcj8,wo_prompt,6,"Britney Spears, which adds a unique touch to the music.","It's a collaboration between Taio Cruz and Britney Spears, which adds a unique touch to the music.",unsupported,unknown,0,,0,E4_vague_generic,一般性空泛描述／主觀陳述,generic_video_benefit,泛用效用或主觀陳述，本質上不具可驗證性,,not_applicable,,,,not_applicable,1,0,"I recommend 'If You Seek Your Heart' by Taio Cruz featuring Britney Spears. It's a dance-pop track with electronic and house influences. The song has a fast-paced beat and catchy melodies that can add energy to your video. It's a collaboration between Taio Cruz and Britney Spears, which adds a unique touch to the music."
1685,d1rpgmfOVMg,d1rpgmfOVMg_lqjqZgHn050,Fpis92dJcj8_BXATArFYK58,Fpis92dJcj8,wo_ltp,1,is is is is?n?n?n?n?n??n?n?n???????????????????????????????????????????????????????????????????????????????????????????????????????????,is is is is?n?n?n?n?n??n?n?n???????????????????????????????????????????????????????????????????????????????????????????????????????????,unsupported,unknown,1,type_token_ratio=0.17,0,E7_degenerate_generation,生成崩潰（退化輸出）,degenerate_output,整段生成為退化輸出（type_token_ratio=0.17），此時的 unsupported 反映生成崩潰而非主張缺乏證據,,not_applicable,,,,not_applicable,1,0,is is is is?n?n?n?n?n??n?n?n???????????????????????????????????????????????????????????????????????????????????????????????????????????
1689,SCJrvPr92u4,SCJrvPr92u4_-ey67-zHusQ,SCJrvPr92u4_-ey67-zHusQ,SCJrvPr92u4,wo_audio_feature_only,4,electronic with a mix of dance,"It combines elements of pop, rock, and electronic with a mix of dance and techno influences that could be a fitting choice for your video.",audio-supported,audio,0,,1,E0_clause_split_artifact,斷句碎片（標註流程假影）,parent_audio-supported,"母句可歸屬，unsupported 係 split_claims 於 and/, 處切斷所致",dance;electronic;pop;rock,partially_supported,electronic;pop;rock,dance,,not_applicable,1,0,"Allow me to recommend 'YT Man' by YT Man. It's a track from YT Man's album 'YT Man'. It combines elements of pop, rock, and electronic with a mix of dance and techno influences that could be a fitting choice for your video. It has a mix of electronic and guitar elements that may be a fitting choice for your video."
1689,SCJrvPr92u4,SCJrvPr92u4_-ey67-zHusQ,SCJrvPr92u4_-ey67-zHusQ,SCJrvPr92u4,wo_audio_feature_only,6,It has a mix of electronic,It has a mix of electronic and guitar elements that may be a fitting choice for your video.,audio-supported,audio,0,,1,E0_clause_split_artifact,斷句碎片（標註流程假影）,parent_audio-supported,"母句可歸屬，unsupported 係 split_claims 於 and/, 處切斷所致",electronic,supported,electronic,,,not_applicable,1,0,"Allow me to recommend 'YT Man' by YT Man. It's a track from YT Man's album 'YT Man'. It combines elements of pop, rock, and electronic with a mix of dance and techno influences that could be a fitting choice for your video. It has a mix of electronic and guitar elements that may be a fitting choice for your video."
1689,SCJrvPr92u4,SCJrvPr92u4_-ey67-zHusQ,SCJrvPr92u4_-ey67-zHusQ,SCJrvPr92u4,wo_prompt,5,It has a catchy,It has a catchy and energetic vibe that could be a great fit for your video.,audio-supported,audio,0,,1,E0_clause_split_artifact,斷句碎片（標註流程假影）,parent_audio-supported,"母句可歸屬，unsupported 係 split_claims 於 and/, 處切斷所致",,not_applicable,,,,not_applicable,1,0,"I recommend 'My Queen' by YT Man. It's a track from his album 'My Queen'. The song combines elements of Hip-Hop, pop, and electronic music with female vocals. It has a catchy and energetic vibe that could be a great fit for your video."
1689,SCJrvPr92u4,SCJrvPr92u4_-ey67-zHusQ,SCJrvPr92u4_-ey67-zHusQ,SCJrvPr92u4,wo_ltp,1,"I's, I's, I's, I's, I's, I's, I's, I's, I's,s,s,s,s,s,s,s,s,s,s,s,s","I's, I's, I's, I's, I's, I's, I's, I's, I's,s,s,s,s,s,s,s,s,s,s,s,s",unsupported,unknown,1,type_token_ratio=0.10,0,E7_degenerate_generation,生成崩潰（退化輸出）,degenerate_output,整段生成為退化輸出（type_token_ratio=0.10），此時的 unsupported 反映生成崩潰而非主張缺乏證據,,not_applicable,,,,not_applicable,1,0,"s. this is. I's. I's. I's. I's. I's. I's. I's. I's. I's. I's. I's. I's. I's. I's. I's. I's. I's, I's, I's, I's, I's, I's, I's, I's, I's,s,s,s,s,s,s,s,s,s,s,s,s"
1698,lgBOgKr-HJo,lgBOgKr-HJo_tA5vcZ7CJyI,1H5B66DWUhA_MFK-uAl_Y2Q,1H5B66DWUhA,full,4,soul with a touch of dance.,"The song combines elements of pop, electronic, and soul with a touch of dance.",audio-supported,audio,0,,0,E0_clause_split_artifact,斷句碎片（標註流程假影）,parent_audio-supported,"母句可歸屬，unsupported 係 split_claims 於 and/, 處切斷所致",dance;electronic;pop;soul,partially_supported,dance;electronic;pop,soul,,not_applicable,1,0,"Allow me to recommend 'Bacchanalist' by Kerwin Du Bois. It's a track from his album 'Bacchanalist'. The song combines elements of pop, electronic, and soul with a touch of dance. It has a 80s vibe and features guitar and rock influences. The music video for this track was directed by Kerwin Du Bois and produced by Kerwin Du Bois and Kerwin Du Bois Productions."
1698,lgBOgKr-HJo,lgBOgKr-HJo_tA5vcZ7CJyI,1H5B66DWUhA_MFK-uAl_Y2Q,1H5B66DWUhA,full,5,It has a 80s vibe,It has a 80s vibe and features guitar and rock influences.,audio-supported,audio,0,,1,E0_clause_split_artifact,斷句碎片（標註流程假影）,parent_audio-supported,"母句可歸屬，unsupported 係 split_claims 於 and/, 處切斷所致",rock,not_found,,rock,,not_applicable,1,0,"Allow me to recommend 'Bacchanalist' by Kerwin Du Bois. It's a track from his album 'Bacchanalist'. The song combines elements of pop, electronic, and soul with a touch of dance. It has a 80s vibe and features guitar and rock influences. The music video for this track was directed by Kerwin Du Bois and produced by Kerwin Du Bois and Kerwin Du Bois Productions."
1698,lgBOgKr-HJo,lgBOgKr-HJo_tA5vcZ7CJyI,1H5B66DWUhA_MFK-uAl_Y2Q,1H5B66DWUhA,wo_video,2,It's a track from the 80s with soul,It's a track from the 80s with soul and dance elements.,unsupported,unknown,0,,1,E2_metadata_unsupported,音樂元資料不支持,genre_partially_supported,部分曲風查無支持：['soul']（musicnn 標籤有雜訊，查無支持不等於事實錯誤）,dance;soul,partially_supported,dance,soul,,not_applicable,1,1,"Allow me to recommend 'Soul Train' by Kerwin Du Bois. It's a track from the 80s with soul and dance elements. Although there is no specific information available about the album, artists, or track name, it aligns with the pop and electronic genres you mentioned. It may also have guitar and rock influences that could be a fitting choice for your video."
1698,lgBOgKr-HJo,lgBOgKr-HJo_tA5vcZ7CJyI,1H5B66DWUhA_MFK-uAl_Y2Q,1H5B66DWUhA,wo_audio_all,3,soul with a touch of dance,"It's a track that combines elements of pop, electronic, and soul with a touch of dance and guitar.",audio-supported,audio,0,,1,E0_clause_split_artifact,斷句碎片（標註流程假影）,parent_audio-supported,"母句可歸屬，unsupported 係 split_claims 於 and/, 處切斷所致",dance;electronic;pop;soul,partially_supported,dance;electronic;pop,soul,,not_applicable,1,0,"Allow me to recommend 'I'm Not The One' by The Chainsmokers. It's a track that combines elements of pop, electronic, and soul with a touch of dance and guitar. It has a fast-paced techno sound and a catchy beat that could be a fitting choice for your video."
1698,lgBOgKr-HJo,lgBOgKr-HJo_tA5vcZ7CJyI,1H5B66DWUhA_MFK-uAl_Y2Q,1H5B66DWUhA,wo_prompt,5,It has a catchy,It has a catchy and energetic vibe that could be a great fit for your video.,audio-supported,audio,0,,1,E0_clause_split_artifact,斷句碎片（標註流程假影）,parent_audio-supported,"母句可歸屬，unsupported 係 split_claims 於 and/, 處切斷所致",,not_applicable,,,,not_applicable,1,0,"I recommend 'Bacchanalist' by Kerwin Du Bois. It's a track from the album 'Bacchanalist'. The song combines elements of pop, dance, and electronic music with female vocals. It has a catchy and energetic vibe that could be a great fit for your video."
1698,lgBOgKr-HJo,lgBOgKr-HJo_tA5vcZ7CJyI,1H5B66DWUhA_MFK-uAl_Y2Q,1H5B66DWUhA,wo_ltp,1,that that that that that that that that that that that that that that that that that that that that that that that that that that that that that that that that that that that that that that that that that that that that that that that that that that that that that that that that that that that that that that that that that that that that that that that that that that that that that,that that that that that that that that that that that that that that that that that that that that that that that that that that that that that that that that that that that that that that that that that that that that that that that that that that that that that that that that that that that that that that that that that that that that that that that that that that that that that,unsupported,unknown,1,type_token_ratio=0.02,0,E7_degenerate_generation,生成崩潰（退化輸出）,degenerate_output,整段生成為退化輸出（type_token_ratio=0.02），此時的 unsupported 反映生成崩潰而非主張缺乏證據,,not_applicable,,,,not_applicable,1,0,. and. and. and. and that. and that. and that. and that. and that. and that. and that. and that. that. that. that. that. that. that. that. that. that. that. that that that that that that that that that that that that that that that that that that that that that that that that that that that that that that that that that that that that that that that that that that that that that that that that that that that that that that that that that that that that that that that that that that that that that that that that that that that that that
1713,8n1M2_OuoEo,8n1M2_OuoEo_ylt23Hk65kM,NQCvKe98EZc_7ZCEZ0x-Kwg,NQCvKe98EZc,wo_audio_feature_only,3,soul with a focus on the music of C-kan.,"It's a track that combines elements of hip-hop, pop, and soul with a focus on the music of C-kan.",audio-supported,audio,0,,0,E0_clause_split_artifact,斷句碎片（標註流程假影）,parent_audio-supported,"母句可歸屬，unsupported 係 split_claims 於 and/, 處切斷所致",hip-hop;pop;soul,supported,hip-hop;pop;soul,,,not_applicable,1,0,"Allow me to recommend 'C-kan' by C-kan. It's a track that combines elements of hip-hop, pop, and soul with a focus on the music of C-kan. It could be a fitting choice for your video, as it incorporates the distinctive style of C-kan and the influences of soul and R&B."
1713,8n1M2_OuoEo,8n1M2_OuoEo_ylt23Hk65kM,NQCvKe98EZc_7ZCEZ0x-Kwg,NQCvKe98EZc,wo_ltp,1,"111 111,1 111,1 111,11,11,11,11,11,11,11,11,11,11,11,11,11,11,11,11,11,11,111,111,111,111,111,111,11,1111111111111111","111 111,1 111,1 111,11,11,11,11,11,11,11,11,11,11,11,11,11,11,11,11,11,11,111,111,111,111,111,111,11,1111111111111111",unsupported,unknown,1,too_few_tokens=0,0,E7_degenerate_generation,生成崩潰（退化輸出）,degenerate_output,整段生成為退化輸出（too_few_tokens=0），此時的 unsupported 反映生成崩潰而非主張缺乏證據,,not_applicable,,,,not_applicable,1,0,"101.
101.
111
111,1
111,1
111,11,11,11,11,11,11,11,11,11,11,11,11,11,11,11,11,11,11,111,111,111,111,111,111,11,1111111111111111"
1753,dfMrsrzxZxc,dfMrsrzxZxc_FL9Vv_mEwN8,dfMrsrzxZxc_FL9Vv_mEwN8,dfMrsrzxZxc,wo_video,3,It has a catchy,It has a catchy and energetic vibe that would be perfect for your video.,audio-supported,audio,0,,1,E0_clause_split_artifact,斷句碎片（標註流程假影）,parent_audio-supported,"母句可歸屬，unsupported 係 split_claims 於 and/, 處切斷所致",,not_applicable,,,,not_applicable,1,0,"In that case, I would recommend 'Why Me' by Krizz Kaliko. This track combines elements of Hip-Hop, R&B, soul, electronic, and pop. It has a catchy and energetic vibe that would be perfect for your video."
1753,dfMrsrzxZxc,dfMrsrzxZxc_FL9Vv_mEwN8,dfMrsrzxZxc_FL9Vv_mEwN8,dfMrsrzxZxc,wo_audio_feature_only,4,"soul, which align with the electronic","Although I don't have specific information about this track, it falls under the genres of Hip-Hop, R&B, and soul, which align with the electronic and pop elements you're looking for.",prompt-supported,prompt,0,,1,E0_clause_split_artifact,斷句碎片（標註流程假影）,parent_prompt-supported,"母句可歸屬，unsupported 係 split_claims 於 and/, 處切斷所致",electronic;hip-hop;pop;r&b;soul,supported,electronic;hip-hop;pop;r&b;soul,,,not_applicable,1,0,"In that case, I would recommend 'Hip-Hop, R&B, and soul' by Krizz Kaliko. Although I don't have specific information about this track, it falls under the genres of Hip-Hop, R&B, and soul, which align with the electronic and pop elements you're looking for."
1753,dfMrsrzxZxc,dfMrsrzxZxc_FL9Vv_mEwN8,dfMrsrzxZxc_FL9Vv_mEwN8,dfMrsrzxZxc,wo_audio_all,2,soul with a touch of electronic,"In that case, I would recommend 'Hip-Hop, R&B, and soul with a touch of electronic and pop.",general-supported,general,0,,1,E0_clause_split_artifact,斷句碎片（標註流程假影）,parent_general-supported,"母句可歸屬，unsupported 係 split_claims 於 and/, 處切斷所致",electronic;hip-hop;pop;r&b;soul,supported,electronic;hip-hop;pop;r&b;soul,,,not_applicable,1,0,"In that case, I would recommend 'Hip-Hop, R&B, and soul with a touch of electronic and pop. This track by The Hip-Hop, R&B, and soul with a touch of electronic and pop is a perfect fit for your video. It combines elements of Hip-Hop, R&B, and soul with a touch of electronic and pop, creating a unique and vibrant sound that will add a dynamic and energetic feel to your video."
1753,dfMrsrzxZxc,dfMrsrzxZxc_FL9Vv_mEwN8,dfMrsrzxZxc_FL9Vv_mEwN8,dfMrsrzxZxc,wo_audio_all,4,soul with a touch of electronic,"In that case, I would recommend 'Hip-Hop, R&B, and soul with a touch of electronic and pop.",general-supported,general,0,,1,E0_clause_split_artifact,斷句碎片（標註流程假影）,parent_general-supported,"母句可歸屬，unsupported 係 split_claims 於 and/, 處切斷所致",electronic;hip-hop;pop;r&b;soul,supported,electronic;hip-hop;pop;r&b;soul,,,not_applicable,1,0,"In that case, I would recommend 'Hip-Hop, R&B, and soul with a touch of electronic and pop. This track by The Hip-Hop, R&B, and soul with a touch of electronic and pop is a perfect fit for your video. It combines elements of Hip-Hop, R&B, and soul with a touch of electronic and pop, creating a unique and vibrant sound that will add a dynamic and energetic feel to your video."
1753,dfMrsrzxZxc,dfMrsrzxZxc_FL9Vv_mEwN8,dfMrsrzxZxc_FL9Vv_mEwN8,dfMrsrzxZxc,wo_audio_all,7,soul with a touch of electronic,"In that case, I would recommend 'Hip-Hop, R&B, and soul with a touch of electronic and pop.",general-supported,general,0,,1,E0_clause_split_artifact,斷句碎片（標註流程假影）,parent_general-supported,"母句可歸屬，unsupported 係 split_claims 於 and/, 處切斷所致",electronic;hip-hop;pop;r&b;soul,supported,electronic;hip-hop;pop;r&b;soul,,,not_applicable,1,0,"In that case, I would recommend 'Hip-Hop, R&B, and soul with a touch of electronic and pop. This track by The Hip-Hop, R&B, and soul with a touch of electronic and pop is a perfect fit for your video. It combines elements of Hip-Hop, R&B, and soul with a touch of electronic and pop, creating a unique and vibrant sound that will add a dynamic and energetic feel to your video."
1753,dfMrsrzxZxc,dfMrsrzxZxc_FL9Vv_mEwN8,dfMrsrzxZxc_FL9Vv_mEwN8,dfMrsrzxZxc,wo_audio_all,8,"pop, creating a unique","It combines elements of Hip-Hop, R&B, and soul with a touch of electronic and pop, creating a unique and vibrant sound that will add a dynamic and energetic feel to your video.",audio-supported,audio,0,,1,E0_clause_split_artifact,斷句碎片（標註流程假影）,parent_audio-supported,"母句可歸屬，unsupported 係 split_claims 於 and/, 處切斷所致",electronic;hip-hop;pop;r&b;soul,supported,electronic;hip-hop;pop;r&b;soul,,,not_applicable,1,0,"In that case, I would recommend 'Hip-Hop, R&B, and soul with a touch of electronic and pop. This track by The Hip-Hop, R&B, and soul with a touch of electronic and pop is a perfect fit for your video. It combines elements of Hip-Hop, R&B, and soul with a touch of electronic and pop, creating a unique and vibrant sound that will add a dynamic and energetic feel to your video."
1753,dfMrsrzxZxc,dfMrsrzxZxc_FL9Vv_mEwN8,dfMrsrzxZxc_FL9Vv_mEwN8,dfMrsrzxZxc,wo_ltp,1,<EMPTY_GENERATION>,<EMPTY_GENERATION>,unsupported,unknown,1,too_few_tokens=1,0,E7_degenerate_generation,生成崩潰（退化輸出）,degenerate_output,整段生成為退化輸出（too_few_tokens=1），此時的 unsupported 反映生成崩潰而非主張缺乏證據,,not_applicable,,,,not_applicable,1,0,. I's's's's's's's's's's's's's's's's's's's's's's's's's's's's's's's's's's's's's's's's's's's's's's's's's's's's's's's's's's's's's's's
1801,psmUG8X-xVo,psmUG8X-xVo_TzzA6SX0LD0,bb9NuSTURg8_bfhO-QLi4lc,bb9NuSTURg8,wo_audio_feature_only,5,"It may contain elements of electronic, dance","It may contain elements of electronic, dance, and pop, which could be a fitting choice for your video.",general-supported,general,0,,1,E0_clause_split_artifact,斷句碎片（標註流程假影）,parent_general-supported,"母句可歸屬，unsupported 係 split_claims 於 and/, 處切斷所致",dance;electronic;pop,partially_supported,electronic;pop,dance,,not_applicable,1,0,"In that case, I would recommend 'Mi Vida' by Alba G. It's a track with female vocals and a more techno and pop sound. Although I don't have specific information about this track, it falls under the genres of Hip-Hop, pop, and rock, which align with the techno and pop sound. It may contain elements of electronic, dance, and pop, which could be a fitting choice for your video."
1801,psmUG8X-xVo,psmUG8X-xVo_TzzA6SX0LD0,bb9NuSTURg8_bfhO-QLi4lc,bb9NuSTURg8,wo_prompt,5,It has a catchy,It has a catchy and energetic vibe that could be a great fit for your video.,audio-supported,audio,0,,1,E0_clause_split_artifact,斷句碎片（標註流程假影）,parent_audio-supported,"母句可歸屬，unsupported 係 split_claims 於 and/, 處切斷所致",,not_applicable,,,,not_applicable,1,0,"I recommend 'Deri Kur Ma-3957' by Alba G. It's a track from their album 'Deri Kur Ma-3957'. The song combines elements of Hip-Hop, pop, and electronic music with female vocals. It has a catchy and energetic vibe that could be a great fit for your video."
1801,psmUG8X-xVo,psmUG8X-xVo_TzzA6SX0LD0,bb9NuSTURg8_bfhO-QLi4lc,bb9NuSTURg8,wo_ltp,1,<EMPTY_GENERATION>,<EMPTY_GENERATION>,unsupported,unknown,1,type_token_ratio=0.03,0,E7_degenerate_generation,生成崩潰（退化輸出）,degenerate_output,整段生成為退化輸出（type_token_ratio=0.03），此時的 unsupported 反映生成崩潰而非主張缺乏證據,,not_applicable,,,,not_applicable,1,0,. is is is. is is. is. is. is. is. is. is. is. is. is. is. is. is. is. is. is. is. is. is. is. is. is. is. is. is. is. is. is. is. is. is. is. is. is. is.1:1:1:1:1:1:1:1:1:1:1:1:1:1:1:1:1:1:1:1:1:1:1:1:1:1:
1835,i14CO18tEJA,i14CO18tEJA_wyDJKPE1cII,uoBLFHMxm5Y_NQsAjGcC7Fw,uoBLFHMxm5Y,full,4,"incorporates electronic elements, which could add a unique touch to your video.","The song has a fast beat and incorporates electronic elements, which could add a unique touch to your video.",audio-supported,audio,0,,0,E0_clause_split_artifact,斷句碎片（標註流程假影）,parent_audio-supported,"母句可歸屬，unsupported 係 split_claims 於 and/, 處切斷所致",electronic,supported,electronic,,,not_applicable,1,0,"Certainly! How about 'Senza Parole' by D.A.M.? It's a track that combines elements of hip-hop, electronic, and soul. The song has a fast beat and incorporates electronic elements, which could add a unique touch to your video. It was released in 2012 and has a music video directed by D.A.M."
1835,i14CO18tEJA,i14CO18tEJA_wyDJKPE1cII,uoBLFHMxm5Y_NQsAjGcC7Fw,uoBLFHMxm5Y,wo_prompt,2,"Although I don't have specific information about this track, The Sleepy Sun is known for their electronic, Hip-Hop","Although I don't have specific information about this track, The Sleepy Sun is known for their electronic, Hip-Hop, and rock influences.",audio-supported,audio,0,,1,E0_clause_split_artifact,斷句碎片（標註流程假影）,parent_audio-supported,"母句可歸屬，unsupported 係 split_claims 於 and/, 處切斷所致",electronic;hip-hop;rock,supported,electronic;hip-hop;rock,,,not_applicable,1,0,"In order to recommend the most suitable background music for your video, I suggest considering the track 'Sunset' by The Sleepy Sun. Although I don't have specific information about this track, The Sleepy Sun is known for their electronic, Hip-Hop, and rock influences. This combination of genres could provide a unique and captivating sound for your video."
1835,i14CO18tEJA,i14CO18tEJA_wyDJKPE1cII,uoBLFHMxm5Y_NQsAjGcC7Fw,uoBLFHMxm5Y,wo_prompt,3,This combination of genres could provide a unique,This combination of genres could provide a unique and captivating sound for your video.,audio-supported,audio,0,,1,E0_clause_split_artifact,斷句碎片（標註流程假影）,parent_audio-supported,"母句可歸屬，unsupported 係 split_claims 於 and/, 處切斷所致",,not_applicable,,,,not_applicable,1,0,"In order to recommend the most suitable background music for your video, I suggest considering the track 'Sunset' by The Sleepy Sun. Although I don't have specific information about this track, The Sleepy Sun is known for their electronic, Hip-Hop, and rock influences. This combination of genres could provide a unique and captivating sound for your video."
1835,i14CO18tEJA,i14CO18tEJA_wyDJKPE1cII,uoBLFHMxm5Y_NQsAjGcC7Fw,uoBLFHMxm5Y,wo_ltp,1,s is is is is is is is is.,s is is is is is is is is.,unsupported,unknown,1,type_token_ratio=0.03,0,E7_degenerate_generation,生成崩潰（退化輸出）,degenerate_output,整段生成為退化輸出（type_token_ratio=0.03），此時的 unsupported 反映生成崩潰而非主張缺乏證據,,not_applicable,,,,not_applicable,1,0,"s is is is is is is is is.
s is is is is is.
s.
s.
s.
s.s
s.
s.s
s.s
s.s
s.s
s.s
s.s
s.s
s.s
s.s
s.s
s.s
s.s
s.s
s:s
s:s
s:s
s:s
s:s
s:s
s:s
s:s
s:s
s:s"
1835,i14CO18tEJA,i14CO18tEJA_wyDJKPE1cII,uoBLFHMxm5Y_NQsAjGcC7Fw,uoBLFHMxm5Y,wo_ltp,2,s is is is is is.,s is is is is is is is is.,unsupported,unknown,1,type_token_ratio=0.03,0,E7_degenerate_generation,生成崩潰（退化輸出）,degenerate_output,整段生成為退化輸出（type_token_ratio=0.03），此時的 unsupported 反映生成崩潰而非主張缺乏證據,,not_applicable,,,,not_applicable,1,0,"s is is is is is is is is.
s is is is is is.
s.
s.
s.
s.s
s.
s.s
s.s
s.s
s.s
s.s
s.s
s.s
s.s
s.s
s.s
s.s
s.s
s.s
s:s
s:s
s:s
s:s
s:s
s:s
s:s
s:s
s:s
s:s"
1835,i14CO18tEJA,i14CO18tEJA_wyDJKPE1cII,uoBLFHMxm5Y_NQsAjGcC7Fw,uoBLFHMxm5Y,wo_ltp,3,s.s s.s s.s s.s s.s s.s s.s s.s s.s s.s s.s s.s s.s s:s s:s s:s s:s s:s s:s s:s s:s s:s s:s,s.s s.s s.s s.s s.s s.s s.s s.s s.s s.s s.s s.s s.s s:s s:s s:s s:s s:s s:s s:s s:s s:s s:s,unsupported,unknown,1,type_token_ratio=0.03,0,E7_degenerate_generation,生成崩潰（退化輸出）,degenerate_output,整段生成為退化輸出（type_token_ratio=0.03），此時的 unsupported 反映生成崩潰而非主張缺乏證據,,not_applicable,,,,not_applicable,1,0,"s is is is is is is is is.
s is is is is is.
s.
s.
s.
s.s
s.
s.s
s.s
s.s
s.s
s.s
s.s
s.s
s.s
s.s
s.s
s.s
s.s
s.s
s:s
s:s
s:s
s:s
s:s
s:s
s:s
s:s
s:s
s:s"
1861,mjpjzg8cPbk,mjpjzg8cPbk_P0OCoCCMsUc,mjpjzg8cPbk_P0OCoCCMsUc,mjpjzg8cPbk,full,2,This track has a rock,"This track has a rock and alternative sound, with elements of indie and pop.",audio-supported,audio,0,,1,E0_clause_split_artifact,斷句碎片（標註流程假影）,parent_audio-supported,"母句可歸屬，unsupported 係 split_claims 於 and/, 處切斷所致",alternative;indie;pop;rock,supported,alternative;indie;pop;rock,,,not_applicable,1,0,"In that case, I would recommend 'We Stand' by Jesus Culture feat. This track has a rock and alternative sound, with elements of indie and pop. It's part of the album 'We Cry Out' and it's performed by Jesus Culture. It would be a great fit for your video."
1861,mjpjzg8cPbk,mjpjzg8cPbk_P0OCoCCMsUc,mjpjzg8cPbk_P0OCoCCMsUc,mjpjzg8cPbk,wo_video,2,This track has a rock,"This track has a rock and alternative sound, which aligns well with your preferences.",preference-supported,preference,0,,1,E0_clause_split_artifact,斷句碎片（標註流程假影）,parent_preference-supported,"母句可歸屬，unsupported 係 split_claims 於 and/, 處切斷所致",alternative;rock,supported,alternative;rock,,,not_applicable,1,0,"In that case, I would recommend 'We Stand (Live) by Jesus Culture feat'. This track has a rock and alternative sound, which aligns well with your preferences. It's part of the album 'We Stand (Live) by Jesus Culture feat'."
1861,mjpjzg8cPbk,mjpjzg8cPbk_P0OCoCCMsUc,mjpjzg8cPbk_P0OCoCCMsUc,mjpjzg8cPbk,wo_audio_all,3,This track has a rock,"This track has a rock and alternative sound with elements of rock, indie, and alternative genres.",audio-supported,audio,0,,1,E0_clause_split_artifact,斷句碎片（標註流程假影）,parent_audio-supported,"母句可歸屬，unsupported 係 split_claims 於 and/, 處切斷所致",alternative;indie;rock,supported,alternative;indie;rock,,,not_applicable,1,0,"In that case, I would recommend 'Rock and Alternative' by The Black Keys. This track has a rock and alternative sound with elements of rock, indie, and alternative genres. It's a perfect fit for your video, combining the energetic and powerful rock vibe with the alternative sound of indie and alternative genres."
1861,mjpjzg8cPbk,mjpjzg8cPbk_P0OCoCCMsUc,mjpjzg8cPbk_P0OCoCCMsUc,mjpjzg8cPbk,wo_ltp,1,<EMPTY_GENERATION>,<EMPTY_GENERATION>,unsupported,unknown,1,too_few_tokens=9,0,E7_degenerate_generation,生成崩潰（退化輸出）,degenerate_output,整段生成為退化輸出（too_few_tokens=9），此時的 unsupported 反映生成崩潰而非主張缺乏證據,,not_applicable,,,,not_applicable,1,0,. is.t4th.4th.5th.4th.4th.4th.4th.4.4.4.4.4.4.4.4.4.4.4.4.4.4.4.4.4.4.4.4.4.4.4.4.4.4.4.4.4.4.4.4.4.4.4.4.4.4.4.4.4.4.4.4.4.4.4.4.4.4.4.4
1896,kt2lmbNPFk4,kt2lmbNPFk4_C5PUb0hCtj4,kt2lmbNPFk4_C5PUb0hCtj4,kt2lmbNPFk4,full,4,pop with a dance vibe.,"It combines elements of hip-hop, electronic, and pop with a dance vibe.",audio-supported,audio,0,,0,E0_clause_split_artifact,斷句碎片（標註流程假影）,parent_audio-supported,"母句可歸屬，unsupported 係 split_claims 於 and/, 處切斷所致",dance;electronic;hip-hop;pop,supported,dance;electronic;hip-hop;pop,,,not_applicable,1,0,"Allow me to recommend 'Keep Your Head Down' by TVXQ! It's a track from their album 'Keep Your Head Down'. It combines elements of hip-hop, electronic, and pop with a dance vibe. The song has a fast-paced and energetic sound that could be a fitting choice for your video."
1896,kt2lmbNPFk4,kt2lmbNPFk4_C5PUb0hCtj4,kt2lmbNPFk4_C5PUb0hCtj4,kt2lmbNPFk4,wo_audio_feature_only,2,It's a track that combines elements from both TVXQ!,It's a track that combines elements from both TVXQ!,unsupported,unknown,0,,0,E6_likely_hallucination,可能幻覺,unclassified_specific_claim,具體主張但未命中任何證據來源,,not_applicable,,,,not_applicable,1,1,Allow me to recommend 'TVXQ!' by TVXQ! It's a track that combines elements from both TVXQ! and the dance and pop genres. It has a mix of hip-hop and electronic components that could be a fitting choice for your recommendation.
1896,kt2lmbNPFk4,kt2lmbNPFk4_C5PUb0hCtj4,kt2lmbNPFk4_C5PUb0hCtj4,kt2lmbNPFk4,wo_audio_feature_only,3,It has a mix of hip-hop,It has a mix of hip-hop and electronic components that could be a fitting choice for your recommendation.,general-supported,general,0,,1,E0_clause_split_artifact,斷句碎片（標註流程假影）,parent_general-supported,"母句可歸屬，unsupported 係 split_claims 於 and/, 處切斷所致",electronic;hip-hop,supported,electronic;hip-hop,,,not_applicable,1,0,Allow me to recommend 'TVXQ!' by TVXQ! It's a track that combines elements from both TVXQ! and the dance and pop genres. It has a mix of hip-hop and electronic components that could be a fitting choice for your recommendation.
1896,kt2lmbNPFk4,kt2lmbNPFk4_C5PUb0hCtj4,kt2lmbNPFk4_C5PUb0hCtj4,kt2lmbNPFk4,wo_ltp,1,<EMPTY_GENERATION>,<EMPTY_GENERATION>,unsupported,unknown,1,type_token_ratio=0.12,0,E7_degenerate_generation,生成崩潰（退化輸出）,degenerate_output,整段生成為退化輸出（type_token_ratio=0.12），此時的 unsupported 反映生成崩潰而非主張缺乏證據,,not_applicable,,,,not_applicable,1,0,??????????????????????????????????????????t??t?t?t?t?t?t?t?t?t?t?t?t?t?t?t?t?t?t?t?tt?t?t?tttttttttttttttttttttttttttttttttttttt
1897,bTOju_n8BJ4,bTOju_n8BJ4_ym5bIhHJvM4,bTOju_n8BJ4_ym5bIhHJvM4,bTOju_n8BJ4,full,2,This track has a dance,This track has a dance and electronic sound with female vocals.,audio-supported,audio,0,,1,E0_clause_split_artifact,斷句碎片（標註流程假影）,parent_audio-supported,"母句可歸屬，unsupported 係 split_claims 於 and/, 處切斷所致",dance;electronic,supported,dance;electronic,,,not_applicable,1,0,Certainly! I would recommend 'My life is mine' by Miriam Reyes. This track has a dance and electronic sound with female vocals. It's part of the album 'My life is mine' and offers a catchy and energetic vibe that would be perfect for your video.
1897,bTOju_n8BJ4,bTOju_n8BJ4_ym5bIhHJvM4,bTOju_n8BJ4_ym5bIhHJvM4,bTOju_n8BJ4,wo_video,2,This track has a dance,"This track has a dance and electronic vibe, with female vocals.",audio-supported,audio,0,,1,E0_clause_split_artifact,斷句碎片（標註流程假影）,parent_audio-supported,"母句可歸屬，unsupported 係 split_claims 於 and/, 處切斷所致",dance;electronic,supported,dance;electronic,,,not_applicable,1,0,"In that case, I would recommend 'Miriam Reyes - My Life Is Mine'. This track has a dance and electronic vibe, with female vocals. It's a great choice for your video."
1897,bTOju_n8BJ4,bTOju_n8BJ4_ym5bIhHJvM4,bTOju_n8BJ4_ym5bIhHJvM4,bTOju_n8BJ4,wo_audio_feature_only,2,It's a dance track with electronic vibe,It's a dance track with electronic vibe and female vocals.,audio-supported,audio,0,,1,E0_clause_split_artifact,斷句碎片（標註流程假影）,parent_audio-supported,"母句可歸屬，unsupported 係 split_claims 於 and/, 處切斷所致",dance;electronic,supported,dance;electronic,,,not_applicable,1,0,"In that case, I would recommend 'Dance with Me' by Miriam Reyes. It's a dance track with electronic vibe and female vocals. Although I don't have specific information about this track, it falls under the genres of dance, electronic, and pop with female vocals. It could be a fitting choice for your video."
1897,bTOju_n8BJ4,bTOju_n8BJ4_ym5bIhHJvM4,bTOju_n8BJ4_ym5bIhHJvM4,bTOju_n8BJ4,wo_audio_all,2,This track has a dance,"This track has a dance and electronic vibe with female vocals, and it's classified as dance, electronic, pop, and female vocalists.",audio-supported,audio,0,,1,E0_clause_split_artifact,斷句碎片（標註流程假影）,parent_audio-supported,"母句可歸屬，unsupported 係 split_claims 於 and/, 處切斷所致",dance;electronic;pop,supported,dance;electronic;pop,,,not_applicable,1,0,"In that case, I would recommend 'Dance With Me' by DJ Snake. This track has a dance and electronic vibe with female vocals, and it's classified as dance, electronic, pop, and female vocalists. It's a perfect fit for your video, combining the elements you're looking for."
1897,bTOju_n8BJ4,bTOju_n8BJ4_ym5bIhHJvM4,bTOju_n8BJ4_ym5bIhHJvM4,bTOju_n8BJ4,wo_audio_all,4,"it's classified as dance, electronic, pop","This track has a dance and electronic vibe with female vocals, and it's classified as dance, electronic, pop, and female vocalists.",audio-supported,audio,0,,1,E0_clause_split_artifact,斷句碎片（標註流程假影）,parent_audio-supported,"母句可歸屬，unsupported 係 split_claims 於 and/, 處切斷所致",dance;electronic;pop,supported,dance;electronic;pop,,,not_applicable,1,0,"In that case, I would recommend 'Dance With Me' by DJ Snake. This track has a dance and electronic vibe with female vocals, and it's classified as dance, electronic, pop, and female vocalists. It's a perfect fit for your video, combining the elements you're looking for."
1897,bTOju_n8BJ4,bTOju_n8BJ4_ym5bIhHJvM4,bTOju_n8BJ4_ym5bIhHJvM4,bTOju_n8BJ4,wo_prompt,2,This track is a dance,This track is a dance and electronic song with a pop and house influence.,audio-supported,audio,0,,1,E0_clause_split_artifact,斷句碎片（標註流程假影）,parent_audio-supported,"母句可歸屬，unsupported 係 split_claims 於 and/, 處切斷所致",dance;electronic;house;pop,supported,dance;electronic;house;pop,,,not_applicable,1,0,"In that case, I recommend 'My life is mine' by Miriam Reyes. This track is a dance and electronic song with a pop and house influence. It has a catchy beat and a female vocalist, which can add a vibrant and energetic vibe to your video."
1897,bTOju_n8BJ4,bTOju_n8BJ4_ym5bIhHJvM4,bTOju_n8BJ4_ym5bIhHJvM4,bTOju_n8BJ4,wo_prompt,3,electronic song with a pop,This track is a dance and electronic song with a pop and house influence.,audio-supported,audio,0,,1,E0_clause_split_artifact,斷句碎片（標註流程假影）,parent_audio-supported,"母句可歸屬，unsupported 係 split_claims 於 and/, 處切斷所致",dance;electronic;house;pop,supported,dance;electronic;house;pop,,,not_applicable,1,0,"In that case, I recommend 'My life is mine' by Miriam Reyes. This track is a dance and electronic song with a pop and house influence. It has a catchy beat and a female vocalist, which can add a vibrant and energetic vibe to your video."
1897,bTOju_n8BJ4,bTOju_n8BJ4_ym5bIhHJvM4,bTOju_n8BJ4_ym5bIhHJvM4,bTOju_n8BJ4,wo_ltp,1,is is that is,", is is that is, and that is, and that is, and that., and that., that is, and that, and that, and that, and that, and that., that., that.",unsupported,unknown,1,type_token_ratio=0.04,1,E7_degenerate_generation,生成崩潰（退化輸出）,degenerate_output,整段生成為退化輸出（type_token_ratio=0.04），此時的 unsupported 反映生成崩潰而非主張缺乏證據,,not_applicable,,,,not_applicable,1,0,", is is that is, and that is, and that is, and that., and that., that is, and that, and that, and that, and that, and that., that., that. that? that. that. that, that, that, that, that, that, that, that, that, that, that, that, that, that, that, that, that, that, that, that, that, that, that, that, that, that, that, that, that, that, that, that, that, that, that, that, that, that,"
1897,bTOju_n8BJ4,bTOju_n8BJ4_ym5bIhHJvM4,bTOju_n8BJ4_ym5bIhHJvM4,bTOju_n8BJ4,wo_ltp,2,"that, that, that, that, that, that, that, that, that, that, that, that, that, that, that, that, that, that, that, that, that, that, that, that, that, that, that, that, that, that, that, that, that, that, that, that, that, that","that, that, that, that, that, that, that, that, that, that, that, that, that, that, that, that, that, that, that, that, that, that, that, that, that, that, that, that, that, that, that, that, that, that, that, that, that, that,",unsupported,unknown,1,type_token_ratio=0.04,0,E7_degenerate_generation,生成崩潰（退化輸出）,degenerate_output,整段生成為退化輸出（type_token_ratio=0.04），此時的 unsupported 反映生成崩潰而非主張缺乏證據,,not_applicable,,,,not_applicable,1,0,", is is that is, and that is, and that is, and that., and that., that is, and that, and that, and that, and that, and that., that., that. that? that. that. that, that, that, that, that, that, that, that, that, that, that, that, that, that, that, that, that, that, that, that, that, that, that, that, that, that, that, that, that, that, that, that, that, that, that, that, that, that,"
1919,8lC-j7d9vsA,8lC-j7d9vsA_xD52EgezbI8,gwxHiR8bXys_oOmdRlyjFJg,gwxHiR8bXys,full,2,This track has a rock,This track has a rock and alternative sound with elements of Hip-Hop and electronic.,audio-supported,audio,0,,1,E0_clause_split_artifact,斷句碎片（標註流程假影）,parent_audio-supported,"母句可歸屬，unsupported 係 split_claims 於 and/, 處切斷所致",alternative;electronic;hip-hop;rock,supported,alternative;electronic;hip-hop;rock,,,not_applicable,1,0,"In that case, I would recommend 'Niechętny' by K.A.S.A. This track has a rock and alternative sound with elements of Hip-Hop and electronic. It was released in 2009 and captures the essence of the 00s. It's part of the album 'Niechętny'."
1919,8lC-j7d9vsA,8lC-j7d9vsA_xD52EgezbI8,gwxHiR8bXys_oOmdRlyjFJg,gwxHiR8bXys,full,5,captures the essence of the 00s.,It was released in 2009 and captures the essence of the 00s.,metadata-supported,metadata,0,,0,E0_clause_split_artifact,斷句碎片（標註流程假影）,parent_metadata-supported,"母句可歸屬，unsupported 係 split_claims 於 and/, 處切斷所致",,not_applicable,,,,not_applicable,1,0,"In that case, I would recommend 'Niechętny' by K.A.S.A. This track has a rock and alternative sound with elements of Hip-Hop and electronic. It was released in 2009 and captures the essence of the 00s. It's part of the album 'Niechętny'."
1919,8lC-j7d9vsA,8lC-j7d9vsA_xD52EgezbI8,gwxHiR8bXys_oOmdRlyjFJg,gwxHiR8bXys,wo_video,2,This track has a rock,This track has a rock and alternative sound with elements of Hip-Hop and electronic.,audio-supported,audio,0,,1,E0_clause_split_artifact,斷句碎片（標註流程假影）,parent_audio-supported,"母句可歸屬，unsupported 係 split_claims 於 and/, 處切斷所致",alternative;electronic;hip-hop;rock,supported,alternative;electronic;hip-hop;rock,,,not_applicable,1,0,"In that case, I would recommend 'NO WONDER by VIKN×SPERB'. This track has a rock and alternative sound with elements of Hip-Hop and electronic. It's part of the album 'NO WONDER by VIKN×SPERB' and it's available for download on iTunes."
1919,8lC-j7d9vsA,8lC-j7d9vsA_xD52EgezbI8,gwxHiR8bXys_oOmdRlyjFJg,gwxHiR8bXys,wo_video,5,it's available for download on iTunes.,It's part of the album 'NO WONDER by VIKN×SPERB' and it's available for download on iTunes.,metadata-supported,metadata,0,,0,E0_clause_split_artifact,斷句碎片（標註流程假影）,parent_metadata-supported,"母句可歸屬，unsupported 係 split_claims 於 and/, 處切斷所致",,not_applicable,,,NO WONDER by VIKN×SPERB,not_found,1,0,"In that case, I would recommend 'NO WONDER by VIKN×SPERB'. This track has a rock and alternative sound with elements of Hip-Hop and electronic. It's part of the album 'NO WONDER by VIKN×SPERB' and it's available for download on iTunes."
1919,8lC-j7d9vsA,8lC-j7d9vsA_xD52EgezbI8,gwxHiR8bXys_oOmdRlyjFJg,gwxHiR8bXys,wo_audio_feature_only,5,it has a distinctive style that could be interesting for you.,"It's a track that combines elements of Hip-Hop, rock, and alternative genres, and it has a distinctive style that could be interesting for you.",audio-supported,audio,0,,0,E0_clause_split_artifact,斷句碎片（標註流程假影）,parent_audio-supported,"母句可歸屬，unsupported 係 split_claims 於 and/, 處切斷所致",alternative;hip-hop;rock,supported,alternative;hip-hop;rock,,,not_applicable,1,0,"In that case, I would recommend 'Rock'n Roll' by The 00s. It's a track that combines elements of Hip-Hop, rock, and alternative genres. Although I don't have much information about this specific track, it might be worth checking out the music video for 'Rock'n Roll' by The 00s. It's a track that combines elements of Hip-Hop, rock, and alternative genres, and it has a distinctive style that could be interesting for you."
1919,8lC-j7d9vsA,8lC-j7d9vsA_xD52EgezbI8,gwxHiR8bXys_oOmdRlyjFJg,gwxHiR8bXys,wo_audio_all,2,This track has a rock,"This track has a rock and alternative vibe, with elements of Hip-Hop, electronic, dance, and pop.",unsupported,unknown,0,,1,E2_metadata_unsupported,音樂元資料不支持,genre_partially_supported,部分曲風查無支持：['dance']（musicnn 標籤有雜訊，查無支持不等於事實錯誤）,alternative;dance;electronic;hip-hop;pop;rock,partially_supported,alternative;electronic;hip-hop;pop;rock,dance,,not_applicable,1,1,"In that case, I would recommend 'Rock & Alternative' by The 00s. This track has a rock and alternative vibe, with elements of Hip-Hop, electronic, dance, and pop. It's a great choice for a party with a mix of rock and alternative influences."
1919,8lC-j7d9vsA,8lC-j7d9vsA_xD52EgezbI8,gwxHiR8bXys_oOmdRlyjFJg,gwxHiR8bXys,wo_audio_all,3,"alternative vibe, with elements of Hip-Hop, electronic, dance","This track has a rock and alternative vibe, with elements of Hip-Hop, electronic, dance, and pop.",unsupported,unknown,0,,1,E2_metadata_unsupported,音樂元資料不支持,genre_partially_supported,部分曲風查無支持：['dance']（musicnn 標籤有雜訊，查無支持不等於事實錯誤）,alternative;dance;electronic;hip-hop;pop;rock,partially_supported,alternative;electronic;hip-hop;pop;rock,dance,,not_applicable,1,1,"In that case, I would recommend 'Rock & Alternative' by The 00s. This track has a rock and alternative vibe, with elements of Hip-Hop, electronic, dance, and pop. It's a great choice for a party with a mix of rock and alternative influences."
1919,8lC-j7d9vsA,8lC-j7d9vsA_xD52EgezbI8,gwxHiR8bXys_oOmdRlyjFJg,gwxHiR8bXys,wo_ltp,1,<EMPTY_GENERATION>,<EMPTY_GENERATION>,unsupported,unknown,1,type_token_ratio=0.02,0,E7_degenerate_generation,生成崩潰（退化輸出）,degenerate_output,整段生成為退化輸出（type_token_ratio=0.02），此時的 unsupported 反映生成崩潰而非主張缺乏證據,,not_applicable,,,,not_applicable,1,0,.t.t.t.t.t.t.t.t.t.t.t.t.t.t.t.t.t.t.t.t.t.t.t.t.t.t.t.t.t.t.t.t.t.t.t.t.t.t.t.t.t.t.t.t:t.t:t.t:t:t:t:t:t:t:t:t:t:t:t:t:t:t:t:t
1950,XS7C6uA8H7Y,XS7C6uA8H7Y_-xufahb_Szs,XS7C6uA8H7Y_-xufahb_Szs,XS7C6uA8H7Y,wo_video,4,It has a catchy,It has a catchy and upbeat sound that would be perfect for your video.,audio-supported,audio,0,,1,E0_clause_split_artifact,斷句碎片（標註流程假影）,parent_audio-supported,"母句可歸屬，unsupported 係 split_claims 於 and/, 處切斷所致",,not_applicable,,,,not_applicable,1,0,"In that case, I would recommend 'Senza di te' by Manu Gavassi. This track features female vocals and falls under the pop genre. It has a catchy and upbeat sound that would be perfect for your video."
1950,XS7C6uA8H7Y,XS7C6uA8H7Y_-xufahb_Szs,XS7C6uA8H7Y_-xufahb_Szs,XS7C6uA8H7Y,wo_prompt,3,The song has a catchy,The song has a catchy and upbeat sound that could be a great fit for your video.,audio-supported,audio,0,,1,E0_clause_split_artifact,斷句碎片（標註流程假影）,parent_audio-supported,"母句可歸屬，unsupported 係 split_claims 於 and/, 處切斷所致",,not_applicable,,,,not_applicable,1,0,"In this case, I recommend the track 'Planos impossiveis' by Manu Gavassi. It's a pop and rock song with female vocals. The song has a catchy and upbeat sound that could be a great fit for your video."
1950,XS7C6uA8H7Y,XS7C6uA8H7Y_-xufahb_Szs,XS7C6uA8H7Y_-xufahb_Szs,XS7C6uA8H7Y,wo_ltp,1,"is is that is is that is that is that is that, that is that, that, that, that, that, that, that, that, that, that, that, that, that, that, that, that, that, that, that, that, that, that, that, that, that, that, that, that, that, that, that, that, that, that, that, that, that, that, that, that, that, that, that, that, that, that, that, that, that, that, that, that, that, that, that, that",", is is that is is that is that is that is that, that is that, that, that, that, that, that, that, that, that, that, that, that, that, that, that, that, that, that, that, that, that, that, that, that, that, that, that, that, that, that, that, that, that, that, that, that, that, that, that, that, that, that, that, that, that, that, that, that, that, that, that, that, that, that, that, that,",unsupported,unknown,1,type_token_ratio=0.03,0,E7_degenerate_generation,生成崩潰（退化輸出）,degenerate_output,整段生成為退化輸出（type_token_ratio=0.03），此時的 unsupported 反映生成崩潰而非主張缺乏證據,,not_applicable,,,,not_applicable,1,0,", is is that is is that is that is that is that, that is that, that, that, that, that, that, that, that, that, that, that, that, that, that, that, that, that, that, that, that, that, that, that, that, that, that, that, that, that, that, that, that, that, that, that, that, that, that, that, that, that, that, that, that, that, that, that, that, that, that, that, that, that, that, that, that,"
2011,FVVJNFvoRNg,FVVJNFvoRNg_YAkJaQTIZts,6dJjGYhE8Nc_mRErU4ullys,6dJjGYhE8Nc,full,4,dance with a touch of rock.,"The song combines elements of Hip-Hop, electronic, and dance with a touch of rock.",audio-supported,audio,0,,0,E0_clause_split_artifact,斷句碎片（標註流程假影）,parent_audio-supported,"母句可歸屬，unsupported 係 split_claims 於 and/, 處切斷所致",dance;electronic;hip-hop;rock,supported,dance;electronic;hip-hop;rock,,,not_applicable,1,0,"Certainly! How about 'Blow' by Land Lord? It's a track from his album 'Blow'. The song combines elements of Hip-Hop, electronic, and dance with a touch of rock. It has a fast-paced techno beat and male vocals, which could add an energetic and dynamic vibe to your video."
2011,FVVJNFvoRNg,FVVJNFvoRNg_YAkJaQTIZts,6dJjGYhE8Nc_mRErU4ullys,6dJjGYhE8Nc,full,7,dynamic vibe to your video.,"It has a fast-paced techno beat and male vocals, which could add an energetic and dynamic vibe to your video.",video-supported,video,0,,0,E0_clause_split_artifact,斷句碎片（標註流程假影）,parent_video-supported,"母句可歸屬，unsupported 係 split_claims 於 and/, 處切斷所致",,not_applicable,,,,not_applicable,1,0,"Certainly! How about 'Blow' by Land Lord? It's a track from his album 'Blow'. The song combines elements of Hip-Hop, electronic, and dance with a touch of rock. It has a fast-paced techno beat and male vocals, which could add an energetic and dynamic vibe to your video."
2011,FVVJNFvoRNg,FVVJNFvoRNg_YAkJaQTIZts,6dJjGYhE8Nc_mRErU4ullys,6dJjGYhE8Nc,wo_video,3,dance elements with a pop,It's a track that combines electronic beats and dance elements with a pop and indie vibe.,audio-supported,audio,0,,1,E0_clause_split_artifact,斷句碎片（標註流程假影）,parent_audio-supported,"母句可歸屬，unsupported 係 split_claims 於 and/, 處切斷所致",dance;electronic;indie;pop,partially_supported,dance;electronic,indie;pop,,not_applicable,1,0,"Certainly! How about 'Dance With Me' by The Wanted? It's a track that combines electronic beats and dance elements with a pop and indie vibe. Although I don't have much information about this track, it seems to align well with your preferences."
2011,FVVJNFvoRNg,FVVJNFvoRNg_YAkJaQTIZts,6dJjGYhE8Nc_mRErU4ullys,6dJjGYhE8Nc,wo_audio_feature_only,2,dance elements in my video.,I apologize for the lack of electronic beats and dance elements in my video.,audio-supported,audio,0,,0,E0_clause_split_artifact,斷句碎片（標註流程假影）,parent_audio-supported,"母句可歸屬，unsupported 係 split_claims 於 and/, 處切斷所致",dance;electronic,supported,dance;electronic,,,not_applicable,1,0,"I apologize for the lack of electronic beats and dance elements in my video. Unfortunately, I don't have any specific recommendations that match your preferences. However, I can recommend 'Dancehall' by DJ Danny. It's a track that combines elements of Hip-Hop, dance, and electronic beats with a focus on dance and electronic beats. It has a fast-paced techno-beats and a catchy beat that could be a fitting choice for your video."
2011,FVVJNFvoRNg,FVVJNFvoRNg_YAkJaQTIZts,6dJjGYhE8Nc_mRErU4ullys,6dJjGYhE8Nc,wo_audio_all,2,dance elements in my video.,I apologize for the lack of electronic beats and dance elements in my video.,audio-supported,audio,0,,0,E0_clause_split_artifact,斷句碎片（標註流程假影）,parent_audio-supported,"母句可歸屬，unsupported 係 split_claims 於 and/, 處切斷所致",dance;electronic,supported,dance;electronic,,,not_applicable,1,0,"I apologize for the lack of electronic beats and dance elements in my video. Unfortunately, I don't have any specific recommendations for electronic beats and dance elements. However, I can suggest exploring the electronic beats and dance elements in the music of artists like DJ Khaled, who are known for their electronic beats and dance elements in the Hip-Hop genre. You can also check out their collaboration with other artists like DJ Khaled, which may provide a more diverse and dynamic electronic beat and dance element experience for your video."
2011,FVVJNFvoRNg,FVVJNFvoRNg_YAkJaQTIZts,6dJjGYhE8Nc_mRErU4ullys,6dJjGYhE8Nc,wo_audio_all,8,dance element experience for your video.,"You can also check out their collaboration with other artists like DJ Khaled, which may provide a more diverse and dynamic electronic beat and dance element experience for your video.",metadata-supported,metadata,0,,0,E0_clause_split_artifact,斷句碎片（標註流程假影）,parent_metadata-supported,"母句可歸屬，unsupported 係 split_claims 於 and/, 處切斷所致",dance;electronic,supported,dance;electronic,,,not_applicable,1,0,"I apologize for the lack of electronic beats and dance elements in my video. Unfortunately, I don't have any specific recommendations for electronic beats and dance elements. However, I can suggest exploring the electronic beats and dance elements in the music of artists like DJ Khaled, who are known for their electronic beats and dance elements in the Hip-Hop genre. You can also check out their collaboration with other artists like DJ Khaled, which may provide a more diverse and dynamic electronic beat and dance element experience for your video."
2011,FVVJNFvoRNg,FVVJNFvoRNg_YAkJaQTIZts,6dJjGYhE8Nc_mRErU4ullys,6dJjGYhE8Nc,wo_ltp,1,<EMPTY_GENERATION>,<EMPTY_GENERATION>,unsupported,unknown,1,type_token_ratio=0.02,0,E7_degenerate_generation,生成崩潰（退化輸出）,degenerate_output,整段生成為退化輸出（type_token_ratio=0.02），此時的 unsupported 反映生成崩潰而非主張缺乏證據,,not_applicable,,,,not_applicable,1,0,"s.
s.s.
s.s.
s.s.
s.s.s.
s.s.s.s.s.s.s.s.s.s.s.s.s.s.s.s.s.s.s.s.s.s.s.s.s.s.s.s.s.s.s.s.s.s.s.s.s.s.s.s.s.s.s.s.s.s.s.s.s.s.s"
2014,3t8sLQEPY0o,3t8sLQEPY0o_aoGA3sc0aMA,Se5waJR_jXs_myXLYRhx8mE,Se5waJR_jXs,full,4,"hard rock, which aligns well with the intense","This song combines elements of rock, punk, and hard rock, which aligns well with the intense and energetic vibe you're looking for.",prompt-supported,prompt,0,,1,E0_clause_split_artifact,斷句碎片（標註流程假影）,parent_prompt-supported,"母句可歸屬，unsupported 係 split_claims 於 and/, 處切斷所致",punk;rock,supported,punk;rock,,,not_applicable,1,0,"Certainly! How about 'I'm Not Okay (I Promise)' by My Chemical Romance? It's a track from their album 'I'm Not Okay (I Promise)'. This song combines elements of rock, punk, and hard rock, which aligns well with the intense and energetic vibe you're looking for. It has a fast-paced and loud sound too."
2014,3t8sLQEPY0o,3t8sLQEPY0o_aoGA3sc0aMA,Se5waJR_jXs_myXLYRhx8mE,Se5waJR_jXs,wo_video,2,hard rock track with alternative,It's a punk and hard rock track with alternative and indie influences.,audio-supported,audio,0,,1,E0_clause_split_artifact,斷句碎片（標註流程假影）,parent_audio-supported,"母句可歸屬，unsupported 係 split_claims 於 and/, 處切斷所致",alternative;indie;punk;rock,supported,alternative;indie;punk;rock,,,not_applicable,1,0,"I suggest checking out 'The Last Song' by The Last Song. It's a punk and hard rock track with alternative and indie influences. Although I don't have much information about this specific track, it aligns with the punk and hard rock elements you're looking for."
2014,3t8sLQEPY0o,3t8sLQEPY0o_aoGA3sc0aMA,Se5waJR_jXs_myXLYRhx8mE,Se5waJR_jXs,wo_video,3,"Although I don't have much information about this specific track, it aligns with the punk","Although I don't have much information about this specific track, it aligns with the punk and hard rock elements you're looking for.",prompt-supported,prompt,0,,1,E0_clause_split_artifact,斷句碎片（標註流程假影）,parent_prompt-supported,"母句可歸屬，unsupported 係 split_claims 於 and/, 處切斷所致",punk;rock,supported,punk;rock,,,not_applicable,1,0,"I suggest checking out 'The Last Song' by The Last Song. It's a punk and hard rock track with alternative and indie influences. Although I don't have much information about this specific track, it aligns with the punk and hard rock elements you're looking for."
2014,3t8sLQEPY0o,3t8sLQEPY0o_aoGA3sc0aMA,Se5waJR_jXs_myXLYRhx8mE,Se5waJR_jXs,wo_audio_feature_only,3,They are known for their punk,"They are known for their punk and hard rock style, which aligns with your preferences.",preference-supported,preference,0,,1,E0_clause_split_artifact,斷句碎片（標註流程假影）,parent_preference-supported,"母句可歸屬，unsupported 係 split_claims 於 and/, 處切斷所致",punk;rock,supported,punk;rock,,,not_applicable,1,0,"I don't have any specific recommendations for you. However, I can suggest exploring the music of the band 'The Dirty Youth'. They are known for their punk and hard rock style, which aligns with your preferences. Their music is classified as rock, indie, and alternative, which may contain the specific elements you want."
2014,3t8sLQEPY0o,3t8sLQEPY0o_aoGA3sc0aMA,Se5waJR_jXs_myXLYRhx8mE,Se5waJR_jXs,wo_audio_feature_only,5,"Their music is classified as rock, indie","Their music is classified as rock, indie, and alternative, which may contain the specific elements you want.",prompt-supported,prompt,0,,1,E0_clause_split_artifact,斷句碎片（標註流程假影）,parent_prompt-supported,"母句可歸屬，unsupported 係 split_claims 於 and/, 處切斷所致",alternative;indie;rock,supported,alternative;indie;rock,,,not_applicable,1,0,"I don't have any specific recommendations for you. However, I can suggest exploring the music of the band 'The Dirty Youth'. They are known for their punk and hard rock style, which aligns with your preferences. Their music is classified as rock, indie, and alternative, which may contain the specific elements you want."
2014,3t8sLQEPY0o,3t8sLQEPY0o_aoGA3sc0aMA,Se5waJR_jXs_myXLYRhx8mE,Se5waJR_jXs,wo_audio_all,1,I apologize for the lack of punk,I apologize for the lack of punk and hard rock elements in my recommendation.,general-supported,general,0,,1,E0_clause_split_artifact,斷句碎片（標註流程假影）,parent_general-supported,"母句可歸屬，unsupported 係 split_claims 於 and/, 處切斷所致",punk;rock,supported,punk;rock,,,not_applicable,1,0,"I apologize for the lack of punk and hard rock elements in my recommendation. Unfortunately, I don't have any specific recommendations that match your criteria. However, I can suggest exploring the music of artists like The Donnas, The Donnas, and The Donnas. They are known for their punk and hard rock style, which might be a fitting choice for your video."
2014,3t8sLQEPY0o,3t8sLQEPY0o_aoGA3sc0aMA,Se5waJR_jXs_myXLYRhx8mE,Se5waJR_jXs,wo_audio_all,5,They are known for their punk,"They are known for their punk and hard rock style, which might be a fitting choice for your video.",audio-supported,audio,0,,1,E0_clause_split_artifact,斷句碎片（標註流程假影）,parent_audio-supported,"母句可歸屬，unsupported 係 split_claims 於 and/, 處切斷所致",punk;rock,supported,punk;rock,,,not_applicable,1,0,"I apologize for the lack of punk and hard rock elements in my recommendation. Unfortunately, I don't have any specific recommendations that match your criteria. However, I can suggest exploring the music of artists like The Donnas, The Donnas, and The Donnas. They are known for their punk and hard rock style, which might be a fitting choice for your video."
2014,3t8sLQEPY0o,3t8sLQEPY0o_aoGA3sc0aMA,Se5waJR_jXs_myXLYRhx8mE,Se5waJR_jXs,wo_prompt,3,It's a rock track with alternative,It's a rock track with alternative and indie influences.,audio-supported,audio,0,,1,E0_clause_split_artifact,斷句碎片（標註流程假影）,parent_audio-supported,"母句可歸屬，unsupported 係 split_claims 於 and/, 處切斷所致",alternative;indie;rock,supported,alternative;indie;rock,,,not_applicable,1,0,"In order to recommend the most suitable background music for your video, I suggest you consider 'Dead! Dead! Dead!' by My Chemical Romance. It's a rock track with alternative and indie influences. The song has a fast-paced and loud sound, which can add intensity to your video."
2014,3t8sLQEPY0o,3t8sLQEPY0o_aoGA3sc0aMA,Se5waJR_jXs_myXLYRhx8mE,Se5waJR_jXs,wo_ltp,1,that is that is that is that that that is that that that that that that that that that that that that that that that that that that that that that that that that that that that that that that that that that that that that that that that that that that that that that that that that that that that that that that that that that that that that that that that,that is that is that is that that that is that that that that that that that that that that that that that that that that that that that that that that that that that that that that that that that that that that that that that that that that that that that that that that that that that that that that that that that that that that that that that that that,unsupported,unknown,1,type_token_ratio=0.03,0,E7_degenerate_generation,生成崩潰（退化輸出）,degenerate_output,整段生成為退化輸出（type_token_ratio=0.03），此時的 unsupported 反映生成崩潰而非主張缺乏證據,,not_applicable,,,,not_applicable,1,0,", and, and that is., and that is is, and that is is, and that is, and that is, and that is is, and that. is that is. that is. that is that. that. that is that. that is that. that is that is that is that that that is that that that that that that that that that that that that that that that that that that that that that that that that that that that that that that that that that that that that that that that that that that that that that that that that that that that that that that that that that that that that that that that"
2058,btRS8oEZTps,btRS8oEZTps_fjJdFm0fj-o,-DCv-969UsQ_qiBH7E0iL1Y,-DCv-969UsQ,full,5,could add a unique touch to your video.,It was released in 2013 and could add a unique touch to your video.,metadata-supported,metadata,0,,0,E0_clause_split_artifact,斷句碎片（標註流程假影）,parent_metadata-supported,"母句可歸屬，unsupported 係 split_claims 於 and/, 處切斷所致",,not_applicable,,,,not_applicable,1,0,"Certainly! I recommend 'It's Going Down' by Young Bam feat; MobSquad Carollina. It's a track that combines elements of hip-hop, electronic, and rock genres. The song has a fast-paced beat and features male vocals. It was released in 2013 and could add a unique touch to your video."
2058,btRS8oEZTps,btRS8oEZTps_fjJdFm0fj-o,-DCv-969UsQ_qiBH7E0iL1Y,-DCv-969UsQ,wo_audio_feature_only,3,"Although I don't have specific information about this track, it may contain the hip-hop","Although I don't have specific information about this track, it may contain the hip-hop and rock elements you're looking for.",prompt-supported,prompt,0,,1,E0_clause_split_artifact,斷句碎片（標註流程假影）,parent_prompt-supported,"母句可歸屬，unsupported 係 split_claims 於 and/, 處切斷所致",hip-hop;rock,supported,hip-hop;rock,,,not_applicable,1,0,"I recommend 'MobSquad Carroll' by MobSquad Carroll. It's a track that combines elements of MobSquad Carroll with hip-hop and rock influences. Although I don't have specific information about this track, it may contain the hip-hop and rock elements you're looking for."
2058,btRS8oEZTps,btRS8oEZTps_fjJdFm0fj-o,-DCv-969UsQ_qiBH7E0iL1Y,-DCv-969UsQ,wo_audio_all,3,"Although I don't have much information about this specific track, MobSquad Carollina is known for their hip-hop","Although I don't have much information about this specific track, MobSquad Carollina is known for their hip-hop and rock style, which may include elements of electronic and dance music.",audio-supported,audio,0,,1,E0_clause_split_artifact,斷句碎片（標註流程假影）,parent_audio-supported,"母句可歸屬，unsupported 係 split_claims 於 and/, 處切斷所致",dance;electronic;hip-hop;rock,partially_supported,electronic;hip-hop;rock,dance,,not_applicable,1,0,"I suggest checking out 'MobSquad Carollina' by MobSquad Carollina. It's a track that combines elements of hip-hop and rock with electronic and dance influences. Although I don't have much information about this specific track, MobSquad Carollina is known for their hip-hop and rock style, which may include elements of electronic and dance music."
2058,btRS8oEZTps,btRS8oEZTps_fjJdFm0fj-o,-DCv-969UsQ_qiBH7E0iL1Y,-DCv-969UsQ,wo_ltp,1,<EMPTY_GENERATION>,<EMPTY_GENERATION>,unsupported,unknown,1,type_token_ratio=0.02,0,E7_degenerate_generation,生成崩潰（退化輸出）,degenerate_output,整段生成為退化輸出（type_token_ratio=0.02），此時的 unsupported 反映生成崩潰而非主張缺乏證據,,not_applicable,,,,not_applicable,1,0,"s.
s.
s.s.
s.s.
s.s.
s.s.s.s.s.s.s.s.s.s.s.s.s.s.s.s.s.s.s.s.s.s.s.s.s.s.s.s.s.s.s.s.s.s.s.s.s.s.s.s.s.s.s.s.s.s.s.s.s,s,s,s,s,s"
2060,vJ4se76h4pg,vJ4se76h4pg_E4o8oOlzTAQ,-IUgd4uCUY0_Mu6TO4w-bAc,-IUgd4uCUY0,wo_video,4,alternative with a touch of pop,"It combines elements of indie, punk, and alternative with a touch of pop and drum influences.",audio-supported,audio,0,,1,E0_clause_split_artifact,斷句碎片（標註流程假影）,parent_audio-supported,"母句可歸屬，unsupported 係 split_claims 於 and/, 處切斷所致",alternative;indie;pop;punk,partially_supported,alternative;indie;pop,punk,,not_applicable,1,0,"Allow me to recommend 'DESPISTAOS' by DESPISTAOS. It's a track from their album 'DESPISTAOS'. It combines elements of indie, punk, and alternative with a touch of pop and drum influences. It could be a fitting choice for your video."
2060,vJ4se76h4pg,vJ4se76h4pg_E4o8oOlzTAQ,-IUgd4uCUY0_Mu6TO4w-bAc,-IUgd4uCUY0,wo_audio_feature_only,4,It has a rock,"It has a rock and alternative sound with a mix of indie, pop, and drum influences.",audio-supported,audio,0,,1,E0_clause_split_artifact,斷句碎片（標註流程假影）,parent_audio-supported,"母句可歸屬，unsupported 係 split_claims 於 and/, 處切斷所致",alternative;indie;pop;rock,supported,alternative;indie;pop;rock,,,not_applicable,1,0,"Allow me to recommend 'Despistar' by DESPISTAOS. It's a track that combines elements of indie, pop, and drum with a focus on the music of DESPISTAOS. It has a rock and alternative sound with a mix of indie, pop, and drum influences. It's a fitting choice for your video."
2060,vJ4se76h4pg,vJ4se76h4pg_E4o8oOlzTAQ,-IUgd4uCUY0_Mu6TO4w-bAc,-IUgd4uCUY0,wo_audio_all,7,alternative vibe to it.,It was released in 2012 and has a rock and alternative vibe to it.,metadata-supported,metadata,0,,0,E0_clause_split_artifact,斷句碎片（標註流程假影）,parent_metadata-supported,"母句可歸屬，unsupported 係 split_claims 於 and/, 處切斷所致",alternative;rock,supported,alternative;rock,,,not_applicable,1,0,"Allow me to recommend 'Despistos' by DESPISTAOS. It's a track from their album 'Despistas'. It combines elements of indie, punk, and pop with a fast-paced and energetic sound that could be a fitting choice for your video. It was released in 2012 and has a rock and alternative vibe to it."
2060,vJ4se76h4pg,vJ4se76h4pg_E4o8oOlzTAQ,-IUgd4uCUY0_Mu6TO4w-bAc,-IUgd4uCUY0,wo_ltp,1,"., and, and, and, and, and, and, and, and, and, and, and, and, and, and, and, and, and, and, and, and, and, and, and, and, and, and, and, and, and, and, and, and, and, and, and, and, and, and, and, and,t,t,t,t,t,t,t,t,t,t,t,t,t,t,t,t,t,t,t,t,t,t,t","., and, and, and, and, and, and, and, and, and, and, and, and, and, and, and, and, and, and, and, and, and, and, and, and, and, and, and, and, and, and, and, and, and, and, and, and, and, and, and, and,t,t,t,t,t,t,t,t,t,t,t,t,t,t,t,t,t,t,t,t,t,t,t,",unsupported,unknown,1,type_token_ratio=0.03,0,E7_degenerate_generation,生成崩潰（退化輸出）,degenerate_output,整段生成為退化輸出（type_token_ratio=0.03），此時的 unsupported 反映生成崩潰而非主張缺乏證據,,not_applicable,,,,not_applicable,1,0,"., and, and, and, and, and, and, and, and, and, and, and, and, and, and, and, and, and, and, and, and, and, and, and, and, and, and, and, and, and, and, and, and, and, and, and, and, and, and, and, and,t,t,t,t,t,t,t,t,t,t,t,t,t,t,t,t,t,t,t,t,t,t,t,"
2072,yCBk4C1_90A,yCBk4C1_90A_35Ke6zvmb4k,yCBk4C1_90A_35Ke6zvmb4k,yCBk4C1_90A,full,2,It's a remix of the original track,"It's a remix of the original track and combines elements of pop, dance, and electronic music.",audio-supported,audio,0,,1,E0_clause_split_artifact,斷句碎片（標註流程假影）,parent_audio-supported,"母句可歸屬，unsupported 係 split_claims 於 and/, 處切斷所致",dance;electronic;pop,supported,dance;electronic;pop,,,not_applicable,1,0,"Certainly! How about 'Run the World (Girls) (Remix)' by Beyoncé? It's a remix of the original track and combines elements of pop, dance, and electronic music. The remix features female vocalists and has a fast-paced and energetic sound that could be a fitting choice for your video."
2072,yCBk4C1_90A,yCBk4C1_90A_35Ke6zvmb4k,yCBk4C1_90A_35Ke6zvmb4k,yCBk4C1_90A,wo_video,3,electronic music with a touch of rock.,"It's a track that combines elements of pop, dance, and electronic music with a touch of rock.",audio-supported,audio,0,,0,E0_clause_split_artifact,斷句碎片（標註流程假影）,parent_audio-supported,"母句可歸屬，unsupported 係 split_claims 於 and/, 處切斷所致",dance;electronic;pop;rock,supported,dance;electronic;pop;rock,,,not_applicable,1,0,"Certainly! I recommend 'Run the World (Girls)' by Beyoncé. It's a track that combines elements of pop, dance, and electronic music with a touch of rock. The song has a fast-paced techno beat and features female vocals, which aligns well with the electronic and dance elements you're looking for."
2072,yCBk4C1_90A,yCBk4C1_90A_35Ke6zvmb4k,yCBk4C1_90A_35Ke6zvmb4k,yCBk4C1_90A,wo_audio_feature_only,3,dance with a pop,"It's a track that combines elements of rock, electronic, and dance with a pop and indie influence.",audio-supported,audio,0,,1,E0_clause_split_artifact,斷句碎片（標註流程假影）,parent_audio-supported,"母句可歸屬，unsupported 係 split_claims 於 and/, 處切斷所致",dance;electronic;indie;pop;rock,partially_supported,dance;electronic;pop;rock,indie,,not_applicable,1,0,"I recommend 'Run the World (Girls)' by Beyoncé. It's a track that combines elements of rock, electronic, and dance with a pop and indie influence. Although I don't have specific information about this track, it aligns with your preferences for combining rock, electronic, and dance elements."
2072,yCBk4C1_90A,yCBk4C1_90A_35Ke6zvmb4k,yCBk4C1_90A_35Ke6zvmb4k,yCBk4C1_90A,wo_prompt,2,dance track with electronic,It's a pop and dance track with electronic and R&B influences.,audio-supported,audio,0,,1,E0_clause_split_artifact,斷句碎片（標註流程假影）,parent_audio-supported,"母句可歸屬，unsupported 係 split_claims 於 and/, 處切斷所致",dance;electronic;pop;r&b,supported,dance;electronic;pop;r&b,,,not_applicable,1,0,I recommend 'Run the World (Girls)' by Beyoncé. It's a pop and dance track with electronic and R&B influences. The song features female vocals and has a catchy and energetic vibe that would be perfect for your video.
2072,yCBk4C1_90A,yCBk4C1_90A_35Ke6zvmb4k,yCBk4C1_90A_35Ke6zvmb4k,yCBk4C1_90A,wo_ltp,1,"that, that, that, that, that, that, that, that, that, that, that, that, that, that, that, that, that, that, that, that, that, that, that, that, that, that, that, that, that, that, that, that, that, that, that, that, that, that, that, that, that, that, that, that, that, that, that, that, that, that, that, that, that, that, that, that, that, that, that, that, that, that","that, that, that, that, that, that, that, that, that, that, that, that, that, that, that, that, that, that, that, that, that, that, that, that, that, that, that, that, that, that, that, that, that, that, that, that, that, that, that, that, that, that, that, that, that, that, that, that, that, that, that, that, that, that, that, that, that, that, that, that, that, that",unsupported,unknown,1,type_token_ratio=0.02,0,E7_degenerate_generation,生成崩潰（退化輸出）,degenerate_output,整段生成為退化輸出（type_token_ratio=0.02），此時的 unsupported 反映生成崩潰而非主張缺乏證據,,not_applicable,,,,not_applicable,1,0,", that. that. that, that, that, that, that, that, that, that, that, that, that, that, that, that, that, that, that, that, that, that, that, that, that, that, that, that, that, that, that, that, that, that, that, that, that, that, that, that, that, that, that, that, that, that, that, that, that, that, that, that, that, that, that, that, that, that, that, that, that, that, that, that"
2088,ZRntURxcjYg,ZRntURxcjYg_dapK0eqVQQU,ZjGQnhHNeHA_E7KpR8WCzfE,ZjGQnhHNeHA,full,4,alternative with a touch of punk.,"The song combines elements of rock, indie, and alternative with a touch of punk.",audio-supported,audio,0,,0,E0_clause_split_artifact,斷句碎片（標註流程假影）,parent_audio-supported,"母句可歸屬，unsupported 係 split_claims 於 and/, 處切斷所致",alternative;indie;punk;rock,supported,alternative;indie;punk;rock,,,not_applicable,1,0,"Allow me to recommend 'The Way I Am' by Ana Johnsson. It's a track from her album 'The Way I Am'. The song combines elements of rock, indie, and alternative with a touch of punk. It has a guitar-driven sound and features female vocals, which aligns well with the rock and indie influences you're looking for."
2088,ZRntURxcjYg,ZRntURxcjYg_dapK0eqVQQU,ZjGQnhHNeHA_E7KpR8WCzfE,ZjGQnhHNeHA,wo_video,4,alternative with a touch of punk.,"This song combines elements of rock, indie, and alternative with a touch of punk.",audio-supported,audio,0,,0,E0_clause_split_artifact,斷句碎片（標註流程假影）,parent_audio-supported,"母句可歸屬，unsupported 係 split_claims 於 and/, 處切斷所致",alternative;indie;punk;rock,supported,alternative;indie;punk;rock,,,not_applicable,1,0,"Certainly! I recommend 'The Way I Am' by Ana Johnsson. It's a track from her album 'The Way I Am'. This song combines elements of rock, indie, and alternative with a touch of punk. It has a unique and distinctive sound that could be a fitting choice for your video."
2088,ZRntURxcjYg,ZRntURxcjYg_dapK0eqVQQU,ZjGQnhHNeHA_E7KpR8WCzfE,ZjGQnhHNeHA,wo_video,5,It has a unique,It has a unique and distinctive sound that could be a fitting choice for your video.,audio-supported,audio,0,,1,E0_clause_split_artifact,斷句碎片（標註流程假影）,parent_audio-supported,"母句可歸屬，unsupported 係 split_claims 於 and/, 處切斷所致",,not_applicable,,,,not_applicable,1,0,"Certainly! I recommend 'The Way I Am' by Ana Johnsson. It's a track from her album 'The Way I Am'. This song combines elements of rock, indie, and alternative with a touch of punk. It has a unique and distinctive sound that could be a fitting choice for your video."
2088,ZRntURxcjYg,ZRntURxcjYg_dapK0eqVQQU,ZjGQnhHNeHA_E7KpR8WCzfE,ZjGQnhHNeHA,wo_ltp,1,<EMPTY_GENERATION>,<EMPTY_GENERATION>,unsupported,unknown,1,too_few_tokens=0,0,E7_degenerate_generation,生成崩潰（退化輸出）,degenerate_output,整段生成為退化輸出（too_few_tokens=0），此時的 unsupported 反映生成崩潰而非主張缺乏證據,,not_applicable,,,,not_applicable,1,0,. ? ? ? ? ? ? ? ? ? ? ? ? ? ? ? ? ? ? ? ? ? ? ? ? ? ? ? ? ? ? ? ? ? ?? ?? ?? ?? ?? ??????? ?????????????????????????????????????????????????????????????????????????????
2116,i8bWAIOD5Mc,i8bWAIOD5Mc__BnNJkJUDbQ,gZ4g2c5vZec_-c_1948S2sA,gZ4g2c5vZec,wo_ltp,1,<EMPTY_GENERATION>,<EMPTY_GENERATION>,unsupported,unknown,1,too_few_tokens=6,0,E7_degenerate_generation,生成崩潰（退化輸出）,degenerate_output,整段生成為退化輸出（too_few_tokens=6），此時的 unsupported 反映生成崩潰而非主張缺乏證據,,not_applicable,,,,not_applicable,1,0,"?,this?this?this?this?th?this??????????????????????????????????????????????????????????????????????????????????????????????????????????????"
2172,sBTkevwy9xo,sBTkevwy9xo_i8Q6ZmEVZxI,Hw8xcOo1QEk_i3lH-Ys9JQs,Hw8xcOo1QEk,full,3,"The song combines rock, electronic","The song combines rock, electronic, and indie elements, which aligns well with ES Posthumus' style.",audio-supported,audio,0,,1,E0_clause_split_artifact,斷句碎片（標註流程假影）,parent_audio-supported,"母句可歸屬，unsupported 係 split_claims 於 and/, 處切斷所致",electronic;indie;rock,partially_supported,indie;rock,electronic,,not_applicable,1,0,"Certainly! I recommend 'Warriors' by Imagine Dragons. It's a track from their album 'Warriors'. The song combines rock, electronic, and indie elements, which aligns well with ES Posthumus' style. It has a unique blend of rock and electronic sounds with alternative influences. This track could be a great addition to your video."
2172,sBTkevwy9xo,sBTkevwy9xo_i8Q6ZmEVZxI,Hw8xcOo1QEk_i3lH-Ys9JQs,Hw8xcOo1QEk,full,7,This track could be a great addition to your video.,This track could be a great addition to your video.,unsupported,unknown,0,,0,E4_vague_generic,一般性空泛描述／主觀陳述,generic_video_benefit,泛用效用或主觀陳述，本質上不具可驗證性,,not_applicable,,,,not_applicable,1,0,"Certainly! I recommend 'Warriors' by Imagine Dragons. It's a track from their album 'Warriors'. The song combines rock, electronic, and indie elements, which aligns well with ES Posthumus' style. It has a unique blend of rock and electronic sounds with alternative influences. This track could be a great addition to your video."
2172,sBTkevwy9xo,sBTkevwy9xo_i8Q6ZmEVZxI,Hw8xcOo1QEk_i3lH-Ys9JQs,Hw8xcOo1QEk,wo_video,5,It has a unique,It has a unique and distinctive style that could be a fitting choice for your video.,general-supported,general,0,,1,E0_clause_split_artifact,斷句碎片（標註流程假影）,parent_general-supported,"母句可歸屬，unsupported 係 split_claims 於 and/, 處切斷所致",,not_applicable,,,,not_applicable,1,0,"Certainly! I recommend 'Sunshine' by ES Posthumus. It's a track from their album 'Sunshine'. The song combines elements of rock, electronic, and indie with alternative influences. It has a unique and distinctive style that could be a fitting choice for your video."
2172,sBTkevwy9xo,sBTkevwy9xo_i8Q6ZmEVZxI,Hw8xcOo1QEk_i3lH-Ys9JQs,Hw8xcOo1QEk,wo_audio_feature_only,2,It's a track that combines elements from both 'Posthumus',It's a track that combines elements from both 'Posthumus' and 'The Last Post'.,unsupported,unknown,0,,1,E6_likely_hallucination,可能幻覺,named_entity_absent_from_all_evidence,"引號名稱 ['Posthumus', 'The Last Post'] 未見於管線內證據與外部 metadata；屬具體可查證卻查無支持者，列為可能幻覺並送人工複核",,not_applicable,,,Posthumus;The Last Post,not_found,1,1,"Allow me to recommend 'Posthumus' by ES Posthumus. It's a track that combines elements from both 'Posthumus' and 'The Last Post'. It has a rock and electronic sound with indie and alternative influences, which could be a fitting choice for your video."
2172,sBTkevwy9xo,sBTkevwy9xo_i8Q6ZmEVZxI,Hw8xcOo1QEk_i3lH-Ys9JQs,Hw8xcOo1QEk,wo_audio_feature_only,3,It has a rock,"It has a rock and electronic sound with indie and alternative influences, which could be a fitting choice for your video.",audio-supported,audio,0,,1,E0_clause_split_artifact,斷句碎片（標註流程假影）,parent_audio-supported,"母句可歸屬，unsupported 係 split_claims 於 and/, 處切斷所致",alternative;electronic;indie;rock,partially_supported,alternative;indie;rock,electronic,,not_applicable,1,0,"Allow me to recommend 'Posthumus' by ES Posthumus. It's a track that combines elements from both 'Posthumus' and 'The Last Post'. It has a rock and electronic sound with indie and alternative influences, which could be a fitting choice for your video."
2172,sBTkevwy9xo,sBTkevwy9xo_i8Q6ZmEVZxI,Hw8xcOo1QEk_i3lH-Ys9JQs,Hw8xcOo1QEk,wo_prompt,2,It's a rock track with alternative,It's a rock track with alternative and indie influences.,audio-supported,audio,0,,1,E0_clause_split_artifact,斷句碎片（標註流程假影）,parent_audio-supported,"母句可歸屬，unsupported 係 split_claims 於 and/, 處切斷所致",alternative;indie;rock,supported,alternative;indie;rock,,,not_applicable,1,0,"In the spirit of the video, 'Warriors' by Imagine Dragons would be a perfect fit. It's a rock track with alternative and indie influences. The song has a powerful and uplifting vibe that aligns with the theme of the video."
2172,sBTkevwy9xo,sBTkevwy9xo_i8Q6ZmEVZxI,Hw8xcOo1QEk_i3lH-Ys9JQs,Hw8xcOo1QEk,wo_prompt,3,The song has a powerful,The song has a powerful and uplifting vibe that aligns with the theme of the video.,unsupported,unknown,0,,1,E6_likely_hallucination,可能幻覺,unclassified_specific_claim,具體主張但未命中任何證據來源,,not_applicable,,,,not_applicable,1,1,"In the spirit of the video, 'Warriors' by Imagine Dragons would be a perfect fit. It's a rock track with alternative and indie influences. The song has a powerful and uplifting vibe that aligns with the theme of the video."
2172,sBTkevwy9xo,sBTkevwy9xo_i8Q6ZmEVZxI,Hw8xcOo1QEk_i3lH-Ys9JQs,Hw8xcOo1QEk,wo_prompt,4,uplifting vibe that aligns with the theme of the video.,The song has a powerful and uplifting vibe that aligns with the theme of the video.,unsupported,unknown,0,,0,E6_likely_hallucination,可能幻覺,unclassified_specific_claim,具體主張但未命中任何證據來源,,not_applicable,,,,not_applicable,1,1,"In the spirit of the video, 'Warriors' by Imagine Dragons would be a perfect fit. It's a rock track with alternative and indie influences. The song has a powerful and uplifting vibe that aligns with the theme of the video."
2172,sBTkevwy9xo,sBTkevwy9xo_i8Q6ZmEVZxI,Hw8xcOo1QEk_i3lH-Ys9JQs,Hw8xcOo1QEk,wo_ltp,1,that that that that that that that that that that that that that that that that that that that that that that that that that that that that that that that that that that that that that that that that that that that that that that that that that that that that that that that that that that that that that that that that that that that that that,that that that that that that that that that that that that that that that that that that that that that that that that that that that that that that that that that that that that that that that that that that that that that that that that that that that that that that that that that that that that that that that that that that that that that,unsupported,unknown,1,type_token_ratio=0.04,0,E7_degenerate_generation,生成崩潰（退化輸出）,degenerate_output,整段生成為退化輸出（type_token_ratio=0.04），此時的 unsupported 反映生成崩潰而非主張缺乏證據,,not_applicable,,,,not_applicable,1,0,for. for. that. for that. for that? for today. for that? that? for today. for that! for morning! for that! for morning! that! for that! that! that! that! that! that! that! that! that that! that! that that that that that that that that that that that that that that that that that that that that that that that that that that that that that that that that that that that that that that that that that that that that that that that that that that that that that that that that that that that that that that that that that that that that that
2176,3LJM-jE1ms4,3LJM-jE1ms4_A84hNilKxFM,ZHrwGavCUz8_gsxJLwDHGw4,ZHrwGavCUz8,full,2,This track has a strong Hip-Hop,"This track has a strong Hip-Hop and R&B influence, with electronic and indie elements.",audio-supported,audio,0,,1,E0_clause_split_artifact,斷句碎片（標註流程假影）,parent_audio-supported,"母句可歸屬，unsupported 係 split_claims 於 and/, 處切斷所致",electronic;hip-hop;indie;r&b,supported,electronic;hip-hop;indie;r&b,,,not_applicable,1,0,"In that case, I would recommend 'Go Girl' by Frank Nitt. This track has a strong Hip-Hop and R&B influence, with electronic and indie elements. It's part of the album 'Go Girl' and offers a catchy and energetic vibe that would be perfect for your video."
2176,3LJM-jE1ms4,3LJM-jE1ms4_A84hNilKxFM,ZHrwGavCUz8_gsxJLwDHGw4,ZHrwGavCUz8,wo_video,2,This track has a Hip-Hop,"This track has a Hip-Hop and R&B influence, with electronic and indie elements.",audio-supported,audio,0,,1,E0_clause_split_artifact,斷句碎片（標註流程假影）,parent_audio-supported,"母句可歸屬，unsupported 係 split_claims 於 and/, 處切斷所致",electronic;hip-hop;indie;r&b,supported,electronic;hip-hop;indie;r&b,,,not_applicable,1,0,"In that case, I would recommend 'Go Girl' by Frank Nitt. This track has a Hip-Hop and R&B influence, with electronic and indie elements. It's a great choice for your video."
2176,3LJM-jE1ms4,3LJM-jE1ms4_A84hNilKxFM,ZHrwGavCUz8_gsxJLwDHGw4,ZHrwGavCUz8,wo_audio_feature_only,3,indie with a touch of electronic,"It's a track that combines elements of Hip-Hop, electronic, and indie with a touch of electronic and indie.",audio-supported,audio,0,,1,E0_clause_split_artifact,斷句碎片（標註流程假影）,parent_audio-supported,"母句可歸屬，unsupported 係 split_claims 於 and/, 處切斷所致",electronic;hip-hop;indie,supported,electronic;hip-hop;indie,,,not_applicable,1,0,"In that case, I would recommend 'Hip-Hop' by Frank Nitt; 2012. It's a track that combines elements of Hip-Hop, electronic, and indie with a touch of electronic and indie. It has a fast-paced and energetic sound with a touch of electronic and indie. It could be a fitting choice for your video."
2176,3LJM-jE1ms4,3LJM-jE1ms4_A84hNilKxFM,ZHrwGavCUz8_gsxJLwDHGw4,ZHrwGavCUz8,wo_audio_all,3,"Although I don't have specific information about this track, it aligns with the electronic","Although I don't have specific information about this track, it aligns with the electronic and indie genres you're looking for.",prompt-supported,prompt,0,,1,E0_clause_split_artifact,斷句碎片（標註流程假影）,parent_prompt-supported,"母句可歸屬，unsupported 係 split_claims 於 and/, 處切斷所致",electronic;indie,supported,electronic;indie,,,not_applicable,1,0,"In that case, I would recommend 'Hip-Hop' by T.I.P. It's a track that combines elements of Hip-Hop, electronic, and indie genres. Although I don't have specific information about this track, it aligns with the electronic and indie genres you're looking for. It may have a touch of electronic and indie elements that could be a fitting choice for your video."
2176,3LJM-jE1ms4,3LJM-jE1ms4_A84hNilKxFM,ZHrwGavCUz8_gsxJLwDHGw4,ZHrwGavCUz8,wo_audio_all,5,It may have a touch of electronic,It may have a touch of electronic and indie elements that could be a fitting choice for your video.,general-supported,general,0,,1,E0_clause_split_artifact,斷句碎片（標註流程假影）,parent_general-supported,"母句可歸屬，unsupported 係 split_claims 於 and/, 處切斷所致",electronic;indie,supported,electronic;indie,,,not_applicable,1,0,"In that case, I would recommend 'Hip-Hop' by T.I.P. It's a track that combines elements of Hip-Hop, electronic, and indie genres. Although I don't have specific information about this track, it aligns with the electronic and indie genres you're looking for. It may have a touch of electronic and indie elements that could be a fitting choice for your video."
2176,3LJM-jE1ms4,3LJM-jE1ms4_A84hNilKxFM,ZHrwGavCUz8_gsxJLwDHGw4,ZHrwGavCUz8,wo_ltp,1,s is is is is is is is is is is is is is.s.s.s.s.s.s.s.s.s.s.s.s.s.s.s.s.s.s.s.s.s.s.s.s.s.s.s.s.s.s.s.s.s.s.s.s.s's.s's.s's's's's's's's's's's's's's's',s is is is is is is is is is is is is is.s.s.s.s.s.s.s.s.s.s.s.s.s.s.s.s.s.s.s.s.s.s.s.s.s.s.s.s.s.s.s.s.s.s.s.s.s's.s's.s's's's's's's's's's's's's's's',unsupported,unknown,1,type_token_ratio=0.07,0,E7_degenerate_generation,生成崩潰（退化輸出）,degenerate_output,整段生成為退化輸出（type_token_ratio=0.07），此時的 unsupported 反映生成崩潰而非主張缺乏證據,,not_applicable,,,,not_applicable,1,0,"s.
s is is is is is is is is is is is is is.s.s.s.s.s.s.s.s.s.s.s.s.s.s.s.s.s.s.s.s.s.s.s.s.s.s.s.s.s.s.s.s.s.s.s.s.s's.s's.s's's's's's's's's's's's's's's'"
2216,GavrpKnU4Hc,GavrpKnU4Hc_T7QYuPMt_68,f10MT9xme3c_1Nb8tx8oA6w,f10MT9xme3c,full,2,"It's a track that combines rock, indie, pop, blues","It's a track that combines rock, indie, pop, blues, and alternative genres.",audio-supported,audio,0,,1,E0_clause_split_artifact,斷句碎片（標註流程假影）,parent_audio-supported,"母句可歸屬，unsupported 係 split_claims 於 and/, 處切斷所致",alternative;indie;pop;rock,supported,alternative;indie;pop;rock,,,not_applicable,1,0,"Allow me to recommend 'Complex 2003' by Video Clip Band Indie Banjarmasin. It's a track that combines rock, indie, pop, blues, and alternative genres. The song features guitar and male vocals, which aligns well with the blues and guitar elements you're looking for. It was recorded in 2003, which may contain the specific elements you want."
2216,GavrpKnU4Hc,GavrpKnU4Hc_T7QYuPMt_68,f10MT9xme3c_1Nb8tx8oA6w,f10MT9xme3c,wo_video,3,It also has some blues,It also has some blues and guitar influences.,audio-supported,audio,0,,1,E0_clause_split_artifact,斷句碎片（標註流程假影）,parent_audio-supported,"母句可歸屬，unsupported 係 split_claims 於 and/, 處切斷所致",,not_applicable,,,,not_applicable,1,0,"Allow me to recommend 'The Best of the Best' by The Best of the Best. It's a track that combines elements of rock, indie, and pop genres. It also has some blues and guitar influences. Although I don't have much information about this track, it might be a fitting choice for your video."
2216,GavrpKnU4Hc,GavrpKnU4Hc_T7QYuPMt_68,f10MT9xme3c_1Nb8tx8oA6w,f10MT9xme3c,wo_audio_feature_only,2,"It's a track with a mix of rock, indie","It's a track with a mix of rock, indie and pop genres.",audio-supported,audio,0,,1,E0_clause_split_artifact,斷句碎片（標註流程假影）,parent_audio-supported,"母句可歸屬，unsupported 係 split_claims 於 and/, 處切斷所致",indie;pop;rock,supported,indie;pop;rock,,,not_applicable,1,0,"In that case, I recommend 'Mi Vida' by El Canto. It's a track with a mix of rock, indie and pop genres. Although I don't have much information about this track, it may contain the specific elements you want."
2216,GavrpKnU4Hc,GavrpKnU4Hc_T7QYuPMt_68,f10MT9xme3c_1Nb8tx8oA6w,f10MT9xme3c,wo_audio_all,2,"It's a track with a mix of rock, indie, pop","It's a track with a mix of rock, indie, pop, and blues genres.",audio-supported,audio,0,,1,E0_clause_split_artifact,斷句碎片（標註流程假影）,parent_audio-supported,"母句可歸屬，unsupported 係 split_claims 於 and/, 處切斷所致",indie;pop;rock,supported,indie;pop;rock,,,not_applicable,1,0,"In that case, I recommend 'Sincerity' by The Band. It's a track with a mix of rock, indie, pop, and blues genres. Although it doesn't have guitar elements, it can still provide a unique and diverse sound for your video. It's a great choice to consider for your video."
2216,GavrpKnU4Hc,GavrpKnU4Hc_T7QYuPMt_68,f10MT9xme3c_1Nb8tx8oA6w,f10MT9xme3c,wo_ltp,1,<EMPTY_GENERATION>,<EMPTY_GENERATION>,unsupported,unknown,1,type_token_ratio=0.07,0,E7_degenerate_generation,生成崩潰（退化輸出）,degenerate_output,整段生成為退化輸出（type_token_ratio=0.07），此時的 unsupported 反映生成崩潰而非主張缺乏證據,,not_applicable,,,,not_applicable,1,0,". and. and. and. and. and. and. and. and. and. and. and. and. and. and. and. and. and. and. and. and. and. and. and. and. and. and. and. and. and. and. and they't. and that't. and that't. and that't. and that't. and that't. that't. that't. that't. that't. that't. and that't.t.t.t,t,t,t,"
2223,gZ4g2c5vZec,gZ4g2c5vZec_-c_1948S2sA,HbJeCMN8LAc_1p_5GJYcFFY,HbJeCMN8LAc,wo_audio_feature_only,5,It also incorporates elements of hip-hop with electronic,It also incorporates elements of hip-hop with electronic and dance genres.,audio-supported,audio,0,,1,E0_clause_split_artifact,斷句碎片（標註流程假影）,parent_audio-supported,"母句可歸屬，unsupported 係 split_claims 於 and/, 處切斷所致",dance;electronic;hip-hop,supported,dance;electronic;hip-hop,,,not_applicable,1,0,"In that case, I recommend 'Mi Vida' by MV. It's a track from the album 'Mi Vida' by MV. It combines elements of hip-hop with electronic and dance genres. It has a fast-paced techno-beat sound with a mix of electronic and dance genres. It also incorporates elements of hip-hop with electronic and dance genres."
2223,gZ4g2c5vZec,gZ4g2c5vZec_-c_1948S2sA,HbJeCMN8LAc_1p_5GJYcFFY,HbJeCMN8LAc,wo_ltp,1,<EMPTY_GENERATION>,<EMPTY_GENERATION>,unsupported,unknown,1,type_token_ratio=0.04,0,E7_degenerate_generation,生成崩潰（退化輸出）,degenerate_output,整段生成為退化輸出（type_token_ratio=0.04），此時的 unsupported 反映生成崩潰而非主張缺乏證據,,not_applicable,,,,not_applicable,1,0,".
t.
t.
t.
t.
t.
t.
t.
t.
t.
t.t
t.t.
t.t.
t.t.t.t.t.t.t.t.t.t.t.t.t.t.t.t.t.t.t.t.t.t.t.t.t.t.t.t.t.t.t.t.t.t.t.t.t.t.t.ttttttt"
2233,bZoYYIslJUU,bZoYYIslJUU_lS16wHO4z9Y,bZoYYIslJUU_lS16wHO4z9Y,bZoYYIslJUU,full,2,It's a track from his mixtape 'The Tay Tape'.,It's a track from his mixtape 'The Tay Tape'.,unsupported,unknown,0,,0,E6_likely_hallucination,可能幻覺,named_entity_absent_from_all_evidence,引號名稱 ['The Tay Tape'] 未見於管線內證據與外部 metadata；屬具體可查證卻查無支持者，列為可能幻覺並送人工複核,,not_applicable,,,The Tay Tape,not_found,1,1,"Allow me to recommend 'Ballin' by Yung Tay. It's a track from his mixtape 'The Tay Tape'. The song combines elements of hip-hop, electronic, and dance with a fast-paced beat and synth sounds. It has a techno influence and a catchy rnb vibe that could be a fitting choice for your video."
2233,bZoYYIslJUU,bZoYYIslJUU_lS16wHO4z9Y,bZoYYIslJUU_lS16wHO4z9Y,bZoYYIslJUU,wo_prompt,7,is available on iTunes.,It was released in 2014 and is available on iTunes.,metadata-supported,metadata,0,,0,E0_clause_split_artifact,斷句碎片（標註流程假影）,parent_metadata-supported,"母句可歸屬，unsupported 係 split_claims 於 and/, 處切斷所致",,not_applicable,,,,not_applicable,1,0,"I recommend 'Ballin' by Yung L. It's a track from the album 'Ballin' and falls under the genres of Hip-Hop, electronic, dance, pop, and electro. The song has a fast-paced beat and synth elements that give it an energetic and catchy vibe. It was released in 2014 and is available on iTunes."
2233,bZoYYIslJUU,bZoYYIslJUU_lS16wHO4z9Y,bZoYYIslJUU_lS16wHO4z9Y,bZoYYIslJUU,wo_ltp,1,<EMPTY_GENERATION>,<EMPTY_GENERATION>,unsupported,unknown,1,type_token_ratio=0.02,0,E7_degenerate_generation,生成崩潰（退化輸出）,degenerate_output,整段生成為退化輸出（type_token_ratio=0.02），此時的 unsupported 反映生成崩潰而非主張缺乏證據,,not_applicable,,,,not_applicable,1,0,s.s.s.s.s.s.s.s.s.s.s.s.s.s.s.s.s.s.s.s.s.s.s.s.s.s.s.s.s.s.s.s.s.s.s.s.s.s.s.s.s.s.s.s.s.s.s.s.s.s.s.s.s.s.s.s.s.s.s.s.s.s.s.s.
2242,sCbKPeDTPVU,sCbKPeDTPVU_IHuI6bHQzAo,jJAuOJf5xO8_F7BqdhrAkkc,jJAuOJf5xO8,wo_video,2,It's a dance track with electronic,It's a dance track with electronic and pop influences.,audio-supported,audio,0,,1,E0_clause_split_artifact,斷句碎片（標註流程假影）,parent_audio-supported,"母句可歸屬，unsupported 係 split_claims 於 and/, 處切斷所致",dance;electronic;pop,partially_supported,electronic;pop,dance,,not_applicable,1,0,Certainly! How about 'Dance Like Nobody's Watching' by The Stereo? It's a dance track with electronic and pop influences. The song has a catchy beat and a mix of electronic and R&B elements that could be a fitting choice for your dance video. It's a great choice if you're looking for a mix of dance and pop genres.
2242,sCbKPeDTPVU,sCbKPeDTPVU_IHuI6bHQzAo,jJAuOJf5xO8_F7BqdhrAkkc,jJAuOJf5xO8,wo_video,4,a mix of electronic,The song has a catchy beat and a mix of electronic and R&B elements that could be a fitting choice for your dance video.,audio-supported,audio,0,,1,E0_clause_split_artifact,斷句碎片（標註流程假影）,parent_audio-supported,"母句可歸屬，unsupported 係 split_claims 於 and/, 處切斷所致",dance;electronic;r&b,partially_supported,electronic;r&b,dance,,not_applicable,1,0,Certainly! How about 'Dance Like Nobody's Watching' by The Stereo? It's a dance track with electronic and pop influences. The song has a catchy beat and a mix of electronic and R&B elements that could be a fitting choice for your dance video. It's a great choice if you're looking for a mix of dance and pop genres.
2242,sCbKPeDTPVU,sCbKPeDTPVU_IHuI6bHQzAo,jJAuOJf5xO8_F7BqdhrAkkc,jJAuOJf5xO8,wo_prompt,5,It has a catchy,It has a catchy and energetic vibe that could be a great fit for your video.,audio-supported,audio,0,,1,E0_clause_split_artifact,斷句碎片（標註流程假影）,parent_audio-supported,"母句可歸屬，unsupported 係 split_claims 於 and/, 處切斷所致",,not_applicable,,,,not_applicable,1,0,"I recommend 'Caked Up' by ANAK. It's a track from their album 'Caked Up'. The song combines elements of Hip-Hop, pop, and electronic music with female vocals. It has a catchy and energetic vibe that could be a great fit for your video."
2242,sCbKPeDTPVU,sCbKPeDTPVU_IHuI6bHQzAo,jJAuOJf5xO8_F7BqdhrAkkc,jJAuOJf5xO8,wo_ltp,1,<EMPTY_GENERATION>,<EMPTY_GENERATION>,unsupported,unknown,1,type_token_ratio=0.12,0,E7_degenerate_generation,生成崩潰（退化輸出）,degenerate_output,整段生成為退化輸出（type_token_ratio=0.12），此時的 unsupported 反映生成崩潰而非主張缺乏證據,,not_applicable,,,,not_applicable,1,0,", this is.
's. I's. I's. I's. I's. I's.'s. I's.'s. I's.'s. I's.'s.'s.'s.'s.'s.'s,s's,s,s,s,s,s,s,s,s,s,s,s,s,s,s,s,s,s,s,s,s,s,s,s,s,s,s,s,s,s"
2254,Fr2ZASMNaa0,Fr2ZASMNaa0_fQZL6kaJav0,Fr2ZASMNaa0_fQZL6kaJav0,Fr2ZASMNaa0,wo_audio_feature_only,3,rock with a focus on indie,"It's a track that combines elements of hip-hop, electronic, and rock with a focus on indie and rock.",audio-supported,audio,0,,1,E0_clause_split_artifact,斷句碎片（標註流程假影）,parent_audio-supported,"母句可歸屬，unsupported 係 split_claims 於 and/, 處切斷所致",electronic;hip-hop;indie;rock,supported,electronic;hip-hop;indie;rock,,,not_applicable,1,0,"Allow me to recommend 'DJ Caique' by DJ Caique. It's a track that combines elements of hip-hop, electronic, and rock with a focus on indie and rock. Although I don't have much information about this specific track, it aligns with your interest in electronic and male vocal influences."
2254,Fr2ZASMNaa0,Fr2ZASMNaa0_fQZL6kaJav0,Fr2ZASMNaa0_fQZL6kaJav0,Fr2ZASMNaa0,wo_prompt,7,dynamic element to your video.,"It has a male vocal and a techno sound, which can add a unique and dynamic element to your video.",audio-supported,audio,0,,0,E0_clause_split_artifact,斷句碎片（標註流程假影）,parent_audio-supported,"母句可歸屬，unsupported 係 split_claims 於 and/, 處切斷所致",,not_applicable,,,,not_applicable,1,0,"I recommend 'Fogo' by DJ Caique. It's a track from his album 'Fogo'. The song combines elements of Hip-Hop, electronic, rock, and pop, with a touch of indie influences. It has a male vocal and a techno sound, which can add a unique and dynamic element to your video."
2254,Fr2ZASMNaa0,Fr2ZASMNaa0_fQZL6kaJav0,Fr2ZASMNaa0_fQZL6kaJav0,Fr2ZASMNaa0,wo_ltp,1,<EMPTY_GENERATION>,<EMPTY_GENERATION>,unsupported,unknown,1,type_token_ratio=0.18,0,E7_degenerate_generation,生成崩潰（退化輸出）,degenerate_output,整段生成為退化輸出（type_token_ratio=0.18），此時的 unsupported 反映生成崩潰而非主張缺乏證據,,not_applicable,,,,not_applicable,1,0,. is. is. I's. is. is. is. is. is. is. for. and. is. and it's. and it's. and it's. and it's. I's. I's. I's. I's. I's. I's. I's. I's. I's. I's. I't's. I't's. I't's. I't's. I't's.t's.t's.t's
2316,Z9ry7JQTl6g,Z9ry7JQTl6g_lHhZJeHP7Ac,vFboLj5VmLk_LhgbRblgZTk,vFboLj5VmLk,wo_audio_feature_only,2,It's a track that doesn't have a specific description.,It's a track that doesn't have a specific description.,unsupported,unknown,0,,0,E6_likely_hallucination,可能幻覺,unclassified_specific_claim,具體主張但未命中任何證據來源,,not_applicable,,,,not_applicable,1,1,"Allow me to recommend 'I'm Not a Criminal' by Stuart Wilson. It's a track that doesn't have a specific description. However, it aligns with the pop, soul, and electronic elements of Stuart Wilson's style. It may contain elements that could be a fitting choice for your video."
2316,Z9ry7JQTl6g,Z9ry7JQTl6g_lHhZJeHP7Ac,vFboLj5VmLk_LhgbRblgZTk,vFboLj5VmLk,wo_audio_feature_only,3,"However, it aligns with the pop, soul","However, it aligns with the pop, soul, and electronic elements of Stuart Wilson's style.",audio-supported,audio,0,,1,E0_clause_split_artifact,斷句碎片（標註流程假影）,parent_audio-supported,"母句可歸屬，unsupported 係 split_claims 於 and/, 處切斷所致",electronic;pop;soul,partially_supported,pop;soul,electronic,,not_applicable,1,0,"Allow me to recommend 'I'm Not a Criminal' by Stuart Wilson. It's a track that doesn't have a specific description. However, it aligns with the pop, soul, and electronic elements of Stuart Wilson's style. It may contain elements that could be a fitting choice for your video."
2316,Z9ry7JQTl6g,Z9ry7JQTl6g_lHhZJeHP7Ac,vFboLj5VmLk_LhgbRblgZTk,vFboLj5VmLk,wo_prompt,3,it has a catchy pop,This track is part of the album 'HAPPY' and it has a catchy pop and electronic sound with female vocals.,metadata-supported,metadata,0,,1,E0_clause_split_artifact,斷句碎片（標註流程假影）,parent_metadata-supported,"母句可歸屬，unsupported 係 split_claims 於 and/, 處切斷所致",electronic;pop,partially_supported,pop,electronic,HAPPY,supported,1,0,"In that case, I would recommend 'HAPPY' by Pharrell Williams. This track is part of the album 'HAPPY' and it has a catchy pop and electronic sound with female vocals. It will bring a positive and uplifting vibe to your video."
2316,Z9ry7JQTl6g,Z9ry7JQTl6g_lHhZJeHP7Ac,vFboLj5VmLk_LhgbRblgZTk,vFboLj5VmLk,wo_prompt,5,It will bring a positive,It will bring a positive and uplifting vibe to your video.,unsupported,unknown,0,,1,E6_likely_hallucination,可能幻覺,unclassified_specific_claim,具體主張但未命中任何證據來源,,not_applicable,,,,not_applicable,1,1,"In that case, I would recommend 'HAPPY' by Pharrell Williams. This track is part of the album 'HAPPY' and it has a catchy pop and electronic sound with female vocals. It will bring a positive and uplifting vibe to your video."
2316,Z9ry7JQTl6g,Z9ry7JQTl6g_lHhZJeHP7Ac,vFboLj5VmLk_LhgbRblgZTk,vFboLj5VmLk,wo_prompt,6,uplifting vibe to your video.,It will bring a positive and uplifting vibe to your video.,unsupported,unknown,0,,0,E6_likely_hallucination,可能幻覺,unclassified_specific_claim,具體主張但未命中任何證據來源,,not_applicable,,,,not_applicable,1,1,"In that case, I would recommend 'HAPPY' by Pharrell Williams. This track is part of the album 'HAPPY' and it has a catchy pop and electronic sound with female vocals. It will bring a positive and uplifting vibe to your video."
2316,Z9ry7JQTl6g,Z9ry7JQTl6g_lHhZJeHP7Ac,vFboLj5VmLk_LhgbRblgZTk,vFboLj5VmLk,wo_ltp,1,<EMPTY_GENERATION>,<EMPTY_GENERATION>,unsupported,unknown,1,type_token_ratio=0.05,0,E7_degenerate_generation,生成崩潰（退化輸出）,degenerate_output,整段生成為退化輸出（type_token_ratio=0.05），此時的 unsupported 反映生成崩潰而非主張缺乏證據,,not_applicable,,,,not_applicable,1,0,"..
. I's. I's. I's. I's. I's. I's. I's. I's. I's. I's. I's. I's. I's. I's. I's. I's. I's. I's. I's.101111111111111111111111111111111111111111111111"
2322,xNEbC01UF2g,xNEbC01UF2g_NYIdJk05pkw,S80Hk04QQpk_jLyNyUPlvhg,S80Hk04QQpk,full,2,This track has a 90s rock,"This track has a 90s rock and alternative sound, which aligns well with Luke Thompson's style.",audio-supported,audio,0,,1,E0_clause_split_artifact,斷句碎片（標註流程假影）,parent_audio-supported,"母句可歸屬，unsupported 係 split_claims 於 and/, 處切斷所致",alternative;rock,partially_supported,rock,alternative,,not_applicable,1,0,"In that case, I would recommend 'Honey Bee' by Blake Shelton. This track has a 90s rock and alternative sound, which aligns well with Luke Thompson's style. It's a beautiful song that captures the essence of love and friendship."
2322,xNEbC01UF2g,xNEbC01UF2g_NYIdJk05pkw,S80Hk04QQpk_jLyNyUPlvhg,S80Hk04QQpk,full,4,It's a beautiful song that captures the essence of love,It's a beautiful song that captures the essence of love and friendship.,unsupported,unknown,0,,1,E4_vague_generic,一般性空泛描述／主觀陳述,subjective_statement,泛用效用或主觀陳述，本質上不具可驗證性,,not_applicable,,,,not_applicable,1,0,"In that case, I would recommend 'Honey Bee' by Blake Shelton. This track has a 90s rock and alternative sound, which aligns well with Luke Thompson's style. It's a beautiful song that captures the essence of love and friendship."
2322,xNEbC01UF2g,xNEbC01UF2g_NYIdJk05pkw,S80Hk04QQpk_jLyNyUPlvhg,S80Hk04QQpk,wo_video,2,This track has a 90s rock,"This track has a 90s rock and alternative sound, similar to Luke Thompson's style.",audio-supported,audio,0,,1,E0_clause_split_artifact,斷句碎片（標註流程假影）,parent_audio-supported,"母句可歸屬，unsupported 係 split_claims 於 and/, 處切斷所致",alternative;rock,partially_supported,rock,alternative,,not_applicable,1,0,"In that case, I would recommend 'Luke Thompson - I'm Not Gonna Miss You'. This track has a 90s rock and alternative sound, similar to Luke Thompson's style. It's a great choice for your video."
2322,xNEbC01UF2g,xNEbC01UF2g_NYIdJk05pkw,S80Hk04QQpk_jLyNyUPlvhg,S80Hk04QQpk,wo_audio_feature_only,2,This track has a rock,This track has a rock and alternative vibe similar to Luke Thompson's style.,audio-supported,audio,0,,1,E0_clause_split_artifact,斷句碎片（標註流程假影）,parent_audio-supported,"母句可歸屬，unsupported 係 split_claims 於 and/, 處切斷所致",alternative;rock,partially_supported,rock,alternative,,not_applicable,1,0,"In that case, I would recommend 'Honey Bee by Blake Shelton'. This track has a rock and alternative vibe similar to Luke Thompson's style. It combines elements of rock, pop, and metal with a touch of 90s, which is a common element in the music of the 90s. It has a mix of rock, pop, and metal genres that could be a fitting choice for your video."
2322,xNEbC01UF2g,xNEbC01UF2g_NYIdJk05pkw,S80Hk04QQpk_jLyNyUPlvhg,S80Hk04QQpk,wo_audio_feature_only,5,"metal with a touch of 90s, which is a common element in the music of the 90s.","It combines elements of rock, pop, and metal with a touch of 90s, which is a common element in the music of the 90s.",audio-supported,audio,0,,0,E0_clause_split_artifact,斷句碎片（標註流程假影）,parent_audio-supported,"母句可歸屬，unsupported 係 split_claims 於 and/, 處切斷所致",metal;pop;rock,partially_supported,pop;rock,metal,,not_applicable,1,0,"In that case, I would recommend 'Honey Bee by Blake Shelton'. This track has a rock and alternative vibe similar to Luke Thompson's style. It combines elements of rock, pop, and metal with a touch of 90s, which is a common element in the music of the 90s. It has a mix of rock, pop, and metal genres that could be a fitting choice for your video."
2322,xNEbC01UF2g,xNEbC01UF2g_NYIdJk05pkw,S80Hk04QQpk_jLyNyUPlvhg,S80Hk04QQpk,wo_audio_feature_only,6,"It has a mix of rock, pop","It has a mix of rock, pop, and metal genres that could be a fitting choice for your video.",audio-supported,audio,0,,1,E0_clause_split_artifact,斷句碎片（標註流程假影）,parent_audio-supported,"母句可歸屬，unsupported 係 split_claims 於 and/, 處切斷所致",metal;pop;rock,partially_supported,pop;rock,metal,,not_applicable,1,0,"In that case, I would recommend 'Honey Bee by Blake Shelton'. This track has a rock and alternative vibe similar to Luke Thompson's style. It combines elements of rock, pop, and metal with a touch of 90s, which is a common element in the music of the 90s. It has a mix of rock, pop, and metal genres that could be a fitting choice for your video."
2322,xNEbC01UF2g,xNEbC01UF2g_NYIdJk05pkw,S80Hk04QQpk_jLyNyUPlvhg,S80Hk04QQpk,wo_audio_all,2,This track has a rock,"This track has a rock and alternative vibe, similar to Luke Thompson's style.",audio-supported,audio,0,,1,E0_clause_split_artifact,斷句碎片（標註流程假影）,parent_audio-supported,"母句可歸屬，unsupported 係 split_claims 於 and/, 處切斷所致",alternative;rock,partially_supported,rock,alternative,,not_applicable,1,0,"In that case, I would recommend 'Luke Thompson - 90s Rock and Alternative Vibe'. This track has a rock and alternative vibe, similar to Luke Thompson's style. It's a great choice for your video, combining elements of rock and alternative with a touch of indie and alternative rock."
2322,xNEbC01UF2g,xNEbC01UF2g_NYIdJk05pkw,S80Hk04QQpk_jLyNyUPlvhg,S80Hk04QQpk,wo_audio_all,5,alternative with a touch of indie,"It's a great choice for your video, combining elements of rock and alternative with a touch of indie and alternative rock.",general-supported,general,0,,1,E0_clause_split_artifact,斷句碎片（標註流程假影）,parent_general-supported,"母句可歸屬，unsupported 係 split_claims 於 and/, 處切斷所致",alternative;indie;rock,partially_supported,rock,alternative;indie,,not_applicable,1,0,"In that case, I would recommend 'Luke Thompson - 90s Rock and Alternative Vibe'. This track has a rock and alternative vibe, similar to Luke Thompson's style. It's a great choice for your video, combining elements of rock and alternative with a touch of indie and alternative rock."
2322,xNEbC01UF2g,xNEbC01UF2g_NYIdJk05pkw,S80Hk04QQpk_jLyNyUPlvhg,S80Hk04QQpk,wo_ltp,1,<EMPTY_GENERATION>,<EMPTY_GENERATION>,unsupported,unknown,1,too_few_tokens=0,0,E7_degenerate_generation,生成崩潰（退化輸出）,degenerate_output,整段生成為退化輸出（too_few_tokens=0），此時的 unsupported 反映生成崩潰而非主張缺乏證據,,not_applicable,,,,not_applicable,1,0,. 101.14.14.14.14.14.14.14.14.14.14.14.14.14.14.14.14.14.14.1414.141414141414141414141414141414141414141414141414141414141414141
2325,gHavEbG_MWg,gHavEbG_MWg_BkB1s1VJe44,I_pHlR8ZKwU_Xbi1XetWUls,I_pHlR8ZKwU,wo_video,1,How about 'Dj Taj - Tuka'?,How about 'Dj Taj - Tuka'?,unsupported,unknown,0,,0,E6_likely_hallucination,可能幻覺,named_entity_absent_from_all_evidence,引號名稱 ['Dj Taj - Tuka'] 未見於管線內證據與外部 metadata；屬具體可查證卻查無支持者，列為可能幻覺並送人工複核,,not_applicable,,,Dj Taj - Tuka,not_found,1,1,"Sure! How about 'Dj Taj - Tuka'? It's a track by Dj Taj that combines elements of Hip-Hop, electronic, and rock with fast-paced and male vocals. It has a techno and electronic sound as well. It could be a fitting choice for your video."
2325,gHavEbG_MWg,gHavEbG_MWg_BkB1s1VJe44,I_pHlR8ZKwU_Xbi1XetWUls,I_pHlR8ZKwU,wo_audio_feature_only,3,It has a mix of hip-hop,It has a mix of hip-hop and electronic beats with a fast-paced and male vocals that could be a fitting choice for your video.,video-supported,video,0,,1,E0_clause_split_artifact,斷句碎片（標註流程假影）,parent_video-supported,"母句可歸屬，unsupported 係 split_claims 於 and/, 處切斷所致",electronic;hip-hop,supported,electronic;hip-hop,,,not_applicable,1,0,I recommend 'Tuka' by Tuka. It's a track from Tuka's album 'Tuka' that combines elements from both tracks. It has a mix of hip-hop and electronic beats with a fast-paced and male vocals that could be a fitting choice for your video.
2325,gHavEbG_MWg,gHavEbG_MWg_BkB1s1VJe44,I_pHlR8ZKwU_Xbi1XetWUls,I_pHlR8ZKwU,wo_audio_all,2,It's a track from the Dj Taj project.,It's a track from the Dj Taj project.,unsupported,unknown,0,,0,E6_likely_hallucination,可能幻覺,unclassified_specific_claim,具體主張但未命中任何證據來源,,not_applicable,,,,not_applicable,1,1,"Certainly, I recommend 'Tuka - 'Tuka' by Tuka. It's a track from the Dj Taj project. Although I don't have much information about this specific track, it aligns with Tuka's style of fast-paced and male vocals. It could be a fitting choice for your video."
2325,gHavEbG_MWg,gHavEbG_MWg_BkB1s1VJe44,I_pHlR8ZKwU_Xbi1XetWUls,I_pHlR8ZKwU,wo_ltp,1,<EMPTY_GENERATION>,<EMPTY_GENERATION>,unsupported,unknown,1,type_token_ratio=0.08,0,E7_degenerate_generation,生成崩潰（退化輸出）,degenerate_output,整段生成為退化輸出（type_token_ratio=0.08），此時的 unsupported 反映生成崩潰而非主張缺乏證據,,not_applicable,,,,not_applicable,1,0,"s.
s.s.s.s.s.s.s.s.s.s.s.s.s.s.s.s.s.s.s.s.s.s.s.s.s.s.s.s.s.s.s.s.s.s.s.s.s's.s's's's's's's's's's's's's's's's's's's's's's's's's"
2334,UmBiLFFCJH8,UmBiLFFCJH8_ZLlampP29nk,L8y47ypui5o_kynUSL8fr_4,L8y47ypui5o,wo_video,2,"Although I don't have specific information about their tracks, ULICE is known for their indie rock","Although I don't have specific information about their tracks, ULICE is known for their indie rock and electronic style.",audio-supported,audio,0,,1,E0_clause_split_artifact,斷句碎片（標註流程假影）,parent_audio-supported,"母句可歸屬，unsupported 係 split_claims 於 and/, 處切斷所致",electronic;indie;rock,partially_supported,indie;rock,electronic,,not_applicable,1,0,"I recommend checking out ULICE's music. Although I don't have specific information about their tracks, ULICE is known for their indie rock and electronic style. You can explore their music to find a track that combines these genres and aligns with your preferences."
2334,UmBiLFFCJH8,UmBiLFFCJH8_ZLlampP29nk,L8y47ypui5o_kynUSL8fr_4,L8y47ypui5o,wo_video,3,You can explore their music to find a track that combines these genres,You can explore their music to find a track that combines these genres and aligns with your preferences.,preference-supported,preference,0,,1,E0_clause_split_artifact,斷句碎片（標註流程假影）,parent_preference-supported,"母句可歸屬，unsupported 係 split_claims 於 and/, 處切斷所致",,not_applicable,,,,not_applicable,1,0,"I recommend checking out ULICE's music. Although I don't have specific information about their tracks, ULICE is known for their indie rock and electronic style. You can explore their music to find a track that combines these genres and aligns with your preferences."
2334,UmBiLFFCJH8,UmBiLFFCJH8_ZLlampP29nk,L8y47ypui5o_kynUSL8fr_4,L8y47ypui5o,wo_audio_all,3,"Although I don't have much information about this specific track, ULICE is known for their diverse","Although I don't have much information about this specific track, ULICE is known for their diverse and unique style, which often incorporates elements of rock, indie, electronic, and alternative genres.",preference-supported,preference,0,,1,E0_clause_split_artifact,斷句碎片（標註流程假影）,parent_preference-supported,"母句可歸屬，unsupported 係 split_claims 於 and/, 處切斷所致",alternative;electronic;indie;rock,partially_supported,alternative;indie;rock,electronic,,not_applicable,1,0,"I suggest checking out 'ULICE' by ULICE. It's a track that combines elements of rock, indie, electronic, and alternative genres. Although I don't have much information about this specific track, ULICE is known for their diverse and unique style, which often incorporates elements of rock, indie, electronic, and alternative genres."
2334,UmBiLFFCJH8,UmBiLFFCJH8_ZLlampP29nk,L8y47ypui5o_kynUSL8fr_4,L8y47ypui5o,wo_ltp,1,"and, and, and, and, and, and, and, and, and, and, and, and, and, and, and, and, and, and, and, and, and, and, and, and, and, and, and, and, and, and, and, and, and, and, and, and, and, and, and, and, and, and, and, and, and, and, and, and, and, and, and, and, and, and, and, and, and, and, and, and, and, and, and, and",", and, and, and, and, and, and, and, and, and, and, and, and, and, and, and, and, and, and, and, and, and, and, and, and, and, and, and, and, and, and, and, and, and, and, and, and, and, and, and, and, and, and, and, and, and, and, and, and, and, and, and, and, and, and, and, and, and, and, and, and, and, and, and, and",unsupported,unknown,1,type_token_ratio=0.02,0,E7_degenerate_generation,生成崩潰（退化輸出）,degenerate_output,整段生成為退化輸出（type_token_ratio=0.02），此時的 unsupported 反映生成崩潰而非主張缺乏證據,,not_applicable,,,,not_applicable,1,0,", and, and, and, and, and, and, and, and, and, and, and, and, and, and, and, and, and, and, and, and, and, and, and, and, and, and, and, and, and, and, and, and, and, and, and, and, and, and, and, and, and, and, and, and, and, and, and, and, and, and, and, and, and, and, and, and, and, and, and, and, and, and, and, and"
2368,pQdbNvEAmo0,pQdbNvEAmo0_GOkwlQbLNiM,pQdbNvEAmo0_GOkwlQbLNiM,pQdbNvEAmo0,full,5,It also has ambient,It also has ambient and indie influences that could be a fitting choice for your video.,audio-supported,audio,0,,1,E0_clause_split_artifact,斷句碎片（標註流程假影）,parent_audio-supported,"母句可歸屬，unsupported 係 split_claims 於 and/, 處切斷所致",ambient;indie,partially_supported,indie,ambient,,not_applicable,1,0,"Allow me to recommend 'Summertime Sadness' by Lana Del Rey. It's a track from her album 'Summertime Sadness'. The song combines elements of pop, rock, and electronic music, which aligns well with Lana Del Rey's distinctive style. It also has ambient and indie influences that could be a fitting choice for your video."
2368,pQdbNvEAmo0,pQdbNvEAmo0_GOkwlQbLNiM,pQdbNvEAmo0_GOkwlQbLNiM,pQdbNvEAmo0,wo_audio_feature_only,3,It has a mix of pop,"It has a mix of pop and rock influences with electronic and ambient sound, which can be a fitting choice for your video.",audio-supported,audio,0,,1,E0_clause_split_artifact,斷句碎片（標註流程假影）,parent_audio-supported,"母句可歸屬，unsupported 係 split_claims 於 and/, 處切斷所致",ambient;electronic;pop;rock,partially_supported,electronic;pop;rock,ambient,,not_applicable,1,0,"I recommend 'Lana Del Rey' by Lana Del Rey. It's a pop and rock track that combines elements of Lana Del Rey's style with Tycho's electronic and ambient sound. It has a mix of pop and rock influences with electronic and ambient sound, which can be a fitting choice for your video."
2368,pQdbNvEAmo0,pQdbNvEAmo0_GOkwlQbLNiM,pQdbNvEAmo0_GOkwlQbLNiM,pQdbNvEAmo0,wo_audio_all,1,I suggest considering the elements of Lana Del Rey's style in the music.,I suggest considering the elements of Lana Del Rey's style in the music.,unsupported,unknown,0,,0,E6_likely_hallucination,可能幻覺,unclassified_specific_claim,具體主張但未命中任何證據來源,,not_applicable,,,,not_applicable,1,1,"I suggest considering the elements of Lana Del Rey's style in the music. Although I don't have specific information about the track name, album name, or artist name, I can recommend 'Lana Del Rey' by Lana Del Rey. It's a pop and rock influenced track with electronic and ambient elements that could be a fitting choice for your video."
2368,pQdbNvEAmo0,pQdbNvEAmo0_GOkwlQbLNiM,pQdbNvEAmo0_GOkwlQbLNiM,pQdbNvEAmo0,wo_ltp,1,that that that that that that that that that that that that that that that that that that that that that that that that that that that that that that that that that that that that that that that that that that that that that that that that that that that that that that that that that that that that that that that that that that that that that that that that that that that,that that that that that that that that that that that that that that that that that that that that that that that that that that that that that that that that that that that that that that that that that that that that that that that that that that that that that that that that that that that that that that that that that that that that that that that that that that that,unsupported,unknown,1,type_token_ratio=0.06,0,E7_degenerate_generation,生成崩潰（退化輸出）,degenerate_output,整段生成為退化輸出（type_token_ratio=0.06），此時的 unsupported 反映生成崩潰而非主張缺乏證據,,not_applicable,,,,not_applicable,1,0,? to?t his morning.? that? for? that? for? for?? for? that? for? that? that? that? that? that? that? that? that? that? that? that? that? that? that? that that that that that that that that that that that that that that that that that that that that that that that that that that that that that that that that that that that that that that that that that that that that that that that that that that that that that that that that that that that that that that that that that that that that that that that that that that that
2378,2WzHhtkF8JM,2WzHhtkF8JM_0Y1v5HCWz6M,2WzHhtkF8JM_0Y1v5HCWz6M,2WzHhtkF8JM,full,2,This track is a pop,This track is a pop and dance song with electronic elements.,unsupported,unknown,0,,1,E0b_rule_miss_verified,規則漏判但有證據支持,genre_claim_verified_by_tags,曲風敘述可由 musicnn 標籤／參考文本支持；v2 因 GENRE_TERMS 需搭配 anchor 詞才計為 audio 而漏判,dance;electronic;pop,supported,dance;electronic;pop,,,not_applicable,1,0,"In that case, I would recommend '너 때문에' by 프로젝트. This track is a pop and dance song with electronic elements. It features female vocals and has a catchy and upbeat sound that would be perfect for your video."
2378,2WzHhtkF8JM,2WzHhtkF8JM_0Y1v5HCWz6M,2WzHhtkF8JM_0Y1v5HCWz6M,2WzHhtkF8JM,full,3,dance song with electronic elements.,This track is a pop and dance song with electronic elements.,unsupported,unknown,0,,0,E0b_rule_miss_verified,規則漏判但有證據支持,genre_claim_verified_by_tags,曲風敘述可由 musicnn 標籤／參考文本支持；v2 因 GENRE_TERMS 需搭配 anchor 詞才計為 audio 而漏判,dance;electronic;pop,supported,dance;electronic;pop,,,not_applicable,1,0,"In that case, I would recommend '너 때문에' by 프로젝트. This track is a pop and dance song with electronic elements. It features female vocals and has a catchy and upbeat sound that would be perfect for your video."
2378,2WzHhtkF8JM,2WzHhtkF8JM_0Y1v5HCWz6M,2WzHhtkF8JM_0Y1v5HCWz6M,2WzHhtkF8JM,wo_video,2,This track has a pop,"This track has a pop and dance vibe with female vocals, which would be a great fit for your video.",audio-supported,audio,0,,1,E0_clause_split_artifact,斷句碎片（標註流程假影）,parent_audio-supported,"母句可歸屬，unsupported 係 split_claims 於 and/, 處切斷所致",dance;pop,supported,dance;pop,,,not_applicable,1,0,"In that case, I would recommend 'I'm Yours' by Jasmine Villegas. This track has a pop and dance vibe with female vocals, which would be a great fit for your video. It's part of the album 'I'm Yours' by Jasmine Villegas."
2378,2WzHhtkF8JM,2WzHhtkF8JM_0Y1v5HCWz6M,2WzHhtkF8JM_0Y1v5HCWz6M,2WzHhtkF8JM,wo_audio_all,3,It has a pop,"It has a pop and dance vibe with a female vocalist, which aligns with your preferences.",preference-supported,preference,0,,1,E0_clause_split_artifact,斷句碎片（標註流程假影）,parent_preference-supported,"母句可歸屬，unsupported 係 split_claims 於 and/, 處切斷所致",dance;pop,supported,dance;pop,,,not_applicable,1,0,"In that case, I recommend '[Girls' Generation] by 4Minute. It's a pop and dance track with a female vocalist. It has a pop and dance vibe with a female vocalist, which aligns with your preferences. It's a track that can be used in a music video."
2378,2WzHhtkF8JM,2WzHhtkF8JM_0Y1v5HCWz6M,2WzHhtkF8JM_0Y1v5HCWz6M,2WzHhtkF8JM,wo_audio_all,5,It's a track that can be used in a music video.,It's a track that can be used in a music video.,unsupported,unknown,0,,0,E6_likely_hallucination,可能幻覺,unclassified_specific_claim,具體主張但未命中任何證據來源,,not_applicable,,,,not_applicable,1,1,"In that case, I recommend '[Girls' Generation] by 4Minute. It's a pop and dance track with a female vocalist. It has a pop and dance vibe with a female vocalist, which aligns with your preferences. It's a track that can be used in a music video."
2378,2WzHhtkF8JM,2WzHhtkF8JM_0Y1v5HCWz6M,2WzHhtkF8JM_0Y1v5HCWz6M,2WzHhtkF8JM,wo_prompt,2,"The song is a mix of pop, dance","The song is a mix of pop, dance, and electronic genres, with female vocals.",audio-supported,audio,0,,1,E0_clause_split_artifact,斷句碎片（標註流程假影）,parent_audio-supported,"母句可歸屬，unsupported 係 split_claims 於 and/, 處切斷所致",dance;electronic;pop,supported,dance;electronic;pop,,,not_applicable,1,0,"In the music video for '이러쿵 저러쿵' by F-ve Dolls, you can see the members of F-ve Dolls in their cute and colorful outfits. The song is a mix of pop, dance, and electronic genres, with female vocals. It has a catchy and upbeat vibe that would be a great fit for your video."
2378,2WzHhtkF8JM,2WzHhtkF8JM_0Y1v5HCWz6M,2WzHhtkF8JM_0Y1v5HCWz6M,2WzHhtkF8JM,wo_prompt,4,It has a catchy,It has a catchy and upbeat vibe that would be a great fit for your video.,audio-supported,audio,0,,1,E0_clause_split_artifact,斷句碎片（標註流程假影）,parent_audio-supported,"母句可歸屬，unsupported 係 split_claims 於 and/, 處切斷所致",,not_applicable,,,,not_applicable,1,0,"In the music video for '이러쿵 저러쿵' by F-ve Dolls, you can see the members of F-ve Dolls in their cute and colorful outfits. The song is a mix of pop, dance, and electronic genres, with female vocals. It has a catchy and upbeat vibe that would be a great fit for your video."
2378,2WzHhtkF8JM,2WzHhtkF8JM_0Y1v5HCWz6M,2WzHhtkF8JM_0Y1v5HCWz6M,2WzHhtkF8JM,wo_ltp,1,<EMPTY_GENERATION>,<EMPTY_GENERATION>,unsupported,unknown,1,too_few_tokens=0,0,E7_degenerate_generation,生成崩潰（退化輸出）,degenerate_output,整段生成為退化輸出（too_few_tokens=0），此時的 unsupported 反映生成崩潰而非主張缺乏證據,,not_applicable,,,,not_applicable,1,0,"?????
?????
????????????????????????????????????????????????????????????????????????????????????????????????????????????????????"
2446,wWCZ65xE-7c,wWCZ65xE-7c_mLg_eN8JPzo,wWCZ65xE-7c_mLg_eN8JPzo,wWCZ65xE-7c,wo_ltp,1,<EMPTY_GENERATION>,<EMPTY_GENERATION>,unsupported,unknown,1,too_few_tokens=0,0,E7_degenerate_generation,生成崩潰（退化輸出）,degenerate_output,整段生成為退化輸出（too_few_tokens=0），此時的 unsupported 反映生成崩潰而非主張缺乏證據,,not_applicable,,,,not_applicable,1,0,1010111111111111111111111111111111111111111111111111111111111111111111111111111111111111111111111111111111111111111111111111111
2449,JknekAM8pY4,JknekAM8pY4_FAi1atXAKHo,ijOoVwbm0DE_939GqwQGY6k,ijOoVwbm0DE,wo_video,3,The song combines elements of 80s,The song combines elements of 80s and alternative rock with a focus on drums and vocals.,audio-supported,audio,0,,1,E0_clause_split_artifact,斷句碎片（標註流程假影）,parent_audio-supported,"母句可歸屬，unsupported 係 split_claims 於 and/, 處切斷所致",alternative;rock,supported,alternative;rock,,,not_applicable,1,0,Allow me to recommend 'Sweet Dreams' by The Sweet Dreams. It's a track from their album 'Sweet Dreams'. The song combines elements of 80s and alternative rock with a focus on drums and vocals. It has a rock and indie sound too.
2449,JknekAM8pY4,JknekAM8pY4_FAi1atXAKHo,ijOoVwbm0DE_939GqwQGY6k,ijOoVwbm0DE,wo_video,5,It has a rock,It has a rock and indie sound too.,audio-supported,audio,0,,1,E0_clause_split_artifact,斷句碎片（標註流程假影）,parent_audio-supported,"母句可歸屬，unsupported 係 split_claims 於 and/, 處切斷所致",indie;rock,supported,indie;rock,,,not_applicable,1,0,Allow me to recommend 'Sweet Dreams' by The Sweet Dreams. It's a track from their album 'Sweet Dreams'. The song combines elements of 80s and alternative rock with a focus on drums and vocals. It has a rock and indie sound too.
2449,JknekAM8pY4,JknekAM8pY4_FAi1atXAKHo,ijOoVwbm0DE_939GqwQGY6k,ijOoVwbm0DE,wo_audio_feature_only,3,It's a track that combines elements of 80s,It's a track that combines elements of 80s and alternative rock with a focus on drums and vocal.,audio-supported,audio,0,,1,E0_clause_split_artifact,斷句碎片（標註流程假影）,parent_audio-supported,"母句可歸屬，unsupported 係 split_claims 於 and/, 處切斷所致",alternative;rock,supported,alternative;rock,,,not_applicable,1,0,"In that case, I recommend '徐徐徐徐徐徐 I'm sorry, but I can't find a specific recommendation for you. However, I can suggest exploring the music of '徐徐徐徐' by 徐徐徐. It's a track that combines elements of 80s and alternative rock with a focus on drums and vocal. It may contain the specific elements you are looking for."
2449,JknekAM8pY4,JknekAM8pY4_FAi1atXAKHo,ijOoVwbm0DE_939GqwQGY6k,ijOoVwbm0DE,wo_audio_all,2,It's a track that combines elements of 80s,It's a track that combines elements of 80s and alternative rock with drums and vocal.,audio-supported,audio,0,,1,E0_clause_split_artifact,斷句碎片（標註流程假影）,parent_audio-supported,"母句可歸屬，unsupported 係 split_claims 於 and/, 處切斷所致",alternative;rock,supported,alternative;rock,,,not_applicable,1,0,"Allow me to recommend '徐徐徐徐徐徐徐徐 '徐 ' by 80s. It's a track that combines elements of 80s and alternative rock with drums and vocal. It has a mix of electronic and rock elements, which could be a fitting choice for your video."
2449,JknekAM8pY4,JknekAM8pY4_FAi1atXAKHo,ijOoVwbm0DE_939GqwQGY6k,ijOoVwbm0DE,wo_audio_all,4,It has a mix of electronic,"It has a mix of electronic and rock elements, which could be a fitting choice for your video.",general-supported,general,0,,1,E0_clause_split_artifact,斷句碎片（標註流程假影）,parent_general-supported,"母句可歸屬，unsupported 係 split_claims 於 and/, 處切斷所致",electronic;rock,partially_supported,rock,electronic,,not_applicable,1,0,"Allow me to recommend '徐徐徐徐徐徐徐徐 '徐 ' by 80s. It's a track that combines elements of 80s and alternative rock with drums and vocal. It has a mix of electronic and rock elements, which could be a fitting choice for your video."
2449,JknekAM8pY4,JknekAM8pY4_FAi1atXAKHo,ijOoVwbm0DE_939GqwQGY6k,ijOoVwbm0DE,wo_prompt,4,It has a unique,It has a unique and experimental sound that could add an interesting touch to your video.,audio-supported,audio,0,,1,E0_clause_split_artifact,斷句碎片（標註流程假影）,parent_audio-supported,"母句可歸屬，unsupported 係 split_claims 於 and/, 處切斷所致",,not_applicable,,,,not_applicable,1,0,"In that case, I would recommend '寂寂' by 寂寂. This track falls under the rock, indie, and alternative genres, with elements of indie rock. It has a unique and experimental sound that could add an interesting touch to your video."
2449,JknekAM8pY4,JknekAM8pY4_FAi1atXAKHo,ijOoVwbm0DE_939GqwQGY6k,ijOoVwbm0DE,wo_ltp,1,and it is morning.,and it is morning.,unsupported,unknown,1,type_token_ratio=0.11,0,E7_degenerate_generation,生成崩潰（退化輸出）,degenerate_output,整段生成為退化輸出（type_token_ratio=0.11），此時的 unsupported 反映生成崩潰而非主張缺乏證據,,not_applicable,,,,not_applicable,1,0,.. is is. for. is is. for. is. for. is. for. and. is. and. and it is. for. and it is. and. and it is. and. and it is. and. to. and it is. and. it is. and. to. and. to. to. to. to. and it is morning. and it is morning. and that' morning. and that' morning. and that' is. that' morning. that' that' that' that. that' that' that. that. that' that. that. that'
2449,JknekAM8pY4,JknekAM8pY4_FAi1atXAKHo,ijOoVwbm0DE_939GqwQGY6k,ijOoVwbm0DE,wo_ltp,2,and it is morning.,and it is morning.,unsupported,unknown,1,type_token_ratio=0.11,0,E7_degenerate_generation,生成崩潰（退化輸出）,degenerate_output,整段生成為退化輸出（type_token_ratio=0.11），此時的 unsupported 反映生成崩潰而非主張缺乏證據,,not_applicable,,,,not_applicable,1,0,.. is is. for. is is. for. is. for. is. for. and. is. and. and it is. for. and it is. and. and it is. and. and it is. and. to. and it is. and. it is. and. to. and. to. to. to. to. and it is morning. and it is morning. and that' morning. and that' morning. and that' is. that' morning. that' that' that' that. that' that' that. that. that' that. that. that'
2449,JknekAM8pY4,JknekAM8pY4_FAi1atXAKHo,ijOoVwbm0DE_939GqwQGY6k,ijOoVwbm0DE,wo_ltp,3,that' that' that' that.,that' that' that' that.,unsupported,unknown,1,type_token_ratio=0.11,0,E7_degenerate_generation,生成崩潰（退化輸出）,degenerate_output,整段生成為退化輸出（type_token_ratio=0.11），此時的 unsupported 反映生成崩潰而非主張缺乏證據,,not_applicable,,,,not_applicable,1,0,.. is is. for. is is. for. is. for. is. for. and. is. and. and it is. for. and it is. and. and it is. and. and it is. and. to. and it is. and. it is. and. to. and. to. to. to. to. and it is morning. and it is morning. and that' morning. and that' morning. and that' is. that' morning. that' that' that' that. that' that' that. that. that' that. that. that'
2455,gRKzFMRviAs,gRKzFMRviAs_qbZBq5WNw3k,ZKV1Em1DaNI_RZ4Rx_WqH4Y,ZKV1Em1DaNI,full,4,pop with a rock vibe.,"This song combines elements of electronic, house, and pop with a rock vibe.",audio-supported,audio,0,,0,E0_clause_split_artifact,斷句碎片（標註流程假影）,parent_audio-supported,"母句可歸屬，unsupported 係 split_claims 於 and/, 處切斷所致",electronic;house;pop;rock,partially_supported,electronic;pop,house;rock,,not_applicable,1,0,"Certainly! I recommend 'Gasoline (Ballad Version)' by Britney Spears. It's a track from her album 'Gasoline'. This song combines elements of electronic, house, and pop with a rock vibe. It has a fast-paced techno sound and features female vocals, which can add an energetic and dynamic touch to your video."
2455,gRKzFMRviAs,gRKzFMRviAs_qbZBq5WNw3k,ZKV1Em1DaNI_RZ4Rx_WqH4Y,ZKV1Em1DaNI,full,7,dynamic touch to your video.,"It has a fast-paced techno sound and features female vocals, which can add an energetic and dynamic touch to your video.",video-supported,video,0,,0,E0_clause_split_artifact,斷句碎片（標註流程假影）,parent_video-supported,"母句可歸屬，unsupported 係 split_claims 於 and/, 處切斷所致",,not_applicable,,,,not_applicable,1,0,"Certainly! I recommend 'Gasoline (Ballad Version)' by Britney Spears. It's a track from her album 'Gasoline'. This song combines elements of electronic, house, and pop with a rock vibe. It has a fast-paced techno sound and features female vocals, which can add an energetic and dynamic touch to your video."
2455,gRKzFMRviAs,gRKzFMRviAs_qbZBq5WNw3k,ZKV1Em1DaNI_RZ4Rx_WqH4Y,ZKV1Em1DaNI,wo_video,4,electronic with a touch of house music.,"It combines elements of pop, dance, and electronic with a touch of house music.",audio-supported,audio,0,,0,E0_clause_split_artifact,斷句碎片（標註流程假影）,parent_audio-supported,"母句可歸屬，unsupported 係 split_claims 於 and/, 處切斷所致",dance;electronic;house;pop,partially_supported,dance;electronic;pop,house,,not_applicable,1,0,"Certainly! I recommend 'Gasoline (Ballad Version)' by Britney Spears. It's a track from her album 'Gasoline'. It combines elements of pop, dance, and electronic with a touch of house music. The song has a catchy and energetic vibe that could be a fitting choice for your video."
2455,gRKzFMRviAs,gRKzFMRviAs_qbZBq5WNw3k,ZKV1Em1DaNI_RZ4Rx_WqH4Y,ZKV1Em1DaNI,wo_video,5,The song has a catchy,The song has a catchy and energetic vibe that could be a fitting choice for your video.,audio-supported,audio,0,,1,E0_clause_split_artifact,斷句碎片（標註流程假影）,parent_audio-supported,"母句可歸屬，unsupported 係 split_claims 於 and/, 處切斷所致",,not_applicable,,,,not_applicable,1,0,"Certainly! I recommend 'Gasoline (Ballad Version)' by Britney Spears. It's a track from her album 'Gasoline'. It combines elements of pop, dance, and electronic with a touch of house music. The song has a catchy and energetic vibe that could be a fitting choice for your video."
2455,gRKzFMRviAs,gRKzFMRviAs_qbZBq5WNw3k,ZKV1Em1DaNI_RZ4Rx_WqH4Y,ZKV1Em1DaNI,wo_prompt,4,electronic music with a touch of rock.,"The song combines elements of dance, pop, and electronic music with a touch of rock.",audio-supported,audio,0,,0,E0_clause_split_artifact,斷句碎片（標註流程假影）,parent_audio-supported,"母句可歸屬，unsupported 係 split_claims 於 and/, 處切斷所致",dance;electronic;pop;rock,partially_supported,dance;electronic;pop,rock,,not_applicable,1,0,"In that case, I recommend 'Gasoline (Ballad Version)' by Britney Spears. It's a track from her album 'Gasoline'. The song combines elements of dance, pop, and electronic music with a touch of rock. It features female vocals and has a soothing and emotional vibe."
2455,gRKzFMRviAs,gRKzFMRviAs_qbZBq5WNw3k,ZKV1Em1DaNI_RZ4Rx_WqH4Y,ZKV1Em1DaNI,wo_ltp,1,"that that that morning, that morning, that morning, that morning, that, that, that, that that, that that, that that, that that, that that, that that that, that that that, that that that that that that that that that that that that that that that that that that that that that that that that that that that that that that that that that that that that that that that that that that that that that that that that that that that that that that that that that that that that that that that that that that","that that that morning, that morning, that morning, that morning, that, that, that, that that, that that, that that, that that, that that, that that that, that that that, that that that that that that that that that that that that that that that that that that that that that that that that that that that that that that that that that that that that that that that that that that that that that that that that that that that that that that that that that that that that that that that that that that",unsupported,unknown,1,type_token_ratio=0.03,0,E7_degenerate_generation,生成崩潰（退化輸出）,degenerate_output,整段生成為退化輸出（type_token_ratio=0.03），此時的 unsupported 反映生成崩潰而非主張缺乏證據,,not_applicable,,,,not_applicable,1,0,"that. that. that. that. that. that. that is that. that morning. that that that morning, that morning, that morning, that morning, that, that, that, that that, that that, that that, that that, that that, that that that, that that that, that that that that that that that that that that that that that that that that that that that that that that that that that that that that that that that that that that that that that that that that that that that that that that that that that that that that that that that that that that that that that that that that that that"
2491,mn4WwaRfmKM,mn4WwaRfmKM_7Kxl3Y5zh5E,mn4WwaRfmKM_7Kxl3Y5zh5E,mn4WwaRfmKM,full,2,"It's a soulful track with elements of pop, rock","It's a soulful track with elements of pop, rock, and 80s influences.",audio-supported,audio,0,,1,E0_clause_split_artifact,斷句碎片（標註流程假影）,parent_audio-supported,"母句可歸屬，unsupported 係 split_claims 於 and/, 處切斷所致",pop;rock,supported,pop;rock,,,not_applicable,1,0,"Certainly! I recommend 'Happy' by Tyree Morris & Hearts of Worship. It's a soulful track with elements of pop, rock, and 80s influences. The song features female vocals and has a catchy and upbeat sound. It could be a great addition to your video."
2491,mn4WwaRfmKM,mn4WwaRfmKM_7Kxl3Y5zh5E,mn4WwaRfmKM_7Kxl3Y5zh5E,mn4WwaRfmKM,full,4,It could be a great addition to your video.,It could be a great addition to your video.,unsupported,unknown,0,,0,E4_vague_generic,一般性空泛描述／主觀陳述,generic_video_benefit,泛用效用或主觀陳述，本質上不具可驗證性,,not_applicable,,,,not_applicable,1,0,"Certainly! I recommend 'Happy' by Tyree Morris & Hearts of Worship. It's a soulful track with elements of pop, rock, and 80s influences. The song features female vocals and has a catchy and upbeat sound. It could be a great addition to your video."
2491,mn4WwaRfmKM,mn4WwaRfmKM_7Kxl3Y5zh5E,mn4WwaRfmKM_7Kxl3Y5zh5E,mn4WwaRfmKM,wo_video,3,"Although I don't have much information about this track, it aligns with the genres you mentioned","Although I don't have much information about this track, it aligns with the genres you mentioned and could be a fitting choice for your video.",general-supported,general,0,,1,E0_clause_split_artifact,斷句碎片（標註流程假影）,parent_general-supported,"母句可歸屬，unsupported 係 split_claims 於 and/, 處切斷所致",,not_applicable,,,,not_applicable,1,0,"I recommend 'Happy' by Tyree Morris & Hearts of Worship. It's a track that combines elements of soul, pop, and 80s rock. Although I don't have much information about this track, it aligns with the genres you mentioned and could be a fitting choice for your video."
2491,mn4WwaRfmKM,mn4WwaRfmKM_7Kxl3Y5zh5E,mn4WwaRfmKM_7Kxl3Y5zh5E,mn4WwaRfmKM,wo_audio_all,1,I don't have any specific information about the track you mentioned.,I don't have any specific information about the track you mentioned.,unsupported,unknown,0,,0,E6_likely_hallucination,可能幻覺,unclassified_specific_claim,具體主張但未命中任何證據來源,,not_applicable,,,,not_applicable,1,1,"I don't have any specific information about the track you mentioned. However, I can recommend 'I'm Yours' by J. Holiday. It's a soul, pop, and 80s rock track that combines elements of Hip-Hop, pop, and electronic genres. It has a fast-paced beat and features electronic elements as well. It could be a fitting choice for your video."
2491,mn4WwaRfmKM,mn4WwaRfmKM_7Kxl3Y5zh5E,mn4WwaRfmKM_7Kxl3Y5zh5E,mn4WwaRfmKM,wo_audio_all,3,"It's a soul, pop","It's a soul, pop, and 80s rock track that combines elements of Hip-Hop, pop, and electronic genres.",audio-supported,audio,0,,1,E0_clause_split_artifact,斷句碎片（標註流程假影）,parent_audio-supported,"母句可歸屬，unsupported 係 split_claims 於 and/, 處切斷所致",electronic;hip-hop;pop;rock;soul,partially_supported,electronic;pop;rock;soul,hip-hop,,not_applicable,1,0,"I don't have any specific information about the track you mentioned. However, I can recommend 'I'm Yours' by J. Holiday. It's a soul, pop, and 80s rock track that combines elements of Hip-Hop, pop, and electronic genres. It has a fast-paced beat and features electronic elements as well. It could be a fitting choice for your video."
2491,mn4WwaRfmKM,mn4WwaRfmKM_7Kxl3Y5zh5E,mn4WwaRfmKM_7Kxl3Y5zh5E,mn4WwaRfmKM,wo_audio_all,6,features electronic elements as well.,It has a fast-paced beat and features electronic elements as well.,audio-supported,audio,0,,0,E0_clause_split_artifact,斷句碎片（標註流程假影）,parent_audio-supported,"母句可歸屬，unsupported 係 split_claims 於 and/, 處切斷所致",electronic,supported,electronic,,,not_applicable,1,0,"I don't have any specific information about the track you mentioned. However, I can recommend 'I'm Yours' by J. Holiday. It's a soul, pop, and 80s rock track that combines elements of Hip-Hop, pop, and electronic genres. It has a fast-paced beat and features electronic elements as well. It could be a fitting choice for your video."
2491,mn4WwaRfmKM,mn4WwaRfmKM_7Kxl3Y5zh5E,mn4WwaRfmKM_7Kxl3Y5zh5E,mn4WwaRfmKM,wo_prompt,3,"rock, with a touch of jazz.","It combines elements of soul, pop, and rock, with a touch of jazz.",audio-supported,audio,0,,0,E0_clause_split_artifact,斷句碎片（標註流程假影）,parent_audio-supported,"母句可歸屬，unsupported 係 split_claims 於 and/, 處切斷所致",jazz;pop;rock;soul,partially_supported,pop;rock;soul,jazz,,not_applicable,1,0,"In terms of the specific elements you mentioned, 'Happy' by Tyree Morris & Hearts of Worship could be a fitting choice. It combines elements of soul, pop, and rock, with a touch of jazz. The track has a positive and uplifting vibe, which aligns well with the theme of your video."
2491,mn4WwaRfmKM,mn4WwaRfmKM_7Kxl3Y5zh5E,mn4WwaRfmKM_7Kxl3Y5zh5E,mn4WwaRfmKM,wo_prompt,4,The track has a positive,"The track has a positive and uplifting vibe, which aligns well with the theme of your video.",unsupported,unknown,0,,1,E6_likely_hallucination,可能幻覺,unclassified_specific_claim,具體主張但未命中任何證據來源,,not_applicable,,,,not_applicable,1,1,"In terms of the specific elements you mentioned, 'Happy' by Tyree Morris & Hearts of Worship could be a fitting choice. It combines elements of soul, pop, and rock, with a touch of jazz. The track has a positive and uplifting vibe, which aligns well with the theme of your video."
2491,mn4WwaRfmKM,mn4WwaRfmKM_7Kxl3Y5zh5E,mn4WwaRfmKM_7Kxl3Y5zh5E,mn4WwaRfmKM,wo_prompt,5,"uplifting vibe, which aligns well with the theme of your video.","The track has a positive and uplifting vibe, which aligns well with the theme of your video.",unsupported,unknown,0,,0,E6_likely_hallucination,可能幻覺,unclassified_specific_claim,具體主張但未命中任何證據來源,,not_applicable,,,,not_applicable,1,1,"In terms of the specific elements you mentioned, 'Happy' by Tyree Morris & Hearts of Worship could be a fitting choice. It combines elements of soul, pop, and rock, with a touch of jazz. The track has a positive and uplifting vibe, which aligns well with the theme of your video."
2491,mn4WwaRfmKM,mn4WwaRfmKM_7Kxl3Y5zh5E,mn4WwaRfmKM_7Kxl3Y5zh5E,mn4WwaRfmKM,wo_ltp,1,<EMPTY_GENERATION>,<EMPTY_GENERATION>,unsupported,unknown,1,type_token_ratio=0.05,0,E7_degenerate_generation,生成崩潰（退化輸出）,degenerate_output,整段生成為退化輸出（type_token_ratio=0.05），此時的 unsupported 反映生成崩潰而非主張缺乏證據,,not_applicable,,,,not_applicable,1,0,. is. and. is. is. is. and. is. and. is. and. and the. is. and. and. and. is. and. and. and. and. and. is. and. and. and. and. and. and. and. and. and. and. and. and. and. and. and. and. and. and. and. and. and. and. and. and. and. and. and. and. and. and. and. and the. and the. and. and. and. and. and. and. and.
2555,m7Cq8gduKP0,m7Cq8gduKP0_gk2j6CDUFpI,m7Cq8gduKP0_gk2j6CDUFpI,m7Cq8gduKP0,full,4,The song has a relaxed,The song has a relaxed and soothing vibe that could be a fitting choice for your video.,general-supported,general,0,,1,E0_clause_split_artifact,斷句碎片（標註流程假影）,parent_general-supported,"母句可歸屬，unsupported 係 split_claims 於 and/, 處切斷所致",,not_applicable,,,,not_applicable,1,0,"Allow me to recommend '18 ans' by Beli Blanco feat;. It's a track from their album '18 ans'. It combines elements of hip-hop, pop, and chillout with electronic and rock influences. The song has a relaxed and soothing vibe that could be a fitting choice for your video."
2555,m7Cq8gduKP0,m7Cq8gduKP0_gk2j6CDUFpI,m7Cq8gduKP0_gk2j6CDUFpI,m7Cq8gduKP0,wo_audio_feature_only,3,"Although I don't have specific information about this track, it aligns with the hip-hop","Although I don't have specific information about this track, it aligns with the hip-hop and chillout genres you're looking for.",prompt-supported,prompt,0,,1,E0_clause_split_artifact,斷句碎片（標註流程假影）,parent_prompt-supported,"母句可歸屬，unsupported 係 split_claims 於 and/, 處切斷所致",chillout;hip-hop,supported,chillout;hip-hop,,,not_applicable,1,0,"I recommend 'Hip-Hop' by Beli Blanco. It's a track that combines elements of hip-hop, chillout, and electronic dance. Although I don't have specific information about this track, it aligns with the hip-hop and chillout genres you're looking for."
2555,m7Cq8gduKP0,m7Cq8gduKP0_gk2j6CDUFpI,m7Cq8gduKP0_gk2j6CDUFpI,m7Cq8gduKP0,wo_ltp,1,<EMPTY_GENERATION>,<EMPTY_GENERATION>,unsupported,unknown,1,type_token_ratio=0.06,0,E7_degenerate_generation,生成崩潰（退化輸出）,degenerate_output,整段生成為退化輸出（type_token_ratio=0.06），此時的 unsupported 反映生成崩潰而非主張缺乏證據,,not_applicable,,,,not_applicable,1,0,?t?t?t?t.t.t.t.t.t.t.t.t.t.t.t.t.t.t.t.t.t.t.t.t.t.t.t.t.t.t.ttttttttttttttttttttttttttttttttttttttttttttttttttttttttttttttttttt
2609,iwxzc2MlkRg,iwxzc2MlkRg_UB7-5vH_veA,iwxzc2MlkRg_UB7-5vH_veA,iwxzc2MlkRg,wo_prompt,4,indie with a touch of alternative.,"The song combines elements of rock, pop, and indie with a touch of alternative.",audio-supported,audio,0,,0,E0_clause_split_artifact,斷句碎片（標註流程假影）,parent_audio-supported,"母句可歸屬，unsupported 係 split_claims 於 and/, 處切斷所致",alternative;indie;pop;rock,supported,alternative;indie;pop;rock,,,not_applicable,1,0,"I recommend 'Chora Brother' by Mahalo. It's a track from their album 'Chora Brother'. The song combines elements of rock, pop, and indie with a touch of alternative. It has a guitar-driven sound and features male vocals. It was released in 2012 and could be a fitting choice for your video."
2609,iwxzc2MlkRg,iwxzc2MlkRg_UB7-5vH_veA,iwxzc2MlkRg_UB7-5vH_veA,iwxzc2MlkRg,wo_ltp,1,and that is is.,and that is is.,unsupported,unknown,1,type_token_ratio=0.05,0,E7_degenerate_generation,生成崩潰（退化輸出）,degenerate_output,整段生成為退化輸出（type_token_ratio=0.05），此時的 unsupported 反映生成崩潰而非主張缺乏證據,,not_applicable,,,,not_applicable,1,0,and. and. and that is is. and that is is. and that is. and that is. and that is. that is. that is that. that. that. that is that. that. that. that. that. that' that' that that' that' that' that' that' that' that' that' that' that' that' that' that' that' that' that' that' that' that' that' that' that' that' that' that' that' that' that' that' that' that' that' that' that' that' that' that'
2609,iwxzc2MlkRg,iwxzc2MlkRg_UB7-5vH_veA,iwxzc2MlkRg_UB7-5vH_veA,iwxzc2MlkRg,wo_ltp,2,and that is is.,and that is is.,unsupported,unknown,1,type_token_ratio=0.05,0,E7_degenerate_generation,生成崩潰（退化輸出）,degenerate_output,整段生成為退化輸出（type_token_ratio=0.05），此時的 unsupported 反映生成崩潰而非主張缺乏證據,,not_applicable,,,,not_applicable,1,0,and. and. and that is is. and that is is. and that is. and that is. and that is. that is. that is that. that. that. that is that. that. that. that. that. that' that' that that' that' that' that' that' that' that' that' that' that' that' that' that' that' that' that' that' that' that' that' that' that' that' that' that' that' that' that' that' that' that' that' that' that' that' that' that'
2609,iwxzc2MlkRg,iwxzc2MlkRg_UB7-5vH_veA,iwxzc2MlkRg_UB7-5vH_veA,iwxzc2MlkRg,wo_ltp,3,that' that' that that' that' that' that' that' that' that' that' that' that' that' that' that' that' that' that' that' that' that' that' that' that' that' that' that' that' that' that' that' that' that' that' that' that' that' that' that',that' that' that that' that' that' that' that' that' that' that' that' that' that' that' that' that' that' that' that' that' that' that' that' that' that' that' that' that' that' that' that' that' that' that' that' that' that' that' that',unsupported,unknown,1,type_token_ratio=0.05,0,E7_degenerate_generation,生成崩潰（退化輸出）,degenerate_output,整段生成為退化輸出（type_token_ratio=0.05），此時的 unsupported 反映生成崩潰而非主張缺乏證據,,not_applicable,,,,not_applicable,1,0,and. and. and that is is. and that is is. and that is. and that is. and that is. that is. that is that. that. that. that is that. that. that. that. that. that' that' that that' that' that' that' that' that' that' that' that' that' that' that' that' that' that' that' that' that' that' that' that' that' that' that' that' that' that' that' that' that' that' that' that' that' that' that' that'
2627,4O_gGo7MsW4,4O_gGo7MsW4_1S84Sxh4x0c,J3cDpZ_XK0Q_dv9fLkek4ds,J3cDpZ_XK0Q,wo_video,4,"Although there is no specific information available about the track, it aligns well with the electronic","Although there is no specific information available about the track, it aligns well with the electronic and rock elements you're looking for.",prompt-supported,prompt,0,,1,E0_clause_split_artifact,斷句碎片（標註流程假影）,parent_prompt-supported,"母句可歸屬，unsupported 係 split_claims 於 and/, 處切斷所致",electronic;rock,supported,electronic;rock,,,not_applicable,1,0,"Allow me to recommend 'LT - LT'. It's a track by LT that combines elements of hip-hop, electronic, and rock with techno influences. Although there is no specific information available about the track, it aligns well with the electronic and rock elements you're looking for."
2627,4O_gGo7MsW4,4O_gGo7MsW4_1S84Sxh4x0c,J3cDpZ_XK0Q_dv9fLkek4ds,J3cDpZ_XK0Q,wo_ltp,1,that'that that'that that'that that'that that'that that'that that.,that'that that'that that'that that'that that'that that'that that.,unsupported,unknown,1,type_token_ratio=0.09,0,E7_degenerate_generation,生成崩潰（退化輸出）,degenerate_output,整段生成為退化輸出（type_token_ratio=0.09），此時的 unsupported 反映生成崩潰而非主張缺乏證據,,not_applicable,,,,not_applicable,1,0,. is. is. is. is. and. is. and. is. and that. is. and that. is. and that. is. and that. is. and that. is. that. that. that. that. that. that. that. that' that' that. that'is that'that. that'that. that'that that'that that'that that'that that'that that'that that. that'that that'that that'that that that that that that'that that that that that that that that that that that that'that that that that that'that
2627,4O_gGo7MsW4,4O_gGo7MsW4_1S84Sxh4x0c,J3cDpZ_XK0Q_dv9fLkek4ds,J3cDpZ_XK0Q,wo_ltp,2,that'that that'that that'that that that that that that'that that that that that that that that that that that that'that that that that that'that,that'that that'that that'that that that that that that'that that that that that that that that that that that that'that that that that that'that,unsupported,unknown,1,type_token_ratio=0.09,0,E7_degenerate_generation,生成崩潰（退化輸出）,degenerate_output,整段生成為退化輸出（type_token_ratio=0.09），此時的 unsupported 反映生成崩潰而非主張缺乏證據,,not_applicable,,,,not_applicable,1,0,. is. is. is. is. and. is. and. is. and that. is. and that. is. and that. is. and that. is. and that. is. that. that. that. that. that. that. that. that' that' that. that'is that'that. that'that. that'that that'that that'that that'that that'that that'that that. that'that that'that that'that that that that that that'that that that that that that that that that that that that'that that that that that'that
2639,fn_GPyrIZDM,fn_GPyrIZDM_YxVvA5-Ndmg,o7VqntJGrIw_aJANsPCILB4,o7VqntJGrIw,full,6,has a unique blend of genres that could add a distinctive touch to your video.,It was released in 2013 and has a unique blend of genres that could add a distinctive touch to your video.,metadata-supported,metadata,0,,0,E0_clause_split_artifact,斷句碎片（標註流程假影）,parent_metadata-supported,"母句可歸屬，unsupported 係 split_claims 於 and/, 處切斷所致",,not_applicable,,,,not_applicable,1,0,"Allow me to recommend 'Za młodych' by K.A.S. It's a track from their album 'Za młodych'. The song combines elements of hip-hop, soul, R&B, and pop, which aligns well with the Polish hip-hop style you're looking for. It was released in 2013 and has a unique blend of genres that could add a distinctive touch to your video."
2639,fn_GPyrIZDM,fn_GPyrIZDM_YxVvA5-Ndmg,o7VqntJGrIw_aJANsPCILB4,o7VqntJGrIw,wo_audio_feature_only,5,It also incorporates elements of soul,It also incorporates elements of soul and pop influences.,audio-supported,audio,0,,1,E0_clause_split_artifact,斷句碎片（標註流程假影）,parent_audio-supported,"母句可歸屬，unsupported 係 split_claims 於 and/, 處切斷所致",pop;soul,partially_supported,soul,pop,,not_applicable,1,0,"Allow me to recommend 'Wszystwo' by K.A.S.A.S. It's a track that combines elements of hip-hop, soul, and pop influences. It has a fast-paced techno-beat and a catchy beat with a focus on the Polish hip-hop scene. It also incorporates elements of soul and pop influences."
2639,fn_GPyrIZDM,fn_GPyrIZDM_YxVvA5-Ndmg,o7VqntJGrIw_aJANsPCILB4,o7VqntJGrIw,wo_audio_all,3,"Although I don't have much information about this track, it is likely to have elements of hip-hop, soul","Although I don't have much information about this track, it is likely to have elements of hip-hop, soul, and pop influences.",audio-supported,audio,0,,1,E0_clause_split_artifact,斷句碎片（標註流程假影）,parent_audio-supported,"母句可歸屬，unsupported 係 split_claims 於 and/, 處切斷所致",hip-hop;pop;soul,partially_supported,hip-hop;soul,pop,,not_applicable,1,0,"Allow me to recommend 'Wszystwo' by Kolektyściściści. It's a track from the hip-hop genre. Although I don't have much information about this track, it is likely to have elements of hip-hop, soul, and pop influences. It could be a fitting choice for your video."
2639,fn_GPyrIZDM,fn_GPyrIZDM_YxVvA5-Ndmg,o7VqntJGrIw_aJANsPCILB4,o7VqntJGrIw,wo_prompt,4,rock with a touch of jazz.,"The song combines elements of Hip-Hop, electronic, and rock with a touch of jazz.",audio-supported,audio,0,,0,E0_clause_split_artifact,斷句碎片（標註流程假影）,parent_audio-supported,"母句可歸屬，unsupported 係 split_claims 於 and/, 處切斷所致",electronic;hip-hop;jazz;rock,partially_supported,electronic;hip-hop,jazz;rock,,not_applicable,1,0,"I recommend 'DEL PASILLO A LA ESQUINA' by ILICITO ASFALTO. It's a track from their album 'DEL PASILLO A LA ESQUINA'. The song combines elements of Hip-Hop, electronic, and rock with a touch of jazz. It has a unique and experimental sound that could add an interesting dimension to your video."
2639,fn_GPyrIZDM,fn_GPyrIZDM_YxVvA5-Ndmg,o7VqntJGrIw_aJANsPCILB4,o7VqntJGrIw,wo_prompt,5,It has a unique,It has a unique and experimental sound that could add an interesting dimension to your video.,audio-supported,audio,0,,1,E0_clause_split_artifact,斷句碎片（標註流程假影）,parent_audio-supported,"母句可歸屬，unsupported 係 split_claims 於 and/, 處切斷所致",,not_applicable,,,,not_applicable,1,0,"I recommend 'DEL PASILLO A LA ESQUINA' by ILICITO ASFALTO. It's a track from their album 'DEL PASILLO A LA ESQUINA'. The song combines elements of Hip-Hop, electronic, and rock with a touch of jazz. It has a unique and experimental sound that could add an interesting dimension to your video."
2639,fn_GPyrIZDM,fn_GPyrIZDM_YxVvA5-Ndmg,o7VqntJGrIw_aJANsPCILB4,o7VqntJGrIw,wo_ltp,1,<EMPTY_GENERATION>,<EMPTY_GENERATION>,unsupported,unknown,1,too_few_tokens=4,0,E7_degenerate_generation,生成崩潰（退化輸出）,degenerate_output,整段生成為退化輸出（too_few_tokens=4），此時的 unsupported 反映生成崩潰而非主張缺乏證據,,not_applicable,,,,not_applicable,1,0,".
.
 is.
.

 is is.


'"
2648,rSAbaOw7tNY,rSAbaOw7tNY_R6_kdKj7mJ0,ky9iJT6JZZk_8lC-j7d9vsA,ky9iJT6JZZk,wo_video,2,Rahshon - All Night Long'.,Rahshon - All Night Long'.,unsupported,unknown,0,,0,E6_likely_hallucination,可能幻覺,unclassified_specific_claim,具體主張但未命中任何證據來源,,not_applicable,,,,not_applicable,1,1,"Certainly! I recommend 'Uno Feat. Rahshon - All Night Long'. It's a track with electronic and experimental elements, similar to the song you mentioned. Although I don't have specific information about the track, it aligns well with the genres you're interested in."
2648,rSAbaOw7tNY,rSAbaOw7tNY_R6_kdKj7mJ0,ky9iJT6JZZk_8lC-j7d9vsA,ky9iJT6JZZk,wo_video,3,It's a track with electronic,"It's a track with electronic and experimental elements, similar to the song you mentioned.",unsupported,unknown,0,,1,E0b_rule_miss_verified,規則漏判但有證據支持,genre_claim_verified_by_tags,曲風敘述可由 musicnn 標籤／參考文本支持；v2 因 GENRE_TERMS 需搭配 anchor 詞才計為 audio 而漏判,electronic,supported,electronic,,,not_applicable,1,0,"Certainly! I recommend 'Uno Feat. Rahshon - All Night Long'. It's a track with electronic and experimental elements, similar to the song you mentioned. Although I don't have specific information about the track, it aligns well with the genres you're interested in."
2648,rSAbaOw7tNY,rSAbaOw7tNY_R6_kdKj7mJ0,ky9iJT6JZZk_8lC-j7d9vsA,ky9iJT6JZZk,wo_video,4,"experimental elements, similar to the song you mentioned.","It's a track with electronic and experimental elements, similar to the song you mentioned.",unsupported,unknown,0,,0,E0b_rule_miss_verified,規則漏判但有證據支持,genre_claim_verified_by_tags,曲風敘述可由 musicnn 標籤／參考文本支持；v2 因 GENRE_TERMS 需搭配 anchor 詞才計為 audio 而漏判,electronic,supported,electronic,,,not_applicable,1,0,"Certainly! I recommend 'Uno Feat. Rahshon - All Night Long'. It's a track with electronic and experimental elements, similar to the song you mentioned. Although I don't have specific information about the track, it aligns well with the genres you're interested in."
2648,rSAbaOw7tNY,rSAbaOw7tNY_R6_kdKj7mJ0,ky9iJT6JZZk_8lC-j7d9vsA,ky9iJT6JZZk,wo_video,5,"Although I don't have specific information about the track, it aligns well with the genres you're interested in.","Although I don't have specific information about the track, it aligns well with the genres you're interested in.",unsupported,unknown,0,,0,E6_likely_hallucination,可能幻覺,unclassified_specific_claim,具體主張但未命中任何證據來源,,not_applicable,,,,not_applicable,1,1,"Certainly! I recommend 'Uno Feat. Rahshon - All Night Long'. It's a track with electronic and experimental elements, similar to the song you mentioned. Although I don't have specific information about the track, it aligns well with the genres you're interested in."
2648,rSAbaOw7tNY,rSAbaOw7tNY_R6_kdKj7mJ0,ky9iJT6JZZk_8lC-j7d9vsA,ky9iJT6JZZk,wo_audio_all,2,Rahshon - All Night Long'.,Rahshon - All Night Long'.,unsupported,unknown,0,,0,E6_likely_hallucination,可能幻覺,unclassified_specific_claim,具體主張但未命中任何證據來源,,not_applicable,,,,not_applicable,1,1,"Certainly, I recommend 'Uno Feat. Rahshon - All Night Long'. It's a track from the album 'Uno Feat. Rahshon - All Night Long'. It combines elements of Hip-Hop, electronic, and experimental genres with a fast-paced techno sound. It has a male vocal and a synth-driven beat that could be a fitting choice for your video."
2648,rSAbaOw7tNY,rSAbaOw7tNY_R6_kdKj7mJ0,ky9iJT6JZZk_8lC-j7d9vsA,ky9iJT6JZZk,wo_audio_all,4,Rahshon - All Night Long'.,Rahshon - All Night Long'.,unsupported,unknown,0,,0,E6_likely_hallucination,可能幻覺,unclassified_specific_claim,具體主張但未命中任何證據來源,,not_applicable,,,,not_applicable,1,1,"Certainly, I recommend 'Uno Feat. Rahshon - All Night Long'. It's a track from the album 'Uno Feat. Rahshon - All Night Long'. It combines elements of Hip-Hop, electronic, and experimental genres with a fast-paced techno sound. It has a male vocal and a synth-driven beat that could be a fitting choice for your video."
2648,rSAbaOw7tNY,rSAbaOw7tNY_R6_kdKj7mJ0,ky9iJT6JZZk_8lC-j7d9vsA,ky9iJT6JZZk,wo_ltp,1,<EMPTY_GENERATION>,<EMPTY_GENERATION>,unsupported,unknown,1,type_token_ratio=0.02,0,E7_degenerate_generation,生成崩潰（退化輸出）,degenerate_output,整段生成為退化輸出（type_token_ratio=0.02），此時的 unsupported 反映生成崩潰而非主張缺乏證據,,not_applicable,,,,not_applicable,1,0,.s.s.s.s.s.s.s.s.s.s.s.s.s.s.s.s.s.s.s.s.s.s.s.s.s.s.s.s.s.s.s.s.s.s.s.s.s.s.s.s.s.s.s.s.s.s.s.s.s.s.s.s.s.s.s.s.s.s.s.s.s.s.s.s
2650,sucNsk45Bzg,sucNsk45Bzg_sFQ647JCX2I,_60fhkHx9lg_m75Ylh2hL_M,_60fhkHx9lg,full,2,It's a hip-hop track with electronic,It's a hip-hop track with electronic and dance influences.,audio-supported,audio,0,,1,E0_clause_split_artifact,斷句碎片（標註流程假影）,parent_audio-supported,"母句可歸屬，unsupported 係 split_claims 於 and/, 處切斷所致",dance;electronic;hip-hop,partially_supported,electronic;hip-hop,dance,,not_applicable,1,0,Certainly! How about 'I'm On It' by Yung T? It's a hip-hop track with electronic and dance influences. The song has a fast-paced beat and synth elements that could add a dynamic and energetic vibe to your video. It was released in 2014 and is available on iTunes.
2650,sucNsk45Bzg,sucNsk45Bzg_sFQ647JCX2I,_60fhkHx9lg_m75Ylh2hL_M,_60fhkHx9lg,full,7,is available on iTunes.,It was released in 2014 and is available on iTunes.,metadata-supported,metadata,0,,0,E0_clause_split_artifact,斷句碎片（標註流程假影）,parent_metadata-supported,"母句可歸屬，unsupported 係 split_claims 於 and/, 處切斷所致",,not_applicable,,,,not_applicable,1,0,Certainly! How about 'I'm On It' by Yung T? It's a hip-hop track with electronic and dance influences. The song has a fast-paced beat and synth elements that could add a dynamic and energetic vibe to your video. It was released in 2014 and is available on iTunes.
2650,sucNsk45Bzg,sucNsk45Bzg_sFQ647JCX2I,_60fhkHx9lg_m75Ylh2hL_M,_60fhkHx9lg,wo_video,3,dance with a touch of rock,"It's a track that combines elements of Hip-Hop, electronic, and dance with a touch of rock and pop.",audio-supported,audio,0,,1,E0_clause_split_artifact,斷句碎片（標註流程假影）,parent_audio-supported,"母句可歸屬，unsupported 係 split_claims 於 and/, 處切斷所致",dance;electronic;hip-hop;pop;rock,partially_supported,electronic;hip-hop;pop;rock,dance,,not_applicable,1,0,"Certainly! How about 'I'm Alive' by J. Cole? It's a track that combines elements of Hip-Hop, electronic, and dance with a touch of rock and pop. Although there is no specific description available for this track, it aligns well with the electronic and dance elements you're looking for."
2650,sucNsk45Bzg,sucNsk45Bzg_sFQ647JCX2I,_60fhkHx9lg_m75Ylh2hL_M,_60fhkHx9lg,wo_video,4,"Although there is no specific description available for this track, it aligns well with the electronic","Although there is no specific description available for this track, it aligns well with the electronic and dance elements you're looking for.",prompt-supported,prompt,0,,1,E0_clause_split_artifact,斷句碎片（標註流程假影）,parent_prompt-supported,"母句可歸屬，unsupported 係 split_claims 於 and/, 處切斷所致",dance;electronic,partially_supported,electronic,dance,,not_applicable,1,0,"Certainly! How about 'I'm Alive' by J. Cole? It's a track that combines elements of Hip-Hop, electronic, and dance with a touch of rock and pop. Although there is no specific description available for this track, it aligns well with the electronic and dance elements you're looking for."
2650,sucNsk45Bzg,sucNsk45Bzg_sFQ647JCX2I,_60fhkHx9lg_m75Ylh2hL_M,_60fhkHx9lg,wo_audio_feature_only,1,I suggest you consider 'The 1st Annual B.A.N.C.,I suggest you consider 'The 1st Annual B.A.N.C.,unsupported,unknown,0,,0,E6_likely_hallucination,可能幻覺,unclassified_specific_claim,具體主張但未命中任何證據來源,,not_applicable,,,,not_applicable,1,1,"I suggest you consider 'The 1st Annual B.A.N.C. (B.A.) - This track is a hip-hop track that combines elements of electronic and dance music. It has a mix of electronic and dance elements that could be a fitting choice for your video. Unfortunately, I don't have enough information about this track to provide a specific recommendation."
2650,sucNsk45Bzg,sucNsk45Bzg_sFQ647JCX2I,_60fhkHx9lg_m75Ylh2hL_M,_60fhkHx9lg,wo_audio_feature_only,3,It has a mix of electronic,It has a mix of electronic and dance elements that could be a fitting choice for your video.,general-supported,general,0,,1,E0_clause_split_artifact,斷句碎片（標註流程假影）,parent_general-supported,"母句可歸屬，unsupported 係 split_claims 於 and/, 處切斷所致",dance;electronic,partially_supported,electronic,dance,,not_applicable,1,0,"I suggest you consider 'The 1st Annual B.A.N.C. (B.A.) - This track is a hip-hop track that combines elements of electronic and dance music. It has a mix of electronic and dance elements that could be a fitting choice for your video. Unfortunately, I don't have enough information about this track to provide a specific recommendation."
2650,sucNsk45Bzg,sucNsk45Bzg_sFQ647JCX2I,_60fhkHx9lg_m75Ylh2hL_M,_60fhkHx9lg,wo_audio_all,5,It has a mix of electronic,It has a mix of electronic and dance elements that could be a fitting choice for your video.,general-supported,general,0,,1,E0_clause_split_artifact,斷句碎片（標註流程假影）,parent_general-supported,"母句可歸屬，unsupported 係 split_claims 於 and/, 處切斷所致",dance;electronic,partially_supported,electronic,dance,,not_applicable,1,0,"I suggest checking out 'The Boss' by The Boss. It's a track from their album 'The Boss'. It combines elements of Hip-Hop, electronic, and dance with a fast-paced techno beat and a loud and energetic sound. It has a mix of electronic and dance elements that could be a fitting choice for your video."
2650,sucNsk45Bzg,sucNsk45Bzg_sFQ647JCX2I,_60fhkHx9lg_m75Ylh2hL_M,_60fhkHx9lg,wo_prompt,2,It's a hip-hop track with electronic,It's a hip-hop track with electronic and dance influences.,audio-supported,audio,0,,1,E0_clause_split_artifact,斷句碎片（標註流程假影）,parent_audio-supported,"母句可歸屬，unsupported 係 split_claims 於 and/, 處切斷所致",dance;electronic;hip-hop,partially_supported,electronic;hip-hop,dance,,not_applicable,1,0,I recommend 'Ballin' by Yung L. It's a hip-hop track with electronic and dance influences. The song has a fast-paced beat and synth elements that give it a techno sound. It was released in 2014 and is available on iTunes.
2650,sucNsk45Bzg,sucNsk45Bzg_sFQ647JCX2I,_60fhkHx9lg_m75Ylh2hL_M,_60fhkHx9lg,wo_prompt,6,is available on iTunes.,It was released in 2014 and is available on iTunes.,metadata-supported,metadata,0,,0,E0_clause_split_artifact,斷句碎片（標註流程假影）,parent_metadata-supported,"母句可歸屬，unsupported 係 split_claims 於 and/, 處切斷所致",,not_applicable,,,,not_applicable,1,0,I recommend 'Ballin' by Yung L. It's a hip-hop track with electronic and dance influences. The song has a fast-paced beat and synth elements that give it a techno sound. It was released in 2014 and is available on iTunes.
2650,sucNsk45Bzg,sucNsk45Bzg_sFQ647JCX2I,_60fhkHx9lg_m75Ylh2hL_M,_60fhkHx9lg,wo_ltp,1,I's is is is is is is is is is is is is is is is is is is is is is is is is is is is is is is is is is is is is is is is is is is is is is is is is is is is is is is is is is is this is is this is is this is this is this is this is this is this is this is this is this is this is this is this is this is this is this is this is this is this is this is this is this is this is this is this is this is this this is this is,I's is is is is is is is is is is is is is is is is is is is is is is is is is is is is is is is is is is is is is is is is is is is is is is is is is is is is is is is is is is this is is this is is this is this is this is this is this is this is this is this is this is this is this is this is this is this is this is this is this is this is this is this is this is this is this is this is this is this this is this is,unsupported,unknown,1,type_token_ratio=0.03,0,E7_degenerate_generation,生成崩潰（退化輸出）,degenerate_output,整段生成為退化輸出（type_token_ratio=0.03），此時的 unsupported 反映生成崩潰而非主張缺乏證據,,not_applicable,,,,not_applicable,1,0,"I is is.
I's is is is is is is is is is is is is is is is is is is is is is is is is is is is is is is is is is is is is is is is is is is is is is is is is is is is is is is is is is is this is is this is is this is this is this is this is this is this is this is this is this is this is this is this is this is this is this is this is this is this is this is this is this is this is this is this is this is this this is this is"
2658,vIaH35-MLsk,vIaH35-MLsk_SGEzNs5dArw,vIaH35-MLsk_SGEzNs5dArw,vIaH35-MLsk,full,3,a romantic vibe that would be perfect for your video.,This track has a catchy chorus and a romantic vibe that would be perfect for your video.,audio-supported,audio,0,,0,E0_clause_split_artifact,斷句碎片（標註流程假影）,parent_audio-supported,"母句可歸屬，unsupported 係 split_claims 於 and/, 處切斷所致",,not_applicable,,,,not_applicable,1,0,"In that case, I would recommend 'Right Now (Na Na Na)' by Akon. This track has a catchy chorus and a romantic vibe that would be perfect for your video. It falls under the genres of pop, R&B, and electronic, with female vocals. It's part of the album 'Right Now (Na Na Na)'."
2658,vIaH35-MLsk,vIaH35-MLsk_SGEzNs5dArw,vIaH35-MLsk_SGEzNs5dArw,vIaH35-MLsk,wo_video,3,a romantic vibe that would be perfect for your video.,This track has a catchy chorus and a romantic vibe that would be perfect for your video.,audio-supported,audio,0,,0,E0_clause_split_artifact,斷句碎片（標註流程假影）,parent_audio-supported,"母句可歸屬，unsupported 係 split_claims 於 and/, 處切斷所致",,not_applicable,,,,not_applicable,1,0,"In that case, I would recommend 'Love Is A Beautiful Thing' by Akon. This track has a catchy chorus and a romantic vibe that would be perfect for your video. It's part of the album 'Love Is A Beautiful Thing' by Akon."
2658,vIaH35-MLsk,vIaH35-MLsk_SGEzNs5dArw,vIaH35-MLsk_SGEzNs5dArw,vIaH35-MLsk,wo_audio_feature_only,4,a bit more of a romantic vibe.,It's a catchy chorus and a bit more of a romantic vibe.,audio-supported,audio,0,,0,E0_clause_split_artifact,斷句碎片（標註流程假影）,parent_audio-supported,"母句可歸屬，unsupported 係 split_claims 於 and/, 處切斷所致",,not_applicable,,,,not_applicable,1,0,"In that case, I would recommend 'Love Me' by J. Cole. It's a track from the album 'Love Me' by J. Cole. It's a catchy chorus and a bit more of a romantic vibe. The song combines elements of Hip-Hop, pop, and dance with a romantic vibe. It has a mix of genres and a mix of elements that could be a fitting choice for your video."
2658,vIaH35-MLsk,vIaH35-MLsk_SGEzNs5dArw,vIaH35-MLsk_SGEzNs5dArw,vIaH35-MLsk,wo_audio_feature_only,6,dance with a romantic vibe.,"The song combines elements of Hip-Hop, pop, and dance with a romantic vibe.",audio-supported,audio,0,,0,E0_clause_split_artifact,斷句碎片（標註流程假影）,parent_audio-supported,"母句可歸屬，unsupported 係 split_claims 於 and/, 處切斷所致",dance;hip-hop;pop,supported,dance;hip-hop;pop,,,not_applicable,1,0,"In that case, I would recommend 'Love Me' by J. Cole. It's a track from the album 'Love Me' by J. Cole. It's a catchy chorus and a bit more of a romantic vibe. The song combines elements of Hip-Hop, pop, and dance with a romantic vibe. It has a mix of genres and a mix of elements that could be a fitting choice for your video."
2658,vIaH35-MLsk,vIaH35-MLsk_SGEzNs5dArw,vIaH35-MLsk_SGEzNs5dArw,vIaH35-MLsk,wo_audio_feature_only,7,It has a mix of genres,It has a mix of genres and a mix of elements that could be a fitting choice for your video.,general-supported,general,0,,1,E0_clause_split_artifact,斷句碎片（標註流程假影）,parent_general-supported,"母句可歸屬，unsupported 係 split_claims 於 and/, 處切斷所致",,not_applicable,,,,not_applicable,1,0,"In that case, I would recommend 'Love Me' by J. Cole. It's a track from the album 'Love Me' by J. Cole. It's a catchy chorus and a bit more of a romantic vibe. The song combines elements of Hip-Hop, pop, and dance with a romantic vibe. It has a mix of genres and a mix of elements that could be a fitting choice for your video."
2658,vIaH35-MLsk,vIaH35-MLsk_SGEzNs5dArw,vIaH35-MLsk_SGEzNs5dArw,vIaH35-MLsk,wo_prompt,2,It's a dance-pop track with electronic,It's a dance-pop track with electronic and R&B influences.,audio-supported,audio,0,,1,E0_clause_split_artifact,斷句碎片（標註流程假影）,parent_audio-supported,"母句可歸屬，unsupported 係 split_claims 於 and/, 處切斷所致",electronic;r&b,supported,electronic;r&b,,,not_applicable,1,0,"In terms of music, 'Right Now (Na Na Na)' by Akon is a perfect fit. It's a dance-pop track with electronic and R&B influences. The song has a catchy beat and a vibrant energy that will complement your video."
2658,vIaH35-MLsk,vIaH35-MLsk_SGEzNs5dArw,vIaH35-MLsk_SGEzNs5dArw,vIaH35-MLsk,wo_ltp,1,<EMPTY_GENERATION>,<EMPTY_GENERATION>,unsupported,unknown,1,type_token_ratio=0.13,0,E7_degenerate_generation,生成崩潰（退化輸出）,degenerate_output,整段生成為退化輸出（type_token_ratio=0.13），此時的 unsupported 反映生成崩潰而非主張缺乏證據,,not_applicable,,,,not_applicable,1,0,. is is is. is is. is is. is is. is. is. is. is. is. and. is. is. and. is. and was. and was.????????????????????????????????????????????????????????????????????????????????????????
2673,6I0Dv46ZgZE,6I0Dv46ZgZE_eZEP4QbTics,xUx6Y5nGppE_A27-1jSceWk,xUx6Y5nGppE,full,4,alternative with a touch of metal.,"This song combines elements of rock, indie, and alternative with a touch of metal.",audio-supported,audio,0,,0,E0_clause_split_artifact,斷句碎片（標註流程假影）,parent_audio-supported,"母句可歸屬，unsupported 係 split_claims 於 and/, 處切斷所致",alternative;indie;metal;rock,partially_supported,alternative;indie;rock,metal,,not_applicable,1,0,"Allow me to recommend 'All The Small Things' by Blink-182. It's a track from their album 'All The Small Things'. This song combines elements of rock, indie, and alternative with a touch of metal. It has a catchy and energetic sound that could be a fitting choice for your video."
2673,6I0Dv46ZgZE,6I0Dv46ZgZE_eZEP4QbTics,xUx6Y5nGppE_A27-1jSceWk,xUx6Y5nGppE,full,5,It has a catchy,It has a catchy and energetic sound that could be a fitting choice for your video.,audio-supported,audio,0,,1,E0_clause_split_artifact,斷句碎片（標註流程假影）,parent_audio-supported,"母句可歸屬，unsupported 係 split_claims 於 and/, 處切斷所致",,not_applicable,,,,not_applicable,1,0,"Allow me to recommend 'All The Small Things' by Blink-182. It's a track from their album 'All The Small Things'. This song combines elements of rock, indie, and alternative with a touch of metal. It has a catchy and energetic sound that could be a fitting choice for your video."
2673,6I0Dv46ZgZE,6I0Dv46ZgZE_eZEP4QbTics,xUx6Y5nGppE_A27-1jSceWk,xUx6Y5nGppE,wo_video,5,energy to your video.,It's a great choice to add some intensity and energy to your video.,general-supported,general,0,,0,E0_clause_split_artifact,斷句碎片（標註流程假影）,parent_general-supported,"母句可歸屬，unsupported 係 split_claims 於 and/, 處切斷所致",,not_applicable,,,,not_applicable,1,0,"In that case, I would recommend 'All The Small Things' by Blink-182. This track combines elements of rock, indie, and alternative genres, with a touch of metal influence. It's a great choice to add some intensity and energy to your video."
2673,6I0Dv46ZgZE,6I0Dv46ZgZE_eZEP4QbTics,xUx6Y5nGppE_A27-1jSceWk,xUx6Y5nGppE,wo_audio_all,3,It might have some metal elements as well.,It might have some metal elements as well.,unsupported,unknown,0,,0,E2_metadata_unsupported,音樂元資料不支持,genre_not_found,曲風 ['metal'] 未見於任何證據來源（標籤有雜訊，故列為不支持而非幻覺）,metal,not_found,,metal,,not_applicable,1,1,"In that case, I recommend 'The Devil's in the Details'. Although I don't have much information about this track, it falls under the rock, indie, and alternative genres. It might have some metal elements as well."
2673,6I0Dv46ZgZE,6I0Dv46ZgZE_eZEP4QbTics,xUx6Y5nGppE_A27-1jSceWk,xUx6Y5nGppE,wo_prompt,2,It's a rock track with indie,It's a rock track with indie and alternative influences.,audio-supported,audio,0,,1,E0_clause_split_artifact,斷句碎片（標註流程假影）,parent_audio-supported,"母句可歸屬，unsupported 係 split_claims 於 and/, 處切斷所致",alternative;indie;rock,supported,alternative;indie;rock,,,not_applicable,1,0,"In terms of music style, 'All The Small Things' by Blink-182 is a perfect fit. It's a rock track with indie and alternative influences. The song has a pop sound with guitar and drums, which aligns well with the energetic and fast-paced vibe you're looking for."
2673,6I0Dv46ZgZE,6I0Dv46ZgZE_eZEP4QbTics,xUx6Y5nGppE_A27-1jSceWk,xUx6Y5nGppE,wo_ltp,1,"., that is that.","., that is that.",unsupported,unknown,1,type_token_ratio=0.10,0,E7_degenerate_generation,生成崩潰（退化輸出）,degenerate_output,整段生成為退化輸出（type_token_ratio=0.10），此時的 unsupported 反映生成崩潰而非主張缺乏證據,,not_applicable,,,,not_applicable,1,0,"., that is that. for. that. and that. and that. and that is. and that. that. and that. and that. and that. that. that. that. that. that. that. that that that. that. that that that. that. that' that that' that' that' that' that' that' that' that' that' that' that' that' that' that' that' that' that' that' that' that' that' that' that' that' that' that' that' that' that' that't't that't'"
2673,6I0Dv46ZgZE,6I0Dv46ZgZE_eZEP4QbTics,xUx6Y5nGppE_A27-1jSceWk,xUx6Y5nGppE,wo_ltp,2,that' that that' that' that' that' that' that' that' that' that' that' that' that' that' that' that' that' that' that' that' that' that' that' that' that' that' that' that' that' that' that't't that't',that' that that' that' that' that' that' that' that' that' that' that' that' that' that' that' that' that' that' that' that' that' that' that' that' that' that' that' that' that' that' that't't that't',unsupported,unknown,1,type_token_ratio=0.10,0,E7_degenerate_generation,生成崩潰（退化輸出）,degenerate_output,整段生成為退化輸出（type_token_ratio=0.10），此時的 unsupported 反映生成崩潰而非主張缺乏證據,,not_applicable,,,,not_applicable,1,0,"., that is that. for. that. and that. and that. and that is. and that. that. and that. and that. and that. that. that. that. that. that. that. that that that. that. that that that. that. that' that that' that' that' that' that' that' that' that' that' that' that' that' that' that' that' that' that' that' that' that' that' that' that' that' that' that' that' that' that' that't't that't'"
2682,bnuOm-tHi9U,bnuOm-tHi9U_mk-5w3Di0jk,CkqlRC7i4Kg_55i14OoA4rQ,CkqlRC7i4Kg,wo_audio_feature_only,5,It has a rock,It has a rock and pop sound with a focus on female vocals.,audio-supported,audio,0,,1,E0_clause_split_artifact,斷句碎片（標註流程假影）,parent_audio-supported,"母句可歸屬，unsupported 係 split_claims 於 and/, 處切斷所致",pop;rock,not_found,,pop;rock,,not_applicable,1,0,"In that case, I recommend 'Permanent Fish' by パーマント. It's a track from the album 'Permanent Fish'. This song combines elements of folk, jazz, and pop genres with a slower tempo. It has a rock and pop sound with a focus on female vocals. It's a track that could be a fitting choice for your video."
2682,bnuOm-tHi9U,bnuOm-tHi9U_mk-5w3Di0jk,CkqlRC7i4Kg_55i14OoA4rQ,CkqlRC7i4Kg,wo_audio_all,5,It has a unique,It has a unique and distinctive style that could be a fitting choice for your video.,general-supported,general,0,,1,E0_clause_split_artifact,斷句碎片（標註流程假影）,parent_general-supported,"母句可歸屬，unsupported 係 split_claims 於 and/, 處切斷所致",,not_applicable,,,,not_applicable,1,0,"Allow me to recommend 'Permanent Fish' by 柊. It's a track from the album 'Permanent Fish'. The song combines elements of rock, pop, and indie with a slower tempo and female vocals. It has a unique and distinctive style that could be a fitting choice for your video."
2682,bnuOm-tHi9U,bnuOm-tHi9U_mk-5w3Di0jk,CkqlRC7i4Kg_55i14OoA4rQ,CkqlRC7i4Kg,wo_prompt,4,It has a soothing,It has a soothing and melodic sound that can create a relaxing atmosphere for your video.,audio-supported,audio,0,,1,E0_clause_split_artifact,斷句碎片（標註流程假影）,parent_audio-supported,"母句可歸屬，unsupported 係 split_claims 於 and/, 處切斷所致",,not_applicable,,,,not_applicable,1,0,"In order to recommend the most suitable background music for your video, I suggest using 'Après un reve' by Janine Jansen. This track is from her album 'Après un reve' and offers a blend of jazz, classical, and rock elements. It has a soothing and melodic sound that can create a relaxing atmosphere for your video."
2682,bnuOm-tHi9U,bnuOm-tHi9U_mk-5w3Di0jk,CkqlRC7i4Kg_55i14OoA4rQ,CkqlRC7i4Kg,wo_ltp,1,"and, and, and, and, and, and, and, and, and, and, and, and, and, and, and, and, and, and, and, and, and, and, and, and, and, and, and, and, and, and, and, and","and, and, and, and, and, and, and, and, and, and, and, and, and, and, and, and, and, and, and, and, and, and, and, and, and, and, and, and, and, and, and, and",unsupported,unknown,1,type_token_ratio=0.02,0,E7_degenerate_generation,生成崩潰（退化輸出）,degenerate_output,整段生成為退化輸出（type_token_ratio=0.02），此時的 unsupported 反映生成崩潰而非主張缺乏證據,,not_applicable,,,,not_applicable,1,0,". and. and. and. and. and. and. and. and. and. and. and. and. and. and. and. and. and. and. and. and. and. and. and. and. and. and. and. and. and. and. and. and. and, and, and, and, and, and, and, and, and, and, and, and, and, and, and, and, and, and, and, and, and, and, and, and, and, and, and, and, and, and, and, and"
2688,7Rd-wFSnrTY,7Rd-wFSnrTY_a1_I0dYcqos,EoiL5LGwAeI_enlBmibFhMA,EoiL5LGwAeI,wo_prompt,4,rock with a touch of pop.,"The song combines elements of Hip-Hop, electronic, and rock with a touch of pop.",audio-supported,audio,0,,0,E0_clause_split_artifact,斷句碎片（標註流程假影）,parent_audio-supported,"母句可歸屬，unsupported 係 split_claims 於 and/, 處切斷所致",electronic;hip-hop;pop;rock,partially_supported,electronic;hip-hop,pop;rock,,not_applicable,1,0,"I recommend 'Let's Get It' by Luey Champaign. It's a track from their album 'Let's Get It'. The song combines elements of Hip-Hop, electronic, and rock with a touch of pop. It has a fast-paced techno sound and male vocals, which could be a fitting choice for your video."
2688,7Rd-wFSnrTY,7Rd-wFSnrTY_a1_I0dYcqos,EoiL5LGwAeI_enlBmibFhMA,EoiL5LGwAeI,wo_ltp,1,<EMPTY_GENERATION>,<EMPTY_GENERATION>,unsupported,unknown,1,type_token_ratio=0.02,0,E7_degenerate_generation,生成崩潰（退化輸出）,degenerate_output,整段生成為退化輸出（type_token_ratio=0.02），此時的 unsupported 反映生成崩潰而非主張缺乏證據,,not_applicable,,,,not_applicable,1,0,"s,s,s,s,s,s,s,s,s,s,s,s,s,s,s,s,s,s,s,s,s,s,s,s,s,s,s,s,s,s,s,s,s,s,s,s,s,s,s,s,s,s,s,s,s,s,s,s,s,s,s,s,s,s,s,s,s,s,s,s,s,s,s,s,"
2711,YJtkZTx7fmE,YJtkZTx7fmE_uJdYPnlSqEs,YJtkZTx7fmE_uJdYPnlSqEs,YJtkZTx7fmE,full,2,This track has a soulful,"This track has a soulful and indie sound, with elements of pop and rock.",audio-supported,audio,0,,1,E0_clause_split_artifact,斷句碎片（標註流程假影）,parent_audio-supported,"母句可歸屬，unsupported 係 split_claims 於 and/, 處切斷所致",indie;pop;rock,supported,indie;pop;rock,,,not_applicable,1,0,"In that case, I would recommend 'Astrology by Vanda'. This track has a soulful and indie sound, with elements of pop and rock. It's part of the album 'Astrology by Vanda' and features female vocals. It would be a great fit for your video."
2711,YJtkZTx7fmE,YJtkZTx7fmE_uJdYPnlSqEs,YJtkZTx7fmE_uJdYPnlSqEs,YJtkZTx7fmE,wo_video,2,This track has a soulful,"This track has a soulful and indie vibe, perfect for creating a unique and captivating atmosphere.",general-supported,general,0,,1,E0_clause_split_artifact,斷句碎片（標註流程假影）,parent_general-supported,"母句可歸屬，unsupported 係 split_claims 於 and/, 處切斷所致",indie,supported,indie,,,not_applicable,1,0,"In that case, I would recommend 'Soulful' by The Soulful. This track has a soulful and indie vibe, perfect for creating a unique and captivating atmosphere. It's part of the album 'Soulful' by The Soulful."
2711,YJtkZTx7fmE,YJtkZTx7fmE_uJdYPnlSqEs,YJtkZTx7fmE_uJdYPnlSqEs,YJtkZTx7fmE,wo_video,3,"indie vibe, perfect for creating a unique","This track has a soulful and indie vibe, perfect for creating a unique and captivating atmosphere.",general-supported,general,0,,1,E0_clause_split_artifact,斷句碎片（標註流程假影）,parent_general-supported,"母句可歸屬，unsupported 係 split_claims 於 and/, 處切斷所致",indie,supported,indie,,,not_applicable,1,0,"In that case, I would recommend 'Soulful' by The Soulful. This track has a soulful and indie vibe, perfect for creating a unique and captivating atmosphere. It's part of the album 'Soulful' by The Soulful."
2711,YJtkZTx7fmE,YJtkZTx7fmE_uJdYPnlSqEs,YJtkZTx7fmE_uJdYPnlSqEs,YJtkZTx7fmE,wo_audio_feature_only,2,It's a track with a more soulful,It's a track with a more soulful and indie vibe.,unsupported,unknown,0,,1,E0b_rule_miss_verified,規則漏判但有證據支持,genre_claim_verified_by_tags,曲風敘述可由 musicnn 標籤／參考文本支持；v2 因 GENRE_TERMS 需搭配 anchor 詞才計為 audio 而漏判,indie,supported,indie,,,not_applicable,1,0,"In that case, I would recommend 'Soulful' by Vanda. It's a track with a more soulful and indie vibe. Although I don't have specific information about this track, it falls under the genres of electronic, dance, pop, and indie. It has a techno-influenced sound that could be a fitting choice for your video."
2711,YJtkZTx7fmE,YJtkZTx7fmE_uJdYPnlSqEs,YJtkZTx7fmE_uJdYPnlSqEs,YJtkZTx7fmE,wo_prompt,5,It has a catchy,It has a catchy and upbeat sound that could be a great fit for your video.,audio-supported,audio,0,,1,E0_clause_split_artifact,斷句碎片（標註流程假影）,parent_audio-supported,"母句可歸屬，unsupported 係 split_claims 於 and/, 處切斷所致",,not_applicable,,,,not_applicable,1,0,"I recommend 'Astrology' by Vanda. It's a track from their album 'Astrology'. The song combines elements of pop, rock, and indie with female vocals. It has a catchy and upbeat sound that could be a great fit for your video."
2711,YJtkZTx7fmE,YJtkZTx7fmE_uJdYPnlSqEs,YJtkZTx7fmE_uJdYPnlSqEs,YJtkZTx7fmE,wo_ltp,1,"., and, and, and, and, and, and, and, and, and, and, and, and, and, and, and, and, and, and, and, and, and, and, and, and, and, and, and, and, and, and, and, and, and, and, and, and, and, and, and, and, and, and, and, and, and, and, and, and, and, and, and, and, and, and, and, and, and, and, and, and, and, and, and","., and, and, and, and, and, and, and, and, and, and, and, and, and, and, and, and, and, and, and, and, and, and, and, and, and, and, and, and, and, and, and, and, and, and, and, and, and, and, and, and, and, and, and, and, and, and, and, and, and, and, and, and, and, and, and, and, and, and, and, and, and, and, and,",unsupported,unknown,1,type_token_ratio=0.02,0,E7_degenerate_generation,生成崩潰（退化輸出）,degenerate_output,整段生成為退化輸出（type_token_ratio=0.02），此時的 unsupported 反映生成崩潰而非主張缺乏證據,,not_applicable,,,,not_applicable,1,0,"., and, and, and, and, and, and, and, and, and, and, and, and, and, and, and, and, and, and, and, and, and, and, and, and, and, and, and, and, and, and, and, and, and, and, and, and, and, and, and, and, and, and, and, and, and, and, and, and, and, and, and, and, and, and, and, and, and, and, and, and, and, and, and,"
2742,ebG469K0XEs,ebG469K0XEs_-icvfZjs9hc,hvcLNpKs1hk_0hl8fH7zeJM,hvcLNpKs1hk,full,2,It's a dance track with electronic,It's a dance track with electronic and pop elements.,unsupported,unknown,0,,1,E0b_rule_miss_verified,規則漏判但有證據支持,genre_claim_verified_by_tags,曲風敘述可由 musicnn 標籤／參考文本支持；v2 因 GENRE_TERMS 需搭配 anchor 詞才計為 audio 而漏判,dance;electronic;pop,supported,dance;electronic;pop,,,not_applicable,1,0,I recommend 'Dance With Me' by O'Hara. It's a dance track with electronic and pop elements. The song features female vocals and has a House influence. It was released in 2013 and could be a fitting choice for your video.
2742,ebG469K0XEs,ebG469K0XEs_-icvfZjs9hc,hvcLNpKs1hk_0hl8fH7zeJM,hvcLNpKs1hk,wo_video,3,"Although I don't have much information about this track, it aligns well with the dance, pop","Although I don't have much information about this track, it aligns well with the dance, pop, and electronic style you're looking for.",prompt-supported,prompt,0,,1,E0_clause_split_artifact,斷句碎片（標註流程假影）,parent_prompt-supported,"母句可歸屬，unsupported 係 split_claims 於 and/, 處切斷所致",dance;electronic;pop,supported,dance;electronic;pop,,,not_applicable,1,0,"I recommend 'O'Hara' by DJ O'Hara. It's a dance and electronic track with female vocals. Although I don't have much information about this track, it aligns well with the dance, pop, and electronic style you're looking for. It may also have House influences that could be a fitting choice for your video."
2742,ebG469K0XEs,ebG469K0XEs_-icvfZjs9hc,hvcLNpKs1hk_0hl8fH7zeJM,hvcLNpKs1hk,wo_audio_feature_only,5,It has a house,It has a house and electronic sound that could be a fitting choice for your video.,audio-supported,audio,0,,1,E0_clause_split_artifact,斷句碎片（標註流程假影）,parent_audio-supported,"母句可歸屬，unsupported 係 split_claims 於 and/, 處切斷所致",electronic;house,supported,electronic;house,,,not_applicable,1,0,"I recommend 'O'Hara's dance' by O'Hara. It's a track from her album 'O'Hara's dance'. It combines elements of pop, dance, and electronic with female vocals. It has a house and electronic sound that could be a fitting choice for your video."
2742,ebG469K0XEs,ebG469K0XEs_-icvfZjs9hc,hvcLNpKs1hk_0hl8fH7zeJM,hvcLNpKs1hk,wo_audio_all,1,I suggest checking out 'O'Hara's dance,I suggest checking out 'O'Hara's dance and electronic style.,audio-supported,audio,0,,1,E0_clause_split_artifact,斷句碎片（標註流程假影）,parent_audio-supported,"母句可歸屬，unsupported 係 split_claims 於 and/, 處切斷所致",dance;electronic,supported,dance;electronic,,,not_applicable,1,0,"I suggest checking out 'O'Hara's dance and electronic style. Although I don't have specific information about the track name, album name, or artist, I can recommend exploring her music to find a suitable recommendation. O'Hara is known for her dance and electronic style, and she has a strong female vocal presence in her music. You may find a suitable track that combines dance, pop, and electronic with female vocals in her discography."
2742,ebG469K0XEs,ebG469K0XEs_-icvfZjs9hc,hvcLNpKs1hk_0hl8fH7zeJM,hvcLNpKs1hk,wo_audio_all,3,O'Hara is known for her dance,"O'Hara is known for her dance and electronic style, and she has a strong female vocal presence in her music.",audio-supported,audio,0,,1,E0_clause_split_artifact,斷句碎片（標註流程假影）,parent_audio-supported,"母句可歸屬，unsupported 係 split_claims 於 and/, 處切斷所致",dance;electronic,supported,dance;electronic,,,not_applicable,1,0,"I suggest checking out 'O'Hara's dance and electronic style. Although I don't have specific information about the track name, album name, or artist, I can recommend exploring her music to find a suitable recommendation. O'Hara is known for her dance and electronic style, and she has a strong female vocal presence in her music. You may find a suitable track that combines dance, pop, and electronic with female vocals in her discography."
2742,ebG469K0XEs,ebG469K0XEs_-icvfZjs9hc,hvcLNpKs1hk_0hl8fH7zeJM,hvcLNpKs1hk,wo_prompt,2,electronic track with elements of pop,It's a dance and electronic track with elements of pop and house.,unsupported,unknown,0,,1,E0b_rule_miss_verified,規則漏判但有證據支持,genre_claim_verified_by_tags,曲風敘述可由 musicnn 標籤／參考文本支持；v2 因 GENRE_TERMS 需搭配 anchor 詞才計為 audio 而漏判,dance;electronic;house;pop,supported,dance;electronic;house;pop,,,not_applicable,1,0,I recommend 'Cesaretin Varmi Aska (Summer Mix)' by DJ OGUZ CETIN ft DJ FERIT CANDAN. It's a dance and electronic track with elements of pop and house. The song has a catchy beat and a vibrant sound that would be a great fit for your video.
2742,ebG469K0XEs,ebG469K0XEs_-icvfZjs9hc,hvcLNpKs1hk_0hl8fH7zeJM,hvcLNpKs1hk,wo_ltp,1,that that that that that that that that that that that that that that that that that that that that that that that that that that that that that that that that that that that that that that that that that that that that that that that that that that that that that that that that that that that that that that that that that that that that that that that that that that that that that that that that that that that that that that that that that that that that,that that that that that that that that that that that that that that that that that that that that that that that that that that that that that that that that that that that that that that that that that that that that that that that that that that that that that that that that that that that that that that that that that that that that that that that that that that that that that that that that that that that that that that that that that that that that,unsupported,unknown,1,type_token_ratio=0.03,0,E7_degenerate_generation,生成崩潰（退化輸出）,degenerate_output,整段生成為退化輸出（type_token_ratio=0.03），此時的 unsupported 反映生成崩潰而非主張缺乏證據,,not_applicable,,,,not_applicable,1,0,", that, and that. that. I'is that. that. that. that. that. that. that. that. that. that. that. that that. that that that that that that that that that that that that that that that that that that that that that that that that that that that that that that that that that that that that that that that that that that that that that that that that that that that that that that that that that that that that that that that that that that that that that that that that that that that that that that that that that that that that that that that that that that that that"
2748,d5WTrglkHKc,d5WTrglkHKc_2ELIdD_qpAQ,d5WTrglkHKc_2ELIdD_qpAQ,d5WTrglkHKc,wo_ltp,1,<EMPTY_GENERATION>,<EMPTY_GENERATION>,unsupported,unknown,1,type_token_ratio=0.09,0,E7_degenerate_generation,生成崩潰（退化輸出）,degenerate_output,整段生成為退化輸出（type_token_ratio=0.09），此時的 unsupported 反映生成崩潰而非主張缺乏證據,,not_applicable,,,,not_applicable,1,0,. and. and is. for. and is. and is. and is. and is. and is for. and is for. and. and is for. and. and. and is. and. and. and is. for. and. and. and. and. and. and. and. and the. and. and the. and. and. and that. and that. and that's. and that'? and that. and that. and that. and that. and that. and that. and that. and that. and that. and that'? and that. and that'
2749,zGEmF3Mj7dY,zGEmF3Mj7dY_mmr9I60GWnw,zGEmF3Mj7dY_mmr9I60GWnw,zGEmF3Mj7dY,wo_video,5,It has a catchy,It has a catchy and melodic sound that could be a fitting choice for your video.,audio-supported,audio,0,,1,E0_clause_split_artifact,斷句碎片（標註流程假影）,parent_audio-supported,"母句可歸屬，unsupported 係 split_claims 於 and/, 處切斷所致",,not_applicable,,,,not_applicable,1,0,"Certainly! I recommend 'La Cumparita' by Gerardo Gómez. It's a track from his album 'La Cumparita'. The song combines elements of folk, pop, and acoustic music, which aligns well with your preferences. It has a catchy and melodic sound that could be a fitting choice for your video."
2749,zGEmF3Mj7dY,zGEmF3Mj7dY_mmr9I60GWnw,zGEmF3Mj7dY_mmr9I60GWnw,zGEmF3Mj7dY,wo_prompt,4,"folk, with a touch of jazz.","The song combines elements of rock, pop, indie, and folk, with a touch of jazz.",audio-supported,audio,0,,0,E0_clause_split_artifact,斷句碎片（標註流程假影）,parent_audio-supported,"母句可歸屬，unsupported 係 split_claims 於 and/, 處切斷所致",folk;indie;jazz;pop;rock,partially_supported,folk;pop;rock,indie;jazz,,not_applicable,1,0,"I recommend 'Traicionera' by Gerardo Gómez. It's a track from his album 'Traicionera'. The song combines elements of rock, pop, indie, and folk, with a touch of jazz. It has a unique and captivating sound that could add a special touch to your video."
2749,zGEmF3Mj7dY,zGEmF3Mj7dY_mmr9I60GWnw,zGEmF3Mj7dY_mmr9I60GWnw,zGEmF3Mj7dY,wo_prompt,5,It has a unique,It has a unique and captivating sound that could add a special touch to your video.,audio-supported,audio,0,,1,E0_clause_split_artifact,斷句碎片（標註流程假影）,parent_audio-supported,"母句可歸屬，unsupported 係 split_claims 於 and/, 處切斷所致",,not_applicable,,,,not_applicable,1,0,"I recommend 'Traicionera' by Gerardo Gómez. It's a track from his album 'Traicionera'. The song combines elements of rock, pop, indie, and folk, with a touch of jazz. It has a unique and captivating sound that could add a special touch to your video."
2749,zGEmF3Mj7dY,zGEmF3Mj7dY_mmr9I60GWnw,zGEmF3Mj7dY_mmr9I60GWnw,zGEmF3Mj7dY,wo_ltp,1,<EMPTY_GENERATION>,<EMPTY_GENERATION>,unsupported,unknown,1,type_token_ratio=0.03,0,E7_degenerate_generation,生成崩潰（退化輸出）,degenerate_output,整段生成為退化輸出（type_token_ratio=0.03），此時的 unsupported 反映生成崩潰而非主張缺乏證據,,not_applicable,,,,not_applicable,1,0,is is. is. and. is. and. and. and. is. and. and. is. and. and. and. and. and. and. and. and. and. and. and. is. and. and. is. and. is. and. and. and. and. and. and. and. and. and. and. and. and. and. and. and. and. and. and. and. and. and. and. and. and. and. and. and. and. and. and. and. and. and. and. and. and
2769,guwB1oxI3ko,guwB1oxI3ko_Qit1Ox1uOgY,mT1S0yHf8to_l-i53lNClN8,mT1S0yHf8to,full,5,It has a unique,It has a unique and distinctive sound that could add an experimental and indie vibe to your video.,audio-supported,audio,0,,1,E0_clause_split_artifact,斷句碎片（標註流程假影）,parent_audio-supported,"母句可歸屬，unsupported 係 split_claims 於 and/, 處切斷所致",indie,not_found,,indie,,not_applicable,1,0,"Certainly! How about 'The Last Song' by The Last Song? It's a track from their album 'The Last Song'. This song combines elements of rock, metal, and experimental genres, with a touch of indie influence. It has a unique and distinctive sound that could add an experimental and indie vibe to your video."
2769,guwB1oxI3ko,guwB1oxI3ko_Qit1Ox1uOgY,mT1S0yHf8to_l-i53lNClN8,mT1S0yHf8to,full,7,indie vibe to your video.,It has a unique and distinctive sound that could add an experimental and indie vibe to your video.,audio-supported,audio,0,,0,E0_clause_split_artifact,斷句碎片（標註流程假影）,parent_audio-supported,"母句可歸屬，unsupported 係 split_claims 於 and/, 處切斷所致",indie,not_found,,indie,,not_applicable,1,0,"Certainly! How about 'The Last Song' by The Last Song? It's a track from their album 'The Last Song'. This song combines elements of rock, metal, and experimental genres, with a touch of indie influence. It has a unique and distinctive sound that could add an experimental and indie vibe to your video."
2769,guwB1oxI3ko,guwB1oxI3ko_Qit1Ox1uOgY,mT1S0yHf8to_l-i53lNClN8,mT1S0yHf8to,wo_prompt,4,It has a unique,It has a unique and experimental sound that could add an interesting touch to your video.,audio-supported,audio,0,,1,E0_clause_split_artifact,斷句碎片（標註流程假影）,parent_audio-supported,"母句可歸屬，unsupported 係 split_claims 於 and/, 處切斷所致",,not_applicable,,,,not_applicable,1,0,"In that case, I would recommend 'The Devil's Playground' by The Devil's Playground. This track is a blend of rock, indie, and alternative genres, with elements of metal. It has a unique and experimental sound that could add an interesting touch to your video."
2769,guwB1oxI3ko,guwB1oxI3ko_Qit1Ox1uOgY,mT1S0yHf8to_l-i53lNClN8,mT1S0yHf8to,wo_ltp,1,"and, and, and, and, and, and, and, and, and, and, and, and, and, and, and, and, and, and, and, and, and, and, and, and, and, and, and, and, and, and, and, and, and, and, and, and, and, and, and, and, and, and, and, and, and, and, and, and, and, and, and, and, and, and, and, and, and, and, and, and, and, and, and, and",", and, and, and, and, and, and, and, and, and, and, and, and, and, and, and, and, and, and, and, and, and, and, and, and, and, and, and, and, and, and, and, and, and, and, and, and, and, and, and, and, and, and, and, and, and, and, and, and, and, and, and, and, and, and, and, and, and, and, and, and, and, and, and, and",unsupported,unknown,1,type_token_ratio=0.02,0,E7_degenerate_generation,生成崩潰（退化輸出）,degenerate_output,整段生成為退化輸出（type_token_ratio=0.02），此時的 unsupported 反映生成崩潰而非主張缺乏證據,,not_applicable,,,,not_applicable,1,0,", and, and, and, and, and, and, and, and, and, and, and, and, and, and, and, and, and, and, and, and, and, and, and, and, and, and, and, and, and, and, and, and, and, and, and, and, and, and, and, and, and, and, and, and, and, and, and, and, and, and, and, and, and, and, and, and, and, and, and, and, and, and, and, and"
2786,PTVlbhZBOqA,PTVlbhZBOqA_dz_0TGTKutg,PTVlbhZBOqA_dz_0TGTKutg,PTVlbhZBOqA,wo_video,3,blues with a touch of pop.,"It's a track that combines elements of rock, soul, and blues with a touch of pop.",audio-supported,audio,0,,0,E0_clause_split_artifact,斷句碎片（標註流程假影）,parent_audio-supported,"母句可歸屬，unsupported 係 split_claims 於 and/, 處切斷所致",pop;rock;soul,supported,pop;rock;soul,,,not_applicable,1,0,"Certainly! I recommend 'Mama Dice' by Efe Yerom. It's a track that combines elements of rock, soul, and blues with a touch of pop. Although I don't have much information about this specific track, it aligns well with the styles you mentioned."
2786,PTVlbhZBOqA,PTVlbhZBOqA_dz_0TGTKutg,PTVlbhZBOqA_dz_0TGTKutg,PTVlbhZBOqA,wo_video,4,"Although I don't have much information about this specific track, it aligns well with the styles you mentioned.","Although I don't have much information about this specific track, it aligns well with the styles you mentioned.",unsupported,unknown,0,,0,E6_likely_hallucination,可能幻覺,unclassified_specific_claim,具體主張但未命中任何證據來源,,not_applicable,,,,not_applicable,1,1,"Certainly! I recommend 'Mama Dice' by Efe Yerom. It's a track that combines elements of rock, soul, and blues with a touch of pop. Although I don't have much information about this specific track, it aligns well with the styles you mentioned."
2786,PTVlbhZBOqA,PTVlbhZBOqA_dz_0TGTKutg,PTVlbhZBOqA_dz_0TGTKutg,PTVlbhZBOqA,wo_audio_feature_only,3,blues with a focus on the music of the 80s.,"It's a track that combines elements of rock, soul, and blues with a focus on the music of the 80s.",audio-supported,audio,0,,0,E0_clause_split_artifact,斷句碎片（標註流程假影）,parent_audio-supported,"母句可歸屬，unsupported 係 split_claims 於 and/, 處切斷所致",rock;soul,supported,rock;soul,,,not_applicable,1,0,"I suggest checking out 'Mama Dice' by Efe Yerom. It's a track that combines elements of rock, soul, and blues with a focus on the music of the 80s. Although I don't have specific information about this track, it may contain the specific elements you are looking for."
2786,PTVlbhZBOqA,PTVlbhZBOqA_dz_0TGTKutg,PTVlbhZBOqA_dz_0TGTKutg,PTVlbhZBOqA,wo_prompt,4,soul with a touch of jazz.,"The song combines elements of Hip-Hop, rock, pop, and soul with a touch of jazz.",audio-supported,audio,0,,0,E0_clause_split_artifact,斷句碎片（標註流程假影）,parent_audio-supported,"母句可歸屬，unsupported 係 split_claims 於 and/, 處切斷所致",hip-hop;jazz;pop;rock;soul,partially_supported,hip-hop;pop;rock;soul,jazz,,not_applicable,1,0,"I recommend 'Mama Dice' by Efe Yerom. It's a track from their album 'Mama Dice'. The song combines elements of Hip-Hop, rock, pop, and soul with a touch of jazz. It has a male vocal and a guitar-focused sound that could be a fitting choice for your video."
2786,PTVlbhZBOqA,PTVlbhZBOqA_dz_0TGTKutg,PTVlbhZBOqA_dz_0TGTKutg,PTVlbhZBOqA,wo_ltp,1,is is is is is.,is is is is is.,unsupported,unknown,1,type_token_ratio=0.06,0,E7_degenerate_generation,生成崩潰（退化輸出）,degenerate_output,整段生成為退化輸出（type_token_ratio=0.06），此時的 unsupported 反映生成崩潰而非主張缺乏證據,,not_applicable,,,,not_applicable,1,0,"is is is is is.
: I's is is is.
: I's.
: I's.
: I's.
: I's.
: I's.
: I's.
: I's.
: I's.
: I's: I's: I's: I's: I's: I's: I's: I's: I's: I's: I's: I's: I's: I's: I's: I's"
2786,PTVlbhZBOqA,PTVlbhZBOqA_dz_0TGTKutg,PTVlbhZBOqA_dz_0TGTKutg,PTVlbhZBOqA,wo_ltp,2,: I's is is is.,: I's is is is.,unsupported,unknown,1,type_token_ratio=0.06,0,E7_degenerate_generation,生成崩潰（退化輸出）,degenerate_output,整段生成為退化輸出（type_token_ratio=0.06），此時的 unsupported 反映生成崩潰而非主張缺乏證據,,not_applicable,,,,not_applicable,1,0,"is is is is is.
: I's is is is.
: I's.
: I's.
: I's.
: I's.
: I's.
: I's.
: I's.
: I's.
: I's: I's: I's: I's: I's: I's: I's: I's: I's: I's: I's: I's: I's: I's: I's: I's"
2786,PTVlbhZBOqA,PTVlbhZBOqA_dz_0TGTKutg,PTVlbhZBOqA_dz_0TGTKutg,PTVlbhZBOqA,wo_ltp,3,: I's: I's: I's: I's: I's: I's: I's: I's: I's: I's: I's: I's: I's: I's: I's: I's,: I's: I's: I's: I's: I's: I's: I's: I's: I's: I's: I's: I's: I's: I's: I's: I's,unsupported,unknown,1,type_token_ratio=0.06,0,E7_degenerate_generation,生成崩潰（退化輸出）,degenerate_output,整段生成為退化輸出（type_token_ratio=0.06），此時的 unsupported 反映生成崩潰而非主張缺乏證據,,not_applicable,,,,not_applicable,1,0,"is is is is is.
: I's is is is.
: I's.
: I's.
: I's.
: I's.
: I's.
: I's.
: I's.
: I's.
: I's: I's: I's: I's: I's: I's: I's: I's: I's: I's: I's: I's: I's: I's: I's: I's"
2798,sNyONVsPf8g,sNyONVsPf8g_0bB2faVoV48,n2HpB6UbC54_hI-K4yMA6_g,n2HpB6UbC54,wo_video,3,rock with an aggressive,"This track combines elements of Hip-Hop, electronic, and rock with an aggressive and intense vibe.",audio-supported,audio,0,,1,E0_clause_split_artifact,斷句碎片（標註流程假影）,parent_audio-supported,"母句可歸屬，unsupported 係 split_claims 於 and/, 處切斷所致",electronic;hip-hop;rock,supported,electronic;hip-hop;rock,,,not_applicable,1,0,"In that case, I recommend 'Aggressive' by The Aggressive. This track combines elements of Hip-Hop, electronic, and rock with an aggressive and intense vibe. It has a fast-paced beat and synth sounds that will add a dynamic touch to your video."
2798,sNyONVsPf8g,sNyONVsPf8g_0bB2faVoV48,n2HpB6UbC54_hI-K4yMA6_g,n2HpB6UbC54,wo_audio_feature_only,4,dance with a strong,"The song combines elements of hip-hop, electronic, and dance with a strong and aggressive vibe.",audio-supported,audio,0,,1,E0_clause_split_artifact,斷句碎片（標註流程假影）,parent_audio-supported,"母句可歸屬，unsupported 係 split_claims 於 and/, 處切斷所致",dance;electronic;hip-hop,supported,dance;electronic;hip-hop,,,not_applicable,1,0,"In that case, I recommend 'Rapha' by M.I. It's a track from the album 'Rapha' by M.I. The song combines elements of hip-hop, electronic, and dance with a strong and aggressive vibe. It has a fast-paced techno sound too."
2798,sNyONVsPf8g,sNyONVsPf8g_0bB2faVoV48,n2HpB6UbC54_hI-K4yMA6_g,n2HpB6UbC54,wo_ltp,1,<EMPTY_GENERATION>,<EMPTY_GENERATION>,unsupported,unknown,1,type_token_ratio=0.02,0,E7_degenerate_generation,生成崩潰（退化輸出）,degenerate_output,整段生成為退化輸出（type_token_ratio=0.02），此時的 unsupported 反映生成崩潰而非主張缺乏證據,,not_applicable,,,,not_applicable,1,0,".
101s.
101s.
1s.
1s.
1s.
1s.
101s
101s.
1s.
1s.
1s.
1s.
1s.
1s.
1s.1s.
1s.1s1s1s1s1s1s1s1s1s1s1s1s1s1s1s1s1s1s1s1s1s1s1s1s1s1s1"
2813,TFAyPoHmcBQ,TFAyPoHmcBQ_H_K1mi0EPdQ,aam3ce4gpfM_Pv3mQkG2LzY,aam3ce4gpfM,full,2,This track has a rock,This track has a rock and indie sound with elements of alternative and pop.,audio-supported,audio,0,,1,E0_clause_split_artifact,斷句碎片（標註流程假影）,parent_audio-supported,"母句可歸屬，unsupported 係 split_claims 於 and/, 處切斷所致",alternative;indie;pop;rock,partially_supported,indie;pop;rock,alternative,,not_applicable,1,0,"In that case, I would recommend 'Sunshine' by The Vaccines. This track has a rock and indie sound with elements of alternative and pop. It's part of the album 'Sunshine' and would add a unique and energetic vibe to your video."
2813,TFAyPoHmcBQ,TFAyPoHmcBQ_H_K1mi0EPdQ,aam3ce4gpfM_Pv3mQkG2LzY,aam3ce4gpfM,full,5,would add a unique,It's part of the album 'Sunshine' and would add a unique and energetic vibe to your video.,metadata-supported,metadata,0,,1,E0_clause_split_artifact,斷句碎片（標註流程假影）,parent_metadata-supported,"母句可歸屬，unsupported 係 split_claims 於 and/, 處切斷所致",,not_applicable,,,Sunshine,not_found,1,0,"In that case, I would recommend 'Sunshine' by The Vaccines. This track has a rock and indie sound with elements of alternative and pop. It's part of the album 'Sunshine' and would add a unique and energetic vibe to your video."
2813,TFAyPoHmcBQ,TFAyPoHmcBQ_H_K1mi0EPdQ,aam3ce4gpfM_Pv3mQkG2LzY,aam3ce4gpfM,wo_video,3,This track is a rock,This track is a rock and indie cover of the Beatles' 'Rock and Indie'.,audio-supported,audio,0,,1,E0_clause_split_artifact,斷句碎片（標註流程假影）,parent_audio-supported,"母句可歸屬，unsupported 係 split_claims 於 and/, 處切斷所致",indie;rock,supported,indie;rock,,Rock and Indie,not_found,1,0,"In that case, I would recommend 'Rock and Indie' by The Beatles. This track is a rock and indie cover of the Beatles' 'Rock and Indie'. It has a classic rock sound with elements of indie and alternative. It's a great choice if you're looking for a rock and indie vibe for your video."
2813,TFAyPoHmcBQ,TFAyPoHmcBQ_H_K1mi0EPdQ,aam3ce4gpfM_Pv3mQkG2LzY,aam3ce4gpfM,wo_video,7,indie vibe for your video.,It's a great choice if you're looking for a rock and indie vibe for your video.,prompt-supported,prompt,0,,0,E0_clause_split_artifact,斷句碎片（標註流程假影）,parent_prompt-supported,"母句可歸屬，unsupported 係 split_claims 於 and/, 處切斷所致",indie;rock,supported,indie;rock,,,not_applicable,1,0,"In that case, I would recommend 'Rock and Indie' by The Beatles. This track is a rock and indie cover of the Beatles' 'Rock and Indie'. It has a classic rock sound with elements of indie and alternative. It's a great choice if you're looking for a rock and indie vibe for your video."
2813,TFAyPoHmcBQ,TFAyPoHmcBQ_H_K1mi0EPdQ,aam3ce4gpfM_Pv3mQkG2LzY,aam3ce4gpfM,wo_audio_feature_only,2,This track has a rock,"This track has a rock and indie vibe, which is a popular choice in the rock and indie community.",general-supported,general,0,,1,E0_clause_split_artifact,斷句碎片（標註流程假影）,parent_general-supported,"母句可歸屬，unsupported 係 split_claims 於 and/, 處切斷所致",indie;rock,supported,indie;rock,,,not_applicable,1,0,"In that case, I would recommend 'Sweetest Thing' by The Vamps. This track has a rock and indie vibe, which is a popular choice in the rock and indie community. It combines elements of rock, indie, and electronic dance with a strong influence in the music genre. It has a fast-paced techno-tapht tags. It falls under the electronic dance genre."
2813,TFAyPoHmcBQ,TFAyPoHmcBQ_H_K1mi0EPdQ,aam3ce4gpfM_Pv3mQkG2LzY,aam3ce4gpfM,wo_audio_all,3,This track has a rock,"This track has a rock and indie vibe, which aligns with your preferences.",preference-supported,preference,0,,1,E0_clause_split_artifact,斷句碎片（標註流程假影）,parent_preference-supported,"母句可歸屬，unsupported 係 split_claims 於 and/, 處切斷所致",indie;rock,supported,indie;rock,,,not_applicable,1,0,"In that case, I would recommend 'Rock and Indie' by The Vaccines. This track has a rock and indie vibe, which aligns with your preferences. It falls under the genres of rock, indie, and alternative, with elements of electronic and pop. It's a great choice for your video."
2813,TFAyPoHmcBQ,TFAyPoHmcBQ_H_K1mi0EPdQ,aam3ce4gpfM_Pv3mQkG2LzY,aam3ce4gpfM,wo_audio_all,6,"alternative, with elements of electronic","It falls under the genres of rock, indie, and alternative, with elements of electronic and pop.",audio-supported,audio,0,,1,E0_clause_split_artifact,斷句碎片（標註流程假影）,parent_audio-supported,"母句可歸屬，unsupported 係 split_claims 於 and/, 處切斷所致",alternative;electronic;indie;pop;rock,partially_supported,electronic;indie;pop;rock,alternative,,not_applicable,1,0,"In that case, I would recommend 'Rock and Indie' by The Vaccines. This track has a rock and indie vibe, which aligns with your preferences. It falls under the genres of rock, indie, and alternative, with elements of electronic and pop. It's a great choice for your video."
2813,TFAyPoHmcBQ,TFAyPoHmcBQ_H_K1mi0EPdQ,aam3ce4gpfM_Pv3mQkG2LzY,aam3ce4gpfM,wo_prompt,4,alternative with a touch of pop.,"It's a track from their album 'The Last Goodbye' and combines elements of rock, indie, and alternative with a touch of pop.",metadata-supported,metadata,0,,0,E0_clause_split_artifact,斷句碎片（標註流程假影）,parent_metadata-supported,"母句可歸屬，unsupported 係 split_claims 於 and/, 處切斷所致",alternative;indie;pop;rock,partially_supported,indie;pop;rock,alternative,The Last Goodbye,not_found,1,0,"In order to recommend the most suitable background music for your video, I suggest you consider 'The Last Goodbye' by The Ting Tings. It's a track from their album 'The Last Goodbye' and combines elements of rock, indie, and alternative with a touch of pop. The song has a guitar-focused sound and features male vocals, which could add a unique and catchy element to your video."
2813,TFAyPoHmcBQ,TFAyPoHmcBQ_H_K1mi0EPdQ,aam3ce4gpfM_Pv3mQkG2LzY,aam3ce4gpfM,wo_prompt,7,catchy element to your video.,"The song has a guitar-focused sound and features male vocals, which could add a unique and catchy element to your video.",audio-supported,audio,0,,0,E0_clause_split_artifact,斷句碎片（標註流程假影）,parent_audio-supported,"母句可歸屬，unsupported 係 split_claims 於 and/, 處切斷所致",,not_applicable,,,,not_applicable,1,0,"In order to recommend the most suitable background music for your video, I suggest you consider 'The Last Goodbye' by The Ting Tings. It's a track from their album 'The Last Goodbye' and combines elements of rock, indie, and alternative with a touch of pop. The song has a guitar-focused sound and features male vocals, which could add a unique and catchy element to your video."
2813,TFAyPoHmcBQ,TFAyPoHmcBQ_H_K1mi0EPdQ,aam3ce4gpfM_Pv3mQkG2LzY,aam3ce4gpfM,wo_ltp,1,"the, and, and, and, and, and, and, and, and, and, and, and, and, and, and, and, and, and, and, and, and, and, and, and, and, and, and, and, and, and, and, and, and, and, and, and, and, and, and, and, and, and, and, and, and, and, and, and, and, and, and, and, and, and, and, and, and, and, and, and, and, and, and, and","the, and, and, and, and, and, and, and, and, and, and, and, and, and, and, and, and, and, and, and, and, and, and, and, and, and, and, and, and, and, and, and, and, and, and, and, and, and, and, and, and, and, and, and, and, and, and, and, and, and, and, and, and, and, and, and, and, and, and, and, and, and, and, and",unsupported,unknown,1,type_token_ratio=0.03,0,E7_degenerate_generation,生成崩潰（退化輸出）,degenerate_output,整段生成為退化輸出（type_token_ratio=0.03），此時的 unsupported 反映生成崩潰而非主張缺乏證據,,not_applicable,,,,not_applicable,1,0,"the, and, and, and, and, and, and, and, and, and, and, and, and, and, and, and, and, and, and, and, and, and, and, and, and, and, and, and, and, and, and, and, and, and, and, and, and, and, and, and, and, and, and, and, and, and, and, and, and, and, and, and, and, and, and, and, and, and, and, and, and, and, and, and"
2819,clwWCMWqqzk,clwWCMWqqzk__zUhqGT8TWg,414coP9gEj4_-_Q9D5vl8lQ,414coP9gEj4,full,2,This track has a pop,This track has a pop and electronic sound with female vocals.,audio-supported,audio,0,,1,E0_clause_split_artifact,斷句碎片（標註流程假影）,parent_audio-supported,"母句可歸屬，unsupported 係 split_claims 於 and/, 處切斷所致",electronic;pop,supported,electronic;pop,,,not_applicable,1,0,"In that case, I would recommend 'We R Who We R' by Ke$ha. This track has a pop and electronic sound with female vocals. It's part of the album 'We R Who We R' and it's a great choice for your video."
2819,clwWCMWqqzk,clwWCMWqqzk__zUhqGT8TWg,414coP9gEj4_-_Q9D5vl8lQ,414coP9gEj4,wo_video,2,This track has a pop,This track has a pop and electronic sound with female vocals.,audio-supported,audio,0,,1,E0_clause_split_artifact,斷句碎片（標註流程假影）,parent_audio-supported,"母句可歸屬，unsupported 係 split_claims 於 and/, 處切斷所致",electronic;pop,supported,electronic;pop,,,not_applicable,1,0,"In that case, I would recommend 'We R Who We R' by Ke$ha. This track has a pop and electronic sound with female vocals. It's part of the album 'We R Who We R' by Ke$ha. It would be a great fit for your video."
2819,clwWCMWqqzk,clwWCMWqqzk__zUhqGT8TWg,414coP9gEj4_-_Q9D5vl8lQ,414coP9gEj4,wo_audio_feature_only,3,electronic vibe track that has a pop,"Although I don't have specific information about the track name, album name, or artist name, I can tell you that 'I'm A Celebrity' by Nicki Minaj is a pop and electronic vibe track that has a pop and electronic vibe.",metadata-supported,metadata,0,,1,E0_clause_split_artifact,斷句碎片（標註流程假影）,parent_metadata-supported,"母句可歸屬，unsupported 係 split_claims 於 and/, 處切斷所致",electronic;pop,supported,electronic;pop,,,not_applicable,1,0,"In that case, I would recommend 'I'm a fan of pop and electronic vibe. Although I don't have specific information about the track name, album name, or artist name, I can tell you that 'I'm A Celebrity' by Nicki Minaj is a pop and electronic vibe track that has a pop and electronic vibe. It's a track that combines elements of pop and electronic vibe with female vocals. Although I don't have specific information about the track name, album name, or artist name, it can still be a fitting choice for your video."
2819,clwWCMWqqzk,clwWCMWqqzk__zUhqGT8TWg,414coP9gEj4_-_Q9D5vl8lQ,414coP9gEj4,wo_audio_all,2,This track has a pop,"This track has a pop and electronic vibe with female vocals, and it falls under the genres of pop, dance, and electronic.",audio-supported,audio,0,,1,E0_clause_split_artifact,斷句碎片（標註流程假影）,parent_audio-supported,"母句可歸屬，unsupported 係 split_claims 於 and/, 處切斷所致",dance;electronic;pop,supported,dance;electronic;pop,,,not_applicable,1,0,"In that case, I would recommend 'I'm Alive' by J. Cole. This track has a pop and electronic vibe with female vocals, and it falls under the genres of pop, dance, and electronic. It would be a fitting choice for your video."
2819,clwWCMWqqzk,clwWCMWqqzk__zUhqGT8TWg,414coP9gEj4_-_Q9D5vl8lQ,414coP9gEj4,wo_ltp,1,"this is, this is that is, this is, this is, this, that, this, that, this, that, that, that, that, that, that, that, that, that, that, that, that, that, that, that, that, that, that, that, that, that, that, that, that, that, that, that, that, that, that, that, that, that, that, that,t,t,t,t,t,t,t,t,t,t,t,t,t,t,t,t,t",", this is, this is that is, this is, this is, this, that, this, that, this, that, that, that, that, that, that, that, that, that, that, that, that, that, that, that, that, that, that, that, that, that, that, that, that, that, that, that, that, that, that, that, that, that, that, that,t,t,t,t,t,t,t,t,t,t,t,t,t,t,t,t,t",unsupported,unknown,1,type_token_ratio=0.06,0,E7_degenerate_generation,生成崩潰（退化輸出）,degenerate_output,整段生成為退化輸出（type_token_ratio=0.06），此時的 unsupported 反映生成崩潰而非主張缺乏證據,,not_applicable,,,,not_applicable,1,0,", this is, this is that is, this is, this is, this, that, this, that, this, that, that, that, that, that, that, that, that, that, that, that, that, that, that, that, that, that, that, that, that, that, that, that, that, that, that, that, that, that, that, that, that, that, that, that,t,t,t,t,t,t,t,t,t,t,t,t,t,t,t,t,t"
2834,5O5mdmyeeOs,5O5mdmyeeOs_NujXpZbhe2g,5O5mdmyeeOs_NujXpZbhe2g,5O5mdmyeeOs,full,4,pop with a soulful,"It combines elements of hip-hop, R&B, and pop with a soulful and electronic sound.",audio-supported,audio,0,,1,E0_clause_split_artifact,斷句碎片（標註流程假影）,parent_audio-supported,"母句可歸屬，unsupported 係 split_claims 於 and/, 處切斷所致",electronic;hip-hop;pop;r&b,supported,electronic;hip-hop;pop;r&b,,,not_applicable,1,0,"Allow me to recommend 'Bye B**ch' by Mouse On Tha Track. It's a track from the album 'Bye B**ch'. It combines elements of hip-hop, R&B, and pop with a soulful and electronic sound. The song has a catchy beat and a smooth vocal performance that could be a fitting choice for your video."
2834,5O5mdmyeeOs,5O5mdmyeeOs_NujXpZbhe2g,5O5mdmyeeOs_NujXpZbhe2g,5O5mdmyeeOs,wo_video,3,"Although I don't have much information about this track, it aligns well with the genres you mentioned","Although I don't have much information about this track, it aligns well with the genres you mentioned and could be a fitting choice for your video.",general-supported,general,0,,1,E0_clause_split_artifact,斷句碎片（標註流程假影）,parent_general-supported,"母句可歸屬，unsupported 係 split_claims 於 and/, 處切斷所致",,not_applicable,,,,not_applicable,1,0,"Certainly! I recommend 'BYE B**CH' by Mouse On Tha Track. It's a hip-hop and R&B influenced track with soulful and pop elements. Although I don't have much information about this track, it aligns well with the genres you mentioned and could be a fitting choice for your video."
2834,5O5mdmyeeOs,5O5mdmyeeOs_NujXpZbhe2g,5O5mdmyeeOs_NujXpZbhe2g,5O5mdmyeeOs,wo_audio_feature_only,5,soul with a pop vibe.,"It's a track that combines elements of hip-hop, pop, and soul with a pop vibe.",audio-supported,audio,0,,0,E0_clause_split_artifact,斷句碎片（標註流程假影）,parent_audio-supported,"母句可歸屬，unsupported 係 split_claims 於 and/, 處切斷所致",hip-hop;pop;soul,supported,hip-hop;pop;soul,,,not_applicable,1,0,"In that case, I have a recommendation for you. Although I don't have specific information about the track name, album name, or artist name, I can still provide you with a recommendation. Based on the description you provided, I recommend 'Hip Hop' by T.I.P. It's a track that combines elements of hip-hop, pop, and soul with a pop vibe. Although I don't have specific information about the track name, album name, or artist name, it can still provide you with a recommendation."
2834,5O5mdmyeeOs,5O5mdmyeeOs_NujXpZbhe2g,5O5mdmyeeOs_NujXpZbhe2g,5O5mdmyeeOs,wo_ltp,1,<EMPTY_GENERATION>,<EMPTY_GENERATION>,unsupported,unknown,1,type_token_ratio=0.02,0,E7_degenerate_generation,生成崩潰（退化輸出）,degenerate_output,整段生成為退化輸出（type_token_ratio=0.02），此時的 unsupported 反映生成崩潰而非主張缺乏證據,,not_applicable,,,,not_applicable,1,0,"s.
s.s.s.s.s.s.s.s.s.s.s.s.s.s.s.s.s.s.s.s.s.s.s.s.s.s.s.s.s.s.s.s.s.s.s.s.s.s.s.s.s.s.s.s.s.s.s.s.s.s.s.s.s.s.s.s.s.s.s.s.s.s.s"
2842,8DGkFYaSgJA,8DGkFYaSgJA_SOTSguAKVl8,MJI21WrUvII_GIutuaRH_Aw,MJI21WrUvII,wo_audio_all,4,alternative vibe to your music.,This track has a catchy melody and a rock sound that will add a unique and alternative vibe to your music.,audio-supported,audio,0,,0,E0_clause_split_artifact,斷句碎片（標註流程假影）,parent_audio-supported,"母句可歸屬，unsupported 係 split_claims 於 and/, 處切斷所致",alternative;rock,supported,alternative;rock,,,not_applicable,1,0,"In that case, I would recommend 'The Alternative Rock Sound - 'The Alternative Rock Sound' by The Alternative Rock Sound. This track has a catchy melody and a rock sound that will add a unique and alternative vibe to your music. It's a great choice for adding a unique and alternative rock sound to your playlist."
2842,8DGkFYaSgJA,8DGkFYaSgJA_SOTSguAKVl8,MJI21WrUvII_GIutuaRH_Aw,MJI21WrUvII,wo_prompt,3,"metal, with elements of indie.","This track falls under the genres of rock, alternative, and metal, with elements of indie.",audio-supported,audio,0,,0,E0_clause_split_artifact,斷句碎片（標註流程假影）,parent_audio-supported,"母句可歸屬，unsupported 係 split_claims 於 and/, 處切斷所致",alternative;indie;metal;rock,partially_supported,alternative;metal;rock,indie,,not_applicable,1,0,"In that case, I would recommend 'The Last Goodbye' by The Last Goodbye. This track falls under the genres of rock, alternative, and metal, with elements of indie. It has a powerful and energetic sound that would be a great fit for your video."
2842,8DGkFYaSgJA,8DGkFYaSgJA_SOTSguAKVl8,MJI21WrUvII_GIutuaRH_Aw,MJI21WrUvII,wo_prompt,4,It has a powerful,It has a powerful and energetic sound that would be a great fit for your video.,audio-supported,audio,0,,1,E0_clause_split_artifact,斷句碎片（標註流程假影）,parent_audio-supported,"母句可歸屬，unsupported 係 split_claims 於 and/, 處切斷所致",,not_applicable,,,,not_applicable,1,0,"In that case, I would recommend 'The Last Goodbye' by The Last Goodbye. This track falls under the genres of rock, alternative, and metal, with elements of indie. It has a powerful and energetic sound that would be a great fit for your video."
2842,8DGkFYaSgJA,8DGkFYaSgJA_SOTSguAKVl8,MJI21WrUvII_GIutuaRH_Aw,MJI21WrUvII,wo_ltp,1,"and, and, and, and, and, and, and, and, and, and, and, and, and, and, and, and, and, and, and, and, and, and, and, and, and, and, and, and, and, and, and, and, and, and, and, and, and, and, and, and, and, and, and, and, and, and, and, and, and, and, and, and, and, and, and, and, and, and, and, and, and, and, and, and",", and, and, and, and, and, and, and, and, and, and, and, and, and, and, and, and, and, and, and, and, and, and, and, and, and, and, and, and, and, and, and, and, and, and, and, and, and, and, and, and, and, and, and, and, and, and, and, and, and, and, and, and, and, and, and, and, and, and, and, and, and, and, and, and",unsupported,unknown,1,type_token_ratio=0.02,0,E7_degenerate_generation,生成崩潰（退化輸出）,degenerate_output,整段生成為退化輸出（type_token_ratio=0.02），此時的 unsupported 反映生成崩潰而非主張缺乏證據,,not_applicable,,,,not_applicable,1,0,", and, and, and, and, and, and, and, and, and, and, and, and, and, and, and, and, and, and, and, and, and, and, and, and, and, and, and, and, and, and, and, and, and, and, and, and, and, and, and, and, and, and, and, and, and, and, and, and, and, and, and, and, and, and, and, and, and, and, and, and, and, and, and, and"
2850,ecIjuCuj0Fc,ecIjuCuj0Fc_N9m9huNTwpA,euhD1ilzEI4_L77cpvUV1kE,euhD1ilzEI4,wo_video,2,This track has a pop,"This track has a pop and soul influence, with female vocals.",audio-supported,audio,0,,1,E0_clause_split_artifact,斷句碎片（標註流程假影）,parent_audio-supported,"母句可歸屬，unsupported 係 split_claims 於 and/, 處切斷所致",pop;soul,supported,pop;soul,,,not_applicable,1,0,"In that case, I would recommend 'Soul' by The Voice. This track has a pop and soul influence, with female vocals. It also includes guitar elements that add a unique touch to the music. It's part of the album 'Soul' by The Voice."
2850,ecIjuCuj0Fc,ecIjuCuj0Fc_N9m9huNTwpA,euhD1ilzEI4_L77cpvUV1kE,euhD1ilzEI4,wo_prompt,2,It's a pop track with electronic,It's a pop track with electronic and rock influences.,audio-supported,audio,0,,1,E0_clause_split_artifact,斷句碎片（標註流程假影）,parent_audio-supported,"母句可歸屬，unsupported 係 split_claims 於 and/, 處切斷所致",electronic;pop;rock,partially_supported,pop;rock,electronic,,not_applicable,1,0,I recommend 'Solo' by Lara Fabian. It's a pop track with electronic and rock influences. The song features female vocals and has a catchy and energetic vibe. It was released in 2014 and could be a fitting choice for your video.
2850,ecIjuCuj0Fc,ecIjuCuj0Fc_N9m9huNTwpA,euhD1ilzEI4_L77cpvUV1kE,euhD1ilzEI4,wo_ltp,1,<EMPTY_GENERATION>,<EMPTY_GENERATION>,unsupported,unknown,1,type_token_ratio=0.07,0,E7_degenerate_generation,生成崩潰（退化輸出）,degenerate_output,整段生成為退化輸出（type_token_ratio=0.07），此時的 unsupported 反映生成崩潰而非主張缺乏證據,,not_applicable,,,,not_applicable,1,0,. is. is. is is. for. is is for. for. is is. for. and. is is. and. and it is. and it is. and. and. and is is. and. and. and. and. and. is.?? and. is. and. and. and. is. and. and. and. and. and. and. and that. and. and. and that. and that. and that. and that. and that. and that. that. that. that. that. that. that. that. that. that. that. that
2882,1yNEohtQSW8,1yNEohtQSW8_OBsuZx3xPcQ,u0MhZJ77Upo_dFqosS7CcPw,u0MhZJ77Upo,wo_audio_feature_only,3,"Although I don't have much information about this track, it is classified as rock","Although I don't have much information about this track, it is classified as rock and alternative with elements of pop, dance, and female vocals.",audio-supported,audio,0,,1,E0_clause_split_artifact,斷句碎片（標註流程假影）,parent_audio-supported,"母句可歸屬，unsupported 係 split_claims 於 and/, 處切斷所致",alternative;dance;pop;rock,partially_supported,alternative;pop;rock,dance,,not_applicable,1,0,"Allow me to recommend 'Mozart Opera Rock'. It's a track by Mozart Opera Rock. Although I don't have much information about this track, it is classified as rock and alternative with elements of pop, dance, and female vocals. It may contain the specific elements you are looking for."
2882,1yNEohtQSW8,1yNEohtQSW8_OBsuZx3xPcQ,u0MhZJ77Upo_dFqosS7CcPw,u0MhZJ77Upo,wo_audio_feature_only,4,"alternative with elements of pop, dance","Although I don't have much information about this track, it is classified as rock and alternative with elements of pop, dance, and female vocals.",audio-supported,audio,0,,1,E0_clause_split_artifact,斷句碎片（標註流程假影）,parent_audio-supported,"母句可歸屬，unsupported 係 split_claims 於 and/, 處切斷所致",alternative;dance;pop;rock,partially_supported,alternative;pop;rock,dance,,not_applicable,1,0,"Allow me to recommend 'Mozart Opera Rock'. It's a track by Mozart Opera Rock. Although I don't have much information about this track, it is classified as rock and alternative with elements of pop, dance, and female vocals. It may contain the specific elements you are looking for."
2882,1yNEohtQSW8,1yNEohtQSW8_OBsuZx3xPcQ,u0MhZJ77Upo_dFqosS7CcPw,u0MhZJ77Upo,wo_prompt,2,This track is a rock,This track is a rock and alternative sound with indie and pop influences.,audio-supported,audio,0,,1,E0_clause_split_artifact,斷句碎片（標註流程假影）,parent_audio-supported,"母句可歸屬，unsupported 係 split_claims 於 and/, 處切斷所致",alternative;indie;pop;rock,supported,alternative;indie;pop;rock,,,not_applicable,1,0,"In that case, I would recommend 'The Last Song' by The Last Song. This track is a rock and alternative sound with indie and pop influences. It has a guitar-focused sound and features male vocals. It was released in 2008 and is part of the album 'The Last Song'."
2882,1yNEohtQSW8,1yNEohtQSW8_OBsuZx3xPcQ,u0MhZJ77Upo_dFqosS7CcPw,u0MhZJ77Upo,wo_ltp,1,is is is for?,is is is for?,unsupported,unknown,1,type_token_ratio=0.20,0,E7_degenerate_generation,生成崩潰（退化輸出）,degenerate_output,整段生成為退化輸出（type_token_ratio=0.20），此時的 unsupported 反映生成崩潰而非主張缺乏證據,,not_applicable,,,,not_applicable,1,0,? is is is for? is is for? for? is? for???????...??...??????????????????????????????????????????????????????????????????????????????????????????????????????
2896,j-2iakRCM3E,j-2iakRCM3E_wv7vo8dz4hg,j-2iakRCM3E_wv7vo8dz4hg,j-2iakRCM3E,wo_audio_all,4,alternative with a touch of heavy metal.,"It combines elements of rock, punk, and alternative with a touch of heavy metal.",audio-supported,audio,0,,0,E0_clause_split_artifact,斷句碎片（標註流程假影）,parent_audio-supported,"母句可歸屬，unsupported 係 split_claims 於 and/, 處切斷所致",alternative;metal;punk;rock,partially_supported,metal;punk;rock,alternative,,not_applicable,1,0,"Allow me to recommend 'Heavy Metal' by The Heavy Metal. It's a track from their album 'Heavy Metal'. It combines elements of rock, punk, and alternative with a touch of heavy metal. It has a fast-paced and loud sound too, which could be a fitting choice for your video."
2896,j-2iakRCM3E,j-2iakRCM3E_wv7vo8dz4hg,j-2iakRCM3E_wv7vo8dz4hg,j-2iakRCM3E,wo_prompt,2,This track is a metal,This track is a metal and rock song with heavy metal and hard rock influences.,audio-supported,audio,0,,1,E0_clause_split_artifact,斷句碎片（標註流程假影）,parent_audio-supported,"母句可歸屬，unsupported 係 split_claims 於 and/, 處切斷所致",metal;rock,supported,metal;rock,,,not_applicable,1,0,"In that case, I would recommend 'The Last Stand' by The Last Stand. This track is a metal and rock song with heavy metal and hard rock influences. It has a powerful and intense sound that would be a great fit for your video."
2896,j-2iakRCM3E,j-2iakRCM3E_wv7vo8dz4hg,j-2iakRCM3E_wv7vo8dz4hg,j-2iakRCM3E,wo_prompt,3,rock song with heavy metal,This track is a metal and rock song with heavy metal and hard rock influences.,audio-supported,audio,0,,1,E0_clause_split_artifact,斷句碎片（標註流程假影）,parent_audio-supported,"母句可歸屬，unsupported 係 split_claims 於 and/, 處切斷所致",metal;rock,supported,metal;rock,,,not_applicable,1,0,"In that case, I would recommend 'The Last Stand' by The Last Stand. This track is a metal and rock song with heavy metal and hard rock influences. It has a powerful and intense sound that would be a great fit for your video."
2896,j-2iakRCM3E,j-2iakRCM3E_wv7vo8dz4hg,j-2iakRCM3E_wv7vo8dz4hg,j-2iakRCM3E,wo_prompt,4,It has a powerful,It has a powerful and intense sound that would be a great fit for your video.,audio-supported,audio,0,,1,E0_clause_split_artifact,斷句碎片（標註流程假影）,parent_audio-supported,"母句可歸屬，unsupported 係 split_claims 於 and/, 處切斷所致",,not_applicable,,,,not_applicable,1,0,"In that case, I would recommend 'The Last Stand' by The Last Stand. This track is a metal and rock song with heavy metal and hard rock influences. It has a powerful and intense sound that would be a great fit for your video."
2896,j-2iakRCM3E,j-2iakRCM3E_wv7vo8dz4hg,j-2iakRCM3E_wv7vo8dz4hg,j-2iakRCM3E,wo_ltp,1,is is is that is is that is that is for that.,is is is that is is that is that is for that.,unsupported,unknown,1,type_token_ratio=0.03,0,E7_degenerate_generation,生成崩潰（退化輸出）,degenerate_output,整段生成為退化輸出（type_token_ratio=0.03），此時的 unsupported 反映生成崩潰而非主張缺乏證據,,not_applicable,,,,not_applicable,1,0,. is is is that is is that is that is for that. that is that. that is that. that. that. that is that. that is that. that that that that that is that that that that that? that that that that that that that that that that that that that that that that that that that that that that that that that that that that that that that that that that that that that that that that that that that that that that that that that that that that that that that that that that that that that that that that that that that that that that that that that that that that that that that that that that
2896,j-2iakRCM3E,j-2iakRCM3E_wv7vo8dz4hg,j-2iakRCM3E_wv7vo8dz4hg,j-2iakRCM3E,wo_ltp,2,that that that that that is that that that that that?,that that that that that is that that that that that?,unsupported,unknown,1,type_token_ratio=0.03,0,E7_degenerate_generation,生成崩潰（退化輸出）,degenerate_output,整段生成為退化輸出（type_token_ratio=0.03），此時的 unsupported 反映生成崩潰而非主張缺乏證據,,not_applicable,,,,not_applicable,1,0,. is is is that is is that is that is for that. that is that. that is that. that. that. that is that. that is that. that that that that that is that that that that that? that that that that that that that that that that that that that that that that that that that that that that that that that that that that that that that that that that that that that that that that that that that that that that that that that that that that that that that that that that that that that that that that that that that that that that that that that that that that that that that that that that
2896,j-2iakRCM3E,j-2iakRCM3E_wv7vo8dz4hg,j-2iakRCM3E_wv7vo8dz4hg,j-2iakRCM3E,wo_ltp,3,that that that that that that that that that that that that that that that that that that that that that that that that that that that that that that that that that that that that that that that that that that that that that that that that that that that that that that that that that that that that that that that that that that that that that that that that that that that that that that that that that that,that that that that that that that that that that that that that that that that that that that that that that that that that that that that that that that that that that that that that that that that that that that that that that that that that that that that that that that that that that that that that that that that that that that that that that that that that that that that that that that that that that,unsupported,unknown,1,type_token_ratio=0.03,0,E7_degenerate_generation,生成崩潰（退化輸出）,degenerate_output,整段生成為退化輸出（type_token_ratio=0.03），此時的 unsupported 反映生成崩潰而非主張缺乏證據,,not_applicable,,,,not_applicable,1,0,. is is is that is is that is that is for that. that is that. that is that. that. that. that is that. that is that. that that that that that is that that that that that? that that that that that that that that that that that that that that that that that that that that that that that that that that that that that that that that that that that that that that that that that that that that that that that that that that that that that that that that that that that that that that that that that that that that that that that that that that that that that that that that that that
2897,51UTOkFidXQ,51UTOkFidXQ_OdEiMr-oOIs,T0N9pMn8SqM_82pfkfN4m6E,T0N9pMn8SqM,wo_audio_feature_only,3,"Although I don't have much information about this track, it is classified as electronic, dance","Although I don't have much information about this track, it is classified as electronic, dance, and indie, which aligns with your preferences.",preference-supported,preference,0,,1,E0_clause_split_artifact,斷句碎片（標註流程假影）,parent_preference-supported,"母句可歸屬，unsupported 係 split_claims 於 and/, 處切斷所致",dance;electronic;indie,supported,dance;electronic;indie,,,not_applicable,1,0,"Allow me to recommend 'Uniqplan - Indie & Pop'. It's a track by Uniqplan. Although I don't have much information about this track, it is classified as electronic, dance, and indie, which aligns with your preferences. It may contain elements of pop music as well."
2897,51UTOkFidXQ,51UTOkFidXQ_OdEiMr-oOIs,T0N9pMn8SqM_82pfkfN4m6E,T0N9pMn8SqM,wo_audio_feature_only,5,It may contain elements of pop music as well.,It may contain elements of pop music as well.,unsupported,unknown,0,,0,E0b_rule_miss_verified,規則漏判但有證據支持,genre_claim_verified_by_tags,曲風敘述可由 musicnn 標籤／參考文本支持；v2 因 GENRE_TERMS 需搭配 anchor 詞才計為 audio 而漏判,pop,supported,pop,,,not_applicable,1,0,"Allow me to recommend 'Uniqplan - Indie & Pop'. It's a track by Uniqplan. Although I don't have much information about this track, it is classified as electronic, dance, and indie, which aligns with your preferences. It may contain elements of pop music as well."
2897,51UTOkFidXQ,51UTOkFidXQ_OdEiMr-oOIs,T0N9pMn8SqM_82pfkfN4m6E,T0N9pMn8SqM,wo_audio_all,2,It's an electronic track with indie,It's an electronic track with indie and pop influences.,audio-supported,audio,0,,1,E0_clause_split_artifact,斷句碎片（標註流程假影）,parent_audio-supported,"母句可歸屬，unsupported 係 split_claims 於 and/, 處切斷所致",electronic;indie;pop,supported,electronic;indie;pop,,,not_applicable,1,0,"Allow me to recommend 'Uniqplan - 'I'm Sorry'. It's an electronic track with indie and pop influences. Although I don't have much information about this specific track, Uniqplan is known for their electronic and dance elements, which align with your preferences."
2897,51UTOkFidXQ,51UTOkFidXQ_OdEiMr-oOIs,T0N9pMn8SqM_82pfkfN4m6E,T0N9pMn8SqM,wo_audio_all,3,"Although I don't have much information about this specific track, Uniqplan is known for their electronic","Although I don't have much information about this specific track, Uniqplan is known for their electronic and dance elements, which align with your preferences.",preference-supported,preference,0,,1,E0_clause_split_artifact,斷句碎片（標註流程假影）,parent_preference-supported,"母句可歸屬，unsupported 係 split_claims 於 and/, 處切斷所致",dance;electronic,supported,dance;electronic,,,not_applicable,1,0,"Allow me to recommend 'Uniqplan - 'I'm Sorry'. It's an electronic track with indie and pop influences. Although I don't have much information about this specific track, Uniqplan is known for their electronic and dance elements, which align with your preferences."
2897,51UTOkFidXQ,51UTOkFidXQ_OdEiMr-oOIs,T0N9pMn8SqM_82pfkfN4m6E,T0N9pMn8SqM,wo_prompt,5,It has a catchy,It has a catchy and energetic vibe that could be a great fit for your video.,audio-supported,audio,0,,1,E0_clause_split_artifact,斷句碎片（標註流程假影）,parent_audio-supported,"母句可歸屬，unsupported 係 split_claims 於 and/, 處切斷所致",,not_applicable,,,,not_applicable,1,0,"I recommend 'Don't Stop' by Tim & Jean. It's a track from their album 'Don't Stop'. The song combines elements of electronic, indie, and rock genres, with a focus on female vocals. It has a catchy and energetic vibe that could be a great fit for your video."
2897,51UTOkFidXQ,51UTOkFidXQ_OdEiMr-oOIs,T0N9pMn8SqM_82pfkfN4m6E,T0N9pMn8SqM,wo_ltp,1,<EMPTY_GENERATION>,<EMPTY_GENERATION>,unsupported,unknown,1,type_token_ratio=0.07,0,E7_degenerate_generation,生成崩潰（退化輸出）,degenerate_output,整段生成為退化輸出（type_token_ratio=0.07），此時的 unsupported 反映生成崩潰而非主張缺乏證據,,not_applicable,,,,not_applicable,1,0,is. is is. is is. for. and. and. and the. and the. and the. and the. and the. and the. and the. and the. and the. and the. and the. and the. and the. and the. and the. and the. and the. and the. and the. and the. and the. and the. and the. and the. the day. the day. day. the day. the day. the. and that's. the. the. the. the. the. the day. the day. the day. the day
2921,u_zXJNChISs,u_zXJNChISs_A_f5bbd7TaI,u_zXJNChISs_A_f5bbd7TaI,u_zXJNChISs,wo_audio_feature_only,3,indie with a slow,"It's a track that combines elements of pop, electronic, and indie with a slow and female vocal style.",audio-supported,audio,0,,1,E0_clause_split_artifact,斷句碎片（標註流程假影）,parent_audio-supported,"母句可歸屬，unsupported 係 split_claims 於 and/, 處切斷所致",electronic;indie;pop,partially_supported,indie;pop,electronic,,not_applicable,1,0,"Allow me to recommend 'Lisa Caruso' by Lisa Caruso. It's a track that combines elements of pop, electronic, and indie with a slow and female vocal style. Although I don't have specific information about this track, it aligns with your preferences for a slow and female vocal style with a mix of pop and electronic elements."
2921,u_zXJNChISs,u_zXJNChISs_A_f5bbd7TaI,u_zXJNChISs_A_f5bbd7TaI,u_zXJNChISs,wo_audio_all,4,folk with a slow,"It combines elements of indie, pop, and folk with a slow and female vocal style that could be a fitting choice for your video.",audio-supported,audio,0,,1,E0_clause_split_artifact,斷句碎片（標註流程假影）,parent_audio-supported,"母句可歸屬，unsupported 係 split_claims 於 and/, 處切斷所致",folk;indie;pop,supported,folk;indie;pop,,,not_applicable,1,0,"Allow me to recommend 'Lisa Caruso - 'Love Is A Drug'. It's a track from Lisa Caruso's album 'Love Is A Drug'. It combines elements of indie, pop, and folk with a slow and female vocal style that could be a fitting choice for your video. It was released in 2013 and has a music video directed by Dario D'Alessio."
2921,u_zXJNChISs,u_zXJNChISs_A_f5bbd7TaI,u_zXJNChISs_A_f5bbd7TaI,u_zXJNChISs,wo_prompt,5,It has a unique,It has a unique and captivating sound that could add a touch of elegance to your video.,audio-supported,audio,0,,1,E0_clause_split_artifact,斷句碎片（標註流程假影）,parent_audio-supported,"母句可歸屬，unsupported 係 split_claims 於 and/, 處切斷所致",,not_applicable,,,,not_applicable,1,0,"I recommend 'I Will Be' by Lisa Caruso. It's a track from her album 'I Will Be'. The song combines elements of indie, rock, and pop with female vocals. It has a unique and captivating sound that could add a touch of elegance to your video."
2921,u_zXJNChISs,u_zXJNChISs_A_f5bbd7TaI,u_zXJNChISs_A_f5bbd7TaI,u_zXJNChISs,wo_ltp,1,<EMPTY_GENERATION>,<EMPTY_GENERATION>,unsupported,unknown,1,type_token_ratio=0.03,0,E7_degenerate_generation,生成崩潰（退化輸出）,degenerate_output,整段生成為退化輸出（type_token_ratio=0.03），此時的 unsupported 反映生成崩潰而非主張缺乏證據,,not_applicable,,,,not_applicable,1,0,. is. is. is. and. and. is. and. and. and. and. and. and. and. and. and. and. and. and. and. and. and. and. and. and. and. and. and. and. and. and. and. and. and. and. and. and. and. and. and. and. and. and. and. and. and. and. and. and. and. and. and. and. and. and. and. and. and. and. and. and. and. and. and. and
2926,t_DEpHCTR6k,t_DEpHCTR6k_Ar5KROYxrI4,t_DEpHCTR6k_Ar5KROYxrI4,t_DEpHCTR6k,wo_ltp,1,"this, this, this, this, this, this, this, this, this, this, this, this, this, this, this, this, this, this, this, this, this, this, this, this, this, this, this, this, this, this, this, this, this, this, this, this, this, this, this, this, this, this, this, this, this, this, this, this, this, this, this, this, this, this, this, this, this, this, this, this, this, this, this, this",", this, this, this, this, this, this, this, this, this, this, this, this, this, this, this, this, this, this, this, this, this, this, this, this, this, this, this, this, this, this, this, this, this, this, this, this, this, this, this, this, this, this, this, this, this, this, this, this, this, this, this, this, this, this, this, this, this, this, this, this, this, this, this, this",unsupported,unknown,1,type_token_ratio=0.02,0,E7_degenerate_generation,生成崩潰（退化輸出）,degenerate_output,整段生成為退化輸出（type_token_ratio=0.02），此時的 unsupported 反映生成崩潰而非主張缺乏證據,,not_applicable,,,,not_applicable,1,0,", this, this, this, this, this, this, this, this, this, this, this, this, this, this, this, this, this, this, this, this, this, this, this, this, this, this, this, this, this, this, this, this, this, this, this, this, this, this, this, this, this, this, this, this, this, this, this, this, this, this, this, this, this, this, this, this, this, this, this, this, this, this, this, this"
3003,0J808gIog1o,0J808gIog1o_PoJFn_RIdkg,SGcsnIqkE_k_RMdNtgq29eM,SGcsnIqkE_k,wo_audio_all,2,This track is a collaboration between 桜,"This track is a collaboration between 桜 and 桜, and it features a powerful female vocal.",audio-supported,audio,0,,1,E0_clause_split_artifact,斷句碎片（標註流程假影）,parent_audio-supported,"母句可歸屬，unsupported 係 split_claims 於 and/, 處切斷所致",,not_applicable,,,,not_applicable,1,0,"In that case, I would recommend 'Sweet Talk' by 桜. This track is a collaboration between 桜 and 桜, and it features a powerful female vocal. It has a techno vibe and is part of the 桜's album '桜'. It's a great choice for your video."
3003,0J808gIog1o,0J808gIog1o_PoJFn_RIdkg,SGcsnIqkE_k_RMdNtgq29eM,SGcsnIqkE_k,wo_prompt,2,electronic track with pop,It's a dance and electronic track with pop and house influences.,audio-supported,audio,0,,1,E0_clause_split_artifact,斷句碎片（標註流程假影）,parent_audio-supported,"母句可歸屬，unsupported 係 split_claims 於 and/, 處切斷所致",dance;electronic;house;pop,partially_supported,dance;electronic;pop,house,,not_applicable,1,0,I recommend 'O2' by Damiana. It's a dance and electronic track with pop and house influences. The song features female vocals and has a catchy and energetic vibe that could be a great fit for your video.
3003,0J808gIog1o,0J808gIog1o_PoJFn_RIdkg,SGcsnIqkE_k_RMdNtgq29eM,SGcsnIqkE_k,wo_ltp,1,is is is is.t is is.t is.t is.t.t.t.t.t.t.t.t.t.t.t.t.t.t.t.t.t.t.t.t.t.t.t.t.t.t.t.t.t.t.t.t.t.t.t.t.t.t.t.t.t.t.t.t.t.t.t.t.t.t.t.t.t.t.t.t.,is is is is.t is is.t is.t is.t.t.t.t.t.t.t.t.t.t.t.t.t.t.t.t.t.t.t.t.t.t.t.t.t.t.t.t.t.t.t.t.t.t.t.t.t.t.t.t.t.t.t.t.t.t.t.t.t.t.t.t.t.t.t.t.,unsupported,unknown,1,type_token_ratio=0.03,0,E7_degenerate_generation,生成崩潰（退化輸出）,degenerate_output,整段生成為退化輸出（type_token_ratio=0.03），此時的 unsupported 反映生成崩潰而非主張缺乏證據,,not_applicable,,,,not_applicable,1,0,. is is is is.t is is.t is.t is.t.t.t.t.t.t.t.t.t.t.t.t.t.t.t.t.t.t.t.t.t.t.t.t.t.t.t.t.t.t.t.t.t.t.t.t.t.t.t.t.t.t.t.t.t.t.t.t.t.t.t.t.t.t.t.t.
3015,RafrGEPAiQg,RafrGEPAiQg_9VsDZikDkKI,DYyCNEBEeOw_hs-cwlm6UPA,DYyCNEBEeOw,full,2,It's a hip-hop track with electronic,It's a hip-hop track with electronic and rock influences.,audio-supported,audio,0,,1,E0_clause_split_artifact,斷句碎片（標註流程假影）,parent_audio-supported,"母句可歸屬，unsupported 係 split_claims 於 and/, 處切斷所致",electronic;hip-hop;rock,partially_supported,electronic;hip-hop,rock,,not_applicable,1,0,"Certainly! I suggest checking out 'freestyle Kickass Riddim' by BIGA RANX. It's a hip-hop track with electronic and rock influences. The song has a fast-paced beat and a male vocal, which aligns well with the energetic and powerful vibe you're looking for."
3015,RafrGEPAiQg,RafrGEPAiQg_9VsDZikDkKI,DYyCNEBEeOw_hs-cwlm6UPA,DYyCNEBEeOw,wo_video,2,It's a track with a hip-hop,"It's a track with a hip-hop and electronic sound, similar to the style you mentioned.",audio-supported,audio,0,,1,E0_clause_split_artifact,斷句碎片（標註流程假影）,parent_audio-supported,"母句可歸屬，unsupported 係 split_claims 於 and/, 處切斷所致",electronic;hip-hop,supported,electronic;hip-hop,,,not_applicable,1,0,"Sure! How about 'Freestyle Kickass Riddim' by BIGA RANX? It's a track with a hip-hop and electronic sound, similar to the style you mentioned. Although I don't have much information about this specific track, it aligns with the genre you're looking for."
3015,RafrGEPAiQg,RafrGEPAiQg_9VsDZikDkKI,DYyCNEBEeOw_hs-cwlm6UPA,DYyCNEBEeOw,wo_audio_all,2,How about 'freestyle Kickass Riddim'?,How about 'freestyle Kickass Riddim'?,unsupported,unknown,0,,0,E6_likely_hallucination,可能幻覺,named_entity_absent_from_all_evidence,引號名稱 ['freestyle Kickass Riddim'] 未見於管線內證據與外部 metadata；屬具體可查證卻查無支持者，列為可能幻覺並送人工複核,,not_applicable,,,freestyle Kickass Riddim,not_found,1,1,"I understand your preference. How about 'freestyle Kickass Riddim'? Although I don't have specific information about this track, I can recommend 'Freestyle Kickass Riddim' by BIGA RANX. It's a hip-hop and electronic track with elements of rock, pop, and indie influences. It has a fast-paced and techno sound, which aligns well with the style you're looking for."
3015,RafrGEPAiQg,RafrGEPAiQg_9VsDZikDkKI,DYyCNEBEeOw_hs-cwlm6UPA,DYyCNEBEeOw,wo_audio_all,4,"electronic track with elements of rock, pop","It's a hip-hop and electronic track with elements of rock, pop, and indie influences.",audio-supported,audio,0,,1,E0_clause_split_artifact,斷句碎片（標註流程假影）,parent_audio-supported,"母句可歸屬，unsupported 係 split_claims 於 and/, 處切斷所致",electronic;hip-hop;indie;pop;rock,partially_supported,electronic;hip-hop,indie;pop;rock,,not_applicable,1,0,"I understand your preference. How about 'freestyle Kickass Riddim'? Although I don't have specific information about this track, I can recommend 'Freestyle Kickass Riddim' by BIGA RANX. It's a hip-hop and electronic track with elements of rock, pop, and indie influences. It has a fast-paced and techno sound, which aligns well with the style you're looking for."
3015,RafrGEPAiQg,RafrGEPAiQg_9VsDZikDkKI,DYyCNEBEeOw_hs-cwlm6UPA,DYyCNEBEeOw,wo_prompt,6,dynamic touch to your video.,"The song has a fast-paced beat and male vocals, which could add an energetic and dynamic touch to your video.",video-supported,video,0,,0,E0_clause_split_artifact,斷句碎片（標註流程假影）,parent_video-supported,"母句可歸屬，unsupported 係 split_claims 於 and/, 處切斷所致",,not_applicable,,,,not_applicable,1,0,"I recommend 'Sway' by asher D durty Goodz. It's a track from their album 'Sway' and combines elements of Hip-Hop, electronic, rock, and dance. The song has a fast-paced beat and male vocals, which could add an energetic and dynamic touch to your video."
3015,RafrGEPAiQg,RafrGEPAiQg_9VsDZikDkKI,DYyCNEBEeOw_hs-cwlm6UPA,DYyCNEBEeOw,wo_ltp,1,<EMPTY_GENERATION>,<EMPTY_GENERATION>,unsupported,unknown,1,type_token_ratio=0.14,0,E7_degenerate_generation,生成崩潰（退化輸出）,degenerate_output,整段生成為退化輸出（type_token_ratio=0.14），此時的 unsupported 反映生成崩潰而非主張缺乏證據,,not_applicable,,,,not_applicable,1,0,. and. I's. I's. I's. I's. I's. I's. I's. I's. I's. I's. I's. I's. I's. I's. I's. I's. I's. I's. I's. I's. I's. I's. I's. I's. I's.t's.t's.t's's's't's's't's
3021,oCV9U-tP7Iw,oCV9U-tP7Iw_Pl2pBVt4mh0,oCV9U-tP7Iw_Pl2pBVt4mh0,oCV9U-tP7Iw,full,5,It has a catchy,It has a catchy and melodic sound that could be a great fit for your video.,audio-supported,audio,0,,1,E0_clause_split_artifact,斷句碎片（標註流程假影）,parent_audio-supported,"母句可歸屬，unsupported 係 split_claims 於 and/, 處切斷所致",,not_applicable,,,,not_applicable,1,0,"Allow me to recommend 'Kamusta Ka Na' by Hustle One. It's a track from their album 'Kamusta Ka Na'. The song combines elements of R&B, pop, and soul with female vocals. It has a catchy and melodic sound that could be a great fit for your video."
3021,oCV9U-tP7Iw,oCV9U-tP7Iw_Pl2pBVt4mh0,oCV9U-tP7Iw_Pl2pBVt4mh0,oCV9U-tP7Iw,wo_video,2,This track has a soulful,This track has a soulful and R&B sound with female vocals.,audio-supported,audio,0,,1,E0_clause_split_artifact,斷句碎片（標註流程假影）,parent_audio-supported,"母句可歸屬，unsupported 係 split_claims 於 and/, 處切斷所致",r&b,supported,r&b,,,not_applicable,1,0,"In that case, I would recommend 'Kamusta Ka Na by Hustle One'. This track has a soulful and R&B sound with female vocals. It's a perfect fit for your video."
3021,oCV9U-tP7Iw,oCV9U-tP7Iw_Pl2pBVt4mh0,oCV9U-tP7Iw_Pl2pBVt4mh0,oCV9U-tP7Iw,wo_audio_feature_only,2,"It's a track that has a mix of electronic, Hip-Hop","It's a track that has a mix of electronic, Hip-Hop, and dance genres.",audio-supported,audio,0,,1,E0_clause_split_artifact,斷句碎片（標註流程假影）,parent_audio-supported,"母句可歸屬，unsupported 係 split_claims 於 and/, 處切斷所致",dance;electronic;hip-hop,not_found,,dance;electronic;hip-hop,,not_applicable,1,0,"In that case, I would recommend 'Kamusta' by Hustle One. It's a track that has a mix of electronic, Hip-Hop, and dance genres. Although I don't have much information about this specific track, it aligns with your preferences for a mix of electronic, Hip-Hop, and dance genres. It may contain elements of electronic, Hip-Hop, and dance genres that could be a fitting choice for your video."
3021,oCV9U-tP7Iw,oCV9U-tP7Iw_Pl2pBVt4mh0,oCV9U-tP7Iw_Pl2pBVt4mh0,oCV9U-tP7Iw,wo_audio_feature_only,4,"It may contain elements of electronic, Hip-Hop","It may contain elements of electronic, Hip-Hop, and dance genres that could be a fitting choice for your video.",audio-supported,audio,0,,1,E0_clause_split_artifact,斷句碎片（標註流程假影）,parent_audio-supported,"母句可歸屬，unsupported 係 split_claims 於 and/, 處切斷所致",dance;electronic;hip-hop,not_found,,dance;electronic;hip-hop,,not_applicable,1,0,"In that case, I would recommend 'Kamusta' by Hustle One. It's a track that has a mix of electronic, Hip-Hop, and dance genres. Although I don't have much information about this specific track, it aligns with your preferences for a mix of electronic, Hip-Hop, and dance genres. It may contain elements of electronic, Hip-Hop, and dance genres that could be a fitting choice for your video."
3021,oCV9U-tP7Iw,oCV9U-tP7Iw_Pl2pBVt4mh0,oCV9U-tP7Iw_Pl2pBVt4mh0,oCV9U-tP7Iw,wo_audio_all,2,This track has a strong R&B,"This track has a strong R&B and soul vibe, with elements of Hip-Hop, electronic, dance, pop, and electronica.",unsupported,unknown,0,,1,E2_metadata_unsupported,音樂元資料不支持,genre_partially_supported,"部分曲風查無支持：['dance', 'electronic', 'hip-hop']（musicnn 標籤有雜訊，查無支持不等於事實錯誤）",dance;electronic;hip-hop;pop;r&b;soul,partially_supported,pop;r&b;soul,dance;electronic;hip-hop,,not_applicable,1,1,"In that case, I would recommend 'Love Me Like I Love You' by 14K. This track has a strong R&B and soul vibe, with elements of Hip-Hop, electronic, dance, pop, and electronica. It also features female vocals, which aligns with your preferences. It's a great choice for your video."
3021,oCV9U-tP7Iw,oCV9U-tP7Iw_Pl2pBVt4mh0,oCV9U-tP7Iw_Pl2pBVt4mh0,oCV9U-tP7Iw,wo_audio_all,3,"soul vibe, with elements of Hip-Hop, electronic, dance, pop","This track has a strong R&B and soul vibe, with elements of Hip-Hop, electronic, dance, pop, and electronica.",unsupported,unknown,0,,1,E2_metadata_unsupported,音樂元資料不支持,genre_partially_supported,"部分曲風查無支持：['dance', 'electronic', 'hip-hop']（musicnn 標籤有雜訊，查無支持不等於事實錯誤）",dance;electronic;hip-hop;pop;r&b;soul,partially_supported,pop;r&b;soul,dance;electronic;hip-hop,,not_applicable,1,1,"In that case, I would recommend 'Love Me Like I Love You' by 14K. This track has a strong R&B and soul vibe, with elements of Hip-Hop, electronic, dance, pop, and electronica. It also features female vocals, which aligns with your preferences. It's a great choice for your video."
3021,oCV9U-tP7Iw,oCV9U-tP7Iw_Pl2pBVt4mh0,oCV9U-tP7Iw_Pl2pBVt4mh0,oCV9U-tP7Iw,wo_ltp,1,is is is is is is.,is is is is is is.,unsupported,unknown,1,type_token_ratio=0.03,0,E7_degenerate_generation,生成崩潰（退化輸出）,degenerate_output,整段生成為退化輸出（type_token_ratio=0.03），此時的 unsupported 反映生成崩潰而非主張缺乏證據,,not_applicable,,,,not_applicable,1,0,. is is is is is is. this is is. is is. is is. this is. is. this is. is. is. this is. this is. this is. this is. this is. this is. this is. this. this. this. this. this. this. this. this. this. this. this is that this. this. this is that this. that this. that this that that this that that this that that that that that that that that that that that that that that that that that that that that that that that that that that that that that that that that that that
3021,oCV9U-tP7Iw,oCV9U-tP7Iw_Pl2pBVt4mh0,oCV9U-tP7Iw_Pl2pBVt4mh0,oCV9U-tP7Iw,wo_ltp,2,this is that this.,this is that this.,unsupported,unknown,1,type_token_ratio=0.03,0,E7_degenerate_generation,生成崩潰（退化輸出）,degenerate_output,整段生成為退化輸出（type_token_ratio=0.03），此時的 unsupported 反映生成崩潰而非主張缺乏證據,,not_applicable,,,,not_applicable,1,0,. is is is is is is. this is is. is is. is is. this is. is. this is. is. is. this is. this is. this is. this is. this is. this is. this is. this. this. this. this. this. this. this. this. this. this. this is that this. this. this is that this. that this. that this that that this that that this that that that that that that that that that that that that that that that that that that that that that that that that that that that that that that that that that that
3021,oCV9U-tP7Iw,oCV9U-tP7Iw_Pl2pBVt4mh0,oCV9U-tP7Iw_Pl2pBVt4mh0,oCV9U-tP7Iw,wo_ltp,3,this is that this.,this is that this.,unsupported,unknown,1,type_token_ratio=0.03,0,E7_degenerate_generation,生成崩潰（退化輸出）,degenerate_output,整段生成為退化輸出（type_token_ratio=0.03），此時的 unsupported 反映生成崩潰而非主張缺乏證據,,not_applicable,,,,not_applicable,1,0,. is is is is is is. this is is. is is. is is. this is. is. this is. is. is. this is. this is. this is. this is. this is. this is. this is. this. this. this. this. this. this. this. this. this. this. this is that this. this. this is that this. that this. that this that that this that that this that that that that that that that that that that that that that that that that that that that that that that that that that that that that that that that that that that
3021,oCV9U-tP7Iw,oCV9U-tP7Iw_Pl2pBVt4mh0,oCV9U-tP7Iw_Pl2pBVt4mh0,oCV9U-tP7Iw,wo_ltp,4,that this that that this that that this that that that that that that that that that that that that that that that that that that that that that that that that that that that that that that that that that that,that this that that this that that this that that that that that that that that that that that that that that that that that that that that that that that that that that that that that that that that that that,unsupported,unknown,1,type_token_ratio=0.03,0,E7_degenerate_generation,生成崩潰（退化輸出）,degenerate_output,整段生成為退化輸出（type_token_ratio=0.03），此時的 unsupported 反映生成崩潰而非主張缺乏證據,,not_applicable,,,,not_applicable,1,0,. is is is is is is. this is is. is is. is is. this is. is. this is. is. is. this is. this is. this is. this is. this is. this is. this is. this. this. this. this. this. this. this. this. this. this. this is that this. this. this is that this. that this. that this that that this that that this that that that that that that that that that that that that that that that that that that that that that that that that that that that that that that that that that that
3030,7dfx1xqgGMc,7dfx1xqgGMc_Vs_1IMX3GLE,v2KsttElBEU_kzEKUKDPWUs,v2KsttElBEU,full,2,It's a pop track with electronic,It's a pop track with electronic and rock elements.,unsupported,unknown,0,,1,E0b_rule_miss_verified,規則漏判但有證據支持,genre_claim_verified_by_tags,曲風敘述可由 musicnn 標籤／參考文本支持；v2 因 GENRE_TERMS 需搭配 anchor 詞才計為 audio 而漏判,electronic;pop;rock,supported,electronic;pop;rock,,,not_applicable,1,0,Allow me to recommend 'Counting Stars' by OneRepublic. It's a pop track with electronic and rock elements. The song features female vocals and has a techno influence. It could be a fitting choice for your video.
3030,7dfx1xqgGMc,7dfx1xqgGMc_Vs_1IMX3GLE,v2KsttElBEU_kzEKUKDPWUs,v2KsttElBEU,wo_video,2,It's a pop track with electronic,It's a pop track with electronic and techno influences.,audio-supported,audio,0,,1,E0_clause_split_artifact,斷句碎片（標註流程假影）,parent_audio-supported,"母句可歸屬，unsupported 係 split_claims 於 and/, 處切斷所致",electronic;pop,supported,electronic;pop,,,not_applicable,1,0,"Allow me to recommend 'Counting Stars' by Chrissy. It's a pop track with electronic and techno influences. Although there is no specific information about the album, artists, or track name, it aligns well with your preferences for pop, female vocalists, and techno elements."
3030,7dfx1xqgGMc,7dfx1xqgGMc_Vs_1IMX3GLE,v2KsttElBEU_kzEKUKDPWUs,v2KsttElBEU,wo_audio_feature_only,6,It also incorporates elements of rock,"It also incorporates elements of rock and techno influences, which could be a fitting choice for your video.",audio-supported,audio,0,,1,E0_clause_split_artifact,斷句碎片（標註流程假影）,parent_audio-supported,"母句可歸屬，unsupported 係 split_claims 於 and/, 處切斷所致",rock,supported,rock,,,not_applicable,1,0,"In that case, I would like to recommend 'The Vampire Diaries' by The Vamps. It's a track that combines elements of pop, rock, and electronic music with female vocalists and techno influences. It has a fast-paced and loud sound with a mix of pop and electronic genres. It also incorporates elements of rock and techno influences, which could be a fitting choice for your video."
3030,7dfx1xqgGMc,7dfx1xqgGMc_Vs_1IMX3GLE,v2KsttElBEU_kzEKUKDPWUs,v2KsttElBEU,wo_prompt,2,This track has a pop,This track has a pop and electronic sound with female vocals.,audio-supported,audio,0,,1,E0_clause_split_artifact,斷句碎片（標註流程假影）,parent_audio-supported,"母句可歸屬，unsupported 係 split_claims 於 and/, 處切斷所致",electronic;pop,supported,electronic;pop,,,not_applicable,1,0,"In that case, I would recommend 'Counting Stars' by OneRepublic. This track has a pop and electronic sound with female vocals. It would be a great fit for your video."
3030,7dfx1xqgGMc,7dfx1xqgGMc_Vs_1IMX3GLE,v2KsttElBEU_kzEKUKDPWUs,v2KsttElBEU,wo_ltp,1,this is that is that was that for that.,this is that is that was that for that.,unsupported,unknown,1,type_token_ratio=0.04,0,E7_degenerate_generation,生成崩潰（退化輸出）,degenerate_output,整段生成為退化輸出（type_token_ratio=0.04），此時的 unsupported 反映生成崩潰而非主張缺乏證據,,not_applicable,,,,not_applicable,1,0,this is that is that was that for that. that. that. that. that? that that. that? that? that that? that? that that that that that that that that that that that that that that that that that that that that that that that that that that that that that that that that that that that that that that that that that that that that that that that that that that that that that that that that that that that that that that that that that that that that that that that that that that that that that that that that that that that that that that that that that that that that that that that that that that
3030,7dfx1xqgGMc,7dfx1xqgGMc_Vs_1IMX3GLE,v2KsttElBEU_kzEKUKDPWUs,v2KsttElBEU,wo_ltp,2,that that that that that that that that that that that that that that that that that that that that that that that that that that that that that that that that that that that that that that that that that that that that that that that that that that that that that that that that that that that that that that that that that that that that that that that that that that that that that that that that that that that that that that that that that that that that that that that that that that,that that that that that that that that that that that that that that that that that that that that that that that that that that that that that that that that that that that that that that that that that that that that that that that that that that that that that that that that that that that that that that that that that that that that that that that that that that that that that that that that that that that that that that that that that that that that that that that that that that,unsupported,unknown,1,type_token_ratio=0.04,0,E7_degenerate_generation,生成崩潰（退化輸出）,degenerate_output,整段生成為退化輸出（type_token_ratio=0.04），此時的 unsupported 反映生成崩潰而非主張缺乏證據,,not_applicable,,,,not_applicable,1,0,this is that is that was that for that. that. that. that. that? that that. that? that? that that? that? that that that that that that that that that that that that that that that that that that that that that that that that that that that that that that that that that that that that that that that that that that that that that that that that that that that that that that that that that that that that that that that that that that that that that that that that that that that that that that that that that that that that that that that that that that that that that that that that that that
3048,LAzK2fmfNoU,LAzK2fmfNoU_M5qG-NBjRck,LAzK2fmfNoU_M5qG-NBjRck,LAzK2fmfNoU,wo_video,2,It's an electronic track with elements of house,It's an electronic track with elements of house and electronica.,unsupported,unknown,0,,1,E0b_rule_miss_verified,規則漏判但有證據支持,genre_claim_verified_by_tags,曲風敘述可由 musicnn 標籤／參考文本支持；v2 因 GENRE_TERMS 需搭配 anchor 詞才計為 audio 而漏判,electronic;house,supported,electronic;house,,,not_applicable,1,0,"Allow me to recommend 'No Way Home' by Richard Durand. It's an electronic track with elements of house and electronica. Although I don't have much information about this track, it aligns well with your preferences and could be a fitting choice for your video."
3048,LAzK2fmfNoU,LAzK2fmfNoU_M5qG-NBjRck,LAzK2fmfNoU_M5qG-NBjRck,LAzK2fmfNoU,wo_audio_all,2,It's an electronic track with a mix of house,It's an electronic track with a mix of house and electronica elements.,unsupported,unknown,0,,1,E0b_rule_miss_verified,規則漏判但有證據支持,genre_claim_verified_by_tags,曲風敘述可由 musicnn 標籤／參考文本支持；v2 因 GENRE_TERMS 需搭配 anchor 詞才計為 audio 而漏判,electronic;house,supported,electronic;house,,,not_applicable,1,0,"I understand that you might consider using 'House Music' by The Wanted. It's an electronic track with a mix of house and electronica elements. Although I don't have much information about this track, it aligns with your preferences for electronic and dance music."
3048,LAzK2fmfNoU,LAzK2fmfNoU_M5qG-NBjRck,LAzK2fmfNoU_M5qG-NBjRck,LAzK2fmfNoU,wo_prompt,4,It has a catchy,It has a catchy and energetic vibe that would be perfect for your video.,audio-supported,audio,0,,1,E0_clause_split_artifact,斷句碎片（標註流程假影）,parent_audio-supported,"母句可歸屬，unsupported 係 split_claims 於 and/, 處切斷所致",,not_applicable,,,,not_applicable,1,0,"In that case, I recommend 'No Way Home' by Richard Durand. This track is from the album 'No Way Home' and offers a blend of electronic, dance, and pop genres. It has a catchy and energetic vibe that would be perfect for your video."
3048,LAzK2fmfNoU,LAzK2fmfNoU_M5qG-NBjRck,LAzK2fmfNoU_M5qG-NBjRck,LAzK2fmfNoU,wo_ltp,1,"and, and, and, and, and, and, and, and, and, and, and, and, and, and, and, and, and, and, and, and, and, and, and, and, and, and, and, and, and, and, and, and, and, and, and, and, and, and, and, and, and, and, and, and, and, and, and, and, and, and, and, and, and, and, and, and, and, and, and, and, and, and, and, and",", and, and, and, and, and, and, and, and, and, and, and, and, and, and, and, and, and, and, and, and, and, and, and, and, and, and, and, and, and, and, and, and, and, and, and, and, and, and, and, and, and, and, and, and, and, and, and, and, and, and, and, and, and, and, and, and, and, and, and, and, and, and, and, and",unsupported,unknown,1,type_token_ratio=0.02,0,E7_degenerate_generation,生成崩潰（退化輸出）,degenerate_output,整段生成為退化輸出（type_token_ratio=0.02），此時的 unsupported 反映生成崩潰而非主張缺乏證據,,not_applicable,,,,not_applicable,1,0,", and, and, and, and, and, and, and, and, and, and, and, and, and, and, and, and, and, and, and, and, and, and, and, and, and, and, and, and, and, and, and, and, and, and, and, and, and, and, and, and, and, and, and, and, and, and, and, and, and, and, and, and, and, and, and, and, and, and, and, and, and, and, and, and"
3052,3fFKAJXuLEM,3fFKAJXuLEM_emMlEvTKAN8,3fFKAJXuLEM_emMlEvTKAN8,3fFKAJXuLEM,full,2,It's a track that combines hip-hop,It's a track that combines hip-hop and spoken word elements.,unsupported,unknown,0,,1,E0b_rule_miss_verified,規則漏判但有證據支持,genre_claim_verified_by_tags,曲風敘述可由 musicnn 標籤／參考文本支持；v2 因 GENRE_TERMS 需搭配 anchor 詞才計為 audio 而漏判,hip-hop,supported,hip-hop,,,not_applicable,1,0,"I suggest checking out 'SO FAR AWAY' by PIT featuring BIG FITZ DA POET. It's a track that combines hip-hop and spoken word elements. The song has a soulful and introspective vibe, which could add a unique touch to your video."
3052,3fFKAJXuLEM,3fFKAJXuLEM_emMlEvTKAN8,3fFKAJXuLEM_emMlEvTKAN8,3fFKAJXuLEM,full,3,The song has a soulful,"The song has a soulful and introspective vibe, which could add a unique touch to your video.",unsupported,unknown,0,,1,E4_vague_generic,一般性空泛描述／主觀陳述,subjective_statement,泛用效用或主觀陳述，本質上不具可驗證性,,not_applicable,,,,not_applicable,1,0,"I suggest checking out 'SO FAR AWAY' by PIT featuring BIG FITZ DA POET. It's a track that combines hip-hop and spoken word elements. The song has a soulful and introspective vibe, which could add a unique touch to your video."
3052,3fFKAJXuLEM,3fFKAJXuLEM_emMlEvTKAN8,3fFKAJXuLEM_emMlEvTKAN8,3fFKAJXuLEM,full,4,"introspective vibe, which could add a unique touch to your video.","The song has a soulful and introspective vibe, which could add a unique touch to your video.",unsupported,unknown,0,,0,E4_vague_generic,一般性空泛描述／主觀陳述,subjective_statement,泛用效用或主觀陳述，本質上不具可驗證性,,not_applicable,,,,not_applicable,1,0,"I suggest checking out 'SO FAR AWAY' by PIT featuring BIG FITZ DA POET. It's a track that combines hip-hop and spoken word elements. The song has a soulful and introspective vibe, which could add a unique touch to your video."
3052,3fFKAJXuLEM,3fFKAJXuLEM_emMlEvTKAN8,3fFKAJXuLEM_emMlEvTKAN8,3fFKAJXuLEM,wo_video,2,It's a track that combines hip-hop,It's a track that combines hip-hop and spoken word elements.,unsupported,unknown,0,,1,E0b_rule_miss_verified,規則漏判但有證據支持,genre_claim_verified_by_tags,曲風敘述可由 musicnn 標籤／參考文本支持；v2 因 GENRE_TERMS 需搭配 anchor 詞才計為 audio 而漏判,hip-hop,supported,hip-hop,,,not_applicable,1,0,"I recommend 'The 100th Day' by PIT featuring BIG FITZ DA POET. It's a track that combines hip-hop and spoken word elements. The song was released in 2012 and has a unique blend of genres like hip-hop, rock, and electronic. It could be a fitting choice for your video."
3052,3fFKAJXuLEM,3fFKAJXuLEM_emMlEvTKAN8,3fFKAJXuLEM_emMlEvTKAN8,3fFKAJXuLEM,wo_audio_all,3,"Although I don't have much information about this specific track, it aligns with the hip-hop","Although I don't have much information about this specific track, it aligns with the hip-hop and spoken word elements you're looking for.",prompt-supported,prompt,0,,1,E0_clause_split_artifact,斷句碎片（標註流程假影）,parent_prompt-supported,"母句可歸屬，unsupported 係 split_claims 於 and/, 處切斷所致",hip-hop,supported,hip-hop,,,not_applicable,1,0,"I suggest checking out 'Hip Hop' by T.I. It's a track that combines elements of hip-hop and spoken word. Although I don't have much information about this specific track, it aligns with the hip-hop and spoken word elements you're looking for."
3052,3fFKAJXuLEM,3fFKAJXuLEM_emMlEvTKAN8,3fFKAJXuLEM_emMlEvTKAN8,3fFKAJXuLEM,wo_prompt,4,The song has a unique blend of genres,The song has a unique blend of genres and features male vocals.,audio-supported,audio,0,,1,E0_clause_split_artifact,斷句碎片（標註流程假影）,parent_audio-supported,"母句可歸屬，unsupported 係 split_claims 於 and/, 處切斷所致",,not_applicable,,,,not_applicable,1,0,"I recommend 'SO FAR AWAY' by PIT featuring BIG FITZ DA POET. It's a track from the album 'SO FAR AWAY' and combines elements of Hip-Hop, electronic, rock, and indie. The song has a unique blend of genres and features male vocals. It was released in 2013 and has a distinctive sound that could add a unique touch to your video."
3052,3fFKAJXuLEM,3fFKAJXuLEM_emMlEvTKAN8,3fFKAJXuLEM_emMlEvTKAN8,3fFKAJXuLEM,wo_ltp,1,<EMPTY_GENERATION>,<EMPTY_GENERATION>,unsupported,unknown,1,type_token_ratio=0.02,0,E7_degenerate_generation,生成崩潰（退化輸出）,degenerate_output,整段生成為退化輸出（type_token_ratio=0.02），此時的 unsupported 反映生成崩潰而非主張缺乏證據,,not_applicable,,,,not_applicable,1,0,s.s.s.s.s.s.s.s.s.s.s.s.s.s.s.s.s.s.s.s.s.s.s.s.s.s.s.s.s.s.s.s.s.s.s.s.s.s.s.s.s.s.s.s.s.s.s.s.s.s.s.s.s.s.s.s.s.s.s.s.s.s.s.s.
3059,ReWzeILttoY,ReWzeILttoY_UKzkpkHNeN0,i-yWEa6uMDg_Mz8Ecb_Pd7o,i-yWEa6uMDg,wo_video,2,dance track with electronic,It's a pop and dance track with electronic and rock influences.,audio-supported,audio,0,,1,E0_clause_split_artifact,斷句碎片（標註流程假影）,parent_audio-supported,"母句可歸屬，unsupported 係 split_claims 於 and/, 處切斷所致",dance;electronic;pop;rock,supported,dance;electronic;pop;rock,,,not_applicable,1,0,"Allow me to recommend 'Violetta' by Violetta. It's a pop and dance track with electronic and rock influences. Although there is no specific information about the album, artists, or track name, it aligns well with the pop and dance style you're looking for. It may also have some rock elements and female vocalists."
3059,ReWzeILttoY,ReWzeILttoY_UKzkpkHNeN0,i-yWEa6uMDg_Mz8Ecb_Pd7o,i-yWEa6uMDg,wo_video,5,It may also have some rock elements,It may also have some rock elements and female vocalists.,audio-supported,audio,0,,1,E0_clause_split_artifact,斷句碎片（標註流程假影）,parent_audio-supported,"母句可歸屬，unsupported 係 split_claims 於 and/, 處切斷所致",rock,supported,rock,,,not_applicable,1,0,"Allow me to recommend 'Violetta' by Violetta. It's a pop and dance track with electronic and rock influences. Although there is no specific information about the album, artists, or track name, it aligns well with the pop and dance style you're looking for. It may also have some rock elements and female vocalists."
3059,ReWzeILttoY,ReWzeILttoY_UKzkpkHNeN0,i-yWEa6uMDg_Mz8Ecb_Pd7o,i-yWEa6uMDg,wo_audio_feature_only,4,It has a mix of pop,It has a mix of pop and dance elements that could be a fitting choice for your video.,general-supported,general,0,,1,E0_clause_split_artifact,斷句碎片（標註流程假影）,parent_general-supported,"母句可歸屬，unsupported 係 split_claims 於 and/, 處切斷所致",dance;pop,supported,dance;pop,,,not_applicable,1,0,"In that case, I recommend 'Violetta's Pop and Dance Style'. It's a track that combines elements of pop and dance with a female vocalist. It has a mix of pop and dance elements that could be a fitting choice for your video."
3059,ReWzeILttoY,ReWzeILttoY_UKzkpkHNeN0,i-yWEa6uMDg_Mz8Ecb_Pd7o,i-yWEa6uMDg,wo_audio_all,2,dance track with electronic,It's a pop and dance track with electronic and techno elements.,audio-supported,audio,0,,1,E0_clause_split_artifact,斷句碎片（標註流程假影）,parent_audio-supported,"母句可歸屬，unsupported 係 split_claims 於 and/, 處切斷所致",dance;electronic;pop,supported,dance;electronic;pop,,,not_applicable,1,0,"Allow me to recommend 'Violetta' by Violetta. It's a pop and dance track with electronic and techno elements. Although I don't have much information about this track, it's likely to have the pop and dance style you're looking for, as well as female vocalists."
3059,ReWzeILttoY,ReWzeILttoY_UKzkpkHNeN0,i-yWEa6uMDg_Mz8Ecb_Pd7o,i-yWEa6uMDg,wo_audio_all,3,"Although I don't have much information about this track, it's likely to have the pop","Although I don't have much information about this track, it's likely to have the pop and dance style you're looking for, as well as female vocalists.",prompt-supported,prompt,0,,1,E0_clause_split_artifact,斷句碎片（標註流程假影）,parent_prompt-supported,"母句可歸屬，unsupported 係 split_claims 於 and/, 處切斷所致",dance;pop,supported,dance;pop,,,not_applicable,1,0,"Allow me to recommend 'Violetta' by Violetta. It's a pop and dance track with electronic and techno elements. Although I don't have much information about this track, it's likely to have the pop and dance style you're looking for, as well as female vocalists."
3059,ReWzeILttoY,ReWzeILttoY_UKzkpkHNeN0,i-yWEa6uMDg_Mz8Ecb_Pd7o,i-yWEa6uMDg,wo_prompt,5,It has a catchy,It has a catchy and energetic vibe that could be a great fit for your video.,audio-supported,audio,0,,1,E0_clause_split_artifact,斷句碎片（標註流程假影）,parent_audio-supported,"母句可歸屬，unsupported 係 split_claims 於 and/, 處切斷所致",,not_applicable,,,,not_applicable,1,0,"I recommend 'O Lo Haces Tú O Lo Hago Yo' by Dulce María. It's a track from her album 'O Lo Haces Tú O Lo Hago Yo'. The song combines elements of pop, rock, and electronic music, with female vocals. It has a catchy and energetic vibe that could be a great fit for your video."
3059,ReWzeILttoY,ReWzeILttoY_UKzkpkHNeN0,i-yWEa6uMDg_Mz8Ecb_Pd7o,i-yWEa6uMDg,wo_ltp,1,<EMPTY_GENERATION>,<EMPTY_GENERATION>,unsupported,unknown,1,too_few_tokens=0,0,E7_degenerate_generation,生成崩潰（退化輸出）,degenerate_output,整段生成為退化輸出（too_few_tokens=0），此時的 unsupported 反映生成崩潰而非主張缺乏證據,,not_applicable,,,,not_applicable,1,0,????????????????????????????????????????????????????????????????????????????????????????????????????????????????????????????????
3094,w_TlhlzrpTs,w_TlhlzrpTs_6sbXqAdkiFM,H2pjord3Ueg_aCmZWeBtTDs,H2pjord3Ueg,wo_ltp,1,was was was was to was was to was was to was to was to was was to was to was to was to was to was to was that was.,was was was was to was was to was was to was to was to was was to was to was to was to was to was to was that was.,unsupported,unknown,1,type_token_ratio=0.05,0,E7_degenerate_generation,生成崩潰（退化輸出）,degenerate_output,整段生成為退化輸出（type_token_ratio=0.05），此時的 unsupported 反映生成崩潰而非主張缺乏證據,,not_applicable,,,,not_applicable,1,0,.. is. is is. is. is is is. is is. is is is. and was. is. and was. and was was. was was. was was was. and was was. was. and was. was. was. and was was. was. was. was. was. was. was. was was. was. was. was. was was. was was. was was was was to was was to was was to was to was to was was to was to was to was to was to was to was that was. that was was that was that was to was to to to to
3094,w_TlhlzrpTs,w_TlhlzrpTs_6sbXqAdkiFM,H2pjord3Ueg_aCmZWeBtTDs,H2pjord3Ueg,wo_ltp,2,that was was that was that was to was to to to to,that was was that was that was to was to to to to,unsupported,unknown,1,type_token_ratio=0.05,0,E7_degenerate_generation,生成崩潰（退化輸出）,degenerate_output,整段生成為退化輸出（type_token_ratio=0.05），此時的 unsupported 反映生成崩潰而非主張缺乏證據,,not_applicable,,,,not_applicable,1,0,.. is. is is. is. is is is. is is. is is is. and was. is. and was. and was was. was was. was was was. and was was. was. and was. was. was. and was was. was. was. was. was. was. was. was was. was. was. was. was was. was was. was was was was to was was to was was to was to was to was was to was to was to was to was to was to was that was. that was was that was that was to was to to to to
3106,Yifg3RyrEso,Yifg3RyrEso_VhieV6GXfNY,UhovZ7DbiFA_SwZOZBJDMUU,UhovZ7DbiFA,wo_video,4,It has a unique,It has a unique and distinctive style that could be a fitting choice for your video.,general-supported,general,0,,1,E0_clause_split_artifact,斷句碎片（標註流程假影）,parent_general-supported,"母句可歸屬，unsupported 係 split_claims 於 and/, 處切斷所致",,not_applicable,,,,not_applicable,1,0,"Allow me to recommend 'Daveed Diggs - The Way I Feel'. It's a track by Daveed Diggs that combines elements of hip-hop, electronic, and rock with male vocals. It has a unique and distinctive style that could be a fitting choice for your video."
3106,Yifg3RyrEso,Yifg3RyrEso_VhieV6GXfNY,UhovZ7DbiFA_SwZOZBJDMUU,UhovZ7DbiFA,wo_audio_feature_only,3,"Although I don't have specific information about this track, it aligns with Daveed Diggs' style","Although I don't have specific information about this track, it aligns with Daveed Diggs' style and could be a fitting choice for your video.",general-supported,general,0,,1,E0_clause_split_artifact,斷句碎片（標註流程假影）,parent_general-supported,"母句可歸屬，unsupported 係 split_claims 於 and/, 處切斷所致",,not_applicable,,,,not_applicable,1,0,"Allow me to recommend 'Daveed Diggs' by Daveed Diggs. It's a track from Daveed Diggs' that combines elements of hip-hop, electronic, and male vocals. Although I don't have specific information about this track, it aligns with Daveed Diggs' style and could be a fitting choice for your video."
3106,Yifg3RyrEso,Yifg3RyrEso_VhieV6GXfNY,UhovZ7DbiFA_SwZOZBJDMUU,UhovZ7DbiFA,wo_prompt,4,It has a unique,It has a unique and experimental sound that could add an interesting touch to your video.,audio-supported,audio,0,,1,E0_clause_split_artifact,斷句碎片（標註流程假影）,parent_audio-supported,"母句可歸屬，unsupported 係 split_claims 於 and/, 處切斷所致",,not_applicable,,,,not_applicable,1,0,"I recommend 'Autographs' by Reks. It's a track from his album 'Autographs'. The song combines elements of Hip-Hop, electronic, rock, and indie genres. It has a unique and experimental sound that could add an interesting touch to your video."
3106,Yifg3RyrEso,Yifg3RyrEso_VhieV6GXfNY,UhovZ7DbiFA_SwZOZBJDMUU,UhovZ7DbiFA,wo_ltp,1,<EMPTY_GENERATION>,<EMPTY_GENERATION>,unsupported,unknown,1,type_token_ratio=0.03,0,E7_degenerate_generation,生成崩潰（退化輸出）,degenerate_output,整段生成為退化輸出（type_token_ratio=0.03），此時的 unsupported 反映生成崩潰而非主張缺乏證據,,not_applicable,,,,not_applicable,1,0,. is. is is. is. is. is. is. is. is. is. is. is. is.s.s.s.s.s.s.s.s.s.s.s.s.s.s.s.s.s.s.s.s.s.s.s.s.s.s.s.s.s.s.s.s.s.s.s.s.s.s.s.s.s.s.s.s.s.s.s.s.s.s.s.
3121,yyM7brxTe6E,yyM7brxTe6E_JaBKUH59Zwo,x_1LhS0Kico_8B2A8XD_kfc,x_1LhS0Kico,full,2,It's a hip-hop track with electronic,It's a hip-hop track with electronic and rock influences.,audio-supported,audio,0,,1,E0_clause_split_artifact,斷句碎片（標註流程假影）,parent_audio-supported,"母句可歸屬，unsupported 係 split_claims 於 and/, 處切斷所致",electronic;hip-hop;rock,supported,electronic;hip-hop;rock,,,not_applicable,1,0,Allow me to recommend 'Wake Up' by 'DUKE CITY SAINTS' featuring UNREAL. It's a hip-hop track with electronic and rock influences. The song has a male vocal and was released in 2014. It could be a fitting choice for your video.
3121,yyM7brxTe6E,yyM7brxTe6E_JaBKUH59Zwo,x_1LhS0Kico_8B2A8XD_kfc,x_1LhS0Kico,wo_audio_feature_only,2,It's a track with a hip-hop or electronic element.,It's a track with a hip-hop or electronic element.,unsupported,unknown,0,,0,E0b_rule_miss_verified,規則漏判但有證據支持,genre_claim_verified_by_tags,曲風敘述可由 musicnn 標籤／參考文本支持；v2 因 GENRE_TERMS 需搭配 anchor 詞才計為 audio 而漏判,electronic;hip-hop,supported,electronic;hip-hop,,,not_applicable,1,0,"In that case, I recommend 'Hip Hop' by MHD. It's a track with a hip-hop or electronic element. Although I don't have much information about this track, it might be a fitting choice for you."
3121,yyM7brxTe6E,yyM7brxTe6E_JaBKUH59Zwo,x_1LhS0Kico_8B2A8XD_kfc,x_1LhS0Kico,wo_audio_all,2,It's a hip-hop track with electronic elements,It's a hip-hop track with electronic elements and male vocals.,audio-supported,audio,0,,1,E0_clause_split_artifact,斷句碎片（標註流程假影）,parent_audio-supported,"母句可歸屬，unsupported 係 split_claims 於 and/, 處切斷所致",electronic;hip-hop,supported,electronic;hip-hop,,,not_applicable,1,0,"In that case, I would recommend 'Hip-Hop' by Mister V. It's a hip-hop track with electronic elements and male vocals. Although I don't have much information about this track, it aligns with your preferences for a hip-hop or electronic element."
3121,yyM7brxTe6E,yyM7brxTe6E_JaBKUH59Zwo,x_1LhS0Kico_8B2A8XD_kfc,x_1LhS0Kico,wo_prompt,6,catchy vibe to the music.,"The song has a techno and synth-focused sound, which adds an energetic and catchy vibe to the music.",audio-supported,audio,0,,0,E0_clause_split_artifact,斷句碎片（標註流程假影）,parent_audio-supported,"母句可歸屬，unsupported 係 split_claims 於 and/, 處切斷所致",,not_applicable,,,,not_applicable,1,0,"I recommend 'Wake Up' by 'DUKE CITY SAINTS' featuring UNREAL. It's a track from their album 'Wake Up' and combines elements of Hip-Hop, electronic, rock, and pop. The song has a techno and synth-focused sound, which adds an energetic and catchy vibe to the music."
3121,yyM7brxTe6E,yyM7brxTe6E_JaBKUH59Zwo,x_1LhS0Kico_8B2A8XD_kfc,x_1LhS0Kico,wo_ltp,1,<EMPTY_GENERATION>,<EMPTY_GENERATION>,unsupported,unknown,1,too_few_tokens=0,0,E7_degenerate_generation,生成崩潰（退化輸出）,degenerate_output,整段生成為退化輸出（too_few_tokens=0），此時的 unsupported 反映生成崩潰而非主張缺乏證據,,not_applicable,,,,not_applicable,1,0,".
10111
11111
111111111111111111111111111111111111111111111111111111111111111111111111111111111111111111111111111111111111111111"
3126,pDwBFbI3j8k,pDwBFbI3j8k_Uy_BogBCpp8,IX0Uq12RTu4_FlxTfaH0VA0,IX0Uq12RTu4,full,2,"This track combines electronic, Hip-Hop","This track combines electronic, Hip-Hop, and jazz elements, creating a unique and captivating sound.",audio-supported,audio,0,,1,E0_clause_split_artifact,斷句碎片（標註流程假影）,parent_audio-supported,"母句可歸屬，unsupported 係 split_claims 於 and/, 處切斷所致",electronic;hip-hop;jazz,partially_supported,electronic,hip-hop;jazz,,not_applicable,1,0,"In that case, I would recommend 'Love & Hate' by J. Cole. This track combines electronic, Hip-Hop, and jazz elements, creating a unique and captivating sound. It's part of the album 'Love & Hate' and features a blend of electronic beats, jazz-inspired melodies, and soulful vocals."
3126,pDwBFbI3j8k,pDwBFbI3j8k_Uy_BogBCpp8,IX0Uq12RTu4_FlxTfaH0VA0,IX0Uq12RTu4,full,3,"jazz elements, creating a unique","This track combines electronic, Hip-Hop, and jazz elements, creating a unique and captivating sound.",audio-supported,audio,0,,1,E0_clause_split_artifact,斷句碎片（標註流程假影）,parent_audio-supported,"母句可歸屬，unsupported 係 split_claims 於 and/, 處切斷所致",electronic;hip-hop;jazz,partially_supported,electronic,hip-hop;jazz,,not_applicable,1,0,"In that case, I would recommend 'Love & Hate' by J. Cole. This track combines electronic, Hip-Hop, and jazz elements, creating a unique and captivating sound. It's part of the album 'Love & Hate' and features a blend of electronic beats, jazz-inspired melodies, and soulful vocals."
3126,pDwBFbI3j8k,pDwBFbI3j8k_Uy_BogBCpp8,IX0Uq12RTu4_FlxTfaH0VA0,IX0Uq12RTu4,wo_video,2,"This track combines electronic, jazz","This track combines electronic, jazz, and chillout elements with a touch of rock.",unsupported,unknown,0,,1,E2_metadata_unsupported,音樂元資料不支持,genre_partially_supported,"部分曲風查無支持：['jazz', 'rock']（musicnn 標籤有雜訊，查無支持不等於事實錯誤）",chillout;electronic;jazz;rock,partially_supported,chillout;electronic,jazz;rock,,not_applicable,1,1,"In that case, I would recommend 'Sunshine' by The Sounds. This track combines electronic, jazz, and chillout elements with a touch of rock. It has a soothing and relaxing vibe that would be perfect for your video."
3126,pDwBFbI3j8k,pDwBFbI3j8k_Uy_BogBCpp8,IX0Uq12RTu4_FlxTfaH0VA0,IX0Uq12RTu4,wo_video,3,chillout elements with a touch of rock.,"This track combines electronic, jazz, and chillout elements with a touch of rock.",unsupported,unknown,0,,0,E2_metadata_unsupported,音樂元資料不支持,genre_partially_supported,"部分曲風查無支持：['jazz', 'rock']（musicnn 標籤有雜訊，查無支持不等於事實錯誤）",chillout;electronic;jazz;rock,partially_supported,chillout;electronic,jazz;rock,,not_applicable,1,1,"In that case, I would recommend 'Sunshine' by The Sounds. This track combines electronic, jazz, and chillout elements with a touch of rock. It has a soothing and relaxing vibe that would be perfect for your video."
3126,pDwBFbI3j8k,pDwBFbI3j8k_Uy_BogBCpp8,IX0Uq12RTu4_FlxTfaH0VA0,IX0Uq12RTu4,wo_video,4,It has a soothing,It has a soothing and relaxing vibe that would be perfect for your video.,unsupported,unknown,0,,1,E4_vague_generic,一般性空泛描述／主觀陳述,subjective_statement,泛用效用或主觀陳述，本質上不具可驗證性,,not_applicable,,,,not_applicable,1,0,"In that case, I would recommend 'Sunshine' by The Sounds. This track combines electronic, jazz, and chillout elements with a touch of rock. It has a soothing and relaxing vibe that would be perfect for your video."
3126,pDwBFbI3j8k,pDwBFbI3j8k_Uy_BogBCpp8,IX0Uq12RTu4_FlxTfaH0VA0,IX0Uq12RTu4,wo_video,5,relaxing vibe that would be perfect for your video.,It has a soothing and relaxing vibe that would be perfect for your video.,unsupported,unknown,0,,0,E4_vague_generic,一般性空泛描述／主觀陳述,subjective_statement,泛用效用或主觀陳述，本質上不具可驗證性,,not_applicable,,,,not_applicable,1,0,"In that case, I would recommend 'Sunshine' by The Sounds. This track combines electronic, jazz, and chillout elements with a touch of rock. It has a soothing and relaxing vibe that would be perfect for your video."
3126,pDwBFbI3j8k,pDwBFbI3j8k_Uy_BogBCpp8,IX0Uq12RTu4_FlxTfaH0VA0,IX0Uq12RTu4,wo_audio_all,3,jazz with a touch of rock,"This track combines elements of Hip-Hop, electronic, and jazz with a touch of rock and pop.",audio-supported,audio,0,,1,E0_clause_split_artifact,斷句碎片（標註流程假影）,parent_audio-supported,"母句可歸屬，unsupported 係 split_claims 於 and/, 處切斷所致",electronic;hip-hop;jazz;pop;rock,partially_supported,electronic;pop,hip-hop;jazz;rock,,not_applicable,1,0,"In that case, I would recommend 'I'm In Love With You' by J. Coleman. This track combines elements of Hip-Hop, electronic, and jazz with a touch of rock and pop. It has a fast-paced beat and a techno sound that will add an electronic and jazz vibe to your video. It's a great choice for capturing the essence of your event."
3126,pDwBFbI3j8k,pDwBFbI3j8k_Uy_BogBCpp8,IX0Uq12RTu4_FlxTfaH0VA0,IX0Uq12RTu4,wo_audio_all,6,jazz vibe to your video.,It has a fast-paced beat and a techno sound that will add an electronic and jazz vibe to your video.,video-supported,video,0,,0,E0_clause_split_artifact,斷句碎片（標註流程假影）,parent_video-supported,"母句可歸屬，unsupported 係 split_claims 於 and/, 處切斷所致",electronic;jazz,partially_supported,electronic,jazz,,not_applicable,1,0,"In that case, I would recommend 'I'm In Love With You' by J. Coleman. This track combines elements of Hip-Hop, electronic, and jazz with a touch of rock and pop. It has a fast-paced beat and a techno sound that will add an electronic and jazz vibe to your video. It's a great choice for capturing the essence of your event."
3126,pDwBFbI3j8k,pDwBFbI3j8k_Uy_BogBCpp8,IX0Uq12RTu4_FlxTfaH0VA0,IX0Uq12RTu4,wo_prompt,4,pop with a chillout vibe.,"The song combines elements of Hip-Hop, electronic, and pop with a chillout vibe.",audio-supported,audio,0,,0,E0_clause_split_artifact,斷句碎片（標註流程假影）,parent_audio-supported,"母句可歸屬，unsupported 係 split_claims 於 and/, 處切斷所致",chillout;electronic;hip-hop;pop,partially_supported,chillout;electronic;pop,hip-hop,,not_applicable,1,0,"I recommend 'Love Me' by J.R. ft. J.R. It's a track from their album 'Love Me'. The song combines elements of Hip-Hop, electronic, and pop with a chillout vibe. It features female vocals and has a relaxed and soothing sound that could complement your video."
3126,pDwBFbI3j8k,pDwBFbI3j8k_Uy_BogBCpp8,IX0Uq12RTu4_FlxTfaH0VA0,IX0Uq12RTu4,wo_ltp,1,is is is is a.,is is is is a.,unsupported,unknown,1,type_token_ratio=0.05,0,E7_degenerate_generation,生成崩潰（退化輸出）,degenerate_output,整段生成為退化輸出（type_token_ratio=0.05），此時的 unsupported 反映生成崩潰而非主張缺乏證據,,not_applicable,,,,not_applicable,1,0,is is is is a. is a is is is is a is a is is is is is is is is is is is is is is.is is is is is is is. is is is. is is is is is. is is is is is. is is is is is is is.is is is is.s. I's is. I's. I's. I's. I's is. I's is is. I's. I's. I's. I's. I's. I's. I's. I's
3126,pDwBFbI3j8k,pDwBFbI3j8k_Uy_BogBCpp8,IX0Uq12RTu4_FlxTfaH0VA0,IX0Uq12RTu4,wo_ltp,2,is a is is is is a is a is is is is is is is is is is is is is is.is is is is is is is.,is a is is is is a is a is is is is is is is is is is is is is is.is is is is is is is.,unsupported,unknown,1,type_token_ratio=0.05,0,E7_degenerate_generation,生成崩潰（退化輸出）,degenerate_output,整段生成為退化輸出（type_token_ratio=0.05），此時的 unsupported 反映生成崩潰而非主張缺乏證據,,not_applicable,,,,not_applicable,1,0,is is is is a. is a is is is is a is a is is is is is is is is is is is is is is.is is is is is is is. is is is. is is is is is. is is is is is. is is is is is is is.is is is is.s. I's is. I's. I's. I's. I's is. I's is is. I's. I's. I's. I's. I's. I's. I's. I's
3126,pDwBFbI3j8k,pDwBFbI3j8k_Uy_BogBCpp8,IX0Uq12RTu4_FlxTfaH0VA0,IX0Uq12RTu4,wo_ltp,3,is is is is is.,is a is is is is a is a is is is is is is is is is is is is is is.is is is is is is is.,unsupported,unknown,1,type_token_ratio=0.05,0,E7_degenerate_generation,生成崩潰（退化輸出）,degenerate_output,整段生成為退化輸出（type_token_ratio=0.05），此時的 unsupported 反映生成崩潰而非主張缺乏證據,,not_applicable,,,,not_applicable,1,0,is is is is a. is a is is is is a is a is is is is is is is is is is is is is is.is is is is is is is. is is is. is is is is is. is is is is is. is is is is is is is.is is is is.s. I's is. I's. I's. I's. I's is. I's is is. I's. I's. I's. I's. I's. I's. I's. I's
3126,pDwBFbI3j8k,pDwBFbI3j8k_Uy_BogBCpp8,IX0Uq12RTu4_FlxTfaH0VA0,IX0Uq12RTu4,wo_ltp,4,is is is is is.,is a is is is is a is a is is is is is is is is is is is is is is.is is is is is is is.,unsupported,unknown,1,type_token_ratio=0.05,0,E7_degenerate_generation,生成崩潰（退化輸出）,degenerate_output,整段生成為退化輸出（type_token_ratio=0.05），此時的 unsupported 反映生成崩潰而非主張缺乏證據,,not_applicable,,,,not_applicable,1,0,is is is is a. is a is is is is a is a is is is is is is is is is is is is is is.is is is is is is is. is is is. is is is is is. is is is is is. is is is is is is is.is is is is.s. I's is. I's. I's. I's. I's is. I's is is. I's. I's. I's. I's. I's. I's. I's. I's
3126,pDwBFbI3j8k,pDwBFbI3j8k_Uy_BogBCpp8,IX0Uq12RTu4_FlxTfaH0VA0,IX0Uq12RTu4,wo_ltp,5,is is is is is is is.is is is is.s.,is is is is is is is.is is is is.s.,unsupported,unknown,1,type_token_ratio=0.05,0,E7_degenerate_generation,生成崩潰（退化輸出）,degenerate_output,整段生成為退化輸出（type_token_ratio=0.05），此時的 unsupported 反映生成崩潰而非主張缺乏證據,,not_applicable,,,,not_applicable,1,0,is is is is a. is a is is is is a is a is is is is is is is is is is is is is is.is is is is is is is. is is is. is is is is is. is is is is is. is is is is is is is.is is is is.s. I's is. I's. I's. I's. I's is. I's is is. I's. I's. I's. I's. I's. I's. I's. I's
3129,TcfxyMRLVRg,TcfxyMRLVRg_U9CmRdMAtIc,TcfxyMRLVRg_U9CmRdMAtIc,TcfxyMRLVRg,full,4,indie with a touch of folk.,"The song combines elements of pop, rock, and indie with a touch of folk.",audio-supported,audio,0,,0,E0_clause_split_artifact,斷句碎片（標註流程假影）,parent_audio-supported,"母句可歸屬，unsupported 係 split_claims 於 and/, 處切斷所致",folk;indie;pop;rock,supported,folk;indie;pop;rock,,,not_applicable,1,0,"Allow me to recommend '懸崖上的玫瑰' by 陳妍希. It's a track from her album '懸崖上的玫瑰'. The song combines elements of pop, rock, and indie with a touch of folk. It features Michelle Chen's distinctive female vocals, which aligns well with your preferences."
3129,TcfxyMRLVRg,TcfxyMRLVRg_U9CmRdMAtIc,TcfxyMRLVRg_U9CmRdMAtIc,TcfxyMRLVRg,wo_audio_feature_only,2,She is known for her pop,She is known for her pop and rock music with indie and folk influences.,audio-supported,audio,0,,1,E0_clause_split_artifact,斷句碎片（標註流程假影）,parent_audio-supported,"母句可歸屬，unsupported 係 split_claims 於 and/, 處切斷所致",folk;indie;pop;rock,supported,folk;indie;pop;rock,,,not_applicable,1,0,"In that case, I recommend 'Michelle Chen's music style. She is known for her pop and rock music with indie and folk influences. I also prefer female vocals."
3129,TcfxyMRLVRg,TcfxyMRLVRg_U9CmRdMAtIc,TcfxyMRLVRg_U9CmRdMAtIc,TcfxyMRLVRg,wo_audio_feature_only,3,rock music with indie,She is known for her pop and rock music with indie and folk influences.,audio-supported,audio,0,,1,E0_clause_split_artifact,斷句碎片（標註流程假影）,parent_audio-supported,"母句可歸屬，unsupported 係 split_claims 於 and/, 處切斷所致",folk;indie;pop;rock,supported,folk;indie;pop;rock,,,not_applicable,1,0,"In that case, I recommend 'Michelle Chen's music style. She is known for her pop and rock music with indie and folk influences. I also prefer female vocals."
3129,TcfxyMRLVRg,TcfxyMRLVRg_U9CmRdMAtIc,TcfxyMRLVRg_U9CmRdMAtIc,TcfxyMRLVRg,wo_audio_all,2,rock track with indie,It's a pop and rock track with indie and folk influences.,audio-supported,audio,0,,1,E0_clause_split_artifact,斷句碎片（標註流程假影）,parent_audio-supported,"母句可歸屬，unsupported 係 split_claims 於 and/, 處切斷所致",folk;indie;pop;rock,supported,folk;indie;pop;rock,,,not_applicable,1,0,"Allow me to recommend '凡凡' by Michelle Chen. It's a pop and rock track with indie and folk influences. Although I don't have much information about this specific track, Michelle Chen's music style generally aligns with your preferences. She is known for her pop and rock music with indie and folk influences. You may also consider exploring her other tracks to find a suitable recommendation."
3129,TcfxyMRLVRg,TcfxyMRLVRg_U9CmRdMAtIc,TcfxyMRLVRg_U9CmRdMAtIc,TcfxyMRLVRg,wo_audio_all,4,She is known for her pop,She is known for her pop and rock music with indie and folk influences.,audio-supported,audio,0,,1,E0_clause_split_artifact,斷句碎片（標註流程假影）,parent_audio-supported,"母句可歸屬，unsupported 係 split_claims 於 and/, 處切斷所致",folk;indie;pop;rock,supported,folk;indie;pop;rock,,,not_applicable,1,0,"Allow me to recommend '凡凡' by Michelle Chen. It's a pop and rock track with indie and folk influences. Although I don't have much information about this specific track, Michelle Chen's music style generally aligns with your preferences. She is known for her pop and rock music with indie and folk influences. You may also consider exploring her other tracks to find a suitable recommendation."
3129,TcfxyMRLVRg,TcfxyMRLVRg_U9CmRdMAtIc,TcfxyMRLVRg_U9CmRdMAtIc,TcfxyMRLVRg,wo_audio_all,5,rock music with indie,She is known for her pop and rock music with indie and folk influences.,audio-supported,audio,0,,1,E0_clause_split_artifact,斷句碎片（標註流程假影）,parent_audio-supported,"母句可歸屬，unsupported 係 split_claims 於 and/, 處切斷所致",folk;indie;pop;rock,supported,folk;indie;pop;rock,,,not_applicable,1,0,"Allow me to recommend '凡凡' by Michelle Chen. It's a pop and rock track with indie and folk influences. Although I don't have much information about this specific track, Michelle Chen's music style generally aligns with your preferences. She is known for her pop and rock music with indie and folk influences. You may also consider exploring her other tracks to find a suitable recommendation."
3129,TcfxyMRLVRg,TcfxyMRLVRg_U9CmRdMAtIc,TcfxyMRLVRg_U9CmRdMAtIc,TcfxyMRLVRg,wo_prompt,3,The track has a unique,The track has a unique and captivating sound that could complement your video.,audio-supported,audio,0,,1,E0_clause_split_artifact,斷句碎片（標註流程假影）,parent_audio-supported,"母句可歸屬，unsupported 係 split_claims 於 and/, 處切斷所致",,not_applicable,,,,not_applicable,1,0,"In order to recommend the most suitable background music for your video, I suggest considering the track '懸崖上的玫瑰' by 陳妍希. It's a pop and indie rock song with female vocals. The track has a unique and captivating sound that could complement your video."
3129,TcfxyMRLVRg,TcfxyMRLVRg_U9CmRdMAtIc,TcfxyMRLVRg_U9CmRdMAtIc,TcfxyMRLVRg,wo_ltp,1,<EMPTY_GENERATION>,<EMPTY_GENERATION>,unsupported,unknown,1,type_token_ratio=0.09,0,E7_degenerate_generation,生成崩潰（退化輸出）,degenerate_output,整段生成為退化輸出（type_token_ratio=0.09），此時的 unsupported 反映生成崩潰而非主張缺乏證據,,not_applicable,,,,not_applicable,1,0,.. is. is. to. to. to. and. to. to. and. to. to. to. to. to. to. to. to. to. to. to. to. to. to. to. to morning. to. to morning. to. to. to morning. to. to. to morning. to. to. to. to. to. to. to. to. to. to. to. to. to. to. to to day. to. to day. to day. to day. to day. to day. day. day. that day.
3135,yCDcZ9UtIWg,yCDcZ9UtIWg_Hl-pSwEXlFw,JIPg-1ykcew_UjBR2Iai2RE,JIPg-1ykcew,wo_video,4,electronic with a dance vibe.,"It combines elements of hip-hop, rock, and electronic with a dance vibe.",audio-supported,audio,0,,0,E0_clause_split_artifact,斷句碎片（標註流程假影）,parent_audio-supported,"母句可歸屬，unsupported 係 split_claims 於 and/, 處切斷所致",dance;electronic;hip-hop;rock,partially_supported,electronic;hip-hop;rock,dance,,not_applicable,1,0,"Allow me to recommend 'YRS Thug Brothers' by YRS Thug Brothers. It's a track from their album 'YRS Thug Brothers'. It combines elements of hip-hop, rock, and electronic with a dance vibe. The song features a male artist and has a techno and fast-paced sound that could be a fitting choice for your video."
3135,yCDcZ9UtIWg,yCDcZ9UtIWg_Hl-pSwEXlFw,JIPg-1ykcew_UjBR2Iai2RE,JIPg-1ykcew,wo_ltp,1,<EMPTY_GENERATION>,<EMPTY_GENERATION>,unsupported,unknown,1,type_token_ratio=0.09,0,E7_degenerate_generation,生成崩潰（退化輸出）,degenerate_output,整段生成為退化輸出（type_token_ratio=0.09），此時的 unsupported 反映生成崩潰而非主張缺乏證據,,not_applicable,,,,not_applicable,1,0,s.s. I's. I's. I's. I's. I's. I's. I's. I's. I's. I's. I's. I's. I's. I's. I's. I's. I's. I's.I's.I's.I's.I's.I's.I's.I's.I's.I's.I's.I's.I's.I's'
3170,pT9lqqvBsdo,pT9lqqvBsdo_iF7HM0jzDP8,4aP3RhEkHBA_y5_BxuKab24,4aP3RhEkHBA,wo_audio_all,7,lively vibe to your video.,"It has a fast-paced beat and a mix of techno and synth, which can add an energetic and lively vibe to your video.",video-supported,video,0,,0,E0_clause_split_artifact,斷句碎片（標註流程假影）,parent_video-supported,"母句可歸屬，unsupported 係 split_claims 於 and/, 處切斷所致",,not_applicable,,,,not_applicable,1,0,"In that case, I would recommend 'Techno - 'Techno' by DJ Snake. This track combines elements of electronic, Hip-Hop, and rock genres, which align with your preferences. It has a fast-paced beat and a mix of techno and synth, which can add an energetic and lively vibe to your video."
3170,pT9lqqvBsdo,pT9lqqvBsdo_iF7HM0jzDP8,4aP3RhEkHBA_y5_BxuKab24,4aP3RhEkHBA,wo_ltp,1,for is that is for.,for is that is for.,unsupported,unknown,1,type_token_ratio=0.03,0,E7_degenerate_generation,生成崩潰（退化輸出）,degenerate_output,整段生成為退化輸出（type_token_ratio=0.03），此時的 unsupported 反映生成崩潰而非主張缺乏證據,,not_applicable,,,,not_applicable,1,0,for is that is for. for is is for. that is for. for is that is for that is for that is for that is for that. that is for that! that is for that! that! that! that! that! that! that! that! that! that! that! that! that! that! that that that that that that that that that that that that that that that that that that that that that that that that that that that that that that that that that that that that that that that that that that that that that that that that that that that that that that that that that that that that that
3170,pT9lqqvBsdo,pT9lqqvBsdo_iF7HM0jzDP8,4aP3RhEkHBA_y5_BxuKab24,4aP3RhEkHBA,wo_ltp,2,for is is for.,for is is for.,unsupported,unknown,1,type_token_ratio=0.03,0,E7_degenerate_generation,生成崩潰（退化輸出）,degenerate_output,整段生成為退化輸出（type_token_ratio=0.03），此時的 unsupported 反映生成崩潰而非主張缺乏證據,,not_applicable,,,,not_applicable,1,0,for is that is for. for is is for. that is for. for is that is for that is for that is for that is for that. that is for that! that is for that! that! that! that! that! that! that! that! that! that! that! that! that! that! that that that that that that that that that that that that that that that that that that that that that that that that that that that that that that that that that that that that that that that that that that that that that that that that that that that that that that that that that that that that that
3170,pT9lqqvBsdo,pT9lqqvBsdo_iF7HM0jzDP8,4aP3RhEkHBA_y5_BxuKab24,4aP3RhEkHBA,wo_ltp,3,for is that is for that is for that is for that is for that.,for is that is for that is for that is for that is for that.,unsupported,unknown,1,type_token_ratio=0.03,0,E7_degenerate_generation,生成崩潰（退化輸出）,degenerate_output,整段生成為退化輸出（type_token_ratio=0.03），此時的 unsupported 反映生成崩潰而非主張缺乏證據,,not_applicable,,,,not_applicable,1,0,for is that is for. for is is for. that is for. for is that is for that is for that is for that is for that. that is for that! that is for that! that! that! that! that! that! that! that! that! that! that! that! that! that! that that that that that that that that that that that that that that that that that that that that that that that that that that that that that that that that that that that that that that that that that that that that that that that that that that that that that that that that that that that that that
3170,pT9lqqvBsdo,pT9lqqvBsdo_iF7HM0jzDP8,4aP3RhEkHBA_y5_BxuKab24,4aP3RhEkHBA,wo_ltp,4,that is for that!,that is for that!,unsupported,unknown,1,type_token_ratio=0.03,0,E7_degenerate_generation,生成崩潰（退化輸出）,degenerate_output,整段生成為退化輸出（type_token_ratio=0.03），此時的 unsupported 反映生成崩潰而非主張缺乏證據,,not_applicable,,,,not_applicable,1,0,for is that is for. for is is for. that is for. for is that is for that is for that is for that is for that. that is for that! that is for that! that! that! that! that! that! that! that! that! that! that! that! that! that! that that that that that that that that that that that that that that that that that that that that that that that that that that that that that that that that that that that that that that that that that that that that that that that that that that that that that that that that that that that that that
3170,pT9lqqvBsdo,pT9lqqvBsdo_iF7HM0jzDP8,4aP3RhEkHBA_y5_BxuKab24,4aP3RhEkHBA,wo_ltp,5,that is for that!,that is for that!,unsupported,unknown,1,type_token_ratio=0.03,0,E7_degenerate_generation,生成崩潰（退化輸出）,degenerate_output,整段生成為退化輸出（type_token_ratio=0.03），此時的 unsupported 反映生成崩潰而非主張缺乏證據,,not_applicable,,,,not_applicable,1,0,for is that is for. for is is for. that is for. for is that is for that is for that is for that is for that. that is for that! that is for that! that! that! that! that! that! that! that! that! that! that! that! that! that! that that that that that that that that that that that that that that that that that that that that that that that that that that that that that that that that that that that that that that that that that that that that that that that that that that that that that that that that that that that that that
3170,pT9lqqvBsdo,pT9lqqvBsdo_iF7HM0jzDP8,4aP3RhEkHBA_y5_BxuKab24,4aP3RhEkHBA,wo_ltp,6,that that that that that that that that that that that that that that that that that that that that that that that that that that that that that that that that that that that that that that that that that that that that that that that that that that that that that that that that that that that that that,that that that that that that that that that that that that that that that that that that that that that that that that that that that that that that that that that that that that that that that that that that that that that that that that that that that that that that that that that that that that that,unsupported,unknown,1,type_token_ratio=0.03,0,E7_degenerate_generation,生成崩潰（退化輸出）,degenerate_output,整段生成為退化輸出（type_token_ratio=0.03），此時的 unsupported 反映生成崩潰而非主張缺乏證據,,not_applicable,,,,not_applicable,1,0,for is that is for. for is is for. that is for. for is that is for that is for that is for that is for that. that is for that! that is for that! that! that! that! that! that! that! that! that! that! that! that! that! that! that that that that that that that that that that that that that that that that that that that that that that that that that that that that that that that that that that that that that that that that that that that that that that that that that that that that that that that that that that that that that
3225,QtCxsZNx8pE,QtCxsZNx8pE_zmWpJONAYzU,EK55T5kAeOc_wuA6idJlkJ0,EK55T5kAeOc,wo_prompt,3,"alternative, with elements of experimental music.","This track falls under the genres of rock, indie, and alternative, with elements of experimental music.",audio-supported,audio,0,,0,E0_clause_split_artifact,斷句碎片（標註流程假影）,parent_audio-supported,"母句可歸屬，unsupported 係 split_claims 於 and/, 處切斷所致",alternative;indie;rock,partially_supported,alternative;rock,indie,,not_applicable,1,0,"In order to recommend the most suitable background music for your video, I suggest you consider 'Sunshine' by The Sleepy Sun. This track falls under the genres of rock, indie, and alternative, with elements of experimental music. It has a unique and captivating sound that can add a distinctive touch to your video."
3225,QtCxsZNx8pE,QtCxsZNx8pE_zmWpJONAYzU,EK55T5kAeOc_wuA6idJlkJ0,EK55T5kAeOc,wo_prompt,4,It has a unique,It has a unique and captivating sound that can add a distinctive touch to your video.,audio-supported,audio,0,,1,E0_clause_split_artifact,斷句碎片（標註流程假影）,parent_audio-supported,"母句可歸屬，unsupported 係 split_claims 於 and/, 處切斷所致",,not_applicable,,,,not_applicable,1,0,"In order to recommend the most suitable background music for your video, I suggest you consider 'Sunshine' by The Sleepy Sun. This track falls under the genres of rock, indie, and alternative, with elements of experimental music. It has a unique and captivating sound that can add a distinctive touch to your video."
3225,QtCxsZNx8pE,QtCxsZNx8pE_zmWpJONAYzU,EK55T5kAeOc_wuA6idJlkJ0,EK55T5kAeOc,wo_ltp,1,that's that's that's that's that's that's that's that's that's that's that's that's that's that's that's that's that's that's that's that's that's that's that,that's that's that's that's that's that's that's that's that's that's that's that's that's that's that's that's that's that's that's that's that's that's that,unsupported,unknown,1,type_token_ratio=0.12,0,E7_degenerate_generation,生成崩潰（退化輸出）,degenerate_output,整段生成為退化輸出（type_token_ratio=0.12），此時的 unsupported 反映生成崩潰而非主張缺乏證據,,not_applicable,,,,not_applicable,1,0,. is. is. is. is. and. is. and. is is. and. is a lot. and. and that's. and that's. and that's. is that's. and that's. and that's. and that's. that's that's that's that's that's that's that's that's that's that's that's that's that's that's that's that's that's that's that's that's that's that's that
3243,mgP4sPHu0mU,mgP4sPHu0mU_8L3KkaMjYaw,TU-W8iNjguU_mkUBAZhwc-k,TU-W8iNjguU,wo_ltp,1,<EMPTY_GENERATION>,<EMPTY_GENERATION>,unsupported,unknown,1,type_token_ratio=0.06,0,E7_degenerate_generation,生成崩潰（退化輸出）,degenerate_output,整段生成為退化輸出（type_token_ratio=0.06），此時的 unsupported 反映生成崩潰而非主張缺乏證據,,not_applicable,,,,not_applicable,1,0,"., this is. 201.1s.101s.1s.1s.1s.1s.1s.1s.1s.1s.1s.1s.1s.1s.1s1s1s1s1s1s1s1s1s1s1s1s1s1s1s1s1s1s1s1s1s1s1s1s1s1s1s1s1s1s1s1s1s1s1s1s1s"
3256,cqoeZEweGy4,cqoeZEweGy4_HYgZR5EiTsM,eUOPCmaDGDE_nKMW5Ie38C8,eUOPCmaDGDE,full,2,R&B track with electronic,It's a hip-hop and R&B track with electronic and pop influences.,audio-supported,audio,0,,1,E0_clause_split_artifact,斷句碎片（標註流程假影）,parent_audio-supported,"母句可歸屬，unsupported 係 split_claims 於 and/, 處切斷所致",electronic;hip-hop;pop;r&b,supported,electronic;hip-hop;pop;r&b,,,not_applicable,1,0,Certainly! How about 'Aston Martin Music' by Rick Ross? It's a hip-hop and R&B track with electronic and pop influences. The song has a catchy beat and features male vocals. It could add a unique touch to your video.
3256,cqoeZEweGy4,cqoeZEweGy4_HYgZR5EiTsM,eUOPCmaDGDE_nKMW5Ie38C8,eUOPCmaDGDE,full,4,It could add a unique touch to your video.,It could add a unique touch to your video.,unsupported,unknown,0,,0,E4_vague_generic,一般性空泛描述／主觀陳述,generic_video_benefit,泛用效用或主觀陳述，本質上不具可驗證性,,not_applicable,,,,not_applicable,1,0,Certainly! How about 'Aston Martin Music' by Rick Ross? It's a hip-hop and R&B track with electronic and pop influences. The song has a catchy beat and features male vocals. It could add a unique touch to your video.
3256,cqoeZEweGy4,cqoeZEweGy4_HYgZR5EiTsM,eUOPCmaDGDE_nKMW5Ie38C8,eUOPCmaDGDE,wo_video,3,The song has a catchy,The song has a catchy and upbeat vibe that could add a unique touch to your video.,audio-supported,audio,0,,1,E0_clause_split_artifact,斷句碎片（標註流程假影）,parent_audio-supported,"母句可歸屬，unsupported 係 split_claims 於 and/, 處切斷所致",,not_applicable,,,,not_applicable,1,0,Certainly! How about 'I'm Alive' by Rick Ross? It's a hip-hop and R&B influenced track with electronic and pop elements. The song has a catchy and upbeat vibe that could add a unique touch to your video. It was released in 2012 and has a music video directed by Rick Ross.
3256,cqoeZEweGy4,cqoeZEweGy4_HYgZR5EiTsM,eUOPCmaDGDE_nKMW5Ie38C8,eUOPCmaDGDE,wo_audio_feature_only,3,R&B with the electronic music of the 90s.,It's a track that combines elements of hip-hop and R&B with the electronic music of the 90s.,audio-supported,audio,0,,0,E0_clause_split_artifact,斷句碎片（標註流程假影）,parent_audio-supported,"母句可歸屬，unsupported 係 split_claims 於 and/, 處切斷所致",electronic;hip-hop;r&b,supported,electronic;hip-hop;r&b,,,not_applicable,1,0,I suggest you consider 'Hip-Hop' by Rick Ross. It's a track that combines elements of hip-hop and R&B with the electronic music of the 90s. It has a fast-paced and loud-paced techno-soundtrack with a mix of electronic and dance elements. It also incorporates elements of hip-hop and R&B with the electronic music of the 90s.
3256,cqoeZEweGy4,cqoeZEweGy4_HYgZR5EiTsM,eUOPCmaDGDE_nKMW5Ie38C8,eUOPCmaDGDE,wo_audio_feature_only,6,It also incorporates elements of hip-hop,It also incorporates elements of hip-hop and R&B with the electronic music of the 90s.,unsupported,unknown,0,,1,E0b_rule_miss_verified,規則漏判但有證據支持,genre_claim_verified_by_tags,曲風敘述可由 musicnn 標籤／參考文本支持；v2 因 GENRE_TERMS 需搭配 anchor 詞才計為 audio 而漏判,electronic;hip-hop;r&b,supported,electronic;hip-hop;r&b,,,not_applicable,1,0,I suggest you consider 'Hip-Hop' by Rick Ross. It's a track that combines elements of hip-hop and R&B with the electronic music of the 90s. It has a fast-paced and loud-paced techno-soundtrack with a mix of electronic and dance elements. It also incorporates elements of hip-hop and R&B with the electronic music of the 90s.
3256,cqoeZEweGy4,cqoeZEweGy4_HYgZR5EiTsM,eUOPCmaDGDE_nKMW5Ie38C8,eUOPCmaDGDE,wo_audio_feature_only,7,R&B with the electronic music of the 90s.,It's a track that combines elements of hip-hop and R&B with the electronic music of the 90s.,audio-supported,audio,0,,0,E0_clause_split_artifact,斷句碎片（標註流程假影）,parent_audio-supported,"母句可歸屬，unsupported 係 split_claims 於 and/, 處切斷所致",electronic;hip-hop;r&b,supported,electronic;hip-hop;r&b,,,not_applicable,1,0,I suggest you consider 'Hip-Hop' by Rick Ross. It's a track that combines elements of hip-hop and R&B with the electronic music of the 90s. It has a fast-paced and loud-paced techno-soundtrack with a mix of electronic and dance elements. It also incorporates elements of hip-hop and R&B with the electronic music of the 90s.
3256,cqoeZEweGy4,cqoeZEweGy4_HYgZR5EiTsM,eUOPCmaDGDE_nKMW5Ie38C8,eUOPCmaDGDE,wo_audio_all,1,I apologize for my lack of hip-hop,I apologize for my lack of hip-hop and R&B elements in my video.,unsupported,unknown,0,,1,E0b_rule_miss_verified,規則漏判但有證據支持,genre_claim_verified_by_tags,曲風敘述可由 musicnn 標籤／參考文本支持；v2 因 GENRE_TERMS 需搭配 anchor 詞才計為 audio 而漏判,hip-hop;r&b,supported,hip-hop;r&b,,,not_applicable,1,0,"I apologize for my lack of hip-hop and R&B elements in my video. I'm sorry I don't have any specific recommendations for you. However, I can suggest exploring the hip-hop and R&B elements in the music you're considering. Hip-hop and R&B elements are important components of hip-hop music, and they can add a unique and distinctive touch to your video."
3256,cqoeZEweGy4,cqoeZEweGy4_HYgZR5EiTsM,eUOPCmaDGDE_nKMW5Ie38C8,eUOPCmaDGDE,wo_audio_all,2,R&B elements in my video.,I apologize for my lack of hip-hop and R&B elements in my video.,unsupported,unknown,0,,0,E0b_rule_miss_verified,規則漏判但有證據支持,genre_claim_verified_by_tags,曲風敘述可由 musicnn 標籤／參考文本支持；v2 因 GENRE_TERMS 需搭配 anchor 詞才計為 audio 而漏判,hip-hop;r&b,supported,hip-hop;r&b,,,not_applicable,1,0,"I apologize for my lack of hip-hop and R&B elements in my video. I'm sorry I don't have any specific recommendations for you. However, I can suggest exploring the hip-hop and R&B elements in the music you're considering. Hip-hop and R&B elements are important components of hip-hop music, and they can add a unique and distinctive touch to your video."
3256,cqoeZEweGy4,cqoeZEweGy4_HYgZR5EiTsM,eUOPCmaDGDE_nKMW5Ie38C8,eUOPCmaDGDE,wo_audio_all,4,"However, I can suggest exploring the hip-hop","However, I can suggest exploring the hip-hop and R&B elements in the music you're considering.",unsupported,unknown,0,,1,E0b_rule_miss_verified,規則漏判但有證據支持,genre_claim_verified_by_tags,曲風敘述可由 musicnn 標籤／參考文本支持；v2 因 GENRE_TERMS 需搭配 anchor 詞才計為 audio 而漏判,hip-hop;r&b,supported,hip-hop;r&b,,,not_applicable,1,0,"I apologize for my lack of hip-hop and R&B elements in my video. I'm sorry I don't have any specific recommendations for you. However, I can suggest exploring the hip-hop and R&B elements in the music you're considering. Hip-hop and R&B elements are important components of hip-hop music, and they can add a unique and distinctive touch to your video."
3256,cqoeZEweGy4,cqoeZEweGy4_HYgZR5EiTsM,eUOPCmaDGDE_nKMW5Ie38C8,eUOPCmaDGDE,wo_audio_all,5,R&B elements in the music you're considering.,"However, I can suggest exploring the hip-hop and R&B elements in the music you're considering.",unsupported,unknown,0,,0,E0b_rule_miss_verified,規則漏判但有證據支持,genre_claim_verified_by_tags,曲風敘述可由 musicnn 標籤／參考文本支持；v2 因 GENRE_TERMS 需搭配 anchor 詞才計為 audio 而漏判,hip-hop;r&b,supported,hip-hop;r&b,,,not_applicable,1,0,"I apologize for my lack of hip-hop and R&B elements in my video. I'm sorry I don't have any specific recommendations for you. However, I can suggest exploring the hip-hop and R&B elements in the music you're considering. Hip-hop and R&B elements are important components of hip-hop music, and they can add a unique and distinctive touch to your video."
3256,cqoeZEweGy4,cqoeZEweGy4_HYgZR5EiTsM,eUOPCmaDGDE_nKMW5Ie38C8,eUOPCmaDGDE,wo_audio_all,6,R&B elements are important components of hip-hop music,"Hip-hop and R&B elements are important components of hip-hop music, and they can add a unique and distinctive touch to your video.",unsupported,unknown,0,,1,E5_multi_source_ambiguous,多來源無法區分,music_property_plus_video_effect,同一子句混合曲風敘述與影片效用宣稱，無法單一歸屬,hip-hop;r&b,supported,hip-hop;r&b,,,not_applicable,1,0,"I apologize for my lack of hip-hop and R&B elements in my video. I'm sorry I don't have any specific recommendations for you. However, I can suggest exploring the hip-hop and R&B elements in the music you're considering. Hip-hop and R&B elements are important components of hip-hop music, and they can add a unique and distinctive touch to your video."
3256,cqoeZEweGy4,cqoeZEweGy4_HYgZR5EiTsM,eUOPCmaDGDE_nKMW5Ie38C8,eUOPCmaDGDE,wo_audio_all,7,they can add a unique,"Hip-hop and R&B elements are important components of hip-hop music, and they can add a unique and distinctive touch to your video.",unsupported,unknown,0,,1,E5_multi_source_ambiguous,多來源無法區分,music_property_plus_video_effect,同一子句混合曲風敘述與影片效用宣稱，無法單一歸屬,hip-hop;r&b,supported,hip-hop;r&b,,,not_applicable,1,0,"I apologize for my lack of hip-hop and R&B elements in my video. I'm sorry I don't have any specific recommendations for you. However, I can suggest exploring the hip-hop and R&B elements in the music you're considering. Hip-hop and R&B elements are important components of hip-hop music, and they can add a unique and distinctive touch to your video."
3256,cqoeZEweGy4,cqoeZEweGy4_HYgZR5EiTsM,eUOPCmaDGDE_nKMW5Ie38C8,eUOPCmaDGDE,wo_audio_all,8,distinctive touch to your video.,"Hip-hop and R&B elements are important components of hip-hop music, and they can add a unique and distinctive touch to your video.",unsupported,unknown,0,,0,E5_multi_source_ambiguous,多來源無法區分,music_property_plus_video_effect,同一子句混合曲風敘述與影片效用宣稱，無法單一歸屬,hip-hop;r&b,supported,hip-hop;r&b,,,not_applicable,1,0,"I apologize for my lack of hip-hop and R&B elements in my video. I'm sorry I don't have any specific recommendations for you. However, I can suggest exploring the hip-hop and R&B elements in the music you're considering. Hip-hop and R&B elements are important components of hip-hop music, and they can add a unique and distinctive touch to your video."
3256,cqoeZEweGy4,cqoeZEweGy4_HYgZR5EiTsM,eUOPCmaDGDE_nKMW5Ie38C8,eUOPCmaDGDE,wo_ltp,1,t t t t t t t t t t t t t t t t t t t t t t t t t t t t t t t t t t t t t t t t t t t t t t t t t t t t t t t t t t t t t t t,t t t t t t t t t t t t t t t t t t t t t t t t t t t t t t t t t t t t t t t t t t t t t t t t t t t t t t t t t t t t t t t,unsupported,unknown,1,type_token_ratio=0.02,0,E7_degenerate_generation,生成崩潰（退化輸出）,degenerate_output,整段生成為退化輸出（type_token_ratio=0.02），此時的 unsupported 反映生成崩潰而非主張缺乏證據,,not_applicable,,,,not_applicable,1,0,"t.
t
t
t
t
t
t
t
t
t
t
t
t
t
t
t
t
t
t
t
t
t
t
t
t
t
t
t
t
t
t
t
t
t
t
t
t
t
t
t
t
t
t
t
t
t
t
t
t
t
t
t
t
t
t
t
t
t
t
t
t
t
t
t"
3271,fnbjTTxMN0I,fnbjTTxMN0I_HKo7DEOjXng,LDyllqMQXHY_DKVpBlJUQgw,LDyllqMQXHY,wo_audio_feature_only,4,soul into the music.,"Although I don't have specific information about this track, it aligns with your interest in incorporating hip-hop and soul into the music.",preference-supported,preference,0,,0,E0_clause_split_artifact,斷句碎片（標註流程假影）,parent_preference-supported,"母句可歸屬，unsupported 係 split_claims 於 and/, 處切斷所致",hip-hop;soul,partially_supported,hip-hop,soul,,not_applicable,1,0,"Certainly, I recommend 'Hip-Hop' by Santaflow. It's a track that combines elements of hip-hop and soul with electronic and dance genres. Although I don't have specific information about this track, it aligns with your interest in incorporating hip-hop and soul into the music."
3271,fnbjTTxMN0I,fnbjTTxMN0I_HKo7DEOjXng,LDyllqMQXHY_DKVpBlJUQgw,LDyllqMQXHY,wo_audio_all,1,I apologize for my lack of information.,I apologize for my lack of information.,unsupported,unknown,0,,0,E6_likely_hallucination,可能幻覺,unclassified_specific_claim,具體主張但未命中任何證據來源,,not_applicable,,,,not_applicable,1,1,"I apologize for my lack of information. I don't have any specific recommendations for hip-hop or soul music. However, I can suggest exploring the genre of hip-hop and soul in general. Hip-hop is a genre that focuses on the celebration of African-American culture and the soul genre is a form of music that emphasizes the emotional and spiritual aspects of music. Both genres can provide a unique and vibrant experience for your video."
3271,fnbjTTxMN0I,fnbjTTxMN0I_HKo7DEOjXng,LDyllqMQXHY_DKVpBlJUQgw,LDyllqMQXHY,wo_audio_all,6,spiritual aspects of music.,Hip-hop is a genre that focuses on the celebration of African-American culture and the soul genre is a form of music that emphasizes the emotional and spiritual aspects of music.,audio-supported,audio,0,,0,E0_clause_split_artifact,斷句碎片（標註流程假影）,parent_audio-supported,"母句可歸屬，unsupported 係 split_claims 於 and/, 處切斷所致",hip-hop;soul,partially_supported,hip-hop,soul,,not_applicable,1,0,"I apologize for my lack of information. I don't have any specific recommendations for hip-hop or soul music. However, I can suggest exploring the genre of hip-hop and soul in general. Hip-hop is a genre that focuses on the celebration of African-American culture and the soul genre is a form of music that emphasizes the emotional and spiritual aspects of music. Both genres can provide a unique and vibrant experience for your video."
3271,fnbjTTxMN0I,fnbjTTxMN0I_HKo7DEOjXng,LDyllqMQXHY_DKVpBlJUQgw,LDyllqMQXHY,wo_audio_all,7,Both genres can provide a unique,Both genres can provide a unique and vibrant experience for your video.,unsupported,unknown,0,,1,E6_likely_hallucination,可能幻覺,unclassified_specific_claim,具體主張但未命中任何證據來源,,not_applicable,,,,not_applicable,1,1,"I apologize for my lack of information. I don't have any specific recommendations for hip-hop or soul music. However, I can suggest exploring the genre of hip-hop and soul in general. Hip-hop is a genre that focuses on the celebration of African-American culture and the soul genre is a form of music that emphasizes the emotional and spiritual aspects of music. Both genres can provide a unique and vibrant experience for your video."
3271,fnbjTTxMN0I,fnbjTTxMN0I_HKo7DEOjXng,LDyllqMQXHY_DKVpBlJUQgw,LDyllqMQXHY,wo_audio_all,8,vibrant experience for your video.,Both genres can provide a unique and vibrant experience for your video.,unsupported,unknown,0,,0,E6_likely_hallucination,可能幻覺,unclassified_specific_claim,具體主張但未命中任何證據來源,,not_applicable,,,,not_applicable,1,1,"I apologize for my lack of information. I don't have any specific recommendations for hip-hop or soul music. However, I can suggest exploring the genre of hip-hop and soul in general. Hip-hop is a genre that focuses on the celebration of African-American culture and the soul genre is a form of music that emphasizes the emotional and spiritual aspects of music. Both genres can provide a unique and vibrant experience for your video."
3271,fnbjTTxMN0I,fnbjTTxMN0I_HKo7DEOjXng,LDyllqMQXHY_DKVpBlJUQgw,LDyllqMQXHY,wo_prompt,5,It has a catchy,It has a catchy and energetic vibe that could be a great fit for your video.,audio-supported,audio,0,,1,E0_clause_split_artifact,斷句碎片（標註流程假影）,parent_audio-supported,"母句可歸屬，unsupported 係 split_claims 於 and/, 處切斷所致",,not_applicable,,,,not_applicable,1,0,"I recommend 'Segundos Fuera' by Santaflow. It's a track from their album 'Segundos Fuera'. The song combines elements of Hip-Hop, pop, and electronic music with female vocals. It has a catchy and energetic vibe that could be a great fit for your video."
3271,fnbjTTxMN0I,fnbjTTxMN0I_HKo7DEOjXng,LDyllqMQXHY_DKVpBlJUQgw,LDyllqMQXHY,wo_ltp,1,<EMPTY_GENERATION>,<EMPTY_GENERATION>,unsupported,unknown,1,type_token_ratio=0.03,0,E7_degenerate_generation,生成崩潰（退化輸出）,degenerate_output,整段生成為退化輸出（type_token_ratio=0.03），此時的 unsupported 反映生成崩潰而非主張缺乏證據,,not_applicable,,,,not_applicable,1,0,".
tgz.tgz.z.z.z.z.z.z.z.z.z.z.z.z.z.z.z.z.z.z.z.z.z.z.z.z.z.z.z.z.z.z.z.z.z.z.z.z.z.z.z.z.z.z.z.z.z.z.z.z.z.z.z.z.z.z.z.z.z.z.z."
3290,6fAbkc0sdtA,6fAbkc0sdtA_3L1cePInKU8,_WRHnamU9_Q_qa3Rbbz2C1I,_WRHnamU9_Q,full,2,It's a chillout track with electronic,It's a chillout track with electronic and indie influences.,audio-supported,audio,0,,1,E0_clause_split_artifact,斷句碎片（標註流程假影）,parent_audio-supported,"母句可歸屬，unsupported 係 split_claims 於 and/, 處切斷所致",chillout;electronic;indie,partially_supported,chillout;electronic,indie,,not_applicable,1,0,"Certainly! I recommend 'Sunshine' by The Sounds of Sunshine. It's a chillout track with electronic and indie influences. The song features female vocals and has a relaxing and soothing atmosphere. It could be a great addition to your video, complementing the energetic and electronic elements of 'Sunshine (Radio Edit)' by Daft Punk."
3290,6fAbkc0sdtA,6fAbkc0sdtA_3L1cePInKU8,_WRHnamU9_Q_qa3Rbbz2C1I,_WRHnamU9_Q,wo_video,5,It has a chillout vibe,"It has a chillout vibe and features female vocals, which aligns well with your preferences.",preference-supported,preference,0,,1,E0_clause_split_artifact,斷句碎片（標註流程假影）,parent_preference-supported,"母句可歸屬，unsupported 係 split_claims 於 and/, 處切斷所致",chillout,supported,chillout,,,not_applicable,1,0,"Certainly! I recommend 'Sunshine' by The Sleeping Beauties. It's a track from their album 'Sunshine'. The Sleeping Beauties are a female vocalist duo, and their music falls under the genres of indie, pop, and rock. It has a chillout vibe and features female vocals, which aligns well with your preferences."
3290,6fAbkc0sdtA,6fAbkc0sdtA_3L1cePInKU8,_WRHnamU9_Q_qa3Rbbz2C1I,_WRHnamU9_Q,wo_audio_all,3,rock with chillout vibes,"It's a track that combines elements of Hip-Hop, electronic, and rock with chillout vibes and female vocalists.",audio-supported,audio,0,,1,E0_clause_split_artifact,斷句碎片（標註流程假影）,parent_audio-supported,"母句可歸屬，unsupported 係 split_claims 於 and/, 處切斷所致",chillout;electronic;hip-hop;rock,partially_supported,chillout;electronic,hip-hop;rock,,not_applicable,1,0,"Certainly, I recommend 'Chillout' by The Chillout Crew. It's a track that combines elements of Hip-Hop, electronic, and rock with chillout vibes and female vocalists. It has a techno and fast-paced beat that could be a fitting choice for your video."
3290,6fAbkc0sdtA,6fAbkc0sdtA_3L1cePInKU8,_WRHnamU9_Q_qa3Rbbz2C1I,_WRHnamU9_Q,wo_prompt,2,"Although I don't have specific information about this track, The Sleepy Sun is known for their indie, electronic","Although I don't have specific information about this track, The Sleepy Sun is known for their indie, electronic, and rock genres.",audio-supported,audio,0,,1,E0_clause_split_artifact,斷句碎片（標註流程假影）,parent_audio-supported,"母句可歸屬，unsupported 係 split_claims 於 and/, 處切斷所致",electronic;indie;rock,partially_supported,electronic,indie;rock,,not_applicable,1,0,"In order to recommend the most suitable background music for your video, I suggest considering the track 'Sunset' by The Sleepy Sun. Although I don't have specific information about this track, The Sleepy Sun is known for their indie, electronic, and rock genres. This track might have a similar style and could be a great fit for your video."
3290,6fAbkc0sdtA,6fAbkc0sdtA_3L1cePInKU8,_WRHnamU9_Q_qa3Rbbz2C1I,_WRHnamU9_Q,wo_prompt,3,This track might have a similar style,This track might have a similar style and could be a great fit for your video.,general-supported,general,0,,1,E0_clause_split_artifact,斷句碎片（標註流程假影）,parent_general-supported,"母句可歸屬，unsupported 係 split_claims 於 and/, 處切斷所致",,not_applicable,,,,not_applicable,1,0,"In order to recommend the most suitable background music for your video, I suggest considering the track 'Sunset' by The Sleepy Sun. Although I don't have specific information about this track, The Sleepy Sun is known for their indie, electronic, and rock genres. This track might have a similar style and could be a great fit for your video."
3290,6fAbkc0sdtA,6fAbkc0sdtA_3L1cePInKU8,_WRHnamU9_Q_qa3Rbbz2C1I,_WRHnamU9_Q,wo_ltp,1,is is is is is is is is is is is is is is is is is is is is is is.,is is is is is is is is is is is is is is is is is is is is is is.,unsupported,unknown,1,type_token_ratio=0.03,0,E7_degenerate_generation,生成崩潰（退化輸出）,degenerate_output,整段生成為退化輸出（type_token_ratio=0.03），此時的 unsupported 反映生成崩潰而非主張缺乏證據,,not_applicable,,,,not_applicable,1,0,is is is is is is is is is is is is is is is is is is is is is is. is is is is is is is is is is is is is is is is is is is is is is is is is is is is is is is is is is is is is is is is is is is is is is is is is is is is is is is is is is is is is is is is is is is is is is is is is is that is is is that's is that's is that's is that's is that's is that's is that's
3290,6fAbkc0sdtA,6fAbkc0sdtA_3L1cePInKU8,_WRHnamU9_Q_qa3Rbbz2C1I,_WRHnamU9_Q,wo_ltp,2,is is is is is is is is is is is is is is is is is is is is is is is is is is is is is is is is is is is is is is is is is is is is is is is is is is is is is is is is is is is is is is is is is is is is is is is is is is that is is is that's is that's is that's is that's is that's is that's is that's,is is is is is is is is is is is is is is is is is is is is is is is is is is is is is is is is is is is is is is is is is is is is is is is is is is is is is is is is is is is is is is is is is is is is is is is is is is that is is is that's is that's is that's is that's is that's is that's is that's,unsupported,unknown,1,type_token_ratio=0.03,0,E7_degenerate_generation,生成崩潰（退化輸出）,degenerate_output,整段生成為退化輸出（type_token_ratio=0.03），此時的 unsupported 反映生成崩潰而非主張缺乏證據,,not_applicable,,,,not_applicable,1,0,is is is is is is is is is is is is is is is is is is is is is is. is is is is is is is is is is is is is is is is is is is is is is is is is is is is is is is is is is is is is is is is is is is is is is is is is is is is is is is is is is is is is is is is is is is is is is is is is is that is is is that's is that's is that's is that's is that's is that's is that's
3300,fVFgTzPNGM8,fVFgTzPNGM8_hyM348BSQEw,yLu1zhe4_Hw_kg5gWNzoIJw,yLu1zhe4_Hw,full,4,soul with a strong emotional message.,"This song combines elements of hip-hop, rock, and soul with a strong emotional message.",audio-supported,audio,0,,0,E0_clause_split_artifact,斷句碎片（標註流程假影）,parent_audio-supported,"母句可歸屬，unsupported 係 split_claims 於 and/, 處切斷所致",hip-hop;rock;soul,supported,hip-hop;rock;soul,,,not_applicable,1,0,"Allow me to recommend 'Cleanin' Out My Closet' by Eminem. It's a track from his album 'Cleanin' Out My Closet'. This song combines elements of hip-hop, rock, and soul with a strong emotional message. It was released in 2002 and has a powerful and heartfelt vibe that could be a fitting choice for your video."
3300,fVFgTzPNGM8,fVFgTzPNGM8_hyM348BSQEw,yLu1zhe4_Hw_kg5gWNzoIJw,yLu1zhe4_Hw,wo_video,4,rock with a strong emotional message.,"It combines elements of hip-hop, soul, and rock with a strong emotional message.",audio-supported,audio,0,,0,E0_clause_split_artifact,斷句碎片（標註流程假影）,parent_audio-supported,"母句可歸屬，unsupported 係 split_claims 於 and/, 處切斷所致",hip-hop;rock;soul,supported,hip-hop;rock;soul,,,not_applicable,1,0,"Allow me to recommend 'Cleanin' Out My Closet' by Eminem. It's a track from his album 'Cleanin' Out My Closet'. It combines elements of hip-hop, soul, and rock with a strong emotional message. It was released in 2002 and may contain the specific elements you want."
3300,fVFgTzPNGM8,fVFgTzPNGM8_hyM348BSQEw,yLu1zhe4_Hw_kg5gWNzoIJw,yLu1zhe4_Hw,wo_audio_feature_only,3,soul with a strong emotional message.,It's a track that combines elements of hip-hop and soul with a strong emotional message.,audio-supported,audio,0,,0,E0_clause_split_artifact,斷句碎片（標註流程假影）,parent_audio-supported,"母句可歸屬，unsupported 係 split_claims 於 and/, 處切斷所致",hip-hop;soul,supported,hip-hop;soul,,,not_applicable,1,0,"Allow me to recommend 'Eminem' by Eminem. It's a track that combines elements of hip-hop and soul with a strong emotional message. Although I don't have much information about this specific track, it aligns well with Eminem's style and could be a fitting recommendation for your video."
3300,fVFgTzPNGM8,fVFgTzPNGM8_hyM348BSQEw,yLu1zhe4_Hw_kg5gWNzoIJw,yLu1zhe4_Hw,wo_audio_feature_only,4,"Although I don't have much information about this specific track, it aligns well with Eminem's style","Although I don't have much information about this specific track, it aligns well with Eminem's style and could be a fitting recommendation for your video.",general-supported,general,0,,1,E0_clause_split_artifact,斷句碎片（標註流程假影）,parent_general-supported,"母句可歸屬，unsupported 係 split_claims 於 and/, 處切斷所致",,not_applicable,,,,not_applicable,1,0,"Allow me to recommend 'Eminem' by Eminem. It's a track that combines elements of hip-hop and soul with a strong emotional message. Although I don't have much information about this specific track, it aligns well with Eminem's style and could be a fitting recommendation for your video."
3300,fVFgTzPNGM8,fVFgTzPNGM8_hyM348BSQEw,yLu1zhe4_Hw_kg5gWNzoIJw,yLu1zhe4_Hw,wo_prompt,2,It's a hip-hop track with electronic,It's a hip-hop track with electronic and rock influences.,audio-supported,audio,0,,1,E0_clause_split_artifact,斷句碎片（標註流程假影）,parent_audio-supported,"母句可歸屬，unsupported 係 split_claims 於 and/, 處切斷所致",electronic;hip-hop;rock,supported,electronic;hip-hop;rock,,,not_applicable,1,0,I recommend 'The Way I Am' by J.R. It's a hip-hop track with electronic and rock influences. The song has a male vocal and a techno sound. It was released in 2012 and is available on iTunes.
3300,fVFgTzPNGM8,fVFgTzPNGM8_hyM348BSQEw,yLu1zhe4_Hw_kg5gWNzoIJw,yLu1zhe4_Hw,wo_prompt,5,is available on iTunes.,It was released in 2012 and is available on iTunes.,metadata-supported,metadata,0,,0,E0_clause_split_artifact,斷句碎片（標註流程假影）,parent_metadata-supported,"母句可歸屬，unsupported 係 split_claims 於 and/, 處切斷所致",,not_applicable,,,,not_applicable,1,0,I recommend 'The Way I Am' by J.R. It's a hip-hop track with electronic and rock influences. The song has a male vocal and a techno sound. It was released in 2012 and is available on iTunes.
3300,fVFgTzPNGM8,fVFgTzPNGM8_hyM348BSQEw,yLu1zhe4_Hw_kg5gWNzoIJw,yLu1zhe4_Hw,wo_ltp,1,<EMPTY_GENERATION>,<EMPTY_GENERATION>,unsupported,unknown,1,type_token_ratio=0.02,0,E7_degenerate_generation,生成崩潰（退化輸出）,degenerate_output,整段生成為退化輸出（type_token_ratio=0.02），此時的 unsupported 反映生成崩潰而非主張缺乏證據,,not_applicable,,,,not_applicable,1,0,"s.s,s,s,s,s,s,s,s,s,s,s,s,s,s,s,s,s,s,s,s,s,s,s,s,s,s,s,s,s,s,s,s,s,s,s,s,s,s,s,s,s,s,s,s,s,s,s,s,s,s,s,s,s,s,s,s,s,s,s,s,s,s,s,"
3317,yN6J9nQSaJw,yN6J9nQSaJw_EZrv2vrQZXg,XH1pahdysM8_hErWq-TqSuQ,XH1pahdysM8,wo_video,3,"Although I don't have much information about this track, it seems to align with the genres you're interested in.","Although I don't have much information about this track, it seems to align with the genres you're interested in.",unsupported,unknown,0,,0,E6_likely_hallucination,可能幻覺,unclassified_specific_claim,具體主張但未命中任何證據來源,,not_applicable,,,,not_applicable,1,1,"Certainly! I recommend 'My Life' by YOUNG D. It's a track that combines elements of hip-hop, R&B, and electronic music. Although I don't have much information about this track, it seems to align with the genres you're interested in."
3317,yN6J9nQSaJw,yN6J9nQSaJw_EZrv2vrQZXg,XH1pahdysM8_hErWq-TqSuQ,XH1pahdysM8,wo_audio_all,3,"Although I don't have much information about this specific track, it aligns with the genres you mentioned","Although I don't have much information about this specific track, it aligns with the genres you mentioned and could be a fitting choice for your project.",general-supported,general,0,,1,E0_clause_split_artifact,斷句碎片（標註流程假影）,parent_general-supported,"母句可歸屬，unsupported 係 split_claims 於 and/, 處切斷所致",,not_applicable,,,,not_applicable,1,0,"Certainly, I recommend 'Hip Hop' by J. Coleman. It's a track that combines elements of hip-hop, R&B, and electronic music. Although I don't have much information about this specific track, it aligns with the genres you mentioned and could be a fitting choice for your project."
3317,yN6J9nQSaJw,yN6J9nQSaJw_EZrv2vrQZXg,XH1pahdysM8_hErWq-TqSuQ,XH1pahdysM8,wo_prompt,4,pop with a touch of R&B.,"The song combines elements of Hip-Hop, electronic, and pop with a touch of R&B.",audio-supported,audio,0,,0,E0_clause_split_artifact,斷句碎片（標註流程假影）,parent_audio-supported,"母句可歸屬，unsupported 係 split_claims 於 and/, 處切斷所致",electronic;hip-hop;pop;r&b,supported,electronic;hip-hop;pop;r&b,,,not_applicable,1,0,"I recommend 'MY QUEEN' by YOUNG D. It's a track from his album 'MY QUEEN'. The song combines elements of Hip-Hop, electronic, and pop with a touch of R&B. It has a techno and synth-focused sound that could be a fitting choice for your video."
3317,yN6J9nQSaJw,yN6J9nQSaJw_EZrv2vrQZXg,XH1pahdysM8_hErWq-TqSuQ,XH1pahdysM8,wo_ltp,1,<EMPTY_GENERATION>,<EMPTY_GENERATION>,unsupported,unknown,1,type_token_ratio=0.18,0,E7_degenerate_generation,生成崩潰（退化輸出）,degenerate_output,整段生成為退化輸出（type_token_ratio=0.18），此時的 unsupported 反映生成崩潰而非主張缺乏證據,,not_applicable,,,,not_applicable,1,0,s. I's. I's. I's. I's. I's. I's. I's. I's. I's. I's. I's. I's. I's. I's. I's. I's's's's's's's's's's's's's's's's's's's's's's's's's's's's's's's's'
3346,xzeRWhp2HIc,xzeRWhp2HIc_gELSZUuDJrY,26_hE18CwtY_bFAF9pVUpMM,26_hE18CwtY,wo_audio_all,6,has a distinctive electronic,It was released in 2012 and has a distinctive electronic and alternative sound that aligns with your preferences.,preference-supported,preference,0,,1,E0_clause_split_artifact,斷句碎片（標註流程假影）,parent_preference-supported,"母句可歸屬，unsupported 係 split_claims 於 and/, 處切斷所致",alternative;electronic,partially_supported,electronic,alternative,,not_applicable,1,0,"Allow me to recommend 'Gosple - The Best of Both Worlds'. It's a track from Gosple's album 'The Best of Both Worlds'. It combines elements of hip-hop, electronic, and alternative with a male vocal style that could be a fitting choice for your video. It was released in 2012 and has a distinctive electronic and alternative sound that aligns with your preferences."
3346,xzeRWhp2HIc,xzeRWhp2HIc_gELSZUuDJrY,26_hE18CwtY_bFAF9pVUpMM,26_hE18CwtY,wo_prompt,4,indie with a touch of pop.,"The song combines elements of Hip-Hop, electronic, rock, and indie with a touch of pop.",audio-supported,audio,0,,0,E0_clause_split_artifact,斷句碎片（標註流程假影）,parent_audio-supported,"母句可歸屬，unsupported 係 split_claims 於 and/, 處切斷所致",electronic;hip-hop;indie;pop;rock,partially_supported,electronic;hip-hop;rock,indie;pop,,not_applicable,1,0,"I recommend 'TO YOUNG LEADERS' by Guante & Big Cats. It's a track from their album 'TO YOUNG LEADERS'. The song combines elements of Hip-Hop, electronic, rock, and indie with a touch of pop. It has a fast-paced and energetic vibe that could be a fitting choice for your video."
3346,xzeRWhp2HIc,xzeRWhp2HIc_gELSZUuDJrY,26_hE18CwtY_bFAF9pVUpMM,26_hE18CwtY,wo_ltp,1,<EMPTY_GENERATION>,<EMPTY_GENERATION>,unsupported,unknown,1,type_token_ratio=0.09,0,E7_degenerate_generation,生成崩潰（退化輸出）,degenerate_output,整段生成為退化輸出（type_token_ratio=0.09），此時的 unsupported 反映生成崩潰而非主張缺乏證據,,not_applicable,,,,not_applicable,1,0,s. I's. I's. I's. I's. I's. I's. I's. I's. I's. I's. I's. I's. I's.I's.I's.I's.I's.I's.I's.I's.I's.I's.I's.I's.I's.I's.I's.I's.I's.I's.I's.t'
3362,AVVxorwxecw,AVVxorwxecw_aAV_itgeW4w,lgT1AidzRWM_XE62ND-fcoE,lgT1AidzRWM,wo_video,3,The song has a catchy,The song has a catchy and energetic vibe that could be a fitting choice for your video.,audio-supported,audio,0,,1,E0_clause_split_artifact,斷句碎片（標註流程假影）,parent_audio-supported,"母句可歸屬，unsupported 係 split_claims 於 and/, 處切斷所致",,not_applicable,,,,not_applicable,1,0,"Certainly! I recommend 'Beautiful' by Eminem. It's a track that combines elements of hip-hop, R&B, and pop with electronic and rock influences. The song has a catchy and energetic vibe that could be a fitting choice for your video."
3362,AVVxorwxecw,AVVxorwxecw_aAV_itgeW4w,lgT1AidzRWM_XE62ND-fcoE,lgT1AidzRWM,wo_prompt,3,He is known for his unique style,He is known for his unique style and powerful lyrics.,unsupported,unknown,0,,1,E6_likely_hallucination,可能幻覺,unclassified_specific_claim,具體主張但未命中任何證據來源,,not_applicable,,,,not_applicable,1,1,"I apologize, but I don't have enough information to recommend a specific track based on the given criteria. However, I can suggest exploring Eminem's music in general. He is known for his unique style and powerful lyrics. You can find his music on various platforms like iTunes, Amazon, and Google Play."
3362,AVVxorwxecw,AVVxorwxecw_aAV_itgeW4w,lgT1AidzRWM_XE62ND-fcoE,lgT1AidzRWM,wo_prompt,4,"You can find his music on various platforms like iTunes, Amazon","You can find his music on various platforms like iTunes, Amazon, and Google Play.",unsupported,unknown,0,,1,E6_likely_hallucination,可能幻覺,unclassified_specific_claim,具體主張但未命中任何證據來源,,not_applicable,,,,not_applicable,1,1,"I apologize, but I don't have enough information to recommend a specific track based on the given criteria. However, I can suggest exploring Eminem's music in general. He is known for his unique style and powerful lyrics. You can find his music on various platforms like iTunes, Amazon, and Google Play."
3362,AVVxorwxecw,AVVxorwxecw_aAV_itgeW4w,lgT1AidzRWM_XE62ND-fcoE,lgT1AidzRWM,wo_ltp,1,<EMPTY_GENERATION>,<EMPTY_GENERATION>,unsupported,unknown,1,type_token_ratio=0.06,0,E7_degenerate_generation,生成崩潰（退化輸出）,degenerate_output,整段生成為退化輸出（type_token_ratio=0.06），此時的 unsupported 反映生成崩潰而非主張缺乏證據,,not_applicable,,,,not_applicable,1,0,.z.z.z.z.z.z.z.z.z.z.z.z.z.z.z.z.z.z.z.z.z.z.z.z.z.z.z.z.z.z.z.z.z.zzzzzzzzzzzzzzzzzzzzzzzzzzzzzzzzzzzzzzzzzzzzzzzzzzzzzzzqzqzqz
3365,SQBmCpPJGGw,SQBmCpPJGGw_2m7Tdn7gVdE,EGN3_pzZy5I_L-AVopM4mdQ,EGN3_pzZy5I,full,2,This track has a rock,This track has a rock and indie sound with elements of alternative and indie rock.,audio-supported,audio,0,,1,E0_clause_split_artifact,斷句碎片（標註流程假影）,parent_audio-supported,"母句可歸屬，unsupported 係 split_claims 於 and/, 處切斷所致",alternative;indie;rock,supported,alternative;indie;rock,,,not_applicable,1,0,"Certainly! I would recommend 'Rupture' by Oli Laroche. This track has a rock and indie sound with elements of alternative and indie rock. It would be a great fit for your video, providing a unique and edgy atmosphere."
3365,SQBmCpPJGGw,SQBmCpPJGGw_2m7Tdn7gVdE,EGN3_pzZy5I_L-AVopM4mdQ,EGN3_pzZy5I,wo_audio_feature_only,2,This track is a rock,This track is a rock and indie style with a more rock and indie vibe.,audio-supported,audio,0,,1,E0_clause_split_artifact,斷句碎片（標註流程假影）,parent_audio-supported,"母句可歸屬，unsupported 係 split_claims 於 and/, 處切斷所致",indie;rock,supported,indie;rock,,,not_applicable,1,0,"In that case, I would recommend 'Rock & Indie' by Oli Laroche. This track is a rock and indie style with a more rock and indie vibe. It falls under the genres of rock, indie, and electronic dance, which are commonly used in the music industry. It has a fast-paced techno-beat-clap sound with a more rock and indie vibe."
3365,SQBmCpPJGGw,SQBmCpPJGGw_2m7Tdn7gVdE,EGN3_pzZy5I_L-AVopM4mdQ,EGN3_pzZy5I,wo_audio_feature_only,5,"electronic dance, which are commonly used in the music industry.","It falls under the genres of rock, indie, and electronic dance, which are commonly used in the music industry.",audio-supported,audio,0,,0,E0_clause_split_artifact,斷句碎片（標註流程假影）,parent_audio-supported,"母句可歸屬，unsupported 係 split_claims 於 and/, 處切斷所致",dance;electronic;indie;rock,partially_supported,indie;rock,dance;electronic,,not_applicable,1,0,"In that case, I would recommend 'Rock & Indie' by Oli Laroche. This track is a rock and indie style with a more rock and indie vibe. It falls under the genres of rock, indie, and electronic dance, which are commonly used in the music industry. It has a fast-paced techno-beat-clap sound with a more rock and indie vibe."
3365,SQBmCpPJGGw,SQBmCpPJGGw_2m7Tdn7gVdE,EGN3_pzZy5I_L-AVopM4mdQ,EGN3_pzZy5I,wo_audio_all,2,This track is a rock,"This track is a rock and indie song that combines elements of rock, indie, and alternative genres.",audio-supported,audio,0,,1,E0_clause_split_artifact,斷句碎片（標註流程假影）,parent_audio-supported,"母句可歸屬，unsupported 係 split_claims 於 and/, 處切斷所致",alternative;indie;rock,supported,alternative;indie;rock,,,not_applicable,1,0,"In that case, I would recommend 'Rock & Indie' by The Vaccines. This track is a rock and indie song that combines elements of rock, indie, and alternative genres. It has a fast-paced and energetic sound with a mix of electronic and guitar elements. It's a great choice for a video that needs a rock and indie vibe."
3365,SQBmCpPJGGw,SQBmCpPJGGw_2m7Tdn7gVdE,EGN3_pzZy5I_L-AVopM4mdQ,EGN3_pzZy5I,wo_prompt,3,"alternative, with elements of indie rock","This track falls under the genres of rock, indie, and alternative, with elements of indie rock and alternative rock.",audio-supported,audio,0,,1,E0_clause_split_artifact,斷句碎片（標註流程假影）,parent_audio-supported,"母句可歸屬，unsupported 係 split_claims 於 and/, 處切斷所致",alternative;indie;rock,supported,alternative;indie;rock,,,not_applicable,1,0,"In order to recommend the most suitable background music for your video, I suggest you consider 'Rupture' by Oli Laroche. This track falls under the genres of rock, indie, and alternative, with elements of indie rock and alternative rock. It has a guitar-focused sound and features male vocals. It was released in 2012 and could provide a unique and captivating musical backdrop for your video."
3365,SQBmCpPJGGw,SQBmCpPJGGw_2m7Tdn7gVdE,EGN3_pzZy5I_L-AVopM4mdQ,EGN3_pzZy5I,wo_prompt,6,could provide a unique,It was released in 2012 and could provide a unique and captivating musical backdrop for your video.,metadata-supported,metadata,0,,1,E0_clause_split_artifact,斷句碎片（標註流程假影）,parent_metadata-supported,"母句可歸屬，unsupported 係 split_claims 於 and/, 處切斷所致",,not_applicable,,,,not_applicable,1,0,"In order to recommend the most suitable background music for your video, I suggest you consider 'Rupture' by Oli Laroche. This track falls under the genres of rock, indie, and alternative, with elements of indie rock and alternative rock. It has a guitar-focused sound and features male vocals. It was released in 2012 and could provide a unique and captivating musical backdrop for your video."
3365,SQBmCpPJGGw,SQBmCpPJGGw_2m7Tdn7gVdE,EGN3_pzZy5I_L-AVopM4mdQ,EGN3_pzZy5I,wo_prompt,7,captivating musical backdrop for your video.,It was released in 2012 and could provide a unique and captivating musical backdrop for your video.,metadata-supported,metadata,0,,0,E0_clause_split_artifact,斷句碎片（標註流程假影）,parent_metadata-supported,"母句可歸屬，unsupported 係 split_claims 於 and/, 處切斷所致",,not_applicable,,,,not_applicable,1,0,"In order to recommend the most suitable background music for your video, I suggest you consider 'Rupture' by Oli Laroche. This track falls under the genres of rock, indie, and alternative, with elements of indie rock and alternative rock. It has a guitar-focused sound and features male vocals. It was released in 2012 and could provide a unique and captivating musical backdrop for your video."
3365,SQBmCpPJGGw,SQBmCpPJGGw_2m7Tdn7gVdE,EGN3_pzZy5I_L-AVopM4mdQ,EGN3_pzZy5I,wo_ltp,1,is is is is is is is is.,is is is is is is is is.,unsupported,unknown,1,type_token_ratio=0.04,0,E7_degenerate_generation,生成崩潰（退化輸出）,degenerate_output,整段生成為退化輸出（type_token_ratio=0.04），此時的 unsupported 反映生成崩潰而非主張缺乏證據,,not_applicable,,,,not_applicable,1,0,is is is is is is is is. is is is. is is. and that is. is. and that. and that is. and that is. and that is. and that is. and that. and that. that. that. that' that. that. that. that that. that that that. that that that. that that that that that. that that that that that that that that that that that that that that that that that that that that that that that that that that that that that that that that that that that that that that that that that that that that that that that that that that that that
3365,SQBmCpPJGGw,SQBmCpPJGGw_2m7Tdn7gVdE,EGN3_pzZy5I_L-AVopM4mdQ,EGN3_pzZy5I,wo_ltp,2,that that that that that.,that that that that that.,unsupported,unknown,1,type_token_ratio=0.04,0,E7_degenerate_generation,生成崩潰（退化輸出）,degenerate_output,整段生成為退化輸出（type_token_ratio=0.04），此時的 unsupported 反映生成崩潰而非主張缺乏證據,,not_applicable,,,,not_applicable,1,0,is is is is is is is is. is is is. is is. and that is. is. and that. and that is. and that is. and that is. and that is. and that. and that. that. that. that' that. that. that. that that. that that that. that that that. that that that that that. that that that that that that that that that that that that that that that that that that that that that that that that that that that that that that that that that that that that that that that that that that that that that that that that that that that that
3365,SQBmCpPJGGw,SQBmCpPJGGw_2m7Tdn7gVdE,EGN3_pzZy5I_L-AVopM4mdQ,EGN3_pzZy5I,wo_ltp,3,that that that that that that that that that that that that that that that that that that that that that that that that that that that that that that that that that that that that that that that that that that that that that that that that that that that that,that that that that that that that that that that that that that that that that that that that that that that that that that that that that that that that that that that that that that that that that that that that that that that that that that that that that,unsupported,unknown,1,type_token_ratio=0.04,0,E7_degenerate_generation,生成崩潰（退化輸出）,degenerate_output,整段生成為退化輸出（type_token_ratio=0.04），此時的 unsupported 反映生成崩潰而非主張缺乏證據,,not_applicable,,,,not_applicable,1,0,is is is is is is is is. is is is. is is. and that is. is. and that. and that is. and that is. and that is. and that is. and that. and that. that. that. that' that. that. that. that that. that that that. that that that. that that that that that. that that that that that that that that that that that that that that that that that that that that that that that that that that that that that that that that that that that that that that that that that that that that that that that that that that that that
3381,X1QRMJq-h9U,X1QRMJq-h9U_IobSd71BE9g,98mD8hvKKso_tThW8JY9GMc,98mD8hvKKso,full,2,It's a rock track with elements of pop,It's a rock track with elements of pop and hard rock.,unsupported,unknown,0,,1,E0b_rule_miss_verified,規則漏判但有證據支持,genre_claim_verified_by_tags,曲風敘述可由 musicnn 標籤／參考文本支持；v2 因 GENRE_TERMS 需搭配 anchor 詞才計為 audio 而漏判,pop;rock,supported,pop;rock,,,not_applicable,1,0,"Certainly! I recommend 'Enshrined in My Memory' by Timo Tolkki's Avalon featuring Elize Ryd. It's a rock track with elements of pop and hard rock. The song features Elize Ryd's powerful female vocals, which will add a dynamic and captivating element to your video."
3381,X1QRMJq-h9U,X1QRMJq-h9U_IobSd71BE9g,98mD8hvKKso_tThW8JY9GMc,98mD8hvKKso,full,4,captivating element to your video.,"The song features Elize Ryd's powerful female vocals, which will add a dynamic and captivating element to your video.",audio-supported,audio,0,,0,E0_clause_split_artifact,斷句碎片（標註流程假影）,parent_audio-supported,"母句可歸屬，unsupported 係 split_claims 於 and/, 處切斷所致",,not_applicable,,,,not_applicable,1,0,"Certainly! I recommend 'Enshrined in My Memory' by Timo Tolkki's Avalon featuring Elize Ryd. It's a rock track with elements of pop and hard rock. The song features Elize Ryd's powerful female vocals, which will add a dynamic and captivating element to your video."
3381,X1QRMJq-h9U,X1QRMJq-h9U_IobSd71BE9g,98mD8hvKKso_tThW8JY9GMc,98mD8hvKKso,wo_video,2,This track has a rock,This track has a rock and pop sound with female vocals.,audio-supported,audio,0,,1,E0_clause_split_artifact,斷句碎片（標註流程假影）,parent_audio-supported,"母句可歸屬，unsupported 係 split_claims 於 and/, 處切斷所致",pop;rock,supported,pop;rock,,,not_applicable,1,0,Certainly! I recommend 'Enshrined in My Memory' by Timo Tolkki's Avalon featuring Elize Ryd. This track has a rock and pop sound with female vocals. It's a great choice if you're looking for a female vocalist in the rock or pop genre.
3381,X1QRMJq-h9U,X1QRMJq-h9U_IobSd71BE9g,98mD8hvKKso_tThW8JY9GMc,98mD8hvKKso,wo_audio_all,2,This track is a rock,This track is a rock and pop song with female vocalists.,audio-supported,audio,0,,1,E0_clause_split_artifact,斷句碎片（標註流程假影）,parent_audio-supported,"母句可歸屬，unsupported 係 split_claims 於 and/, 處切斷所致",pop;rock,supported,pop;rock,,,not_applicable,1,0,"In that case, I would recommend 'I'm Not Your Girlfriend' by The Ting Tings. This track is a rock and pop song with female vocalists. It has a catchy and energetic sound that would be perfect for your video. It's part of the album 'I'm Not Your Girlfriend' by The Ting Tings."
3381,X1QRMJq-h9U,X1QRMJq-h9U_IobSd71BE9g,98mD8hvKKso_tThW8JY9GMc,98mD8hvKKso,wo_audio_all,4,It has a catchy,It has a catchy and energetic sound that would be perfect for your video.,audio-supported,audio,0,,1,E0_clause_split_artifact,斷句碎片（標註流程假影）,parent_audio-supported,"母句可歸屬，unsupported 係 split_claims 於 and/, 處切斷所致",,not_applicable,,,,not_applicable,1,0,"In that case, I would recommend 'I'm Not Your Girlfriend' by The Ting Tings. This track is a rock and pop song with female vocalists. It has a catchy and energetic sound that would be perfect for your video. It's part of the album 'I'm Not Your Girlfriend' by The Ting Tings."
3381,X1QRMJq-h9U,X1QRMJq-h9U_IobSd71BE9g,98mD8hvKKso_tThW8JY9GMc,98mD8hvKKso,wo_prompt,2,"It's a rock track with elements of metal, hard rock","It's a rock track with elements of metal, hard rock, and pop.",unsupported,unknown,0,,1,E0b_rule_miss_verified,規則漏判但有證據支持,genre_claim_verified_by_tags,曲風敘述可由 musicnn 標籤／參考文本支持；v2 因 GENRE_TERMS 需搭配 anchor 詞才計為 audio 而漏判,metal;pop;rock,supported,metal;pop;rock,,,not_applicable,1,0,"I recommend 'Enshrined in My Memory' by Timo Tolkki's Avalon featuring Elize Ryd. It's a rock track with elements of metal, hard rock, and pop. The song has a powerful female vocal and a fast-paced guitar-driven sound. It was released in 2010 and could be a fitting choice for your video."
3381,X1QRMJq-h9U,X1QRMJq-h9U_IobSd71BE9g,98mD8hvKKso_tThW8JY9GMc,98mD8hvKKso,wo_ltp,1,and morning morning morning morning morning morning morning morning morning morning morning,"and morning morning morning morning morning morning morning morning morning morning morning, and morning morning morning morning.",unsupported,unknown,1,type_token_ratio=0.04,1,E7_degenerate_generation,生成崩潰（退化輸出）,degenerate_output,整段生成為退化輸出（type_token_ratio=0.04），此時的 unsupported 反映生成崩潰而非主張缺乏證據,,not_applicable,,,,not_applicable,1,0,"., and. is. for. and morning morning morning morning morning morning morning morning morning morning morning, and morning morning morning morning. morning morning morning morning morning morning morning morning morning morning morning morning morning morning morning morning morning morning morning morning morning morning morning morning morning morning morning morning morning morning morning morning morning morning morning morning morning morning morning morning morning morning morning morning morning morning morning morning today morning morning morning morning morning morning today morning morning morning morning morning today morning today morning morning today morning today morning today morning today morning today morning today morning today morning today morning today morning morning morning today morning today morning morning morning morning morning morning morning morning morning morning morning morning"
3381,X1QRMJq-h9U,X1QRMJq-h9U_IobSd71BE9g,98mD8hvKKso_tThW8JY9GMc,98mD8hvKKso,wo_ltp,2,morning morning morning morning.,"and morning morning morning morning morning morning morning morning morning morning morning, and morning morning morning morning.",unsupported,unknown,1,type_token_ratio=0.04,0,E7_degenerate_generation,生成崩潰（退化輸出）,degenerate_output,整段生成為退化輸出（type_token_ratio=0.04），此時的 unsupported 反映生成崩潰而非主張缺乏證據,,not_applicable,,,,not_applicable,1,0,"., and. is. for. and morning morning morning morning morning morning morning morning morning morning morning, and morning morning morning morning. morning morning morning morning morning morning morning morning morning morning morning morning morning morning morning morning morning morning morning morning morning morning morning morning morning morning morning morning morning morning morning morning morning morning morning morning morning morning morning morning morning morning morning morning morning morning morning morning today morning morning morning morning morning morning today morning morning morning morning morning today morning today morning morning today morning today morning today morning today morning today morning today morning today morning today morning today morning morning morning today morning today morning morning morning morning morning morning morning morning morning morning morning morning"
3381,X1QRMJq-h9U,X1QRMJq-h9U_IobSd71BE9g,98mD8hvKKso_tThW8JY9GMc,98mD8hvKKso,wo_ltp,3,morning morning morning morning morning morning morning morning morning morning morning morning morning morning morning morning morning morning morning morning morning morning morning morning morning morning morning morning morning morning morning morning morning morning morning morning morning morning morning morning morning morning morning morning morning morning morning morning today morning morning morning morning morning morning today morning morning morning morning morning today morning today morning morning today morning today morning today morning today morning today morning today morning today morning today morning today morning morning morning today morning today morning morning morning morning morning morning morning morning morning morning morning morning,morning morning morning morning morning morning morning morning morning morning morning morning morning morning morning morning morning morning morning morning morning morning morning morning morning morning morning morning morning morning morning morning morning morning morning morning morning morning morning morning morning morning morning morning morning morning morning morning today morning morning morning morning morning morning today morning morning morning morning morning today morning today morning morning today morning today morning today morning today morning today morning today morning today morning today morning today morning morning morning today morning today morning morning morning morning morning morning morning morning morning morning morning morning,unsupported,unknown,1,type_token_ratio=0.04,0,E7_degenerate_generation,生成崩潰（退化輸出）,degenerate_output,整段生成為退化輸出（type_token_ratio=0.04），此時的 unsupported 反映生成崩潰而非主張缺乏證據,,not_applicable,,,,not_applicable,1,0,"., and. is. for. and morning morning morning morning morning morning morning morning morning morning morning, and morning morning morning morning. morning morning morning morning morning morning morning morning morning morning morning morning morning morning morning morning morning morning morning morning morning morning morning morning morning morning morning morning morning morning morning morning morning morning morning morning morning morning morning morning morning morning morning morning morning morning morning morning today morning morning morning morning morning morning today morning morning morning morning morning today morning today morning morning today morning today morning today morning today morning today morning today morning today morning today morning today morning morning morning today morning today morning morning morning morning morning morning morning morning morning morning morning morning"
3414,GvGlDimlZxc,GvGlDimlZxc_rNXvMajnoQ4,79JpTg7L-1Y_guyTMxG8bk0,79JpTg7L-1Y,wo_prompt,4,alternative with a touch of experimental music.,"The song combines elements of rock, metal, and alternative with a touch of experimental music.",audio-supported,audio,0,,0,E0_clause_split_artifact,斷句碎片（標註流程假影）,parent_audio-supported,"母句可歸屬，unsupported 係 split_claims 於 and/, 處切斷所致",alternative;metal;rock,supported,alternative;metal;rock,,,not_applicable,1,0,"I recommend 'Nothing Remains' by Like A Storm. It's a track from their album 'Nothing Remains'. The song combines elements of rock, metal, and alternative with a touch of experimental music. It has a powerful and intense sound that could be a fitting choice for your video."
3414,GvGlDimlZxc,GvGlDimlZxc_rNXvMajnoQ4,79JpTg7L-1Y_guyTMxG8bk0,79JpTg7L-1Y,wo_prompt,5,It has a powerful,It has a powerful and intense sound that could be a fitting choice for your video.,audio-supported,audio,0,,1,E0_clause_split_artifact,斷句碎片（標註流程假影）,parent_audio-supported,"母句可歸屬，unsupported 係 split_claims 於 and/, 處切斷所致",,not_applicable,,,,not_applicable,1,0,"I recommend 'Nothing Remains' by Like A Storm. It's a track from their album 'Nothing Remains'. The song combines elements of rock, metal, and alternative with a touch of experimental music. It has a powerful and intense sound that could be a fitting choice for your video."
3414,GvGlDimlZxc,GvGlDimlZxc_rNXvMajnoQ4,79JpTg7L-1Y_guyTMxG8bk0,79JpTg7L-1Y,wo_ltp,1,is is is is for.,is is is is for.,unsupported,unknown,1,type_token_ratio=0.07,0,E7_degenerate_generation,生成崩潰（退化輸出）,degenerate_output,整段生成為退化輸出（type_token_ratio=0.07），此時的 unsupported 反映生成崩潰而非主張缺乏證據,,not_applicable,,,,not_applicable,1,0,. is is is is for. that is is is for. is is. is. that is. that was was! was! was! was! that! was! was! was! was?! was! was! was! was! that was! was! that! was! that was! that was! was! that' was! that'! that'! that'! that' that' that' that' that' that' that' that' that' that' that' that' that' that' that' that' that' that' that' that' that' that' that' that'
3414,GvGlDimlZxc,GvGlDimlZxc_rNXvMajnoQ4,79JpTg7L-1Y_guyTMxG8bk0,79JpTg7L-1Y,wo_ltp,2,that is is is for.,that is is is for.,unsupported,unknown,1,type_token_ratio=0.07,0,E7_degenerate_generation,生成崩潰（退化輸出）,degenerate_output,整段生成為退化輸出（type_token_ratio=0.07），此時的 unsupported 反映生成崩潰而非主張缺乏證據,,not_applicable,,,,not_applicable,1,0,. is is is is for. that is is is for. is is. is. that is. that was was! was! was! was! that! was! was! was! was?! was! was! was! was! that was! was! that! was! that was! that was! was! that' was! that'! that'! that'! that' that' that' that' that' that' that' that' that' that' that' that' that' that' that' that' that' that' that' that' that' that' that' that'
3414,GvGlDimlZxc,GvGlDimlZxc_rNXvMajnoQ4,79JpTg7L-1Y_guyTMxG8bk0,79JpTg7L-1Y,wo_ltp,3,that' that' that' that' that' that' that' that' that' that' that' that' that' that' that' that' that' that' that' that' that' that' that' that',that' that' that' that' that' that' that' that' that' that' that' that' that' that' that' that' that' that' that' that' that' that' that' that',unsupported,unknown,1,type_token_ratio=0.07,0,E7_degenerate_generation,生成崩潰（退化輸出）,degenerate_output,整段生成為退化輸出（type_token_ratio=0.07），此時的 unsupported 反映生成崩潰而非主張缺乏證據,,not_applicable,,,,not_applicable,1,0,. is is is is for. that is is is for. is is. is. that is. that was was! was! was! was! that! was! was! was! was?! was! was! was! was! that was! was! that! was! that was! that was! was! that' was! that'! that'! that'! that' that' that' that' that' that' that' that' that' that' that' that' that' that' that' that' that' that' that' that' that' that' that' that'
3454,qf-l0RJThfA,qf-l0RJThfA_74jEqQczxGc,3iM-rrHDa4A_JCP8F2AOx38,3iM-rrHDa4A,wo_video,4,offers a unique blend of genres.,It's part of the album 'The Last Goodbye' and offers a unique blend of genres.,metadata-supported,metadata,0,,0,E0_clause_split_artifact,斷句碎片（標註流程假影）,parent_metadata-supported,"母句可歸屬，unsupported 係 split_claims 於 and/, 處切斷所致",,not_applicable,,,The Last Goodbye,not_found,1,0,"In that case, I would recommend 'The Last Goodbye' by The Last Goodbye. This track has a rock sound with indie and alternative influences. It's part of the album 'The Last Goodbye' and offers a unique blend of genres. It would be a great fit for your video."
3454,qf-l0RJThfA,qf-l0RJThfA_74jEqQczxGc,3iM-rrHDa4A_JCP8F2AOx38,3iM-rrHDa4A,wo_audio_feature_only,2,This track has a rock,This track has a rock and alternative vibe with an indie and a strong indie and alternative vibe.,unsupported,unknown,0,,1,E0b_rule_miss_verified,規則漏判但有證據支持,genre_claim_verified_by_tags,曲風敘述可由 musicnn 標籤／參考文本支持；v2 因 GENRE_TERMS 需搭配 anchor 詞才計為 audio 而漏判,alternative;indie;rock,supported,alternative;indie;rock,,,not_applicable,1,0,"In that case, I would recommend 'Rock With An Indie' by The Vamps. This track has a rock and alternative vibe with an indie and a strong indie and alternative vibe. It's a great choice for a wedding reception, as it combines elements of rock with an indie and alternative vibe. It's a perfect fit for a wedding reception, as it captures the essence of a rock and alternative vibe, while also incorporating the strong indie and alternative vibe."
3454,qf-l0RJThfA,qf-l0RJThfA_74jEqQczxGc,3iM-rrHDa4A_JCP8F2AOx38,3iM-rrHDa4A,wo_audio_feature_only,3,alternative vibe with an indie,This track has a rock and alternative vibe with an indie and a strong indie and alternative vibe.,unsupported,unknown,0,,1,E0b_rule_miss_verified,規則漏判但有證據支持,genre_claim_verified_by_tags,曲風敘述可由 musicnn 標籤／參考文本支持；v2 因 GENRE_TERMS 需搭配 anchor 詞才計為 audio 而漏判,alternative;indie;rock,supported,alternative;indie;rock,,,not_applicable,1,0,"In that case, I would recommend 'Rock With An Indie' by The Vamps. This track has a rock and alternative vibe with an indie and a strong indie and alternative vibe. It's a great choice for a wedding reception, as it combines elements of rock with an indie and alternative vibe. It's a perfect fit for a wedding reception, as it captures the essence of a rock and alternative vibe, while also incorporating the strong indie and alternative vibe."
3454,qf-l0RJThfA,qf-l0RJThfA_74jEqQczxGc,3iM-rrHDa4A_JCP8F2AOx38,3iM-rrHDa4A,wo_audio_feature_only,6,also incorporating the strong indie,"It's a perfect fit for a wedding reception, as it captures the essence of a rock and alternative vibe, while also incorporating the strong indie and alternative vibe.",general-supported,general,0,,1,E0_clause_split_artifact,斷句碎片（標註流程假影）,parent_general-supported,"母句可歸屬，unsupported 係 split_claims 於 and/, 處切斷所致",alternative;indie;rock,supported,alternative;indie;rock,,,not_applicable,1,0,"In that case, I would recommend 'Rock With An Indie' by The Vamps. This track has a rock and alternative vibe with an indie and a strong indie and alternative vibe. It's a great choice for a wedding reception, as it combines elements of rock with an indie and alternative vibe. It's a perfect fit for a wedding reception, as it captures the essence of a rock and alternative vibe, while also incorporating the strong indie and alternative vibe."
3454,qf-l0RJThfA,qf-l0RJThfA_74jEqQczxGc,3iM-rrHDa4A_JCP8F2AOx38,3iM-rrHDa4A,wo_audio_all,2,This track has a rock,This track has a rock and indie sound with an alternative vibe.,audio-supported,audio,0,,1,E0_clause_split_artifact,斷句碎片（標註流程假影）,parent_audio-supported,"母句可歸屬，unsupported 係 split_claims 於 and/, 處切斷所致",alternative;indie;rock,supported,alternative;indie;rock,,,not_applicable,1,0,"In that case, I would recommend 'Rocky Horror' by The Menzingers. This track has a rock and indie sound with an alternative vibe. It's a perfect fit for your video, combining elements of rock, indie, and alternative genres."
3454,qf-l0RJThfA,qf-l0RJThfA_74jEqQczxGc,3iM-rrHDa4A_JCP8F2AOx38,3iM-rrHDa4A,wo_ltp,1,"and, and, and, and, and, and, and, and, and, and, and, and, and, and, and, and, and, and, and, and, and, and, and, and, and, and, and, and, and, and, and, and, and, and, and, and, and, and, and, and, and, and, and, and, and, and, and, and, and, and, and, and, and, and, and, and, and, and, and, and, and, and, and, and",", and, and, and, and, and, and, and, and, and, and, and, and, and, and, and, and, and, and, and, and, and, and, and, and, and, and, and, and, and, and, and, and, and, and, and, and, and, and, and, and, and, and, and, and, and, and, and, and, and, and, and, and, and, and, and, and, and, and, and, and, and, and, and, and",unsupported,unknown,1,type_token_ratio=0.02,0,E7_degenerate_generation,生成崩潰（退化輸出）,degenerate_output,整段生成為退化輸出（type_token_ratio=0.02），此時的 unsupported 反映生成崩潰而非主張缺乏證據,,not_applicable,,,,not_applicable,1,0,", and, and, and, and, and, and, and, and, and, and, and, and, and, and, and, and, and, and, and, and, and, and, and, and, and, and, and, and, and, and, and, and, and, and, and, and, and, and, and, and, and, and, and, and, and, and, and, and, and, and, and, and, and, and, and, and, and, and, and, and, and, and, and, and"
3463,Ga9vrr_fB-k,Ga9vrr_fB-k_nGpQxNRnNtQ,_vE5a46Uwh0_M08_0Pnd0hA,_vE5a46Uwh0,wo_prompt,6,catchy vibe to your video.,The song has a fast-paced beat and synth elements that could add an energetic and catchy vibe to your video.,video-supported,video,0,,0,E0_clause_split_artifact,斷句碎片（標註流程假影）,parent_video-supported,"母句可歸屬，unsupported 係 split_claims 於 and/, 處切斷所致",,not_applicable,,,,not_applicable,1,0,"I recommend 'Dingue' by Daddy Clean. It's a track from the album 'Dingue' and combines elements of Hip-Hop, electronic, dance, pop, and electro. The song has a fast-paced beat and synth elements that could add an energetic and catchy vibe to your video."
3463,Ga9vrr_fB-k,Ga9vrr_fB-k_nGpQxNRnNtQ,_vE5a46Uwh0_M08_0Pnd0hA,_vE5a46Uwh0,wo_ltp,1,201012 2012 1011 1011 10111 1111 11111 111111 1111111 1111111111111111111111111111111111111111111111111111111111111111111111111,201012 2012 1011 1011 10111 1111 11111 111111 1111111 1111111111111111111111111111111111111111111111111111111111111111111111111,unsupported,unknown,1,too_few_tokens=0,0,E7_degenerate_generation,生成崩潰（退化輸出）,degenerate_output,整段生成為退化輸出（too_few_tokens=0），此時的 unsupported 反映生成崩潰而非主張缺乏證據,,not_applicable,,,,not_applicable,1,0,"201012
2012
1011
1011
10111
1111
11111
111111
1111111
1111111111111111111111111111111111111111111111111111111111111111111111111"
3471,hxub0S_4u8Q,hxub0S_4u8Q_S53iYzSn4p8,iq4TBASryqs_NZxqO9UwF9A,iq4TBASryqs,wo_video,3,This track combines electronic,This track combines electronic and hip-hop elements with a touch of pop and rock influences.,audio-supported,audio,0,,1,E0_clause_split_artifact,斷句碎片（標註流程假影）,parent_audio-supported,"母句可歸屬，unsupported 係 split_claims 於 and/, 處切斷所致",electronic;hip-hop;pop;rock,partially_supported,electronic;hip-hop;pop,rock,,not_applicable,1,0,"Absolutely! If you're looking for a track with an electronic and hip-hop vibe, I would recommend 'I'm Alive' by J. Cole. This track combines electronic and hip-hop elements with a touch of pop and rock influences. It's part of the album 'I'm Alive' by J. Cole."
3471,hxub0S_4u8Q,hxub0S_4u8Q_S53iYzSn4p8,iq4TBASryqs_NZxqO9UwF9A,iq4TBASryqs,wo_video,4,hip-hop elements with a touch of pop,This track combines electronic and hip-hop elements with a touch of pop and rock influences.,audio-supported,audio,0,,1,E0_clause_split_artifact,斷句碎片（標註流程假影）,parent_audio-supported,"母句可歸屬，unsupported 係 split_claims 於 and/, 處切斷所致",electronic;hip-hop;pop;rock,partially_supported,electronic;hip-hop;pop,rock,,not_applicable,1,0,"Absolutely! If you're looking for a track with an electronic and hip-hop vibe, I would recommend 'I'm Alive' by J. Cole. This track combines electronic and hip-hop elements with a touch of pop and rock influences. It's part of the album 'I'm Alive' by J. Cole."
3471,hxub0S_4u8Q,hxub0S_4u8Q_S53iYzSn4p8,iq4TBASryqs_NZxqO9UwF9A,iq4TBASryqs,wo_audio_feature_only,3,pop with a more electronic,"It's a track that combines elements of hip-hop, rock, and pop with a more electronic and dance vibe.",audio-supported,audio,0,,1,E0_clause_split_artifact,斷句碎片（標註流程假影）,parent_audio-supported,"母句可歸屬，unsupported 係 split_claims 於 and/, 處切斷所致",dance;electronic;hip-hop;pop;rock,partially_supported,dance;electronic;hip-hop;pop,rock,,not_applicable,1,0,"In that case, I would recommend 'Простой' by Mark Merek. It's a track that combines elements of hip-hop, rock, and pop with a more electronic and dance vibe. Although I don't have specific information about this track, it aligns with your preferences for a more electronic and hip-hop vibe."
3471,hxub0S_4u8Q,hxub0S_4u8Q_S53iYzSn4p8,iq4TBASryqs_NZxqO9UwF9A,iq4TBASryqs,wo_audio_all,2,This track has a strong electronic,"This track has a strong electronic and hip-hop vibe, with elements of dance, pop, and electronic music.",unsupported,unknown,0,,1,E0b_rule_miss_verified,規則漏判但有證據支持,genre_claim_verified_by_tags,曲風敘述可由 musicnn 標籤／參考文本支持；v2 因 GENRE_TERMS 需搭配 anchor 詞才計為 audio 而漏判,dance;electronic;hip-hop;pop,supported,dance;electronic;hip-hop;pop,,,not_applicable,1,0,"In that case, I would recommend 'Electronic & Hip-Hop Vibe' by The Hip-Hop Vibe. This track has a strong electronic and hip-hop vibe, with elements of dance, pop, and electronic music. It would be a great fit for your video, providing a lively and energetic atmosphere."
3471,hxub0S_4u8Q,hxub0S_4u8Q_S53iYzSn4p8,iq4TBASryqs_NZxqO9UwF9A,iq4TBASryqs,wo_audio_all,3,"hip-hop vibe, with elements of dance, pop","This track has a strong electronic and hip-hop vibe, with elements of dance, pop, and electronic music.",unsupported,unknown,0,,1,E0b_rule_miss_verified,規則漏判但有證據支持,genre_claim_verified_by_tags,曲風敘述可由 musicnn 標籤／參考文本支持；v2 因 GENRE_TERMS 需搭配 anchor 詞才計為 audio 而漏判,dance;electronic;hip-hop;pop,supported,dance;electronic;hip-hop;pop,,,not_applicable,1,0,"In that case, I would recommend 'Electronic & Hip-Hop Vibe' by The Hip-Hop Vibe. This track has a strong electronic and hip-hop vibe, with elements of dance, pop, and electronic music. It would be a great fit for your video, providing a lively and energetic atmosphere."
3471,hxub0S_4u8Q,hxub0S_4u8Q_S53iYzSn4p8,iq4TBASryqs_NZxqO9UwF9A,iq4TBASryqs,wo_prompt,4,pop with a touch of rock.,"The song combines elements of Hip-Hop, electronic, and pop with a touch of rock.",audio-supported,audio,0,,0,E0_clause_split_artifact,斷句碎片（標註流程假影）,parent_audio-supported,"母句可歸屬，unsupported 係 split_claims 於 and/, 處切斷所致",electronic;hip-hop;pop;rock,partially_supported,electronic;hip-hop;pop,rock,,not_applicable,1,0,"I recommend 'Shot Me Down' by Mark Merek. It's a track from his album 'Shot Me Down'. The song combines elements of Hip-Hop, electronic, and pop with a touch of rock. It has a fast-paced techno beat and synth sounds that could be a fitting choice for your video."
3471,hxub0S_4u8Q,hxub0S_4u8Q_S53iYzSn4p8,iq4TBASryqs_NZxqO9UwF9A,iq4TBASryqs,wo_ltp,1,is is is is that.,is is is is that.,unsupported,unknown,1,type_token_ratio=0.11,0,E7_degenerate_generation,生成崩潰（退化輸出）,degenerate_output,整段生成為退化輸出（type_token_ratio=0.11），此時的 unsupported 反映生成崩潰而非主張缺乏證據,,not_applicable,,,,not_applicable,1,0,is is is is that. is is is is. is is. is is is. is is. is. is. is. and that is is. and that is is is that is is that is is that is is that it's that it's that's that's that's that's that's that's that's that's that's that's that's that's that's that's that's that't that's that't that't that't that't that't that't that't that'
3471,hxub0S_4u8Q,hxub0S_4u8Q_S53iYzSn4p8,iq4TBASryqs_NZxqO9UwF9A,iq4TBASryqs,wo_ltp,2,is is is is.,is is is is.,unsupported,unknown,1,type_token_ratio=0.11,0,E7_degenerate_generation,生成崩潰（退化輸出）,degenerate_output,整段生成為退化輸出（type_token_ratio=0.11），此時的 unsupported 反映生成崩潰而非主張缺乏證據,,not_applicable,,,,not_applicable,1,0,is is is is that. is is is is. is is. is is is. is is. is. is. is. and that is is. and that is is is that is is that is is that is is that it's that it's that's that's that's that's that's that's that's that's that's that's that's that's that's that's that's that't that's that't that't that't that't that't that't that't that'
3471,hxub0S_4u8Q,hxub0S_4u8Q_S53iYzSn4p8,iq4TBASryqs_NZxqO9UwF9A,iq4TBASryqs,wo_ltp,3,and that is is.,and that is is.,unsupported,unknown,1,type_token_ratio=0.11,0,E7_degenerate_generation,生成崩潰（退化輸出）,degenerate_output,整段生成為退化輸出（type_token_ratio=0.11），此時的 unsupported 反映生成崩潰而非主張缺乏證據,,not_applicable,,,,not_applicable,1,0,is is is is that. is is is is. is is. is is is. is is. is. is. is. and that is is. and that is is is that is is that is is that is is that it's that it's that's that's that's that's that's that's that's that's that's that's that's that's that's that's that's that't that's that't that't that't that't that't that't that't that'
3471,hxub0S_4u8Q,hxub0S_4u8Q_S53iYzSn4p8,iq4TBASryqs_NZxqO9UwF9A,iq4TBASryqs,wo_ltp,4,and that is is is that is is that is is that is is that it's that it's that's that's that's that's that's that's that's that's that's that's that's that's that's that's that's that't that's that't that't that't that't that't that't that't that',and that is is is that is is that is is that is is that it's that it's that's that's that's that's that's that's that's that's that's that's that's that's that's that's that's that't that's that't that't that't that't that't that't that't that',unsupported,unknown,1,type_token_ratio=0.11,0,E7_degenerate_generation,生成崩潰（退化輸出）,degenerate_output,整段生成為退化輸出（type_token_ratio=0.11），此時的 unsupported 反映生成崩潰而非主張缺乏證據,,not_applicable,,,,not_applicable,1,0,is is is is that. is is is is. is is. is is is. is is. is. is. is. and that is is. and that is is is that is is that is is that is is that it's that it's that's that's that's that's that's that's that's that's that's that's that's that's that's that's that's that't that's that't that't that't that't that't that't that't that'
3494,9EO4nBIe-yA,9EO4nBIe-yA_RUjHBwO0EgM,9EO4nBIe-yA_RUjHBwO0EgM,9EO4nBIe-yA,full,2,This track has an electronic,This track has an electronic and indie sound with elements of pop and rock.,audio-supported,audio,0,,1,E0_clause_split_artifact,斷句碎片（標註流程假影）,parent_audio-supported,"母句可歸屬，unsupported 係 split_claims 於 and/, 處切斷所致",electronic;indie;pop;rock,supported,electronic;indie;pop;rock,,,not_applicable,1,0,"In that case, I would recommend 'Sunny Day' by ストロベリー・スパンキー. This track has an electronic and indie sound with elements of pop and rock. It's part of the album 'Sunny Day' and it's performed by ストロベリー・スパンキー."
3494,9EO4nBIe-yA,9EO4nBIe-yA_RUjHBwO0EgM,9EO4nBIe-yA_RUjHBwO0EgM,9EO4nBIe-yA,wo_video,2,This track has an electronic,This track has an electronic and indie sound with elements of pop and rock.,audio-supported,audio,0,,1,E0_clause_split_artifact,斷句碎片（標註流程假影）,parent_audio-supported,"母句可歸屬，unsupported 係 split_claims 於 and/, 處切斷所致",electronic;indie;pop;rock,supported,electronic;indie;pop;rock,,,not_applicable,1,0,"In that case, I would recommend 'Sunshine' by The Sounds. This track has an electronic and indie sound with elements of pop and rock. It's part of the album 'Sunshine' and it's available for download on iTunes."
3494,9EO4nBIe-yA,9EO4nBIe-yA_RUjHBwO0EgM,9EO4nBIe-yA_RUjHBwO0EgM,9EO4nBIe-yA,wo_video,5,it's available for download on iTunes.,It's part of the album 'Sunshine' and it's available for download on iTunes.,metadata-supported,metadata,0,,0,E0_clause_split_artifact,斷句碎片（標註流程假影）,parent_metadata-supported,"母句可歸屬，unsupported 係 split_claims 於 and/, 處切斷所致",,not_applicable,,,Sunshine,not_found,1,0,"In that case, I would recommend 'Sunshine' by The Sounds. This track has an electronic and indie sound with elements of pop and rock. It's part of the album 'Sunshine' and it's available for download on iTunes."
3494,9EO4nBIe-yA,9EO4nBIe-yA_RUjHBwO0EgM,9EO4nBIe-yA_RUjHBwO0EgM,9EO4nBIe-yA,wo_prompt,3,"alternative, with elements of pop.","This track falls under the genres of rock, indie, and alternative, with elements of pop.",audio-supported,audio,0,,0,E0_clause_split_artifact,斷句碎片（標註流程假影）,parent_audio-supported,"母句可歸屬，unsupported 係 split_claims 於 and/, 處切斷所致",alternative;indie;pop;rock,partially_supported,indie;pop;rock,alternative,,not_applicable,1,0,"In that case, I would recommend 'Sunny Day' by ストロベリーズ. This track falls under the genres of rock, indie, and alternative, with elements of pop. It has a guitar-focused sound and features male vocals. It's a catchy and upbeat song that would be a great fit for your video."
3494,9EO4nBIe-yA,9EO4nBIe-yA_RUjHBwO0EgM,9EO4nBIe-yA_RUjHBwO0EgM,9EO4nBIe-yA,wo_ltp,1,and was was was was.,and was was was was.,unsupported,unknown,1,type_token_ratio=0.08,0,E7_degenerate_generation,生成崩潰（退化輸出）,degenerate_output,整段生成為退化輸出（type_token_ratio=0.08），此時的 unsupported 反映生成崩潰而非主張缺乏證據,,not_applicable,,,,not_applicable,1,0,.. is. is. for. was. for. and was back. for. is back. for. is back. and was back. and was back. and was back. and was back. and was was was was. and was was. was was. and was. was was. and was. was was. was. was was. and was. was. was was. was was to morning. was was to morning. was was was to was was was to was to was to was was to was to was to was to was to was to was that was that was that was that was that was that was
3494,9EO4nBIe-yA,9EO4nBIe-yA_RUjHBwO0EgM,9EO4nBIe-yA_RUjHBwO0EgM,9EO4nBIe-yA,wo_ltp,2,was was to morning.,was was to morning.,unsupported,unknown,1,type_token_ratio=0.08,0,E7_degenerate_generation,生成崩潰（退化輸出）,degenerate_output,整段生成為退化輸出（type_token_ratio=0.08），此時的 unsupported 反映生成崩潰而非主張缺乏證據,,not_applicable,,,,not_applicable,1,0,.. is. is. for. was. for. and was back. for. is back. for. is back. and was back. and was back. and was back. and was back. and was was was was. and was was. was was. and was. was was. and was. was was. was. was was. and was. was. was was. was was to morning. was was to morning. was was was to was was was to was to was to was was to was to was to was to was to was to was that was that was that was that was that was that was
3494,9EO4nBIe-yA,9EO4nBIe-yA_RUjHBwO0EgM,9EO4nBIe-yA_RUjHBwO0EgM,9EO4nBIe-yA,wo_ltp,3,was was to morning.,was was to morning.,unsupported,unknown,1,type_token_ratio=0.08,0,E7_degenerate_generation,生成崩潰（退化輸出）,degenerate_output,整段生成為退化輸出（type_token_ratio=0.08），此時的 unsupported 反映生成崩潰而非主張缺乏證據,,not_applicable,,,,not_applicable,1,0,.. is. is. for. was. for. and was back. for. is back. for. is back. and was back. and was back. and was back. and was back. and was was was was. and was was. was was. and was. was was. and was. was was. was. was was. and was. was. was was. was was to morning. was was to morning. was was was to was was was to was to was to was was to was to was to was to was to was to was that was that was that was that was that was that was
3494,9EO4nBIe-yA,9EO4nBIe-yA_RUjHBwO0EgM,9EO4nBIe-yA_RUjHBwO0EgM,9EO4nBIe-yA,wo_ltp,4,was was was to was was was to was to was to was was to was to was to was to was to was to was that was that was that was that was that was that was,was was was to was was was to was to was to was was to was to was to was to was to was to was that was that was that was that was that was that was,unsupported,unknown,1,type_token_ratio=0.08,0,E7_degenerate_generation,生成崩潰（退化輸出）,degenerate_output,整段生成為退化輸出（type_token_ratio=0.08），此時的 unsupported 反映生成崩潰而非主張缺乏證據,,not_applicable,,,,not_applicable,1,0,.. is. is. for. was. for. and was back. for. is back. for. is back. and was back. and was back. and was back. and was back. and was was was was. and was was. was was. and was. was was. and was. was was. was. was was. and was. was. was was. was was to morning. was was to morning. was was was to was was was to was to was to was was to was to was to was to was to was to was that was that was that was that was that was that was
3506,raE8dGyRTXQ,raE8dGyRTXQ_IPawwnMx32I,rklsh61BD28_zzGbCVHBYtM,rklsh61BD28,wo_audio_all,5,It also has elements of indie,"It also has elements of indie and electronic, making it a suitable choice for your video.",general-supported,general,0,,1,E0_clause_split_artifact,斷句碎片（標註流程假影）,parent_general-supported,"母句可歸屬，unsupported 係 split_claims 於 and/, 處切斷所致",electronic;indie,partially_supported,indie,electronic,,not_applicable,1,0,"In that case, I recommend 'Love Me Like I Love You' by OneRepublic. This track has a strong vocal performance and features guitar backing. It falls under the genres of rock, pop, and alternative, which align with your preferences. It also has elements of indie and electronic, making it a suitable choice for your video."
3506,raE8dGyRTXQ,raE8dGyRTXQ_IPawwnMx32I,rklsh61BD28_zzGbCVHBYtM,rklsh61BD28,wo_prompt,5,It has a unique,It has a unique and captivating sound that could add a special touch to your video.,audio-supported,audio,0,,1,E0_clause_split_artifact,斷句碎片（標註流程假影）,parent_audio-supported,"母句可歸屬，unsupported 係 split_claims 於 and/, 處切斷所致",,not_applicable,,,,not_applicable,1,0,"I recommend 'Buffalo Stars' by Lelia Broussard. It's a track from her album 'Buffalo Stars'. The song combines elements of pop, rock, and indie with female vocals. It has a unique and captivating sound that could add a special touch to your video."
3506,raE8dGyRTXQ,raE8dGyRTXQ_IPawwnMx32I,rklsh61BD28_zzGbCVHBYtM,rklsh61BD28,wo_ltp,1,"that is that, that is, that, that, that, that, that, that, that, that, that, that, that, that, that, that, that, that, that, that, that, that, that, that, that, that, that, that, that, that, that, that, that, that, that, that, that, that, that, that, that, that, that, that, that, that, that, that, that, that, that, that, that, that, that, that, that, that, that, that, that, that",", that is that, that is, that, that, that, that, that, that, that, that, that, that, that, that, that, that, that, that, that, that, that, that, that, that, that, that, that, that, that, that, that, that, that, that, that, that, that, that, that, that, that, that, that, that, that, that, that, that, that, that, that, that, that, that, that, that, that, that, that, that, that, that,",unsupported,unknown,1,type_token_ratio=0.03,0,E7_degenerate_generation,生成崩潰（退化輸出）,degenerate_output,整段生成為退化輸出（type_token_ratio=0.03），此時的 unsupported 反映生成崩潰而非主張缺乏證據,,not_applicable,,,,not_applicable,1,0,", that is that, that is, that, that, that, that, that, that, that, that, that, that, that, that, that, that, that, that, that, that, that, that, that, that, that, that, that, that, that, that, that, that, that, that, that, that, that, that, that, that, that, that, that, that, that, that, that, that, that, that, that, that, that, that, that, that, that, that, that, that, that, that,"
3514,6FE8jlwBGJs,6FE8jlwBGJs_T5V0hhZ3IVg,6FE8jlwBGJs_T5V0hhZ3IVg,6FE8jlwBGJs,wo_video,3,folk with a classic rock,"It's a track that combines elements of rock, pop, and folk with a classic rock and folk influence.",audio-supported,audio,0,,1,E0_clause_split_artifact,斷句碎片（標註流程假影）,parent_audio-supported,"母句可歸屬，unsupported 係 split_claims 於 and/, 處切斷所致",folk;pop;rock,supported,folk;pop;rock,,,not_applicable,1,0,"Certainly! I recommend 'One More Day' by Go With Me. It's a track that combines elements of rock, pop, and folk with a classic rock and folk influence. Although I don't have much information about this track, it aligns well with the styles you mentioned."
3514,6FE8jlwBGJs,6FE8jlwBGJs_T5V0hhZ3IVg,6FE8jlwBGJs_T5V0hhZ3IVg,6FE8jlwBGJs,wo_video,4,"Although I don't have much information about this track, it aligns well with the styles you mentioned.","Although I don't have much information about this track, it aligns well with the styles you mentioned.",unsupported,unknown,0,,0,E6_likely_hallucination,可能幻覺,unclassified_specific_claim,具體主張但未命中任何證據來源,,not_applicable,,,,not_applicable,1,1,"Certainly! I recommend 'One More Day' by Go With Me. It's a track that combines elements of rock, pop, and folk with a classic rock and folk influence. Although I don't have much information about this track, it aligns well with the styles you mentioned."
3514,6FE8jlwBGJs,6FE8jlwBGJs_T5V0hhZ3IVg,6FE8jlwBGJs_T5V0hhZ3IVg,6FE8jlwBGJs,wo_audio_feature_only,1,I apologize for my lack of knowledge.,I apologize for my lack of knowledge.,unsupported,unknown,0,,0,E6_likely_hallucination,可能幻覺,unclassified_specific_claim,具體主張但未命中任何證據來源,,not_applicable,,,,not_applicable,1,1,"I apologize for my lack of knowledge. I'm sorry to say that I don't have enough information to recommend a specific track. However, I can recommend 'The Wedding Song' by The Wedding Song. It's a track that combines elements of rock, pop, and folk with a touch of classic rock and folk. It has a fast-paced and energetic sound with a mix of techno and electronic beats. It's a fitting choice for your video."
3514,6FE8jlwBGJs,6FE8jlwBGJs_T5V0hhZ3IVg,6FE8jlwBGJs_T5V0hhZ3IVg,6FE8jlwBGJs,wo_audio_feature_only,5,folk with a touch of classic rock,"It's a track that combines elements of rock, pop, and folk with a touch of classic rock and folk.",audio-supported,audio,0,,1,E0_clause_split_artifact,斷句碎片（標註流程假影）,parent_audio-supported,"母句可歸屬，unsupported 係 split_claims 於 and/, 處切斷所致",folk;pop;rock,supported,folk;pop;rock,,,not_applicable,1,0,"I apologize for my lack of knowledge. I'm sorry to say that I don't have enough information to recommend a specific track. However, I can recommend 'The Wedding Song' by The Wedding Song. It's a track that combines elements of rock, pop, and folk with a touch of classic rock and folk. It has a fast-paced and energetic sound with a mix of techno and electronic beats. It's a fitting choice for your video."
3514,6FE8jlwBGJs,6FE8jlwBGJs_T5V0hhZ3IVg,6FE8jlwBGJs_T5V0hhZ3IVg,6FE8jlwBGJs,wo_audio_all,1,I suggest checking out 'The Wedding Song'.,I suggest checking out 'The Wedding Song'.,unsupported,unknown,0,,0,E6_likely_hallucination,可能幻覺,named_entity_absent_from_all_evidence,引號名稱 ['The Wedding Song'] 未見於管線內證據與外部 metadata；屬具體可查證卻查無支持者，列為可能幻覺並送人工複核,,not_applicable,,,The Wedding Song,not_found,1,1,"I suggest checking out 'The Wedding Song'. It's a track from the album 'The Wedding Song'. It combines elements of rock, pop, and folk with a touch of classic rock. It has a guitar-focused sound and features male vocals, which could be a fitting choice for your video."
3514,6FE8jlwBGJs,6FE8jlwBGJs_T5V0hhZ3IVg,6FE8jlwBGJs_T5V0hhZ3IVg,6FE8jlwBGJs,wo_audio_all,4,folk with a touch of classic rock.,"It combines elements of rock, pop, and folk with a touch of classic rock.",audio-supported,audio,0,,0,E0_clause_split_artifact,斷句碎片（標註流程假影）,parent_audio-supported,"母句可歸屬，unsupported 係 split_claims 於 and/, 處切斷所致",folk;pop;rock,supported,folk;pop;rock,,,not_applicable,1,0,"I suggest checking out 'The Wedding Song'. It's a track from the album 'The Wedding Song'. It combines elements of rock, pop, and folk with a touch of classic rock. It has a guitar-focused sound and features male vocals, which could be a fitting choice for your video."
3514,6FE8jlwBGJs,6FE8jlwBGJs_T5V0hhZ3IVg,6FE8jlwBGJs_T5V0hhZ3IVg,6FE8jlwBGJs,wo_ltp,1,is is is is is for.,is is is is is for.,unsupported,unknown,1,type_token_ratio=0.11,0,E7_degenerate_generation,生成崩潰（退化輸出）,degenerate_output,整段生成為退化輸出（type_token_ratio=0.11），此時的 unsupported 反映生成崩潰而非主張缺乏證據,,not_applicable,,,,not_applicable,1,0,is is is is is for. is is is for. I is is for. I is for. for. I is. for. and is. for. and is. for. for. for. and. for. and. for. and. for. and. for. and that's. for. for. for. for. for. for. for. for. for. for. for. for. for. for. for. for. for. for. that't. that't. that't. that't. that't. that't.t.t.t
3514,6FE8jlwBGJs,6FE8jlwBGJs_T5V0hhZ3IVg,6FE8jlwBGJs_T5V0hhZ3IVg,6FE8jlwBGJs,wo_ltp,2,is is is for.,is is is is is for.,unsupported,unknown,1,type_token_ratio=0.11,0,E7_degenerate_generation,生成崩潰（退化輸出）,degenerate_output,整段生成為退化輸出（type_token_ratio=0.11），此時的 unsupported 反映生成崩潰而非主張缺乏證據,,not_applicable,,,,not_applicable,1,0,is is is is is for. is is is for. I is is for. I is for. for. I is. for. and is. for. and is. for. for. for. and. for. and. for. and. for. and. for. and that's. for. for. for. for. for. for. for. for. for. for. for. for. for. for. for. for. for. for. that't. that't. that't. that't. that't. that't.t.t.t
3514,6FE8jlwBGJs,6FE8jlwBGJs_T5V0hhZ3IVg,6FE8jlwBGJs_T5V0hhZ3IVg,6FE8jlwBGJs,wo_ltp,3,I is is for.,I is is for.,unsupported,unknown,1,type_token_ratio=0.11,0,E7_degenerate_generation,生成崩潰（退化輸出）,degenerate_output,整段生成為退化輸出（type_token_ratio=0.11），此時的 unsupported 反映生成崩潰而非主張缺乏證據,,not_applicable,,,,not_applicable,1,0,is is is is is for. is is is for. I is is for. I is for. for. I is. for. and is. for. and is. for. for. for. and. for. and. for. and. for. and. for. and that's. for. for. for. for. for. for. for. for. for. for. for. for. for. for. for. for. for. for. that't. that't. that't. that't. that't. that't.t.t.t
3515,IBgI2Mniq6w,IBgI2Mniq6w_TfbhL9w7DHE,IBgI2Mniq6w_TfbhL9w7DHE,IBgI2Mniq6w,wo_audio_feature_only,3,It has a dance,It has a dance and synth elements that could be a fitting choice for your recommendation.,audio-supported,audio,0,,1,E0_clause_split_artifact,斷句碎片（標註流程假影）,parent_audio-supported,"母句可歸屬，unsupported 係 split_claims 於 and/, 處切斷所致",dance,supported,dance,,,not_applicable,1,0,Allow me to recommend 'Dragonette' by Dragonette. It's a track that combines elements of electronic and pop music. It has a dance and synth elements that could be a fitting choice for your recommendation.
3515,IBgI2Mniq6w,IBgI2Mniq6w_TfbhL9w7DHE,IBgI2Mniq6w_TfbhL9w7DHE,IBgI2Mniq6w,wo_prompt,2,electronic track with elements of house,It's a dance and electronic track with elements of house and pop.,unsupported,unknown,0,,1,E0b_rule_miss_verified,規則漏判但有證據支持,genre_claim_verified_by_tags,曲風敘述可由 musicnn 標籤／參考文本支持；v2 因 GENRE_TERMS 需搭配 anchor 詞才計為 audio 而漏判,dance;electronic;house;pop,supported,dance;electronic;house;pop,,,not_applicable,1,0,"I recommend 'Let It Go (Faustix & Imanos Remix)' by Dragonette. It's a dance and electronic track with elements of house and pop. The remix by Faustix & Imanos adds a unique touch to the song, making it a great choice for your video."
3515,IBgI2Mniq6w,IBgI2Mniq6w_TfbhL9w7DHE,IBgI2Mniq6w_TfbhL9w7DHE,IBgI2Mniq6w,wo_ltp,1,that morning morning morning morning morning,"that morning morning morning morning morning, and that morning morning morning morning morning morning morning morning morning morning morning morning morning morning morning morning morning morning morning morning morning morning morning morning morning morning morning morning morning morning morning morning morning morning morning morning morning morning morning morning morning morning morning morning morning morning morning today morning morning morning morning morning today morning today morning morning morning today that morning today that morning that that that that that that that that that that that that that that that that that that that that that that that that that that that that that that that that that that that that that that that that that that that that that that that that that that",unsupported,unknown,1,type_token_ratio=0.04,1,E7_degenerate_generation,生成崩潰（退化輸出）,degenerate_output,整段生成為退化輸出（type_token_ratio=0.04），此時的 unsupported 反映生成崩潰而非主張缺乏證據,,not_applicable,,,,not_applicable,1,0,"this morning morning. that morning morning morning morning morning, and that morning morning morning morning morning morning morning morning morning morning morning morning morning morning morning morning morning morning morning morning morning morning morning morning morning morning morning morning morning morning morning morning morning morning morning morning morning morning morning morning morning morning morning morning morning morning morning today morning morning morning morning morning today morning today morning morning morning today that morning today that morning that that that that that that that that that that that that that that that that that that that that that that that that that that that that that that that that that that that that that that that that that that that that that that that that that that"
3515,IBgI2Mniq6w,IBgI2Mniq6w_TfbhL9w7DHE,IBgI2Mniq6w_TfbhL9w7DHE,IBgI2Mniq6w,wo_ltp,2,that morning morning morning morning morning morning morning morning morning morning morning morning morning morning morning morning morning morning morning morning morning morning morning morning morning morning morning morning morning morning morning morning morning morning morning morning morning morning morning morning morning morning morning morning morning morning morning today morning morning morning morning morning today morning today morning morning morning today that morning today that morning that that that that that that that that that that that that that that that that that that that that that that that that that that that that that that that that that that that that that that that that that that that that that that that that that that,"that morning morning morning morning morning, and that morning morning morning morning morning morning morning morning morning morning morning morning morning morning morning morning morning morning morning morning morning morning morning morning morning morning morning morning morning morning morning morning morning morning morning morning morning morning morning morning morning morning morning morning morning morning morning today morning morning morning morning morning today morning today morning morning morning today that morning today that morning that that that that that that that that that that that that that that that that that that that that that that that that that that that that that that that that that that that that that that that that that that that that that that that that that that",unsupported,unknown,1,type_token_ratio=0.04,0,E7_degenerate_generation,生成崩潰（退化輸出）,degenerate_output,整段生成為退化輸出（type_token_ratio=0.04），此時的 unsupported 反映生成崩潰而非主張缺乏證據,,not_applicable,,,,not_applicable,1,0,"this morning morning. that morning morning morning morning morning, and that morning morning morning morning morning morning morning morning morning morning morning morning morning morning morning morning morning morning morning morning morning morning morning morning morning morning morning morning morning morning morning morning morning morning morning morning morning morning morning morning morning morning morning morning morning morning morning today morning morning morning morning morning today morning today morning morning morning today that morning today that morning that that that that that that that that that that that that that that that that that that that that that that that that that that that that that that that that that that that that that that that that that that that that that that that that that that"
3563,O8k8XT6gLzI,O8k8XT6gLzI_cgKt90e0500,cAoTR4DA3a4_x-C2hVAvheI,cAoTR4DA3a4,wo_video,5,It has a unique,It has a unique and distinctive style that could be a fitting choice for your video.,general-supported,general,0,,1,E0_clause_split_artifact,斷句碎片（標註流程假影）,parent_general-supported,"母句可歸屬，unsupported 係 split_claims 於 and/, 處切斷所致",,not_applicable,,,,not_applicable,1,0,"Allow me to recommend 'LOSTAGE' by LOSTAGE. It's a track from their album 'LOSTAGE'. The song combines elements of indie, alternative, and rock with a focus on guitar and male vocals. It has a unique and distinctive style that could be a fitting choice for your video."
3563,O8k8XT6gLzI,O8k8XT6gLzI_cgKt90e0500,cAoTR4DA3a4_x-C2hVAvheI,cAoTR4DA3a4,wo_audio_feature_only,4,alternative rock with a focus on the theme of lost love.,The song combines elements of indie and alternative rock with a focus on the theme of lost love.,audio-supported,audio,0,,0,E0_clause_split_artifact,斷句碎片（標註流程假影）,parent_audio-supported,"母句可歸屬，unsupported 係 split_claims 於 and/, 處切斷所致",alternative;indie;rock,supported,alternative;indie;rock,,,not_applicable,1,0,Allow me to recommend 'LOSTAGE' by LOSTAGE. It's a track from their album 'LOSTAGE'. The song combines elements of indie and alternative rock with a focus on the theme of lost love. It has a rock and punk vibe that could be a fitting choice for your video.
3563,O8k8XT6gLzI,O8k8XT6gLzI_cgKt90e0500,cAoTR4DA3a4_x-C2hVAvheI,cAoTR4DA3a4,wo_audio_feature_only,5,It has a rock,It has a rock and punk vibe that could be a fitting choice for your video.,general-supported,general,0,,1,E0_clause_split_artifact,斷句碎片（標註流程假影）,parent_general-supported,"母句可歸屬，unsupported 係 split_claims 於 and/, 處切斷所致",punk;rock,partially_supported,rock,punk,,not_applicable,1,0,Allow me to recommend 'LOSTAGE' by LOSTAGE. It's a track from their album 'LOSTAGE'. The song combines elements of indie and alternative rock with a focus on the theme of lost love. It has a rock and punk vibe that could be a fitting choice for your video.
3563,O8k8XT6gLzI,O8k8XT6gLzI_cgKt90e0500,cAoTR4DA3a4_x-C2hVAvheI,cAoTR4DA3a4,wo_audio_all,4,alternative rock with electronic,The song combines elements of indie and alternative rock with electronic and experimental influences.,audio-supported,audio,0,,1,E0_clause_split_artifact,斷句碎片（標註流程假影）,parent_audio-supported,"母句可歸屬，unsupported 係 split_claims 於 and/, 處切斷所致",alternative;electronic;indie;rock,partially_supported,alternative;indie;rock,electronic,,not_applicable,1,0,"Allow me to recommend 'LOSTAGE' by LOSTAGE. It's a track from their album 'LOSTAGE'. The song combines elements of indie and alternative rock with electronic and experimental influences. It has a fast-paced and loud sound, which could be a fitting choice for your video."
3563,O8k8XT6gLzI,O8k8XT6gLzI_cgKt90e0500,cAoTR4DA3a4_x-C2hVAvheI,cAoTR4DA3a4,wo_ltp,1,<EMPTY_GENERATION>,<EMPTY_GENERATION>,unsupported,unknown,1,type_token_ratio=0.18,0,E7_degenerate_generation,生成崩潰（退化輸出）,degenerate_output,整段生成為退化輸出（type_token_ratio=0.18），此時的 unsupported 反映生成崩潰而非主張缺乏證據,,not_applicable,,,,not_applicable,1,0,. and. and. and. and. and. and. and. and. and. and. is. and. and. and. is. and. is. and. and. is.t's. and's.t's.t's.t's.t's.t's.t't't't't't't't't't't't't't't't't't't't't't't't't't't't't't
3565,G_PjcAfVJkY,G_PjcAfVJkY_butKQYYzySM,cpTirnV3xVE_Vkr6Vf1JTnc,cpTirnV3xVE,full,4,catchy vibe to your video.,It has a unique blend of sounds that will add a dynamic and catchy vibe to your video.,audio-supported,audio,0,,0,E0_clause_split_artifact,斷句碎片（標註流程假影）,parent_audio-supported,"母句可歸屬，unsupported 係 split_claims 於 and/, 處切斷所致",,not_applicable,,,,not_applicable,1,0,"In that case, I would recommend 'Pewnego razu w Warszawie' by Kritaczi. This track combines elements of hip-hop, electronic, indie, and pop genres. It has a unique blend of sounds that will add a dynamic and catchy vibe to your video."
3565,G_PjcAfVJkY,G_PjcAfVJkY_butKQYYzySM,cpTirnV3xVE_Vkr6Vf1JTnc,cpTirnV3xVE,wo_video,5,dynamic feel to the music.,"It has a fast-paced beat and a male vocalist, which adds an energetic and dynamic feel to the music.",audio-supported,audio,0,,0,E0_clause_split_artifact,斷句碎片（標註流程假影）,parent_audio-supported,"母句可歸屬，unsupported 係 split_claims 於 and/, 處切斷所致",,not_applicable,,,,not_applicable,1,0,"In that case, I would recommend 'Hip Hop - Electronic - Indie - Pop - Hip Hop - Electronic - Indie - Pop'. This track combines elements of hip-hop, electronic, indie, pop, and rock. It has a fast-paced beat and a male vocalist, which adds an energetic and dynamic feel to the music."
3565,G_PjcAfVJkY,G_PjcAfVJkY_butKQYYzySM,cpTirnV3xVE_Vkr6Vf1JTnc,cpTirnV3xVE,wo_audio_feature_only,3,It has a touch of indie,"It has a touch of indie and pop, which are often associated with hip-hop and electronic vibe.",preference-supported,preference,0,,1,E0_clause_split_artifact,斷句碎片（標註流程假影）,parent_preference-supported,"母句可歸屬，unsupported 係 split_claims 於 and/, 處切斷所致",electronic;hip-hop;indie;pop,partially_supported,hip-hop,electronic;indie;pop,,not_applicable,1,0,"In that case, I would recommend 'Hip Hop' by The Hip Hop. It's a track that combines elements of hip-hop, pop, and electronic vibe. It has a touch of indie and pop, which are often associated with hip-hop and electronic vibe. This track could be a fitting choice for your video."
3565,G_PjcAfVJkY,G_PjcAfVJkY_butKQYYzySM,cpTirnV3xVE_Vkr6Vf1JTnc,cpTirnV3xVE,wo_audio_all,2,This track has a hip-hop,"This track has a hip-hop and electronic vibe, with a touch of indie and pop.",unsupported,unknown,0,,1,E2_metadata_unsupported,音樂元資料不支持,genre_partially_supported,"部分曲風查無支持：['electronic', 'indie', 'pop']（musicnn 標籤有雜訊，查無支持不等於事實錯誤）",electronic;hip-hop;indie;pop,partially_supported,hip-hop,electronic;indie;pop,,not_applicable,1,1,"In that case, I would recommend 'Hip Hop' by The Hip Hop. This track has a hip-hop and electronic vibe, with a touch of indie and pop. It's a perfect fit for your video, combining elements of hip-hop, electronic, indie, and pop genres."
3565,G_PjcAfVJkY,G_PjcAfVJkY_butKQYYzySM,cpTirnV3xVE_Vkr6Vf1JTnc,cpTirnV3xVE,wo_audio_all,3,"electronic vibe, with a touch of indie","This track has a hip-hop and electronic vibe, with a touch of indie and pop.",unsupported,unknown,0,,1,E2_metadata_unsupported,音樂元資料不支持,genre_partially_supported,"部分曲風查無支持：['electronic', 'indie', 'pop']（musicnn 標籤有雜訊，查無支持不等於事實錯誤）",electronic;hip-hop;indie;pop,partially_supported,hip-hop,electronic;indie;pop,,not_applicable,1,1,"In that case, I would recommend 'Hip Hop' by The Hip Hop. This track has a hip-hop and electronic vibe, with a touch of indie and pop. It's a perfect fit for your video, combining elements of hip-hop, electronic, indie, and pop genres."
3565,G_PjcAfVJkY,G_PjcAfVJkY_butKQYYzySM,cpTirnV3xVE_Vkr6Vf1JTnc,cpTirnV3xVE,wo_prompt,4,It has a unique,It has a unique and experimental sound that could add an interesting touch to your video.,audio-supported,audio,0,,1,E0_clause_split_artifact,斷句碎片（標註流程假影）,parent_audio-supported,"母句可歸屬，unsupported 係 split_claims 於 and/, 處切斷所致",,not_applicable,,,,not_applicable,1,0,"I recommend 'Pewnego razu w Warszawie' by Kritaczi. It's a track from their album 'Pewnego razu w Warszawie'. The song combines elements of Hip-Hop, electronic, rock, and indie genres. It has a unique and experimental sound that could add an interesting touch to your video."
3565,G_PjcAfVJkY,G_PjcAfVJkY_butKQYYzySM,cpTirnV3xVE_Vkr6Vf1JTnc,cpTirnV3xVE,wo_ltp,1,"t's, that's, that's, that's, that's, that's, that's, that's, that's, that's, that's, that's, that's, that's, that's, that's, that's, that's, that's, that's,t,t,t,t,t,t,t,t,t,t,t,t,t,t,t,t,t,t,t,t,t","t's, that's, that's, that's, that's, that's, that's, that's, that's, that's, that's, that's, that's, that's, that's, that's, that's, that's, that's, that's,t,t,t,t,t,t,t,t,t,t,t,t,t,t,t,t,t,t,t,t,t",unsupported,unknown,1,type_token_ratio=0.07,0,E7_degenerate_generation,生成崩潰（退化輸出）,degenerate_output,整段生成為退化輸出（type_token_ratio=0.07），此時的 unsupported 反映生成崩潰而非主張缺乏證據,,not_applicable,,,,not_applicable,1,0,".
t's.
t's, that's, that's, that's, that's, that's, that's, that's, that's, that's, that's, that's, that's, that's, that's, that's, that's, that's, that's, that's,t,t,t,t,t,t,t,t,t,t,t,t,t,t,t,t,t,t,t,t,t"
3587,K7KMRBoqQUg,K7KMRBoqQUg_P56SorCCSmI,K7KMRBoqQUg_P56SorCCSmI,K7KMRBoqQUg,wo_video,2,This track has an electronic,"This track has an electronic and pop style, which aligns well with Owl City's music.",metadata-supported,metadata,0,,1,E0_clause_split_artifact,斷句碎片（標註流程假影）,parent_metadata-supported,"母句可歸屬，unsupported 係 split_claims 於 and/, 處切斷所致",electronic;pop,supported,electronic;pop,,,not_applicable,1,0,"In that case, I would recommend 'Shooting Star by Owl City'. This track has an electronic and pop style, which aligns well with Owl City's music. It also has a faster tempo and more energy, which will add excitement to your video."
3587,K7KMRBoqQUg,K7KMRBoqQUg_P56SorCCSmI,K7KMRBoqQUg_P56SorCCSmI,K7KMRBoqQUg,wo_video,5,"more energy, which will add excitement to your video.","It also has a faster tempo and more energy, which will add excitement to your video.",audio-supported,audio,0,,0,E0_clause_split_artifact,斷句碎片（標註流程假影）,parent_audio-supported,"母句可歸屬，unsupported 係 split_claims 於 and/, 處切斷所致",,not_applicable,,,,not_applicable,1,0,"In that case, I would recommend 'Shooting Star by Owl City'. This track has an electronic and pop style, which aligns well with Owl City's music. It also has a faster tempo and more energy, which will add excitement to your video."
3587,K7KMRBoqQUg,K7KMRBoqQUg_P56SorCCSmI,K7KMRBoqQUg_P56SorCCSmI,K7KMRBoqQUg,wo_audio_feature_only,2,This track has electronic,This track has electronic and pop elements that align with Owl City's electronic and pop style.,metadata-supported,metadata,0,,1,E0_clause_split_artifact,斷句碎片（標註流程假影）,parent_metadata-supported,"母句可歸屬，unsupported 係 split_claims 於 and/, 處切斷所致",electronic;pop,supported,electronic;pop,,,not_applicable,1,0,"In that case, I would recommend 'Shooting Star' by Owl City. This track has electronic and pop elements that align with Owl City's electronic and pop style. It also has a faster tempo and a bit more energy, which could be a fitting choice for your video."
3587,K7KMRBoqQUg,K7KMRBoqQUg_P56SorCCSmI,K7KMRBoqQUg_P56SorCCSmI,K7KMRBoqQUg,wo_prompt,5,It has a catchy,It has a catchy and upbeat vibe that could be a great fit for your video.,audio-supported,audio,0,,1,E0_clause_split_artifact,斷句碎片（標註流程假影）,parent_audio-supported,"母句可歸屬，unsupported 係 split_claims 於 and/, 處切斷所致",,not_applicable,,,,not_applicable,1,0,"I suggest you consider 'Shooting Star' by Owl City. It's a track from their album 'Shooting Star'. The song combines elements of electronic, dance, and pop genres, with a touch of indie influence. It has a catchy and upbeat vibe that could be a great fit for your video."
3587,K7KMRBoqQUg,K7KMRBoqQUg_P56SorCCSmI,K7KMRBoqQUg_P56SorCCSmI,K7KMRBoqQUg,wo_ltp,1,a lot for a lot.,a lot for a lot.,unsupported,unknown,1,type_token_ratio=0.04,0,E7_degenerate_generation,生成崩潰（退化輸出）,degenerate_output,整段生成為退化輸出（type_token_ratio=0.04），此時的 unsupported 反映生成崩潰而非主張缺乏證據,,not_applicable,,,,not_applicable,1,0,. and. is a lot. for a lot. a lot. a lot for a lot. a lot. a lot. a lot. a lot. a lot. a lot a lot. a lot a lot. a a lot a lot a a lot a lot a a lot a a a lot a a a a a a a a a a a a a a a a a a a a a a a a a a a a a a a a a a a a a a a a a a a a a a a a a a a a a a a a a a a a a a a a a a
3587,K7KMRBoqQUg,K7KMRBoqQUg_P56SorCCSmI,K7KMRBoqQUg_P56SorCCSmI,K7KMRBoqQUg,wo_ltp,2,a lot a lot.,a lot a lot.,unsupported,unknown,1,type_token_ratio=0.04,0,E7_degenerate_generation,生成崩潰（退化輸出）,degenerate_output,整段生成為退化輸出（type_token_ratio=0.04），此時的 unsupported 反映生成崩潰而非主張缺乏證據,,not_applicable,,,,not_applicable,1,0,. and. is a lot. for a lot. a lot. a lot for a lot. a lot. a lot. a lot. a lot. a lot. a lot a lot. a lot a lot. a a lot a lot a a lot a lot a a lot a a a lot a a a a a a a a a a a a a a a a a a a a a a a a a a a a a a a a a a a a a a a a a a a a a a a a a a a a a a a a a a a a a a a a a a
3587,K7KMRBoqQUg,K7KMRBoqQUg_P56SorCCSmI,K7KMRBoqQUg_P56SorCCSmI,K7KMRBoqQUg,wo_ltp,3,a lot a lot.,a lot a lot.,unsupported,unknown,1,type_token_ratio=0.04,0,E7_degenerate_generation,生成崩潰（退化輸出）,degenerate_output,整段生成為退化輸出（type_token_ratio=0.04），此時的 unsupported 反映生成崩潰而非主張缺乏證據,,not_applicable,,,,not_applicable,1,0,. and. is a lot. for a lot. a lot. a lot for a lot. a lot. a lot. a lot. a lot. a lot. a lot a lot. a lot a lot. a a lot a lot a a lot a lot a a lot a a a lot a a a a a a a a a a a a a a a a a a a a a a a a a a a a a a a a a a a a a a a a a a a a a a a a a a a a a a a a a a a a a a a a a a
3587,K7KMRBoqQUg,K7KMRBoqQUg_P56SorCCSmI,K7KMRBoqQUg_P56SorCCSmI,K7KMRBoqQUg,wo_ltp,4,a a lot a lot a a lot a lot a a lot a a a lot a a a a a a a a a a a a a a a a a a a a a a a a a a a a a a a a a a a a a a a a a a a a a a a a a a a a a a a a a a a a a a a a a a,a a lot a lot a a lot a lot a a lot a a a lot a a a a a a a a a a a a a a a a a a a a a a a a a a a a a a a a a a a a a a a a a a a a a a a a a a a a a a a a a a a a a a a a a a,unsupported,unknown,1,type_token_ratio=0.04,0,E7_degenerate_generation,生成崩潰（退化輸出）,degenerate_output,整段生成為退化輸出（type_token_ratio=0.04），此時的 unsupported 反映生成崩潰而非主張缺乏證據,,not_applicable,,,,not_applicable,1,0,. and. is a lot. for a lot. a lot. a lot for a lot. a lot. a lot. a lot. a lot. a lot. a lot a lot. a lot a lot. a a lot a lot a a lot a lot a a lot a a a lot a a a a a a a a a a a a a a a a a a a a a a a a a a a a a a a a a a a a a a a a a a a a a a a a a a a a a a a a a a a a a a a a a a
3601,0pzNkHgIdHk,0pzNkHgIdHk_zVaXHQhVXhQ,0pzNkHgIdHk_zVaXHQhVXhQ,0pzNkHgIdHk,full,4,blues with a pop,"The song combines elements of rock, soul, and blues with a pop and electronic sound.",audio-supported,audio,0,,1,E0_clause_split_artifact,斷句碎片（標註流程假影）,parent_audio-supported,"母句可歸屬，unsupported 係 split_claims 於 and/, 處切斷所致",electronic;pop;rock;soul,partially_supported,pop;rock;soul,electronic,,not_applicable,1,0,"Allow me to recommend 'Bisogno d'Amore' by Sud Sound System. It's a track from their album 'Bisogno d'Amore'. The song combines elements of rock, soul, and blues with a pop and electronic sound. It was released in 2011 and has a catchy and energetic vibe that could be a fitting choice for your video."
3601,0pzNkHgIdHk,0pzNkHgIdHk_zVaXHQhVXhQ,0pzNkHgIdHk_zVaXHQhVXhQ,0pzNkHgIdHk,wo_video,3,"They may also have elements of rock, soul","They may also have elements of rock, soul, and blues in their music.",unsupported,unknown,0,,1,E0b_rule_miss_verified,規則漏判但有證據支持,genre_claim_verified_by_tags,曲風敘述可由 musicnn 標籤／參考文本支持；v2 因 GENRE_TERMS 需搭配 anchor 詞才計為 audio 而漏判,rock;soul,supported,rock;soul,,,not_applicable,1,0,"I suggest checking out 'Sud Sound System - 2013'. Although I don't have specific information about this track, Sud Sound System is known for their electronic and techno style. They may also have elements of rock, soul, and blues in their music. This could be a fitting choice for your video."
3601,0pzNkHgIdHk,0pzNkHgIdHk_zVaXHQhVXhQ,0pzNkHgIdHk_zVaXHQhVXhQ,0pzNkHgIdHk,wo_video,4,blues in their music.,"They may also have elements of rock, soul, and blues in their music.",unsupported,unknown,0,,0,E0b_rule_miss_verified,規則漏判但有證據支持,genre_claim_verified_by_tags,曲風敘述可由 musicnn 標籤／參考文本支持；v2 因 GENRE_TERMS 需搭配 anchor 詞才計為 audio 而漏判,rock;soul,supported,rock;soul,,,not_applicable,1,0,"I suggest checking out 'Sud Sound System - 2013'. Although I don't have specific information about this track, Sud Sound System is known for their electronic and techno style. They may also have elements of rock, soul, and blues in their music. This could be a fitting choice for your video."
3601,0pzNkHgIdHk,0pzNkHgIdHk_zVaXHQhVXhQ,0pzNkHgIdHk_zVaXHQhVXhQ,0pzNkHgIdHk,wo_audio_all,1,"I apologize for my lack of rock, soul","I apologize for my lack of rock, soul, and blues elements in the music.",unsupported,unknown,0,,1,E0b_rule_miss_verified,規則漏判但有證據支持,genre_claim_verified_by_tags,曲風敘述可由 musicnn 標籤／參考文本支持；v2 因 GENRE_TERMS 需搭配 anchor 詞才計為 audio 而漏判,rock;soul,supported,rock;soul,,,not_applicable,1,0,"I apologize for my lack of rock, soul, and blues elements in the music. Unfortunately, I don't have any specific recommendations that incorporate those genres. However, I can suggest exploring the music of artists like Eminem, who are known for their rock, soul, and blues influences. You may find their music to be a fitting choice for your video."
3601,0pzNkHgIdHk,0pzNkHgIdHk_zVaXHQhVXhQ,0pzNkHgIdHk_zVaXHQhVXhQ,0pzNkHgIdHk,wo_audio_all,2,blues elements in the music.,"I apologize for my lack of rock, soul, and blues elements in the music.",unsupported,unknown,0,,0,E0b_rule_miss_verified,規則漏判但有證據支持,genre_claim_verified_by_tags,曲風敘述可由 musicnn 標籤／參考文本支持；v2 因 GENRE_TERMS 需搭配 anchor 詞才計為 audio 而漏判,rock;soul,supported,rock;soul,,,not_applicable,1,0,"I apologize for my lack of rock, soul, and blues elements in the music. Unfortunately, I don't have any specific recommendations that incorporate those genres. However, I can suggest exploring the music of artists like Eminem, who are known for their rock, soul, and blues influences. You may find their music to be a fitting choice for your video."
3601,0pzNkHgIdHk,0pzNkHgIdHk_zVaXHQhVXhQ,0pzNkHgIdHk_zVaXHQhVXhQ,0pzNkHgIdHk,wo_prompt,4,indie with a touch of jazz.,"The song combines elements of rock, pop, and indie with a touch of jazz.",audio-supported,audio,0,,0,E0_clause_split_artifact,斷句碎片（標註流程假影）,parent_audio-supported,"母句可歸屬，unsupported 係 split_claims 於 and/, 處切斷所致",indie;jazz;pop;rock,partially_supported,pop;rock,indie;jazz,,not_applicable,1,0,"I recommend 'Bisogno d'Amore' by Sud Sound System. It's a track from their album 'Bisogno d'Amore'. The song combines elements of rock, pop, and indie with a touch of jazz. It has a unique sound and features male vocals."
3601,0pzNkHgIdHk,0pzNkHgIdHk_zVaXHQhVXhQ,0pzNkHgIdHk_zVaXHQhVXhQ,0pzNkHgIdHk,wo_ltp,1,that's that's that's that' that's that's that's that's that's that's that's that's that's that's that'that'that'that'that'that'that'that'that'that'that'that'that'that'that'that'that'that'that'that'that'that'that'that'that'that'that'that'that,that's that's that's that' that's that's that's that's that's that's that's that's that's that's that'that'that'that'that'that'that'that'that'that'that'that'that'that'that'that'that'that'that'that'that'that'that'that'that'that'that'that'that,unsupported,unknown,1,type_token_ratio=0.22,0,E7_degenerate_generation,生成崩潰（退化輸出）,degenerate_output,整段生成為退化輸出（type_token_ratio=0.22），此時的 unsupported 反映生成崩潰而非主張缺乏證據,,not_applicable,,,,not_applicable,1,0,. that. and. and. I's. and. and that. and that's. and that's. that's. that's that's that's that' that's that's that's that's that's that's that's that's that's that's that'that'that'that'that'that'that'that'that'that'that'that'that'that'that'that'that'that'that'that'that'that'that'that'that'that'that'that'that
3603,aloy-hdZ3CE,aloy-hdZ3CE_VgXFWk_EDGU,aloy-hdZ3CE_VgXFWk_EDGU,aloy-hdZ3CE,full,5,This track aligns well with the alternative,This track aligns well with the alternative and indie rock influences you're looking for.,prompt-supported,prompt,0,,1,E0_clause_split_artifact,斷句碎片（標註流程假影）,parent_prompt-supported,"母句可歸屬，unsupported 係 split_claims 於 and/, 處切斷所致",alternative;indie;rock,supported,alternative;indie;rock,,,not_applicable,1,0,"Certainly! How about 'True North' by The Crossing? It's a track from their album 'True North'. The song combines elements of alternative rock, indie rock, and alternative pop. It has a guitar-driven sound and features male vocals. This track aligns well with the alternative and indie rock influences you're looking for."
3603,aloy-hdZ3CE,aloy-hdZ3CE_VgXFWk_EDGU,aloy-hdZ3CE_VgXFWk_EDGU,aloy-hdZ3CE,wo_video,2,It's a track with alternative,It's a track with alternative and indie rock influences.,audio-supported,audio,0,,1,E0_clause_split_artifact,斷句碎片（標註流程假影）,parent_audio-supported,"母句可歸屬，unsupported 係 split_claims 於 and/, 處切斷所致",alternative;indie;rock,supported,alternative;indie;rock,,,not_applicable,1,0,"Certainly! I recommend 'True North' by The Crossing. It's a track with alternative and indie rock influences. Although I don't have much information about this specific track, it aligns well with your preferences."
3603,aloy-hdZ3CE,aloy-hdZ3CE_VgXFWk_EDGU,aloy-hdZ3CE_VgXFWk_EDGU,aloy-hdZ3CE,wo_audio_all,2,It's a track with alternative,It's a track with alternative and indie rock influences.,audio-supported,audio,0,,1,E0_clause_split_artifact,斷句碎片（標註流程假影）,parent_audio-supported,"母句可歸屬，unsupported 係 split_claims 於 and/, 處切斷所致",alternative;indie;rock,supported,alternative;indie;rock,,,not_applicable,1,0,"I suggest checking out 'True North' by The Crossing. It's a track with alternative and indie rock influences. Although I don't have much information about this track, it aligns with your preferences for alternative and indie rock influences."
3603,aloy-hdZ3CE,aloy-hdZ3CE_VgXFWk_EDGU,aloy-hdZ3CE_VgXFWk_EDGU,aloy-hdZ3CE,wo_prompt,3,"metal, with a touch of electronic elements.","It falls under the genres of rock, indie, alternative, and metal, with a touch of electronic elements.",audio-supported,audio,0,,0,E0_clause_split_artifact,斷句碎片（標註流程假影）,parent_audio-supported,"母句可歸屬，unsupported 係 split_claims 於 and/, 處切斷所致",alternative;electronic;indie;metal;rock,partially_supported,alternative;indie;rock,electronic;metal,,not_applicable,1,0,"In terms of music style, 'True North' by The Crossing is a perfect fit. It falls under the genres of rock, indie, alternative, and metal, with a touch of electronic elements. The song has a powerful and energetic vibe, which aligns well with the intense and emotional atmosphere of your video."
3603,aloy-hdZ3CE,aloy-hdZ3CE_VgXFWk_EDGU,aloy-hdZ3CE_VgXFWk_EDGU,aloy-hdZ3CE,wo_prompt,4,The song has a powerful,"The song has a powerful and energetic vibe, which aligns well with the intense and emotional atmosphere of your video.",audio-supported,audio,0,,1,E0_clause_split_artifact,斷句碎片（標註流程假影）,parent_audio-supported,"母句可歸屬，unsupported 係 split_claims 於 and/, 處切斷所致",,not_applicable,,,,not_applicable,1,0,"In terms of music style, 'True North' by The Crossing is a perfect fit. It falls under the genres of rock, indie, alternative, and metal, with a touch of electronic elements. The song has a powerful and energetic vibe, which aligns well with the intense and emotional atmosphere of your video."
3603,aloy-hdZ3CE,aloy-hdZ3CE_VgXFWk_EDGU,aloy-hdZ3CE_VgXFWk_EDGU,aloy-hdZ3CE,wo_ltp,1,"'s.t's, and, and, and, and, and, and, and, and, and, and, and, and, and, and, and, and, and, and, and, and, and, and, and, and, and, and, and, and, and, and, and, and, and, and, and, and, and, and, and, and, and, and, and, and, and, and, and, and, and, and, and, and, and, and, and, and, and, and, and, and, and","'s.t's, and, and, and, and, and, and, and, and, and, and, and, and, and, and, and, and, and, and, and, and, and, and, and, and, and, and, and, and, and, and, and, and, and, and, and, and, and, and, and, and, and, and, and, and, and, and, and, and, and, and, and, and, and, and, and, and, and, and, and, and, and",unsupported,unknown,1,type_token_ratio=0.05,0,E7_degenerate_generation,生成崩潰（退化輸出）,degenerate_output,整段生成為退化輸出（type_token_ratio=0.05），此時的 unsupported 反映生成崩潰而非主張缺乏證據,,not_applicable,,,s.t,not_found,1,0,"'s.t's, and, and, and, and, and, and, and, and, and, and, and, and, and, and, and, and, and, and, and, and, and, and, and, and, and, and, and, and, and, and, and, and, and, and, and, and, and, and, and, and, and, and, and, and, and, and, and, and, and, and, and, and, and, and, and, and, and, and, and, and, and"
3605,Iyy9VDuS3oM,Iyy9VDuS3oM_4oB7o8Tl9so,Iyy9VDuS3oM_4oB7o8Tl9so,Iyy9VDuS3oM,wo_audio_feature_only,3,rock with a focus on indie,"It's a track that combines elements of hip-hop, electronic, and rock with a focus on indie and alternative influences.",audio-supported,audio,0,,1,E0_clause_split_artifact,斷句碎片（標註流程假影）,parent_audio-supported,"母句可歸屬，unsupported 係 split_claims 於 and/, 處切斷所致",alternative;electronic;hip-hop;indie;rock,supported,alternative;electronic;hip-hop;indie;rock,,,not_applicable,1,0,"Allow me to recommend 'ARTEMATA' by ARTMATA. It's a track that combines elements of hip-hop, electronic, and rock with a focus on indie and alternative influences. It has a fast-paced techno-beat and a loud sound with a mix of electronic and drum beats. It's a fitting choice for your video."
3605,Iyy9VDuS3oM,Iyy9VDuS3oM_4oB7o8Tl9so,Iyy9VDuS3oM_4oB7o8Tl9so,Iyy9VDuS3oM,wo_prompt,4,indie with a touch of jazz.,"The song combines elements of Hip-Hop, electronic, rock, and indie with a touch of jazz.",audio-supported,audio,0,,0,E0_clause_split_artifact,斷句碎片（標註流程假影）,parent_audio-supported,"母句可歸屬，unsupported 係 split_claims 於 and/, 處切斷所致",electronic;hip-hop;indie;jazz;rock,partially_supported,electronic;hip-hop;indie;rock,jazz,,not_applicable,1,0,"I recommend 'O Tempo Passa' by ARTMATA. It's a track from their album 'O Tempo Passa'. The song combines elements of Hip-Hop, electronic, rock, and indie with a touch of jazz. It has a unique and experimental sound that could add an interesting touch to your video."
3605,Iyy9VDuS3oM,Iyy9VDuS3oM_4oB7o8Tl9so,Iyy9VDuS3oM_4oB7o8Tl9so,Iyy9VDuS3oM,wo_prompt,5,It has a unique,It has a unique and experimental sound that could add an interesting touch to your video.,audio-supported,audio,0,,1,E0_clause_split_artifact,斷句碎片（標註流程假影）,parent_audio-supported,"母句可歸屬，unsupported 係 split_claims 於 and/, 處切斷所致",,not_applicable,,,,not_applicable,1,0,"I recommend 'O Tempo Passa' by ARTMATA. It's a track from their album 'O Tempo Passa'. The song combines elements of Hip-Hop, electronic, rock, and indie with a touch of jazz. It has a unique and experimental sound that could add an interesting touch to your video."
3605,Iyy9VDuS3oM,Iyy9VDuS3oM_4oB7o8Tl9so,Iyy9VDuS3oM_4oB7o8Tl9so,Iyy9VDuS3oM,wo_ltp,1,"I's, I's, I's, I's, I's,t's,t,t,t,t,t,t,t,t,t,t,t,t,t,t,t,t,t,t,t,t,t,t,t","I's, I's, I's, I's, I's,t's,t,t,t,t,t,t,t,t,t,t,t,t,t,t,t,t,t,t,t,t,t,t,t",unsupported,unknown,1,type_token_ratio=0.09,0,E7_degenerate_generation,生成崩潰（退化輸出）,degenerate_output,整段生成為退化輸出（type_token_ratio=0.09），此時的 unsupported 反映生成崩潰而非主張缺乏證據,,not_applicable,,,,not_applicable,1,0,". is. I's. I's. I's. I's. I's. I's. I's. I's. I's. I's. I's. I's. I's. I's. I's, I's, I's, I's, I's,t's,t,t,t,t,t,t,t,t,t,t,t,t,t,t,t,t,t,t,t,t,t,t,t"
3635,MsvUscdzkAc,MsvUscdzkAc_aZuqmdRgEHE,MsvUscdzkAc_aZuqmdRgEHE,MsvUscdzkAc,wo_video,5,It has a catchy,It has a catchy and energetic vibe that could be a fitting choice for your video.,audio-supported,audio,0,,1,E0_clause_split_artifact,斷句碎片（標註流程假影）,parent_audio-supported,"母句可歸屬，unsupported 係 split_claims 於 and/, 處切斷所致",,not_applicable,,,,not_applicable,1,0,"Certainly! I recommend 'My Paradise' by MakSim. It's a track from her album 'My Paradise'. The song combines elements of pop, rock, and electronic music with instrumental elements. It has a catchy and energetic vibe that could be a fitting choice for your video."
3635,MsvUscdzkAc,MsvUscdzkAc_aZuqmdRgEHE,MsvUscdzkAc_aZuqmdRgEHE,MsvUscdzkAc,wo_prompt,5,It has a catchy,It has a catchy and upbeat sound that could be a great fit for your video.,audio-supported,audio,0,,1,E0_clause_split_artifact,斷句碎片（標註流程假影）,parent_audio-supported,"母句可歸屬，unsupported 係 split_claims 於 and/, 處切斷所致",,not_applicable,,,,not_applicable,1,0,"I recommend 'My Paradise' by MakSim. It's a track from their album 'My Paradise'. The song combines elements of pop, rock, and electronic music, with female vocals. It has a catchy and upbeat sound that could be a great fit for your video."
3635,MsvUscdzkAc,MsvUscdzkAc_aZuqmdRgEHE,MsvUscdzkAc_aZuqmdRgEHE,MsvUscdzkAc,wo_ltp,1,today morning morning morning morning morning morning morning morning morning morning morning morning,"today morning morning morning morning morning morning morning morning morning morning morning morning, and morning morning morning morning.",unsupported,unknown,1,type_token_ratio=0.04,1,E7_degenerate_generation,生成崩潰（退化輸出）,degenerate_output,整段生成為退化輸出（type_token_ratio=0.04），此時的 unsupported 反映生成崩潰而非主張缺乏證據,,not_applicable,,,,not_applicable,1,0,". today. today morning morning morning morning morning morning morning morning morning morning morning morning, and morning morning morning morning. morning morning morning morning morning morning morning morning morning morning morning morning morning morning morning morning morning morning morning morning morning morning morning morning morning morning morning morning morning morning morning morning morning morning morning morning morning morning morning morning morning morning morning tomorrow morning morning tomorrow morning tomorrow morning tomorrow tomorrow tomorrow morning tomorrow tomorrow tomorrow tomorrow tomorrow tomorrow tomorrow tomorrow tomorrow tomorrow tomorrow tomorrow tomorrow tomorrow tomorrow morning tomorrow tomorrow morning tomorrow tomorrow tomorrow morning tomorrow"
3635,MsvUscdzkAc,MsvUscdzkAc_aZuqmdRgEHE,MsvUscdzkAc_aZuqmdRgEHE,MsvUscdzkAc,wo_ltp,2,morning morning morning morning.,"today morning morning morning morning morning morning morning morning morning morning morning morning, and morning morning morning morning.",unsupported,unknown,1,type_token_ratio=0.04,0,E7_degenerate_generation,生成崩潰（退化輸出）,degenerate_output,整段生成為退化輸出（type_token_ratio=0.04），此時的 unsupported 反映生成崩潰而非主張缺乏證據,,not_applicable,,,,not_applicable,1,0,". today. today morning morning morning morning morning morning morning morning morning morning morning morning, and morning morning morning morning. morning morning morning morning morning morning morning morning morning morning morning morning morning morning morning morning morning morning morning morning morning morning morning morning morning morning morning morning morning morning morning morning morning morning morning morning morning morning morning morning morning morning morning tomorrow morning morning tomorrow morning tomorrow morning tomorrow tomorrow tomorrow morning tomorrow tomorrow tomorrow tomorrow tomorrow tomorrow tomorrow tomorrow tomorrow tomorrow tomorrow tomorrow tomorrow tomorrow tomorrow morning tomorrow tomorrow morning tomorrow tomorrow tomorrow morning tomorrow"
3635,MsvUscdzkAc,MsvUscdzkAc_aZuqmdRgEHE,MsvUscdzkAc_aZuqmdRgEHE,MsvUscdzkAc,wo_ltp,3,morning morning morning morning morning morning morning morning morning morning morning morning morning morning morning morning morning morning morning morning morning morning morning morning morning morning morning morning morning morning morning morning morning morning morning morning morning morning morning morning morning morning morning tomorrow morning morning tomorrow morning tomorrow morning tomorrow tomorrow tomorrow morning tomorrow tomorrow tomorrow tomorrow tomorrow tomorrow tomorrow tomorrow tomorrow tomorrow tomorrow tomorrow tomorrow tomorrow tomorrow morning tomorrow tomorrow morning tomorrow tomorrow tomorrow morning tomorrow,morning morning morning morning morning morning morning morning morning morning morning morning morning morning morning morning morning morning morning morning morning morning morning morning morning morning morning morning morning morning morning morning morning morning morning morning morning morning morning morning morning morning morning tomorrow morning morning tomorrow morning tomorrow morning tomorrow tomorrow tomorrow morning tomorrow tomorrow tomorrow tomorrow tomorrow tomorrow tomorrow tomorrow tomorrow tomorrow tomorrow tomorrow tomorrow tomorrow tomorrow morning tomorrow tomorrow morning tomorrow tomorrow tomorrow morning tomorrow,unsupported,unknown,1,type_token_ratio=0.04,0,E7_degenerate_generation,生成崩潰（退化輸出）,degenerate_output,整段生成為退化輸出（type_token_ratio=0.04），此時的 unsupported 反映生成崩潰而非主張缺乏證據,,not_applicable,,,,not_applicable,1,0,". today. today morning morning morning morning morning morning morning morning morning morning morning morning, and morning morning morning morning. morning morning morning morning morning morning morning morning morning morning morning morning morning morning morning morning morning morning morning morning morning morning morning morning morning morning morning morning morning morning morning morning morning morning morning morning morning morning morning morning morning morning morning tomorrow morning morning tomorrow morning tomorrow morning tomorrow tomorrow tomorrow morning tomorrow tomorrow tomorrow tomorrow tomorrow tomorrow tomorrow tomorrow tomorrow tomorrow tomorrow tomorrow tomorrow tomorrow tomorrow morning tomorrow tomorrow morning tomorrow tomorrow tomorrow morning tomorrow"
3645,fpPHM9g7doo,fpPHM9g7doo_gXmN3m7GpEk,fpPHM9g7doo_gXmN3m7GpEk,fpPHM9g7doo,wo_audio_feature_only,5,"It has a mix of pop, dance","It has a mix of pop, dance, and electronic genres with a touch of Indian beats.",audio-supported,audio,0,,1,E0_clause_split_artifact,斷句碎片（標註流程假影）,parent_audio-supported,"母句可歸屬，unsupported 係 split_claims 於 and/, 處切斷所致",dance;electronic;pop,supported,dance;electronic;pop,,,not_applicable,1,0,"Allow me to recommend 'Nav Sidhu - Aap Jatt Jee'. It's a track from Nav Sidhu's album 'Nav Sidhu - Aap Jatt Jee'. It combines elements of hip-hop and R&B with electronic genres that could be a fitting choice for your video. It has a mix of pop, dance, and electronic genres with a touch of Indian beats."
3645,fpPHM9g7doo,fpPHM9g7doo_gXmN3m7GpEk,fpPHM9g7doo_gXmN3m7GpEk,fpPHM9g7doo,wo_prompt,4,a vibrant energy that will add a dynamic touch to your video.,It has a catchy beat and a vibrant energy that will add a dynamic touch to your video.,audio-supported,audio,0,,0,E0_clause_split_artifact,斷句碎片（標註流程假影）,parent_audio-supported,"母句可歸屬，unsupported 係 split_claims 於 and/, 處切斷所致",,not_applicable,,,,not_applicable,1,0,"In that case, I recommend 'London'o Phone' by Nav Sidhu. This track combines elements of Hip-Hop, electronic, pop, and dance genres. It has a catchy beat and a vibrant energy that will add a dynamic touch to your video."
3645,fpPHM9g7doo,fpPHM9g7doo_gXmN3m7GpEk,fpPHM9g7doo_gXmN3m7GpEk,fpPHM9g7doo,wo_ltp,1,<EMPTY_GENERATION>,<EMPTY_GENERATION>,unsupported,unknown,1,too_few_tokens=5,0,E7_degenerate_generation,生成崩潰（退化輸出）,degenerate_output,整段生成為退化輸出（too_few_tokens=5），此時的 unsupported 反映生成崩潰而非主張缺乏證據,,not_applicable,,,,not_applicable,1,0,.. is is? for? and? for??????????????????????????????????????????????????????????????????????????????????????????????????????????????????????
3660,K2Tehu9FskU,K2Tehu9FskU_mrUSad1Tdzk,K2Tehu9FskU_mrUSad1Tdzk,K2Tehu9FskU,wo_audio_feature_only,4,It has a pop,It has a pop and indie style with a focus on female vocals.,audio-supported,audio,0,,1,E0_clause_split_artifact,斷句碎片（標註流程假影）,parent_audio-supported,"母句可歸屬，unsupported 係 split_claims 於 and/, 處切斷所致",indie;pop,supported,indie;pop,,,not_applicable,1,0,"In that case, I recommend 'Revelation Song' by Steve and Sandi. It's a pop and indie track that combines elements of pop, electronic, and rock with a female vocalist. It has a pop and indie style with a focus on female vocals. It aligns well with your preferences."
3660,K2Tehu9FskU,K2Tehu9FskU_mrUSad1Tdzk,K2Tehu9FskU_mrUSad1Tdzk,K2Tehu9FskU,wo_prompt,2,It's a Christian rock track with elements of pop,It's a Christian rock track with elements of pop and indie.,unsupported,unknown,0,,1,E0b_rule_miss_verified,規則漏判但有證據支持,genre_claim_verified_by_tags,曲風敘述可由 musicnn 標籤／參考文本支持；v2 因 GENRE_TERMS 需搭配 anchor 詞才計為 audio 而漏判,indie;pop;rock,supported,indie;pop;rock,,,not_applicable,1,0,I recommend 'Revelation Song' by Steve and Sandi Padilla. It's a Christian rock track with elements of pop and indie. The song has a female vocalist and features guitar and piano. It was released in 2012 and could add a spiritual and uplifting vibe to your video.
3660,K2Tehu9FskU,K2Tehu9FskU_mrUSad1Tdzk,K2Tehu9FskU_mrUSad1Tdzk,K2Tehu9FskU,wo_prompt,5,could add a spiritual,It was released in 2012 and could add a spiritual and uplifting vibe to your video.,metadata-supported,metadata,0,,1,E0_clause_split_artifact,斷句碎片（標註流程假影）,parent_metadata-supported,"母句可歸屬，unsupported 係 split_claims 於 and/, 處切斷所致",,not_applicable,,,,not_applicable,1,0,I recommend 'Revelation Song' by Steve and Sandi Padilla. It's a Christian rock track with elements of pop and indie. The song has a female vocalist and features guitar and piano. It was released in 2012 and could add a spiritual and uplifting vibe to your video.
3660,K2Tehu9FskU,K2Tehu9FskU_mrUSad1Tdzk,K2Tehu9FskU_mrUSad1Tdzk,K2Tehu9FskU,wo_prompt,6,uplifting vibe to your video.,It was released in 2012 and could add a spiritual and uplifting vibe to your video.,metadata-supported,metadata,0,,0,E0_clause_split_artifact,斷句碎片（標註流程假影）,parent_metadata-supported,"母句可歸屬，unsupported 係 split_claims 於 and/, 處切斷所致",,not_applicable,,,,not_applicable,1,0,I recommend 'Revelation Song' by Steve and Sandi Padilla. It's a Christian rock track with elements of pop and indie. The song has a female vocalist and features guitar and piano. It was released in 2012 and could add a spiritual and uplifting vibe to your video.
3660,K2Tehu9FskU,K2Tehu9FskU_mrUSad1Tdzk,K2Tehu9FskU_mrUSad1Tdzk,K2Tehu9FskU,wo_ltp,1,that' that' that' that' that' that' that' that' that' that' that' that' that' that' that' that' that't that't that't't that't't't't't't',that' that' that' that' that' that' that' that' that' that' that' that' that' that' that' that' that't that't that't't that't't't't't't',unsupported,unknown,1,type_token_ratio=0.24,0,E7_degenerate_generation,生成崩潰（退化輸出）,degenerate_output,整段生成為退化輸出（type_token_ratio=0.24），此時的 unsupported 反映生成崩潰而非主張缺乏證據,,not_applicable,,,,not_applicable,1,0,. and. is. and that. is. for a lot. and that. and that's. for. and that's. for. that's. for. that's. for morning. for day. for day. for day. that's day. that's day. that' day. that' day. that' that' that' that' that' that' that' that' that' that' that' that' that' that' that' that' that't that't that't't that't't't't't't'
3673,h5Dl5y6er04,h5Dl5y6er04_rHV4SRg0aSU,z4xpvgCN0Mw_kZpPn8wmZGw,z4xpvgCN0Mw,full,7,edgy feel to your video.,It has a fast-paced and energetic sound that will add a rebellious and edgy feel to your video.,video-supported,video,0,,0,E0_clause_split_artifact,斷句碎片（標註流程假影）,parent_video-supported,"母句可歸屬，unsupported 係 split_claims 於 and/, 處切斷所致",,not_applicable,,,,not_applicable,1,0,"Certainly! If you're looking for a rock and punk vibe, I would recommend 'Shake It Off' by Skrat. This track is part of their album 'Skrat' and offers a blend of rock, indie, and punk genres. It has a fast-paced and energetic sound that will add a rebellious and edgy feel to your video."
3673,h5Dl5y6er04,h5Dl5y6er04_rHV4SRg0aSU,z4xpvgCN0Mw_kZpPn8wmZGw,z4xpvgCN0Mw,wo_video,2,This track has a rock,This track has a rock and punk sound with elements of indie and alternative.,audio-supported,audio,0,,1,E0_clause_split_artifact,斷句碎片（標註流程假影）,parent_audio-supported,"母句可歸屬，unsupported 係 split_claims 於 and/, 處切斷所致",alternative;indie;punk;rock,supported,alternative;indie;punk;rock,,,not_applicable,1,0,"In that case, I would recommend 'Shake It Off' by Skrat. This track has a rock and punk sound with elements of indie and alternative. It's part of the album 'Shake It Off' by Skrat. It would be a great fit for your video."
3673,h5Dl5y6er04,h5Dl5y6er04_rHV4SRg0aSU,z4xpvgCN0Mw_kZpPn8wmZGw,z4xpvgCN0Mw,wo_audio_feature_only,4,dance with a more electronic,"It's a track that combines elements of rock, punk, and dance with a more electronic and experimental sound.",audio-supported,audio,0,,1,E0_clause_split_artifact,斷句碎片（標註流程假影）,parent_audio-supported,"母句可歸屬，unsupported 係 split_claims 於 and/, 處切斷所致",dance;electronic;punk;rock,partially_supported,punk;rock,dance;electronic,,not_applicable,1,0,"In that case, I would recommend 'Rock and Punk Vibe' by Skrat. It's a track that combines elements of rock, punk, and dance with a more electronic and experimental sound. Although I don't have specific information about this track, it aligns with your preference for a more rock and punk vibe."
3673,h5Dl5y6er04,h5Dl5y6er04_rHV4SRg0aSU,z4xpvgCN0Mw_kZpPn8wmZGw,z4xpvgCN0Mw,wo_audio_all,3,This track has a rock,"This track has a rock and punk vibe, with elements of indie, alternative, and electronic genres.",audio-supported,audio,0,,1,E0_clause_split_artifact,斷句碎片（標註流程假影）,parent_audio-supported,"母句可歸屬，unsupported 係 split_claims 於 and/, 處切斷所致",alternative;electronic;indie;punk;rock,partially_supported,alternative;indie;punk;rock,electronic,,not_applicable,1,0,"In that case, I would recommend 'Rock and Punk' by The Donnas. This track has a rock and punk vibe, with elements of indie, alternative, and electronic genres. It's a perfect fit for your video, combining the best of rock and punk with a touch of indie and electronic genres."
3673,h5Dl5y6er04,h5Dl5y6er04_rHV4SRg0aSU,z4xpvgCN0Mw_kZpPn8wmZGw,z4xpvgCN0Mw,wo_audio_all,4,"punk vibe, with elements of indie, alternative","This track has a rock and punk vibe, with elements of indie, alternative, and electronic genres.",audio-supported,audio,0,,1,E0_clause_split_artifact,斷句碎片（標註流程假影）,parent_audio-supported,"母句可歸屬，unsupported 係 split_claims 於 and/, 處切斷所致",alternative;electronic;indie;punk;rock,partially_supported,alternative;indie;punk;rock,electronic,,not_applicable,1,0,"In that case, I would recommend 'Rock and Punk' by The Donnas. This track has a rock and punk vibe, with elements of indie, alternative, and electronic genres. It's a perfect fit for your video, combining the best of rock and punk with a touch of indie and electronic genres."
3673,h5Dl5y6er04,h5Dl5y6er04_rHV4SRg0aSU,z4xpvgCN0Mw_kZpPn8wmZGw,z4xpvgCN0Mw,wo_audio_all,6,punk with a touch of indie,"It's a perfect fit for your video, combining the best of rock and punk with a touch of indie and electronic genres.",audio-supported,audio,0,,1,E0_clause_split_artifact,斷句碎片（標註流程假影）,parent_audio-supported,"母句可歸屬，unsupported 係 split_claims 於 and/, 處切斷所致",electronic;indie;punk;rock,partially_supported,indie;punk;rock,electronic,,not_applicable,1,0,"In that case, I would recommend 'Rock and Punk' by The Donnas. This track has a rock and punk vibe, with elements of indie, alternative, and electronic genres. It's a perfect fit for your video, combining the best of rock and punk with a touch of indie and electronic genres."
3673,h5Dl5y6er04,h5Dl5y6er04_rHV4SRg0aSU,z4xpvgCN0Mw_kZpPn8wmZGw,z4xpvgCN0Mw,wo_prompt,2,It's a rock track with punk,It's a rock track with punk and indie influences.,audio-supported,audio,0,,1,E0_clause_split_artifact,斷句碎片（標註流程假影）,parent_audio-supported,"母句可歸屬，unsupported 係 split_claims 於 and/, 處切斷所致",indie;punk;rock,supported,indie;punk;rock,,,not_applicable,1,0,"I recommend 'Shake It Off' by Skrat. It's a rock track with punk and indie influences. The song has a fast-paced and loud sound, which aligns well with the energetic vibe you're looking for in your video."
3673,h5Dl5y6er04,h5Dl5y6er04_rHV4SRg0aSU,z4xpvgCN0Mw_kZpPn8wmZGw,z4xpvgCN0Mw,wo_ltp,1,"., and., and, and, and, and, and, and, and, and, and, and, and, and, and, and, and, and, and, and, and, and, and, and, and, and, and, and, and, and, and, and, and, and, and, and, and, and, and, and, and, and, and, and, and, and, and, and, and, and, and, and, and, and, and, and, and, and, and, and, and, and, and, and","., and., and, and, and, and, and, and, and, and, and, and, and, and, and, and, and, and, and, and, and, and, and, and, and, and, and, and, and, and, and, and, and, and, and, and, and, and, and, and, and, and, and, and, and, and, and, and, and, and, and, and, and, and, and, and, and, and, and, and, and, and, and, and",unsupported,unknown,1,type_token_ratio=0.02,0,E7_degenerate_generation,生成崩潰（退化輸出）,degenerate_output,整段生成為退化輸出（type_token_ratio=0.02），此時的 unsupported 反映生成崩潰而非主張缺乏證據,,not_applicable,,,,not_applicable,1,0,"., and., and, and, and, and, and, and, and, and, and, and, and, and, and, and, and, and, and, and, and, and, and, and, and, and, and, and, and, and, and, and, and, and, and, and, and, and, and, and, and, and, and, and, and, and, and, and, and, and, and, and, and, and, and, and, and, and, and, and, and, and, and, and"
3689,mkPFefiDPsY,mkPFefiDPsY_eyPHi3taRcM,EKuoiY8ZVo0_Bc2R4GRgDgo,EKuoiY8ZVo0,wo_prompt,5,It has a unique,It has a unique and captivating sound that could add a special touch to your video.,audio-supported,audio,0,,1,E0_clause_split_artifact,斷句碎片（標註流程假影）,parent_audio-supported,"母句可歸屬，unsupported 係 split_claims 於 and/, 處切斷所致",,not_applicable,,,,not_applicable,1,0,"I recommend 'Finding You in a Sea of People' by 許豪中 + 雷雪倪. It's a track from their album 'Finding You in a Sea of People'. The song combines elements of pop, rock, and indie with female vocals. It has a unique and captivating sound that could add a special touch to your video."
3689,mkPFefiDPsY,mkPFefiDPsY_eyPHi3taRcM,EKuoiY8ZVo0_Bc2R4GRgDgo,EKuoiY8ZVo0,wo_ltp,1,"I's, I's, I's, I's, that's, that's, that's, that's, that's, that's, that's,t,t,t,t,t,t,t,t,t,t,t,t,t,t,t,t,t,t,t,t","I's, I's, I's, I's, that's, that's, that's, that's, that's, that's, that's,t,t,t,t,t,t,t,t,t,t,t,t,t,t,t,t,t,t,t,t",unsupported,unknown,1,type_token_ratio=0.10,0,E7_degenerate_generation,生成崩潰（退化輸出）,degenerate_output,整段生成為退化輸出（type_token_ratio=0.10），此時的 unsupported 反映生成崩潰而非主張缺乏證據,,not_applicable,,,,not_applicable,1,0,". and.
. I's. I's. I's. I's. I's. I's. I's. I's. I's. I's. I's, I's, I's, I's, that's, that's, that's, that's, that's, that's, that's,t,t,t,t,t,t,t,t,t,t,t,t,t,t,t,t,t,t,t,t"
3705,SQZT17IAxeA,SQZT17IAxeA_tj0qwm941gg,SQZT17IAxeA_tj0qwm941gg,SQZT17IAxeA,full,2,It's a track from his mixtape 'Bout That Life'.,It's a track from his mixtape 'Bout That Life'.,unsupported,unknown,0,,0,E6_likely_hallucination,可能幻覺,named_entity_absent_from_all_evidence,引號名稱 ['Bout That Life'] 未見於管線內證據與外部 metadata；屬具體可查證卻查無支持者，列為可能幻覺並送人工複核,,not_applicable,,,Bout That Life,not_found,1,1,"Allow me to recommend 'Bout That Life' by Yung Tay. It's a track from his mixtape 'Bout That Life'. It combines elements of hip-hop, electronic, and dance music with indie influences. The song has a fast-paced beat and synth sounds that could be a fitting choice for your video. It was released in 2014 and may contain the specific elements you want."
3705,SQZT17IAxeA,SQZT17IAxeA_tj0qwm941gg,SQZT17IAxeA_tj0qwm941gg,SQZT17IAxeA,wo_video,2,"It's a track with elements of indie, dance","It's a track with elements of indie, dance, and electronic music.",unsupported,unknown,0,,1,E0b_rule_miss_verified,規則漏判但有證據支持,genre_claim_verified_by_tags,曲風敘述可由 musicnn 標籤／參考文本支持；v2 因 GENRE_TERMS 需搭配 anchor 詞才計為 audio 而漏判,dance;electronic;indie,supported,dance;electronic;indie,,,not_applicable,1,0,"Allow me to recommend 'Dance With Me' by J.R. & PH7. It's a track with elements of indie, dance, and electronic music. Although there is no specific information available about the track, it aligns with your preferences for indie and dance music. It may also have some synth and vocal effects that you are looking for."
3705,SQZT17IAxeA,SQZT17IAxeA_tj0qwm941gg,SQZT17IAxeA_tj0qwm941gg,SQZT17IAxeA,wo_audio_feature_only,5,It also has a mix of electronic,It also has a mix of electronic and dance elements that could add a unique touch to your video.,unsupported,unknown,0,,1,E5_multi_source_ambiguous,多來源無法區分,music_property_plus_video_effect,同一子句混合曲風敘述與影片效用宣稱，無法單一歸屬,dance;electronic,supported,dance;electronic,,,not_applicable,1,0,"In that case, I recommend 'Indie & Dance' by J.R. It's a track that combines elements of indie and dance music. It has a synth and vocal effects that could be a fitting choice for your video. It also has a mix of electronic and dance elements that could add a unique touch to your video."
3705,SQZT17IAxeA,SQZT17IAxeA_tj0qwm941gg,SQZT17IAxeA_tj0qwm941gg,SQZT17IAxeA,wo_audio_feature_only,6,dance elements that could add a unique touch to your video.,It also has a mix of electronic and dance elements that could add a unique touch to your video.,unsupported,unknown,0,,0,E5_multi_source_ambiguous,多來源無法區分,music_property_plus_video_effect,同一子句混合曲風敘述與影片效用宣稱，無法單一歸屬,dance;electronic,supported,dance;electronic,,,not_applicable,1,0,"In that case, I recommend 'Indie & Dance' by J.R. It's a track that combines elements of indie and dance music. It has a synth and vocal effects that could be a fitting choice for your video. It also has a mix of electronic and dance elements that could add a unique touch to your video."
3705,SQZT17IAxeA,SQZT17IAxeA_tj0qwm941gg,SQZT17IAxeA_tj0qwm941gg,SQZT17IAxeA,wo_prompt,2,It's a track from his mixtape 'Bout That Life'.,It's a track from his mixtape 'Bout That Life'.,unsupported,unknown,0,,0,E6_likely_hallucination,可能幻覺,named_entity_absent_from_all_evidence,引號名稱 ['Bout That Life'] 未見於管線內證據與外部 metadata；屬具體可查證卻查無支持者，列為可能幻覺並送人工複核,,not_applicable,,,Bout That Life,not_found,1,1,"I recommend 'Bout That Life' by Yung Tay. It's a track from his mixtape 'Bout That Life'. The song combines elements of Hip-Hop, electronic, and pop with a touch of R&B. It has a catchy beat and a male vocal that could add a unique touch to your video."
3705,SQZT17IAxeA,SQZT17IAxeA_tj0qwm941gg,SQZT17IAxeA_tj0qwm941gg,SQZT17IAxeA,wo_prompt,4,pop with a touch of R&B.,"The song combines elements of Hip-Hop, electronic, and pop with a touch of R&B.",audio-supported,audio,0,,0,E0_clause_split_artifact,斷句碎片（標註流程假影）,parent_audio-supported,"母句可歸屬，unsupported 係 split_claims 於 and/, 處切斷所致",electronic;hip-hop;pop;r&b,partially_supported,electronic;hip-hop;r&b,pop,,not_applicable,1,0,"I recommend 'Bout That Life' by Yung Tay. It's a track from his mixtape 'Bout That Life'. The song combines elements of Hip-Hop, electronic, and pop with a touch of R&B. It has a catchy beat and a male vocal that could add a unique touch to your video."
3705,SQZT17IAxeA,SQZT17IAxeA_tj0qwm941gg,SQZT17IAxeA_tj0qwm941gg,SQZT17IAxeA,wo_ltp,1,<EMPTY_GENERATION>,<EMPTY_GENERATION>,unsupported,unknown,1,type_token_ratio=0.02,0,E7_degenerate_generation,生成崩潰（退化輸出）,degenerate_output,整段生成為退化輸出（type_token_ratio=0.02），此時的 unsupported 反映生成崩潰而非主張缺乏證據,,not_applicable,,,,not_applicable,1,0,"s.
s.s.s.s.s.s.s.s.s.s.s.s.s.s.s.s.s.s.s.s.s.s.s.s.s.s.s.s.s.s.s.s.s.s.s.s.s.s.s.s.s.s.s.s.s.s.s.s.s.s.s.s.s.s.s.s.s.s.s.s.s.s.s"
3711,xSAt_9AARZg,xSAt_9AARZg_qJbtrYcfTfo,9yVZmMGjx6w_-RL3s-H0Jho,9yVZmMGjx6w,full,4,jazz with a slow,"The song combines elements of pop, folk, and jazz with a slow and acoustic sound.",audio-supported,audio,0,,1,E0_clause_split_artifact,斷句碎片（標註流程假影）,parent_audio-supported,"母句可歸屬，unsupported 係 split_claims 於 and/, 處切斷所致",folk;jazz;pop,supported,folk;jazz;pop,,,not_applicable,1,0,"Allow me to recommend 'Szerelem' by Christina Ross. It's a track from her album 'Szerelem'. The song combines elements of pop, folk, and jazz with a slow and acoustic sound. It was released in 2013 and could be a fitting choice for your video."
3711,xSAt_9AARZg,xSAt_9AARZg_qJbtrYcfTfo,9yVZmMGjx6w_-RL3s-H0Jho,9yVZmMGjx6w,wo_video,4,The song has a slow,The song has a slow and acoustic sound that could be a fitting choice for your video.,audio-supported,audio,0,,1,E0_clause_split_artifact,斷句碎片（標註流程假影）,parent_audio-supported,"母句可歸屬，unsupported 係 split_claims 於 and/, 處切斷所致",,not_applicable,,,,not_applicable,1,0,"Allow me to recommend 'The Way I Am' by Christina Ross. It's a track from her album 'The Way I Am'. It combines elements of pop, rock, and jazz with acoustic and folk influences. The song has a slow and acoustic sound that could be a fitting choice for your video."
3711,xSAt_9AARZg,xSAt_9AARZg_qJbtrYcfTfo,9yVZmMGjx6w_-RL3s-H0Jho,9yVZmMGjx6w,wo_audio_feature_only,4,folk with a touch of jazz.,"It combines elements of pop, dance, and folk with a touch of jazz.",audio-supported,audio,0,,0,E0_clause_split_artifact,斷句碎片（標註流程假影）,parent_audio-supported,"母句可歸屬，unsupported 係 split_claims 於 and/, 處切斷所致",dance;folk;jazz;pop,partially_supported,folk;jazz;pop,dance,,not_applicable,1,0,"Allow me to recommend 'Christina Ross' by Christina Ross. It's a track from her album 'Christina Ross'. It combines elements of pop, dance, and folk with a touch of jazz. It has a slow and acoustic sound that could be a fitting choice for your video."
3711,xSAt_9AARZg,xSAt_9AARZg_qJbtrYcfTfo,9yVZmMGjx6w_-RL3s-H0Jho,9yVZmMGjx6w,wo_audio_feature_only,5,It has a slow,It has a slow and acoustic sound that could be a fitting choice for your video.,audio-supported,audio,0,,1,E0_clause_split_artifact,斷句碎片（標註流程假影）,parent_audio-supported,"母句可歸屬，unsupported 係 split_claims 於 and/, 處切斷所致",,not_applicable,,,,not_applicable,1,0,"Allow me to recommend 'Christina Ross' by Christina Ross. It's a track from her album 'Christina Ross'. It combines elements of pop, dance, and folk with a touch of jazz. It has a slow and acoustic sound that could be a fitting choice for your video."
3711,xSAt_9AARZg,xSAt_9AARZg_qJbtrYcfTfo,9yVZmMGjx6w_-RL3s-H0Jho,9yVZmMGjx6w,wo_audio_all,4,folk with a touch of jazz,"It combines elements of pop, rock, and folk with a touch of jazz and slow acoustic sounds.",audio-supported,audio,0,,1,E0_clause_split_artifact,斷句碎片（標註流程假影）,parent_audio-supported,"母句可歸屬，unsupported 係 split_claims 於 and/, 處切斷所致",folk;jazz;pop;rock,partially_supported,folk;jazz;pop,rock,,not_applicable,1,0,"Allow me to recommend 'I'm Not The One' by Christina Ross. It's a track from her album 'I'm Not The One'. It combines elements of pop, rock, and folk with a touch of jazz and slow acoustic sounds. It could be a fitting choice for your video."
3711,xSAt_9AARZg,xSAt_9AARZg_qJbtrYcfTfo,9yVZmMGjx6w_-RL3s-H0Jho,9yVZmMGjx6w,wo_prompt,5,It has a unique,It has a unique and captivating sound that could add a special touch to your video.,audio-supported,audio,0,,1,E0_clause_split_artifact,斷句碎片（標註流程假影）,parent_audio-supported,"母句可歸屬，unsupported 係 split_claims 於 and/, 處切斷所致",,not_applicable,,,,not_applicable,1,0,"I recommend 'Szerelem' by Csondor Kata. It's a track from her album 'Szerelem'. The song combines elements of pop, rock, and indie with female vocals. It has a unique and captivating sound that could add a special touch to your video."
3711,xSAt_9AARZg,xSAt_9AARZg_qJbtrYcfTfo,9yVZmMGjx6w_-RL3s-H0Jho,9yVZmMGjx6w,wo_ltp,1,and it is for?,and it is for?,unsupported,unknown,1,type_token_ratio=0.12,0,E7_degenerate_generation,生成崩潰（退化輸出）,degenerate_output,整段生成為退化輸出（type_token_ratio=0.12），此時的 unsupported 反映生成崩潰而非主張缺乏證據,,not_applicable,,,,not_applicable,1,0,. and. and is for. and it is for? and it is for? and it is for? and it is for? and it is for?? and it is for?? and? for????????? and????? and??????????????????????????????????????????????????????????????????????
3711,xSAt_9AARZg,xSAt_9AARZg_qJbtrYcfTfo,9yVZmMGjx6w_-RL3s-H0Jho,9yVZmMGjx6w,wo_ltp,2,and it is for?,and it is for?,unsupported,unknown,1,type_token_ratio=0.12,0,E7_degenerate_generation,生成崩潰（退化輸出）,degenerate_output,整段生成為退化輸出（type_token_ratio=0.12），此時的 unsupported 反映生成崩潰而非主張缺乏證據,,not_applicable,,,,not_applicable,1,0,. and. and is for. and it is for? and it is for? and it is for? and it is for? and it is for?? and it is for?? and? for????????? and????? and??????????????????????????????????????????????????????????????????????
3711,xSAt_9AARZg,xSAt_9AARZg_qJbtrYcfTfo,9yVZmMGjx6w_-RL3s-H0Jho,9yVZmMGjx6w,wo_ltp,3,and it is for?,and it is for?,unsupported,unknown,1,type_token_ratio=0.12,0,E7_degenerate_generation,生成崩潰（退化輸出）,degenerate_output,整段生成為退化輸出（type_token_ratio=0.12），此時的 unsupported 反映生成崩潰而非主張缺乏證據,,not_applicable,,,,not_applicable,1,0,. and. and is for. and it is for? and it is for? and it is for? and it is for? and it is for?? and it is for?? and? for????????? and????? and??????????????????????????????????????????????????????????????????????
3711,xSAt_9AARZg,xSAt_9AARZg_qJbtrYcfTfo,9yVZmMGjx6w_-RL3s-H0Jho,9yVZmMGjx6w,wo_ltp,4,and it is for?,and it is for?,unsupported,unknown,1,type_token_ratio=0.12,0,E7_degenerate_generation,生成崩潰（退化輸出）,degenerate_output,整段生成為退化輸出（type_token_ratio=0.12），此時的 unsupported 反映生成崩潰而非主張缺乏證據,,not_applicable,,,,not_applicable,1,0,. and. and is for. and it is for? and it is for? and it is for? and it is for? and it is for?? and it is for?? and? for????????? and????? and??????????????????????????????????????????????????????????????????????
3711,xSAt_9AARZg,xSAt_9AARZg_qJbtrYcfTfo,9yVZmMGjx6w_-RL3s-H0Jho,9yVZmMGjx6w,wo_ltp,5,and it is for??,and it is for??,unsupported,unknown,1,type_token_ratio=0.12,0,E7_degenerate_generation,生成崩潰（退化輸出）,degenerate_output,整段生成為退化輸出（type_token_ratio=0.12），此時的 unsupported 反映生成崩潰而非主張缺乏證據,,not_applicable,,,,not_applicable,1,0,. and. and is for. and it is for? and it is for? and it is for? and it is for? and it is for?? and it is for?? and? for????????? and????? and??????????????????????????????????????????????????????????????????????
3711,xSAt_9AARZg,xSAt_9AARZg_qJbtrYcfTfo,9yVZmMGjx6w_-RL3s-H0Jho,9yVZmMGjx6w,wo_ltp,6,and it is for??,and it is for??,unsupported,unknown,1,type_token_ratio=0.12,0,E7_degenerate_generation,生成崩潰（退化輸出）,degenerate_output,整段生成為退化輸出（type_token_ratio=0.12），此時的 unsupported 反映生成崩潰而非主張缺乏證據,,not_applicable,,,,not_applicable,1,0,. and. and is for. and it is for? and it is for? and it is for? and it is for? and it is for?? and it is for?? and? for????????? and????? and??????????????????????????????????????????????????????????????????????
3715,HalzeiAqMCs,HalzeiAqMCs_fJniB5oey-s,MhlecL-gx4s_U3s0MEeGzNk,MhlecL-gx4s,full,2,rock track with electronic,It's a pop and rock track with electronic and indie influences.,audio-supported,audio,0,,1,E0_clause_split_artifact,斷句碎片（標註流程假影）,parent_audio-supported,"母句可歸屬，unsupported 係 split_claims 於 and/, 處切斷所致",electronic;indie;pop;rock,partially_supported,indie;pop;rock,electronic,,not_applicable,1,0,Certainly! How about 'London' by Money Aujla feat? It's a pop and rock track with electronic and indie influences. The song features a female vocalist and was released in 2014. It could be a fitting choice for your video.
3715,HalzeiAqMCs,HalzeiAqMCs_fJniB5oey-s,MhlecL-gx4s_U3s0MEeGzNk,MhlecL-gx4s,wo_audio_feature_only,4,"Although I don't have specific information about this track, it aligns with the pop","Although I don't have specific information about this track, it aligns with the pop and rock influence you're looking for.",prompt-supported,prompt,0,,1,E0_clause_split_artifact,斷句碎片（標註流程假影）,parent_prompt-supported,"母句可歸屬，unsupported 係 split_claims 於 and/, 處切斷所致",pop;rock,supported,pop;rock,,,not_applicable,1,0,"I recommend 'Pop and Rock' by Money Aujla feat. It's a track from the album 'Pop and Rock'. It's a pop and rock influenced by the music of the 80s and 90s. Although I don't have specific information about this track, it aligns with the pop and rock influence you're looking for."
3715,HalzeiAqMCs,HalzeiAqMCs_fJniB5oey-s,MhlecL-gx4s_U3s0MEeGzNk,MhlecL-gx4s,wo_audio_all,1,I suggest checking out 'I'm Not The One' for You're a Pop,I suggest checking out 'I'm Not The One' for You're a Pop and Rock Influencer.,audio-supported,audio,0,,1,E0_clause_split_artifact,斷句碎片（標註流程假影）,parent_audio-supported,"母句可歸屬，unsupported 係 split_claims 於 and/, 處切斷所致",pop;rock,supported,pop;rock,,,not_applicable,1,0,"I suggest checking out 'I'm Not The One' for You're a Pop and Rock Influencer. It's a track that combines elements of pop, rock, and electronic music with a female vocalist. Although I don't have specific information about the track name, album name, or artist, it aligns well with your preferences for a pop and rock influence with a female vocalist."
3715,HalzeiAqMCs,HalzeiAqMCs_fJniB5oey-s,MhlecL-gx4s_U3s0MEeGzNk,MhlecL-gx4s,wo_prompt,5,It has a catchy,It has a catchy and energetic vibe that could be a great fit for your video.,audio-supported,audio,0,,1,E0_clause_split_artifact,斷句碎片（標註流程假影）,parent_audio-supported,"母句可歸屬，unsupported 係 split_claims 於 and/, 處切斷所致",,not_applicable,,,,not_applicable,1,0,"I recommend 'London' by Money Aujla feat. It's a track from their album 'London'. The song combines elements of pop, rock, and electronic music, with female vocals. It has a catchy and energetic vibe that could be a great fit for your video."
3715,HalzeiAqMCs,HalzeiAqMCs_fJniB5oey-s,MhlecL-gx4s_U3s0MEeGzNk,MhlecL-gx4s,wo_ltp,1,and is for the city.,and is for the city.,unsupported,unknown,1,type_token_ratio=0.11,0,E7_degenerate_generation,生成崩潰（退化輸出）,degenerate_output,整段生成為退化輸出（type_token_ratio=0.11），此時的 unsupported 反映生成崩潰而非主張缺乏證據,,not_applicable,,,,not_applicable,1,0,. is is for. is is for. is is for. and is for the city. and is for the city. and is is for the city. and the city. is for the city. is for the city. and is for the city. is for the city. and is for the city. and is for the city. and is much morning. and is for morning. and is for morning. and that's for morning. at the morning. to morning. to the. and that is. that. and that. that. that. to the. that. to the the morning. to the the morning
3715,HalzeiAqMCs,HalzeiAqMCs_fJniB5oey-s,MhlecL-gx4s_U3s0MEeGzNk,MhlecL-gx4s,wo_ltp,2,and is for the city.,and is for the city.,unsupported,unknown,1,type_token_ratio=0.11,0,E7_degenerate_generation,生成崩潰（退化輸出）,degenerate_output,整段生成為退化輸出（type_token_ratio=0.11），此時的 unsupported 反映生成崩潰而非主張缺乏證據,,not_applicable,,,,not_applicable,1,0,. is is for. is is for. is is for. and is for the city. and is for the city. and is is for the city. and the city. is for the city. is for the city. and is for the city. is for the city. and is for the city. and is for the city. and is much morning. and is for morning. and is for morning. and that's for morning. at the morning. to morning. to the. and that is. that. and that. that. that. to the. that. to the the morning. to the the morning
3715,HalzeiAqMCs,HalzeiAqMCs_fJniB5oey-s,MhlecL-gx4s_U3s0MEeGzNk,MhlecL-gx4s,wo_ltp,3,and is is for the city.,and is is for the city.,unsupported,unknown,1,type_token_ratio=0.11,0,E7_degenerate_generation,生成崩潰（退化輸出）,degenerate_output,整段生成為退化輸出（type_token_ratio=0.11），此時的 unsupported 反映生成崩潰而非主張缺乏證據,,not_applicable,,,,not_applicable,1,0,. is is for. is is for. is is for. and is for the city. and is for the city. and is is for the city. and the city. is for the city. is for the city. and is for the city. is for the city. and is for the city. and is for the city. and is much morning. and is for morning. and is for morning. and that's for morning. at the morning. to morning. to the. and that is. that. and that. that. that. to the. that. to the the morning. to the the morning
3715,HalzeiAqMCs,HalzeiAqMCs_fJniB5oey-s,MhlecL-gx4s_U3s0MEeGzNk,MhlecL-gx4s,wo_ltp,4,is for the city.,and is for the city.,unsupported,unknown,1,type_token_ratio=0.11,0,E7_degenerate_generation,生成崩潰（退化輸出）,degenerate_output,整段生成為退化輸出（type_token_ratio=0.11），此時的 unsupported 反映生成崩潰而非主張缺乏證據,,not_applicable,,,,not_applicable,1,0,. is is for. is is for. is is for. and is for the city. and is for the city. and is is for the city. and the city. is for the city. is for the city. and is for the city. is for the city. and is for the city. and is for the city. and is much morning. and is for morning. and is for morning. and that's for morning. at the morning. to morning. to the. and that is. that. and that. that. that. to the. that. to the the morning. to the the morning
3715,HalzeiAqMCs,HalzeiAqMCs_fJniB5oey-s,MhlecL-gx4s_U3s0MEeGzNk,MhlecL-gx4s,wo_ltp,5,is for the city.,and is for the city.,unsupported,unknown,1,type_token_ratio=0.11,0,E7_degenerate_generation,生成崩潰（退化輸出）,degenerate_output,整段生成為退化輸出（type_token_ratio=0.11），此時的 unsupported 反映生成崩潰而非主張缺乏證據,,not_applicable,,,,not_applicable,1,0,. is is for. is is for. is is for. and is for the city. and is for the city. and is is for the city. and the city. is for the city. is for the city. and is for the city. is for the city. and is for the city. and is for the city. and is much morning. and is for morning. and is for morning. and that's for morning. at the morning. to morning. to the. and that is. that. and that. that. that. to the. that. to the the morning. to the the morning
3715,HalzeiAqMCs,HalzeiAqMCs_fJniB5oey-s,MhlecL-gx4s_U3s0MEeGzNk,MhlecL-gx4s,wo_ltp,6,and is for the city.,and is for the city.,unsupported,unknown,1,type_token_ratio=0.11,0,E7_degenerate_generation,生成崩潰（退化輸出）,degenerate_output,整段生成為退化輸出（type_token_ratio=0.11），此時的 unsupported 反映生成崩潰而非主張缺乏證據,,not_applicable,,,,not_applicable,1,0,. is is for. is is for. is is for. and is for the city. and is for the city. and is is for the city. and the city. is for the city. is for the city. and is for the city. is for the city. and is for the city. and is for the city. and is much morning. and is for morning. and is for morning. and that's for morning. at the morning. to morning. to the. and that is. that. and that. that. that. to the. that. to the the morning. to the the morning
3715,HalzeiAqMCs,HalzeiAqMCs_fJniB5oey-s,MhlecL-gx4s_U3s0MEeGzNk,MhlecL-gx4s,wo_ltp,7,is for the city.,and is for the city.,unsupported,unknown,1,type_token_ratio=0.11,0,E7_degenerate_generation,生成崩潰（退化輸出）,degenerate_output,整段生成為退化輸出（type_token_ratio=0.11），此時的 unsupported 反映生成崩潰而非主張缺乏證據,,not_applicable,,,,not_applicable,1,0,. is is for. is is for. is is for. and is for the city. and is for the city. and is is for the city. and the city. is for the city. is for the city. and is for the city. is for the city. and is for the city. and is for the city. and is much morning. and is for morning. and is for morning. and that's for morning. at the morning. to morning. to the. and that is. that. and that. that. that. to the. that. to the the morning. to the the morning
3715,HalzeiAqMCs,HalzeiAqMCs_fJniB5oey-s,MhlecL-gx4s_U3s0MEeGzNk,MhlecL-gx4s,wo_ltp,8,and is for the city.,and is for the city.,unsupported,unknown,1,type_token_ratio=0.11,0,E7_degenerate_generation,生成崩潰（退化輸出）,degenerate_output,整段生成為退化輸出（type_token_ratio=0.11），此時的 unsupported 反映生成崩潰而非主張缺乏證據,,not_applicable,,,,not_applicable,1,0,. is is for. is is for. is is for. and is for the city. and is for the city. and is is for the city. and the city. is for the city. is for the city. and is for the city. is for the city. and is for the city. and is for the city. and is much morning. and is for morning. and is for morning. and that's for morning. at the morning. to morning. to the. and that is. that. and that. that. that. to the. that. to the the morning. to the the morning
3715,HalzeiAqMCs,HalzeiAqMCs_fJniB5oey-s,MhlecL-gx4s_U3s0MEeGzNk,MhlecL-gx4s,wo_ltp,9,and is for the city.,and is for the city.,unsupported,unknown,1,type_token_ratio=0.11,0,E7_degenerate_generation,生成崩潰（退化輸出）,degenerate_output,整段生成為退化輸出（type_token_ratio=0.11），此時的 unsupported 反映生成崩潰而非主張缺乏證據,,not_applicable,,,,not_applicable,1,0,. is is for. is is for. is is for. and is for the city. and is for the city. and is is for the city. and the city. is for the city. is for the city. and is for the city. is for the city. and is for the city. and is for the city. and is much morning. and is for morning. and is for morning. and that's for morning. at the morning. to morning. to the. and that is. that. and that. that. that. to the. that. to the the morning. to the the morning
3715,HalzeiAqMCs,HalzeiAqMCs_fJniB5oey-s,MhlecL-gx4s_U3s0MEeGzNk,MhlecL-gx4s,wo_ltp,10,and is much morning.,and is much morning.,unsupported,unknown,1,type_token_ratio=0.11,0,E7_degenerate_generation,生成崩潰（退化輸出）,degenerate_output,整段生成為退化輸出（type_token_ratio=0.11），此時的 unsupported 反映生成崩潰而非主張缺乏證據,,not_applicable,,,,not_applicable,1,0,. is is for. is is for. is is for. and is for the city. and is for the city. and is is for the city. and the city. is for the city. is for the city. and is for the city. is for the city. and is for the city. and is for the city. and is much morning. and is for morning. and is for morning. and that's for morning. at the morning. to morning. to the. and that is. that. and that. that. that. to the. that. to the the morning. to the the morning
3715,HalzeiAqMCs,HalzeiAqMCs_fJniB5oey-s,MhlecL-gx4s_U3s0MEeGzNk,MhlecL-gx4s,wo_ltp,11,and is for morning.,and is for morning.,unsupported,unknown,1,type_token_ratio=0.11,0,E7_degenerate_generation,生成崩潰（退化輸出）,degenerate_output,整段生成為退化輸出（type_token_ratio=0.11），此時的 unsupported 反映生成崩潰而非主張缺乏證據,,not_applicable,,,,not_applicable,1,0,. is is for. is is for. is is for. and is for the city. and is for the city. and is is for the city. and the city. is for the city. is for the city. and is for the city. is for the city. and is for the city. and is for the city. and is much morning. and is for morning. and is for morning. and that's for morning. at the morning. to morning. to the. and that is. that. and that. that. that. to the. that. to the the morning. to the the morning
3715,HalzeiAqMCs,HalzeiAqMCs_fJniB5oey-s,MhlecL-gx4s_U3s0MEeGzNk,MhlecL-gx4s,wo_ltp,12,and is for morning.,and is for morning.,unsupported,unknown,1,type_token_ratio=0.11,0,E7_degenerate_generation,生成崩潰（退化輸出）,degenerate_output,整段生成為退化輸出（type_token_ratio=0.11），此時的 unsupported 反映生成崩潰而非主張缺乏證據,,not_applicable,,,,not_applicable,1,0,. is is for. is is for. is is for. and is for the city. and is for the city. and is is for the city. and the city. is for the city. is for the city. and is for the city. is for the city. and is for the city. and is for the city. and is much morning. and is for morning. and is for morning. and that's for morning. at the morning. to morning. to the. and that is. that. and that. that. that. to the. that. to the the morning. to the the morning
3715,HalzeiAqMCs,HalzeiAqMCs_fJniB5oey-s,MhlecL-gx4s_U3s0MEeGzNk,MhlecL-gx4s,wo_ltp,13,and that's for morning.,and that's for morning.,unsupported,unknown,1,type_token_ratio=0.11,0,E7_degenerate_generation,生成崩潰（退化輸出）,degenerate_output,整段生成為退化輸出（type_token_ratio=0.11），此時的 unsupported 反映生成崩潰而非主張缺乏證據,,not_applicable,,,,not_applicable,1,0,. is is for. is is for. is is for. and is for the city. and is for the city. and is is for the city. and the city. is for the city. is for the city. and is for the city. is for the city. and is for the city. and is for the city. and is much morning. and is for morning. and is for morning. and that's for morning. at the morning. to morning. to the. and that is. that. and that. that. that. to the. that. to the the morning. to the the morning
3715,HalzeiAqMCs,HalzeiAqMCs_fJniB5oey-s,MhlecL-gx4s_U3s0MEeGzNk,MhlecL-gx4s,wo_ltp,14,to the the morning.,to the the morning.,unsupported,unknown,1,type_token_ratio=0.11,0,E7_degenerate_generation,生成崩潰（退化輸出）,degenerate_output,整段生成為退化輸出（type_token_ratio=0.11），此時的 unsupported 反映生成崩潰而非主張缺乏證據,,not_applicable,,,,not_applicable,1,0,. is is for. is is for. is is for. and is for the city. and is for the city. and is is for the city. and the city. is for the city. is for the city. and is for the city. is for the city. and is for the city. and is for the city. and is much morning. and is for morning. and is for morning. and that's for morning. at the morning. to morning. to the. and that is. that. and that. that. that. to the. that. to the the morning. to the the morning
3715,HalzeiAqMCs,HalzeiAqMCs_fJniB5oey-s,MhlecL-gx4s_U3s0MEeGzNk,MhlecL-gx4s,wo_ltp,15,to the the morning,to the the morning.,unsupported,unknown,1,type_token_ratio=0.11,0,E7_degenerate_generation,生成崩潰（退化輸出）,degenerate_output,整段生成為退化輸出（type_token_ratio=0.11），此時的 unsupported 反映生成崩潰而非主張缺乏證據,,not_applicable,,,,not_applicable,1,0,. is is for. is is for. is is for. and is for the city. and is for the city. and is is for the city. and the city. is for the city. is for the city. and is for the city. is for the city. and is for the city. and is for the city. and is much morning. and is for morning. and is for morning. and that's for morning. at the morning. to morning. to the. and that is. that. and that. that. that. to the. that. to the the morning. to the the morning
3754,GI6_MCrDl6o,GI6_MCrDl6o_fYEhUcWefXY,sopIF5zt7kA_7RAKiRQIyuY,sopIF5zt7kA,full,5,It has a catchy,It has a catchy and energetic vibe that could be a fitting choice for your video.,audio-supported,audio,0,,1,E0_clause_split_artifact,斷句碎片（標註流程假影）,parent_audio-supported,"母句可歸屬，unsupported 係 split_claims 於 and/, 處切斷所致",,not_applicable,,,,not_applicable,1,0,"Allow me to recommend 'I Could Be The One' by Avicii and Nicky Romero. It's a track from their album 'I Could Be The One'. The song combines elements of electronic, dance, and pop genres with female vocalists. It has a catchy and energetic vibe that could be a fitting choice for your video."
3754,GI6_MCrDl6o,GI6_MCrDl6o_fYEhUcWefXY,sopIF5zt7kA_7RAKiRQIyuY,sopIF5zt7kA,wo_prompt,5,It's a popular song that will add a catchy,It's a popular song that will add a catchy and upbeat element to your video.,audio-supported,audio,0,,1,E0_clause_split_artifact,斷句碎片（標註流程假影）,parent_audio-supported,"母句可歸屬，unsupported 係 split_claims 於 and/, 處切斷所致",,not_applicable,,,,not_applicable,1,0,"In order to recommend the most suitable background music for your video, I suggest using 'Sunshine' by Danny Avila. This track falls under the dance, electronic, pop, and house genres, which align with the energetic and vibrant vibe you're looking for. It's a popular song that will add a catchy and upbeat element to your video."
3754,GI6_MCrDl6o,GI6_MCrDl6o_fYEhUcWefXY,sopIF5zt7kA_7RAKiRQIyuY,sopIF5zt7kA,wo_ltp,1,<EMPTY_GENERATION>,<EMPTY_GENERATION>,unsupported,unknown,1,too_few_tokens=7,0,E7_degenerate_generation,生成崩潰（退化輸出）,degenerate_output,整段生成為退化輸出（too_few_tokens=7），此時的 unsupported 反映生成崩潰而非主張缺乏證據,,not_applicable,,,,not_applicable,1,0,"5th.5th5th,5th,5th,5th,5th,5,5,5,5,5,5,5,5,5,5,5,5,5,5,5,5,5,5,5,5,5,5,5,5,5,5,5,5,5,5,5,5,5,5,5,5,5,5,5,5,5,5,5,5,5,5,5,5,5,5,5,5,5,5,"
3788,cv-jSWbgOKU,cv-jSWbgOKU_C5A5d8ZWeWQ,kwytEYCl-7E_0diZCH4jfMM,kwytEYCl-7E,full,2,folk-inspired track with elements of rock,It's an acoustic and folk-inspired track with elements of rock and indie.,audio-supported,audio,0,,1,E0_clause_split_artifact,斷句碎片（標註流程假影）,parent_audio-supported,"母句可歸屬，unsupported 係 split_claims 於 and/, 處切斷所致",indie;rock,supported,indie;rock,,,not_applicable,1,0,Certainly! How about 'The Way I Am' by The Lumineers? It's an acoustic and folk-inspired track with elements of rock and indie. The song features female vocals and has a heartfelt and emotional vibe. It could be a fitting choice for your video.
3788,cv-jSWbgOKU,cv-jSWbgOKU_C5A5d8ZWeWQ,kwytEYCl-7E_0diZCH4jfMM,kwytEYCl-7E,wo_audio_all,2,folk track with indie,It's an acoustic and folk track with indie and rock influences.,audio-supported,audio,0,,1,E0_clause_split_artifact,斷句碎片（標註流程假影）,parent_audio-supported,"母句可歸屬，unsupported 係 split_claims 於 and/, 處切斷所致",folk;indie;rock,supported,folk;indie;rock,,,not_applicable,1,0,"I suggest you consider 'The Last Goodbye' by The Vamps. It's an acoustic and folk track with indie and rock influences. Although it doesn't have a specific description, it aligns well with your preferences for acoustic and folk elements."
3788,cv-jSWbgOKU,cv-jSWbgOKU_C5A5d8ZWeWQ,kwytEYCl-7E_0diZCH4jfMM,kwytEYCl-7E,wo_prompt,5,It has a unique,It has a unique and captivating sound that could add a touch of emotion to your video.,audio-supported,audio,0,,1,E0_clause_split_artifact,斷句碎片（標註流程假影）,parent_audio-supported,"母句可歸屬，unsupported 係 split_claims 於 and/, 處切斷所致",,not_applicable,,,,not_applicable,1,0,"I recommend 'The Last Song' by The Last Song. It's a track from their album 'The Last Song'. The song combines elements of rock, indie, and alternative with female vocals. It has a unique and captivating sound that could add a touch of emotion to your video."
3788,cv-jSWbgOKU,cv-jSWbgOKU_C5A5d8ZWeWQ,kwytEYCl-7E_0diZCH4jfMM,kwytEYCl-7E,wo_ltp,1,is is is is that is is that is is is that is is that is.,is is is is that is is that is is is that is is that is.,unsupported,unknown,1,type_token_ratio=0.04,0,E7_degenerate_generation,生成崩潰（退化輸出）,degenerate_output,整段生成為退化輸出（type_token_ratio=0.04），此時的 unsupported 反映生成崩潰而非主張缺乏證據,,not_applicable,,,,not_applicable,1,0,is is is is that is is that is is is that is is that is. Is is that is. Is. Is. Is. Is. Is.s.s.s.s.s.s.s.s.s.s.s.s.s.s.s.s.s.s.s.s.s.s.s.s.s.s.s.s.s.s.s.s.s.s.s.s.s.s.s.s.s.s.s.s.s.
3788,cv-jSWbgOKU,cv-jSWbgOKU_C5A5d8ZWeWQ,kwytEYCl-7E_0diZCH4jfMM,kwytEYCl-7E,wo_ltp,2,Is is that is.,Is is that is.,unsupported,unknown,1,type_token_ratio=0.04,0,E7_degenerate_generation,生成崩潰（退化輸出）,degenerate_output,整段生成為退化輸出（type_token_ratio=0.04），此時的 unsupported 反映生成崩潰而非主張缺乏證據,,not_applicable,,,,not_applicable,1,0,is is is is that is is that is is is that is is that is. Is is that is. Is. Is. Is. Is. Is.s.s.s.s.s.s.s.s.s.s.s.s.s.s.s.s.s.s.s.s.s.s.s.s.s.s.s.s.s.s.s.s.s.s.s.s.s.s.s.s.s.s.s.s.s.
3819,qIJqSGTpfA0,qIJqSGTpfA0_babtBEl69zc,aiomsmTL110_7RCQY5Ln9C0,aiomsmTL110,full,4,pop with a dance vibe.,"It combines elements of electronic, indie, and pop with a dance vibe.",audio-supported,audio,0,,0,E0_clause_split_artifact,斷句碎片（標註流程假影）,parent_audio-supported,"母句可歸屬，unsupported 係 split_claims 於 and/, 處切斷所致",dance;electronic;indie;pop,partially_supported,dance;electronic;pop,indie,,not_applicable,1,0,"Allow me to recommend 'Night & Day' by Livia K. It's a track from her album 'Night & Day'. It combines elements of electronic, indie, and pop with a dance vibe. The song has a catchy and energetic sound that could be a fitting choice for your video."
3819,qIJqSGTpfA0,qIJqSGTpfA0_babtBEl69zc,aiomsmTL110_7RCQY5Ln9C0,aiomsmTL110,full,5,The song has a catchy,The song has a catchy and energetic sound that could be a fitting choice for your video.,audio-supported,audio,0,,1,E0_clause_split_artifact,斷句碎片（標註流程假影）,parent_audio-supported,"母句可歸屬，unsupported 係 split_claims 於 and/, 處切斷所致",,not_applicable,,,,not_applicable,1,0,"Allow me to recommend 'Night & Day' by Livia K. It's a track from her album 'Night & Day'. It combines elements of electronic, indie, and pop with a dance vibe. The song has a catchy and energetic sound that could be a fitting choice for your video."
3819,qIJqSGTpfA0,qIJqSGTpfA0_babtBEl69zc,aiomsmTL110_7RCQY5Ln9C0,aiomsmTL110,wo_video,2,It's a track with indie,"It's a track with indie and pop influences, along with dance elements.",audio-supported,audio,0,,1,E0_clause_split_artifact,斷句碎片（標註流程假影）,parent_audio-supported,"母句可歸屬，unsupported 係 split_claims 於 and/, 處切斷所致",dance;indie;pop,partially_supported,dance;pop,indie,,not_applicable,1,0,"Allow me to recommend 'Night & Day' by Livia K. It's a track with indie and pop influences, along with dance elements. Although there is no specific information available about the album, artists, or track name, it aligns well with your preferences."
3819,qIJqSGTpfA0,qIJqSGTpfA0_babtBEl69zc,aiomsmTL110_7RCQY5Ln9C0,aiomsmTL110,wo_prompt,2,electronic song with pop,It's a dance and electronic song with pop and house influences.,audio-supported,audio,0,,1,E0_clause_split_artifact,斷句碎片（標註流程假影）,parent_audio-supported,"母句可歸屬，unsupported 係 split_claims 於 and/, 處切斷所致",dance;electronic;house;pop,supported,dance;electronic;house;pop,,,not_applicable,1,0,I recommend the track 'Night & Day' by Livia K. It's a dance and electronic song with pop and house influences. The track has a fast-paced beat and synth elements that create a vibrant and energetic atmosphere. It's a great choice for your video.
3819,qIJqSGTpfA0,qIJqSGTpfA0_babtBEl69zc,aiomsmTL110_7RCQY5Ln9C0,aiomsmTL110,wo_ltp,1,is is is is is is is is is that is is is is is that is.,is is is is is is is is is that is is is is is that is.,unsupported,unknown,1,type_token_ratio=0.06,0,E7_degenerate_generation,生成崩潰（退化輸出）,degenerate_output,整段生成為退化輸出（type_token_ratio=0.06），此時的 unsupported 反映生成崩潰而非主張缺乏證據,,not_applicable,,,,not_applicable,1,0,is is is is is is is is is that is is is is is that is. is is that is.is that is is is that is is that is is that is that is that is that is that is that is that is that is that is that's that's that's that's that's that's that's that's that's that's that's that's that's that's that's that's that's that's that's that'that'that'that'that'that'that'that'that's
3819,qIJqSGTpfA0,qIJqSGTpfA0_babtBEl69zc,aiomsmTL110_7RCQY5Ln9C0,aiomsmTL110,wo_ltp,2,is is that is.is that is is is that is is that is is that is that is that is that is that is that is that is that is that is that's that's that's that's that's that's that's that's that's that's that's that's that's that's that's that's that's that's that's that'that'that'that'that'that'that'that'that's,is is that is.is that is is is that is is that is is that is that is that is that is that is that is that is that is that is that's that's that's that's that's that's that's that's that's that's that's that's that's that's that's that's that's that's that's that'that'that'that'that'that'that'that'that's,unsupported,unknown,1,type_token_ratio=0.06,0,E7_degenerate_generation,生成崩潰（退化輸出）,degenerate_output,整段生成為退化輸出（type_token_ratio=0.06），此時的 unsupported 反映生成崩潰而非主張缺乏證據,,not_applicable,,,,not_applicable,1,0,is is is is is is is is is that is is is is is that is. is is that is.is that is is is that is is that is is that is that is that is that is that is that is that is that is that is that's that's that's that's that's that's that's that's that's that's that's that's that's that's that's that's that's that's that's that'that'that'that'that'that'that'that'that's
3876,5vOcmkN9MIk,5vOcmkN9MIk_YKkdrHiem3o,h6-exJlpTko_lzjELi7VPx0,h6-exJlpTko,wo_prompt,4,dance with a touch of R&B.,"It combines elements of Hip-Hop, electronic, pop, and dance with a touch of R&B.",audio-supported,audio,0,,0,E0_clause_split_artifact,斷句碎片（標註流程假影）,parent_audio-supported,"母句可歸屬，unsupported 係 split_claims 於 and/, 處切斷所致",dance;electronic;hip-hop;pop;r&b,partially_supported,electronic;hip-hop;pop;r&b,dance,,not_applicable,1,0,"I recommend 'mil maneras 2010' by gamabeatmaker. It's a track from the album 'mil maneras 2010'. It combines elements of Hip-Hop, electronic, pop, and dance with a touch of R&B. The song has a techno and synth-focused sound, which adds a unique touch to the music."
3876,5vOcmkN9MIk,5vOcmkN9MIk_YKkdrHiem3o,h6-exJlpTko_lzjELi7VPx0,h6-exJlpTko,wo_ltp,1,<EMPTY_GENERATION>,<EMPTY_GENERATION>,unsupported,unknown,1,type_token_ratio=0.02,0,E7_degenerate_generation,生成崩潰（退化輸出）,degenerate_output,整段生成為退化輸出（type_token_ratio=0.02），此時的 unsupported 反映生成崩潰而非主張缺乏證據,,not_applicable,,,,not_applicable,1,0,.t.t.t.t.t.t.t.t.t.t.t.t.t.t.t.t.t.t.t.t.t.t.t.t.t.t.t.t.t.t.t.t.t.t.t.t.t.t.t.t.t.t.t.t.t.t.t.t.t.t.t.t.t.t.t.t.t.t.t:t.t:t:t:t
3905,H-W68B4KTVI,H-W68B4KTVI_ulxuGZNxbA0,ZZGwle80SUg_jeCpb0O6-tE,ZZGwle80SUg,full,2,It's an electronic track with ambient,It's an electronic track with ambient and chillout elements.,unsupported,unknown,0,,1,E0b_rule_miss_verified,規則漏判但有證據支持,genre_claim_verified_by_tags,曲風敘述可由 musicnn 標籤／參考文本支持；v2 因 GENRE_TERMS 需搭配 anchor 詞才計為 audio 而漏判,ambient;chillout;electronic,supported,ambient;chillout;electronic,,,not_applicable,1,0,Certainly! How about 'Sunrise' by Sara? It's an electronic track with ambient and chillout elements. The song features female vocals and was released in 2013. It could add a soothing and atmospheric touch to your video.
3905,H-W68B4KTVI,H-W68B4KTVI_ulxuGZNxbA0,ZZGwle80SUg_jeCpb0O6-tE,ZZGwle80SUg,full,5,It could add a soothing,It could add a soothing and atmospheric touch to your video.,unsupported,unknown,0,,1,E4_vague_generic,一般性空泛描述／主觀陳述,subjective_statement,泛用效用或主觀陳述，本質上不具可驗證性,,not_applicable,,,,not_applicable,1,0,Certainly! How about 'Sunrise' by Sara? It's an electronic track with ambient and chillout elements. The song features female vocals and was released in 2013. It could add a soothing and atmospheric touch to your video.
3905,H-W68B4KTVI,H-W68B4KTVI_ulxuGZNxbA0,ZZGwle80SUg_jeCpb0O6-tE,ZZGwle80SUg,full,6,atmospheric touch to your video.,It could add a soothing and atmospheric touch to your video.,unsupported,unknown,0,,0,E4_vague_generic,一般性空泛描述／主觀陳述,subjective_statement,泛用效用或主觀陳述，本質上不具可驗證性,,not_applicable,,,,not_applicable,1,0,Certainly! How about 'Sunrise' by Sara? It's an electronic track with ambient and chillout elements. The song features female vocals and was released in 2013. It could add a soothing and atmospheric touch to your video.
3905,H-W68B4KTVI,H-W68B4KTVI_ulxuGZNxbA0,ZZGwle80SUg_jeCpb0O6-tE,ZZGwle80SUg,wo_video,3,The song has a chillout,"The song has a chillout and electronic vibe, which aligns well with the ambient and female vocalists you're looking for.",prompt-supported,prompt,0,,1,E0_clause_split_artifact,斷句碎片（標註流程假影）,parent_prompt-supported,"母句可歸屬，unsupported 係 split_claims 於 and/, 處切斷所致",ambient;chillout;electronic,supported,ambient;chillout;electronic,,,not_applicable,1,0,"Certainly! I recommend 'Sunshine' by The Sounds. It's an ambient track with female vocals. The song has a chillout and electronic vibe, which aligns well with the ambient and female vocalists you're looking for. It's a great choice to add a soothing and atmospheric element to your video."
3905,H-W68B4KTVI,H-W68B4KTVI_ulxuGZNxbA0,ZZGwle80SUg_jeCpb0O6-tE,ZZGwle80SUg,wo_video,4,"electronic vibe, which aligns well with the ambient","The song has a chillout and electronic vibe, which aligns well with the ambient and female vocalists you're looking for.",prompt-supported,prompt,0,,1,E0_clause_split_artifact,斷句碎片（標註流程假影）,parent_prompt-supported,"母句可歸屬，unsupported 係 split_claims 於 and/, 處切斷所致",ambient;chillout;electronic,supported,ambient;chillout;electronic,,,not_applicable,1,0,"Certainly! I recommend 'Sunshine' by The Sounds. It's an ambient track with female vocals. The song has a chillout and electronic vibe, which aligns well with the ambient and female vocalists you're looking for. It's a great choice to add a soothing and atmospheric element to your video."
3905,H-W68B4KTVI,H-W68B4KTVI_ulxuGZNxbA0,ZZGwle80SUg_jeCpb0O6-tE,ZZGwle80SUg,wo_video,7,atmospheric element to your video.,It's a great choice to add a soothing and atmospheric element to your video.,general-supported,general,0,,0,E0_clause_split_artifact,斷句碎片（標註流程假影）,parent_general-supported,"母句可歸屬，unsupported 係 split_claims 於 and/, 處切斷所致",,not_applicable,,,,not_applicable,1,0,"Certainly! I recommend 'Sunshine' by The Sounds. It's an ambient track with female vocals. The song has a chillout and electronic vibe, which aligns well with the ambient and female vocalists you're looking for. It's a great choice to add a soothing and atmospheric element to your video."
3905,H-W68B4KTVI,H-W68B4KTVI_ulxuGZNxbA0,ZZGwle80SUg_jeCpb0O6-tE,ZZGwle80SUg,wo_prompt,2,chillout track with elements of dance,It's an electronic and chillout track with elements of dance and pop.,unsupported,unknown,0,,1,E2_metadata_unsupported,音樂元資料不支持,genre_partially_supported,"部分曲風查無支持：['dance', 'pop']（musicnn 標籤有雜訊，查無支持不等於事實錯誤）",chillout;dance;electronic;pop,partially_supported,chillout;electronic,dance;pop,,not_applicable,1,1,"In order to recommend the most suitable background music for your video, I suggest considering the track 'Sunset' by D.R.A.M. It's an electronic and chillout track with elements of dance and pop. The song has a soothing and relaxing vibe, which can create a calming atmosphere for your video."
3905,H-W68B4KTVI,H-W68B4KTVI_ulxuGZNxbA0,ZZGwle80SUg_jeCpb0O6-tE,ZZGwle80SUg,wo_prompt,3,The song has a soothing,"The song has a soothing and relaxing vibe, which can create a calming atmosphere for your video.",audio-supported,audio,0,,1,E0_clause_split_artifact,斷句碎片（標註流程假影）,parent_audio-supported,"母句可歸屬，unsupported 係 split_claims 於 and/, 處切斷所致",,not_applicable,,,,not_applicable,1,0,"In order to recommend the most suitable background music for your video, I suggest considering the track 'Sunset' by D.R.A.M. It's an electronic and chillout track with elements of dance and pop. The song has a soothing and relaxing vibe, which can create a calming atmosphere for your video."
3905,H-W68B4KTVI,H-W68B4KTVI_ulxuGZNxbA0,ZZGwle80SUg_jeCpb0O6-tE,ZZGwle80SUg,wo_ltp,1,is is is is is is is is is is is is is is is is is is is is is is is is is is is is.,is is is is is is is is is is is is is is is is is is is is is is is is is is is is.,unsupported,unknown,1,type_token_ratio=0.07,0,E7_degenerate_generation,生成崩潰（退化輸出）,degenerate_output,整段生成為退化輸出（type_token_ratio=0.07），此時的 unsupported 反映生成崩潰而非主張缺乏證據,,not_applicable,,,,not_applicable,1,0,is is is is is is is is is is is is is is is is is is is is is is is is is is is is. is is is is is. is is is is is is is. is is is is is. and is. and is is is. and is is. I's. I's. I's. I's. I's. I's. I's. I's. I's. I's. I's that's that's. I't's that's that's that's that's
3905,H-W68B4KTVI,H-W68B4KTVI_ulxuGZNxbA0,ZZGwle80SUg_jeCpb0O6-tE,ZZGwle80SUg,wo_ltp,2,is is is is is.,is is is is is is is is is is is is is is is is is is is is is is is is is is is is.,unsupported,unknown,1,type_token_ratio=0.07,0,E7_degenerate_generation,生成崩潰（退化輸出）,degenerate_output,整段生成為退化輸出（type_token_ratio=0.07），此時的 unsupported 反映生成崩潰而非主張缺乏證據,,not_applicable,,,,not_applicable,1,0,is is is is is is is is is is is is is is is is is is is is is is is is is is is is. is is is is is. is is is is is is is. is is is is is. and is. and is is is. and is is. I's. I's. I's. I's. I's. I's. I's. I's. I's. I's. I's that's that's. I't's that's that's that's that's
3905,H-W68B4KTVI,H-W68B4KTVI_ulxuGZNxbA0,ZZGwle80SUg_jeCpb0O6-tE,ZZGwle80SUg,wo_ltp,3,is is is is is is is.,is is is is is is is is is is is is is is is is is is is is is is is is is is is is.,unsupported,unknown,1,type_token_ratio=0.07,0,E7_degenerate_generation,生成崩潰（退化輸出）,degenerate_output,整段生成為退化輸出（type_token_ratio=0.07），此時的 unsupported 反映生成崩潰而非主張缺乏證據,,not_applicable,,,,not_applicable,1,0,is is is is is is is is is is is is is is is is is is is is is is is is is is is is. is is is is is. is is is is is is is. is is is is is. and is. and is is is. and is is. I's. I's. I's. I's. I's. I's. I's. I's. I's. I's. I's that's that's. I't's that's that's that's that's
3905,H-W68B4KTVI,H-W68B4KTVI_ulxuGZNxbA0,ZZGwle80SUg_jeCpb0O6-tE,ZZGwle80SUg,wo_ltp,4,is is is is is.,is is is is is is is is is is is is is is is is is is is is is is is is is is is is.,unsupported,unknown,1,type_token_ratio=0.07,0,E7_degenerate_generation,生成崩潰（退化輸出）,degenerate_output,整段生成為退化輸出（type_token_ratio=0.07），此時的 unsupported 反映生成崩潰而非主張缺乏證據,,not_applicable,,,,not_applicable,1,0,is is is is is is is is is is is is is is is is is is is is is is is is is is is is. is is is is is. is is is is is is is. is is is is is. and is. and is is is. and is is. I's. I's. I's. I's. I's. I's. I's. I's. I's. I's. I's that's that's. I't's that's that's that's that's
3905,H-W68B4KTVI,H-W68B4KTVI_ulxuGZNxbA0,ZZGwle80SUg_jeCpb0O6-tE,ZZGwle80SUg,wo_ltp,5,and is is is.,and is is is.,unsupported,unknown,1,type_token_ratio=0.07,0,E7_degenerate_generation,生成崩潰（退化輸出）,degenerate_output,整段生成為退化輸出（type_token_ratio=0.07），此時的 unsupported 反映生成崩潰而非主張缺乏證據,,not_applicable,,,,not_applicable,1,0,is is is is is is is is is is is is is is is is is is is is is is is is is is is is. is is is is is. is is is is is is is. is is is is is. and is. and is is is. and is is. I's. I's. I's. I's. I's. I's. I's. I's. I's. I's. I's that's that's. I't's that's that's that's that's
3905,H-W68B4KTVI,H-W68B4KTVI_ulxuGZNxbA0,ZZGwle80SUg_jeCpb0O6-tE,ZZGwle80SUg,wo_ltp,6,I't's that's that's that's that's,I't's that's that's that's that's,unsupported,unknown,1,type_token_ratio=0.07,0,E7_degenerate_generation,生成崩潰（退化輸出）,degenerate_output,整段生成為退化輸出（type_token_ratio=0.07），此時的 unsupported 反映生成崩潰而非主張缺乏證據,,not_applicable,,,,not_applicable,1,0,is is is is is is is is is is is is is is is is is is is is is is is is is is is is. is is is is is. is is is is is is is. is is is is is. and is. and is is is. and is is. I's. I's. I's. I's. I's. I's. I's. I's. I's. I's. I's that's that's. I't's that's that's that's that's
3915,4Q4VQyHfiPI,4Q4VQyHfiPI_5KMORmZGYRc,4Q4VQyHfiPI_5KMORmZGYRc,4Q4VQyHfiPI,wo_prompt,6,catchy vibe to your video.,It has a fast-paced beat and synth sounds that could add an energetic and catchy vibe to your video.,video-supported,video,0,,0,E0_clause_split_artifact,斷句碎片（標註流程假影）,parent_video-supported,"母句可歸屬，unsupported 係 split_claims 於 and/, 處切斷所致",,not_applicable,,,,not_applicable,1,0,"I recommend 'Se siente el party' by Jhon KPO & Edsson. It's a track from their album 'Se siente el party'. The song combines elements of Hip-Hop, electronic, pop, and dance genres. It has a fast-paced beat and synth sounds that could add an energetic and catchy vibe to your video."
3915,4Q4VQyHfiPI,4Q4VQyHfiPI_5KMORmZGYRc,4Q4VQyHfiPI_5KMORmZGYRc,4Q4VQyHfiPI,wo_ltp,1,tg t.t t.t t.t t.t t.t.,tg t.t t.t t.t t.t t.t.,unsupported,unknown,1,type_token_ratio=0.12,0,E7_degenerate_generation,生成崩潰（退化輸出）,degenerate_output,整段生成為退化輸出（type_token_ratio=0.12），此時的 unsupported 反映生成崩潰而非主張缺乏證據,,not_applicable,,,,not_applicable,1,0,"t.
tg
t.t
t.t
t.t
t.t
t.t.
t.t.t.t.
t.t.t.t.t.t.t.t.ttttttttttttttttttttttttttttttttttttttttttttttttttttttttttttttttttttttttttt"
3916,TME4uekY9hc,TME4uekY9hc_p79AdYDjlFU,5eOeqLInmKQ_Agc6sXk98Do,5eOeqLInmKQ,full,2,This track has a chillout,"This track has a chillout and electronic sound, perfect for creating a relaxed and laid-back atmosphere.",audio-supported,audio,0,,1,E0_clause_split_artifact,斷句碎片（標註流程假影）,parent_audio-supported,"母句可歸屬，unsupported 係 split_claims 於 and/, 處切斷所致",chillout;electronic,supported,chillout;electronic,,,not_applicable,1,0,"In that case, I would recommend 'Vibe Tribe' by Just Juice. This track has a chillout and electronic sound, perfect for creating a relaxed and laid-back atmosphere. It's part of the album 'Vibe Tribe' and offers a soothing and calming experience."
3916,TME4uekY9hc,TME4uekY9hc_p79AdYDjlFU,5eOeqLInmKQ_Agc6sXk98Do,5eOeqLInmKQ,wo_video,2,This track has a chillout,This track has a chillout and electronic sound with elements of Hip-Hop and chillout.,audio-supported,audio,0,,1,E0_clause_split_artifact,斷句碎片（標註流程假影）,parent_audio-supported,"母句可歸屬，unsupported 係 split_claims 於 and/, 處切斷所致",chillout;electronic;hip-hop,supported,chillout;electronic;hip-hop,,,not_applicable,1,0,"In that case, I would recommend 'Vibe Tribe' by Just Juice. This track has a chillout and electronic sound with elements of Hip-Hop and chillout. It would be a perfect fit for your video."
3916,TME4uekY9hc,TME4uekY9hc_p79AdYDjlFU,5eOeqLInmKQ_Agc6sXk98Do,5eOeqLInmKQ,wo_audio_feature_only,3,rock with a more chill,"It's a track that combines elements of Hip-Hop, electronic, dance, pop, and rock with a more chill and relaxed vibe.",audio-supported,audio,0,,1,E0_clause_split_artifact,斷句碎片（標註流程假影）,parent_audio-supported,"母句可歸屬，unsupported 係 split_claims 於 and/, 處切斷所致",dance;electronic;hip-hop;pop;rock,partially_supported,electronic;hip-hop;rock,dance;pop,,not_applicable,1,0,"In that case, I would recommend 'Vibe Tribe' by Just Juice. It's a track that combines elements of Hip-Hop, electronic, dance, pop, and rock with a more chill and relaxed vibe. It has a techno and electronic sound with a mix of Hip-Hop and electronic elements."
3916,TME4uekY9hc,TME4uekY9hc_p79AdYDjlFU,5eOeqLInmKQ_Agc6sXk98Do,5eOeqLInmKQ,wo_audio_all,2,This track has a chillout,"This track has a chillout and relaxed vibe, similar to 'Vibe Tribe'.",unsupported,unknown,0,,1,E6_likely_hallucination,可能幻覺,named_entity_absent_from_all_evidence,引號名稱 ['Vibe Tribe'] 未見於管線內證據與外部 metadata；屬具體可查證卻查無支持者，列為可能幻覺並送人工複核,chillout,supported,chillout,,Vibe Tribe,not_found,1,1,"In that case, I would recommend 'Vibe Tribe' by Just Juice. This track has a chillout and relaxed vibe, similar to 'Vibe Tribe'. It's a perfect fit for your video, offering a laid-back and chillout atmosphere."
3916,TME4uekY9hc,TME4uekY9hc_p79AdYDjlFU,5eOeqLInmKQ_Agc6sXk98Do,5eOeqLInmKQ,wo_audio_all,3,"relaxed vibe, similar to 'Vibe Tribe'.","This track has a chillout and relaxed vibe, similar to 'Vibe Tribe'.",unsupported,unknown,0,,0,E6_likely_hallucination,可能幻覺,named_entity_absent_from_all_evidence,引號名稱 ['Vibe Tribe'] 未見於管線內證據與外部 metadata；屬具體可查證卻查無支持者，列為可能幻覺並送人工複核,chillout,supported,chillout,,Vibe Tribe,not_found,1,1,"In that case, I would recommend 'Vibe Tribe' by Just Juice. This track has a chillout and relaxed vibe, similar to 'Vibe Tribe'. It's a perfect fit for your video, offering a laid-back and chillout atmosphere."
3916,TME4uekY9hc,TME4uekY9hc_p79AdYDjlFU,5eOeqLInmKQ_Agc6sXk98Do,5eOeqLInmKQ,wo_prompt,4,indie with a touch of jazz.,"The song combines elements of Hip-Hop, electronic, rock, and indie with a touch of jazz.",audio-supported,audio,0,,0,E0_clause_split_artifact,斷句碎片（標註流程假影）,parent_audio-supported,"母句可歸屬，unsupported 係 split_claims 於 and/, 處切斷所致",electronic;hip-hop;indie;jazz;rock,partially_supported,electronic;hip-hop;rock,indie;jazz,,not_applicable,1,0,"I recommend 'WYLIZMIDUPE.COM' by SD. It's a track from the album 'WYLIZMIDUPE.COM'. The song combines elements of Hip-Hop, electronic, rock, and indie with a touch of jazz. It has a unique and experimental sound that could add an interesting touch to your video."
3916,TME4uekY9hc,TME4uekY9hc_p79AdYDjlFU,5eOeqLInmKQ_Agc6sXk98Do,5eOeqLInmKQ,wo_prompt,5,It has a unique,It has a unique and experimental sound that could add an interesting touch to your video.,audio-supported,audio,0,,1,E0_clause_split_artifact,斷句碎片（標註流程假影）,parent_audio-supported,"母句可歸屬，unsupported 係 split_claims 於 and/, 處切斷所致",,not_applicable,,,,not_applicable,1,0,"I recommend 'WYLIZMIDUPE.COM' by SD. It's a track from the album 'WYLIZMIDUPE.COM'. The song combines elements of Hip-Hop, electronic, rock, and indie with a touch of jazz. It has a unique and experimental sound that could add an interesting touch to your video."
3916,TME4uekY9hc,TME4uekY9hc_p79AdYDjlFU,5eOeqLInmKQ_Agc6sXk98Do,5eOeqLInmKQ,wo_ltp,1,<EMPTY_GENERATION>,<EMPTY_GENERATION>,unsupported,unknown,1,type_token_ratio=0.02,0,E7_degenerate_generation,生成崩潰（退化輸出）,degenerate_output,整段生成為退化輸出（type_token_ratio=0.02），此時的 unsupported 反映生成崩潰而非主張缺乏證據,,not_applicable,,,,not_applicable,1,0,".,t,t,t,t,t,t,t,t,t,t,t,t,t,t,t,t,t,t,t,t,t,t,t,t,t,t,t,t,t,t,t,t,t,t,t,t,t,t,t,t,t,t,t,t,t,t,t,t,t,t,t,t,t,t,t,t,t,t,t,t,t,t,t,"
3931,arOdnIxy3tk,arOdnIxy3tk_dniPTlMnvKA,j5nf3WBmWv4_MOmz8FPKy5M,j5nf3WBmWv4,full,2,This track has a 90s vibe,"This track has a 90s vibe and combines elements of Hip-Hop, jazz, electronic, rock, and pop.",audio-supported,audio,0,,1,E0_clause_split_artifact,斷句碎片（標註流程假影）,parent_audio-supported,"母句可歸屬，unsupported 係 split_claims 於 and/, 處切斷所致",electronic;hip-hop;jazz;pop;rock,partially_supported,electronic;hip-hop;pop,jazz;rock,,not_applicable,1,0,"In that case, I would recommend 'Above The Clouds' by Gang Starr. This track has a 90s vibe and combines elements of Hip-Hop, jazz, electronic, rock, and pop. It's part of the album 'Above The Clouds' and would be a great fit for your video."
3931,arOdnIxy3tk,arOdnIxy3tk_dniPTlMnvKA,j5nf3WBmWv4_MOmz8FPKy5M,j5nf3WBmWv4,wo_video,2,This mixtape features a collection of 90s Hip-Hop tracks that will give your video a nostalgic feel.,This mixtape features a collection of 90s Hip-Hop tracks that will give your video a nostalgic feel.,unsupported,unknown,0,,0,E2_metadata_unsupported,音樂元資料不支持,metadata_claim_without_named_entity,含元資料詞但無可比對的具名實體，查無支持,hip-hop,supported,hip-hop,,,not_applicable,1,1,"In that case, I would recommend 'The 90s Hip-Hop Mixtape'. This mixtape features a collection of 90s Hip-Hop tracks that will give your video a nostalgic feel. It includes artists like A Tribe Called Quest, De La Soul, and The Fugees. The mixtape also includes electronic, rock, and pop elements that will add variety to your video."
3931,arOdnIxy3tk,arOdnIxy3tk_dniPTlMnvKA,j5nf3WBmWv4_MOmz8FPKy5M,j5nf3WBmWv4,wo_video,4,"The mixtape also includes electronic, rock","The mixtape also includes electronic, rock, and pop elements that will add variety to your video.",unsupported,unknown,0,,1,E2_metadata_unsupported,音樂元資料不支持,metadata_claim_without_named_entity,含元資料詞但無可比對的具名實體，查無支持,electronic;pop;rock,partially_supported,electronic;pop,rock,,not_applicable,1,1,"In that case, I would recommend 'The 90s Hip-Hop Mixtape'. This mixtape features a collection of 90s Hip-Hop tracks that will give your video a nostalgic feel. It includes artists like A Tribe Called Quest, De La Soul, and The Fugees. The mixtape also includes electronic, rock, and pop elements that will add variety to your video."
3931,arOdnIxy3tk,arOdnIxy3tk_dniPTlMnvKA,j5nf3WBmWv4_MOmz8FPKy5M,j5nf3WBmWv4,wo_video,5,pop elements that will add variety to your video.,"The mixtape also includes electronic, rock, and pop elements that will add variety to your video.",unsupported,unknown,0,,0,E2_metadata_unsupported,音樂元資料不支持,metadata_claim_without_named_entity,含元資料詞但無可比對的具名實體，查無支持,electronic;pop;rock,partially_supported,electronic;pop,rock,,not_applicable,1,1,"In that case, I would recommend 'The 90s Hip-Hop Mixtape'. This mixtape features a collection of 90s Hip-Hop tracks that will give your video a nostalgic feel. It includes artists like A Tribe Called Quest, De La Soul, and The Fugees. The mixtape also includes electronic, rock, and pop elements that will add variety to your video."
3931,arOdnIxy3tk,arOdnIxy3tk_dniPTlMnvKA,j5nf3WBmWv4_MOmz8FPKy5M,j5nf3WBmWv4,wo_audio_feature_only,3,It has a mix of genres,It has a mix of genres and a fast-paced beat with a techno-inspired by the 90s.,metadata-supported,metadata,0,,1,E0_clause_split_artifact,斷句碎片（標註流程假影）,parent_metadata-supported,"母句可歸屬，unsupported 係 split_claims 於 and/, 處切斷所致",,not_applicable,,,,not_applicable,1,0,"In that case, I would recommend 'Hip-Hop' by Gang Starr. It's a track that combines elements of Hip-Hop, jazz, electronic, rock, and pop. It has a mix of genres and a fast-paced beat with a techno-inspired by the 90s. It's a great choice for a party with a mix of genres like Hip-Hop, jazz, electronic, rock, and pop."
3931,arOdnIxy3tk,arOdnIxy3tk_dniPTlMnvKA,j5nf3WBmWv4_MOmz8FPKy5M,j5nf3WBmWv4,wo_ltp,1,<EMPTY_GENERATION>,<EMPTY_GENERATION>,unsupported,unknown,1,type_token_ratio=0.02,0,E7_degenerate_generation,生成崩潰（退化輸出）,degenerate_output,整段生成為退化輸出（type_token_ratio=0.02），此時的 unsupported 反映生成崩潰而非主張缺乏證據,,not_applicable,,,,not_applicable,1,0,".t,t,t,t,t,t,t,t,t,t,t,t,t,t,t,t,t,t,t,t,t,t,t,t,t,t,t,t,t,t,t,t,t,t,t,t,t,t,t,t,t,t,t,t,t,t,t,t,t,t,t,t,t,t,t,t,t,t,t,t,t,t,t,t"
3936,brSk7jSBrUo,brSk7jSBrUo_Uf0v56xKJtU,MJbBXsl91j4_LafN7DIccdU,MJbBXsl91j4,wo_audio_all,2,This track is a part of the Hip-Hop movement,This track is a part of the Hip-Hop movement and it has a strong Hip-Hop vibe.,unsupported,unknown,0,,1,E0b_rule_miss_verified,規則漏判但有證據支持,genre_claim_verified_by_tags,曲風敘述可由 musicnn 標籤／參考文本支持；v2 因 GENRE_TERMS 需搭配 anchor 詞才計為 audio 而漏判,hip-hop,supported,hip-hop,,,not_applicable,1,0,"In that case, I would recommend 'Hip-Hop' by The Hip-Hop Movement. This track is a part of the Hip-Hop movement and it has a strong Hip-Hop vibe. It's a great choice for a video that needs to maintain a fast pace and still maintain a Hip-Hop vibe."
3936,brSk7jSBrUo,brSk7jSBrUo_Uf0v56xKJtU,MJbBXsl91j4_LafN7DIccdU,MJbBXsl91j4,wo_audio_all,3,it has a strong Hip-Hop vibe.,This track is a part of the Hip-Hop movement and it has a strong Hip-Hop vibe.,unsupported,unknown,0,,0,E0b_rule_miss_verified,規則漏判但有證據支持,genre_claim_verified_by_tags,曲風敘述可由 musicnn 標籤／參考文本支持；v2 因 GENRE_TERMS 需搭配 anchor 詞才計為 audio 而漏判,hip-hop,supported,hip-hop,,,not_applicable,1,0,"In that case, I would recommend 'Hip-Hop' by The Hip-Hop Movement. This track is a part of the Hip-Hop movement and it has a strong Hip-Hop vibe. It's a great choice for a video that needs to maintain a fast pace and still maintain a Hip-Hop vibe."
3936,brSk7jSBrUo,brSk7jSBrUo_Uf0v56xKJtU,MJbBXsl91j4_LafN7DIccdU,MJbBXsl91j4,wo_audio_all,5,still maintain a Hip-Hop vibe.,It's a great choice for a video that needs to maintain a fast pace and still maintain a Hip-Hop vibe.,video-supported,video,0,,0,E0_clause_split_artifact,斷句碎片（標註流程假影）,parent_video-supported,"母句可歸屬，unsupported 係 split_claims 於 and/, 處切斷所致",hip-hop,supported,hip-hop,,,not_applicable,1,0,"In that case, I would recommend 'Hip-Hop' by The Hip-Hop Movement. This track is a part of the Hip-Hop movement and it has a strong Hip-Hop vibe. It's a great choice for a video that needs to maintain a fast pace and still maintain a Hip-Hop vibe."
3936,brSk7jSBrUo,brSk7jSBrUo_Uf0v56xKJtU,MJbBXsl91j4_LafN7DIccdU,MJbBXsl91j4,wo_prompt,4,rock with a touch of pop.,"The song combines elements of Hip-Hop, electronic, and rock with a touch of pop.",audio-supported,audio,0,,0,E0_clause_split_artifact,斷句碎片（標註流程假影）,parent_audio-supported,"母句可歸屬，unsupported 係 split_claims 於 and/, 處切斷所致",electronic;hip-hop;pop;rock,partially_supported,electronic;hip-hop;pop,rock,,not_applicable,1,0,"I recommend 'Dígame de Frente' by El Gallo. It's a track from their album 'Dígame de Frente'. The song combines elements of Hip-Hop, electronic, and rock with a touch of pop. It has a fast-paced beat and synth sounds that could be a fitting choice for your video."
3936,brSk7jSBrUo,brSk7jSBrUo_Uf0v56xKJtU,MJbBXsl91j4_LafN7DIccdU,MJbBXsl91j4,wo_ltp,1,<EMPTY_GENERATION>,<EMPTY_GENERATION>,unsupported,unknown,1,type_token_ratio=0.02,0,E7_degenerate_generation,生成崩潰（退化輸出）,degenerate_output,整段生成為退化輸出（type_token_ratio=0.02），此時的 unsupported 反映生成崩潰而非主張缺乏證據,,not_applicable,,,,not_applicable,1,0,"s.
s.s.s.s.s.s.s.s.s.s.s.s.s.s.s.s.s.s.s.s.s.s.s.s.s.s.s.s.s.s.s.s.s.s.s.s.s.s.s.s.s.s.s:s.s:s:s:s:s:s:s:s:s:s:s:s:s:s:s:s:s:s:s"
3952,hlhgYkDKqn4,hlhgYkDKqn4_jKBmrIgG-Nw,hlhgYkDKqn4_jKBmrIgG-Nw,hlhgYkDKqn4,wo_audio_feature_only,6,has a mix of rock,It was released in 2012 and has a mix of rock and folk influences.,metadata-supported,metadata,0,,1,E0_clause_split_artifact,斷句碎片（標註流程假影）,parent_metadata-supported,"母句可歸屬，unsupported 係 split_claims 於 and/, 處切斷所致",folk;rock,supported,folk;rock,,,not_applicable,1,0,"Allow me to recommend 'La Tierra del Olvido' by Carlos Vives. It's a track that combines elements of rock, folk, and electronic music. It has a fast-paced and electronic sound with a mix of guitar and vocal elements. It was released in 2012 and has a mix of rock and folk influences. It may contain the specific elements you want."
3952,hlhgYkDKqn4,hlhgYkDKqn4_jKBmrIgG-Nw,hlhgYkDKqn4_jKBmrIgG-Nw,hlhgYkDKqn4,wo_prompt,4,alternative with a touch of folk.,"This song combines elements of rock, indie, and alternative with a touch of folk.",audio-supported,audio,0,,0,E0_clause_split_artifact,斷句碎片（標註流程假影）,parent_audio-supported,"母句可歸屬，unsupported 係 split_claims 於 and/, 處切斷所致",alternative;folk;indie;rock,partially_supported,folk;indie;rock,alternative,,not_applicable,1,0,"I recommend 'La Tierra del Olvido' by Carlos Vives ft Varios Artistas. It's a track from the album 'La Tierra del Olvido'. This song combines elements of rock, indie, and alternative with a touch of folk. It has a unique sound that could add a distinctive flavor to your video."
3952,hlhgYkDKqn4,hlhgYkDKqn4_jKBmrIgG-Nw,hlhgYkDKqn4_jKBmrIgG-Nw,hlhgYkDKqn4,wo_ltp,1,<EMPTY_GENERATION>,<EMPTY_GENERATION>,unsupported,unknown,1,type_token_ratio=0.10,0,E7_degenerate_generation,生成崩潰（退化輸出）,degenerate_output,整段生成為退化輸出（type_token_ratio=0.10），此時的 unsupported 反映生成崩潰而非主張缺乏證據,,not_applicable,,,,not_applicable,1,0,"..
.
. I's.
. I's.
. I's.
. I's.
. I's. I's. I's. I's. I's. I's. I's. I's. I't's. I't.t.t.t.t.t.t.t.t.t.t.t.t.t.t.t.t.t.t.t.t.t.t.t.t.t.t.t.t."
3963,Wu8w5gYs6ZI,Wu8w5gYs6ZI_RzKd8etBkhQ,QavmGzKcFKo_8leVBEw1K1Q,QavmGzKcFKo,full,4,soul with a chillout vibe.,"It combines elements of hip-hop, electronic, jazz, and soul with a chillout vibe.",audio-supported,audio,0,,0,E0_clause_split_artifact,斷句碎片（標註流程假影）,parent_audio-supported,"母句可歸屬，unsupported 係 split_claims 於 and/, 處切斷所致",chillout;electronic;hip-hop;jazz;soul,partially_supported,electronic;hip-hop;jazz;soul,chillout,,not_applicable,1,0,"Allow me to recommend 'Vinyl Therapy' by Vinyl Therapy. It's a track from their album 'Vinyl Therapy'. It combines elements of hip-hop, electronic, jazz, and soul with a chillout vibe. It was released in 2013 and may contain the specific elements you're looking for."
3963,Wu8w5gYs6ZI,Wu8w5gYs6ZI_RzKd8etBkhQ,QavmGzKcFKo_8leVBEw1K1Q,QavmGzKcFKo,wo_video,3,jazz with a chillout vibe.,"It's a track that combines elements of hip-hop, electronic, and jazz with a chillout vibe.",audio-supported,audio,0,,0,E0_clause_split_artifact,斷句碎片（標註流程假影）,parent_audio-supported,"母句可歸屬，unsupported 係 split_claims 於 and/, 處切斷所致",chillout;electronic;hip-hop;jazz,partially_supported,electronic;hip-hop;jazz,chillout,,not_applicable,1,0,"Allow me to recommend 'Vinyl Therapy' by Vinyl Therapy. It's a track that combines elements of hip-hop, electronic, and jazz with a chillout vibe. It was recorded in 2013 and has a unique style that could be a fitting choice for your video."
3963,Wu8w5gYs6ZI,Wu8w5gYs6ZI_RzKd8etBkhQ,QavmGzKcFKo_8leVBEw1K1Q,QavmGzKcFKo,wo_prompt,3,indie with a touch of jazz.,"It combines elements of Hip-Hop, electronic, rock, and indie with a touch of jazz.",audio-supported,audio,0,,0,E0_clause_split_artifact,斷句碎片（標註流程假影）,parent_audio-supported,"母句可歸屬，unsupported 係 split_claims 於 and/, 處切斷所致",electronic;hip-hop;indie;jazz;rock,partially_supported,electronic;hip-hop;jazz,indie;rock,,not_applicable,1,0,"In terms of music style, 'Badman' by Michall V Reaves is a perfect fit. It combines elements of Hip-Hop, electronic, rock, and indie with a touch of jazz. The track has a unique blend of instruments and a male vocal, which adds a distinctive touch to the music."
3963,Wu8w5gYs6ZI,Wu8w5gYs6ZI_RzKd8etBkhQ,QavmGzKcFKo_8leVBEw1K1Q,QavmGzKcFKo,wo_ltp,1,<EMPTY_GENERATION>,<EMPTY_GENERATION>,unsupported,unknown,1,type_token_ratio=0.02,0,E7_degenerate_generation,生成崩潰（退化輸出）,degenerate_output,整段生成為退化輸出（type_token_ratio=0.02），此時的 unsupported 反映生成崩潰而非主張缺乏證據,,not_applicable,,,,not_applicable,1,0,".
t.
t.
t.
t.
t.
t.
t.
t.
t.
t.
t.t.
t.t.
t.t.t.t.t.t.t.t.t.t.t.t.t.t.t.t.t.t.t.t.t.t.t.t.t.t.t:t.t:t:t:t:t:t:t:t:t:t:t:t:t:t:t:"
3980,saTEJs6bLos,saTEJs6bLos_P9_I1wHU2zk,K9gvAJOiiP4_KipkyW-IBwo,K9gvAJOiiP4,wo_audio_all,4,It has a unique style,It has a unique style and features Perez's vocals.,audio-supported,audio,0,,1,E0_clause_split_artifact,斷句碎片（標註流程假影）,parent_audio-supported,"母句可歸屬，unsupported 係 split_claims 於 and/, 處切斷所致",,not_applicable,,,,not_applicable,1,0,"Allow me to recommend 'Perez' by Perez. It's a track from his album 'Perez'. It combines elements of Hip-Hop, electronic, and rock with experimental and indie influences. It has a unique style and features Perez's vocals. It could be a fitting choice for your video."
3980,saTEJs6bLos,saTEJs6bLos_P9_I1wHU2zk,K9gvAJOiiP4_KipkyW-IBwo,K9gvAJOiiP4,wo_ltp,1,is is is is is.,is is is is is.,unsupported,unknown,1,type_token_ratio=0.12,0,E7_degenerate_generation,生成崩潰（退化輸出）,degenerate_output,整段生成為退化輸出（type_token_ratio=0.12），此時的 unsupported 反映生成崩潰而非主張缺乏證據,,not_applicable,,,,not_applicable,1,0,"is is is is is.
 is is is.
 is is is.
's
's
's
's
's
's
's
's
's
's
's
's
's
's
's
's
's'
's'
's'
's'
's'
's'
's'
's'
's'
't'
't'
't'
't't't't't't't'"
3980,saTEJs6bLos,saTEJs6bLos_P9_I1wHU2zk,K9gvAJOiiP4_KipkyW-IBwo,K9gvAJOiiP4,wo_ltp,2,'s 's 's 's 's 's 's 's 's 's 's 's 's 's 's 's 's' 's' 's' 's' 's' 's' 's' 's' 's' 't' 't' 't' 't't't't't't't','s 's 's 's 's 's 's 's 's 's 's 's 's 's 's 's 's' 's' 's' 's' 's' 's' 's' 's' 's' 't' 't' 't' 't't't't't't't',unsupported,unknown,1,type_token_ratio=0.12,0,E7_degenerate_generation,生成崩潰（退化輸出）,degenerate_output,整段生成為退化輸出（type_token_ratio=0.12），此時的 unsupported 反映生成崩潰而非主張缺乏證據,,not_applicable,,,s ;s ;s ;s ;s ;s ;s ;s ,supported,1,0,"is is is is is.
 is is is.
 is is is.
's
's
's
's
's
's
's
's
's
's
's
's
's
's
's
's
's'
's'
's'
's'
's'
's'
's'
's'
's'
't'
't'
't'
't't't't't't't'"
3981,s4UKAbZXMD8,s4UKAbZXMD8_c6F-7olJ_VI,s4UKAbZXMD8_c6F-7olJ_VI,s4UKAbZXMD8,full,5,It has a unique blend of genres that could add a touch of diversity to your video.,It has a unique blend of genres that could add a touch of diversity to your video.,unsupported,unknown,0,,0,E4_vague_generic,一般性空泛描述／主觀陳述,subjective_statement,泛用效用或主觀陳述，本質上不具可驗證性,,not_applicable,,,,not_applicable,1,0,"Certainly! I recommend 'Video Games' by Lana Del Rey. It's a track from her album 'Video Games'. This song combines elements of rock, indie, and folk with acoustic guitar and male vocals. It has a unique blend of genres that could add a touch of diversity to your video."
3981,s4UKAbZXMD8,s4UKAbZXMD8_c6F-7olJ_VI,s4UKAbZXMD8_c6F-7olJ_VI,s4UKAbZXMD8,wo_video,3,"Although I don't have much information about this specific track, it aligns well with the rock","Although I don't have much information about this specific track, it aligns well with the rock and folk elements you're looking for.",prompt-supported,prompt,0,,1,E0_clause_split_artifact,斷句碎片（標註流程假影）,parent_prompt-supported,"母句可歸屬，unsupported 係 split_claims 於 and/, 處切斷所致",folk;rock,supported,folk;rock,,,not_applicable,1,0,"Certainly! I recommend 'Lana Del Rey' by Video Games. It's a track that combines elements of rock, folk, and acoustic music. Although I don't have much information about this specific track, it aligns well with the rock and folk elements you're looking for."
3981,s4UKAbZXMD8,s4UKAbZXMD8_c6F-7olJ_VI,s4UKAbZXMD8_c6F-7olJ_VI,s4UKAbZXMD8,wo_audio_feature_only,5,rock elements with a touch of electronic,"It's a track that blends acoustic, folk, and rock elements with a touch of electronic and indie influences.",audio-supported,audio,0,,1,E0_clause_split_artifact,斷句碎片（標註流程假影）,parent_audio-supported,"母句可歸屬，unsupported 係 split_claims 於 and/, 處切斷所致",electronic;folk;indie;rock,partially_supported,folk;indie;rock,electronic,,not_applicable,1,0,"I don't have any specific recommendations for this video. However, if you're looking for a track that combines elements of acoustic, folk, and rock, you might enjoy 'Sunshine' by The Wombats. It's a track that blends acoustic, folk, and rock elements with a touch of electronic and indie influences. It's a great choice for a video that wants to incorporate a mix of genres."
3981,s4UKAbZXMD8,s4UKAbZXMD8_c6F-7olJ_VI,s4UKAbZXMD8_c6F-7olJ_VI,s4UKAbZXMD8,wo_audio_all,4,folk elements into the music.,"Although I don't have much information about this specific track, it aligns with your interest in incorporating acoustic and folk elements into the music.",preference-supported,preference,0,,0,E0_clause_split_artifact,斷句碎片（標註流程假影）,parent_preference-supported,"母句可歸屬，unsupported 係 split_claims 於 and/, 處切斷所致",folk,supported,folk,,,not_applicable,1,0,"I suggest checking out 'Sunshine' by The Sunshine Band. It's an acoustic and folk-influenced track with indie and rock elements. Although I don't have much information about this specific track, it aligns with your interest in incorporating acoustic and folk elements into the music."
3981,s4UKAbZXMD8,s4UKAbZXMD8_c6F-7olJ_VI,s4UKAbZXMD8_c6F-7olJ_VI,s4UKAbZXMD8,wo_prompt,4,folk with a touch of pop.,"The song combines elements of indie, rock, and folk with a touch of pop.",audio-supported,audio,0,,0,E0_clause_split_artifact,斷句碎片（標註流程假影）,parent_audio-supported,"母句可歸屬，unsupported 係 split_claims 於 and/, 處切斷所致",folk;indie;pop;rock,supported,folk;indie;pop;rock,,,not_applicable,1,0,"I recommend 'Video Games' by Lana Del Rey. It's a track from her album 'Video Games'. The song combines elements of indie, rock, and folk with a touch of pop. It features female vocals and has a unique and captivating sound that could add a special touch to your video."
3981,s4UKAbZXMD8,s4UKAbZXMD8_c6F-7olJ_VI,s4UKAbZXMD8_c6F-7olJ_VI,s4UKAbZXMD8,wo_ltp,1,is is is is.,is is is is.,unsupported,unknown,1,type_token_ratio=0.14,0,E7_degenerate_generation,生成崩潰（退化輸出）,degenerate_output,整段生成為退化輸出（type_token_ratio=0.14），此時的 unsupported 反映生成崩潰而非主張缺乏證據,,not_applicable,,,,not_applicable,1,0,. is is is is. I is. I is. I is. I is. I is. and it is. and it is. and it is. and it's. and it's. and it's. and it's. and it's. and it's. and it's. and it's. and it's. and it's. and it's. and it's. I't's.t't't't't't't't't't't't't't't
4025,BSA-zYdJkw8,BSA-zYdJkw8_jO8zlog3yfo,1B7MkrUexcg_ePC_ApHWm6c,1B7MkrUexcg,full,3,"soul elements, creating a smooth","This track has a beautiful blend of pop, R&B, and soul elements, creating a smooth and soulful sound.",audio-supported,audio,0,,1,E0_clause_split_artifact,斷句碎片（標註流程假影）,parent_audio-supported,"母句可歸屬，unsupported 係 split_claims 於 and/, 處切斷所致",pop;r&b;soul,supported,pop;r&b;soul,,,not_applicable,1,0,"Certainly! If you're looking for an R&B twist, I recommend '你撕碎了我的心' by A-ONE. This track has a beautiful blend of pop, R&B, and soul elements, creating a smooth and soulful sound. It's perfect for adding a touch of romance to your wedding video."
4025,BSA-zYdJkw8,BSA-zYdJkw8_jO8zlog3yfo,1B7MkrUexcg_ePC_ApHWm6c,1B7MkrUexcg,full,4,It's perfect for adding a touch of romance to your wedding video.,It's perfect for adding a touch of romance to your wedding video.,unsupported,unknown,0,,0,E3_video_unsupported,影片內容不支持,specific_video_content_asserted,主張具體影片情境（如婚禮／旅遊），但模型輸入僅有 CLIP 影像特徵，規則層無法驗證，送人工複核,,not_applicable,,,,not_applicable,1,1,"Certainly! If you're looking for an R&B twist, I recommend '你撕碎了我的心' by A-ONE. This track has a beautiful blend of pop, R&B, and soul elements, creating a smooth and soulful sound. It's perfect for adding a touch of romance to your wedding video."
4025,BSA-zYdJkw8,BSA-zYdJkw8_jO8zlog3yfo,1B7MkrUexcg_ePC_ApHWm6c,1B7MkrUexcg,wo_video,2,"This track combines R&B, pop","This track combines R&B, pop, and soul elements with a touch of rock.",unsupported,unknown,0,,1,E0b_rule_miss_verified,規則漏判但有證據支持,genre_claim_verified_by_tags,曲風敘述可由 musicnn 標籤／參考文本支持；v2 因 GENRE_TERMS 需搭配 anchor 詞才計為 audio 而漏判,pop;r&b;rock;soul,supported,pop;r&b;rock;soul,,,not_applicable,1,0,"Certainly! If you're looking for an R&B twist, I recommend 'I'm Yours' by Jason Derulo. This track combines R&B, pop, and soul elements with a touch of rock. It's a great choice for adding a smooth and soulful vibe to your video."
4025,BSA-zYdJkw8,BSA-zYdJkw8_jO8zlog3yfo,1B7MkrUexcg_ePC_ApHWm6c,1B7MkrUexcg,wo_video,3,soul elements with a touch of rock.,"This track combines R&B, pop, and soul elements with a touch of rock.",unsupported,unknown,0,,0,E0b_rule_miss_verified,規則漏判但有證據支持,genre_claim_verified_by_tags,曲風敘述可由 musicnn 標籤／參考文本支持；v2 因 GENRE_TERMS 需搭配 anchor 詞才計為 audio 而漏判,pop;r&b;rock;soul,supported,pop;r&b;rock;soul,,,not_applicable,1,0,"Certainly! If you're looking for an R&B twist, I recommend 'I'm Yours' by Jason Derulo. This track combines R&B, pop, and soul elements with a touch of rock. It's a great choice for adding a smooth and soulful vibe to your video."
4025,BSA-zYdJkw8,BSA-zYdJkw8_jO8zlog3yfo,1B7MkrUexcg_ePC_ApHWm6c,1B7MkrUexcg,wo_video,5,soulful vibe to your video.,It's a great choice for adding a smooth and soulful vibe to your video.,general-supported,general,0,,0,E0_clause_split_artifact,斷句碎片（標註流程假影）,parent_general-supported,"母句可歸屬，unsupported 係 split_claims 於 and/, 處切斷所致",,not_applicable,,,,not_applicable,1,0,"Certainly! If you're looking for an R&B twist, I recommend 'I'm Yours' by Jason Derulo. This track combines R&B, pop, and soul elements with a touch of rock. It's a great choice for adding a smooth and soulful vibe to your video."
4025,BSA-zYdJkw8,BSA-zYdJkw8_jO8zlog3yfo,1B7MkrUexcg_ePC_ApHWm6c,1B7MkrUexcg,wo_audio_all,4,electronic music with a touch of indie,"This song is a perfect fit for your wedding video as it combines elements of pop, rock, and electronic music with a touch of indie and alternative influences.",audio-supported,audio,0,,1,E0_clause_split_artifact,斷句碎片（標註流程假影）,parent_audio-supported,"母句可歸屬，unsupported 係 split_claims 於 and/, 處切斷所致",alternative;electronic;indie;pop;rock,partially_supported,pop;rock,alternative;electronic;indie,,not_applicable,1,0,"In that case, I recommend 'The Wedding Song' by The Wedding Song. It's a track from the album 'The Wedding Song' by The Wedding Song. This song is a perfect fit for your wedding video as it combines elements of pop, rock, and electronic music with a touch of indie and alternative influences. It's a great choice for your wedding video."
4025,BSA-zYdJkw8,BSA-zYdJkw8_jO8zlog3yfo,1B7MkrUexcg_ePC_ApHWm6c,1B7MkrUexcg,wo_ltp,1,"this is that, this, that, that, that, that, that, that, that, that, that, that, that, that, that, that, that, that, that, that, that, that, that, that, that, that, that, that, that, that, that, that, that, that, that, that, that, that, that, that, that, that, that, that, that, that, that, that, that, that, that, that, that, that, that, that, that, that, that, that, that, that, that",", this is that, this, that, that, that, that, that, that, that, that, that, that, that, that, that, that, that, that, that, that, that, that, that, that, that, that, that, that, that, that, that, that, that, that, that, that, that, that, that, that, that, that, that, that, that, that, that, that, that, that, that, that, that, that, that, that, that, that, that, that, that, that, that",unsupported,unknown,1,type_token_ratio=0.05,0,E7_degenerate_generation,生成崩潰（退化輸出）,degenerate_output,整段生成為退化輸出（type_token_ratio=0.05），此時的 unsupported 反映生成崩潰而非主張缺乏證據,,not_applicable,,,,not_applicable,1,0,", this is that, this, that, that, that, that, that, that, that, that, that, that, that, that, that, that, that, that, that, that, that, that, that, that, that, that, that, that, that, that, that, that, that, that, that, that, that, that, that, that, that, that, that, that, that, that, that, that, that, that, that, that, that, that, that, that, that, that, that, that, that, that, that"
4053,RtN6hQUg_8A,RtN6hQUg_8A_uASCrVnpPG0,3ba14Oc3MoE_zQHCQdYM9DY,3ba14Oc3MoE,full,2,This track has a strong electronic,"This track has a strong electronic and house influence, perfect for creating a lively and energetic atmosphere.",audio-supported,audio,0,,1,E0_clause_split_artifact,斷句碎片（標註流程假影）,parent_audio-supported,"母句可歸屬，unsupported 係 split_claims 於 and/, 處切斷所致",electronic;house,partially_supported,electronic,house,,not_applicable,1,0,"In that case, I recommend 'Bring It Back' by The Funk Hunters. This track has a strong electronic and house influence, perfect for creating a lively and energetic atmosphere. It's part of the album 'Bring It Back' and was used in events like the 2014 Vancouver International Wine Festival."
4053,RtN6hQUg_8A,RtN6hQUg_8A_uASCrVnpPG0,3ba14Oc3MoE_zQHCQdYM9DY,3ba14Oc3MoE,full,5,was used in events like the 2014 Vancouver International Wine Festival.,It's part of the album 'Bring It Back' and was used in events like the 2014 Vancouver International Wine Festival.,metadata-supported,metadata,0,,0,E0_clause_split_artifact,斷句碎片（標註流程假影）,parent_metadata-supported,"母句可歸屬，unsupported 係 split_claims 於 and/, 處切斷所致",,not_applicable,,,Bring It Back,not_found,1,0,"In that case, I recommend 'Bring It Back' by The Funk Hunters. This track has a strong electronic and house influence, perfect for creating a lively and energetic atmosphere. It's part of the album 'Bring It Back' and was used in events like the 2014 Vancouver International Wine Festival."
4053,RtN6hQUg_8A,RtN6hQUg_8A_uASCrVnpPG0,3ba14Oc3MoE_zQHCQdYM9DY,3ba14Oc3MoE,wo_video,2,This track has an electro,"This track has an electro and house influence, which aligns with your preference.",preference-supported,preference,0,,1,E0_clause_split_artifact,斷句碎片（標註流程假影）,parent_preference-supported,"母句可歸屬，unsupported 係 split_claims 於 and/, 處切斷所致",electronic;house,partially_supported,electronic,house,,not_applicable,1,0,"In that case, I would recommend 'Chaos & Mayhem by Max T Surla'. This track has an electro and house influence, which aligns with your preference. It's a great choice for events and has been used in cool events."
4053,RtN6hQUg_8A,RtN6hQUg_8A_uASCrVnpPG0,3ba14Oc3MoE_zQHCQdYM9DY,3ba14Oc3MoE,wo_video,5,has been used in cool events.,It's a great choice for events and has been used in cool events.,general-supported,general,0,,0,E0_clause_split_artifact,斷句碎片（標註流程假影）,parent_general-supported,"母句可歸屬，unsupported 係 split_claims 於 and/, 處切斷所致",,not_applicable,,,,not_applicable,1,0,"In that case, I would recommend 'Chaos & Mayhem by Max T Surla'. This track has an electro and house influence, which aligns with your preference. It's a great choice for events and has been used in cool events."
4053,RtN6hQUg_8A,RtN6hQUg_8A_uASCrVnpPG0,3ba14Oc3MoE_zQHCQdYM9DY,3ba14Oc3MoE,wo_audio_feature_only,3,It has a mix of electronic,It has a mix of electronic and electro elements that could be a fitting choice for your event.,general-supported,general,0,,1,E0_clause_split_artifact,斷句碎片（標註流程假影）,parent_general-supported,"母句可歸屬，unsupported 係 split_claims 於 and/, 處切斷所致",electronic,supported,electronic,,,not_applicable,1,0,"In that case, I recommend 'Electro & Mayhem' by Max T Surla. It's a track from the album 'Chaos & Mayhem' that combines elements of Hip-Hop, electronic, and electro. It has a mix of electronic and electro elements that could be a fitting choice for your event."
4053,RtN6hQUg_8A,RtN6hQUg_8A_uASCrVnpPG0,3ba14Oc3MoE_zQHCQdYM9DY,3ba14Oc3MoE,wo_audio_all,2,This track is a collaboration between Electro,"This track is a collaboration between Electro and House, two of the most influential electronic artists in the world.",metadata-supported,metadata,0,,1,E0_clause_split_artifact,斷句碎片（標註流程假影）,parent_metadata-supported,"母句可歸屬，unsupported 係 split_claims 於 and/, 處切斷所致",electronic;house,partially_supported,electronic,house,,not_applicable,1,0,"In that case, I would recommend 'Electro & House - The Official Video. This track is a collaboration between Electro and House, two of the most influential electronic artists in the world. It has been used in various events and is known for its energetic and powerful sound. It would be a great fit for your video."
4053,RtN6hQUg_8A,RtN6hQUg_8A_uASCrVnpPG0,3ba14Oc3MoE_zQHCQdYM9DY,3ba14Oc3MoE,wo_audio_all,4,It has been used in various events,It has been used in various events and is known for its energetic and powerful sound.,audio-supported,audio,0,,1,E0_clause_split_artifact,斷句碎片（標註流程假影）,parent_audio-supported,"母句可歸屬，unsupported 係 split_claims 於 and/, 處切斷所致",,not_applicable,,,,not_applicable,1,0,"In that case, I would recommend 'Electro & House - The Official Video. This track is a collaboration between Electro and House, two of the most influential electronic artists in the world. It has been used in various events and is known for its energetic and powerful sound. It would be a great fit for your video."
4053,RtN6hQUg_8A,RtN6hQUg_8A_uASCrVnpPG0,3ba14Oc3MoE_zQHCQdYM9DY,3ba14Oc3MoE,wo_ltp,1,How is that is how that is how that is that.,How is that is how that is how that is that.,unsupported,unknown,1,type_token_ratio=0.08,0,E7_degenerate_generation,生成崩潰（退化輸出）,degenerate_output,整段生成為退化輸出（type_token_ratio=0.08），此時的 unsupported 反映生成崩潰而非主張缺乏證據,,not_applicable,,,,not_applicable,1,0,. is is that. is that. How is that is how that is how that is that. that is that is that is that is that is that. that is that is that that is that is that that that is that that is that that is that is that is that that is that's that' that's that's that's that't that's that't that't that't that't that't that't that't that that' that' that' that' that't that't that't that't that't that't that'
4053,RtN6hQUg_8A,RtN6hQUg_8A_uASCrVnpPG0,3ba14Oc3MoE_zQHCQdYM9DY,3ba14Oc3MoE,wo_ltp,2,that is that is that is that is that is that.,that is that is that is that is that is that.,unsupported,unknown,1,type_token_ratio=0.08,0,E7_degenerate_generation,生成崩潰（退化輸出）,degenerate_output,整段生成為退化輸出（type_token_ratio=0.08），此時的 unsupported 反映生成崩潰而非主張缺乏證據,,not_applicable,,,,not_applicable,1,0,. is is that. is that. How is that is how that is how that is that. that is that is that is that is that is that. that is that is that that is that is that that that is that that is that that is that is that is that that is that's that' that's that's that's that't that's that't that't that't that't that't that't that't that that' that' that' that' that't that't that't that't that't that't that'
4053,RtN6hQUg_8A,RtN6hQUg_8A_uASCrVnpPG0,3ba14Oc3MoE_zQHCQdYM9DY,3ba14Oc3MoE,wo_ltp,3,that is that is that that is that is that that that is that that is that that is that is that is that that is that's that' that's that's that's that't that's that't that't that't that't that't that't that't that that' that' that' that' that't that't that't that't that't that't that',that is that is that that is that is that that that is that that is that that is that is that is that that is that's that' that's that's that's that't that's that't that't that't that't that't that't that't that that' that' that' that' that't that't that't that't that't that't that',unsupported,unknown,1,type_token_ratio=0.08,0,E7_degenerate_generation,生成崩潰（退化輸出）,degenerate_output,整段生成為退化輸出（type_token_ratio=0.08），此時的 unsupported 反映生成崩潰而非主張缺乏證據,,not_applicable,,,,not_applicable,1,0,. is is that. is that. How is that is how that is how that is that. that is that is that is that is that is that. that is that is that that is that is that that that is that that is that that is that is that is that that is that's that' that's that's that's that't that's that't that't that't that't that't that't that't that that' that' that' that' that't that't that't that't that't that't that'
4087,khe8nWxLC6A,khe8nWxLC6A_GM5NClxKzV4,khe8nWxLC6A_GM5NClxKzV4,khe8nWxLC6A,wo_audio_feature_only,6,has a mix of electronic,It was recorded in 2013 and has a mix of electronic and pop elements that could be a fitting choice for your video.,metadata-supported,metadata,0,,1,E0_clause_split_artifact,斷句碎片（標註流程假影）,parent_metadata-supported,"母句可歸屬，unsupported 係 split_claims 於 and/, 處切斷所致",electronic;pop,supported,electronic;pop,,,not_applicable,1,0,"Allow me to recommend 'Troy Nathans' by Troy Nathans. It's a track that combines elements of hip-hop, electronic, and pop with a focus on the music genre. It has a techno-influenced and guitar-focused sound too. It was recorded in 2013 and has a mix of electronic and pop elements that could be a fitting choice for your video."
4087,khe8nWxLC6A,khe8nWxLC6A_GM5NClxKzV4,khe8nWxLC6A_GM5NClxKzV4,khe8nWxLC6A,wo_prompt,3,It has a soulful,"It has a soulful and electronic sound, which would be a great fit for your video.",audio-supported,audio,0,,1,E0_clause_split_artifact,斷句碎片（標註流程假影）,parent_audio-supported,"母句可歸屬，unsupported 係 split_claims 於 and/, 處切斷所致",electronic,supported,electronic,,,not_applicable,1,0,"In that case, I would recommend 'Show My Soul' by Troy Nathans feat. This track combines elements of Hip-Hop, electronic, rock, pop, and indie genres. It has a soulful and electronic sound, which would be a great fit for your video."
4087,khe8nWxLC6A,khe8nWxLC6A_GM5NClxKzV4,khe8nWxLC6A_GM5NClxKzV4,khe8nWxLC6A,wo_ltp,1,<EMPTY_GENERATION>,<EMPTY_GENERATION>,unsupported,unknown,1,type_token_ratio=0.05,0,E7_degenerate_generation,生成崩潰（退化輸出）,degenerate_output,整段生成為退化輸出（type_token_ratio=0.05），此時的 unsupported 反映生成崩潰而非主張缺乏證據,,not_applicable,,,,not_applicable,1,0,. and. t. t. t. t. t.t. and the. and.t.t. and.t.t.t.t.t.t.t.t.t.t.t.t.t.t.t.t.t.t.t.t.t.t.t.t.t.t.t.t.t.t.t.t.t.t.t.t.t.t.t.t.t.t.t.t.t.t.t.t.t
4147,5cE75y2eQRw,5cE75y2eQRw_MtAwCNqg2jY,EBQL5tLTOvo_SWEoM7bZSd0,EBQL5tLTOvo,full,2,It's a rock track with elements of alternative,It's a rock track with elements of alternative and indie music.,unsupported,unknown,0,,1,E0b_rule_miss_verified,規則漏判但有證據支持,genre_claim_verified_by_tags,曲風敘述可由 musicnn 標籤／參考文本支持；v2 因 GENRE_TERMS 需搭配 anchor 詞才計為 audio 而漏判,alternative;indie;rock,supported,alternative;indie;rock,,,not_applicable,1,0,Certainly! How about 'Yang Penting Janda' by GAN ZAPAS? It's a rock track with elements of alternative and indie music. The song has a powerful and energetic sound that could be a great fit for your video. It was released in 2013 and has a music video that captures the essence of the song.
4147,5cE75y2eQRw,5cE75y2eQRw_MtAwCNqg2jY,EBQL5tLTOvo_SWEoM7bZSd0,EBQL5tLTOvo,full,3,The song has a powerful,The song has a powerful and energetic sound that could be a great fit for your video.,audio-supported,audio,0,,1,E0_clause_split_artifact,斷句碎片（標註流程假影）,parent_audio-supported,"母句可歸屬，unsupported 係 split_claims 於 and/, 處切斷所致",,not_applicable,,,,not_applicable,1,0,Certainly! How about 'Yang Penting Janda' by GAN ZAPAS? It's a rock track with elements of alternative and indie music. The song has a powerful and energetic sound that could be a great fit for your video. It was released in 2013 and has a music video that captures the essence of the song.
4147,5cE75y2eQRw,5cE75y2eQRw_MtAwCNqg2jY,EBQL5tLTOvo_SWEoM7bZSd0,EBQL5tLTOvo,full,6,has a music video that captures the essence of the song.,It was released in 2013 and has a music video that captures the essence of the song.,metadata-supported,metadata,0,,0,E0_clause_split_artifact,斷句碎片（標註流程假影）,parent_metadata-supported,"母句可歸屬，unsupported 係 split_claims 於 and/, 處切斷所致",,not_applicable,,,,not_applicable,1,0,Certainly! How about 'Yang Penting Janda' by GAN ZAPAS? It's a rock track with elements of alternative and indie music. The song has a powerful and energetic sound that could be a great fit for your video. It was released in 2013 and has a music video that captures the essence of the song.
4147,5cE75y2eQRw,5cE75y2eQRw_MtAwCNqg2jY,EBQL5tLTOvo_SWEoM7bZSd0,EBQL5tLTOvo,wo_audio_feature_only,2,This track has a powerful rock vibe,This track has a powerful rock vibe and is perfect for a wedding or party.,unsupported,unknown,0,,1,E3_video_unsupported,影片內容不支持,specific_video_content_asserted,主張具體影片情境（如婚禮／旅遊），但模型輸入僅有 CLIP 影像特徵，規則層無法驗證，送人工複核,rock,supported,rock,,,not_applicable,1,1,"In that case, I would recommend 'Rock Vibe' by The Rock Vibe. This track has a powerful rock vibe and is perfect for a wedding or party. It has a strong energetic and powerful rock vibe that will add a great atmosphere to your event. It's a great choice for a wedding or party."
4147,5cE75y2eQRw,5cE75y2eQRw_MtAwCNqg2jY,EBQL5tLTOvo_SWEoM7bZSd0,EBQL5tLTOvo,wo_audio_feature_only,3,is perfect for a wedding or party.,This track has a powerful rock vibe and is perfect for a wedding or party.,unsupported,unknown,0,,0,E3_video_unsupported,影片內容不支持,specific_video_content_asserted,主張具體影片情境（如婚禮／旅遊），但模型輸入僅有 CLIP 影像特徵，規則層無法驗證，送人工複核,rock,supported,rock,,,not_applicable,1,1,"In that case, I would recommend 'Rock Vibe' by The Rock Vibe. This track has a powerful rock vibe and is perfect for a wedding or party. It has a strong energetic and powerful rock vibe that will add a great atmosphere to your event. It's a great choice for a wedding or party."
4147,5cE75y2eQRw,5cE75y2eQRw_MtAwCNqg2jY,EBQL5tLTOvo_SWEoM7bZSd0,EBQL5tLTOvo,wo_prompt,2,It's a rock track with indie,It's a rock track with indie and alternative influences.,audio-supported,audio,0,,1,E0_clause_split_artifact,斷句碎片（標註流程假影）,parent_audio-supported,"母句可歸屬，unsupported 係 split_claims 於 and/, 處切斷所致",alternative;indie;rock,supported,alternative;indie;rock,,,not_applicable,1,0,I recommend 'Y.P.J (Yang Penting Janda)' by GAN ZAPAS. It's a rock track with indie and alternative influences. The song has a guitar-driven sound and features male vocals. It was released in 2012 and has a music video directed by Rizal.
4147,5cE75y2eQRw,5cE75y2eQRw_MtAwCNqg2jY,EBQL5tLTOvo_SWEoM7bZSd0,EBQL5tLTOvo,wo_ltp,1,that that that that.,that that that that.,unsupported,unknown,1,type_token_ratio=0.02,0,E7_degenerate_generation,生成崩潰（退化輸出）,degenerate_output,整段生成為退化輸出（type_token_ratio=0.02），此時的 unsupported 反映生成崩潰而非主張缺乏證據,,not_applicable,,,,not_applicable,1,0,. and. and that. and that. and that. and that. that. that. that. that. that. that. that. that. that. that. that. that that. that. that that. that. that. that that that that. that that that that that that that that that that that that that that that that that that that that that that that that that that that that that that that that that that that that that that that that that that that that that that that that that that that that that that that that that that that that that that that that that that that that that that that that that that
4147,5cE75y2eQRw,5cE75y2eQRw_MtAwCNqg2jY,EBQL5tLTOvo_SWEoM7bZSd0,EBQL5tLTOvo,wo_ltp,2,that that that that that that that that that that that that that that that that that that that that that that that that that that that that that that that that that that that that that that that that that that that that that that that that that that that that that that that that that that that that that that that that that that that that that that that that that that,that that that that that that that that that that that that that that that that that that that that that that that that that that that that that that that that that that that that that that that that that that that that that that that that that that that that that that that that that that that that that that that that that that that that that that that that that that,unsupported,unknown,1,type_token_ratio=0.02,0,E7_degenerate_generation,生成崩潰（退化輸出）,degenerate_output,整段生成為退化輸出（type_token_ratio=0.02），此時的 unsupported 反映生成崩潰而非主張缺乏證據,,not_applicable,,,,not_applicable,1,0,. and. and that. and that. and that. and that. that. that. that. that. that. that. that. that. that. that. that. that that. that. that that. that. that. that that that that. that that that that that that that that that that that that that that that that that that that that that that that that that that that that that that that that that that that that that that that that that that that that that that that that that that that that that that that that that that that that that that that that that that that that that that that that that that
4148,HdVY4pBsahU,HdVY4pBsahU_12WBWg1BAmU,-eFNWuqufg4_qD44np2LbeY,-eFNWuqufg4,full,6,catchy vibe to your video.,"It has a fast-paced beat and male vocals, which could add a dynamic and catchy vibe to your video.",video-supported,video,0,,0,E0_clause_split_artifact,斷句碎片（標註流程假影）,parent_video-supported,"母句可歸屬，unsupported 係 split_claims 於 and/, 處切斷所致",,not_applicable,,,,not_applicable,1,0,"Certainly! How about 'Swang on 'em' by Q? It's a track from his album 'Swang on 'em'. The song combines elements of Hip-Hop, electronic, rock, and pop. It has a fast-paced beat and male vocals, which could add a dynamic and catchy vibe to your video."
4148,HdVY4pBsahU,HdVY4pBsahU_12WBWg1BAmU,-eFNWuqufg4_qD44np2LbeY,-eFNWuqufg4,wo_audio_all,2,pop elements in the music.,"Certainly, I don't have any specific recommendations for rock and pop elements in the music.",general-supported,general,0,,0,E0_clause_split_artifact,斷句碎片（標註流程假影）,parent_general-supported,"母句可歸屬，unsupported 係 split_claims 於 and/, 處切斷所致",pop;rock,supported,pop;rock,,,not_applicable,1,0,"Certainly, I don't have any specific recommendations for rock and pop elements in the music. However, I can suggest exploring the work of artists like Eminem, who are known for their rock and pop style. You can check out their music on platforms like SoundCloud and iTunes."
4148,HdVY4pBsahU,HdVY4pBsahU_12WBWg1BAmU,-eFNWuqufg4_qD44np2LbeY,-eFNWuqufg4,wo_ltp,1,<EMPTY_GENERATION>,<EMPTY_GENERATION>,unsupported,unknown,1,too_few_tokens=0,0,E7_degenerate_generation,生成崩潰（退化輸出）,degenerate_output,整段生成為退化輸出（too_few_tokens=0），此時的 unsupported 反映生成崩潰而非主張缺乏證據,,not_applicable,,,,not_applicable,1,0,".
1001.1011111111111111111111111111111111111111111111111111111111111111111111111111111111111111111111111111111111111111111111111"
4150,Z0Ujpe2xWKs,Z0Ujpe2xWKs_bxU95SaM06c,Z0Ujpe2xWKs_bxU95SaM06c,Z0Ujpe2xWKs,full,2,"It's an electronic track with elements of pop, indie","It's an electronic track with elements of pop, indie, and rock.",unsupported,unknown,0,,1,E2_metadata_unsupported,音樂元資料不支持,genre_partially_supported,部分曲風查無支持：['rock']（musicnn 標籤有雜訊，查無支持不等於事實錯誤）,electronic;indie;pop;rock,partially_supported,electronic;indie;pop,rock,,not_applicable,1,1,"Allow me to recommend 'Cave In by Owl City'. It's an electronic track with elements of pop, indie, and rock. The song has a techno influence and features synthesizers and electronic beats. It could be a fitting choice for your video."
4150,Z0Ujpe2xWKs,Z0Ujpe2xWKs_bxU95SaM06c,Z0Ujpe2xWKs_bxU95SaM06c,Z0Ujpe2xWKs,wo_video,2,It's a track with electronic,It's a track with electronic and techno influences.,audio-supported,audio,0,,1,E0_clause_split_artifact,斷句碎片（標註流程假影）,parent_audio-supported,"母句可歸屬，unsupported 係 split_claims 於 and/, 處切斷所致",electronic,supported,electronic,,,not_applicable,1,0,"Allow me to recommend 'Cave In by Owl City'. It's a track with electronic and techno influences. Although I don't have much information about this specific track, it aligns with your target music's electronic and techno elements."
4150,Z0Ujpe2xWKs,Z0Ujpe2xWKs_bxU95SaM06c,Z0Ujpe2xWKs_bxU95SaM06c,Z0Ujpe2xWKs,wo_audio_feature_only,5,It has a mix of electronic,It has a mix of electronic and techno elements with a fast-paced and energetic sound that aligns with your preferences.,preference-supported,preference,0,,1,E0_clause_split_artifact,斷句碎片（標註流程假影）,parent_preference-supported,"母句可歸屬，unsupported 係 split_claims 於 and/, 處切斷所致",electronic,supported,electronic,,,not_applicable,1,0,"Allow me to recommend 'Cave In by Owl City'. It's a track that combines elements of electronic, techno, and pop with a fast-paced and energetic sound that could be a fitting choice for your video. It has a mix of electronic and techno elements with a fast-paced and energetic sound that aligns with your preferences."
4150,Z0Ujpe2xWKs,Z0Ujpe2xWKs_bxU95SaM06c,Z0Ujpe2xWKs_bxU95SaM06c,Z0Ujpe2xWKs,wo_audio_all,4,rock with a touch of pop,"The song combines elements of electronic, techno, and rock with a touch of pop and indie influences.",audio-supported,audio,0,,1,E0_clause_split_artifact,斷句碎片（標註流程假影）,parent_audio-supported,"母句可歸屬，unsupported 係 split_claims 於 and/, 處切斷所致",electronic;indie;pop;rock,partially_supported,electronic;indie;pop,rock,,not_applicable,1,0,"In that case, I recommend 'Wedding Song' by The Wedding Band. It's a track from their album 'Wedding Song'. The song combines elements of electronic, techno, and rock with a touch of pop and indie influences. It has a fast-paced beat and a catchy guitar sound that could be a fitting choice for your wedding video."
4150,Z0Ujpe2xWKs,Z0Ujpe2xWKs_bxU95SaM06c,Z0Ujpe2xWKs_bxU95SaM06c,Z0Ujpe2xWKs,wo_prompt,3,indie with a touch of rock.,"It combines elements of electronic, pop, and indie with a touch of rock.",audio-supported,audio,0,,0,E0_clause_split_artifact,斷句碎片（標註流程假影）,parent_audio-supported,"母句可歸屬，unsupported 係 split_claims 於 and/, 處切斷所致",electronic;indie;pop;rock,partially_supported,electronic;indie;pop,rock,,not_applicable,1,0,"Cave In by Owl City is a track from their album 'Cave In'. It combines elements of electronic, pop, and indie with a touch of rock. The song has a techno and synth-focused sound, which could be a fitting choice for your video."
4150,Z0Ujpe2xWKs,Z0Ujpe2xWKs_bxU95SaM06c,Z0Ujpe2xWKs_bxU95SaM06c,Z0Ujpe2xWKs,wo_ltp,1,that that that that that that that that that that that that that that that that that that that that that that that that that that that that that that that that that that that that that that that that that that that that that that that that that that that that that that that that that that that that that that that that that that that that that that that that that that that that that that that that that that that that that that that that that that that that that that that that that that that that that,that that that that that that that that that that that that that that that that that that that that that that that that that that that that that that that that that that that that that that that that that that that that that that that that that that that that that that that that that that that that that that that that that that that that that that that that that that that that that that that that that that that that that that that that that that that that that that that that that that that that that,unsupported,unknown,1,type_token_ratio=0.01,0,E7_degenerate_generation,生成崩潰（退化輸出）,degenerate_output,整段生成為退化輸出（type_token_ratio=0.01），此時的 unsupported 反映生成崩潰而非主張缺乏證據,,not_applicable,,,,not_applicable,1,0,that. that? that? that. that? that? that? that? that? that that? that? that that that? that that that that that that that that that that that that that that that that that that that that that that that that that that that that that that that that that that that that that that that that that that that that that that that that that that that that that that that that that that that that that that that that that that that that that that that that that that that that that that that that that that that that that that that that that that that that that that that that that that that that that
4180,KDOK211mTgA,KDOK211mTgA_A4RbtN9IarQ,KDOK211mTgA_A4RbtN9IarQ,KDOK211mTgA,full,4,indie with a touch of pop.,"This song combines elements of classic rock, alternative, and indie with a touch of pop.",audio-supported,audio,0,,0,E0_clause_split_artifact,斷句碎片（標註流程假影）,parent_audio-supported,"母句可歸屬，unsupported 係 split_claims 於 and/, 處切斷所致",alternative;indie;pop;rock,supported,alternative;indie;pop;rock,,,not_applicable,1,0,"Certainly! How about 'Vem Adorar' by Ministério Soma? It's a track from their album 'Vem Adorar'. This song combines elements of classic rock, alternative, and indie with a touch of pop. It has a guitar-driven sound and features male vocals. It could be a fitting choice for your video."
4180,KDOK211mTgA,KDOK211mTgA_A4RbtN9IarQ,KDOK211mTgA_A4RbtN9IarQ,KDOK211mTgA,wo_audio_feature_only,2,"It's a track with elements of rock, pop","It's a track with elements of rock, pop, and indie.",unsupported,unknown,0,,1,E0b_rule_miss_verified,規則漏判但有證據支持,genre_claim_verified_by_tags,曲風敘述可由 musicnn 標籤／參考文本支持；v2 因 GENRE_TERMS 需搭配 anchor 詞才計為 audio 而漏判,indie;pop;rock,supported,indie;pop;rock,,,not_applicable,1,0,"In that case, I recommend 'Cuando te Amor' by Ministério Soma. It's a track with elements of rock, pop, and indie. Although I don't have specific information about this track, it aligns with the rock and pop elements you mentioned. It may contain elements of alternative as well."
4180,KDOK211mTgA,KDOK211mTgA_A4RbtN9IarQ,KDOK211mTgA_A4RbtN9IarQ,KDOK211mTgA,wo_audio_feature_only,3,"Although I don't have specific information about this track, it aligns with the rock","Although I don't have specific information about this track, it aligns with the rock and pop elements you mentioned.",unsupported,unknown,0,,1,E0b_rule_miss_verified,規則漏判但有證據支持,genre_claim_verified_by_tags,曲風敘述可由 musicnn 標籤／參考文本支持；v2 因 GENRE_TERMS 需搭配 anchor 詞才計為 audio 而漏判,pop;rock,supported,pop;rock,,,not_applicable,1,0,"In that case, I recommend 'Cuando te Amor' by Ministério Soma. It's a track with elements of rock, pop, and indie. Although I don't have specific information about this track, it aligns with the rock and pop elements you mentioned. It may contain elements of alternative as well."
4180,KDOK211mTgA,KDOK211mTgA_A4RbtN9IarQ,KDOK211mTgA_A4RbtN9IarQ,KDOK211mTgA,wo_audio_feature_only,4,pop elements you mentioned.,"Although I don't have specific information about this track, it aligns with the rock and pop elements you mentioned.",unsupported,unknown,0,,0,E0b_rule_miss_verified,規則漏判但有證據支持,genre_claim_verified_by_tags,曲風敘述可由 musicnn 標籤／參考文本支持；v2 因 GENRE_TERMS 需搭配 anchor 詞才計為 audio 而漏判,pop;rock,supported,pop;rock,,,not_applicable,1,0,"In that case, I recommend 'Cuando te Amor' by Ministério Soma. It's a track with elements of rock, pop, and indie. Although I don't have specific information about this track, it aligns with the rock and pop elements you mentioned. It may contain elements of alternative as well."
4180,KDOK211mTgA,KDOK211mTgA_A4RbtN9IarQ,KDOK211mTgA_A4RbtN9IarQ,KDOK211mTgA,wo_audio_feature_only,5,It may contain elements of alternative as well.,It may contain elements of alternative as well.,unsupported,unknown,0,,0,E0b_rule_miss_verified,規則漏判但有證據支持,genre_claim_verified_by_tags,曲風敘述可由 musicnn 標籤／參考文本支持；v2 因 GENRE_TERMS 需搭配 anchor 詞才計為 audio 而漏判,alternative,supported,alternative,,,not_applicable,1,0,"In that case, I recommend 'Cuando te Amor' by Ministério Soma. It's a track with elements of rock, pop, and indie. Although I don't have specific information about this track, it aligns with the rock and pop elements you mentioned. It may contain elements of alternative as well."
4180,KDOK211mTgA,KDOK211mTgA_A4RbtN9IarQ,KDOK211mTgA_A4RbtN9IarQ,KDOK211mTgA,wo_prompt,2,indie track with alternative,It's a rock and indie track with alternative and pop influences.,audio-supported,audio,0,,1,E0_clause_split_artifact,斷句碎片（標註流程假影）,parent_audio-supported,"母句可歸屬，unsupported 係 split_claims 於 and/, 處切斷所致",alternative;indie;pop;rock,supported,alternative;indie;pop;rock,,,not_applicable,1,0,"In order to recommend a specific track, I suggest you consider 'Vem Adorar' by Ministério Soma. It's a rock and indie track with alternative and pop influences. The song has a guitar-focused sound and features male vocals. It was released in 2012 and could be a fitting choice for your video."
4180,KDOK211mTgA,KDOK211mTgA_A4RbtN9IarQ,KDOK211mTgA_A4RbtN9IarQ,KDOK211mTgA,wo_ltp,1,"is is is, and, and, and, and, and, and, and, and, and, and, and, and, and, and, and, and, and, and, and, and, and, and, and, and, and, and, and, and, and, and, and, and, and, and, and, and, and, and, and, and, and, and, and, and, and, and, and, and, and, and, and, and, and, and, and, and, and, and, and, and, and",", and is is is, and, and, and, and, and, and, and, and, and, and, and, and, and, and, and, and, and, and, and, and, and, and, and, and, and, and, and, and, and, and, and, and, and, and, and, and, and, and, and, and, and, and, and, and, and, and, and, and, and, and, and, and, and, and, and, and, and, and, and, and, and,",unsupported,unknown,1,type_token_ratio=0.03,0,E7_degenerate_generation,生成崩潰（退化輸出）,degenerate_output,整段生成為退化輸出（type_token_ratio=0.03），此時的 unsupported 反映生成崩潰而非主張缺乏證據,,not_applicable,,,,not_applicable,1,0,", and is is is, and, and, and, and, and, and, and, and, and, and, and, and, and, and, and, and, and, and, and, and, and, and, and, and, and, and, and, and, and, and, and, and, and, and, and, and, and, and, and, and, and, and, and, and, and, and, and, and, and, and, and, and, and, and, and, and, and, and, and, and, and,"
