exp,sample_idx,video_id,claim_id,claim_text,claim_type,support_source,parent_source,attribute_terms,verification,reference_positive_evidence,reference_negative_evidence
full,57,2aXypurqNlA,1,Allow me to recommend 'Before I Was Saved' by LJAYE.,metadata,metadata-supported,metadata-supported,,uncheckable,,
full,57,2aXypurqNlA,2,It's a track from their album 'Before I Was Saved'.,metadata,metadata-supported,metadata-supported,,uncheckable,,
full,57,2aXypurqNlA,3,The song features a male vocalist,audio,audio-supported,audio-supported,,,,
full,57,2aXypurqNlA,4,"combines elements of rock, pop",audio,audio-supported,audio-supported,,,,
full,57,2aXypurqNlA,5,"It has a guitar-driven sound with prominent drums, which could be a fitting choice for your video.",audio,audio-supported,audio-supported,,,,
full,87,XCfdu5SAhiE,1,I recommend 'The Last One' by Obsessive Compulsive.,metadata,metadata-supported,metadata-supported,,uncheckable,,
full,87,XCfdu5SAhiE,2,It's a track from their album 'The Last One'.,metadata,metadata-supported,metadata-supported,,uncheckable,,
full,87,XCfdu5SAhiE,3,"The song combines elements of heavy metal, rock",audio,audio-supported,audio-supported,,,,
full,87,XCfdu5SAhiE,4,It has a powerful,unknown,unsupported,audio-supported,,,,
full,87,XCfdu5SAhiE,5,energetic sound that could be a fitting choice for your video.,audio,audio-supported,audio-supported,,,,
full,94,o5Y6dgFL1a8,1,Allow me to recommend 'O Meu Chamado' by Julio Luz.,metadata,metadata-supported,metadata-supported,,uncheckable,,
full,94,o5Y6dgFL1a8,2,It's a track from their album 'O Meu Chamado'.,metadata,metadata-supported,metadata-supported,,uncheckable,,
full,94,o5Y6dgFL1a8,3,"The song combines elements of rock, indie",audio,audio-supported,audio-supported,,,,
full,94,o5Y6dgFL1a8,4,"blues, which aligns well with Renato's distinctive style.",unknown,unsupported,audio-supported,,,,
full,94,o5Y6dgFL1a8,5,It was released in 2014,metadata,metadata-supported,metadata-supported,,uncheckable,,
full,94,o5Y6dgFL1a8,6,has a mix of guitar,audio,audio-supported,audio-supported,,,,
full,107,RVNvBnar_rI,1,How about 'BMF (Big_Heat)' by Romeo Mystic?,metadata,metadata-supported,metadata-supported,,uncheckable,,
full,107,RVNvBnar_rI,2,"It's a track that combines elements of pop, rock, soul",audio,audio-supported,audio-supported,,,,
full,107,RVNvBnar_rI,3,"Although I don't have much information about the specific album or artists, the song itself has a mix of energetic beats",metadata,metadata-supported,metadata-supported,beat;beats;energetic,partially_supported,,
full,107,RVNvBnar_rI,4,soulful vocals that could be a fitting choice for your video.,audio,audio-supported,audio-supported,,,,
full,137,sAelu_dNL8o,1,Allow me to recommend 'Silva Duss' by Silva Duss.,metadata,metadata-supported,metadata-supported,,uncheckable,,
full,137,sAelu_dNL8o,2,It's a track from his album 'Silva Duss'.,metadata,metadata-supported,metadata-supported,,uncheckable,,
full,137,sAelu_dNL8o,3,"It combines elements of hip-hop, electronic",audio,audio-supported,audio-supported,,,,
full,137,sAelu_dNL8o,4,pop with a chillout,unknown,unsupported,audio-supported,,,,
full,137,sAelu_dNL8o,5,The song has a pop influence,audio,audio-supported,audio-supported,,,,
full,137,sAelu_dNL8o,6,"was released in 2013, which may contain the specific elements you want.",prompt,prompt-supported,prompt-supported,,,,
full,147,CX5a4IWs26Q,1,How about 'Phantom Girl's First Love' by 坂本美雨?,metadata,metadata-supported,metadata-supported,,uncheckable,,
full,147,CX5a4IWs26Q,2,"It's an electronic track with elements of rock, indie",unknown,unsupported,unsupported,,,,
full,147,CX5a4IWs26Q,3,The song has a unique blend of electronic beats,audio,audio-supported,audio-supported,,,,
full,147,CX5a4IWs26Q,4,"rock influences, which could add an interesting dynamic to your video.",audio,audio-supported,audio-supported,,,,
full,232,YuHgyJXc2d0,1,Allow me to recommend 'Olen Somelainen' by Karim Z.Yskowicz.,metadata,metadata-supported,metadata-supported,,uncheckable,,
full,232,YuHgyJXc2d0,2,It's a track from his album 'Olen Somelainen'.,metadata,metadata-supported,metadata-supported,,uncheckable,,
full,232,YuHgyJXc2d0,3,"It combines elements of dance, pop",audio,audio-supported,audio-supported,,,,
full,232,YuHgyJXc2d0,4,electronic music with Hip-Hop,unknown,unsupported,audio-supported,,,,
full,232,YuHgyJXc2d0,5,The song has a fast-paced,audio,audio-supported,audio-supported,,,,
full,232,YuHgyJXc2d0,6,energetic vibe that could be a fitting choice for your video.,audio,audio-supported,audio-supported,,,,
full,262,P3jifWfHfig,1,How about 'Réunion 2012' by SGP Team ft Doug'las?,metadata,metadata-supported,metadata-supported,,uncheckable,,
full,262,P3jifWfHfig,2,"It's a track that combines elements of hip-hop, rock",audio,audio-supported,audio-supported,,,,
full,262,P3jifWfHfig,3,alternative with a male vocal,audio,audio-supported,audio-supported,,,,
full,262,P3jifWfHfig,4,"Although I don't have much information about this specific track, it seems to align well with the genres",unknown,unsupported,prompt-supported,,,,
full,262,P3jifWfHfig,5,vocal style you're looking for.,prompt,prompt-supported,prompt-supported,,,,
full,267,KyKn6hdF_ok,1,Allow me to recommend 'Honey Bee' by スピッツ.,metadata,metadata-supported,metadata-supported,,uncheckable,,
full,267,KyKn6hdF_ok,2,It's a track from their album 'Honey Bee'.,metadata,metadata-supported,metadata-supported,,uncheckable,,
full,267,KyKn6hdF_ok,3,"It combines elements of alternative rock, pop",audio,audio-supported,audio-supported,,,,
full,267,KyKn6hdF_ok,4,fast-paced guitar-driven sound that could be a fitting choice for your video.,video,video-supported,video-supported,,,,
full,267,KyKn6hdF_ok,5,The song features male vocals,audio,audio-supported,audio-supported,,,,
full,267,KyKn6hdF_ok,6,"was released in 2005, which may contain the specific elements you want.",prompt,prompt-supported,prompt-supported,,,,
full,271,T6KPb4tsHBI,1,I recommend 'Handz' by M featuring Lil Ro.,metadata,metadata-supported,metadata-supported,,uncheckable,,
full,271,T6KPb4tsHBI,2,It's a track from Lil Ro's album 'Handz'.,metadata,metadata-supported,metadata-supported,,uncheckable,,
full,271,T6KPb4tsHBI,3,The song combines hip-hop,metadata,metadata-supported,metadata-supported,hip-hop,supported,,
full,271,T6KPb4tsHBI,4,"electronic genres, with a focus on electronic beats",audio,audio-supported,audio-supported,,,,
full,271,T6KPb4tsHBI,5,It was released in 2013,metadata,metadata-supported,metadata-supported,,uncheckable,,
full,271,T6KPb4tsHBI,6,energetic vibe that could be a great fit for your video.,audio,audio-supported,audio-supported,,,,
full,282,2hmtOxkXNZ8,1,How about 'ELEGIA' by APGAR SOLO?,metadata,metadata-supported,metadata-supported,,uncheckable,,
full,282,2hmtOxkXNZ8,2,"It's a track that combines elements of hip-hop, rock",audio,audio-supported,audio-supported,,,,
full,282,2hmtOxkXNZ8,3,"Although I don't have much information about the specific album or artists, the song itself has a unique blend of genres that could add an interesting touch to your video.",metadata,metadata-supported,metadata-supported,,uncheckable,,
full,294,a7zMsx9Mmh0,1,"In that case, I would recommend 'Reps Up Montreal' by I.",metadata,metadata-supported,metadata-supported,,uncheckable,,
full,294,a7zMsx9Mmh0,2,This track has an alternative,metadata,metadata-supported,metadata-supported,alternative,not_found,,
full,294,a7zMsx9Mmh0,3,"indie feel to it, with elements of Hip-Hop, electronic, rock",metadata,metadata-supported,metadata-supported,electronic;hip-hop;indie;rock,partially_supported,,
full,294,a7zMsx9Mmh0,4,It's part of the album 'Reps Up Montreal',metadata,metadata-supported,metadata-supported,,uncheckable,,
full,294,a7zMsx9Mmh0,5,was released in 2011.,metadata,metadata-supported,metadata-supported,,uncheckable,,
full,324,5NJk1JT5KHw,1,How about 'I tak mnie nie znasz' by Jordas feat?,metadata,metadata-supported,metadata-supported,,uncheckable,,
full,324,5NJk1JT5KHw,2,"It's a track that combines elements of hip-hop, rock, jazz",audio,audio-supported,audio-supported,,,,
full,324,5NJk1JT5KHw,3,"Although I don't have much information about this specific track, it seems to align with your desired genres.",unknown,unsupported,unsupported,,,,
full,324,5NJk1JT5KHw,4,It could be a fitting choice for your video.,general,general-supported,general-supported,,,,
full,335,HgABvzJnlJg,1,How about 'Pasja' by Giera 89?,metadata,metadata-supported,metadata-supported,,uncheckable,,
full,335,HgABvzJnlJg,2,"It's a track that combines elements of hip-hop, electronic",audio,audio-supported,audio-supported,,,,
full,335,HgABvzJnlJg,3,rock with experimental influences.,audio,audio-supported,audio-supported,,,,
full,335,HgABvzJnlJg,4,"Although I don't have much information about this specific track, it might be worth checking out for its unique blend of genres.",unknown,unsupported,unsupported,,,,
full,363,pGK_sukBKh4,1,I recommend 'Test' by Nosta Feat Sofian.,metadata,metadata-supported,metadata-supported,,uncheckable,,
full,363,pGK_sukBKh4,2,"It's a track that combines elements of hip-hop, R&B",audio,audio-supported,audio-supported,,,,
full,363,pGK_sukBKh4,3,"Although I don't have specific information about the album or artists, the track itself has a mix of electronic",metadata,metadata-supported,metadata-supported,electronic,supported,,
full,363,pGK_sukBKh4,4,"pop influences, which could add a unique touch to your video.",audio,audio-supported,audio-supported,,,,
full,391,ACH0CU0gxBw,1,I suggest checking out 'Understand Me' by Presto Dibiase.,metadata,metadata-supported,metadata-supported,,uncheckable,,
full,391,ACH0CU0gxBw,2,It's a hip-hop track with electronic,unknown,unsupported,audio-supported,,,,
full,391,ACH0CU0gxBw,3,The song has a fast-paced beat,audio,audio-supported,audio-supported,,,,
full,391,ACH0CU0gxBw,4,"male vocals, which align with the hip-hop",audio,audio-supported,audio-supported,,,,
full,391,ACH0CU0gxBw,5,electronic elements you're looking for.,prompt,prompt-supported,prompt-supported,,,,
full,402,RYnJQ3Fsvgw,1,Allow me to recommend 'The Drug In Me Is You' by Falling In Reverse.,metadata,metadata-supported,metadata-supported,,uncheckable,,
full,402,RYnJQ3Fsvgw,2,It's a track from their album 'The Drug In Me Is You'.,metadata,metadata-supported,metadata-supported,,uncheckable,,
full,402,RYnJQ3Fsvgw,3,"The song combines elements of rock, heavy metal",audio,audio-supported,audio-supported,,,,
full,402,RYnJQ3Fsvgw,4,"punk, which aligns well with the intense",unknown,unsupported,prompt-supported,,,,
full,402,RYnJQ3Fsvgw,5,energetic vibe you're looking for.,prompt,prompt-supported,prompt-supported,,,,
full,402,RYnJQ3Fsvgw,6,It was released in 2011,metadata,metadata-supported,metadata-supported,,uncheckable,,
full,402,RYnJQ3Fsvgw,7,fast-paced sound that could be a fitting choice for your video.,video,video-supported,video-supported,,,,
full,422,HQdmbzK4pUk,1,Allow me to recommend 'VENTOLINE' by Yassine.,metadata,metadata-supported,metadata-supported,,uncheckable,,
full,422,HQdmbzK4pUk,2,It's a track from the album 'VENTOLINE' by Yassine.,metadata,metadata-supported,metadata-supported,,uncheckable,,
full,422,HQdmbzK4pUk,3,"The song combines elements of hip-hop, electronic",audio,audio-supported,audio-supported,,,,
full,422,HQdmbzK4pUk,4,It also has some electronic beats,audio,audio-supported,audio-supported,,,,
full,422,HQdmbzK4pUk,5,drum elements that could be a fitting choice for your video.,audio,audio-supported,audio-supported,,,,
full,431,ekQJ3VmZdA8,1,I recommend 'Twende Nao Sawa' by Blac ft Domokaya.,metadata,metadata-supported,metadata-supported,,uncheckable,,
full,431,ekQJ3VmZdA8,2,It's a soulful track with electronic,unknown,unsupported,audio-supported,,,,
full,431,ekQJ3VmZdA8,3,The song was released in 2012,metadata,metadata-supported,metadata-supported,,uncheckable,,
full,431,ekQJ3VmZdA8,4,has a catchy beat,audio,audio-supported,audio-supported,,,,
full,431,ekQJ3VmZdA8,5,It aligns well with the soul,unknown,unsupported,prompt-supported,,,,
full,431,ekQJ3VmZdA8,6,electronic elements you're looking for.,prompt,prompt-supported,prompt-supported,,,,
full,434,uIp3dHFTzFA,1,Allow me to recommend 'Run Away' by Czar.,metadata,metadata-supported,metadata-supported,,uncheckable,,
full,434,uIp3dHFTzFA,2,It's a track from his album 'Run Away'.,metadata,metadata-supported,metadata-supported,,uncheckable,,
full,434,uIp3dHFTzFA,3,"The song combines elements of hip-hop, electronic",audio,audio-supported,audio-supported,,,,
full,434,uIp3dHFTzFA,4,"indie genres, which aligns well with the electronic",audio,audio-supported,audio-supported,,,,
full,434,uIp3dHFTzFA,5,indie influences you're looking for.,prompt,prompt-supported,prompt-supported,,,,
full,434,uIp3dHFTzFA,6,It has a fast-paced beat,audio,audio-supported,audio-supported,,,,
full,434,uIp3dHFTzFA,7,synth sounds that could be a fitting choice for your video.,audio,audio-supported,audio-supported,,,,
full,454,sliGVW57LNc,1,I recommend 'Zéhéf - Keep It Real' by ZEHEF.,metadata,metadata-supported,metadata-supported,,uncheckable,,
full,454,sliGVW57LNc,2,It's a track from their album 'Keep It Real',metadata,metadata-supported,metadata-supported,,uncheckable,,
full,454,sliGVW57LNc,3,"combines elements of 90s hip-hop, soul",audio,audio-supported,audio-supported,,,,
full,454,sliGVW57LNc,4,The song has a chillout vibe with a mix of electronic beats,audio,audio-supported,audio-supported,,,,
full,454,sliGVW57LNc,5,It was released in 2014,metadata,metadata-supported,metadata-supported,,uncheckable,,
full,454,sliGVW57LNc,6,could be a fitting choice for your video.,general,general-supported,general-supported,,,,
full,458,pjPt3wst5kU,1,Allow me to recommend 'LA VÉRITÉ' by DEM.,metadata,metadata-supported,metadata-supported,,uncheckable,,
full,458,pjPt3wst5kU,2,It's a track from their album 'LA VÉRITÉ'.,metadata,metadata-supported,metadata-supported,,uncheckable,,
full,458,pjPt3wst5kU,3,"The song combines elements of hip-hop, R&B",audio,audio-supported,audio-supported,,,,
full,458,pjPt3wst5kU,4,soul with female vocals.,audio,audio-supported,audio-supported,,,,
full,458,pjPt3wst5kU,5,It was released in 2013,metadata,metadata-supported,metadata-supported,,uncheckable,,
full,458,pjPt3wst5kU,6,emotional vibe that could be a fitting choice for your video.,general,general-supported,general-supported,,,,
full,464,dbqdq02F_xs,1,"In that case, I would recommend '追憶のリロケート' by TOKYO VENOM.",metadata,metadata-supported,metadata-supported,,uncheckable,,
full,464,dbqdq02F_xs,2,"This track is a perfect fit for your video as it combines elements of dance, pop",audio,audio-supported,audio-supported,,,,
full,464,dbqdq02F_xs,3,It features female vocals,audio,audio-supported,audio-supported,,,,
full,464,dbqdq02F_xs,4,energetic vibe that will add a dynamic touch to your video.,audio,audio-supported,audio-supported,,,,
full,472,5SKS_xcBS5w,1,Allow me to recommend 'Levelling The Land' by The Levellers.,metadata,metadata-supported,metadata-supported,,uncheckable,,
full,472,5SKS_xcBS5w,2,It's a track from their album 'Levelling The Land'.,metadata,metadata-supported,metadata-supported,,uncheckable,,
full,472,5SKS_xcBS5w,3,"The song combines elements of indie rock, alternative rock",audio,audio-supported,audio-supported,,,,
full,472,5SKS_xcBS5w,4,pop with a touch of 80s influence.,audio,audio-supported,audio-supported,,,,
full,472,5SKS_xcBS5w,5,It was released in 2009,metadata,metadata-supported,metadata-supported,,uncheckable,,
full,472,5SKS_xcBS5w,6,may contain the specific elements you're looking for.,prompt,prompt-supported,prompt-supported,,,,
full,507,KVkCNazp81U,1,Allow me to recommend '快樂快樂' by 蘇打綠.,metadata,metadata-supported,metadata-supported,,uncheckable,,
full,507,KVkCNazp81U,2,It's a track from their album '快樂快樂'.,metadata,metadata-supported,metadata-supported,,uncheckable,,
full,507,KVkCNazp81U,3,"The song combines elements of rock, indie",audio,audio-supported,audio-supported,,,,
full,507,KVkCNazp81U,4,pop with alternative influences.,audio,audio-supported,audio-supported,,,,
full,507,KVkCNazp81U,5,upbeat sound that could be a fitting choice for your video.,audio,audio-supported,audio-supported,,,,
full,517,y6bA4iBzN6o,1,"In that case, I would recommend 'Immortal King' by Tamuya Thrash Tribe.",metadata,metadata-supported,metadata-supported,,uncheckable,,
full,517,y6bA4iBzN6o,2,This track is instrumental,audio,audio-supported,audio-supported,,,,
full,517,y6bA4iBzN6o,3,"falls under the genres of metal, heavy metal, rock",audio,audio-supported,audio-supported,,,,
full,517,y6bA4iBzN6o,4,It has a powerful,unknown,unsupported,audio-supported,,,,
full,517,y6bA4iBzN6o,5,intense sound that will add a unique touch to your video.,audio,audio-supported,audio-supported,,,,
full,519,8nynhOhU6_I,1,How about 'Air Balloon' by Lily Allen?,metadata,metadata-supported,metadata-supported,,uncheckable,,
full,519,8nynhOhU6_I,2,"It's a track that combines elements of R&B, electronic",audio,audio-supported,audio-supported,,,,
full,519,8nynhOhU6_I,3,The song has a catchy beat,audio,audio-supported,audio-supported,,,,
full,519,8nynhOhU6_I,4,features Lily Allen's distinctive vocals.,metadata,metadata-supported,metadata-supported,vocal;vocals,not_found,,
full,519,8nynhOhU6_I,5,It could be a great choice to incorporate R&B,general,general-supported,general-supported,,,,
full,519,8nynhOhU6_I,6,indie influences into your video.,audio,audio-supported,audio-supported,,,,
full,587,uh4j6lGVwYk,1,"In that case, I would recommend 'Vida de Patrão' by MC Romarinho.",metadata,metadata-supported,metadata-supported,,uncheckable,,
full,587,uh4j6lGVwYk,2,"This track combines elements of Hip-Hop, electronic, pop",audio,audio-supported,audio-supported,,,,
full,587,uh4j6lGVwYk,3,It has a catchy beat,audio,audio-supported,audio-supported,,,,
full,587,uh4j6lGVwYk,4,a vibrant energy that will add variety to your video.,unknown,unsupported,audio-supported,,,,
full,593,U5p1VMH4Vwc,1,Allow me to recommend 'You Belong With Me (Taylor's Version)' by Taylor Swift.,metadata,metadata-supported,metadata-supported,,uncheckable,,
full,593,U5p1VMH4Vwc,2,rock track with female vocals.,audio,audio-supported,audio-supported,,,,
full,593,U5p1VMH4Vwc,3,The song has a catchy,unknown,unsupported,audio-supported,,,,
full,593,U5p1VMH4Vwc,4,upbeat sound that could be a fitting choice for your video.,audio,audio-supported,audio-supported,,,,
full,593,U5p1VMH4Vwc,5,It was released as a single,metadata,metadata-supported,metadata-supported,,uncheckable,,
full,593,U5p1VMH4Vwc,6,has a music video available on YouTube.,unknown,unsupported,metadata-supported,,,,
full,596,XL_zQ2eTFTg,1,"In that case, I would recommend the music video for 'The Edge Of Glory' by Lady Gaga.",metadata,metadata-supported,metadata-supported,,uncheckable,,
full,596,XL_zQ2eTFTg,2,This track has a techno,audio,audio-supported,audio-supported,,,,
full,596,XL_zQ2eTFTg,3,electronic sound with a female vocalist.,audio,audio-supported,audio-supported,,,,
full,596,XL_zQ2eTFTg,4,It's part of the album 'The Edge Of Glory',metadata,metadata-supported,metadata-supported,,uncheckable,,
full,596,XL_zQ2eTFTg,5,would be a great fit for your video.,general,general-supported,general-supported,,,,
full,613,jGCyuexh7xw,1,How about 'Falling In Love Again' by Kill Paris featuring Marty Rod & Alma?,metadata,metadata-supported,metadata-supported,,uncheckable,,
full,613,jGCyuexh7xw,2,It's an electronic track with elements of dance,unknown,unsupported,unsupported,,,,
full,613,jGCyuexh7xw,3,The song has a catchy beat,audio,audio-supported,audio-supported,,,,
full,613,jGCyuexh7xw,4,synth-driven sound that could add a vibrant,audio,audio-supported,audio-supported,,,,
full,613,jGCyuexh7xw,5,energetic vibe to your video.,audio,audio-supported,audio-supported,,,,
full,633,bIFJO1BcMwY,1,Allow me to recommend 'Feel So Lost' by Lee Burgos.,metadata,metadata-supported,metadata-supported,,uncheckable,,
full,633,bIFJO1BcMwY,2,It's a track from the album 'Feel So Lost'.,metadata,metadata-supported,metadata-supported,,uncheckable,,
full,633,bIFJO1BcMwY,3,"This song combines elements of pop, rock",audio,audio-supported,audio-supported,,,,
full,633,bIFJO1BcMwY,4,"electronic genres, with female vocals.",audio,audio-supported,audio-supported,,,,
full,633,bIFJO1BcMwY,5,It has a catchy,unknown,unsupported,audio-supported,,,,
full,633,bIFJO1BcMwY,6,energetic vibe that could be a fitting choice for your video.,audio,audio-supported,audio-supported,,,,
full,662,8shUjTKagp8,1,Allow me to recommend 'BABARIA' by El Vega.,metadata,metadata-supported,metadata-supported,,uncheckable,,
full,662,8shUjTKagp8,2,It's a track from their album 'BABARIA'.,metadata,metadata-supported,metadata-supported,,uncheckable,,
full,662,8shUjTKagp8,3,"It combines elements of hip-hop, electronic",audio,audio-supported,audio-supported,,,,
full,662,8shUjTKagp8,4,dance with indie influences that could be a fitting choice for your video.,audio,audio-supported,audio-supported,,,,
full,662,8shUjTKagp8,5,It was released in 2014,metadata,metadata-supported,metadata-supported,,uncheckable,,
full,733,czthLeDtnNQ,1,"In that case, I would recommend 'Jokowi Sang Pemimpin' by D'Raiden band.",metadata,metadata-supported,metadata-supported,,uncheckable,,
full,733,czthLeDtnNQ,2,This track has a patriotic,unknown,unsupported,unsupported,,,,
full,733,czthLeDtnNQ,3,"uplifting feel, perfect for your video about Jokowi.",unknown,unsupported,unsupported,,,,
full,733,czthLeDtnNQ,4,"It falls under the genres of rock, indie, alternative",audio,audio-supported,audio-supported,,,,
full,733,czthLeDtnNQ,5,"pop, with elements of guitar",audio,audio-supported,audio-supported,,,,
full,740,4f6TJkutA50,1,If you're looking for a heavier,prompt,prompt-supported,prompt-supported,,,,
full,740,4f6TJkutA50,2,"more intense track, I would recommend 'No More Sorrow' by Linkin Park.",metadata,metadata-supported,metadata-supported,,uncheckable,,
full,740,4f6TJkutA50,3,This track is known for its powerful,unknown,unsupported,video-supported,,,,
full,740,4f6TJkutA50,4,"energetic sound, perfect for creating a visually captivating video.",video,video-supported,video-supported,,,,
full,740,4f6TJkutA50,5,"It falls under the genres of metal, rock, heavy metal",audio,audio-supported,audio-supported,,,,
full,787,lWXHOj5fxlw,1,How about 'Give Your Heart A Break' by Demi Lovato?,metadata,metadata-supported,metadata-supported,,uncheckable,,
full,787,lWXHOj5fxlw,2,rock track with electronic,unknown,unsupported,audio-supported,,,,
full,787,lWXHOj5fxlw,3,The song features Demi Lovato's powerful vocals,metadata,metadata-supported,metadata-supported,vocal;vocals,supported,,
full,787,lWXHOj5fxlw,4,"combines elements of pop, rock",audio,audio-supported,audio-supported,,,,
full,787,lWXHOj5fxlw,5,It could be a perfect fit for your video.,general,general-supported,general-supported,,,,
full,826,kxN-VHNaNKE,1,Allow me to recommend 'Sunshine' by AZP.,metadata,metadata-supported,metadata-supported,,uncheckable,,
full,826,kxN-VHNaNKE,2,It's a track from their album 'Sunshine'.,metadata,metadata-supported,metadata-supported,,uncheckable,,
full,826,kxN-VHNaNKE,3,"It combines elements of indie, folk",audio,audio-supported,audio-supported,,,,
full,826,kxN-VHNaNKE,4,rock with a touch of jazz.,unknown,unsupported,audio-supported,,,,
full,826,kxN-VHNaNKE,5,The song features slow-paced drums,audio,audio-supported,audio-supported,,,,
full,826,kxN-VHNaNKE,6,a guitar-focused sound that could be a fitting choice for your video.,audio,audio-supported,audio-supported,,,,
full,856,gsSXKMK0VCo,1,"In that case, I would recommend 'Here Comes the Sun' by Nina Simone.",metadata,metadata-supported,metadata-supported,,uncheckable,,
full,856,gsSXKMK0VCo,2,This track has a vintage feel with its jazz,unknown,unsupported,unsupported,,,,
full,856,gsSXKMK0VCo,3,It's part of the album 'Here Comes the Sun',metadata,metadata-supported,metadata-supported,,uncheckable,,
full,856,gsSXKMK0VCo,4,would be a great fit for your video.,general,general-supported,general-supported,,,,
full,865,5GpmqR5uUBA,1,Allow me to recommend 'Dorehami' by Tohi featuring Shervin.,metadata,metadata-supported,metadata-supported,,uncheckable,,
full,865,5GpmqR5uUBA,2,It's a track from Tohi's album 'Dorehami'.,metadata,metadata-supported,metadata-supported,,uncheckable,,
full,865,5GpmqR5uUBA,3,"The song combines elements of hip-hop, pop",audio,audio-supported,audio-supported,,,,
full,865,5GpmqR5uUBA,4,electronic music with male vocals,audio,audio-supported,audio-supported,,,,
full,865,5GpmqR5uUBA,5,It was released in 2014,metadata,metadata-supported,metadata-supported,,uncheckable,,
full,865,5GpmqR5uUBA,6,may contain the specific elements you're looking for.,prompt,prompt-supported,prompt-supported,,,,
full,921,HH6jFd4Wn4U,1,Allow me to recommend 'Forever (Radio Edit)' by Wolfgang Gartner ft; 12th Planet.,metadata,metadata-supported,metadata-supported,,uncheckable,,
full,921,HH6jFd4Wn4U,2,It's a track from Wolfgang Gartner's album 'Forever (Radio Edit)'.,metadata,metadata-supported,metadata-supported,,uncheckable,,
full,921,HH6jFd4Wn4U,3,"It combines elements of house, electro",audio,audio-supported,audio-supported,,,,
full,921,HH6jFd4Wn4U,4,dance with a fast-paced techno beat that could be a fitting choice for your video.,video,video-supported,video-supported,,,,
full,921,HH6jFd4Wn4U,5,It was released in 2012 which may contain the specific element you want.,prompt,prompt-supported,prompt-supported,,,,
full,932,qSYpcMeAJeA,1,Allow me to recommend 'Wrong Train' by DJ B & Vessy K feat;.,metadata,metadata-supported,metadata-supported,,uncheckable,,
full,932,qSYpcMeAJeA,2,It's a track from their album 'Wrong Train'.,metadata,metadata-supported,metadata-supported,,uncheckable,,
full,932,qSYpcMeAJeA,3,"This song combines elements of soul, jazz",audio,audio-supported,audio-supported,,,,
full,932,qSYpcMeAJeA,4,funk with a focus on vocals,audio,audio-supported,audio-supported,,,,
full,932,qSYpcMeAJeA,5,It was released in 2012,metadata,metadata-supported,metadata-supported,,uncheckable,,
full,932,qSYpcMeAJeA,6,upbeat sound that could be a fitting choice for your video.,audio,audio-supported,audio-supported,,,,
full,938,TRjWPZFqQN8,1,How about 'Fragments' by Circle Of Alchemists?,metadata,metadata-supported,metadata-supported,,uncheckable,,
full,938,TRjWPZFqQN8,2,It's a track from their album 'Fragments'.,metadata,metadata-supported,metadata-supported,,uncheckable,,
full,938,TRjWPZFqQN8,3,"The song combines elements of pop, electronic",audio,audio-supported,audio-supported,,,,
full,938,TRjWPZFqQN8,4,"rock genres, which could be a fitting choice for your video.",audio,audio-supported,audio-supported,,,,
full,938,TRjWPZFqQN8,5,It has a female vocalist,audio,audio-supported,audio-supported,,,,
full,938,TRjWPZFqQN8,6,a techno sound that adds an electronic touch to the music.,audio,audio-supported,audio-supported,,,,
full,951,De44s3w2iZA,1,If you're looking for a more intense,prompt,prompt-supported,prompt-supported,,,,
full,951,De44s3w2iZA,2,"heavy feel, I would recommend 'Ivan by Chao'.",metadata,metadata-supported,metadata-supported,,uncheckable,,
full,951,De44s3w2iZA,3,"This track falls under the genres of rock, metal, alternative",audio,audio-supported,audio-supported,,,,
full,951,De44s3w2iZA,4,It has a powerful,unknown,unsupported,audio-supported,,,,
full,951,De44s3w2iZA,5,energetic sound that will add a strong emotional impact to your video.,audio,audio-supported,audio-supported,,,,
full,1025,VvuwEiCtVO8,1,I suggest checking out 'Je t'aime' by Zaho.,metadata,metadata-supported,metadata-supported,,uncheckable,,
full,1025,VvuwEiCtVO8,2,It's a track from her album 'Je t'aime'.,metadata,metadata-supported,metadata-supported,,uncheckable,,
full,1025,VvuwEiCtVO8,3,"The song combines elements of hip-hop, pop",audio,audio-supported,audio-supported,,,,
full,1025,VvuwEiCtVO8,4,soul with Zaho's distinctive female vocals.,audio,audio-supported,audio-supported,,,,
full,1025,VvuwEiCtVO8,5,It was released in 2009,metadata,metadata-supported,metadata-supported,,uncheckable,,
full,1025,VvuwEiCtVO8,6,could be a fitting choice for your video.,general,general-supported,general-supported,,,,
full,1056,kHzC8YAe2Oc,1,Allow me to recommend 'Gabroo' by Avtar Rai from the album 'Just Rai'.,metadata,metadata-supported,metadata-supported,,uncheckable,,
full,1056,kHzC8YAe2Oc,2,"It's a track that combines elements of electronic, dance",audio,audio-supported,audio-supported,,,,
full,1056,kHzC8YAe2Oc,3,pop with a touch of rock,unknown,unsupported,audio-supported,,,,
full,1056,kHzC8YAe2Oc,4,The song has a fast-paced,audio,audio-supported,audio-supported,,,,
full,1056,kHzC8YAe2Oc,5,energetic vibe that could be a fitting choice for your video.,audio,audio-supported,audio-supported,,,,
full,1061,N6RMg8iZbbQ,1,"In that case, I would recommend 'Black Tz N Hoodyz' by Bread Ed featuring JB Da Original",metadata,metadata-supported,metadata-supported,,uncheckable,,
full,1061,N6RMg8iZbbQ,2,This track has a strong hip-hop,unknown,unsupported,audio-supported,,,,
full,1061,N6RMg8iZbbQ,3,electronic sound with a male vocalist.,audio,audio-supported,audio-supported,,,,
full,1061,N6RMg8iZbbQ,4,It's part of the album 'Black Tz N Hoodyz',metadata,metadata-supported,metadata-supported,,uncheckable,,
full,1061,N6RMg8iZbbQ,5,it's produced by Bread Ed.,metadata,metadata-supported,metadata-supported,,uncheckable,,
full,1061,N6RMg8iZbbQ,6,It will definitely add intensity to your video.,unknown,unsupported,unsupported,,,,
full,1085,CT9laYZXITg,1,Allow me to recommend 'LAST CHRISTMAS' by f(x).,metadata,metadata-supported,metadata-supported,,uncheckable,,
full,1085,CT9laYZXITg,2,It's a track from their album 'LAST CHRISTMAS'.,metadata,metadata-supported,metadata-supported,,uncheckable,,
full,1085,CT9laYZXITg,3,"The song combines elements of pop, rock",audio,audio-supported,audio-supported,,,,
full,1085,CT9laYZXITg,4,indie with female vocals.,audio,audio-supported,audio-supported,,,,
full,1085,CT9laYZXITg,5,It has a unique blend of genres that could be a fitting choice for your video.,general,general-supported,general-supported,,,,
full,1100,24M11INn_bw,1,I would recommend 'Policjant' by Baobab.,metadata,metadata-supported,metadata-supported,,uncheckable,,
full,1100,24M11INn_bw,2,"This track combines elements of rock, indie, pop",audio,audio-supported,audio-supported,,,,
full,1100,24M11INn_bw,3,"funk, creating a unique",unknown,unsupported,audio-supported,,,,
full,1100,24M11INn_bw,4,It's part of the album 'Policjant',metadata,metadata-supported,metadata-supported,,uncheckable,,
full,1100,24M11INn_bw,5,would be a great fit for your video.,general,general-supported,general-supported,,,,
full,1102,Mu7FJGPdz6w,1,Allow me to recommend 'You Aint Know' by HunnitG.,metadata,metadata-supported,metadata-supported,,uncheckable,,
full,1102,Mu7FJGPdz6w,2,It's a track from his album 'You Aint Know'.,metadata,metadata-supported,metadata-supported,,uncheckable,,
full,1102,Mu7FJGPdz6w,3,"It combines elements of hip-hop, electronic",audio,audio-supported,audio-supported,,,,
full,1102,Mu7FJGPdz6w,4,rock with a touch of pop.,unknown,unsupported,audio-supported,,,,
full,1102,Mu7FJGPdz6w,5,The song has a techno,audio,audio-supported,audio-supported,,,,
full,1102,Mu7FJGPdz6w,6,It was released in 2014,metadata,metadata-supported,metadata-supported,,uncheckable,,
full,1102,Mu7FJGPdz6w,7,could be a fitting choice for your video.,general,general-supported,general-supported,,,,
full,1125,PbvyXeJlkpk,1,Allow me to recommend 'Troc' by Troc.,metadata,metadata-supported,metadata-supported,,uncheckable,,
full,1125,PbvyXeJlkpk,2,It's a track from their album 'Troc'.,metadata,metadata-supported,metadata-supported,,uncheckable,,
full,1125,PbvyXeJlkpk,3,"It combines elements of Hip-Hop, electronic",audio,audio-supported,audio-supported,,,,
full,1125,PbvyXeJlkpk,4,R&B with a dance vibe.,unknown,unsupported,audio-supported,,,,
full,1125,PbvyXeJlkpk,5,The song was released in 2012,metadata,metadata-supported,metadata-supported,,uncheckable,,
full,1125,PbvyXeJlkpk,6,has a catchy beat,audio,audio-supported,audio-supported,,,,
full,1125,PbvyXeJlkpk,7,synth elements that could be a fitting choice for your video.,audio,audio-supported,audio-supported,,,,
full,1177,75HVZaaBsXk,1,How about 'Mundo Submisso' by Prometazina FQV?,metadata,metadata-supported,metadata-supported,,uncheckable,,
full,1177,75HVZaaBsXk,2,"It's a track that combines elements of hip-hop, soul, funk",audio,audio-supported,audio-supported,,,,
full,1177,75HVZaaBsXk,3,"Although I don't have much information about the specific album or artists, the song itself should provide the soulful",metadata,metadata-supported,metadata-supported,,uncheckable,,
full,1177,75HVZaaBsXk,4,funky vibe you're looking for.,prompt,prompt-supported,prompt-supported,,,,
full,1255,7D5hr6JO_Gw,1,I recommend 'Ambkor' by Ambkor.,metadata,metadata-supported,metadata-supported,,uncheckable,,
full,1255,7D5hr6JO_Gw,2,It's a track from his album 'Ambkor'.,metadata,metadata-supported,metadata-supported,,uncheckable,,
full,1255,7D5hr6JO_Gw,3,"The song combines elements of Hip-Hop, electronic",audio,audio-supported,audio-supported,,,,
full,1255,7D5hr6JO_Gw,4,"rock genres, which aligns well with Ambkor's distinctive style.",audio,audio-supported,audio-supported,,,,
full,1255,7D5hr6JO_Gw,5,It was released in 2014,metadata,metadata-supported,metadata-supported,,uncheckable,,
full,1255,7D5hr6JO_Gw,6,has a catchy beat,audio,audio-supported,audio-supported,,,,
full,1255,7D5hr6JO_Gw,7,energetic vibe that could complement your video.,audio,audio-supported,audio-supported,,,,
full,1267,_EJZzZbzGqo,1,Allow me to recommend 'Nie Zapomnij' by Paweł Sałdan.,metadata,metadata-supported,metadata-supported,,uncheckable,,
full,1267,_EJZzZbzGqo,2,It's a track from his album 'Nie Zapomnij'.,metadata,metadata-supported,metadata-supported,,uncheckable,,
full,1267,_EJZzZbzGqo,3,"It combines elements of electronic, house",audio,audio-supported,audio-supported,,,,
full,1267,_EJZzZbzGqo,4,pop with a dance,unknown,unsupported,audio-supported,,,,
full,1267,_EJZzZbzGqo,5,beat-focused sound that could be a fitting choice for your video.,audio,audio-supported,audio-supported,,,,
full,1268,gA8EGM6eNCI,1,I recommend 'Meme Shimaliwa' by Vanity.,metadata,metadata-supported,metadata-supported,,uncheckable,,
full,1268,gA8EGM6eNCI,2,It's a track from their album 'Meme Shimaliwa'.,metadata,metadata-supported,metadata-supported,,uncheckable,,
full,1268,gA8EGM6eNCI,3,"The song combines elements of pop, electronic",audio,audio-supported,audio-supported,,,,
full,1268,gA8EGM6eNCI,4,"hip-hop, which aligns well with El Roockie's style.",audio,audio-supported,audio-supported,,,,
full,1268,gA8EGM6eNCI,5,It has a catchy,unknown,unsupported,audio-supported,,,,
full,1268,gA8EGM6eNCI,6,upbeat sound that could be a fitting choice for your video.,audio,audio-supported,audio-supported,,,,
full,1333,sZNtPlWq5gI,1,Allow me to recommend 'Christmas in Hollis' by Run-DMC.,metadata,metadata-supported,metadata-supported,,uncheckable,,
full,1333,sZNtPlWq5gI,2,"It's a classic Christmas song that combines elements of hip-hop, electronic",audio,audio-supported,audio-supported,,,,
full,1333,sZNtPlWq5gI,3,The song has a catchy beat,audio,audio-supported,audio-supported,,,,
full,1333,sZNtPlWq5gI,4,a festive atmosphere that could be a fitting choice for your video.,general,general-supported,general-supported,,,,
full,1350,V224ftBNwws,1,Allow me to recommend 'You'll Never Run Out Of Love' by Anna Richey.,metadata,metadata-supported,metadata-supported,,uncheckable,,
full,1350,V224ftBNwws,2,It's a track from her album 'You'll Never Run Out Of Love'.,metadata,metadata-supported,metadata-supported,,uncheckable,,
full,1350,V224ftBNwws,3,"It combines elements of pop, electronic",audio,audio-supported,audio-supported,,,,
full,1350,V224ftBNwws,4,chillout with female vocals.,audio,audio-supported,audio-supported,,,,
full,1350,V224ftBNwws,5,It was released in 2012,metadata,metadata-supported,metadata-supported,,uncheckable,,
full,1350,V224ftBNwws,6,could be a fitting choice for your video.,general,general-supported,general-supported,,,,
full,1366,6KvqOumQ7LA,1,I recommend 'Dança do Quadrado' by Iran Costa.,metadata,metadata-supported,metadata-supported,,uncheckable,,
full,1366,6KvqOumQ7LA,2,It's a dance track with electronic,unknown,unsupported,audio-supported,,,,
full,1366,6KvqOumQ7LA,3,The song has a fast tempo,audio,audio-supported,audio-supported,,,,
full,1366,6KvqOumQ7LA,4,a catchy beat that can add energy to your video.,audio,audio-supported,audio-supported,,,,
full,1366,6KvqOumQ7LA,5,It's a great choice to incorporate Iran Costa's distinctive style into your video.,metadata,metadata-supported,metadata-supported,,uncheckable,,
full,1370,Piak7SITdyc,1,"In that case, I would recommend 'Song For Tom' by Marcelo Fruet & Os Cozinheiros.",metadata,metadata-supported,metadata-supported,,uncheckable,,
full,1370,Piak7SITdyc,2,"This track has a beautiful blend of indie, rock, pop",audio,audio-supported,audio-supported,,,,
full,1370,Piak7SITdyc,3,It's part of the album 'Song For Tom',metadata,metadata-supported,metadata-supported,,uncheckable,,
full,1370,Piak7SITdyc,4,it's a perfect fit for your video.,general,general-supported,general-supported,,,,
full,1387,74ryfba6Bls,1,Allow me to recommend 'スピード' by 神聖かまってちゃん.,metadata,metadata-supported,metadata-supported,,uncheckable,,
full,1387,74ryfba6Bls,2,It's a track from their album 'スピード'.,metadata,metadata-supported,metadata-supported,,uncheckable,,
full,1387,74ryfba6Bls,3,"It combines elements of rock, electronic",audio,audio-supported,audio-supported,,,,
full,1387,74ryfba6Bls,4,indie with a dance-like rhythm that could be a fitting choice for your video.,audio,audio-supported,audio-supported,,,,
full,1387,74ryfba6Bls,5,It was released in 2012,metadata,metadata-supported,metadata-supported,,uncheckable,,
full,1387,74ryfba6Bls,6,may contain the specific elements you want.,prompt,prompt-supported,prompt-supported,,,,
full,1388,aasg9gPQAy4,1,How about 'V bublinách' by KONECKONCŮ?,metadata,metadata-supported,metadata-supported,,uncheckable,,
full,1388,aasg9gPQAy4,2,It's an indie rock track with alternative influences.,audio,audio-supported,audio-supported,,,,
full,1388,aasg9gPQAy4,3,The song has a guitar-driven sound,audio,audio-supported,audio-supported,,,,
full,1388,aasg9gPQAy4,4,It was released in 2012,metadata,metadata-supported,metadata-supported,,uncheckable,,
full,1388,aasg9gPQAy4,5,could be a fitting choice for your video.,general,general-supported,general-supported,,,,
full,1392,aMiUOwiAHFQ,1,Allow me to recommend 'Don't you tell me' by Cookie the Herbalist.,metadata,metadata-supported,metadata-supported,,uncheckable,,
full,1392,aMiUOwiAHFQ,2,It's a track from his album 'The Good Weed'.,metadata,metadata-supported,metadata-supported,,uncheckable,,
full,1392,aMiUOwiAHFQ,3,"The song combines elements of hip-hop, electronic",audio,audio-supported,audio-supported,,,,
full,1392,aMiUOwiAHFQ,4,"dance, which aligns well with your preferences.",preference,preference-supported,preference-supported,dance,supported,"the user demonstrates a clear preference for music with a strong electronic influence and a driving, danceable rhythm. they appreciate soulful vocals and clever, layered electronic elements, often seeking music suitable for a night out. hip-hop influences are also appreciated, suggesting a broader taste within the electronic music spectrum. the user prefers music with a strong electronic influence. the user enjoys music with a driving, danceable rhythm. the user appreciates soulful vocals within their music preferences. the user favors music with a degree of rawness over highly polished productions. the user appreciates hip-hop influences in music. the user seeks music suitable for a night out, indicating a preference for energetic tracks.","while open to exploring new sounds, the user gravitates towards tracks with a degree of rawness and avoids overly polished or 'bright' vocal performances. they seem to enjoy music that encourages movement and possesses a distinct energy, indicating a dislike for overly cheerful or dated sounds. the user dislikes overly cheerful or 'bright' vocal performances."
full,1392,aMiUOwiAHFQ,5,It has a catchy beat,audio,audio-supported,audio-supported,,,,
full,1392,aMiUOwiAHFQ,6,a vibrant sound that could be a fitting choice for your video.,audio,audio-supported,audio-supported,,,,
full,1412,P5_qGtuWUT0,1,Allow me to recommend 'El Chumbeque' by El Chumbeque.,metadata,metadata-supported,metadata-supported,,uncheckable,,
full,1412,P5_qGtuWUT0,2,It's a track from their album 'El Chumbeque'.,metadata,metadata-supported,metadata-supported,,uncheckable,,
full,1412,P5_qGtuWUT0,3,"It combines elements of hip-hop, electronic",audio,audio-supported,audio-supported,,,,
full,1412,P5_qGtuWUT0,4,This song may be a fitting choice for your video.,general,general-supported,general-supported,,,,
full,1413,Yrvc2S0o4MI,1,How about 'Salgan de La Calle' by Real_Rpa?,metadata,metadata-supported,metadata-supported,,uncheckable,,
full,1413,Yrvc2S0o4MI,2,"It's a track that combines elements of hip-hop, electronic",audio,audio-supported,audio-supported,,,,
full,1413,Yrvc2S0o4MI,3,"Although I don't have much information about the specific album or artists, this song might have the experimental",metadata,metadata-supported,metadata-supported,,uncheckable,,
full,1413,Yrvc2S0o4MI,4,indie influences you're looking for.,prompt,prompt-supported,prompt-supported,,,,
full,1419,YwGUMYrj7As,1,Allow me to recommend 'Quién' by Pastora Soler.,metadata,metadata-supported,metadata-supported,,uncheckable,,
full,1419,YwGUMYrj7As,2,It's a track from her album 'Quién'.,metadata,metadata-supported,metadata-supported,,uncheckable,,
full,1419,YwGUMYrj7As,3,"The song combines elements of pop, soul",audio,audio-supported,audio-supported,,,,
full,1419,YwGUMYrj7As,4,"rock, with Pastora Soler's powerful",metadata,metadata-supported,metadata-supported,rock,supported,,
full,1419,YwGUMYrj7As,5,It was released in 2009,metadata,metadata-supported,metadata-supported,,uncheckable,,
full,1419,YwGUMYrj7As,6,may contain the specific elements you're looking for.,prompt,prompt-supported,prompt-supported,,,,
full,1450,6FFDbru0HS8,1,Allow me to recommend 'Scooby Doo' by Dweeb.,metadata,metadata-supported,metadata-supported,,uncheckable,,
full,1450,6FFDbru0HS8,2,It's a track from their album 'Scooby Doo'.,metadata,metadata-supported,metadata-supported,,uncheckable,,
full,1450,6FFDbru0HS8,3,"The song combines elements of rock, electronic",audio,audio-supported,audio-supported,,,,
full,1450,6FFDbru0HS8,4,"indie music, which aligns well with the style you're looking for.",prompt,prompt-supported,prompt-supported,,,,
full,1450,6FFDbru0HS8,5,It has a fast-paced,audio,audio-supported,audio-supported,,,,
full,1450,6FFDbru0HS8,6,energetic sound with a touch of alternative influences.,audio,audio-supported,audio-supported,,,,
full,1523,naEzZHwLYXQ,1,Allow me to recommend 'Somebody That I Used To Know' by DJ S.K.T.,metadata,metadata-supported,metadata-supported,,uncheckable,,
full,1523,naEzZHwLYXQ,2,electronic track with pop influences.,audio,audio-supported,audio-supported,,,,
full,1523,naEzZHwLYXQ,3,"Although I don't have much information about this specific track, DJ S.K.T is known for their dance",unknown,unsupported,audio-supported,,,,
full,1523,naEzZHwLYXQ,4,electronic music with female vocalists.,audio,audio-supported,audio-supported,,,,
full,1523,naEzZHwLYXQ,5,This track may align well with your preferences.,preference,preference-supported,preference-supported,,uncheckable,"the user demonstrates a clear preference for energetic electronic music, particularly tracks with a driving beat and prominent female vocals. they enjoy dance music with a strong, energetic feel, appreciating tracks that inspire movement and have a catchy quality. while open to exploring new sounds, the user gravitates towards a refined electronic sound, avoiding harsh sound design and overly intense or 'loud' tracks. they value a faster tempo and depth within the music, suggesting an appreciation for complexity and a desire for a smoother, more sophisticated listening experience. the user seems to enjoy a balance of energy and refinement. the user prefers energetic electronic music with a driving beat. the user enjoys dance music and tracks that inspire movement. the user appreciates prominent female vocals in music. the user prefers a refined electronic sound, avoiding harsh sound design. the user favors a faster tempo in their music selections. the user seeks depth and complexity within electronic music.",the user dislikes overly intense or 'loud' electronic tracks.
full,1530,QjaPQaX_tW0,1,How about 'Sunshine' by The Dirty Youth?,metadata,metadata-supported,metadata-supported,,uncheckable,,
full,1530,QjaPQaX_tW0,2,It's a track from their album 'Sunshine'.,metadata,metadata-supported,metadata-supported,,uncheckable,,
full,1530,QjaPQaX_tW0,3,"The song combines elements of rock, indie",audio,audio-supported,audio-supported,,,,
full,1530,QjaPQaX_tW0,4,"jazz, which could be a fitting choice for your video.",general,general-supported,general-supported,,,,
full,1530,QjaPQaX_tW0,5,It has a pop,unknown,unsupported,audio-supported,,,,
full,1530,QjaPQaX_tW0,6,electronic sound as well.,audio,audio-supported,audio-supported,,,,
full,1572,kCFviFyxnkw,1,I recommend 'Love is music' by Sore.,metadata,metadata-supported,metadata-supported,,uncheckable,,
full,1572,kCFviFyxnkw,2,It's a track from her album 'Love is music'.,metadata,metadata-supported,metadata-supported,,uncheckable,,
full,1572,kCFviFyxnkw,3,"This song combines elements of dance, pop",audio,audio-supported,audio-supported,,,,
full,1572,kCFviFyxnkw,4,electronic genres with female vocals.,audio,audio-supported,audio-supported,,,,
full,1572,kCFviFyxnkw,5,It has a catchy,unknown,unsupported,audio-supported,,,,
full,1572,kCFviFyxnkw,6,energetic vibe that could be a perfect fit for your video.,audio,audio-supported,audio-supported,,,,
full,1577,Min9wc8Kfe8,1,Allow me to recommend 'The Last to Say' by Bahh Tee.,metadata,metadata-supported,metadata-supported,,uncheckable,,
full,1577,Min9wc8Kfe8,2,It's a track from his album 'The Last to Say'.,metadata,metadata-supported,metadata-supported,,uncheckable,,
full,1577,Min9wc8Kfe8,3,"The song combines elements of indie, R&B",audio,audio-supported,audio-supported,,,,
full,1577,Min9wc8Kfe8,4,pop with male vocals.,audio,audio-supported,audio-supported,,,,
full,1577,Min9wc8Kfe8,5,It was released in 2014,metadata,metadata-supported,metadata-supported,,uncheckable,,
full,1577,Min9wc8Kfe8,6,has a unique style that could be a fitting choice for your video.,general,general-supported,general-supported,,,,
full,1594,3MVAF5vrSMU,1,Allow me to recommend 'CUT 'EM ALL' by Colt Ford featuring Willie Robertson.,metadata,metadata-supported,metadata-supported,,uncheckable,,
full,1594,3MVAF5vrSMU,2,It's a track from the album 'CUT 'EM ALL',metadata,metadata-supported,metadata-supported,,uncheckable,,
full,1594,3MVAF5vrSMU,3,combines hip-hop with electronic,unknown,unsupported,metadata-supported,,,,
full,1594,3MVAF5vrSMU,4,The song has a catchy beat,audio,audio-supported,audio-supported,,,,
full,1594,3MVAF5vrSMU,5,a mix of electronic,unknown,unsupported,audio-supported,,,,
full,1594,3MVAF5vrSMU,6,rock elements that could be a fitting choice for your video.,general,general-supported,general-supported,,,,
full,1612,QNBMWc72U3U,1,If you're looking for a pop,prompt,prompt-supported,prompt-supported,,,,
full,1612,QNBMWc72U3U,2,"dance vibe, I would recommend 'Analisis de los Hechos' by Ilv.",metadata,metadata-supported,metadata-supported,dance,not_found,,
full,1612,QNBMWc72U3U,3,"This track combines elements of Hip-Hop, pop, electronic",audio,audio-supported,audio-supported,,,,
full,1612,QNBMWc72U3U,4,It has a catchy beat,audio,audio-supported,audio-supported,,,,
full,1612,QNBMWc72U3U,5,a lively energy that will add a fun,unknown,unsupported,audio-supported,,,,
full,1612,QNBMWc72U3U,6,upbeat atmosphere to your video.,audio,audio-supported,audio-supported,,,,
full,1655,cx9qhhWk3Ys,1,Allow me to recommend 'Late Night Watching' by S.,metadata,metadata-supported,metadata-supported,,uncheckable,,
full,1655,cx9qhhWk3Ys,2,It's a track from their album 'Late Night Watching'.,metadata,metadata-supported,metadata-supported,,uncheckable,,
full,1655,cx9qhhWk3Ys,3,"This song combines elements of hip-hop, electronic",metadata,metadata-supported,metadata-supported,electronic;hip-hop,supported,,
full,1655,cx9qhhWk3Ys,4,"R&B, which could be a fitting choice for your video.",general,general-supported,general-supported,,,,
full,1655,cx9qhhWk3Ys,5,It has a catchy beat,metadata,metadata-supported,metadata-supported,beat,not_found,,
full,1655,cx9qhhWk3Ys,6,a mix of electronic,unknown,unsupported,metadata-supported,,,,
full,1711,2CbVHt-lU78,1,Allow me to recommend 'Maianggaz' by Maianggaz.,metadata,metadata-supported,metadata-supported,,uncheckable,,
full,1711,2CbVHt-lU78,2,It's a track from their album 'Maianggaz'.,metadata,metadata-supported,metadata-supported,,uncheckable,,
full,1711,2CbVHt-lU78,3,"The song combines elements of hip-hop, R&B",audio,audio-supported,audio-supported,,,,
full,1711,2CbVHt-lU78,4,soul with electronic beats.,audio,audio-supported,audio-supported,,,,
full,1711,2CbVHt-lU78,5,It has a vocal-focused sound,audio,audio-supported,audio-supported,,,,
full,1711,2CbVHt-lU78,6,pop influences that could be a fitting choice for your video.,audio,audio-supported,audio-supported,,,,
full,1749,__oSdfgDF_c,1,How about 'Mien Peukn' by Aart Lus & Ed Lip?,metadata,metadata-supported,metadata-supported,,uncheckable,,
full,1749,__oSdfgDF_c,2,It's a track from their album 'Mien Peukn'.,metadata,metadata-supported,metadata-supported,,uncheckable,,
full,1749,__oSdfgDF_c,3,"This song combines electronic, dance",unknown,unsupported,prompt-supported,,,,
full,1749,__oSdfgDF_c,4,"pop elements, which aligns well with the energetic",audio,audio-supported,audio-supported,,,,
full,1749,__oSdfgDF_c,5,fast-paced vibe you're looking for.,prompt,prompt-supported,prompt-supported,,,,
full,1749,__oSdfgDF_c,6,It was released in 2014,metadata,metadata-supported,metadata-supported,,uncheckable,,
full,1756,caSwmDP5d-0,1,Allow me to recommend 'Cold as Ice' by GHOSTRYDER featuring Dro Pesci.,metadata,metadata-supported,metadata-supported,,uncheckable,,
full,1756,caSwmDP5d-0,2,It's a track from their album 'Cold as Ice'.,metadata,metadata-supported,metadata-supported,,uncheckable,,
full,1756,caSwmDP5d-0,3,"This song combines elements of hip-hop, electronic, rock",audio,audio-supported,audio-supported,,,,
full,1756,caSwmDP5d-0,4,dance genres with a 90s vibe.,audio,audio-supported,audio-supported,,,,
full,1756,caSwmDP5d-0,5,It was released in 2013,metadata,metadata-supported,metadata-supported,,uncheckable,,
full,1756,caSwmDP5d-0,6,energetic sound that could be a fitting choice for your video.,audio,audio-supported,audio-supported,,,,
full,1763,52lU6aZSffY,1,"In that case, I would recommend 'Bring Me To Life' by Evanescence.",metadata,metadata-supported,metadata-supported,,uncheckable,,
full,1763,52lU6aZSffY,2,This track is a perfect fit for your requirements as it has a melodic,audio,audio-supported,audio-supported,,,,
full,1763,52lU6aZSffY,3,pop-rock sound with powerful female vocals.,audio,audio-supported,audio-supported,,,,
full,1763,52lU6aZSffY,4,It's part of the album 'Bring Me To Life',metadata,metadata-supported,metadata-supported,,uncheckable,,
full,1763,52lU6aZSffY,5,is a great choice for your video.,general,general-supported,general-supported,,,,
full,1856,Gsg6phjViZ0,1,"In that case, I would recommend 'WELL RESPECTED' by LA THE DARKMAN feat;.",metadata,metadata-supported,metadata-supported,,uncheckable,,
full,1856,Gsg6phjViZ0,2,This track is part of the album 'WELL RESPECTED',metadata,metadata-supported,metadata-supported,,uncheckable,,
full,1856,Gsg6phjViZ0,3,uplifting vibe with a touch of soul.,unknown,unsupported,metadata-supported,,,,
full,1856,Gsg6phjViZ0,4,It's perfect for creating a motivational,unknown,unsupported,general-supported,,,,
full,1856,Gsg6phjViZ0,5,inspiring atmosphere in your video.,general,general-supported,general-supported,,,,
full,1866,HjQlrOyOnjo,1,"In that case, I would recommend 'American Girl' by Mylin.",metadata,metadata-supported,metadata-supported,,uncheckable,,
full,1866,HjQlrOyOnjo,2,This track has a female vocalist,audio,audio-supported,audio-supported,,,,
full,1866,HjQlrOyOnjo,3,"falls under the genres of rock, pop",audio,audio-supported,audio-supported,,,,
full,1866,HjQlrOyOnjo,4,It has a catchy,unknown,unsupported,audio-supported,,,,
full,1866,HjQlrOyOnjo,5,upbeat sound that would be perfect for your video.,audio,audio-supported,audio-supported,,,,
full,1873,hPZh4qrJxxg,1,I recommend 'M'BALI' by DJ STAVO.,metadata,metadata-supported,metadata-supported,,uncheckable,,
full,1873,hPZh4qrJxxg,2,It's a track from his album 'M'BALI'.,metadata,metadata-supported,metadata-supported,,uncheckable,,
full,1873,hPZh4qrJxxg,3,"The song combines elements of electronic, pop",audio,audio-supported,audio-supported,,,,
full,1873,hPZh4qrJxxg,4,"indie music, which aligns well with DJ STAVO's distinctive style.",audio,audio-supported,audio-supported,,,,
full,1873,hPZh4qrJxxg,5,It has a catchy,unknown,unsupported,audio-supported,,,,
full,1873,hPZh4qrJxxg,6,upbeat sound that could be a fitting choice for your video.,audio,audio-supported,audio-supported,,,,
full,1962,kEfo8WvxuJE,1,Allow me to recommend 'The Witching Hour' by Glass Skin.,metadata,metadata-supported,metadata-supported,,uncheckable,,
full,1962,kEfo8WvxuJE,2,It's a track from their album 'The Witching Hour'.,metadata,metadata-supported,metadata-supported,,uncheckable,,
full,1962,kEfo8WvxuJE,3,"The song combines elements of rock, metal",audio,audio-supported,audio-supported,,,,
full,1962,kEfo8WvxuJE,4,"electronic music, which could be a fitting choice for your video.",general,general-supported,general-supported,,,,
full,1962,kEfo8WvxuJE,5,It has a fast-paced,audio,audio-supported,audio-supported,,,,
full,1962,kEfo8WvxuJE,6,loud sound with experimental elements.,audio,audio-supported,audio-supported,,,,
full,1963,J0hngTpO5kA,1,Allow me to recommend 'What Are Words' by Sun Yanzi.,metadata,metadata-supported,metadata-supported,,uncheckable,,
full,1963,J0hngTpO5kA,2,It's a track from her album 'What Are Words'.,metadata,metadata-supported,metadata-supported,,uncheckable,,
full,1963,J0hngTpO5kA,3,"The song combines elements of jazz, pop",audio,audio-supported,audio-supported,,,,
full,1963,J0hngTpO5kA,4,"folk, which aligns well with Sun Yanzi's distinctive style.",audio,audio-supported,audio-supported,,,,
full,1963,J0hngTpO5kA,5,It was released in 2012,metadata,metadata-supported,metadata-supported,,uncheckable,,
full,1963,J0hngTpO5kA,6,features her beautiful vocals.,audio,audio-supported,audio-supported,,,,
full,1973,wvsguQGaRdw,1,"In that case, I would recommend 'Я - нищий' by Владимир Рекшан и группа 'САНКТ-ПЕТЕРБУРГ'.",metadata,metadata-supported,metadata-supported,,uncheckable,,
full,1973,wvsguQGaRdw,2,This track has a rock vibe with elements of pop,unknown,unsupported,unsupported,,,,
full,1973,wvsguQGaRdw,3,indie from the late 20th century.,unknown,unsupported,unsupported,,,,
full,1973,wvsguQGaRdw,4,It also includes guitar,audio,audio-supported,audio-supported,,,,
full,1973,wvsguQGaRdw,5,"drums, which will add a dynamic",audio,audio-supported,audio-supported,,,,
full,1973,wvsguQGaRdw,6,energetic feel to your video.,audio,audio-supported,audio-supported,,,,
full,1980,FllRntbfSZU,1,"In that case, I would recommend 'The Way I Am' by Katie Kadan.",metadata,metadata-supported,metadata-supported,,uncheckable,,
full,1980,FllRntbfSZU,2,This track has a folk/country vibe with a female vocalist.,audio,audio-supported,audio-supported,,,,
full,1980,FllRntbfSZU,3,It's part of the album 'The Way I Am',metadata,metadata-supported,metadata-supported,,uncheckable,,
full,1980,FllRntbfSZU,4,"offers a unique blend of folk, country",audio,audio-supported,audio-supported,,,,
full,1980,FllRntbfSZU,5,It would be a great fit for your video.,general,general-supported,general-supported,,,,
full,1993,lVOhveK_60A,1,Allow me to recommend 'MORBIN' by RFC - Riki Malva & Theo La Vecia feat.,metadata,metadata-supported,metadata-supported,,uncheckable,,
full,1993,lVOhveK_60A,2,"It's a track that combines elements of rock, electronic",audio,audio-supported,audio-supported,,,,
full,1993,lVOhveK_60A,3,"Although I don't have much information about this specific track, it aligns well with your preferences for rock, electronic",preference,preference-supported,preference-supported,electronic;rock,supported,"the user demonstrates a clear preference for rock music characterized by energetic beats, powerful vocals, and driving rhythms. while appreciating a raw and gritty sound, they express discomfort with overly produced tracks and a strong electronic influence. they seem to value prominent guitar riffs and a sense of intensity, drawing comparisons to artists like mickie james. the user's taste leans towards a more organic and less polished sound, suggesting a potential aversion to heavily electronic or hip-hop infused music. they are open to exploring music with a strong build-up and impactful choruses, but prioritize a balance between energy and atmosphere. the user prefers rock music with energetic and driving rhythms. the user appreciates powerful and clear vocals. the user favors music with prominent guitar riffs and a gritty sound. the user enjoys music with a strong build-up and impactful choruses. the user appreciates a raw and less polished sound.",the user dislikes music that is overly produced or heavily electronic. the user finds hip-hop and electronic blends overwhelming.
full,1993,lVOhveK_60A,4,It may also have vocal elements that you're looking for.,prompt,prompt-supported,prompt-supported,,,,
full,1997,DeXRccfzk78,1,Allow me to recommend 'Just a Dream' by Nelly.,metadata,metadata-supported,metadata-supported,,uncheckable,,
full,1997,DeXRccfzk78,2,It's a track from her album 'Just a Dream'.,metadata,metadata-supported,metadata-supported,,uncheckable,,
full,1997,DeXRccfzk78,3,"It combines elements of pop, rock",audio,audio-supported,audio-supported,,,,
full,1997,DeXRccfzk78,4,The song features Nelly's distinctive female vocals,metadata,metadata-supported,metadata-supported,female vocals;male vocals;vocal;vocals,supported,,
full,1997,DeXRccfzk78,5,was released in 2012.,metadata,metadata-supported,metadata-supported,,uncheckable,,
full,1997,DeXRccfzk78,6,It could be a fitting choice for your video.,general,general-supported,general-supported,,,,
full,2000,fg3WQgiIh9I,1,Allow me to recommend 'What's Up Joe' by VISUAL featuring Ale Nova.,metadata,metadata-supported,metadata-supported,,uncheckable,,
full,2000,fg3WQgiIh9I,2,It's a track from their album 'What's Up Joe'.,metadata,metadata-supported,metadata-supported,,uncheckable,,
full,2000,fg3WQgiIh9I,3,"The song combines elements of hip-hop, rock",audio,audio-supported,audio-supported,,,,
full,2000,fg3WQgiIh9I,4,"electronic genres, with a touch of pop",audio,audio-supported,audio-supported,,,,
full,2000,fg3WQgiIh9I,5,It has a unique style that captures the essence of these genres.,unknown,unsupported,unsupported,,,,
full,2004,sEOplAGKqck,1,Allow me to recommend 'Rumba Hoy' by Gustavo Elis.,metadata,metadata-supported,metadata-supported,,uncheckable,,
full,2004,sEOplAGKqck,2,pop track with electronic,unknown,unsupported,audio-supported,,,,
full,2004,sEOplAGKqck,3,The song features female vocals,audio,audio-supported,audio-supported,,,,
full,2004,sEOplAGKqck,4,was released in 2013.,metadata,metadata-supported,metadata-supported,,uncheckable,,
full,2004,sEOplAGKqck,5,It has a catchy,unknown,unsupported,audio-supported,,,,
full,2004,sEOplAGKqck,6,energetic vibe that could be a fitting choice for your video.,audio,audio-supported,audio-supported,,,,
full,2021,1W7IC4JT6tA,1,If you're looking for a track with an experimental,prompt,prompt-supported,prompt-supported,,,,
full,2021,1W7IC4JT6tA,2,"indie vibe, I would recommend 'S.O.S.",general,general-supported,general-supported,,,,
full,2021,1W7IC4JT6tA,3,(Savage On Sight)' by The Underachievers.,metadata,metadata-supported,metadata-supported,,uncheckable,,
full,2021,1W7IC4JT6tA,4,This track is part of their album 'Indigoism',metadata,metadata-supported,metadata-supported,,uncheckable,,
full,2021,1W7IC4JT6tA,5,"offers a unique blend of Hip-Hop, electronic",audio,audio-supported,audio-supported,,,,
full,2021,1W7IC4JT6tA,6,It has a fast-paced beat,audio,audio-supported,audio-supported,,,,
full,2021,1W7IC4JT6tA,7,a catchy melody that will add an edgy,audio,audio-supported,audio-supported,,,,
full,2021,1W7IC4JT6tA,8,unconventional feel to your video.,unknown,unsupported,video-supported,,,,
full,2028,0Y_VUwEhyAE,1,Allow me to recommend 'Não Vou Te Perder' by NX Zero.,metadata,metadata-supported,metadata-supported,,uncheckable,,
full,2028,0Y_VUwEhyAE,2,It's a track from their album 'NX Zero'.,metadata,metadata-supported,metadata-supported,,uncheckable,,
full,2028,0Y_VUwEhyAE,3,"It combines elements of rock, pop",audio,audio-supported,audio-supported,,,,
full,2028,0Y_VUwEhyAE,4,alternative with male vocals,audio,audio-supported,audio-supported,,,,
full,2028,0Y_VUwEhyAE,5,guitar-driven sound that could be a fitting choice for your video.,audio,audio-supported,audio-supported,,,,
full,2032,kKSFNLZV6HQ,1,Allow me to recommend 'Todo de Ti' by J Alvarez.,metadata,metadata-supported,metadata-supported,,uncheckable,,
full,2032,kKSFNLZV6HQ,2,hip-hop track with electronic,unknown,unsupported,unsupported,,,,
full,2032,kKSFNLZV6HQ,3,The song has a catchy,unknown,unsupported,audio-supported,,,,
full,2032,kKSFNLZV6HQ,4,energetic vibe that could be a fitting choice for your video.,audio,audio-supported,audio-supported,,,,
full,2046,mkdRJriWzQw,1,Allow me to recommend 'Same Ni Remix' by DJ Zeez.,metadata,metadata-supported,metadata-supported,,uncheckable,,
full,2046,mkdRJriWzQw,2,It's a track from his album 'Same Ni Remix'.,metadata,metadata-supported,metadata-supported,,uncheckable,,
full,2046,mkdRJriWzQw,3,"The song combines elements of hip-hop, electronic, pop",audio,audio-supported,audio-supported,,,,
full,2046,mkdRJriWzQw,4,It has a fast-paced beat,audio,audio-supported,audio-supported,,,,
full,2046,mkdRJriWzQw,5,synth sounds that could be a fitting choice for your video.,audio,audio-supported,audio-supported,,,,
full,2052,VOZcreL9I6U,1,I suggest checking out 'Tonight Is On Me' by The Grace.,metadata,metadata-supported,metadata-supported,,uncheckable,,
full,2052,VOZcreL9I6U,2,soul track with female vocalists.,audio,audio-supported,audio-supported,,,,
full,2052,VOZcreL9I6U,3,"Although I don't have specific information about the R&B influence, it's a great choice for your video.",audio,audio-supported,audio-supported,,,,
full,2054,2iduMTw1Dd0,1,"In that case, I would recommend 'Chelsea' by The Summer Set.",metadata,metadata-supported,metadata-supported,,uncheckable,,
full,2054,2iduMTw1Dd0,2,This track is part of their album 'Stories For Monday',metadata,metadata-supported,metadata-supported,,uncheckable,,
full,2054,2iduMTw1Dd0,3,it perfectly encapsulates the upbeat,audio,audio-supported,audio-supported,,,,
full,2054,2iduMTw1Dd0,4,energetic vibe you're looking for.,prompt,prompt-supported,prompt-supported,,,,
full,2054,2iduMTw1Dd0,5,"It combines elements of electronic, rock",audio,audio-supported,audio-supported,,,,
full,2054,2iduMTw1Dd0,6,"pop, creating a dynamic",unknown,unsupported,audio-supported,,,,
full,2088,ZRntURxcjYg,1,Allow me to recommend 'The Way I Am' by Ana Johnsson.,metadata,metadata-supported,metadata-supported,,uncheckable,,
full,2088,ZRntURxcjYg,2,It's a track from her album 'The Way I Am'.,metadata,metadata-supported,metadata-supported,,uncheckable,,
full,2088,ZRntURxcjYg,3,"The song combines elements of rock, indie",audio,audio-supported,audio-supported,,,,
full,2088,ZRntURxcjYg,4,alternative with a touch of punk.,unknown,unsupported,audio-supported,,,,
full,2088,ZRntURxcjYg,5,It has a guitar-driven sound,audio,audio-supported,audio-supported,,,,
full,2088,ZRntURxcjYg,6,"features female vocals, which aligns well with the rock",audio,audio-supported,audio-supported,,,,
full,2088,ZRntURxcjYg,7,indie influences you're looking for.,prompt,prompt-supported,prompt-supported,,,,
full,2095,-mag643Iv8g,1,Allow me to recommend 'Cotto & Frullato - 2012'.,general,general-supported,general-supported,,,,
full,2095,-mag643Iv8g,2,It's a track from their album '2012'.,metadata,metadata-supported,metadata-supported,,uncheckable,,
full,2095,-mag643Iv8g,3,"It combines elements of electronic, ambient",audio,audio-supported,audio-supported,,,,
full,2095,-mag643Iv8g,4,experimental music with instrumental beats that could be a fitting choice for your video.,audio,audio-supported,audio-supported,,,,
full,2095,-mag643Iv8g,5,It was released in 2012,metadata,metadata-supported,metadata-supported,,uncheckable,,
full,2095,-mag643Iv8g,6,may contain the specific elements you want.,prompt,prompt-supported,prompt-supported,,,,
full,2146,XTybJfvSHd0,1,"In that case, I would recommend 'Quite Polite' by E.",metadata,metadata-supported,metadata-supported,,uncheckable,,
full,2146,XTybJfvSHd0,2,"This track has a 90s vibe with elements of rock, Hip-Hop",metadata,metadata-supported,metadata-supported,hip-hop;rock,supported,,
full,2146,XTybJfvSHd0,3,It's part of the album 'Quite Polite',metadata,metadata-supported,metadata-supported,,uncheckable,,
full,2146,XTybJfvSHd0,4,offers a unique blend of genres that will add depth,metadata,metadata-supported,metadata-supported,,uncheckable,,
full,2146,XTybJfvSHd0,5,character to your video.,metadata,metadata-supported,metadata-supported,,uncheckable,,
full,2148,TGMiWa3EdeE,1,Allow me to recommend 'Pipedog' by Pipedog.,metadata,metadata-supported,metadata-supported,,uncheckable,,
full,2148,TGMiWa3EdeE,2,It's a track from their album 'Pipedog'.,metadata,metadata-supported,metadata-supported,,uncheckable,,
full,2148,TGMiWa3EdeE,3,"It combines elements of hip-hop, electronic",audio,audio-supported,audio-supported,,,,
full,2148,TGMiWa3EdeE,4,pop with a dance vibe.,unknown,unsupported,audio-supported,,,,
full,2148,TGMiWa3EdeE,5,The song was released in 2012,metadata,metadata-supported,metadata-supported,,uncheckable,,
full,2148,TGMiWa3EdeE,6,may contain the specific elements you're looking for.,prompt,prompt-supported,prompt-supported,,,,
full,2150,zcQaYBrSuBM,1,Allow me to recommend 'The Ripper' by Black The Ripper.,metadata,metadata-supported,metadata-supported,,uncheckable,,
full,2150,zcQaYBrSuBM,2,It's a track from their album 'The Ripper'.,metadata,metadata-supported,metadata-supported,,uncheckable,,
full,2150,zcQaYBrSuBM,3,"It combines elements of Hip-Hop, electronic, rock",audio,audio-supported,audio-supported,,,,
full,2150,zcQaYBrSuBM,4,"soul, which aligns well with the electronic, rock",unknown,unsupported,prompt-supported,,,,
full,2150,zcQaYBrSuBM,5,soul elements you're looking for.,prompt,prompt-supported,prompt-supported,,,,
full,2150,zcQaYBrSuBM,6,The song was released in 2013,metadata,metadata-supported,metadata-supported,,uncheckable,,
full,2164,jectGqVb3LA,1,Allow me to recommend 'Free Boy Europea' by Free Boy Europea.,metadata,metadata-supported,metadata-supported,,uncheckable,,
full,2164,jectGqVb3LA,2,It's a track from their album 'Free Boy Europea'.,metadata,metadata-supported,metadata-supported,,uncheckable,,
full,2164,jectGqVb3LA,3,"It combines elements of hip-hop, electronic",audio,audio-supported,audio-supported,,,,
full,2164,jectGqVb3LA,4,jazz with a dance vibe.,unknown,unsupported,audio-supported,,,,
full,2164,jectGqVb3LA,5,The song features male vocals,audio,audio-supported,audio-supported,,,,
full,2164,jectGqVb3LA,6,was released in 2014.,metadata,metadata-supported,metadata-supported,,uncheckable,,
full,2164,jectGqVb3LA,7,It may contain the specific elements you are looking for.,prompt,prompt-supported,prompt-supported,,,,
full,2193,yorLPuUMPYU,1,If you're looking for a spooky,prompt,prompt-supported,prompt-supported,,,,
full,2193,yorLPuUMPYU,2,"macabre feel, I would recommend 'The Witch' by The Witch.",metadata,metadata-supported,metadata-supported,,uncheckable,,
full,2193,yorLPuUMPYU,3,This track is part of the album 'The Witch',metadata,metadata-supported,metadata-supported,,uncheckable,,
full,2193,yorLPuUMPYU,4,"offers a unique blend of genres like Hip-Hop, electronic, rock",audio,audio-supported,audio-supported,,,,
full,2193,yorLPuUMPYU,5,It has a dark,unknown,unsupported,unsupported,,,,
full,2193,yorLPuUMPYU,6,eerie vibe that would be perfect for your Halloween video.,unknown,unsupported,unsupported,,,,
full,2210,n-MiM-VMm5A,1,Allow me to recommend 'Hou jij ook van mij' by Tygo Nendels.,metadata,metadata-supported,metadata-supported,,uncheckable,,
full,2210,n-MiM-VMm5A,2,It's a track from his album 'Hou jij ook van mij'.,metadata,metadata-supported,metadata-supported,,uncheckable,,
full,2210,n-MiM-VMm5A,3,"The song combines elements of pop, rock",audio,audio-supported,audio-supported,,,,
full,2210,n-MiM-VMm5A,4,80s music with a touch of dance.,unknown,unsupported,audio-supported,,,,
full,2210,n-MiM-VMm5A,5,"It features Tygo Nendels' distinctive female vocals, which could be a fitting choice for your video.",metadata,metadata-supported,metadata-supported,female vocals;male vocals;vocal;vocals,supported,,
full,2219,BRgJAbNwNcU,1,I suggest checking out 'No Voy a Llorar (Acapella)' by Rodriguez.,metadata,metadata-supported,metadata-supported,,uncheckable,,
full,2219,BRgJAbNwNcU,2,hip-hop track with electronic,unknown,unsupported,audio-supported,,,,
full,2219,BRgJAbNwNcU,3,"Although I don't have much information about the specific album or artists, this track aligns well with the genres",metadata,metadata-supported,metadata-supported,,uncheckable,,
full,2219,BRgJAbNwNcU,4,elements you're looking for.,prompt,prompt-supported,prompt-supported,,,,
full,2223,gZ4g2c5vZec,1,Allow me to recommend 'Hősök' by Eckü,metadata,metadata-supported,metadata-supported,,uncheckable,,
full,2223,gZ4g2c5vZec,2,It's a track from their album 'Az Offline bemutatja: Eckü + Mentha (Hősök)'.,metadata,metadata-supported,metadata-supported,,uncheckable,,
full,2223,gZ4g2c5vZec,3,"The song combines elements of hip-hop, electronic",audio,audio-supported,audio-supported,,,,
full,2223,gZ4g2c5vZec,4,dance genres with indie influences.,audio,audio-supported,audio-supported,,,,
full,2223,gZ4g2c5vZec,5,It was released in 2013,metadata,metadata-supported,metadata-supported,,uncheckable,,
full,2223,gZ4g2c5vZec,6,catchy sound that could be a fitting choice for your video.,audio,audio-supported,audio-supported,,,,
full,2263,7PeulsZU-8Q,1,Allow me to recommend 'Miłosny Poker' by Van Davi.,metadata,metadata-supported,metadata-supported,,uncheckable,,
full,2263,7PeulsZU-8Q,2,It's a track from their album 'Miłosny Poker'.,metadata,metadata-supported,metadata-supported,,uncheckable,,
full,2263,7PeulsZU-8Q,3,"It combines elements of electronic, dance",audio,audio-supported,audio-supported,,,,
full,2263,7PeulsZU-8Q,4,electro with a focus on synth sounds.,audio,audio-supported,audio-supported,,,,
full,2263,7PeulsZU-8Q,5,The song has a fast-paced techno beat,audio,audio-supported,audio-supported,,,,
full,2263,7PeulsZU-8Q,6,a catchy melody that could be a fitting choice for your video.,audio,audio-supported,audio-supported,,,,
full,2273,x6ebHzsnyUw,1,Allow me to recommend 'Sur mon bout' by Black X.,metadata,metadata-supported,metadata-supported,,uncheckable,,
full,2273,x6ebHzsnyUw,2,rock track with electronic,unknown,unsupported,unsupported,,,,
full,2273,x6ebHzsnyUw,3,"Although I don't have much information about the specific album or artists, the song itself aligns well with the pop",metadata,metadata-supported,metadata-supported,pop,supported,,
full,2273,x6ebHzsnyUw,4,rock styles you're looking for.,prompt,prompt-supported,prompt-supported,,,,
full,2295,fyPL8Eos0ME,1,Allow me to recommend 'Dance With Me' by D.J.,metadata,metadata-supported,metadata-supported,dance,supported,,
full,2295,fyPL8Eos0ME,2,electronic track with female vocalists.,audio,audio-supported,audio-supported,,,,
full,2295,fyPL8Eos0ME,3,The song has a catchy beat,audio,audio-supported,audio-supported,,,,
full,2295,fyPL8Eos0ME,4,"falls under the genres of dance, pop",audio,audio-supported,audio-supported,,,,
full,2295,fyPL8Eos0ME,5,It could be a fitting choice for your video.,general,general-supported,general-supported,,,,
full,2303,a6tPZRzEzqk,1,"In that case, I would recommend 'The Dirty Dozen Brass Band - Goin' Up to the House'.",metadata,metadata-supported,metadata-supported,house,not_found,,
full,2303,a6tPZRzEzqk,2,"This track is a perfect blend of rock, blues, indie",audio,audio-supported,audio-supported,,,,
full,2303,a6tPZRzEzqk,3,"It features a mix of different instruments like guitar, drums",audio,audio-supported,audio-supported,,,,
full,2303,a6tPZRzEzqk,4,"vocals, which will give your video a unique",audio,audio-supported,audio-supported,,,,
full,2305,ZT_3cEYAvro,1,Allow me to recommend 'The Witches' by The Witches.,metadata,metadata-supported,metadata-supported,,uncheckable,,
full,2305,ZT_3cEYAvro,2,acoustic track with female vocals.,audio,audio-supported,audio-supported,,,,
full,2305,ZT_3cEYAvro,3,The song has a unique blend of rock,audio,audio-supported,audio-supported,,,,
full,2305,ZT_3cEYAvro,4,"indie elements, which could add a distinctive touch to your video.",unknown,unsupported,audio-supported,,,,
full,2305,ZT_3cEYAvro,5,It was released in 2012,metadata,metadata-supported,metadata-supported,,uncheckable,,
full,2305,ZT_3cEYAvro,6,has a violin-focused sound that aligns with your preferences.,preference,preference-supported,preference-supported,,uncheckable,"the user demonstrates a clear preference for music that evokes a heartfelt and emotive response, often seeking background music suitable for relaxation or focused work. they gravitate towards acoustic instrumentation, particularly guitar, and appreciate layered harmonies that contribute to a storytelling feel. while open to rock influences, the user prefers a more mellow and resonant sound, avoiding anything overly heavy or intense. electronic music and high-energy tracks are generally not appealing, and they favor a more subdued and relaxed atmosphere in their musical selections. a melancholic yet uplifting tone is particularly valued. the user prefers music with a heartfelt and emotive quality. the user enjoys acoustic instrumentation, especially guitar. the user appreciates layered harmonies and a storytelling feel in music. the user prefers a mellow and resonant rock sound, avoiding heavy or intense music. the user favors a relaxed and subdued atmosphere in their music. the user appreciates a melancholic yet uplifting tone in music.",the user dislikes electronic music and high-energy tracks.
full,2312,CnmDXJmI6Kg,1,Allow me to recommend 'Money' by E-Money.,metadata,metadata-supported,metadata-supported,,uncheckable,,
full,2312,CnmDXJmI6Kg,2,It's a track from their album 'Money'.,metadata,metadata-supported,metadata-supported,,uncheckable,,
full,2312,CnmDXJmI6Kg,3,"It combines elements of hip-hop, R&B",audio,audio-supported,audio-supported,,,,
full,2312,CnmDXJmI6Kg,4,dance with electronic beats,audio,audio-supported,audio-supported,,,,
full,2312,CnmDXJmI6Kg,5,synth sounds that could be a fitting choice for your video.,audio,audio-supported,audio-supported,,,,
full,2312,CnmDXJmI6Kg,6,It was released in 2014 which may contain the specific elements you want.,prompt,prompt-supported,prompt-supported,,,,
full,2321,f75wFxmN-so,1,Allow me to recommend 'I'm Getting There' by Jilly Martin.,metadata,metadata-supported,metadata-supported,,uncheckable,,
full,2321,f75wFxmN-so,2,pop track with elements of rock,unknown,unsupported,unsupported,,,,
full,2321,f75wFxmN-so,3,The song features a female vocalist,audio,audio-supported,audio-supported,,,,
full,2321,f75wFxmN-so,4,was released in 2013.,metadata,metadata-supported,metadata-supported,,uncheckable,,
full,2321,f75wFxmN-so,5,It could be a fitting choice for your video.,general,general-supported,general-supported,,,,
full,2328,F8GzCxDA9-I,1,Allow me to recommend '82 Bronco's' track 'The 82 Bronco'.,general,general-supported,general-supported,,,,
full,2328,F8GzCxDA9-I,2,electronic song with ambient,unknown,unsupported,unsupported,,,,
full,2328,F8GzCxDA9-I,3,"Although I don't have much information about the specific album or artists, the track itself aligns well with the electronic",metadata,metadata-supported,metadata-supported,electronic,supported,,
full,2328,F8GzCxDA9-I,4,chillout style you're looking for.,prompt,prompt-supported,prompt-supported,,,,
full,2341,vIwgiMnTx70,1,I suggest checking out 'Wine Pon Me Gal' by Tuggy Tuggy.,metadata,metadata-supported,metadata-supported,,uncheckable,,
full,2341,vIwgiMnTx70,2,"This track combines hip-hop, electronic, pop, soul",unknown,unsupported,audio-supported,,,,
full,2341,vIwgiMnTx70,3,It has a catchy beat,audio,audio-supported,audio-supported,,,,
full,2341,vIwgiMnTx70,4,a vibrant energy that will add a unique touch to your video.,unknown,unsupported,audio-supported,,,,
full,2352,W_CQL5rgXHk,1,If you're looking for a track with an electronic,prompt,prompt-supported,prompt-supported,,,,
full,2352,W_CQL5rgXHk,2,"pop vibe, I would recommend 'Echale Agua' by Vakero.",metadata,metadata-supported,metadata-supported,pop,supported,,
full,2352,W_CQL5rgXHk,3,This track is part of the album 'Echale Agua',metadata,metadata-supported,metadata-supported,,uncheckable,,
full,2352,W_CQL5rgXHk,4,"offers a blend of electronic, pop",audio,audio-supported,audio-supported,,,,
full,2352,W_CQL5rgXHk,5,It has a catchy beat,audio,audio-supported,audio-supported,,,,
full,2352,W_CQL5rgXHk,6,is perfect for creating a lively,unknown,unsupported,audio-supported,,,,
full,2352,W_CQL5rgXHk,7,energetic atmosphere in your video.,audio,audio-supported,audio-supported,,,,
full,2365,2UOm1jCZuuk,1,How about 'Моя любовь' by Kryhitka Tsahes?,metadata,metadata-supported,metadata-supported,,uncheckable,,
full,2365,2UOm1jCZuuk,2,It's a track with female vocals,audio,audio-supported,audio-supported,,,,
full,2365,2UOm1jCZuuk,3,"falls under the genres of rock, pop",audio,audio-supported,audio-supported,,,,
full,2365,2UOm1jCZuuk,4,"Although I don't have much information about this specific track, it aligns with your preference for electronic",preference,preference-supported,preference-supported,electronic,not_found,"the user demonstrates a clear preference for rock music, but with a specific emphasis on laid-back and melodic styles. a subtle country influence is also appealing, adding a touch of rustic charm. the user values substance and a good guitar riff, preferring a tone with some grit rather than heavy distortion. while they enjoy music with a solid beat, they seem to gravitate towards a more nuanced and less polished sound, indicating a desire for depth and musicality. the user prefers rock music, particularly styles that are laid-back and melodic. the user appreciates a subtle country influence in music. the user prefers guitar tones with some grit rather than heavy distortion. the user values music with 'substance' and a good guitar riff. the user enjoys music with a strong rhythmic foundation and driving beat. the user seems to favor music that isn't overly polished.","they appreciate a strong rhythmic foundation and driving beat, but actively avoid overly frantic or intense tracks. the user dislikes music that is overly intense or frantic."
full,2365,2UOm1jCZuuk,5,fast-paced music with female vocals.,audio,audio-supported,audio-supported,,,,
full,2408,m081nGf-fGE,1,Allow me to recommend 'Rap a Domicilio' by DCP.,metadata,metadata-supported,metadata-supported,rap,supported,,
full,2408,m081nGf-fGE,2,It's a track from their album 'Rap a Domicilio'.,metadata,metadata-supported,metadata-supported,rap,supported,,
full,2408,m081nGf-fGE,3,"The song combines elements of hip-hop, rock, indie",audio,audio-supported,audio-supported,,,,
full,2408,m081nGf-fGE,4,It has a pop influence as well.,audio,audio-supported,audio-supported,,,,
full,2408,m081nGf-fGE,5,The track was released in 2012,metadata,metadata-supported,metadata-supported,,uncheckable,,
full,2408,m081nGf-fGE,6,has a unique blend of styles that could be a fitting choice for your video.,general,general-supported,general-supported,,,,
full,2416,dKS2UpcRkOU,1,I suggest 'Whistle' by Flo Rida feat Akon.,metadata,metadata-supported,metadata-supported,,uncheckable,,
full,2416,dKS2UpcRkOU,2,This track features female vocals,audio,audio-supported,audio-supported,,,,
full,2416,dKS2UpcRkOU,3,"combines elements of pop, R&B",audio,audio-supported,audio-supported,,,,
full,2416,dKS2UpcRkOU,4,It has a catchy,unknown,unsupported,audio-supported,,,,
full,2416,dKS2UpcRkOU,5,upbeat sound that would be perfect for your video.,audio,audio-supported,audio-supported,,,,
full,2460,2ewusAyz3nQ,1,I recommend 'Love Is A Battlefield' by The Black Eyed Peas.,metadata,metadata-supported,metadata-supported,,uncheckable,,
full,2460,2ewusAyz3nQ,2,It's a track from their album 'Love Is A Battlefield'.,metadata,metadata-supported,metadata-supported,,uncheckable,,
full,2460,2ewusAyz3nQ,3,"This song combines elements of hip-hop, soul",audio,audio-supported,audio-supported,,,,
full,2460,2ewusAyz3nQ,4,"It has a pop influence as well, which can add a catchy",audio,audio-supported,audio-supported,,,,
full,2460,2ewusAyz3nQ,5,vibrant touch to your video.,unknown,unsupported,audio-supported,,,,
full,2462,D76Lsycip9U,1,Allow me to recommend 'Romper La Discoteca' by De La Ghetto.,metadata,metadata-supported,metadata-supported,,uncheckable,,
full,2462,D76Lsycip9U,2,It's a track from their album 'Romper La Discoteca'.,metadata,metadata-supported,metadata-supported,,uncheckable,,
full,2462,D76Lsycip9U,3,"It combines elements of dance, electronic",audio,audio-supported,audio-supported,,,,
full,2462,D76Lsycip9U,4,pop with female vocals.,audio,audio-supported,audio-supported,,,,
full,2462,D76Lsycip9U,5,It was released in 2012,metadata,metadata-supported,metadata-supported,,uncheckable,,
full,2462,D76Lsycip9U,6,may contain the specific elements you're looking for.,prompt,prompt-supported,prompt-supported,,,,
full,2483,zbWHQubdQIE,1,Allow me to recommend 'La Revolucion Urbana' by La Revolucion Urbana.,metadata,metadata-supported,metadata-supported,,uncheckable,,
full,2483,zbWHQubdQIE,2,It's a track from their album 'La Revolucion Urbana'.,metadata,metadata-supported,metadata-supported,,uncheckable,,
full,2483,zbWHQubdQIE,3,"It combines elements of electronic, Hip-Hop",audio,audio-supported,audio-supported,,,,
full,2483,zbWHQubdQIE,4,experimental music with a beat-driven sound,audio,audio-supported,audio-supported,,,,
full,2483,zbWHQubdQIE,5,a more intense atmosphere.,general,general-supported,general-supported,,,,
full,2483,zbWHQubdQIE,6,It was released in 2013,metadata,metadata-supported,metadata-supported,,uncheckable,,
full,2483,zbWHQubdQIE,7,may contain the specific elements you're looking for.,prompt,prompt-supported,prompt-supported,,,,
full,2489,QZawn7YJGFs,1,Allow me to recommend '毛鵬懿 Joseph Mao 專輯 毛鵬懿 Joseph Mao 專輯 毛鵬懿 Joseph Mao 專輯 毛鵬懿 Joseph Mao 專輯 毛鵬懿 Joseph Mao 專輯 毛鵬懿 Joseph Mao 專輯 毛,general,general-supported,general-supported,,,,
full,2491,mn4WwaRfmKM,1,I recommend 'Happy' by Tyree Morris & Hearts of Worship.,metadata,metadata-supported,metadata-supported,,uncheckable,,
full,2491,mn4WwaRfmKM,2,"It's a soulful track with elements of pop, rock",unknown,unsupported,audio-supported,,,,
full,2491,mn4WwaRfmKM,3,The song features female vocals,audio,audio-supported,audio-supported,,,,
full,2491,mn4WwaRfmKM,4,It could be a great addition to your video.,unknown,unsupported,unsupported,,,,
full,2519,wzaCUd1qIls,1,I recommend 'รักไม่มีตรงกลาง' by SAFE.,metadata,metadata-supported,metadata-supported,,uncheckable,,
full,2519,wzaCUd1qIls,2,It's a track from their album 'รักไม่มีตรงกลาง'.,metadata,metadata-supported,metadata-supported,,uncheckable,,
full,2519,wzaCUd1qIls,3,"The song combines elements of rock, indie",audio,audio-supported,audio-supported,,,,
full,2519,wzaCUd1qIls,4,"pop, which aligns well with the style you're looking for.",prompt,prompt-supported,prompt-supported,,,,
full,2519,wzaCUd1qIls,5,It has a guitar-driven sound with male vocals.,audio,audio-supported,audio-supported,,,,
full,2531,_VSRU0jFrUw,1,Allow me to recommend 'J'KIFFE PAS' by METODIK feat ONE CHECK.,metadata,metadata-supported,metadata-supported,,uncheckable,,
full,2531,_VSRU0jFrUw,2,It's a track from their album 'J'KIFFE PAS'.,metadata,metadata-supported,metadata-supported,,uncheckable,,
full,2531,_VSRU0jFrUw,3,"The song combines elements of hip-hop, electronic",audio,audio-supported,audio-supported,,,,
full,2531,_VSRU0jFrUw,4,pop with a touch of 90s nostalgia.,unknown,unsupported,audio-supported,,,,
full,2531,_VSRU0jFrUw,5,It was released in 2013,metadata,metadata-supported,metadata-supported,,uncheckable,,
full,2531,_VSRU0jFrUw,6,energetic vibe that could be a fitting choice for your video.,audio,audio-supported,audio-supported,,,,
full,2545,Kp3CWiVOmaw,1,How about 'Break it Down' by Gabriel Fradin?,metadata,metadata-supported,metadata-supported,,uncheckable,,
full,2545,Kp3CWiVOmaw,2,It's an electronic track with experimental,unknown,unsupported,audio-supported,,,,
full,2545,Kp3CWiVOmaw,3,The song has a unique,unknown,unsupported,audio-supported,,,,
full,2545,Kp3CWiVOmaw,4,experimental sound that could add an interesting element to your video.,audio,audio-supported,audio-supported,,,,
full,2545,Kp3CWiVOmaw,5,It was released in 2014,metadata,metadata-supported,metadata-supported,,uncheckable,,
full,2545,Kp3CWiVOmaw,6,is part of the album 'Break it Down'.,metadata,metadata-supported,metadata-supported,,uncheckable,,
full,2560,UqCUaUv75TA,1,Allow me to recommend 'Kevin Florez - Funana Nha Boi'.,metadata,metadata-supported,metadata-supported,,uncheckable,,
full,2560,UqCUaUv75TA,2,It's a track from Kevin Florez's album 'Funana Nha Boi'.,metadata,metadata-supported,metadata-supported,,uncheckable,,
full,2560,UqCUaUv75TA,3,"It combines elements of electronic, pop",audio,audio-supported,audio-supported,,,,
full,2560,UqCUaUv75TA,4,dance with a focus on synth sounds.,audio,audio-supported,audio-supported,,,,
full,2560,UqCUaUv75TA,5,It was released in 2013,metadata,metadata-supported,metadata-supported,,uncheckable,,
full,2560,UqCUaUv75TA,6,may contain the specific elements you want.,prompt,prompt-supported,prompt-supported,,,,
full,2576,NKGs9BxFoTE,1,Allow me to recommend 'Destino' by Hijas de Zion.,metadata,metadata-supported,metadata-supported,,uncheckable,,
full,2576,NKGs9BxFoTE,2,It's a track from their album 'Destino'.,metadata,metadata-supported,metadata-supported,,uncheckable,,
full,2576,NKGs9BxFoTE,3,"It combines elements of pop, rock",audio,audio-supported,audio-supported,,,,
full,2576,NKGs9BxFoTE,4,soul with female vocals.,audio,audio-supported,audio-supported,,,,
full,2576,NKGs9BxFoTE,5,"This song could be a fitting choice for your video, as it captures the essence of Hijas de Zion's style.",metadata,metadata-supported,metadata-supported,,uncheckable,,
full,2621,uJH2gEwS-sU,1,"In that case, I would recommend 'Wanna B Like a Man' by Max Marani feat;.",metadata,metadata-supported,metadata-supported,,uncheckable,,
full,2621,uJH2gEwS-sU,2,It's a track that combines electronic,unknown,unsupported,unsupported,,,,
full,2621,uJH2gEwS-sU,3,The song features a diverse artist collaboration,metadata,metadata-supported,metadata-supported,,uncheckable,,
full,2621,uJH2gEwS-sU,4,upbeat vibe that would be perfect for your video.,audio,audio-supported,audio-supported,,,,
full,2637,PbGv_5Vcbn8,1,I recommend 'Can't Feel My Face' by The Weeknd.,metadata,metadata-supported,metadata-supported,,uncheckable,,
full,2637,PbGv_5Vcbn8,2,electronic track with elements of rock,unknown,unsupported,unsupported,,,,
full,2637,PbGv_5Vcbn8,3,The song has a catchy,unknown,unsupported,audio-supported,,,,
full,2637,PbGv_5Vcbn8,4,energetic vibe that could add a unique touch to your video.,audio,audio-supported,audio-supported,,,,
full,2651,rNUcT_KD54c,1,Allow me to recommend 'Aprenderé' by Ministerio Sion.,metadata,metadata-supported,metadata-supported,,uncheckable,,
full,2651,rNUcT_KD54c,2,It's a track from their album 'Aprenderé'.,metadata,metadata-supported,metadata-supported,,uncheckable,,
full,2651,rNUcT_KD54c,3,"It combines elements of rock, pop",audio,audio-supported,audio-supported,,,,
full,2651,rNUcT_KD54c,4,The song features male vocals,audio,audio-supported,audio-supported,,,,
full,2651,rNUcT_KD54c,5,"loud guitar, which could be a fitting choice for your video.",audio,audio-supported,audio-supported,,,,
full,2654,yeMrTxabUaE,1,Allow me to recommend 'The World Is Ours' by David Correy.,metadata,metadata-supported,metadata-supported,,uncheckable,,
full,2654,yeMrTxabUaE,2,It's a track from his album 'The World Is Ours'.,metadata,metadata-supported,metadata-supported,,uncheckable,,
full,2654,yeMrTxabUaE,3,"It combines elements of rock, electronic",audio,audio-supported,audio-supported,,,,
full,2654,yeMrTxabUaE,4,"dance genres, which could be a fitting choice for your video.",audio,audio-supported,audio-supported,,,,
full,2654,yeMrTxabUaE,5,The song has a fast-paced,audio,audio-supported,audio-supported,,,,
full,2654,yeMrTxabUaE,6,energetic sound with a mix of electronic beats,audio,audio-supported,audio-supported,,,,
full,2662,D9l-pF4kB64,1,I suggest you consider 'Me Voy a Ir' by Jenny,metadata,metadata-supported,metadata-supported,,uncheckable,,
full,2662,D9l-pF4kB64,2,It's a track from their album 'Me Voy a Ir'.,metadata,metadata-supported,metadata-supported,,uncheckable,,
full,2662,D9l-pF4kB64,3,"The song combines pop, dance",unknown,unsupported,audio-supported,,,,
full,2662,D9l-pF4kB64,4,electronic elements with female vocals.,audio,audio-supported,audio-supported,,,,
full,2662,D9l-pF4kB64,5,It has a catchy,unknown,unsupported,audio-supported,,,,
full,2662,D9l-pF4kB64,6,upbeat sound that could be a fitting choice for your video.,audio,audio-supported,audio-supported,,,,
full,2684,fBI65ROZyFw,1,Allow me to recommend 'The Surprise Can't Handle Me (21 in 1 Pop Mashup)' by Myron.,metadata,metadata-supported,metadata-supported,pop,supported,,
full,2684,fBI65ROZyFw,2,electronic track with elements of house music.,unknown,unsupported,unsupported,,,,
full,2684,fBI65ROZyFw,3,"Although I don't have much information about the specific album or artist, the song itself aligns well with the dance",metadata,metadata-supported,metadata-supported,dance,not_found,,
full,2684,fBI65ROZyFw,4,pop style you're looking for.,prompt,prompt-supported,prompt-supported,,,,
full,2715,oOXdxeqtHHc,1,Allow me to recommend 'Walk A Mile' by Young Deez.,metadata,metadata-supported,metadata-supported,,uncheckable,,
full,2715,oOXdxeqtHHc,2,It's a track from his album 'The Deez'.,metadata,metadata-supported,metadata-supported,,uncheckable,,
full,2715,oOXdxeqtHHc,3,"It combines elements of hip-hop, electronic",audio,audio-supported,audio-supported,,,,
full,2715,oOXdxeqtHHc,4,dance with a touch of rock,unknown,unsupported,audio-supported,,,,
full,2715,oOXdxeqtHHc,5,The song has a techno,audio,audio-supported,audio-supported,,,,
full,2715,oOXdxeqtHHc,6,electronic sound with fast-paced beats,audio,audio-supported,audio-supported,,,,
full,2715,oOXdxeqtHHc,7,It was released in 2013,metadata,metadata-supported,metadata-supported,,uncheckable,,
full,2715,oOXdxeqtHHc,8,could be a fitting choice for your video.,general,general-supported,general-supported,,,,
full,2762,ubGdJbMaZTw,1,How about 'En Schüche Flash' by Kroki?,metadata,metadata-supported,metadata-supported,,uncheckable,,
full,2762,ubGdJbMaZTw,2,It's a track from their album 'En Schüche Flash'.,metadata,metadata-supported,metadata-supported,,uncheckable,,
full,2762,ubGdJbMaZTw,3,"The song combines elements of hip-hop, electronic",audio,audio-supported,audio-supported,,,,
full,2762,ubGdJbMaZTw,4,"ambient genres, which could add a chillout vibe to your video.",audio,audio-supported,audio-supported,,,,
full,2762,ubGdJbMaZTw,5,It was released in 2014,metadata,metadata-supported,metadata-supported,,uncheckable,,
full,2769,guwB1oxI3ko,1,How about 'The Last Song' by The Last Song?,metadata,metadata-supported,metadata-supported,,uncheckable,,
full,2769,guwB1oxI3ko,2,It's a track from their album 'The Last Song'.,metadata,metadata-supported,metadata-supported,,uncheckable,,
full,2769,guwB1oxI3ko,3,"This song combines elements of rock, metal",audio,audio-supported,audio-supported,,,,
full,2769,guwB1oxI3ko,4,"experimental genres, with a touch of indie influence.",audio,audio-supported,audio-supported,,,,
full,2769,guwB1oxI3ko,5,It has a unique,unknown,unsupported,audio-supported,,,,
full,2769,guwB1oxI3ko,6,distinctive sound that could add an experimental,audio,audio-supported,audio-supported,,,,
full,2769,guwB1oxI3ko,7,indie vibe to your video.,unknown,unsupported,audio-supported,,,,
full,2808,JX3e-ZGqadc,1,Allow me to recommend 'Baqlarkolik' by Baqlarkolik.,metadata,metadata-supported,metadata-supported,,uncheckable,,
full,2808,JX3e-ZGqadc,2,It's a track from their album 'Baqlarkolik'.,metadata,metadata-supported,metadata-supported,,uncheckable,,
full,2808,JX3e-ZGqadc,3,"It combines elements of dance, rock",audio,audio-supported,audio-supported,,,,
full,2808,JX3e-ZGqadc,4,electronic music with male vocals.,audio,audio-supported,audio-supported,,,,
full,2808,JX3e-ZGqadc,5,It was released in 2013,metadata,metadata-supported,metadata-supported,,uncheckable,,
full,2808,JX3e-ZGqadc,6,may contain the specific elements you're looking for.,prompt,prompt-supported,prompt-supported,,,,
full,2818,YGzPFYmVIeU,1,Allow me to recommend 'Raperos en Decadencia' by Willy Mento.,metadata,metadata-supported,metadata-supported,,uncheckable,,
full,2818,YGzPFYmVIeU,2,It's a track from his album 'Raperos en Decadencia'.,metadata,metadata-supported,metadata-supported,,uncheckable,,
full,2818,YGzPFYmVIeU,3,"The song combines elements of hip-hop, electronic",audio,audio-supported,audio-supported,,,,
full,2818,YGzPFYmVIeU,4,"R&B, which could be a fitting choice for your video.",general,general-supported,general-supported,,,,
full,2818,YGzPFYmVIeU,5,It has a fast-paced beat,audio,audio-supported,audio-supported,,,,
full,2818,YGzPFYmVIeU,6,male vocals that align with the energetic,audio,audio-supported,audio-supported,,,,
full,2818,YGzPFYmVIeU,7,dynamic vibe you're looking for.,prompt,prompt-supported,prompt-supported,,,,
full,2867,Pcn7TuWZu9s,1,I recommend 'Tu No Da la Liga' by Yomil El Magnate.,metadata,metadata-supported,metadata-supported,,uncheckable,,
full,2867,Pcn7TuWZu9s,2,It's a track from Still Mike's album 'Tu No Da la Liga'.,metadata,metadata-supported,metadata-supported,,uncheckable,,
full,2867,Pcn7TuWZu9s,3,"This song combines elements of hip-hop, electronic",audio,audio-supported,audio-supported,,,,
full,2867,Pcn7TuWZu9s,4,"dance, which aligns well with the style you're looking for.",prompt,prompt-supported,prompt-supported,,,,
full,2867,Pcn7TuWZu9s,5,It has a fast-paced beat,audio,audio-supported,audio-supported,,,,
full,2867,Pcn7TuWZu9s,6,a catchy electronic sound that could add a dynamic touch to your video.,audio,audio-supported,audio-supported,,,,
full,2872,U8qjHrMZBgU,1,Allow me to recommend 'Loved Me Back to Life (Dave Audé Radio Extended)' by Jade London.,metadata,metadata-supported,metadata-supported,,uncheckable,,
full,2872,U8qjHrMZBgU,2,It's a track from her album 'Loved Me Back to Life'.,metadata,metadata-supported,metadata-supported,,uncheckable,,
full,2872,U8qjHrMZBgU,3,"The song combines elements of electronic, pop",audio,audio-supported,audio-supported,,,,
full,2872,U8qjHrMZBgU,4,dance genres with female vocals.,audio,audio-supported,audio-supported,,,,
full,2872,U8qjHrMZBgU,5,It has a catchy,unknown,unsupported,audio-supported,,,,
full,2872,U8qjHrMZBgU,6,energetic vibe that could be a fitting choice for your video.,audio,audio-supported,audio-supported,,,,
full,2899,nkOkWXH07TA,1,Allow me to recommend 'A Thousand Years' by Christina Perri.,metadata,metadata-supported,metadata-supported,,uncheckable,,
full,2899,nkOkWXH07TA,2,It's a track from her album 'A Thousand Years'.,metadata,metadata-supported,metadata-supported,,uncheckable,,
full,2899,nkOkWXH07TA,3,"The song combines elements of rock, folk",audio,audio-supported,audio-supported,,,,
full,2899,nkOkWXH07TA,4,indie with captivating female vocals.,audio,audio-supported,audio-supported,,,,
full,2899,nkOkWXH07TA,5,It was released in 2011,metadata,metadata-supported,metadata-supported,,uncheckable,,
full,2899,nkOkWXH07TA,6,emotional vibe that could be a perfect fit for your video.,general,general-supported,general-supported,,,,
full,2937,uhHy_GgPoRE,1,I recommend 'Porque An Te Amo' by Orquesta La Diferente.,metadata,metadata-supported,metadata-supported,,uncheckable,,
full,2937,uhHy_GgPoRE,2,"It's a track that combines elements of cumbia, jazz",audio,audio-supported,audio-supported,,,,
full,2937,uhHy_GgPoRE,3,The song has a catchy rhythm,audio,audio-supported,audio-supported,,,,
full,2937,uhHy_GgPoRE,4,"features female vocals, which adds a unique touch to the music.",audio,audio-supported,audio-supported,,,,
full,2937,uhHy_GgPoRE,5,It was released in 2014,metadata,metadata-supported,metadata-supported,,uncheckable,,
full,2937,uhHy_GgPoRE,6,could be a fitting choice for your video.,general,general-supported,general-supported,,,,
full,2944,bZekJ_L_l1M,1,How about 'Heartbeat' by The Fray?,metadata,metadata-supported,metadata-supported,beat,supported,,
full,2944,bZekJ_L_l1M,2,It's a track from their album 'Heartbeat'.,metadata,metadata-supported,metadata-supported,beat,supported,,
full,2944,bZekJ_L_l1M,3,"This song combines elements of indie, alternative",audio,audio-supported,audio-supported,,,,
full,2944,bZekJ_L_l1M,4,"rock, which aligns well with the indie",unknown,unsupported,prompt-supported,,,,
full,2944,bZekJ_L_l1M,5,alternative rock sound you're looking for.,prompt,prompt-supported,prompt-supported,,,,
full,2944,bZekJ_L_l1M,6,It has a guitar-driven sound,audio,audio-supported,audio-supported,,,,
full,2953,fuevJHxrdos,1,Allow me to recommend 'Baltimore Blues No.1' by Deer Tick.,metadata,metadata-supported,metadata-supported,,uncheckable,,
full,2953,fuevJHxrdos,2,It's a track from their album 'Baltimore Blues No.1'.,metadata,metadata-supported,metadata-supported,,uncheckable,,
full,2953,fuevJHxrdos,3,"The song combines elements of indie, folk",audio,audio-supported,audio-supported,,,,
full,2953,fuevJHxrdos,4,rock with male vocals,audio,audio-supported,audio-supported,,,,
full,2953,fuevJHxrdos,5,"It was recorded in 2013, which may contain the specific elements you want.",prompt,prompt-supported,prompt-supported,,,,
full,2966,p8n1hXOQohA,1,Allow me to recommend 'I Feel Good' by Tamega.,metadata,metadata-supported,metadata-supported,,uncheckable,,
full,2966,p8n1hXOQohA,2,It's a track from their album 'I Feel Good'.,metadata,metadata-supported,metadata-supported,,uncheckable,,
full,2966,p8n1hXOQohA,3,"The song combines elements of rock, pop",audio,audio-supported,audio-supported,,,,
full,2966,p8n1hXOQohA,4,indie with a catchy,unknown,unsupported,audio-supported,,,,
full,2966,p8n1hXOQohA,5,It features strong vocals,audio,audio-supported,audio-supported,,,,
full,2966,p8n1hXOQohA,6,"guitar-driven melodies, which can add a dynamic",audio,audio-supported,audio-supported,,,,
full,2966,p8n1hXOQohA,7,engaging feel to your video.,unknown,unsupported,audio-supported,,,,
full,2971,ot5VYYnVWAM,1,Allow me to recommend 'Petite sœur' by Lââm.,metadata,metadata-supported,metadata-supported,,uncheckable,,
full,2971,ot5VYYnVWAM,2,It's a track from her album 'Petite sœur'.,metadata,metadata-supported,metadata-supported,,uncheckable,,
full,2971,ot5VYYnVWAM,3,"The song combines elements of pop, dance",audio,audio-supported,audio-supported,,,,
full,2971,ot5VYYnVWAM,4,R&B with soulful female vocals.,audio,audio-supported,audio-supported,,,,
full,2971,ot5VYYnVWAM,5,It was released in 2011,metadata,metadata-supported,metadata-supported,,uncheckable,,
full,2971,ot5VYYnVWAM,6,may contain the specific elements you are looking for.,prompt,prompt-supported,prompt-supported,,,,
full,2984,5-b-rpVPJvs,1,Allow me to recommend 'Money' by Moe-Kash & Trygah Tryg.,metadata,metadata-supported,metadata-supported,,uncheckable,,
full,2984,5-b-rpVPJvs,2,It's a track from their album 'Money'.,metadata,metadata-supported,metadata-supported,,uncheckable,,
full,2984,5-b-rpVPJvs,3,"It combines elements of hip-hop, pop",audio,audio-supported,audio-supported,,,,
full,2984,5-b-rpVPJvs,4,dance with electronic beats that could be a fitting choice for your video.,audio,audio-supported,audio-supported,,,,
full,2984,5-b-rpVPJvs,5,It was released in 2013,metadata,metadata-supported,metadata-supported,,uncheckable,,
full,3031,BkUMkc-lwoI,1,Allow me to recommend 'Mi Delirio' by Anahí.,metadata,metadata-supported,metadata-supported,,uncheckable,,
full,3031,BkUMkc-lwoI,2,electronic track with female vocals.,audio,audio-supported,audio-supported,,,,
full,3031,BkUMkc-lwoI,3,The song has a catchy,unknown,unsupported,audio-supported,,,,
full,3031,BkUMkc-lwoI,4,upbeat sound that could be a fitting choice for your video.,audio,audio-supported,audio-supported,,,,
full,3031,BkUMkc-lwoI,5,It was released in 2005,metadata,metadata-supported,metadata-supported,,uncheckable,,
full,3031,BkUMkc-lwoI,6,"has a mix of pop, dance",unknown,unsupported,metadata-supported,,,,
full,3079,pmS02POSG3Y,1,I understand your preference for an electronic,preference,preference-supported,preference-supported,electronic,supported,"the user demonstrates a strong affinity for energetic electronic music characterized by a driving, infectious beat and powerful vocals. while appreciating high-energy tracks, the user also expresses a sensitivity to overly complex or chaotic productions, preferring a more focused and rhythmic foundation. they seek music that inspires movement and possesses a tight, consistent pulse. the user's enjoyment is tied to the overall vibe and the feeling of being able to dance, suggesting a preference for music that is both stimulating and enjoyable to move to. the user strongly prefers energetic electronic music. the user values a driving, infectious beat as a key element in their music preferences. the user appreciates powerful female vocals in electronic music. the user seeks music with a tight, focused beat and a consistent rhythmic foundation. the user enjoys music that inspires movement and dancing. the user is open to synthetic sounds, but prefers a balance and clarity in production.","they are not averse to synthetic sounds, but appreciate a balance and clarity. the user dislikes music that feels overly busy or chaotic."
full,3079,pmS02POSG3Y,2,"In that case, I recommend 'Ich tanz wie ne´ Kuh!' by Die Aussenseiter.",metadata,metadata-supported,metadata-supported,,uncheckable,,
full,3079,pmS02POSG3Y,3,It's a track from their album 'Ich tanz wie ne´ Kuh!'.,metadata,metadata-supported,metadata-supported,,uncheckable,,
full,3079,pmS02POSG3Y,4,"The song combines elements of dance, electronic",audio,audio-supported,audio-supported,,,,
full,3079,pmS02POSG3Y,5,"pop genres, with a catchy",audio,audio-supported,audio-supported,,,,
full,3079,pmS02POSG3Y,6,It would be a great fit for your video.,general,general-supported,general-supported,,,,
full,3119,KvJzcros4a0,1,Allow me to recommend 'Sunrise' by Matisse & Sadko.,metadata,metadata-supported,metadata-supported,,uncheckable,,
full,3119,KvJzcros4a0,2,It's a track from their album 'Sunrise'.,metadata,metadata-supported,metadata-supported,,uncheckable,,
full,3119,KvJzcros4a0,3,"It combines elements of house, electronic",audio,audio-supported,audio-supported,,,,
full,3119,KvJzcros4a0,4,dance with a pop influence.,audio,audio-supported,audio-supported,,,,
full,3119,KvJzcros4a0,5,The song has a fast-paced techno beat,audio,audio-supported,audio-supported,,,,
full,3119,KvJzcros4a0,6,a catchy melody that could be a fitting choice for your video.,audio,audio-supported,audio-supported,,,,
full,3144,hEJ241UiIRg,1,How about 'Think Again' by Mytus?,metadata,metadata-supported,metadata-supported,,uncheckable,,
full,3144,hEJ241UiIRg,2,It's a track from their album 'Think Again'.,metadata,metadata-supported,metadata-supported,,uncheckable,,
full,3144,hEJ241UiIRg,3,"This song combines elements of Hip-Hop, electronic, dance, pop",audio,audio-supported,audio-supported,,,,
full,3144,hEJ241UiIRg,4,It has a catchy electronic beat,audio,audio-supported,audio-supported,,,,
full,3144,hEJ241UiIRg,5,a pop-like sound that could be a fitting choice for your video.,audio,audio-supported,audio-supported,,,,
full,3150,twJLaqIcFPs,1,Allow me to recommend '忘了怎麼愛你' by Nubila.,metadata,metadata-supported,metadata-supported,,uncheckable,,
full,3150,twJLaqIcFPs,2,It's a track from their album '忘了怎麼愛你'.,metadata,metadata-supported,metadata-supported,,uncheckable,,
full,3150,twJLaqIcFPs,3,"The song combines elements of rock, indie",audio,audio-supported,audio-supported,,,,
full,3150,twJLaqIcFPs,4,"alternative genres, with female vocals",audio,audio-supported,audio-supported,,,,
full,3150,twJLaqIcFPs,5,It was released in 2014,metadata,metadata-supported,metadata-supported,,uncheckable,,
full,3150,twJLaqIcFPs,6,captivating sound that could be a fitting choice for your video.,audio,audio-supported,audio-supported,,,,
full,3161,clnnaVePGEU,1,"In that case, I would recommend 'Sunshine' by Daft Punk.",metadata,metadata-supported,metadata-supported,punk,not_found,,
full,3161,clnnaVePGEU,2,"This track is a perfect fit for your video as it has electronic, dance",general,general-supported,general-supported,,,,
full,3161,clnnaVePGEU,3,It's part of the album 'Sunshine',metadata,metadata-supported,metadata-supported,,uncheckable,,
full,3216,T5GC_7v_CIg,1,Allow me to recommend 'Flor Laranja' by A.,metadata,metadata-supported,metadata-supported,,uncheckable,,
full,3216,T5GC_7v_CIg,2,It's a track from their album 'Flor Laranja'.,metadata,metadata-supported,metadata-supported,,uncheckable,,
full,3216,T5GC_7v_CIg,3,"It combines elements of R&B, soul",audio,audio-supported,audio-supported,,,,
full,3216,T5GC_7v_CIg,4,pop with electronic beats,metadata,metadata-supported,metadata-supported,beat;beats;electronic;pop,partially_supported,,
full,3216,T5GC_7v_CIg,5,The song was released in 2014,metadata,metadata-supported,metadata-supported,,uncheckable,,
full,3216,T5GC_7v_CIg,6,has a unique blend of genres that could be a fitting choice for your video.,metadata,metadata-supported,metadata-supported,,uncheckable,,
full,3277,P4FXiFFJHFM,1,Allow me to recommend 'Você Pode' by Seu Cuca.,metadata,metadata-supported,metadata-supported,,uncheckable,,
full,3277,P4FXiFFJHFM,2,It's a track from their album 'Você Pode'.,metadata,metadata-supported,metadata-supported,,uncheckable,,
full,3277,P4FXiFFJHFM,3,"It combines elements of rock, pop",audio,audio-supported,audio-supported,,,,
full,3277,P4FXiFFJHFM,4,alternative with strong vocal,audio,audio-supported,audio-supported,,,,
full,3277,P4FXiFFJHFM,5,"This song could be a fitting choice for your video, incorporating the rock",general,general-supported,general-supported,,,,
full,3277,P4FXiFFJHFM,6,alternative influences you're looking for.,prompt,prompt-supported,prompt-supported,,,,
full,3294,lMkhbZJsoso,1,I suggest checking out 'Sommer' by Rasmentalism.,metadata,metadata-supported,metadata-supported,,uncheckable,,
full,3294,lMkhbZJsoso,2,It's a track from their album 'Sommer'.,metadata,metadata-supported,metadata-supported,,uncheckable,,
full,3294,lMkhbZJsoso,3,"The song combines hip-hop, pop, R&B",unknown,unsupported,audio-supported,,,,
full,3294,lMkhbZJsoso,4,soul elements with electronic beats,audio,audio-supported,audio-supported,,,,
full,3294,lMkhbZJsoso,5,It was released in 2014,metadata,metadata-supported,metadata-supported,,uncheckable,,
full,3294,lMkhbZJsoso,6,could be a fitting choice for your video.,general,general-supported,general-supported,,,,
full,3317,yN6J9nQSaJw,1,How about 'My Queen' by YOUNG D?,metadata,metadata-supported,metadata-supported,,uncheckable,,
full,3317,yN6J9nQSaJw,2,"It's a track that combines elements of hip-hop, R&B",audio,audio-supported,audio-supported,,,,
full,3317,yN6J9nQSaJw,3,"Although I don't have much information about the specific album or artists, the song itself aligns with the genres you mentioned.",metadata,metadata-supported,metadata-supported,,uncheckable,,
full,3317,yN6J9nQSaJw,4,It could be a fitting choice for your project.,general,general-supported,general-supported,,,,
full,3331,-F_a2fpE35w,1,Allow me to recommend 'Hero' by Skillet.,metadata,metadata-supported,metadata-supported,,uncheckable,,
full,3331,-F_a2fpE35w,2,It's a track from their album 'Hero'.,metadata,metadata-supported,metadata-supported,,uncheckable,,
full,3331,-F_a2fpE35w,3,"It combines elements of alternative rock, metal",audio,audio-supported,audio-supported,,,,
full,3331,-F_a2fpE35w,4,"electronic music, which aligns well with Skillet's style.",audio,audio-supported,audio-supported,,,,
full,3331,-F_a2fpE35w,5,The song has a powerful,unknown,unsupported,audio-supported,,,,
full,3331,-F_a2fpE35w,6,energetic sound that could be a fitting choice for your video.,audio,audio-supported,audio-supported,,,,
full,3350,tmGn6cBy-l4,1,Allow me to recommend 'Wake Up' by Coinslot.,metadata,metadata-supported,metadata-supported,,uncheckable,,
full,3350,tmGn6cBy-l4,2,It's a track from their album 'Wake Up'.,metadata,metadata-supported,metadata-supported,,uncheckable,,
full,3350,tmGn6cBy-l4,3,"It combines elements of electronic, indie",audio,audio-supported,audio-supported,,,,
full,3350,tmGn6cBy-l4,4,rock with a fast-paced,audio,audio-supported,audio-supported,,,,
full,3350,tmGn6cBy-l4,5,"This song could be a fitting choice for your video, incorporating the specific style you're looking for.",prompt,prompt-supported,prompt-supported,,,,
full,3374,bpgUPqKsIUQ,1,"In that case, I would recommend 'Uma Historia' by Mc Revoltado & DealerG.",metadata,metadata-supported,metadata-supported,,uncheckable,,
full,3374,bpgUPqKsIUQ,2,This track has a soulful,unknown,unsupported,audio-supported,,,,
full,3374,bpgUPqKsIUQ,3,"pop sound with elements of Hip-Hop, R&B",audio,audio-supported,audio-supported,,,,
full,3374,bpgUPqKsIUQ,4,It's part of the album 'Uma Historia',metadata,metadata-supported,metadata-supported,,uncheckable,,
full,3374,bpgUPqKsIUQ,5,would be a great fit for your video.,general,general-supported,general-supported,,,,
full,3375,5CPOsLa2Rws,1,Allow me to recommend 'Szczęście' by Kuba Szczepański.,metadata,metadata-supported,metadata-supported,,uncheckable,,
full,3375,5CPOsLa2Rws,2,It's a track from his album 'Szczęście'.,metadata,metadata-supported,metadata-supported,,uncheckable,,
full,3375,5CPOsLa2Rws,3,"The song combines elements of hip-hop, jazz",audio,audio-supported,audio-supported,,,,
full,3375,5CPOsLa2Rws,4,rock with electronic beats.,audio,audio-supported,audio-supported,,,,
full,3375,5CPOsLa2Rws,5,It features male vocals,audio,audio-supported,audio-supported,,,,
full,3375,5CPOsLa2Rws,6,"a guitar sound, which aligns well with your preferences.",preference,preference-supported,preference-supported,guitar,supported,"the user demonstrates a strong preference for energetic rock music characterized by dynamic instrumentation and powerful drumming. they appreciate a driving beat and layered guitars, often exhibiting an affinity for sounds reminiscent of the 1980s, drawing comparisons to bands like the cure and early u2. while open to exploring new tracks, the user gravitates towards music with a raw, gritty feel and an anthemic, epic quality. they find modern electronic music and polished production styles lacking in the desired intensity and prefer a more organic, instrument-driven sound. the user prefers energetic rock music. the user enjoys dynamic instrumentation and layered guitars. powerful drums are a key element in the user's preferred music. the user appreciates music with an 80s influence. the user seeks music with an anthemic and epic feel.","the user dislikes sterile or overly polished electronic music. the user prefers a raw, gritty sound over modern, highly produced tracks."
full,3420,LDfsQTfNeNk,1,Allow me to recommend 'Shock' by Ana Tijoux.,metadata,metadata-supported,metadata-supported,,uncheckable,,
full,3420,LDfsQTfNeNk,2,It's a track from her album '1977'.,metadata,metadata-supported,metadata-supported,,uncheckable,,
full,3420,LDfsQTfNeNk,3,"It combines elements of pop, electronic",audio,audio-supported,audio-supported,,,,
full,3420,LDfsQTfNeNk,4,hip-hop with female vocals.,audio,audio-supported,audio-supported,,,,
full,3420,LDfsQTfNeNk,5,The song has a catchy,unknown,unsupported,audio-supported,,,,
full,3420,LDfsQTfNeNk,6,energetic vibe that could be a fitting choice for your video.,audio,audio-supported,audio-supported,,,,
full,3435,SecgP8tYXb4,1,Allow me to recommend 'Fababy' by Fababy.,metadata,metadata-supported,metadata-supported,,uncheckable,,
full,3435,SecgP8tYXb4,2,It's a track from his album 'Fababy'.,metadata,metadata-supported,metadata-supported,,uncheckable,,
full,3435,SecgP8tYXb4,3,"It combines elements of hip-hop, rock",audio,audio-supported,audio-supported,,,,
full,3435,SecgP8tYXb4,4,pop with electronic beats,audio,audio-supported,audio-supported,,,,
full,3435,SecgP8tYXb4,5,The song has a techno influence that could be a fitting choice for your video.,audio,audio-supported,audio-supported,,,,
full,3456,ualwCoJsBgQ,1,Allow me to recommend 'Prayer' by Dre Zee.,metadata,metadata-supported,metadata-supported,,uncheckable,,
full,3456,ualwCoJsBgQ,2,It's a track from his album 'Prayer'.,metadata,metadata-supported,metadata-supported,,uncheckable,,
full,3456,ualwCoJsBgQ,3,"It combines elements of hip-hop, R&B",audio,audio-supported,audio-supported,,,,
full,3456,ualwCoJsBgQ,4,soul with indie influences.,audio,audio-supported,audio-supported,,,,
full,3456,ualwCoJsBgQ,5,The song features guitar,audio,audio-supported,audio-supported,,,,
full,3456,ualwCoJsBgQ,6,"male vocals, which could be a fitting choice for your video.",audio,audio-supported,audio-supported,,,,
full,3477,U9fIBdlcTMc,1,How about 'Crashing' by Kevin?,metadata,metadata-supported,metadata-supported,,uncheckable,,
full,3477,U9fIBdlcTMc,2,It's a pop track with electronic,unknown,unsupported,audio-supported,,,,
full,3477,U9fIBdlcTMc,3,The song features female vocals,audio,audio-supported,audio-supported,,,,
full,3477,U9fIBdlcTMc,4,was released in 2011.,metadata,metadata-supported,metadata-supported,,uncheckable,,
full,3477,U9fIBdlcTMc,5,It could be a fitting choice for your video.,general,general-supported,general-supported,,,,
full,3513,u6uIr6mGzWM,1,Allow me to recommend 'State Of Mind' by J The S.,metadata,metadata-supported,metadata-supported,,uncheckable,,
full,3513,u6uIr6mGzWM,2,It's a track from their album 'State Of Mind'.,metadata,metadata-supported,metadata-supported,,uncheckable,,
full,3513,u6uIr6mGzWM,3,"It combines elements of Hip-Hop, electronic",audio,audio-supported,audio-supported,,,,
full,3513,u6uIr6mGzWM,4,indie with a dance,unknown,unsupported,audio-supported,,,,
full,3513,u6uIr6mGzWM,5,It was released in 2013,metadata,metadata-supported,metadata-supported,,uncheckable,,
full,3513,u6uIr6mGzWM,6,may contain the specific elements you're looking for.,prompt,prompt-supported,prompt-supported,,,,
full,3525,A6Wslro1JkQ,1,Allow me to recommend 'Iwona Wegrowska - It Is You (I Have Loved)'.,metadata,metadata-supported,metadata-supported,,uncheckable,,
full,3525,A6Wslro1JkQ,2,It's a track from Iwona Wegrowska's album 'It Is You (I Have Loved)'.,metadata,metadata-supported,metadata-supported,,uncheckable,,
full,3525,A6Wslro1JkQ,3,"The song combines elements of pop, rock",audio,audio-supported,audio-supported,,,,
full,3525,A6Wslro1JkQ,4,soul with female vocals,audio,audio-supported,audio-supported,,,,
full,3525,A6Wslro1JkQ,5,It has a soulful,unknown,unsupported,audio-supported,,,,
full,3525,A6Wslro1JkQ,6,emotional sound that could be a fitting choice for your video.,audio,audio-supported,audio-supported,,,,
full,3527,vhowLbfEEWE,1,Allow me to recommend 'Keenan Cahill - I Knew You Were Trouble'.,general,general-supported,general-supported,,,,
full,3527,vhowLbfEEWE,2,"It's a track by Keenan Cahill that combines elements of electronic, pop",metadata,metadata-supported,metadata-supported,electronic;pop,supported,,
full,3527,vhowLbfEEWE,3,The song has a fast-paced beat,audio,audio-supported,audio-supported,,,,
full,3527,vhowLbfEEWE,4,features Keenan Cahill's distinctive style.,unknown,unsupported,audio-supported,,,,
full,3527,vhowLbfEEWE,5,It was released in 2013,metadata,metadata-supported,metadata-supported,,uncheckable,,
full,3527,vhowLbfEEWE,6,could be a fitting choice for your video.,general,general-supported,general-supported,,,,
full,3554,dmY6wc0dpPw,1,I recommend 'The Suffering' by Coheed,metadata,metadata-supported,metadata-supported,,uncheckable,,
full,3554,dmY6wc0dpPw,2,It's a track from their album 'The Suffering'.,metadata,metadata-supported,metadata-supported,,uncheckable,,
full,3554,dmY6wc0dpPw,3,"This song combines elements of hard rock, heavy metal",audio,audio-supported,audio-supported,,,,
full,3554,dmY6wc0dpPw,4,It has a powerful,unknown,unsupported,prompt-supported,,,,
full,3554,dmY6wc0dpPw,5,energetic sound that aligns well with the intense,audio,audio-supported,audio-supported,,,,
full,3554,dmY6wc0dpPw,6,fast-paced vibe you're looking for in your video.,prompt,prompt-supported,prompt-supported,,,,
full,3575,oXZA8XMJZs4,1,Allow me to recommend 'Siendo Así' by La Snaki Crew.,metadata,metadata-supported,metadata-supported,,uncheckable,,
full,3575,oXZA8XMJZs4,2,It's a track from their album 'Siendo Así'.,metadata,metadata-supported,metadata-supported,,uncheckable,,
full,3575,oXZA8XMJZs4,3,It combines elements of 00s hip-hop,audio,audio-supported,audio-supported,,,,
full,3575,oXZA8XMJZs4,4,R&B with electronic beats,audio,audio-supported,audio-supported,,,,
full,3575,oXZA8XMJZs4,5,The song was released in 2012,metadata,metadata-supported,metadata-supported,,uncheckable,,
full,3575,oXZA8XMJZs4,6,may contain the specific elements you're looking for.,prompt,prompt-supported,prompt-supported,,,,
full,3597,-_MrEEi-7HM,1,Allow me to recommend 'That Cat' by Kingtay.,metadata,metadata-supported,metadata-supported,,uncheckable,,
full,3597,-_MrEEi-7HM,2,It's a track from the album 'That Cat',metadata,metadata-supported,metadata-supported,,uncheckable,,
full,3597,-_MrEEi-7HM,3,"combines elements of hip-hop, electronic",audio,audio-supported,audio-supported,,,,
full,3597,-_MrEEi-7HM,4,The song has experimental,unknown,unsupported,audio-supported,,,,
full,3597,-_MrEEi-7HM,5,"alternative influences, which could be a fitting choice for your video.",audio,audio-supported,audio-supported,,,,
full,3608,i3fK8HuF3JY,1,Allow me to recommend 'BoToX' by DJ LADY GI.,metadata,metadata-supported,metadata-supported,,uncheckable,,
full,3608,i3fK8HuF3JY,2,It's a track from their album 'BoToX'.,metadata,metadata-supported,metadata-supported,,uncheckable,,
full,3608,i3fK8HuF3JY,3,"It combines elements of electronic, House",audio,audio-supported,audio-supported,,,,
full,3608,i3fK8HuF3JY,4,electro with fast-paced techno beats.,audio,audio-supported,audio-supported,,,,
full,3608,i3fK8HuF3JY,5,The song has a catchy,unknown,unsupported,audio-supported,,,,
full,3608,i3fK8HuF3JY,6,energetic vibe that could be a fitting choice for your video.,audio,audio-supported,audio-supported,,,,
full,3609,pNhFBT3yFTk,1,I recommend 'Tutmayın Beni' by Cihat Uğurel Feat.,metadata,metadata-supported,metadata-supported,,uncheckable,,
full,3609,pNhFBT3yFTk,2,It's a track from the album 'Tutmayın Beni'.,metadata,metadata-supported,metadata-supported,,uncheckable,,
full,3609,pNhFBT3yFTk,3,"This song combines elements of dance, electronic",audio,audio-supported,audio-supported,,,,
full,3609,pNhFBT3yFTk,4,pop genres with a touch of rock.,audio,audio-supported,audio-supported,,,,
full,3609,pNhFBT3yFTk,5,It has a fast-paced techno beat,audio,audio-supported,audio-supported,,,,
full,3609,pNhFBT3yFTk,6,a catchy melody that could be a fitting choice for your video.,audio,audio-supported,audio-supported,,,,
full,3636,O30F9cxtlVM,1,Allow me to recommend 'Mi Gente' by J Balvin.,metadata,metadata-supported,metadata-supported,,uncheckable,,
full,3636,O30F9cxtlVM,2,It's a track from the album 'Mi Gente'.,metadata,metadata-supported,metadata-supported,,uncheckable,,
full,3636,O30F9cxtlVM,3,"It combines elements of hip-hop, pop",audio,audio-supported,audio-supported,,,,
full,3636,O30F9cxtlVM,4,R&B with electronic beats,audio,audio-supported,audio-supported,,,,
full,3636,O30F9cxtlVM,5,The song has a catchy,unknown,unsupported,audio-supported,,,,
full,3636,O30F9cxtlVM,6,energetic sound that could be a fitting choice for your video.,audio,audio-supported,audio-supported,,,,
full,3653,Al7bbZI74xw,1,"In that case, I would recommend 'Hit The Floor' by Brinson.",metadata,metadata-supported,metadata-supported,,uncheckable,,
full,3653,Al7bbZI74xw,2,This track has a 90s feel,unknown,unsupported,audio-supported,,,,
full,3653,Al7bbZI74xw,3,features a male vocal.,audio,audio-supported,audio-supported,,,,
full,3653,Al7bbZI74xw,4,"It falls under the genres of Hip-Hop, electronic, dance",audio,audio-supported,audio-supported,,,,
full,3653,Al7bbZI74xw,5,It's a high-energy track that will add a dynamic element to your video.,unknown,unsupported,unsupported,,,,
full,3684,LfyxIib8agk,1,Allow me to recommend 'Romper El Hielo' by LA KLAVE.,metadata,metadata-supported,metadata-supported,,uncheckable,,
full,3684,LfyxIib8agk,2,It's a track from their album 'Romper El Hielo'.,metadata,metadata-supported,metadata-supported,,uncheckable,,
full,3684,LfyxIib8agk,3,"It combines elements of electronic, dance",audio,audio-supported,audio-supported,,,,
full,3684,LfyxIib8agk,4,pop with a fast-paced techno sound.,audio,audio-supported,audio-supported,,,,
full,3684,LfyxIib8agk,5,The song was released in 2012,metadata,metadata-supported,metadata-supported,,uncheckable,,
full,3684,LfyxIib8agk,6,energetic vibe that could be a fitting choice for your video.,audio,audio-supported,audio-supported,,,,
full,3708,cKQWxtjWBs8,1,How about 'I'm a Boss' by Bossman?,metadata,metadata-supported,metadata-supported,,uncheckable,,
full,3708,cKQWxtjWBs8,2,It's a hip-hop track with electronic,unknown,unsupported,audio-supported,,,,
full,3708,cKQWxtjWBs8,3,The song has a catchy beat,audio,audio-supported,audio-supported,,,,
full,3708,cKQWxtjWBs8,4,energetic vibe that could add a dynamic element to your video.,audio,audio-supported,audio-supported,,,,
full,3708,cKQWxtjWBs8,5,It was released in 2012,metadata,metadata-supported,metadata-supported,,uncheckable,,
full,3708,cKQWxtjWBs8,6,is part of the album 'I'm a Boss'.,metadata,metadata-supported,metadata-supported,,uncheckable,,
full,3739,HRQBiBdEdOE,1,I suggest you consider 'Wir sind Helden' by Tim Bendzko.,metadata,metadata-supported,metadata-supported,,uncheckable,,
full,3739,HRQBiBdEdOE,2,It's a track from his album 'Wir sind Helden'.,metadata,metadata-supported,metadata-supported,,uncheckable,,
full,3739,HRQBiBdEdOE,3,"The song combines elements of indie, rock",audio,audio-supported,audio-supported,,,,
full,3739,HRQBiBdEdOE,4,folk with a touch of metal.,unknown,unsupported,audio-supported,,,,
full,3739,HRQBiBdEdOE,5,It has a guitar-driven sound,audio,audio-supported,audio-supported,,,,
full,3739,HRQBiBdEdOE,6,"features male vocals, which aligns well with the indie",audio,audio-supported,audio-supported,,,,
full,3739,HRQBiBdEdOE,7,rock genres you mentioned.,audio,audio-supported,audio-supported,,,,
full,3746,TMeh94SImcg,1,How about 'Is It Worth It' by FRESH?,metadata,metadata-supported,metadata-supported,,uncheckable,,
full,3746,TMeh94SImcg,2,It's a track from their album 'Is It Worth It'.,metadata,metadata-supported,metadata-supported,,uncheckable,,
full,3746,TMeh94SImcg,3,"The song combines elements of Hip-Hop, R&B",audio,audio-supported,audio-supported,,,,
full,3746,TMeh94SImcg,4,It has a fast-paced beat,audio,audio-supported,audio-supported,,,,
full,3746,TMeh94SImcg,5,features loud male vocals.,audio,audio-supported,audio-supported,,,,
full,3746,TMeh94SImcg,6,It could be a fitting choice for your video.,general,general-supported,general-supported,,,,
full,3801,2oNN37dbQM8,1,Allow me to recommend '十年一刻' by 苏打绿 (Sodagreen).,metadata,metadata-supported,metadata-supported,,uncheckable,,
full,3801,2oNN37dbQM8,2,It's a track from their album '十年一刻'.,metadata,metadata-supported,metadata-supported,,uncheckable,,
full,3801,2oNN37dbQM8,3,The song features a female vocalist,audio,audio-supported,audio-supported,,,,
full,3801,2oNN37dbQM8,4,"combines elements of pop, rock",audio,audio-supported,audio-supported,,,,
full,3801,2oNN37dbQM8,5,indie with guitar-driven melodies.,audio,audio-supported,audio-supported,,,,
full,3801,2oNN37dbQM8,6,It could be a fitting choice for your video.,general,general-supported,general-supported,,,,
full,3838,Ig3NpFxgo94,1,"In that case, I would recommend 'My Immortal' by Evanescence.",metadata,metadata-supported,metadata-supported,,uncheckable,,
full,3838,Ig3NpFxgo94,2,"This track is a perfect fit for your needs, as it combines elements of pop, rock, indie",audio,audio-supported,audio-supported,,,,
full,3838,Ig3NpFxgo94,3,powerful vocals will create a captivating atmosphere for your video.,audio,audio-supported,audio-supported,,,,
full,3848,OZO0HlVqb4I,1,I recommend 'Simama Afrika' by Esther Mugabu.,metadata,metadata-supported,metadata-supported,,uncheckable,,
full,3848,OZO0HlVqb4I,2,It's a track from her album 'Simama Afrika'.,metadata,metadata-supported,metadata-supported,,uncheckable,,
full,3848,OZO0HlVqb4I,3,"The song combines elements of pop, electronic",audio,audio-supported,audio-supported,,,,
full,3848,OZO0HlVqb4I,4,"soul, which aligns well with Esther Mugabu's distinctive style.",metadata,metadata-supported,metadata-supported,soul,supported,,
full,3848,OZO0HlVqb4I,5,It was released in 2014,metadata,metadata-supported,metadata-supported,,uncheckable,,
full,3848,OZO0HlVqb4I,6,uplifting vibe that could add a touch of Esther Mugabu's influence to your video.,metadata,metadata-supported,metadata-supported,,uncheckable,,
full,3854,o0v1PJLLCOU,1,Allow me to recommend 'Paluch' by Paluch.,metadata,metadata-supported,metadata-supported,,uncheckable,,
full,3854,o0v1PJLLCOU,2,It's a track from his album 'Paluch'.,metadata,metadata-supported,metadata-supported,,uncheckable,,
full,3854,o0v1PJLLCOU,3,"The song combines elements of Hip-Hop, electronic",audio,audio-supported,audio-supported,,,,
full,3854,o0v1PJLLCOU,4,"chillout genres, with a danceable beat.",audio,audio-supported,audio-supported,,,,
full,3854,o0v1PJLLCOU,5,It was released in 2009,metadata,metadata-supported,metadata-supported,,uncheckable,,
full,3854,o0v1PJLLCOU,6,may contain the specific elements you are looking for.,prompt,prompt-supported,prompt-supported,,,,
full,3868,JZ90v4OTouI,1,Allow me to recommend 'Pookey' by Pookey.,metadata,metadata-supported,metadata-supported,,uncheckable,,
full,3868,JZ90v4OTouI,2,It's a track from their album 'Pookey'.,metadata,metadata-supported,metadata-supported,,uncheckable,,
full,3868,JZ90v4OTouI,3,"It combines elements of hip-hop, electronic",audio,audio-supported,audio-supported,,,,
full,3868,JZ90v4OTouI,4,fast-paced drums that could be a fitting choice for your video.,video,video-supported,video-supported,,,,
full,3879,S1_4mMOJhsM,1,Allow me to recommend 'Gone Away' by LK.,metadata,metadata-supported,metadata-supported,,uncheckable,,
full,3879,S1_4mMOJhsM,2,R&B track with Indian vocal elements.,audio,audio-supported,audio-supported,,,,
full,3879,S1_4mMOJhsM,3,"Although I don't have much information about the specific album or artist, the song itself aligns well with the soulful",metadata,metadata-supported,metadata-supported,,uncheckable,,
full,3879,S1_4mMOJhsM,4,R&B style you're looking for.,prompt,prompt-supported,prompt-supported,,,,
full,3886,OCbQUH1DKFM,1,"In that case, I would recommend 'Love",general,general-supported,general-supported,,,,
full,3886,OCbQUH1DKFM,2,Happiness' by Kero One & Tuomo.,metadata,metadata-supported,metadata-supported,,uncheckable,,
full,3886,OCbQUH1DKFM,3,"This track combines elements of Hip-Hop, soul, R&B",audio,audio-supported,audio-supported,,,,
full,3886,OCbQUH1DKFM,4,It has a smooth,unknown,unsupported,unsupported,,,,
full,3886,OCbQUH1DKFM,5,soulful vibe that would be perfect for your video.,unknown,unsupported,unsupported,,,,
full,3890,tK0e5Q7VzwM,1,"Allow me to recommend 'Прости меня, моя любовь' by GROSU.",metadata,metadata-supported,metadata-supported,,uncheckable,,
full,3890,tK0e5Q7VzwM,2,"It's a track from their album 'Прости меня, моя любовь'.",metadata,metadata-supported,metadata-supported,,uncheckable,,
full,3890,tK0e5Q7VzwM,3,"The song combines elements of pop, rock",audio,audio-supported,audio-supported,,,,
full,3890,tK0e5Q7VzwM,4,folk with female vocals,audio,audio-supported,audio-supported,,,,
full,3890,tK0e5Q7VzwM,5,It was released in 2012,metadata,metadata-supported,metadata-supported,,uncheckable,,
full,3890,tK0e5Q7VzwM,6,may contain the specific elements you are looking for.,prompt,prompt-supported,prompt-supported,,,,
full,3900,c6gTcwOCzW0,1,Allow me to recommend 'No Mediocre' by T.I.,metadata,metadata-supported,metadata-supported,,uncheckable,,
full,3900,c6gTcwOCzW0,2,It's a track from his album 'No Mediocre'.,metadata,metadata-supported,metadata-supported,,uncheckable,,
full,3900,c6gTcwOCzW0,3,"It combines elements of Hip-Hop, electronic",audio,audio-supported,audio-supported,,,,
full,3900,c6gTcwOCzW0,4,R&B with fast-paced beats,audio,audio-supported,audio-supported,,,,
full,3900,c6gTcwOCzW0,5,It was released in 2014,metadata,metadata-supported,metadata-supported,,uncheckable,,
full,3900,c6gTcwOCzW0,6,may contain the specific elements you want.,prompt,prompt-supported,prompt-supported,,,,
full,3915,4Q4VQyHfiPI,1,Allow me to recommend 'Se siente el party' by Jhon KPO & Edsson.,metadata,metadata-supported,metadata-supported,,uncheckable,,
full,3915,4Q4VQyHfiPI,2,It's a track from their album 'Se siente el party'.,metadata,metadata-supported,metadata-supported,,uncheckable,,
full,3915,4Q4VQyHfiPI,3,"It combines elements of electronic, pop",audio,audio-supported,audio-supported,,,,
full,3915,4Q4VQyHfiPI,4,Hip-Hop with catchy vocals,audio,audio-supported,audio-supported,,,,
full,3915,4Q4VQyHfiPI,5,It was released in 2013,metadata,metadata-supported,metadata-supported,,uncheckable,,
full,3915,4Q4VQyHfiPI,6,may contain the specific elements you're looking for.,prompt,prompt-supported,prompt-supported,,,,
full,3919,ssw7e465RZw,1,"jazzy vibe with a pop vibe, I'd recommend 'A Night Like This' by Caro Emerald.",metadata,metadata-supported,metadata-supported,pop,supported,,
full,3919,ssw7e465RZw,2,It's a track from her album 'A Night Like This',metadata,metadata-supported,metadata-supported,,uncheckable,,
full,3919,ssw7e465RZw,3,it perfectly captures that 50s,unknown,unsupported,metadata-supported,,,,
full,3919,ssw7e465RZw,4,It's a great choice for a wedding video.,general,general-supported,general-supported,,,,
full,3977,ii3hBHG1Yt8,1,"In that case, I would recommend 'The Way I Feel' by EVALINE.",metadata,metadata-supported,metadata-supported,,uncheckable,,
full,3977,ii3hBHG1Yt8,2,This track is part of their album 'The Way I Feel',metadata,metadata-supported,metadata-supported,,uncheckable,,
full,3977,ii3hBHG1Yt8,3,"offers a unique blend of rock, indie",audio,audio-supported,audio-supported,,,,
full,3977,ii3hBHG1Yt8,4,It has a catchy,unknown,unsupported,audio-supported,,,,
full,3977,ii3hBHG1Yt8,5,energetic vibe that would be perfect for your video.,audio,audio-supported,audio-supported,,,,
full,4001,qVMPAqwkyls,1,"In that case, I would recommend 'Tem coragem Part MCKAUAN' by MC Guynho.",metadata,metadata-supported,metadata-supported,,uncheckable,,
full,4001,qVMPAqwkyls,2,"This track has a unique blend of Hip-Hop, electronic, rock",audio,audio-supported,audio-supported,,,,
full,4001,qVMPAqwkyls,3,"It also has elements of electronica, which adds an interesting twist to the music.",unknown,unsupported,unsupported,,,,
full,4001,qVMPAqwkyls,4,It's part of the album 'Tem coragem',metadata,metadata-supported,metadata-supported,,uncheckable,,
full,4001,qVMPAqwkyls,5,was released in 2012.,metadata,metadata-supported,metadata-supported,,uncheckable,,
full,4012,_APP-9CLbe0,1,Allow me to recommend 'Sportowiec' by Sportowiec.,metadata,metadata-supported,metadata-supported,,uncheckable,,
full,4012,_APP-9CLbe0,2,It's a track from their album 'Sportowiec'.,metadata,metadata-supported,metadata-supported,,uncheckable,,
full,4012,_APP-9CLbe0,3,"It combines elements of hip-hop, electronic",audio,audio-supported,audio-supported,,,,
full,4012,_APP-9CLbe0,4,chillout with a touch of jazz.,unknown,unsupported,audio-supported,,,,
full,4012,_APP-9CLbe0,5,The song has a relaxed,unknown,unsupported,general-supported,,,,
full,4012,_APP-9CLbe0,6,laid-back vibe that could be a fitting choice for your video.,general,general-supported,general-supported,,,,
full,4076,a-NTUHSyhRM,1,"In that case, I would recommend 'The Reason' by Reks.",metadata,metadata-supported,metadata-supported,,uncheckable,,
full,4076,a-NTUHSyhRM,2,"This track combines elements of Hip-Hop, electronic, indie, rock",audio,audio-supported,audio-supported,,,,
full,4076,a-NTUHSyhRM,3,It has a unique blend of genres that will add depth,unknown,unsupported,unsupported,,,,
full,4076,a-NTUHSyhRM,4,variety to your video.,unknown,unsupported,unsupported,,,,
full,4082,yb8-rAGLuDY,1,I recommend 'Дети улиц' by ZR.,metadata,metadata-supported,metadata-supported,,uncheckable,,
full,4082,yb8-rAGLuDY,2,It's a track from their album 'Дети улиц'.,metadata,metadata-supported,metadata-supported,,uncheckable,,
full,4082,yb8-rAGLuDY,3,"The song combines elements of rock, punk",audio,audio-supported,audio-supported,,,,
full,4082,yb8-rAGLuDY,4,alternative with a fast-paced,audio,audio-supported,audio-supported,,,,
full,4082,yb8-rAGLuDY,5,It was released in 2013,metadata,metadata-supported,metadata-supported,,uncheckable,,
full,4082,yb8-rAGLuDY,6,captures the essence of ZR's style.,metadata,metadata-supported,metadata-supported,,uncheckable,,
full,4089,COWLQpVuI9E,1,"In that case, I'd recommend 'Ring Dem Bells' by G-Swing.",metadata,metadata-supported,metadata-supported,,uncheckable,,
full,4089,COWLQpVuI9E,2,"This track combines elements of jazz, pop",audio,audio-supported,audio-supported,,,,
full,4089,COWLQpVuI9E,3,"oldies, with a touch of rock",unknown,unsupported,audio-supported,,,,
full,4089,COWLQpVuI9E,4,It has a unique blend of genres that could add a dynamic,unknown,unsupported,unsupported,,,,
full,4089,COWLQpVuI9E,5,international flavor to your video.,unknown,unsupported,unsupported,,,,
full,4115,L4GR_c3taS0,1,I suggest using 'White & Nerdy' by 'Weird Al' Yankovic.,metadata,metadata-supported,metadata-supported,,uncheckable,,
full,4115,L4GR_c3taS0,2,electronic track with a pop,unknown,unsupported,unsupported,,,,
full,4115,L4GR_c3taS0,3,The song has a catchy,unknown,unsupported,audio-supported,,,,
full,4115,L4GR_c3taS0,4,humorous sound that could add a fun,audio,audio-supported,audio-supported,,,,
full,4115,L4GR_c3taS0,5,quirky element to your video.,unknown,unsupported,audio-supported,,,,
full,4122,_n5Mjdy1Ap4,1,I would recommend 'Body Shake' by Lace Up.,metadata,metadata-supported,metadata-supported,,uncheckable,,
full,4122,_n5Mjdy1Ap4,2,This track has an indie pop,unknown,unsupported,audio-supported,,,,
full,4122,_n5Mjdy1Ap4,3,"alternative sound, which would be a perfect fit for your video.",audio,audio-supported,audio-supported,,,,
full,4122,_n5Mjdy1Ap4,4,It's part of the album 'Body Shake',metadata,metadata-supported,metadata-supported,,uncheckable,,
full,4123,hjSKLM7xcqk,1,Allow me to recommend 'Lejos De Aquí' by Kudai.,metadata,metadata-supported,metadata-supported,,uncheckable,,
full,4123,hjSKLM7xcqk,2,It's a track from their album 'Lejos De Aquí'.,metadata,metadata-supported,metadata-supported,,uncheckable,,
full,4123,hjSKLM7xcqk,3,"It combines elements of pop, rock",audio,audio-supported,audio-supported,,,,
full,4123,hjSKLM7xcqk,4,electronic music with female vocals.,audio,audio-supported,audio-supported,,,,
full,4123,hjSKLM7xcqk,5,"This song could be a fitting choice for your video, as it aligns well with the rock",general,general-supported,general-supported,,,,
full,4123,hjSKLM7xcqk,6,pop genres you mentioned.,audio,audio-supported,audio-supported,,,,
full,4131,Oq34XT2zfD4,1,How about 'Live in Concert' by The Band?,metadata,metadata-supported,metadata-supported,,uncheckable,,
full,4131,Oq34XT2zfD4,2,It's a live performance of their song 'Live in Concert'.,metadata,metadata-supported,metadata-supported,,uncheckable,,
full,4131,Oq34XT2zfD4,3,The Band is known for their rock,metadata,metadata-supported,metadata-supported,rock,supported,,
full,4131,Oq34XT2zfD4,4,this track showcases their talents in a live setting.,unknown,unsupported,metadata-supported,,,,
full,4131,Oq34XT2zfD4,5,It could be a fitting choice to incorporate the live music elements you're looking for.,prompt,prompt-supported,prompt-supported,,,,
full,4153,RQg_-dByKqQ,1,Allow me to recommend 'History' by EXO-M.,preference,preference-supported,preference-supported,,uncheckable,"the user demonstrates a clear preference for upbeat and energetic music, particularly tracks with a driving rhythm and a danceable beat. they appreciate a blend of electronic and pop elements, favoring sophisticated soundscapes and infectious melodies. they've shown an interest in k-pop, specifically artists like super junior and exo-m, and seem to value polished production quality and catchy vocal harmonies. the user prefers upbeat and energetic music for working and creating a vibrant atmosphere. the user enjoys music with a driving rhythm and a danceable beat. the user appreciates a blend of electronic and pop music elements. the user has shown interest in k-pop artists like super junior and exo-m. the user appreciates polished production quality and catchy vocal harmonies. the user prefers music with a stronger beat, avoiding softer or retro-focused styles unless in a specific mood.","while open to exploring different styles, the user generally seeks music that inspires movement and avoids overly complex or 'busy' productions. the user finds overly complex or 'busy' productions overwhelming and prefers a cleaner sound."
full,4153,RQg_-dByKqQ,2,It's a track from their album 'History'.,preference,preference-supported,preference-supported,,uncheckable,"the user demonstrates a clear preference for upbeat and energetic music, particularly tracks with a driving rhythm and a danceable beat. they appreciate a blend of electronic and pop elements, favoring sophisticated soundscapes and infectious melodies. they've shown an interest in k-pop, specifically artists like super junior and exo-m, and seem to value polished production quality and catchy vocal harmonies. the user prefers upbeat and energetic music for working and creating a vibrant atmosphere. the user enjoys music with a driving rhythm and a danceable beat. the user appreciates a blend of electronic and pop music elements. the user has shown interest in k-pop artists like super junior and exo-m. the user appreciates polished production quality and catchy vocal harmonies. the user prefers music with a stronger beat, avoiding softer or retro-focused styles unless in a specific mood.","while open to exploring different styles, the user generally seeks music that inspires movement and avoids overly complex or 'busy' productions. the user finds overly complex or 'busy' productions overwhelming and prefers a cleaner sound."
full,4153,RQg_-dByKqQ,3,"It combines elements of electronic, hip-hop",audio,audio-supported,audio-supported,,,,
full,4153,RQg_-dByKqQ,4,R&B with a fast-paced techno beat that could be a fitting choice for your video.,video,video-supported,video-supported,,,,
full,4153,RQg_-dByKqQ,5,It was released in 2013 which may contain the specific element you want.,prompt,prompt-supported,prompt-supported,,,,
no_explicit_norm,57,2aXypurqNlA,1,I'm sure I don't know what you're looking for.,prompt,prompt-supported,prompt-supported,,,,
no_explicit_norm,57,2aXypurqNlA,2,I'm sure I'm I'm looking for a track that I don't know anything.,prompt,prompt-supported,prompt-supported,,,,
no_explicit_norm,57,2aXypurqNlA,3,I'm not sure about the track you're looking for a track that you're looking for a track that you're looking for a track that you're looking for a track that you're looking for a track that you're looking for a track that you're looking for a track that you're looking for a track that you're looking for a track that you're looking for a track that you',prompt,prompt-supported,prompt-supported,,,,
no_explicit_norm,87,XCfdu5SAhiE,1,I recommend 'The Devil's Playground' by Obsessive Compulsive.,metadata,metadata-supported,metadata-supported,,uncheckable,,
no_explicit_norm,87,XCfdu5SAhiE,2,It's a track from their album 'The Devil's Playground'.,metadata,metadata-supported,metadata-supported,,uncheckable,,
no_explicit_norm,87,XCfdu5SAhiE,3,"The song combines elements of heavy metal, rock",audio,audio-supported,audio-supported,,,,
no_explicit_norm,87,XCfdu5SAhiE,4,It has a powerful,unknown,unsupported,audio-supported,,,,
no_explicit_norm,87,XCfdu5SAhiE,5,energetic sound that could be a fitting choice for your video.,audio,audio-supported,audio-supported,,,,
no_explicit_norm,94,o5Y6dgFL1a8,1,Allow me to recommend 'Mi Vida' by Renato.,metadata,metadata-supported,metadata-supported,,uncheckable,,
no_explicit_norm,94,o5Y6dgFL1a8,2,It's a track from their album 'Mi Vida'.,metadata,metadata-supported,metadata-supported,,uncheckable,,
no_explicit_norm,94,o5Y6dgFL1a8,3,"The song combines elements of rock, indie",audio,audio-supported,audio-supported,,,,
no_explicit_norm,94,o5Y6dgFL1a8,4,"blues, which aligns well with the style you're looking for.",prompt,prompt-supported,prompt-supported,,,,
no_explicit_norm,94,o5Y6dgFL1a8,5,It was released in 2013,metadata,metadata-supported,metadata-supported,,uncheckable,,
no_explicit_norm,94,o5Y6dgFL1a8,6,has a distinctive sound that could add a unique touch to your video.,audio,audio-supported,audio-supported,,,,
no_explicit_norm,107,RVNvBnar_rI,1,I suggest checking out 'BMF (Big_Heat)' by Romeo Mystic.,metadata,metadata-supported,metadata-supported,,uncheckable,,
no_explicit_norm,107,RVNvBnar_rI,2,"It's a track that combines elements of pop, rock, soul",audio,audio-supported,audio-supported,,,,
no_explicit_norm,107,RVNvBnar_rI,3,"Although I don't have much information about the specific album or artists, the song itself has a unique blend of genres that could be a fitting choice for your video.",metadata,metadata-supported,metadata-supported,,uncheckable,,
no_explicit_norm,137,sAelu_dNL8o,1,Allow me to recommend 'Silva Duss' by Silva Duss.,metadata,metadata-supported,metadata-supported,,uncheckable,,
no_explicit_norm,137,sAelu_dNL8o,2,It's a track from his album 'Silva Duss'.,metadata,metadata-supported,metadata-supported,,uncheckable,,
no_explicit_norm,137,sAelu_dNL8o,3,"It combines elements of electronic, chillout",audio,audio-supported,audio-supported,,,,
no_explicit_norm,137,sAelu_dNL8o,4,ambient with a pop influence.,audio,audio-supported,audio-supported,,,,
no_explicit_norm,137,sAelu_dNL8o,5,The song has a relaxed,unknown,unsupported,general-supported,,,,
no_explicit_norm,137,sAelu_dNL8o,6,soothing vibe that could be a fitting choice for your video.,general,general-supported,general-supported,,,,
no_explicit_norm,147,CX5a4IWs26Q,1,I suggest you consider 'Pedestal' by London Savoy.,metadata,metadata-supported,metadata-supported,,uncheckable,,
no_explicit_norm,147,CX5a4IWs26Q,2,"It's an electronic track with elements of rock, indie",unknown,unsupported,unsupported,,,,
no_explicit_norm,147,CX5a4IWs26Q,3,The song has a unique,unknown,unsupported,audio-supported,,,,
no_explicit_norm,147,CX5a4IWs26Q,4,captivating sound that could add a distinctive touch to your video.,audio,audio-supported,audio-supported,,,,
no_explicit_norm,147,CX5a4IWs26Q,5,It was released in 2012,metadata,metadata-supported,metadata-supported,,uncheckable,,
no_explicit_norm,147,CX5a4IWs26Q,6,has a music video directed by Jake Scott.,metadata,metadata-supported,metadata-supported,,uncheckable,,
no_explicit_norm,232,YuHgyJXc2d0,1,I'm a dance track that has a dance,unknown,unsupported,audio-supported,,,,
no_explicit_norm,232,YuHgyJXc2d0,2,It's a dance track that combines elements from the dance,audio,audio-supported,audio-supported,,,,
no_explicit_norm,232,YuHgyJXc2d0,3,I'm a dance track that has a dance,unknown,unsupported,audio-supported,,,,
no_explicit_norm,232,YuHgyJXc2d0,4,It's a dance track that combines elements from the dance,audio,audio-supported,audio-supported,,,,
no_explicit_norm,232,YuHgyJXc2d0,5,I'm a dance track that has a dance,unknown,unsupported,audio-supported,,,,
no_explicit_norm,232,YuHgyJXc2d0,6,I'm a dance track that combines elements from the dance,audio,audio-supported,audio-supported,,,,
no_explicit_norm,232,YuHgyJXc2d0,7,I'm a dance track that has a dance,unknown,unsupported,audio-supported,,,,
no_explicit_norm,262,P3jifWfHfig,1,I recommend 'LA ROUTE EST ENCORE LONGUE' by Djaz Djam's.,metadata,metadata-supported,metadata-supported,,uncheckable,,
no_explicit_norm,262,P3jifWfHfig,2,"It's a track that combines elements of hip-hop, rock",audio,audio-supported,audio-supported,,,,
no_explicit_norm,262,P3jifWfHfig,3,electronic with a male vocal,audio,audio-supported,audio-supported,,,,
no_explicit_norm,262,P3jifWfHfig,4,It has a mix of rock,unknown,unsupported,audio-supported,,,,
no_explicit_norm,262,P3jifWfHfig,5,"alternative influences, which could be a fitting choice for your video.",audio,audio-supported,audio-supported,,,,
no_explicit_norm,267,KyKn6hdF_ok,1,Allow me to recommend 'Honey Bee' by Honey Bee.,metadata,metadata-supported,metadata-supported,,uncheckable,,
no_explicit_norm,267,KyKn6hdF_ok,2,It's a track from their album 'Honey Bee'.,metadata,metadata-supported,metadata-supported,,uncheckable,,
no_explicit_norm,267,KyKn6hdF_ok,3,"It combines elements of rock, alternative",audio,audio-supported,audio-supported,,,,
no_explicit_norm,267,KyKn6hdF_ok,4,pop with fast-paced guitar,audio,audio-supported,audio-supported,,,,
no_explicit_norm,267,KyKn6hdF_ok,5,It was released in 2009,metadata,metadata-supported,metadata-supported,,uncheckable,,
no_explicit_norm,267,KyKn6hdF_ok,6,may contain the specific elements you're looking for.,prompt,prompt-supported,prompt-supported,,,,
no_explicit_norm,271,T6KPb4tsHBI,1,I'm a track that combines the most suitable background music.,general,general-supported,general-supported,,,,
no_explicit_norm,271,T6KPb4tsHBI,2,I'm a fan of the track.,unknown,unsupported,unsupported,,,,
no_explicit_norm,271,T6KPb4tsHBI,3,I'm a fan of the track.,unknown,unsupported,unsupported,,,,
no_explicit_norm,271,T6KPb4tsHBI,4,I'm a fan of the track.,unknown,unsupported,unsupported,,,,
no_explicit_norm,271,T6KPb4tsHBI,5,I'm a fan of the track.,unknown,unsupported,unsupported,,,,
no_explicit_norm,271,T6KPb4tsHBI,6,I'm a fan of the track.,unknown,unsupported,unsupported,,,,
no_explicit_norm,271,T6KPb4tsHBI,7,I'm a fan of the track.,unknown,unsupported,unsupported,,,,
no_explicit_norm,271,T6KPb4tsHBI,8,I'm a fan of the track.,unknown,unsupported,unsupported,,,,
no_explicit_norm,271,T6KPb4tsHBI,9,I'm a fan of the track.,unknown,unsupported,unsupported,,,,
no_explicit_norm,271,T6KPb4tsHBI,10,I'm a fan of the track.,unknown,unsupported,unsupported,,,,
no_explicit_norm,271,T6KPb4tsHBI,11,I'm a fan of the track.,unknown,unsupported,unsupported,,,,
no_explicit_norm,271,T6KPb4tsHBI,12,I'm a fan of the track.,unknown,unsupported,unsupported,,,,
no_explicit_norm,271,T6KPb4tsHBI,13,I'm a fan of the track.,unknown,unsupported,unsupported,,,,
no_explicit_norm,271,T6KPb4tsHBI,14,I'm a fan of,unknown,unsupported,unsupported,,,,
no_explicit_norm,282,2hmtOxkXNZ8,1,"In that case, I would recommend 'Szóljon' by LLP from the album 'Rímsztorik'.",metadata,metadata-supported,metadata-supported,,uncheckable,,
no_explicit_norm,282,2hmtOxkXNZ8,2,"This track combines elements of hip-hop, rock",audio,audio-supported,audio-supported,,,,
no_explicit_norm,282,2hmtOxkXNZ8,3,It has a pop,unknown,unsupported,audio-supported,,,,
no_explicit_norm,282,2hmtOxkXNZ8,4,indie influence as well.,audio,audio-supported,audio-supported,,,,
no_explicit_norm,282,2hmtOxkXNZ8,5,diverse track that can add a unique touch to your video.,unknown,unsupported,unsupported,,,,
no_explicit_norm,294,a7zMsx9Mmh0,1,I'm sorry for the more I'm sorry for the more I'm sorry for the more I'm sorry for the more I'm sorry for the more I'm sorry for the more I'm sorry for the more I'm sorry for the more I'm sorry for the more I'm sorry for the more I'm sorry for the more I'm sorry for the more I'm sorry for the more I'm sorry for the More I'm sorry for the More I'm sorry for the More I'm sorry for the More I'm sorry for the More I',unknown,unsupported,unsupported,,,,
no_explicit_norm,324,5NJk1JT5KHw,1,I'd like to recommend the most suitable background music.,general,general-supported,general-supported,,,,
no_explicit_norm,324,5NJk1JT5KHw,2,I'd like to recommend the most suitable.,general,general-supported,general-supported,,,,
no_explicit_norm,324,5NJk1JT5KHw,3,I'd like to recommend this.,general,general-supported,general-supported,,,,
no_explicit_norm,324,5NJk1JT5KHw,4,I'd like to recommend the most suitable.,general,general-supported,general-supported,,,,
no_explicit_norm,324,5NJk1JT5KHw,5,I'd like to recommend the most suitable.,general,general-supported,general-supported,,,,
no_explicit_norm,324,5NJk1JT5KHw,6,I'd like to recommend this.,general,general-supported,general-supported,,,,
no_explicit_norm,324,5NJk1JT5KHw,7,I'd like to recommend the most suitable.,general,general-supported,general-supported,,,,
no_explicit_norm,324,5NJk1JT5KHw,8,I'd like to recommend this.,general,general-supported,general-supported,,,,
no_explicit_norm,324,5NJk1JT5KHw,9,I'd like to recommend this.,general,general-supported,general-supported,,,,
no_explicit_norm,324,5NJk1JT5KHw,10,I'd like to recommend this.,general,general-supported,general-supported,,,,
no_explicit_norm,324,5NJk1JT5KHw,11,I'd like to recommend the most suitable.,general,general-supported,general-supported,,,,
no_explicit_norm,324,5NJk1JT5KHw,12,I'd like to recommend this.,general,general-supported,general-supported,,,,
no_explicit_norm,324,5NJk1JT5KHw,13,I'd like to recommend this.,general,general-supported,general-supported,,,,
no_explicit_norm,335,HgABvzJnlJg,1,I'm a I'm a musician I'm a musician I'm a musician I'm a musician I'm a musician I'm a musician I'm a musician I'm a musician I'm a musician I'm a musician I'm a musician I'm a musician I'm a musician I'm a musician I'm a musician I'm a musician I'm a musician I'm a musician I'm a musician I'm a musician I'm a,unknown,unsupported,unsupported,,,,
no_explicit_norm,363,pGK_sukBKh4,1,I'm a fan of the track's name is 'Bonj' I'm a fan of the track's name 'Bonj' I'm a fan of the track's music video' I'm a fan of the track's name' I'm a fan' I'm a fan' I'm a fan' I'm a fan' I'm a fan' I'm a fan' I'm a fan' I'm a fan' I'm a fan' I'm a fan' I'm,unknown,unsupported,unsupported,,,,
no_explicit_norm,391,ACH0CU0gxBw,1,I'm looking for a track that incorporates elements of Hip-Hop,prompt,prompt-supported,prompt-supported,,,,
no_explicit_norm,391,ACH0CU0gxBw,2,I'm looking for a track that incorporates elements of Hip-Hop,prompt,prompt-supported,prompt-supported,,,,
no_explicit_norm,391,ACH0CU0gxBw,3,I'm looking for a track that incorporates elements of Hip-Hop,prompt,prompt-supported,prompt-supported,,,,
no_explicit_norm,391,ACH0CU0gxBw,4,I'm looking for a track that incorporates elements of Hip-Hop,prompt,prompt-supported,prompt-supported,,,,
no_explicit_norm,391,ACH0CU0gxBw,5,I'm looking for a track that incorporates elements of Hip-Hop,prompt,prompt-supported,prompt-supported,,,,
no_explicit_norm,391,ACH0CU0gxBw,6,I'm looking for a track that incorporates elements of Hip-Hop,prompt,prompt-supported,prompt-supported,,,,
no_explicit_norm,402,RYnJQ3Fsvgw,1,Allow me to recommend 'The Saddest Thing About You Is Me' by Falling In Reverse.,metadata,metadata-supported,metadata-supported,,uncheckable,,
no_explicit_norm,402,RYnJQ3Fsvgw,2,It's a track from their album 'The Saddest Thing About You Is Me'.,metadata,metadata-supported,metadata-supported,,uncheckable,,
no_explicit_norm,402,RYnJQ3Fsvgw,3,"The song combines elements of rock, heavy metal",audio,audio-supported,audio-supported,,,,
no_explicit_norm,402,RYnJQ3Fsvgw,4,"punk, which could be a fitting choice for your video.",general,general-supported,general-supported,,,,
no_explicit_norm,402,RYnJQ3Fsvgw,5,It has a fast-paced,audio,audio-supported,audio-supported,,,,
no_explicit_norm,422,HQdmbzK4pUk,1,In the VENTIL ALBUM In the VENTIL ALBUM In the VENTIL ALBUM In the VENTIL ALBUM In the VENTIL ALBUM In the VENTIL ALB In the VENTIL ALB In the VENTIL ALB In the VENTIL ALB In the VENTIL ALB In the VENTIL ALB In the VENTIL ALB In the VENTIL ALB In the VENTIL ALB In the VENTIL ALB In the VENTIL ALB In the VENTIL ALB In the VENT,metadata,metadata-supported,metadata-supported,,uncheckable,,
no_explicit_norm,431,ekQJ3VmZdA8,1,I recommend 'Blac' by Blac.,metadata,metadata-supported,metadata-supported,,uncheckable,,
no_explicit_norm,431,ekQJ3VmZdA8,2,electronic track with elements of Hip-Hop,unknown,unsupported,unsupported,,,,
no_explicit_norm,431,ekQJ3VmZdA8,3,The song has a female vocalist,audio,audio-supported,audio-supported,,,,
no_explicit_norm,431,ekQJ3VmZdA8,4,a catchy beat that could complement your video.,audio,audio-supported,audio-supported,,,,
no_explicit_norm,431,ekQJ3VmZdA8,5,It was released in 2010,metadata,metadata-supported,metadata-supported,,uncheckable,,
no_explicit_norm,431,ekQJ3VmZdA8,6,has a unique style that aligns with Blac's distinctive style.,unknown,unsupported,metadata-supported,,,,
no_explicit_norm,434,uIp3dHFTzFA,1,Allow me to recommend 'Run Away' by Czar.,metadata,metadata-supported,metadata-supported,,uncheckable,,
no_explicit_norm,434,uIp3dHFTzFA,2,It's a track from their album 'Run Away'.,metadata,metadata-supported,metadata-supported,,uncheckable,,
no_explicit_norm,434,uIp3dHFTzFA,3,"The song combines elements of hip-hop, electronic",audio,audio-supported,audio-supported,,,,
no_explicit_norm,434,uIp3dHFTzFA,4,indie with a touch of rock.,unknown,unsupported,audio-supported,,,,
no_explicit_norm,434,uIp3dHFTzFA,5,It has a unique,unknown,unsupported,audio-supported,,,,
no_explicit_norm,434,uIp3dHFTzFA,6,experimental sound that could be a fitting choice for your video.,audio,audio-supported,audio-supported,,,,
no_explicit_norm,454,sliGVW57LNc,1,I's I'm not sure about the G's I'm not sure about the G's.,unknown,unsupported,unsupported,,,,
no_explicit_norm,454,sliGVW57LNc,2,I'm not sure about the G's.,unknown,unsupported,unsupported,,,,
no_explicit_norm,454,sliGVW57LNc,3,I'm not sure about The G's I'm not sure about The G's I'm not sure about The G's I'm not sure about The G's I'm not sure about The G's.,unknown,unsupported,unsupported,,,,
no_explicit_norm,454,sliGVW57LNc,4,I'm not sure about The G's I'm not sure about The G's I'm not sure about The G's I'm not sure about The G's I',unknown,unsupported,unsupported,,,,
no_explicit_norm,458,pjPt3wst5kU,1,Allow me to recommend 'LA VÉRITÉ' by DEM.,metadata,metadata-supported,metadata-supported,,uncheckable,,
no_explicit_norm,458,pjPt3wst5kU,2,It's a track from their album 'LA VÉRITÉ'.,metadata,metadata-supported,metadata-supported,,uncheckable,,
no_explicit_norm,458,pjPt3wst5kU,3,"It combines elements of hip-hop, R&B",audio,audio-supported,audio-supported,,,,
no_explicit_norm,458,pjPt3wst5kU,4,soul with female vocals.,audio,audio-supported,audio-supported,,,,
no_explicit_norm,458,pjPt3wst5kU,5,The song has a pop,unknown,unsupported,audio-supported,,,,
no_explicit_norm,458,pjPt3wst5kU,6,rock influence as well.,audio,audio-supported,audio-supported,,,,
no_explicit_norm,458,pjPt3wst5kU,7,It was released in 2012,metadata,metadata-supported,metadata-supported,,uncheckable,,
no_explicit_norm,458,pjPt3wst5kU,8,could be a fitting choice for your video.,general,general-supported,general-supported,,,,
no_explicit_norm,464,dbqdq02F_xs,1,"In that case, I would recommend 'Wedding Day' by PURE.",metadata,metadata-supported,metadata-supported,,uncheckable,,
no_explicit_norm,464,dbqdq02F_xs,2,"This track is a perfect fit for your video as it combines elements of dance, pop",audio,audio-supported,audio-supported,,,,
no_explicit_norm,464,dbqdq02F_xs,3,It features female vocals,audio,audio-supported,audio-supported,,,,
no_explicit_norm,464,dbqdq02F_xs,4,energetic vibe that will add a fun,audio,audio-supported,audio-supported,,,,
no_explicit_norm,464,dbqdq02F_xs,5,lively atmosphere to your video.,general,general-supported,general-supported,,,,
no_explicit_norm,472,5SKS_xcBS5w,1,Allow me to recommend 'Levelling The Land' by The Levellers.,metadata,metadata-supported,metadata-supported,,uncheckable,,
no_explicit_norm,472,5SKS_xcBS5w,2,It's a track from their album 'Levelling The Land'.,metadata,metadata-supported,metadata-supported,,uncheckable,,
no_explicit_norm,472,5SKS_xcBS5w,3,"The song combines elements of indie rock, alternative rock",audio,audio-supported,audio-supported,,,,
no_explicit_norm,472,5SKS_xcBS5w,4,pop with a touch of 80s influence.,audio,audio-supported,audio-supported,,,,
no_explicit_norm,472,5SKS_xcBS5w,5,It was released in 2009,metadata,metadata-supported,metadata-supported,,uncheckable,,
no_explicit_norm,472,5SKS_xcBS5w,6,may contain the specific elements you're looking for.,prompt,prompt-supported,prompt-supported,,,,
no_explicit_norm,507,KVkCNazp81U,1,Allow me to recommend '快樂快樂' by 謝霆鋒.,metadata,metadata-supported,metadata-supported,,uncheckable,,
no_explicit_norm,507,KVkCNazp81U,2,It's a track from his album '快樂快樂'.,metadata,metadata-supported,metadata-supported,,uncheckable,,
no_explicit_norm,507,KVkCNazp81U,3,"It combines elements of rock, indie",audio,audio-supported,audio-supported,,,,
no_explicit_norm,507,KVkCNazp81U,4,pop with alternative influences.,audio,audio-supported,audio-supported,,,,
no_explicit_norm,507,KVkCNazp81U,5,The song features guitar,audio,audio-supported,audio-supported,,,,
no_explicit_norm,507,KVkCNazp81U,6,upbeat sound that could be a fitting choice for your video.,audio,audio-supported,audio-supported,,,,
no_explicit_norm,517,y6bA4iBzN6o,1,"In that case, I would recommend 'Immortal King' by Tamuya Thrash Tribe.",metadata,metadata-supported,metadata-supported,,uncheckable,,
no_explicit_norm,517,y6bA4iBzN6o,2,This track is instrumental,audio,audio-supported,audio-supported,,,,
no_explicit_norm,517,y6bA4iBzN6o,3,"falls under the genres of metal, heavy metal, rock",audio,audio-supported,audio-supported,,,,
no_explicit_norm,517,y6bA4iBzN6o,4,It has a powerful,unknown,unsupported,audio-supported,,,,
no_explicit_norm,517,y6bA4iBzN6o,5,intense sound that will add a unique touch to your video.,audio,audio-supported,audio-supported,,,,
no_explicit_norm,519,8nynhOhU6_I,1,How about 'I'm So Paid' by Lil' Kim featuring T-Pain,metadata,metadata-supported,metadata-supported,,uncheckable,,
no_explicit_norm,519,8nynhOhU6_I,2,It's a track from Lil' Kim's album 'I'm So Paid'.,metadata,metadata-supported,metadata-supported,,uncheckable,,
no_explicit_norm,519,8nynhOhU6_I,3,"This song combines elements of R&B, pop",audio,audio-supported,audio-supported,,,,
no_explicit_norm,519,8nynhOhU6_I,4,It features female vocals,audio,audio-supported,audio-supported,,,,
no_explicit_norm,519,8nynhOhU6_I,5,energetic vibe that could be a great fit for your video.,audio,audio-supported,audio-supported,,,,
no_explicit_norm,587,uh4j6lGVwYk,1,"In that case, I would recommend 'Vida de Patrão' by MC Romarinho.",metadata,metadata-supported,metadata-supported,,uncheckable,,
no_explicit_norm,587,uh4j6lGVwYk,2,"This track combines elements of Hip-Hop, electronic, pop",audio,audio-supported,audio-supported,,,,
no_explicit_norm,587,uh4j6lGVwYk,3,It has a catchy beat,audio,audio-supported,audio-supported,,,,
no_explicit_norm,587,uh4j6lGVwYk,4,a vibrant energy that would be perfect for your video.,unknown,unsupported,audio-supported,,,,
no_explicit_norm,593,U5p1VMH4Vwc,1,Allow me to recommend 'Love Story' by Taylor Swift.,metadata,metadata-supported,metadata-supported,,uncheckable,,
no_explicit_norm,593,U5p1VMH4Vwc,2,It's a track from her album 'Love Story'.,metadata,metadata-supported,metadata-supported,,uncheckable,,
no_explicit_norm,593,U5p1VMH4Vwc,3,"It combines elements of pop, rock",audio,audio-supported,audio-supported,,,,
no_explicit_norm,593,U5p1VMH4Vwc,4,indie with female vocals.,audio,audio-supported,audio-supported,,,,
no_explicit_norm,593,U5p1VMH4Vwc,5,The song has a nostalgic,unknown,unsupported,general-supported,,,,
no_explicit_norm,593,U5p1VMH4Vwc,6,"romantic feel, which could be a fitting choice for your video.",general,general-supported,general-supported,,,,
no_explicit_norm,596,XL_zQ2eTFTg,1,"In that case, I would recommend 'Techno",audio,audio-supported,audio-supported,,,,
no_explicit_norm,596,XL_zQ2eTFTg,2,Electronic' by Linkin Park.,metadata,metadata-supported,metadata-supported,electronic,supported,,
no_explicit_norm,596,XL_zQ2eTFTg,3,It's a track that combines elements of techno,audio,audio-supported,audio-supported,,,,
no_explicit_norm,596,XL_zQ2eTFTg,4,electronic music with a female vocalist.,audio,audio-supported,audio-supported,,,,
no_explicit_norm,596,XL_zQ2eTFTg,5,This track has a fast-paced tempo,audio,audio-supported,audio-supported,,,,
no_explicit_norm,596,XL_zQ2eTFTg,6,a loudness that can add an energetic,audio,audio-supported,audio-supported,,,,
no_explicit_norm,596,XL_zQ2eTFTg,7,powerful vibe to your video.,unknown,unsupported,video-supported,,,,
no_explicit_norm,613,jGCyuexh7xw,1,How about '캠핑보이' by 제인?,metadata,metadata-supported,metadata-supported,,uncheckable,,
no_explicit_norm,613,jGCyuexh7xw,2,It's a pop track with electronic,unknown,unsupported,audio-supported,,,,
no_explicit_norm,613,jGCyuexh7xw,3,The song features female vocals,audio,audio-supported,audio-supported,,,,
no_explicit_norm,613,jGCyuexh7xw,4,upbeat sound that could add a lively,audio,audio-supported,audio-supported,,,,
no_explicit_norm,613,jGCyuexh7xw,5,energetic vibe to your video.,audio,audio-supported,audio-supported,,,,
no_explicit_norm,633,bIFJO1BcMwY,1,Allow me to recommend 'Sweet Love' by 徐熙娣.,metadata,metadata-supported,metadata-supported,,uncheckable,,
no_explicit_norm,633,bIFJO1BcMwY,2,It's a track from her album 'Sweet Love'.,metadata,metadata-supported,metadata-supported,,uncheckable,,
no_explicit_norm,633,bIFJO1BcMwY,3,"This song combines elements of pop, rock",audio,audio-supported,audio-supported,,,,
no_explicit_norm,633,bIFJO1BcMwY,4,It features female vocals,audio,audio-supported,audio-supported,,,,
no_explicit_norm,633,bIFJO1BcMwY,5,It was released in 2014,metadata,metadata-supported,metadata-supported,,uncheckable,,
no_explicit_norm,633,bIFJO1BcMwY,6,could be a fitting choice for your video.,general,general-supported,general-supported,,,,
no_explicit_norm,662,8shUjTKagp8,1,Allow me to recommend 'BABARIA' by El Vega.,metadata,metadata-supported,metadata-supported,,uncheckable,,
no_explicit_norm,662,8shUjTKagp8,2,It's a track from their album 'BABARIA'.,metadata,metadata-supported,metadata-supported,,uncheckable,,
no_explicit_norm,662,8shUjTKagp8,3,"It combines elements of hip-hop, electronic",audio,audio-supported,audio-supported,,,,
no_explicit_norm,662,8shUjTKagp8,4,dance with indie influences that could be a fitting choice for your video.,audio,audio-supported,audio-supported,,,,
no_explicit_norm,662,8shUjTKagp8,5,It was released in 2014 which may contain the specific element you want.,prompt,prompt-supported,prompt-supported,,,,
no_explicit_norm,733,czthLeDtnNQ,1,"In that case, I would recommend 'Jokowi' by ナイトdeライト.",metadata,metadata-supported,metadata-supported,,uncheckable,,
no_explicit_norm,733,czthLeDtnNQ,2,This track has a patriotic,unknown,unsupported,unsupported,,,,
no_explicit_norm,733,czthLeDtnNQ,3,"uplifting feel, perfect for your video about Jokowi.",unknown,unsupported,unsupported,,,,
no_explicit_norm,733,czthLeDtnNQ,4,"It falls under the genres of rock, pop",audio,audio-supported,audio-supported,,,,
no_explicit_norm,733,czthLeDtnNQ,5,"alternative, with indie influences.",audio,audio-supported,audio-supported,,,,
no_explicit_norm,733,czthLeDtnNQ,6,It's a great choice to capture the spirit of Indonesia,general,general-supported,general-supported,,,,
no_explicit_norm,740,4f6TJkutA50,1,If you're looking for a heavier,prompt,prompt-supported,prompt-supported,,,,
no_explicit_norm,740,4f6TJkutA50,2,"more intense feel, I would recommend 'Kill 'Em All' by Audiomachine.",metadata,metadata-supported,metadata-supported,,uncheckable,,
no_explicit_norm,740,4f6TJkutA50,3,This track is part of the album 'Kill 'Em All',metadata,metadata-supported,metadata-supported,,uncheckable,,
no_explicit_norm,740,4f6TJkutA50,4,"It falls under the genres of metal, rock, heavy metal",audio,audio-supported,audio-supported,,,,
no_explicit_norm,740,4f6TJkutA50,5,It would be a great fit for your video.,general,general-supported,general-supported,,,,
no_explicit_norm,787,lWXHOj5fxlw,1,I recommend 'Give Your Heart A Break (DJ Mike D Remix)' by Demi Lovato.,metadata,metadata-supported,metadata-supported,,uncheckable,,
no_explicit_norm,787,lWXHOj5fxlw,2,rock track with electronic,unknown,unsupported,audio-supported,,,,
no_explicit_norm,787,lWXHOj5fxlw,3,"The remix adds a unique touch to the original song, making it a perfect choice for your video.",general,general-supported,general-supported,,,,
no_explicit_norm,826,kxN-VHNaNKE,1,Allow me to recommend 'Anchors Aweigh' by AZP.,metadata,metadata-supported,metadata-supported,,uncheckable,,
no_explicit_norm,826,kxN-VHNaNKE,2,It's a track from their album 'Anchors Aweigh'.,metadata,metadata-supported,metadata-supported,,uncheckable,,
no_explicit_norm,826,kxN-VHNaNKE,3,"It combines elements of indie, rock",audio,audio-supported,audio-supported,,,,
no_explicit_norm,826,kxN-VHNaNKE,4,folk with a touch of jazz.,unknown,unsupported,audio-supported,,,,
no_explicit_norm,826,kxN-VHNaNKE,5,The song features slow-paced drums,audio,audio-supported,audio-supported,,,,
no_explicit_norm,826,kxN-VHNaNKE,6,a guitar-focused sound that could be a fitting choice for your video.,audio,audio-supported,audio-supported,,,,
no_explicit_norm,856,gsSXKMK0VCo,1,"In that case, I would recommend 'Here Comes the Sun' by Nina Simone.",metadata,metadata-supported,metadata-supported,,uncheckable,,
no_explicit_norm,856,gsSXKMK0VCo,2,This track has a vintage feel with elements of jazz,unknown,unsupported,unsupported,,,,
no_explicit_norm,856,gsSXKMK0VCo,3,It's part of the album 'Here Comes the Sun',metadata,metadata-supported,metadata-supported,,uncheckable,,
no_explicit_norm,856,gsSXKMK0VCo,4,would be a perfect fit for your video.,general,general-supported,general-supported,,,,
no_explicit_norm,865,5GpmqR5uUBA,1,Allow me to recommend 'Dorehami' by Tohi featuring Shervin.,metadata,metadata-supported,metadata-supported,,uncheckable,,
no_explicit_norm,865,5GpmqR5uUBA,2,It's a track from Tohi's album 'Dorehami'.,metadata,metadata-supported,metadata-supported,,uncheckable,,
no_explicit_norm,865,5GpmqR5uUBA,3,"The song combines elements of hip-hop, pop",audio,audio-supported,audio-supported,,,,
no_explicit_norm,865,5GpmqR5uUBA,4,electronic music with male vocals,audio,audio-supported,audio-supported,,,,
no_explicit_norm,865,5GpmqR5uUBA,5,It was released in 2014,metadata,metadata-supported,metadata-supported,,uncheckable,,
no_explicit_norm,865,5GpmqR5uUBA,6,may contain the specific elements you're looking for.,prompt,prompt-supported,prompt-supported,,,,
no_explicit_norm,921,HH6jFd4Wn4U,1,Allow me to recommend 'Animal' by Wolfgang Gartner.,metadata,metadata-supported,metadata-supported,,uncheckable,,
no_explicit_norm,921,HH6jFd4Wn4U,2,It's a track from his album 'Animal'.,metadata,metadata-supported,metadata-supported,,uncheckable,,
no_explicit_norm,921,HH6jFd4Wn4U,3,"It combines elements of house, electro",audio,audio-supported,audio-supported,,,,
no_explicit_norm,921,HH6jFd4Wn4U,4,pop with a fast-paced techno beat that could be a fitting choice for your video.,video,video-supported,video-supported,,,,
no_explicit_norm,921,HH6jFd4Wn4U,5,It has a loud,audio,audio-supported,audio-supported,,,,
no_explicit_norm,921,HH6jFd4Wn4U,6,energetic vibe that aligns with your preferences.,preference,preference-supported,preference-supported,energetic,supported,"the user demonstrates a strong affinity for electronic music, particularly within the dance and techno genres. they appreciate energetic and upbeat tracks with a driving rhythm and a palpable 'pulse,' often seeking music that evokes a specific feeling. while they enjoy high-energy sounds, they also express a preference for a more controlled pace and a solid, four-on-the-floor beat characteristic of techno. the user finds overly frantic or 'intense' music overwhelming and gravitates towards music with a smoother feel, appreciating intricate synth work and layered sounds, but ultimately prioritizing a sense of control and balance. the user prefers electronic music, specifically dance and techno. the user enjoys music with a driving rhythm and a strong 'pulse'. the user appreciates energetic and upbeat music. the user favors music with a solid, four-on-the-floor beat, characteristic of techno. the user appreciates intricate synth work and layered sounds within electronic music.","the user prefers a more controlled pace and avoids overly frantic music. the user prefers a smoother feel in music, rather than something 'intense'."
no_explicit_norm,932,qSYpcMeAJeA,1,Allow me to recommend 'La Hora Del Adiós' by Grupo Laberinto.,metadata,metadata-supported,metadata-supported,,uncheckable,,
no_explicit_norm,932,qSYpcMeAJeA,2,It's a track from their album 'La Hora Del Adiós'.,metadata,metadata-supported,metadata-supported,,uncheckable,,
no_explicit_norm,932,qSYpcMeAJeA,3,"The song combines elements of soul, jazz",audio,audio-supported,audio-supported,,,,
no_explicit_norm,932,qSYpcMeAJeA,4,funk with a focus on vocal,audio,audio-supported,audio-supported,,,,
no_explicit_norm,932,qSYpcMeAJeA,5,It was released in 2013,metadata,metadata-supported,metadata-supported,,uncheckable,,
no_explicit_norm,932,qSYpcMeAJeA,6,has a distinctive style that could be a fitting choice for your video.,general,general-supported,general-supported,,,,
no_explicit_norm,938,TRjWPZFqQN8,1,How about 'Van De Reg'n in Den Drup' by Berlaen?,metadata,metadata-supported,metadata-supported,,uncheckable,,
no_explicit_norm,938,TRjWPZFqQN8,2,It's an electronic track with elements of rock,unknown,unsupported,unsupported,,,,
no_explicit_norm,938,TRjWPZFqQN8,3,"Although I don't have much information about this specific track, it aligns well with your preference for electronic",preference,preference-supported,preference-supported,electronic,supported,"the user demonstrates a clear preference for upbeat and energetic music, particularly within the pop genre. they enjoy dance and electronic pop, and appreciate a strong, driving beat. r&b, hip-hop, and soul music also appeal to them, provided they maintain that energetic vibe. female vocalists are a significant positive factor in their music choices. while they acknowledge appreciating interesting instrumentation, they generally prefer a fuller sound with elements like bass and percussion, and find stark, synth-driven tracks less appealing. the user prefers upbeat and energetic music. the user enjoys dance and electronic pop. the user appreciates r&b, hip-hop, and soul music with an energetic vibe. the user favors music featuring female vocalists. the user prefers a fuller sound with elements like bass and percussion. the user appreciates soulful music with a layered feel.","they actively avoid heavy metal and prioritize a smoother, lighter musical experience. the user dislikes heavy metal and intense, aggressive music."
no_explicit_norm,951,De44s3w2iZA,1,"In that case, I would recommend 'Everything I Wanna Do' by Nickelback.",metadata,metadata-supported,metadata-supported,,uncheckable,,
no_explicit_norm,951,De44s3w2iZA,2,This track is known for its intense,unknown,unsupported,audio-supported,,,,
no_explicit_norm,951,De44s3w2iZA,3,"heavy sound, perfect for creating a powerful",audio,audio-supported,audio-supported,,,,
no_explicit_norm,951,De44s3w2iZA,4,energetic atmosphere in your video.,audio,audio-supported,audio-supported,,,,
no_explicit_norm,951,De44s3w2iZA,5,"It falls under the rock, metal",audio,audio-supported,audio-supported,,,,
no_explicit_norm,951,De44s3w2iZA,6,"alternative genres, with elements of hard rock",audio,audio-supported,audio-supported,,,,
no_explicit_norm,1025,VvuwEiCtVO8,1,I'm a fan of hip-hop,unknown,unsupported,audio-supported,,,,
no_explicit_norm,1025,VvuwEiCtVO8,2,pop with soulful vocals.,audio,audio-supported,audio-supported,,,,
no_explicit_norm,1025,VvuwEiCtVO8,3,It's a track that aligns with the style of hip-hop,audio,audio-supported,audio-supported,,,,
no_explicit_norm,1025,VvuwEiCtVO8,4,pop with soulful vocals.,audio,audio-supported,audio-supported,,,,
no_explicit_norm,1025,VvuwEiCtVO8,5,It's a perfect fit for your music preferences.,preference,preference-supported,preference-supported,,uncheckable,"the user demonstrates a clear preference for music characterized by a strong, driving rhythm and a noticeable hip-hop influence. they appreciate male vocals, finding them to add energy and depth to a track. while they enjoy electronic elements, they find overly intense or frantic tempos undesirable, preferring a more consistent and groovier beat. the user seems to be seeking music that is upbeat and energetic, but not chaotic or overwhelming, and values a sense of control and consistency in the musical arrangement. they are open to exploring new sounds, but ultimately gravitate towards a balanced and rhythmic experience. the user prefers music with a strong, driving rhythm. the user enjoys music with a hip-hop influence. the user appreciates male vocals in music, finding them to add energy. the user prefers music with a consistent and groovier beat. the user appreciates electronic elements, but not in an overly intense form. the user seeks music that is upbeat and energetic, but not chaotic.",the user dislikes music with a frantic or overwhelming tempo.
no_explicit_norm,1056,kHzC8YAe2Oc,1,Allow me to recommend 'Lejos de Ti' by Shamanes Crew.,metadata,metadata-supported,metadata-supported,,uncheckable,,
no_explicit_norm,1056,kHzC8YAe2Oc,2,It's a track from their album 'Lejos de Ti'.,metadata,metadata-supported,metadata-supported,,uncheckable,,
no_explicit_norm,1056,kHzC8YAe2Oc,3,"It combines elements of electronic, dance",audio,audio-supported,audio-supported,,,,
no_explicit_norm,1056,kHzC8YAe2Oc,4,pop with a fast-paced beat,audio,audio-supported,audio-supported,,,,
no_explicit_norm,1056,kHzC8YAe2Oc,5,This song may be a fitting choice for your video.,general,general-supported,general-supported,,,,
no_explicit_norm,1061,N6RMg8iZbbQ,1,"In that case, I would recommend 'You Don't Have To Say It' by Lazy J ft; 2 Chainz.",metadata,metadata-supported,metadata-supported,,uncheckable,,
no_explicit_norm,1061,N6RMg8iZbbQ,2,"This track combines elements of Hip-Hop, electronic, rock",audio,audio-supported,audio-supported,,,,
no_explicit_norm,1061,N6RMg8iZbbQ,3,pop with a touch of indie,unknown,unsupported,audio-supported,,,,
no_explicit_norm,1061,N6RMg8iZbbQ,4,It has a male vocal,audio,audio-supported,audio-supported,,,,
no_explicit_norm,1061,N6RMg8iZbbQ,5,"a techno sound, which adds a unique touch to the overall vibe.",audio,audio-supported,audio-supported,,,,
no_explicit_norm,1085,CT9laYZXITg,1,Allow me to recommend 'LAST CHANCE' by f(x).,metadata,metadata-supported,metadata-supported,,uncheckable,,
no_explicit_norm,1085,CT9laYZXITg,2,It's a track from their album 'LAST CHANCE'.,metadata,metadata-supported,metadata-supported,,uncheckable,,
no_explicit_norm,1085,CT9laYZXITg,3,"The song combines elements of pop, rock",audio,audio-supported,audio-supported,,,,
no_explicit_norm,1085,CT9laYZXITg,4,"alternative genres, with female vocals.",audio,audio-supported,audio-supported,,,,
no_explicit_norm,1085,CT9laYZXITg,5,It has a distinctive indie,unknown,unsupported,general-supported,,,,
no_explicit_norm,1085,CT9laYZXITg,6,alternative vibe that could be a fitting choice for your video.,general,general-supported,general-supported,,,,
no_explicit_norm,1100,24M11INn_bw,1,I would recommend 'Policjant' by Baobab.,metadata,metadata-supported,metadata-supported,,uncheckable,,
no_explicit_norm,1100,24M11INn_bw,2,"This track combines elements of rock, indie, pop",audio,audio-supported,audio-supported,,,,
no_explicit_norm,1100,24M11INn_bw,3,"funk, creating a unique",unknown,unsupported,audio-supported,,,,
no_explicit_norm,1100,24M11INn_bw,4,It's part of the album 'Policjant',metadata,metadata-supported,metadata-supported,,uncheckable,,
no_explicit_norm,1100,24M11INn_bw,5,would be a great fit for your video.,general,general-supported,general-supported,,,,
no_explicit_norm,1102,Mu7FJGPdz6w,1,I'm a music I'm talking about the music I'm talking about the music I'm talking about the music I'm talking about the music I'm talking about the music I'm talking about the music I'm talking about the music I'm talking about the music I'm talking about the music I'm talking about the music I'm talking about the music I'm talking about the music I'm talking about the music I'm talking about the music I'm talking about the music I'm talking about the music I'm talking about the music I'm talking,unknown,unsupported,unsupported,,,,
no_explicit_norm,1125,PbvyXeJlkpk,1,Allow me to recommend 'Call Me' by Savear featuring Reef.,metadata,metadata-supported,metadata-supported,,uncheckable,,
no_explicit_norm,1125,PbvyXeJlkpk,2,It's a track from their album 'Call Me'.,metadata,metadata-supported,metadata-supported,,uncheckable,,
no_explicit_norm,1125,PbvyXeJlkpk,3,"It combines elements of Hip-Hop, electronic",audio,audio-supported,audio-supported,,,,
no_explicit_norm,1125,PbvyXeJlkpk,4,R&B with a pop,unknown,unsupported,audio-supported,,,,
no_explicit_norm,1125,PbvyXeJlkpk,5,The song was released in 2012,metadata,metadata-supported,metadata-supported,,uncheckable,,
no_explicit_norm,1125,PbvyXeJlkpk,6,may contain the specific elements you're looking for.,prompt,prompt-supported,prompt-supported,,,,
no_explicit_norm,1177,75HVZaaBsXk,1,How about 'Hoy No' by Los Mismos?,metadata,metadata-supported,metadata-supported,,uncheckable,,
no_explicit_norm,1177,75HVZaaBsXk,2,It's a track from their album 'Hoy No'.,metadata,metadata-supported,metadata-supported,,uncheckable,,
no_explicit_norm,1177,75HVZaaBsXk,3,"The song combines elements of hip-hop, soul, funk",audio,audio-supported,audio-supported,,,,
no_explicit_norm,1177,75HVZaaBsXk,4,"jazz, which could be a fitting choice for your video.",general,general-supported,general-supported,,,,
no_explicit_norm,1177,75HVZaaBsXk,5,It was released in 2012,metadata,metadata-supported,metadata-supported,,uncheckable,,
no_explicit_norm,1177,75HVZaaBsXk,6,has a unique blend of genres that you're looking for.,prompt,prompt-supported,prompt-supported,,,,
no_explicit_norm,1255,7D5hr6JO_Gw,1,I recommend 'Ambkor' by Ambkor.,metadata,metadata-supported,metadata-supported,,uncheckable,,
no_explicit_norm,1255,7D5hr6JO_Gw,2,It's a track from his album 'Ambkor'.,metadata,metadata-supported,metadata-supported,,uncheckable,,
no_explicit_norm,1255,7D5hr6JO_Gw,3,"The song combines elements of Hip-Hop, electronic",audio,audio-supported,audio-supported,,,,
no_explicit_norm,1255,7D5hr6JO_Gw,4,"rock genres, which aligns well with Ambkor's distinctive style.",audio,audio-supported,audio-supported,,,,
no_explicit_norm,1255,7D5hr6JO_Gw,5,It was released in 2014,metadata,metadata-supported,metadata-supported,,uncheckable,,
no_explicit_norm,1255,7D5hr6JO_Gw,6,has a catchy beat,audio,audio-supported,audio-supported,,,,
no_explicit_norm,1255,7D5hr6JO_Gw,7,energetic vibe that could be a fitting choice for your video.,audio,audio-supported,audio-supported,,,,
no_explicit_norm,1267,_EJZzZbzGqo,1,Allow me to recommend 'Nie wiem' by Paweł Sałdan.,metadata,metadata-supported,metadata-supported,,uncheckable,,
no_explicit_norm,1267,_EJZzZbzGqo,2,It's a track from his album 'Nie wiem'.,metadata,metadata-supported,metadata-supported,,uncheckable,,
no_explicit_norm,1267,_EJZzZbzGqo,3,"It combines elements of electronic, house",audio,audio-supported,audio-supported,,,,
no_explicit_norm,1267,_EJZzZbzGqo,4,pop with a dance,unknown,unsupported,audio-supported,,,,
no_explicit_norm,1267,_EJZzZbzGqo,5,beat-focused sound that could be a fitting choice for your video.,audio,audio-supported,audio-supported,,,,
no_explicit_norm,1268,gA8EGM6eNCI,1,I suggest checking out 'El Roockie' by El Roockie.,metadata,metadata-supported,metadata-supported,,uncheckable,,
no_explicit_norm,1268,gA8EGM6eNCI,2,It's a track from their album 'El Roockie'.,metadata,metadata-supported,metadata-supported,,uncheckable,,
no_explicit_norm,1268,gA8EGM6eNCI,3,"The song combines elements of pop, electronic",audio,audio-supported,audio-supported,,,,
no_explicit_norm,1268,gA8EGM6eNCI,4,"hip-hop, which aligns well with El Roockie's distinctive style.",audio,audio-supported,audio-supported,,,,
no_explicit_norm,1268,gA8EGM6eNCI,5,It was released in 2010,metadata,metadata-supported,metadata-supported,,uncheckable,,
no_explicit_norm,1268,gA8EGM6eNCI,6,energetic vibe that could be a fitting choice for your video.,audio,audio-supported,audio-supported,,,,
no_explicit_norm,1333,sZNtPlWq5gI,1,Allow me to recommend 'Christmas Theme' by The Christmas Theme.,metadata,metadata-supported,metadata-supported,,uncheckable,,
no_explicit_norm,1333,sZNtPlWq5gI,2,"It's a track that combines elements of hip-hop, electronic",audio,audio-supported,audio-supported,,,,
no_explicit_norm,1333,sZNtPlWq5gI,3,"rock genres, with a touch of holiday spirit.",audio,audio-supported,audio-supported,,,,
no_explicit_norm,1333,sZNtPlWq5gI,4,"Although I don't have much information about this track, it might be a fitting choice for your video.",general,general-supported,general-supported,,,,
no_explicit_norm,1350,V224ftBNwws,1,Allow me to recommend 'You'll Never Run Out Of Love' by Anna Richey.,metadata,metadata-supported,metadata-supported,,uncheckable,,
no_explicit_norm,1350,V224ftBNwws,2,It's a track from her album 'You'll Never Run Out Of Love'.,metadata,metadata-supported,metadata-supported,,uncheckable,,
no_explicit_norm,1350,V224ftBNwws,3,"It combines elements of pop, electronic",audio,audio-supported,audio-supported,,,,
no_explicit_norm,1350,V224ftBNwws,4,chillout with female vocals.,audio,audio-supported,audio-supported,,,,
no_explicit_norm,1350,V224ftBNwws,5,It was released in 2012,metadata,metadata-supported,metadata-supported,,uncheckable,,
no_explicit_norm,1350,V224ftBNwws,6,could be a fitting choice for your video.,general,general-supported,general-supported,,,,
no_explicit_norm,1366,6KvqOumQ7LA,1,I recommend 'Dança do Quadrado' by Iran Costa.,metadata,metadata-supported,metadata-supported,,uncheckable,,
no_explicit_norm,1366,6KvqOumQ7LA,2,It's a dance track with electronic,unknown,unsupported,audio-supported,,,,
no_explicit_norm,1366,6KvqOumQ7LA,3,The song has a catchy beat,audio,audio-supported,audio-supported,,,,
no_explicit_norm,1366,6KvqOumQ7LA,4,a lively vibe that could be a great fit for your video.,general,general-supported,general-supported,,,,
no_explicit_norm,1366,6KvqOumQ7LA,5,It was released in 2012,metadata,metadata-supported,metadata-supported,,uncheckable,,
no_explicit_norm,1366,6KvqOumQ7LA,6,has a music video directed by Felipe Braga.,metadata,metadata-supported,metadata-supported,,uncheckable,,
no_explicit_norm,1370,Piak7SITdyc,1,"In that case, I would recommend 'Sewu Kuto' by Didi Kempot.",metadata,metadata-supported,metadata-supported,,uncheckable,,
no_explicit_norm,1370,Piak7SITdyc,2,"This track has a beautiful blend of indie, folk",audio,audio-supported,audio-supported,,,,
no_explicit_norm,1370,Piak7SITdyc,3,It features female vocals,audio,audio-supported,audio-supported,,,,
no_explicit_norm,1370,Piak7SITdyc,4,a guitar-driven sound that will give your video a unique,audio,audio-supported,audio-supported,,,,
no_explicit_norm,1387,74ryfba6Bls,1,Allow me to recommend 'スピード' by 神聖かまってちゃん.,metadata,metadata-supported,metadata-supported,,uncheckable,,
no_explicit_norm,1387,74ryfba6Bls,2,It's a track from their album 'スピード'.,metadata,metadata-supported,metadata-supported,,uncheckable,,
no_explicit_norm,1387,74ryfba6Bls,3,"It combines elements of rock, indie",audio,audio-supported,audio-supported,,,,
no_explicit_norm,1387,74ryfba6Bls,4,electronic with a fast-paced,audio,audio-supported,audio-supported,,,,
no_explicit_norm,1387,74ryfba6Bls,5,The song has a unique blend of electronic beats,audio,audio-supported,audio-supported,,,,
no_explicit_norm,1387,74ryfba6Bls,6,indie influences that could be a fitting choice for your video.,audio,audio-supported,audio-supported,,,,
no_explicit_norm,1388,aasg9gPQAy4,1,How about 'V bublinách' by KONECKONCŮ?,metadata,metadata-supported,metadata-supported,,uncheckable,,
no_explicit_norm,1388,aasg9gPQAy4,2,It's an indie rock track with alternative influences.,audio,audio-supported,audio-supported,,,,
no_explicit_norm,1388,aasg9gPQAy4,3,The song has a guitar-driven sound,audio,audio-supported,audio-supported,,,,
no_explicit_norm,1388,aasg9gPQAy4,4,It was released in 2013,metadata,metadata-supported,metadata-supported,,uncheckable,,
no_explicit_norm,1388,aasg9gPQAy4,5,could be a fitting choice for your video.,general,general-supported,general-supported,,,,
no_explicit_norm,1392,aMiUOwiAHFQ,1,Allow me to recommend 'Soso Yu' by Denny & Jowie ft Cyriel.,metadata,metadata-supported,metadata-supported,,uncheckable,,
no_explicit_norm,1392,aMiUOwiAHFQ,2,It's a track from Cookie the Herbalist's album 'Soso Yu'.,metadata,metadata-supported,metadata-supported,,uncheckable,,
no_explicit_norm,1392,aMiUOwiAHFQ,3,"The song combines elements of hip-hop, electronic",audio,audio-supported,audio-supported,,,,
no_explicit_norm,1392,aMiUOwiAHFQ,4,"dance, which aligns well with your preferences.",preference,preference-supported,preference-supported,dance,supported,"the user demonstrates a clear preference for music with a strong electronic influence and a driving, danceable rhythm. they appreciate soulful vocals and clever, layered electronic elements, often seeking music suitable for a night out. hip-hop influences are also appreciated, suggesting a broader taste within the electronic music spectrum. the user prefers music with a strong electronic influence. the user enjoys music with a driving, danceable rhythm. the user appreciates soulful vocals within their music preferences. the user favors music with a degree of rawness over highly polished productions. the user appreciates hip-hop influences in music. the user seeks music suitable for a night out, indicating a preference for energetic tracks.","while open to exploring new sounds, the user gravitates towards tracks with a degree of rawness and avoids overly polished or 'bright' vocal performances. they seem to enjoy music that encourages movement and possesses a distinct energy, indicating a dislike for overly cheerful or dated sounds. the user dislikes overly cheerful or 'bright' vocal performances."
no_explicit_norm,1392,aMiUOwiAHFQ,5,It was released in 2014,metadata,metadata-supported,metadata-supported,,uncheckable,,
no_explicit_norm,1392,aMiUOwiAHFQ,6,energetic vibe that could be a fitting choice for your video.,audio,audio-supported,audio-supported,,,,
no_explicit_norm,1412,P5_qGtuWUT0,1,Allow me to recommend 'El Chumbeque' by El Chumbeque.,metadata,metadata-supported,metadata-supported,,uncheckable,,
no_explicit_norm,1412,P5_qGtuWUT0,2,It's a track from their album 'El Chumbeque'.,metadata,metadata-supported,metadata-supported,,uncheckable,,
no_explicit_norm,1412,P5_qGtuWUT0,3,"It combines elements of hip-hop, electronic",audio,audio-supported,audio-supported,,,,
no_explicit_norm,1412,P5_qGtuWUT0,4,vocal influences that could be a fitting choice for your video.,audio,audio-supported,audio-supported,,,,
no_explicit_norm,1413,Yrvc2S0o4MI,1,I'm a fan of the music you're looking for a music video by Bumpin's music.,prompt,prompt-supported,prompt-supported,,,,
no_explicit_norm,1413,Yrvc2S0o4MI,2,I'm a fan of the music you're looking for a music video by Bumpin's music.,prompt,prompt-supported,prompt-supported,,,,
no_explicit_norm,1413,Yrvc2S0o4MI,3,I'm a fan of the music you're looking for a music video by Bumpin's music's music' I'm a fan of the music you're looking for a music video by Bumpin's music's music' by Bumpin's music's music's music's music's music's music's music',prompt,prompt-supported,prompt-supported,,,,
no_explicit_norm,1419,YwGUMYrj7As,1,Allow me to recommend 'Solo Tu' by Pastora Soler.,metadata,metadata-supported,metadata-supported,,uncheckable,,
no_explicit_norm,1419,YwGUMYrj7As,2,It's a track from her album 'Solo Tu'.,metadata,metadata-supported,metadata-supported,,uncheckable,,
no_explicit_norm,1419,YwGUMYrj7As,3,"The song combines elements of pop, soul",audio,audio-supported,audio-supported,,,,
no_explicit_norm,1419,YwGUMYrj7As,4,"rock, with Pastora Soler's powerful",unknown,unsupported,audio-supported,,,,
no_explicit_norm,1419,YwGUMYrj7As,5,It was released in 2011,metadata,metadata-supported,metadata-supported,,uncheckable,,
no_explicit_norm,1419,YwGUMYrj7As,6,could be a fitting choice for your video.,general,general-supported,general-supported,,,,
no_explicit_norm,1450,6FFDbru0HS8,1,I'm a fan of Dweeb's music.,unknown,unsupported,unsupported,,,,
no_explicit_norm,1450,6FFDbru0HS8,2,I recommend 'Dweeb's music.,general,general-supported,general-supported,,,,
no_explicit_norm,1450,6FFDbru0HS8,3,"It combines elements of rock, electronic",audio,audio-supported,audio-supported,,,,
no_explicit_norm,1450,6FFDbru0HS8,4,indie with a pop,unknown,unsupported,audio-supported,,,,
no_explicit_norm,1450,6FFDbru0HS8,5,"This track has a unique blend of rock, electronic",audio,audio-supported,audio-supported,,,,
no_explicit_norm,1450,6FFDbru0HS8,6,"indie influences, which aligns well with Dweeb's music.",audio,audio-supported,audio-supported,,,,
no_explicit_norm,1450,6FFDbru0HS8,7,"It's a great choice for a track that combines elements of rock, electronic",audio,audio-supported,audio-supported,,,,
no_explicit_norm,1450,6FFDbru0HS8,8,indie with a pop,unknown,unsupported,audio-supported,,,,
no_explicit_norm,1450,6FFDbru0HS8,9,"This track has a mix of rock, electronic",unknown,unsupported,audio-supported,,,,
no_explicit_norm,1450,6FFDbru0HS8,10,indie influences that aligns well with Dweeb's music,audio,audio-supported,audio-supported,,,,
no_explicit_norm,1523,naEzZHwLYXQ,1,Allow me to recommend 'Chcę być żoną' by Tropic.,metadata,metadata-supported,metadata-supported,,uncheckable,,
no_explicit_norm,1523,naEzZHwLYXQ,2,It's a track from their album 'Chcę być żoną'.,metadata,metadata-supported,metadata-supported,,uncheckable,,
no_explicit_norm,1523,naEzZHwLYXQ,3,"It combines elements of dance, pop",audio,audio-supported,audio-supported,,,,
no_explicit_norm,1523,naEzZHwLYXQ,4,electronic music with female vocals.,audio,audio-supported,audio-supported,,,,
no_explicit_norm,1523,naEzZHwLYXQ,5,It was released in 2014,metadata,metadata-supported,metadata-supported,,uncheckable,,
no_explicit_norm,1523,naEzZHwLYXQ,6,may contain the specific elements you want.,prompt,prompt-supported,prompt-supported,,,,
no_explicit_norm,1530,QjaPQaX_tW0,1,How about 'Sunshine' by The Dirty Youth?,metadata,metadata-supported,metadata-supported,,uncheckable,,
no_explicit_norm,1530,QjaPQaX_tW0,2,It's a track from their album 'Sunshine'.,metadata,metadata-supported,metadata-supported,,uncheckable,,
no_explicit_norm,1530,QjaPQaX_tW0,3,"The song combines elements of rock, indie",audio,audio-supported,audio-supported,,,,
no_explicit_norm,1530,QjaPQaX_tW0,4,"jazz, which could add a unique touch to your video.",unknown,unsupported,audio-supported,,,,
no_explicit_norm,1530,QjaPQaX_tW0,5,It has a guitar-driven sound,audio,audio-supported,audio-supported,,,,
no_explicit_norm,1572,kCFviFyxnkw,1,I recommend 'Bir Dünya' by Katia.,metadata,metadata-supported,metadata-supported,,uncheckable,,
no_explicit_norm,1572,kCFviFyxnkw,2,It's a dance-pop track with electronic elements.,unknown,unsupported,unsupported,,,,
no_explicit_norm,1572,kCFviFyxnkw,3,The song features Katia's distinctive female vocals,audio,audio-supported,audio-supported,,,,
no_explicit_norm,1572,kCFviFyxnkw,4,was released in 2013.,metadata,metadata-supported,metadata-supported,,uncheckable,,
no_explicit_norm,1572,kCFviFyxnkw,5,"It could be a fitting choice for your video, combining the dance, pop",general,general-supported,general-supported,,,,
no_explicit_norm,1572,kCFviFyxnkw,6,electronic genres you're looking for.,prompt,prompt-supported,prompt-supported,,,,
no_explicit_norm,1577,Min9wc8Kfe8,1,Allow me to recommend 'The Last to Say' by Bahh Tee.,metadata,metadata-supported,metadata-supported,,uncheckable,,
no_explicit_norm,1577,Min9wc8Kfe8,2,It's a track from his album 'The Last to Say'.,metadata,metadata-supported,metadata-supported,,uncheckable,,
no_explicit_norm,1577,Min9wc8Kfe8,3,"It combines elements of indie, R&B",audio,audio-supported,audio-supported,,,,
no_explicit_norm,1577,Min9wc8Kfe8,4,pop with male vocals.,audio,audio-supported,audio-supported,,,,
no_explicit_norm,1577,Min9wc8Kfe8,5,The song has a unique,unknown,unsupported,general-supported,,,,
no_explicit_norm,1577,Min9wc8Kfe8,6,distinctive style that could be a fitting choice for your video.,general,general-supported,general-supported,,,,
no_explicit_norm,1594,3MVAF5vrSMU,1,I'm not sure if you're looking for a specific track or album.,prompt,prompt-supported,prompt-supported,,,,
no_explicit_norm,1594,3MVAF5vrSMU,2,I'm not sure if you're looking for a track that combines the electronic,prompt,prompt-supported,prompt-supported,,,,
no_explicit_norm,1594,3MVAF5vrSMU,3,alternative influences you want.,prompt,prompt-supported,prompt-supported,,,,
no_explicit_norm,1594,3MVAF5vrSMU,4,"In that case, I recommend 'B.A.M.S' by the title, album, or track that you're looking for a specific track that combines the electronic",prompt,prompt-supported,prompt-supported,,,,
no_explicit_norm,1594,3MVAF5vrSMU,5,alternative influences you want.,prompt,prompt-supported,prompt-supported,,,,
no_explicit_norm,1594,3MVAF5vrSMU,6,"In that case, I recommend 'B.A.M.S' I don't know much about this track.",general,general-supported,general-supported,,,,
no_explicit_norm,1594,3MVAF5vrSMU,7,"In addition to the targeted music, I'm not sure if you're",unknown,unsupported,unsupported,,,,
no_explicit_norm,1612,QNBMWc72U3U,1,If you're looking for a pop,prompt,prompt-supported,prompt-supported,,,,
no_explicit_norm,1612,QNBMWc72U3U,2,"dance vibe, I would recommend 'Analisis de los Hechos' by Ilv.",metadata,metadata-supported,metadata-supported,dance,not_found,,
no_explicit_norm,1612,QNBMWc72U3U,3,"This track combines elements of pop, Hip-Hop, electronic",audio,audio-supported,audio-supported,,,,
no_explicit_norm,1612,QNBMWc72U3U,4,It has a catchy,unknown,unsupported,audio-supported,,,,
no_explicit_norm,1612,QNBMWc72U3U,5,upbeat sound that will add energy to your video.,audio,audio-supported,audio-supported,,,,
no_explicit_norm,1655,cx9qhhWk3Ys,1,Allow me to recommend 'Durma com os Anjos' by Salai featuring Chakal.,metadata,metadata-supported,metadata-supported,,uncheckable,,
no_explicit_norm,1655,cx9qhhWk3Ys,2,It's a track from the album 'Durma com os Anjos'.,metadata,metadata-supported,metadata-supported,,uncheckable,,
no_explicit_norm,1655,cx9qhhWk3Ys,3,"This song combines elements of hip-hop, R&B",audio,audio-supported,audio-supported,,,,
no_explicit_norm,1655,cx9qhhWk3Ys,4,It has a catchy,unknown,unsupported,audio-supported,,,,
no_explicit_norm,1655,cx9qhhWk3Ys,5,energetic vibe that could be a fitting choice for your video.,audio,audio-supported,audio-supported,,,,
no_explicit_norm,1711,2CbVHt-lU78,1,Allow me to recommend 'All I See' by Scor Novy.,metadata,metadata-supported,metadata-supported,,uncheckable,,
no_explicit_norm,1711,2CbVHt-lU78,2,It's a track from their album 'All I See'.,metadata,metadata-supported,metadata-supported,,uncheckable,,
no_explicit_norm,1711,2CbVHt-lU78,3,"It combines elements of hip-hop, R&B",audio,audio-supported,audio-supported,,,,
no_explicit_norm,1711,2CbVHt-lU78,4,soul with electronic beats that could be a fitting choice for your video.,audio,audio-supported,audio-supported,,,,
no_explicit_norm,1711,2CbVHt-lU78,5,It has a pop,unknown,unsupported,audio-supported,,,,
no_explicit_norm,1711,2CbVHt-lU78,6,vocal influence as well.,audio,audio-supported,audio-supported,,,,
no_explicit_norm,1749,__oSdfgDF_c,1,I'm sure you're looking for a video that combines the elements of a video that you're looking for a video that combines these elements.,prompt,prompt-supported,prompt-supported,,,,
no_explicit_norm,1749,__oSdfgDF_c,2,I'm sure you're looking for a video that combines these elements.,prompt,prompt-supported,prompt-supported,,,,
no_explicit_norm,1749,__oSdfgDF_c,3,I'm sure you're looking for a video that combines these elements.,prompt,prompt-supported,prompt-supported,,,,
no_explicit_norm,1749,__oSdfgDF_c,4,I'm sure you're looking for a video that combines these elements.,prompt,prompt-supported,prompt-supported,,,,
no_explicit_norm,1749,__oSdfgDF_c,5,I'm sure you're looking for a video that combines these elements.,prompt,prompt-supported,prompt-supported,,,,
no_explicit_norm,1749,__oSdfgDF_c,6,I'm sure you're looking for a video that combines these elements.,prompt,prompt-supported,prompt-supported,,,,
no_explicit_norm,1749,__oSdfgDF_c,7,I'm sure you're looking for a,prompt,prompt-supported,prompt-supported,,,,
no_explicit_norm,1756,caSwmDP5d-0,1,I'm a fan of the 90s.,unknown,unsupported,unsupported,,,,
no_explicit_norm,1756,caSwmDP5d-0,2,I'm a fan of the 90s.,unknown,unsupported,unsupported,,,,
no_explicit_norm,1756,caSwmDP5d-0,3,I'm a fan of the 90s.,unknown,unsupported,unsupported,,,,
no_explicit_norm,1756,caSwmDP5d-0,4,I'm a fan of the 90s.,unknown,unsupported,unsupported,,,,
no_explicit_norm,1756,caSwmDP5d-0,5,I'm a fan of the 90s.,unknown,unsupported,unsupported,,,,
no_explicit_norm,1756,caSwmDP5d-0,6,I'm a fan of the 90s.,unknown,unsupported,unsupported,,,,
no_explicit_norm,1756,caSwmDP5d-0,7,I'm a fan of the 90s.,unknown,unsupported,unsupported,,,,
no_explicit_norm,1756,caSwmDP5d-0,8,I'm a fan of the 90s.,unknown,unsupported,unsupported,,,,
no_explicit_norm,1756,caSwmDP5d-0,9,I'm a fan of the 90s.,unknown,unsupported,unsupported,,,,
no_explicit_norm,1756,caSwmDP5d-0,10,I'm a fan of the 90s.,unknown,unsupported,unsupported,,,,
no_explicit_norm,1763,52lU6aZSffY,1,"In that case, I would recommend 'A(c) - In the dark'.",metadata,metadata-supported,metadata-supported,,uncheckable,,
no_explicit_norm,1763,52lU6aZSffY,2,This track has a melodic,metadata,metadata-supported,metadata-supported,melodic,not_found,,
no_explicit_norm,1763,52lU6aZSffY,3,pop-rock sound with female vocals.,audio,audio-supported,audio-supported,,,,
no_explicit_norm,1763,52lU6aZSffY,4,It's part of the album 'A(c) - In the dark',metadata,metadata-supported,metadata-supported,,uncheckable,,
no_explicit_norm,1763,52lU6aZSffY,5,it's performed by A(c).,metadata,metadata-supported,metadata-supported,,uncheckable,,
no_explicit_norm,1763,52lU6aZSffY,6,It would be a great fit for your video.,general,general-supported,general-supported,,,,
no_explicit_norm,1856,Gsg6phjViZ0,1,Allow me to recommend 'Me,general,general-supported,general-supported,,,,
no_explicit_norm,1856,Gsg6phjViZ0,2,My Friends by J; 2012.,metadata,metadata-supported,metadata-supported,,uncheckable,,
no_explicit_norm,1856,Gsg6phjViZ0,3,This track has a more experimental,unknown,unsupported,audio-supported,,,,
no_explicit_norm,1856,Gsg6phjViZ0,4,"ambient sound, perfect for creating a unique atmosphere in your video.",audio,audio-supported,audio-supported,,,,
no_explicit_norm,1856,Gsg6phjViZ0,5,It is part of the album 'Me,metadata,metadata-supported,metadata-supported,,uncheckable,,
no_explicit_norm,1856,Gsg6phjViZ0,6,My Friends by J; 2012.,metadata,metadata-supported,metadata-supported,,uncheckable,,
no_explicit_norm,1856,Gsg6phjViZ0,7,This track has a more experimental,unknown,unsupported,audio-supported,,,,
no_explicit_norm,1856,Gsg6phjViZ0,8,"ambient sound, perfect for creating a unique atmosphere in your video.",audio,audio-supported,audio-supported,,,,
no_explicit_norm,1856,Gsg6phjViZ0,9,It is part of the album 'Me,metadata,metadata-supported,metadata-supported,,uncheckable,,
no_explicit_norm,1856,Gsg6phjViZ0,10,My Friends by J; 2012.,metadata,metadata-supported,metadata-supported,,uncheckable,,
no_explicit_norm,1856,Gsg6phjViZ0,11,This track has a more experimental,unknown,unsupported,audio-supported,,,,
no_explicit_norm,1856,Gsg6phjViZ0,12,"ambient sound, perfect for creating a unique atmosphere in your video.",audio,audio-supported,audio-supported,,,,
no_explicit_norm,1856,Gsg6phjViZ0,13,It is part of the album ',metadata,metadata-supported,metadata-supported,,uncheckable,,
no_explicit_norm,1866,HjQlrOyOnjo,1,"In that case, I would recommend 'I'm Yours' by Michael McEachern.",metadata,metadata-supported,metadata-supported,,uncheckable,,
no_explicit_norm,1866,HjQlrOyOnjo,2,This track features a female vocalist,audio,audio-supported,audio-supported,,,,
no_explicit_norm,1866,HjQlrOyOnjo,3,"has elements of rock, pop",unknown,unsupported,audio-supported,,,,
no_explicit_norm,1866,HjQlrOyOnjo,4,It's part of the album 'I'm Yours',metadata,metadata-supported,metadata-supported,,uncheckable,,
no_explicit_norm,1866,HjQlrOyOnjo,5,would be a great fit for your video.,general,general-supported,general-supported,,,,
no_explicit_norm,1873,hPZh4qrJxxg,1,I recommend 'DJ STAVO - MADAGASCAR'.,general,general-supported,general-supported,,,,
no_explicit_norm,1873,hPZh4qrJxxg,2,It's a track from DJ STAVO's album 'DJ STAVO - MADAGASCAR'.,metadata,metadata-supported,metadata-supported,,uncheckable,,
no_explicit_norm,1873,hPZh4qrJxxg,3,"The song combines elements of electronic, indie",audio,audio-supported,audio-supported,,,,
no_explicit_norm,1873,hPZh4qrJxxg,4,"rock genres, which aligns well with DJ STAVO's distinctive style.",audio,audio-supported,audio-supported,,,,
no_explicit_norm,1873,hPZh4qrJxxg,5,It has a fast-paced,audio,audio-supported,audio-supported,,,,
no_explicit_norm,1873,hPZh4qrJxxg,6,energetic sound that could be a fitting choice for your video.,audio,audio-supported,audio-supported,,,,
no_explicit_norm,1962,kEfo8WvxuJE,1,I recommend 'The Witching Hour' by The Witching Hour.,metadata,metadata-supported,metadata-supported,,uncheckable,,
no_explicit_norm,1962,kEfo8WvxuJE,2,"It's a track that combines elements of rock, metal",audio,audio-supported,audio-supported,,,,
no_explicit_norm,1962,kEfo8WvxuJE,3,"Although I don't have much information about this specific track, it aligns well with your desired genres",unknown,unsupported,general-supported,,,,
no_explicit_norm,1962,kEfo8WvxuJE,4,could be a fitting choice for your video.,general,general-supported,general-supported,,,,
no_explicit_norm,1963,J0hngTpO5kA,1,Allow me to recommend '快樂' by Sun Yanzi.,metadata,metadata-supported,metadata-supported,,uncheckable,,
no_explicit_norm,1963,J0hngTpO5kA,2,It's a track from her album '快樂'.,metadata,metadata-supported,metadata-supported,,uncheckable,,
no_explicit_norm,1963,J0hngTpO5kA,3,"The song combines elements of jazz, folk",audio,audio-supported,audio-supported,,,,
no_explicit_norm,1963,J0hngTpO5kA,4,"pop, which aligns well with Sun Yanzi's distinctive style.",audio,audio-supported,audio-supported,,,,
no_explicit_norm,1963,J0hngTpO5kA,5,It was released in 2012,metadata,metadata-supported,metadata-supported,,uncheckable,,
no_explicit_norm,1963,J0hngTpO5kA,6,has a female vocalist.,audio,audio-supported,audio-supported,,,,
no_explicit_norm,1973,wvsguQGaRdw,1,"In that case, I would recommend 'Я - нищий' by Владимир Рекшан и группа 'САНКТ-ПЕТЕРБУРГ'.",metadata,metadata-supported,metadata-supported,,uncheckable,,
no_explicit_norm,1973,wvsguQGaRdw,2,"This track has a rock, pop, indie",unknown,unsupported,audio-supported,,,,
no_explicit_norm,1973,wvsguQGaRdw,3,alternative sound with elements of 80s,audio,audio-supported,audio-supported,,,,
no_explicit_norm,1973,wvsguQGaRdw,4,"drums, which will give your video a dynamic",audio,audio-supported,audio-supported,,,,
no_explicit_norm,1980,FllRntbfSZU,1,"In that case, I would recommend 'SI O NO' by Darlin.",metadata,metadata-supported,metadata-supported,,uncheckable,,
no_explicit_norm,1980,FllRntbfSZU,2,This track has a folk/country vibe,unknown,unsupported,audio-supported,,,,
no_explicit_norm,1980,FllRntbfSZU,3,features a female vocalist.,audio,audio-supported,audio-supported,,,,
no_explicit_norm,1980,FllRntbfSZU,4,It's part of the album 'SI O NO',metadata,metadata-supported,metadata-supported,,uncheckable,,
no_explicit_norm,1980,FllRntbfSZU,5,was released in 2013.,metadata,metadata-supported,metadata-supported,,uncheckable,,
no_explicit_norm,1980,FllRntbfSZU,6,It would be a great fit for your video.,general,general-supported,general-supported,,,,
no_explicit_norm,1993,lVOhveK_60A,1,I'm sure I'm sure I'm a 100 I'm a 100 I'm a 100 I'm a 100 I'm a 100 I'm a 100 I'm a 100 I'm a 100 I'm a 100 I'm a 100 I'm a 100 I'm a 100 I'm a 100 I'm a 1010 I'm a 10,unknown,unsupported,unsupported,,,,
no_explicit_norm,1997,DeXRccfzk78,1,Allow me to recommend 'Just a Dream' by Nelly.,metadata,metadata-supported,metadata-supported,,uncheckable,,
no_explicit_norm,1997,DeXRccfzk78,2,It's a track from her album 'Just a Dream'.,metadata,metadata-supported,metadata-supported,,uncheckable,,
no_explicit_norm,1997,DeXRccfzk78,3,"It combines elements of pop, rock",audio,audio-supported,audio-supported,,,,
no_explicit_norm,1997,DeXRccfzk78,4,The song features Nelly's distinctive female vocals,metadata,metadata-supported,metadata-supported,female vocals;male vocals;vocal;vocals,supported,,
no_explicit_norm,1997,DeXRccfzk78,5,could be a fitting choice for your video.,general,general-supported,general-supported,,,,
no_explicit_norm,2000,fg3WQgiIh9I,1,I suggest using 'El Pueblo' by El Pueblo.,metadata,metadata-supported,metadata-supported,,uncheckable,,
no_explicit_norm,2000,fg3WQgiIh9I,2,It's a track from their album 'El Pueblo'.,metadata,metadata-supported,metadata-supported,,uncheckable,,
no_explicit_norm,2000,fg3WQgiIh9I,3,"The song combines elements of hip-hop, rock",audio,audio-supported,audio-supported,,,,
no_explicit_norm,2000,fg3WQgiIh9I,4,electronic genres with a pop influence.,audio,audio-supported,audio-supported,,,,
no_explicit_norm,2000,fg3WQgiIh9I,5,It has a distinctive style,unknown,unsupported,unsupported,,,,
no_explicit_norm,2000,fg3WQgiIh9I,6,captures the essence of the genres you mentioned.,unknown,unsupported,unsupported,,,,
no_explicit_norm,2004,sEOplAGKqck,1,Allow me to recommend 'Tareza' by JANU.,metadata,metadata-supported,metadata-supported,,uncheckable,,
no_explicit_norm,2004,sEOplAGKqck,2,pop track with electronic,unknown,unsupported,audio-supported,,,,
no_explicit_norm,2004,sEOplAGKqck,3,"Although there is no specific information about the album or artists, the song features female vocals",metadata,metadata-supported,metadata-supported,female vocals;male vocals;vocal;vocals,supported,,
no_explicit_norm,2004,sEOplAGKqck,4,energetic vibe that could be a fitting choice for your video.,audio,audio-supported,audio-supported,,,,
no_explicit_norm,2021,1W7IC4JT6tA,1,"In that case, I would recommend 'STUNTN MEAN' by FG.",metadata,metadata-supported,metadata-supported,,uncheckable,,
no_explicit_norm,2021,1W7IC4JT6tA,2,"This track has a unique blend of Hip-Hop, electronic, experimental, indie",audio,audio-supported,audio-supported,,,,
no_explicit_norm,2021,1W7IC4JT6tA,3,It offers a fresh,unknown,unsupported,audio-supported,,,,
no_explicit_norm,2021,1W7IC4JT6tA,4,experimental sound that will add an indie vibe to your video.,audio,audio-supported,audio-supported,,,,
no_explicit_norm,2028,0Y_VUwEhyAE,1,Allow me to recommend 'Ligação' by NX Zero.,metadata,metadata-supported,metadata-supported,,uncheckable,,
no_explicit_norm,2028,0Y_VUwEhyAE,2,It's a track from their album 'Ligação'.,metadata,metadata-supported,metadata-supported,,uncheckable,,
no_explicit_norm,2028,0Y_VUwEhyAE,3,"It combines elements of pop, rock",audio,audio-supported,audio-supported,,,,
no_explicit_norm,2028,0Y_VUwEhyAE,4,alternative with male vocals,audio,audio-supported,audio-supported,,,,
no_explicit_norm,2028,0Y_VUwEhyAE,5,guitar-focused sound that could be a fitting choice for your video.,audio,audio-supported,audio-supported,,,,
no_explicit_norm,2028,0Y_VUwEhyAE,6,It was released in 2012,metadata,metadata-supported,metadata-supported,,uncheckable,,
no_explicit_norm,2028,0Y_VUwEhyAE,7,has a distinctive style that aligns with your preferences.,preference,preference-supported,preference-supported,,uncheckable,"the user demonstrates a strong preference for rock music characterized by high energy and a driving rhythm. they appreciate prominent guitar work and a loud, exciting sound, favoring more modern rock styles over classic rock. while acknowledging the appeal of a good beat, the user expresses a desire for music that is 'feelable' and impactful, rejecting complex or overly layered productions. they seem to gravitate towards a polished sound, citing 3 doors down as an example of a preferred aesthetic. electronic and hip-hop influences are not appealing, and the user seeks music with a clear, powerful presence. the user prefers rock music with a high energy level and a driving rhythm. the user favors modern rock styles over classic rock. the user appreciates prominent guitar work in their music. the user prefers a 'polished' sound, referencing 3 doors down as an example. the user seeks music that evokes a strong emotional response and 'feel'.",the user dislikes music that is overly complex or layered. the user does not enjoy electronic or hip-hop influenced music.
no_explicit_norm,2032,kKSFNLZV6HQ,1,Allow me to recommend 'Fucian - Flauta Venenosa (Tone 15 Flavor Remix)'.,metadata,metadata-supported,metadata-supported,,uncheckable,,
no_explicit_norm,2032,kKSFNLZV6HQ,2,It's a track from Fucian's album 'Fucian - Flauta Venenosa'.,metadata,metadata-supported,metadata-supported,,uncheckable,,
no_explicit_norm,2032,kKSFNLZV6HQ,3,"The song combines elements of pop, hip-hop",audio,audio-supported,audio-supported,,,,
no_explicit_norm,2032,kKSFNLZV6HQ,4,"electronic music, which could be a fitting choice for your video.",general,general-supported,general-supported,,,,
no_explicit_norm,2032,kKSFNLZV6HQ,5,It has a catchy,unknown,unsupported,preference-supported,,,,
no_explicit_norm,2032,kKSFNLZV6HQ,6,energetic vibe that aligns with your preferences.,preference,preference-supported,preference-supported,energetic,supported,"the user demonstrates a clear preference for upbeat and energetic music, particularly within the pop and electronic genres. they are drawn to tracks with a strong, driving beat and smooth, cool vocals, appreciating a vibrant and infectious feel. while enjoying latin-influenced rhythms and dance vibes, the user also expresses a desire for complexity and depth, indicating a potential interest in layered and nuanced electronic music. they find overly intense or loud tracks with fast tempos less appealing, suggesting a preference for a more balanced and controlled energy. the user prefers upbeat and energetic music, particularly pop and electronic genres. the user enjoys music with a strong, driving beat that encourages movement. the user appreciates smooth and cool vocal styles in music. the user is drawn to music with latin influences and percussion. the user seeks music with depth and complexity, preferring layered and nuanced electronic sounds. the user appreciates a balanced energy in music, avoiding tracks that are too overwhelming.",the user finds overly intense or loud tracks with fast tempos less appealing.
no_explicit_norm,2046,mkdRJriWzQw,1,Allow me to recommend 'She Don't Want Nobody' by Ijah Iba.,metadata,metadata-supported,metadata-supported,,uncheckable,,
no_explicit_norm,2046,mkdRJriWzQw,2,It's a track from their album 'She Don't Want Nobody'.,metadata,metadata-supported,metadata-supported,,uncheckable,,
no_explicit_norm,2046,mkdRJriWzQw,3,"The song combines elements of Hip-Hop, electronic, pop",audio,audio-supported,audio-supported,,,,
no_explicit_norm,2046,mkdRJriWzQw,4,It has a catchy,unknown,unsupported,audio-supported,,,,
no_explicit_norm,2046,mkdRJriWzQw,5,upbeat sound that could be a fitting choice for your video.,audio,audio-supported,audio-supported,,,,
no_explicit_norm,2052,VOZcreL9I6U,1,I suggest checking out 'Tonight Is On Me' by The Grace.,metadata,metadata-supported,metadata-supported,,uncheckable,,
no_explicit_norm,2052,VOZcreL9I6U,2,soul track with female vocalists.,audio,audio-supported,audio-supported,,,,
no_explicit_norm,2052,VOZcreL9I6U,3,"Although I don't have much information about the album or the artists, the song itself aligns well with your preferences.",preference,preference-supported,preference-supported,,uncheckable,"the user demonstrates a clear preference for music that blends soulful vocals with layered instrumentation, particularly appreciating heartfelt pop and emotionally resonant tracks. while open to exploring different sounds, the user gravitates towards music with a warmer, more organic feel, often highlighting the presence of guitar elements. a driving beat is acceptable, but it must be balanced with melodic elements and a sense of earnestness, reminiscent of artists like wulfie & nomar and backstreet boys. the user favors music with soulful vocals and powerful lead singers. the user appreciates a blend of guitar and electronic instrumentation, but prefers a warmer, more organic sound. the user enjoys music with an earnest and hopeful mood, often characterized by a gradual build-up. the user appreciates a driving beat, but it must be balanced with melodic elements and a warmer sonic texture. the user finds value in guitar elements within their music selections. the user is somewhat receptive to electronic music, but it must be balanced with organic sounds.","electronic music is appreciated but not a primary focus, and the user tends to avoid overly intense or sterile productions. the user prefers music that is not overly intense or sterile, seeking a more layered and emotionally resonant experience."
no_explicit_norm,2052,VOZcreL9I6U,4,"It has a mix of pop, soul",unknown,unsupported,unsupported,,,,
no_explicit_norm,2052,VOZcreL9I6U,5,"R&B elements, which could add a unique touch to your video.",unknown,unsupported,unsupported,,,,
no_explicit_norm,2054,2iduMTw1Dd0,1,"In that case, I would recommend 'Go All Night' by RadioDriveBy.",metadata,metadata-supported,metadata-supported,,uncheckable,,
no_explicit_norm,2054,2iduMTw1Dd0,2,This track is part of their album 'Go All Night',metadata,metadata-supported,metadata-supported,,uncheckable,,
no_explicit_norm,2054,2iduMTw1Dd0,3,it perfectly encapsulates the upbeat,audio,audio-supported,audio-supported,,,,
no_explicit_norm,2054,2iduMTw1Dd0,4,energetic vibe you're looking for.,prompt,prompt-supported,prompt-supported,,,,
no_explicit_norm,2054,2iduMTw1Dd0,5,"It combines electronic, rock",unknown,unsupported,audio-supported,,,,
no_explicit_norm,2054,2iduMTw1Dd0,6,pop elements to create a catchy,unknown,unsupported,audio-supported,,,,
no_explicit_norm,2088,ZRntURxcjYg,1,How about 'Sweet Dreams' by 2PM?,metadata,metadata-supported,metadata-supported,,uncheckable,,
no_explicit_norm,2088,ZRntURxcjYg,2,It's a rock track with indie,unknown,unsupported,audio-supported,,,,
no_explicit_norm,2088,ZRntURxcjYg,3,"Although I don't have much information about this specific track, 2PM is known for their rock",unknown,unsupported,preference-supported,,,,
no_explicit_norm,2088,ZRntURxcjYg,4,"indie style, which aligns well with your preferences.",preference,preference-supported,preference-supported,indie,not_found,"the user demonstrates a strong preference for energetic rock music, particularly alternative rock characterized by driving guitars, impactful drums, and a powerful, explosive feel. they appreciate clear instrumentation and a build-up to intense musical moments. they value a defined rhythm and a sense of clarity in production, finding chaotic or overly layered sounds overwhelming. the user seems to prioritize a raw, live-sounding rock experience over heavily produced electronic elements. the user strongly prefers energetic rock music. the user favors alternative rock with driving guitars and impactful drums. the user appreciates music with a powerful and explosive feel. the user prefers clear instrumentation and a build-up to intense musical moments. the user values a defined rhythm and clear production. the user prefers a raw, live-sounding rock experience.","while open to exploring different rock subgenres, the user generally avoids music that is overly poppy or reliant on synthesizers. the user dislikes music that is overly poppy. the user tends to avoid music with prominent synthesizer elements."
no_explicit_norm,2088,ZRntURxcjYg,5,This song could be a fitting choice for your video.,general,general-supported,general-supported,,,,
no_explicit_norm,2095,-mag643Iv8g,1,Allow me to recommend 'Lágrimas' by Cotto & Frullato.,metadata,metadata-supported,metadata-supported,,uncheckable,,
no_explicit_norm,2095,-mag643Iv8g,2,It's a track from their album 'Lágrimas'.,metadata,metadata-supported,metadata-supported,,uncheckable,,
no_explicit_norm,2095,-mag643Iv8g,3,"It combines elements of hip-hop, electronic",audio,audio-supported,audio-supported,,,,
no_explicit_norm,2095,-mag643Iv8g,4,ambient with experimental influences.,audio,audio-supported,audio-supported,,,,
no_explicit_norm,2095,-mag643Iv8g,5,The song has a unique instrumental sound that could be a fitting choice for your video.,metadata,metadata-supported,metadata-supported,instrumental,not_found,,
no_explicit_norm,2146,XTybJfvSHd0,1,"90s In the 90s, there was a lot of music that was influenced by the 90s.",metadata,metadata-supported,metadata-supported,,uncheckable,,
no_explicit_norm,2146,XTybJfvSHd0,2,electronic genres became popular.,metadata,metadata-supported,metadata-supported,electronic,supported,,
no_explicit_norm,2146,XTybJfvSHd0,3,This included the use of techno,metadata,metadata-supported,metadata-supported,,uncheckable,,
no_explicit_norm,2146,XTybJfvSHd0,4,electronic elements in music.,metadata,metadata-supported,metadata-supported,electronic,supported,,
no_explicit_norm,2146,XTybJfvSHd0,5,"In the 90s, there was a lot of music that was influenced by the 90s.",metadata,metadata-supported,metadata-supported,,uncheckable,,
no_explicit_norm,2146,XTybJfvSHd0,6,electronic genres became popular.,metadata,metadata-supported,metadata-supported,electronic,supported,,
no_explicit_norm,2146,XTybJfvSHd0,7,This included the use of techno,metadata,metadata-supported,metadata-supported,,uncheckable,,
no_explicit_norm,2146,XTybJfvSHd0,8,electronic elements in music.,metadata,metadata-supported,metadata-supported,electronic,supported,,
no_explicit_norm,2146,XTybJfvSHd0,9,"In the 90s, there was a lot of music that was influenced by the 90",metadata,metadata-supported,metadata-supported,,uncheckable,,
no_explicit_norm,2148,TGMiWa3EdeE,1,Allow me to recommend 'The Most Dangerous Type' by Pipedog.,metadata,metadata-supported,metadata-supported,,uncheckable,,
no_explicit_norm,2148,TGMiWa3EdeE,2,It's a track from their album 'The Most Dangerous Type'.,metadata,metadata-supported,metadata-supported,,uncheckable,,
no_explicit_norm,2148,TGMiWa3EdeE,3,"It combines elements of hip-hop, electronic",audio,audio-supported,audio-supported,,,,
no_explicit_norm,2148,TGMiWa3EdeE,4,pop with a dance vibe.,unknown,unsupported,audio-supported,,,,
no_explicit_norm,2148,TGMiWa3EdeE,5,The song was released in 2012,metadata,metadata-supported,metadata-supported,,uncheckable,,
no_explicit_norm,2148,TGMiWa3EdeE,6,fast-paced sound that could be a fitting choice for your video.,video,video-supported,video-supported,,,,
no_explicit_norm,2150,zcQaYBrSuBM,1,I'm a fan of Black The Ripper's distinctive style.,unknown,unsupported,unsupported,,,,
no_explicit_norm,2150,zcQaYBrSuBM,2,I'm a fan of Black The Ripper's distinctive style.,unknown,unsupported,unsupported,,,,
no_explicit_norm,2150,zcQaYBrSuBM,3,I'm a fan of Black The Ripper's distinctive style.,unknown,unsupported,unsupported,,,,
no_explicit_norm,2150,zcQaYBrSuBM,4,I'm a fan of Black The Ripper's distinctive style.,unknown,unsupported,unsupported,,,,
no_explicit_norm,2150,zcQaYBrSuBM,5,I'm a fan of Black The Ripper's distinctive style.,unknown,unsupported,unsupported,,,,
no_explicit_norm,2150,zcQaYBrSuBM,6,I'm a fan of Black The Ripper's distinctive style.,unknown,unsupported,unsupported,,,,
no_explicit_norm,2150,zcQaYBrSuBM,7,I'm a fan of Black The Ripper's distinctive style.,unknown,unsupported,unsupported,,,,
no_explicit_norm,2150,zcQaYBrSuBM,8,I'm a fan of Black The Ripper's distinctive style.,unknown,unsupported,unsupported,,,,
no_explicit_norm,2164,jectGqVb3LA,1,Allow me to recommend 'Free Boy Europea' by Free Boy Europea.,metadata,metadata-supported,metadata-supported,,uncheckable,,
no_explicit_norm,2164,jectGqVb3LA,2,It's a track from their album 'Free Boy Europea'.,metadata,metadata-supported,metadata-supported,,uncheckable,,
no_explicit_norm,2164,jectGqVb3LA,3,"It combines elements of hip-hop, electronic",audio,audio-supported,audio-supported,,,,
no_explicit_norm,2164,jectGqVb3LA,4,jazz with a dance vibe.,unknown,unsupported,audio-supported,,,,
no_explicit_norm,2164,jectGqVb3LA,5,The song features male vocals,audio,audio-supported,audio-supported,,,,
no_explicit_norm,2164,jectGqVb3LA,6,was released in 2014.,metadata,metadata-supported,metadata-supported,,uncheckable,,
no_explicit_norm,2164,jectGqVb3LA,7,It may contain the specific elements you want.,prompt,prompt-supported,prompt-supported,,,,
no_explicit_norm,2193,yorLPuUMPYU,1,"In that case, I would recommend 'Spooky' by The Creeping Ivies.",metadata,metadata-supported,metadata-supported,,uncheckable,,
no_explicit_norm,2193,yorLPuUMPYU,2,This track has a spooky,unknown,unsupported,general-supported,,,,
no_explicit_norm,2193,yorLPuUMPYU,3,"macabre vibe, perfect for creating a haunting atmosphere in your video.",general,general-supported,general-supported,,,,
no_explicit_norm,2193,yorLPuUMPYU,4,"It falls under the genres of electronic, Hip-Hop, pop",audio,audio-supported,audio-supported,,,,
no_explicit_norm,2193,yorLPuUMPYU,5,"indie, with female vocals.",audio,audio-supported,audio-supported,,,,
no_explicit_norm,2193,yorLPuUMPYU,6,It's part of the album 'Spooky' by The Creeping Ivies.,metadata,metadata-supported,metadata-supported,,uncheckable,,
no_explicit_norm,2210,n-MiM-VMm5A,1,Allow me to recommend 'Hayal Gözlüm' by Tygo Nendels.,metadata,metadata-supported,metadata-supported,,uncheckable,,
no_explicit_norm,2210,n-MiM-VMm5A,2,It's a track from his album 'Hayal Gözlüm'.,metadata,metadata-supported,metadata-supported,,uncheckable,,
no_explicit_norm,2210,n-MiM-VMm5A,3,"The song combines elements of pop, rock",audio,audio-supported,audio-supported,,,,
no_explicit_norm,2210,n-MiM-VMm5A,4,80s music with dance influences.,audio,audio-supported,audio-supported,,,,
no_explicit_norm,2210,n-MiM-VMm5A,5,It features female vocals,audio,audio-supported,audio-supported,,,,
no_explicit_norm,2210,n-MiM-VMm5A,6,was released in 2012.,metadata,metadata-supported,metadata-supported,,uncheckable,,
no_explicit_norm,2219,BRgJAbNwNcU,1,2010 I'm not sure about the track ' No I'm not sure about the track ' No I'm not sure about the track ' No I'm not sure about the track ' No I'm not sure about the track ' No I'm not sure about the track ' No I'm not sure about the track ' No I'm not sure about the track ' No I'm not sure about the track ' No I'm not sure about the track ' No I'm not sure about the track ' No I'm not sure about the track ' No I'm not,unknown,unsupported,unsupported,,,,
no_explicit_norm,2223,gZ4g2c5vZec,1,Allow me to recommend 'Falsas Promesas' by Doc Hache featuring Luzentinieblas.,metadata,metadata-supported,metadata-supported,,uncheckable,,
no_explicit_norm,2223,gZ4g2c5vZec,2,It's a track from their album 'Falsas Promesas'.,metadata,metadata-supported,metadata-supported,,uncheckable,,
no_explicit_norm,2223,gZ4g2c5vZec,3,"The song combines elements of hip-hop, electronic",audio,audio-supported,audio-supported,,,,
no_explicit_norm,2223,gZ4g2c5vZec,4,dance genres with indie influences.,audio,audio-supported,audio-supported,,,,
no_explicit_norm,2223,gZ4g2c5vZec,5,It was released in 2014,metadata,metadata-supported,metadata-supported,,uncheckable,,
no_explicit_norm,2223,gZ4g2c5vZec,6,energetic vibe that could be a fitting choice for your video.,audio,audio-supported,audio-supported,,,,
no_explicit_norm,2263,7PeulsZU-8Q,1,Allow me to recommend 'Golnaram Golnar' by Sadroddin.,metadata,metadata-supported,metadata-supported,,uncheckable,,
no_explicit_norm,2263,7PeulsZU-8Q,2,It's an electronic dance track with electro,unknown,unsupported,audio-supported,,,,
no_explicit_norm,2263,7PeulsZU-8Q,3,The song has a fast-paced techno sound,audio,audio-supported,audio-supported,,,,
no_explicit_norm,2263,7PeulsZU-8Q,4,It aligns well with the electronic,unknown,unsupported,prompt-supported,,,,
no_explicit_norm,2263,7PeulsZU-8Q,5,dance elements you're looking for.,prompt,prompt-supported,prompt-supported,,,,
no_explicit_norm,2273,x6ebHzsnyUw,1,Allow me to recommend 'Sur mon bout' by Black X.,metadata,metadata-supported,metadata-supported,,uncheckable,,
no_explicit_norm,2273,x6ebHzsnyUw,2,rock track with electronic,unknown,unsupported,unsupported,,,,
no_explicit_norm,2273,x6ebHzsnyUw,3,"Although I don't have much information about this track, it aligns well with the pop",unknown,unsupported,prompt-supported,,,,
no_explicit_norm,2273,x6ebHzsnyUw,4,rock styles you're looking for.,prompt,prompt-supported,prompt-supported,,,,
no_explicit_norm,2295,fyPL8Eos0ME,1,Allow me to recommend 'Suave (Kiss Me)'.,metadata,metadata-supported,metadata-supported,,uncheckable,,
no_explicit_norm,2295,fyPL8Eos0ME,2,electronic track with female vocalists.,audio,audio-supported,audio-supported,,,,
no_explicit_norm,2295,fyPL8Eos0ME,3,"Although I don't have much information about this track, it aligns well with your preferences for dance",preference,preference-supported,preference-supported,dance,not_found,"the user demonstrates a strong affinity for energetic and uplifting electronic music, particularly tracks with a driving rhythm and a positive vibe. they appreciate a good beat and enjoy the feeling of wanting to move when listening. while they enjoy pop music with a similar energetic quality, they are drawn to the house music aesthetic and find techno influences potentially overwhelming. the user seeks a balance between intensity and a more approachable, less frantic feel, indicating a preference for electronic music that is both engaging and enjoyable without being overly aggressive. the user strongly prefers energetic and uplifting electronic music. the user enjoys pop music with a driving rhythm and upbeat feel. the user appreciates house music aesthetics and vibes. the user seeks a balance between intensity and a more approachable feel in their music. the user enjoys music with a 'good, driving beat'. the user appreciates music that evokes a feeling of wanting to move.",the user finds heavy techno influences potentially overwhelming and prefers to avoid them.
no_explicit_norm,2303,a6tPZRzEzqk,1,"In that case, I would recommend 'Voy' by Jailight.",metadata,metadata-supported,metadata-supported,,uncheckable,,
no_explicit_norm,2303,a6tPZRzEzqk,2,This track has a rock,unknown,unsupported,audio-supported,,,,
no_explicit_norm,2303,a6tPZRzEzqk,3,blues sound with a mix of different instruments.,audio,audio-supported,audio-supported,,,,
no_explicit_norm,2303,a6tPZRzEzqk,4,It's part of the album 'Voy',metadata,metadata-supported,metadata-supported,,uncheckable,,
no_explicit_norm,2303,a6tPZRzEzqk,5,it's performed by Jailight.,metadata,metadata-supported,metadata-supported,,uncheckable,,
no_explicit_norm,2303,a6tPZRzEzqk,6,It will give your video a unique,unknown,unsupported,unsupported,,,,
no_explicit_norm,2305,ZT_3cEYAvro,1,Allow me to recommend 'The Witches' by The Witches.,metadata,metadata-supported,metadata-supported,,uncheckable,,
no_explicit_norm,2305,ZT_3cEYAvro,2,acoustic track with female vocalists,audio,audio-supported,audio-supported,,,,
no_explicit_norm,2305,ZT_3cEYAvro,3,"Although I don't have much information about this track, it aligns well with the folk",unknown,unsupported,prompt-supported,,,,
no_explicit_norm,2305,ZT_3cEYAvro,4,acoustic style you're looking for.,prompt,prompt-supported,prompt-supported,,,,
no_explicit_norm,2312,CnmDXJmI6Kg,1,Allow me to recommend 'Hard Hustle (Feat.,metadata,metadata-supported,metadata-supported,,uncheckable,,
no_explicit_norm,2312,CnmDXJmI6Kg,2,Young M) (Remix)' by Cedric N Herbert III,metadata,metadata-supported,metadata-supported,,uncheckable,,
no_explicit_norm,2312,CnmDXJmI6Kg,3,It's a track from their album 'Where I'm At Reloaded : The Best Of Ric Nuek Vol 2'.,metadata,metadata-supported,metadata-supported,,uncheckable,,
no_explicit_norm,2312,CnmDXJmI6Kg,4,"It combines elements of hip-hop, electronic",audio,audio-supported,audio-supported,,,,
no_explicit_norm,2312,CnmDXJmI6Kg,5,R&B with a dance vibe.,unknown,unsupported,audio-supported,,,,
no_explicit_norm,2312,CnmDXJmI6Kg,6,It may also have some synth influences that could be a fitting choice for your video.,audio,audio-supported,audio-supported,,,,
no_explicit_norm,2321,f75wFxmN-so,1,Allow me to recommend 'I'm Getting There' by Jilly Martin.,metadata,metadata-supported,metadata-supported,,uncheckable,,
no_explicit_norm,2321,f75wFxmN-so,2,pop track with elements of rock,unknown,unsupported,unsupported,,,,
no_explicit_norm,2321,f75wFxmN-so,3,The song features a female vocalist,audio,audio-supported,audio-supported,,,,
no_explicit_norm,2321,f75wFxmN-so,4,has a guitar-focused sound.,audio,audio-supported,audio-supported,,,,
no_explicit_norm,2321,f75wFxmN-so,5,It could be a fitting choice for your video.,general,general-supported,general-supported,,,,
no_explicit_norm,2328,F8GzCxDA9-I,1,Allow me to recommend '82 Bronco's 'The 82 Bronco's'.,general,general-supported,general-supported,,,,
no_explicit_norm,2328,F8GzCxDA9-I,2,"It's a track that combines elements of hip-hop, electronic",audio,audio-supported,audio-supported,,,,
no_explicit_norm,2328,F8GzCxDA9-I,3,It was released in 2011,metadata,metadata-supported,metadata-supported,,uncheckable,,
no_explicit_norm,2328,F8GzCxDA9-I,4,has a unique style that could be a fitting choice for your video.,general,general-supported,general-supported,,,,
no_explicit_norm,2341,vIwgiMnTx70,1,I suggest you check out 'Wine Pon Me Gal' by Tuggy Tuggy.,metadata,metadata-supported,metadata-supported,,uncheckable,,
no_explicit_norm,2341,vIwgiMnTx70,2,"This track combines hip-hop, electronic, pop, soul",unknown,unsupported,audio-supported,,,,
no_explicit_norm,2341,vIwgiMnTx70,3,It has a catchy beat,audio,audio-supported,audio-supported,,,,
no_explicit_norm,2341,vIwgiMnTx70,4,a vibrant energy that will add a lively,unknown,unsupported,audio-supported,,,,
no_explicit_norm,2341,vIwgiMnTx70,5,upbeat atmosphere to your video.,audio,audio-supported,audio-supported,,,,
no_explicit_norm,2352,W_CQL5rgXHk,1,If you're looking for a track with an electronic,prompt,prompt-supported,prompt-supported,,,,
no_explicit_norm,2352,W_CQL5rgXHk,2,"pop vibe, I would recommend 'Echale Agua' by Vakero.",metadata,metadata-supported,metadata-supported,pop,supported,,
no_explicit_norm,2352,W_CQL5rgXHk,3,This track is part of the album 'Echale Agua',metadata,metadata-supported,metadata-supported,,uncheckable,,
no_explicit_norm,2352,W_CQL5rgXHk,4,"offers a blend of electronic, pop",audio,audio-supported,audio-supported,,,,
no_explicit_norm,2352,W_CQL5rgXHk,5,It has a catchy beat,audio,audio-supported,audio-supported,,,,
no_explicit_norm,2352,W_CQL5rgXHk,6,is perfect for creating a lively,unknown,unsupported,audio-supported,,,,
no_explicit_norm,2352,W_CQL5rgXHk,7,energetic atmosphere in your video.,audio,audio-supported,audio-supported,,,,
no_explicit_norm,2365,2UOm1jCZuuk,1,How about 'If I Could Fly' by DEMO?,metadata,metadata-supported,metadata-supported,,uncheckable,,
no_explicit_norm,2365,2UOm1jCZuuk,2,It's a track with female vocals,audio,audio-supported,audio-supported,,,,
no_explicit_norm,2365,2UOm1jCZuuk,3,"falls under the genres of pop, rock",audio,audio-supported,audio-supported,,,,
no_explicit_norm,2365,2UOm1jCZuuk,4,"Although I don't have much information about this specific track, it aligns with your preference for electronic",preference,preference-supported,preference-supported,electronic,not_found,"the user demonstrates a clear preference for rock music, but with a specific emphasis on laid-back and melodic styles. a subtle country influence is also appealing, adding a touch of rustic charm. the user values substance and a good guitar riff, preferring a tone with some grit rather than heavy distortion. while they enjoy music with a solid beat, they seem to gravitate towards a more nuanced and less polished sound, indicating a desire for depth and musicality. the user prefers rock music, particularly styles that are laid-back and melodic. the user appreciates a subtle country influence in music. the user prefers guitar tones with some grit rather than heavy distortion. the user values music with 'substance' and a good guitar riff. the user enjoys music with a strong rhythmic foundation and driving beat. the user seems to favor music that isn't overly polished.","they appreciate a strong rhythmic foundation and driving beat, but actively avoid overly frantic or intense tracks. the user dislikes music that is overly intense or frantic."
no_explicit_norm,2365,2UOm1jCZuuk,5,fast-paced music with female vocals.,audio,audio-supported,audio-supported,,,,
no_explicit_norm,2408,m081nGf-fGE,1,Allow me to recommend 'Сила' by 2000.,metadata,metadata-supported,metadata-supported,,uncheckable,,
no_explicit_norm,2408,m081nGf-fGE,2,It's a track from their album 'Сила'.,metadata,metadata-supported,metadata-supported,,uncheckable,,
no_explicit_norm,2408,m081nGf-fGE,3,"It combines elements of hip-hop, rock",audio,audio-supported,audio-supported,,,,
no_explicit_norm,2408,m081nGf-fGE,4,The song has a fast-paced,audio,audio-supported,audio-supported,,,,
no_explicit_norm,2408,m081nGf-fGE,5,energetic vibe that could be a fitting choice for your video.,audio,audio-supported,audio-supported,,,,
no_explicit_norm,2416,dKS2UpcRkOU,1,I suggest 'I'm Yours' by Jason Mraz.,metadata,metadata-supported,metadata-supported,,uncheckable,,
no_explicit_norm,2416,dKS2UpcRkOU,2,This track features female vocals,audio,audio-supported,audio-supported,,,,
no_explicit_norm,2416,dKS2UpcRkOU,3,"falls under the pop, R&B",audio,audio-supported,audio-supported,,,,
no_explicit_norm,2416,dKS2UpcRkOU,4,It has a catchy,unknown,unsupported,audio-supported,,,,
no_explicit_norm,2416,dKS2UpcRkOU,5,melodic sound that would complement your video.,audio,audio-supported,audio-supported,,,,
no_explicit_norm,2460,2ewusAyz3nQ,1,I recommend 'The Scene Of The Dream' by Popcaan & The Empire.,metadata,metadata-supported,metadata-supported,,uncheckable,,
no_explicit_norm,2460,2ewusAyz3nQ,2,It's a track from their album 'The Scene Of The Dream'.,metadata,metadata-supported,metadata-supported,,uncheckable,,
no_explicit_norm,2460,2ewusAyz3nQ,3,"This song combines elements of hip-hop, soul",audio,audio-supported,audio-supported,,,,
no_explicit_norm,2460,2ewusAyz3nQ,4,"It has a pop influence as well, which can add a catchy",audio,audio-supported,audio-supported,,,,
no_explicit_norm,2460,2ewusAyz3nQ,5,melodic element to your video.,audio,audio-supported,audio-supported,,,,
no_explicit_norm,2462,D76Lsycip9U,1,Allow me to recommend 'Bailando' by Aude,metadata,metadata-supported,metadata-supported,,uncheckable,,
no_explicit_norm,2462,D76Lsycip9U,2,It's a dance track with electronic,unknown,unsupported,unsupported,,,,
no_explicit_norm,2462,D76Lsycip9U,3,The song features female vocals,audio,audio-supported,audio-supported,,,,
no_explicit_norm,2462,D76Lsycip9U,4,was released in 2012.,metadata,metadata-supported,metadata-supported,,uncheckable,,
no_explicit_norm,2462,D76Lsycip9U,5,It has a catchy,unknown,unsupported,audio-supported,,,,
no_explicit_norm,2462,D76Lsycip9U,6,energetic vibe that could be a fitting choice for your video.,audio,audio-supported,audio-supported,,,,
no_explicit_norm,2483,zbWHQubdQIE,1,Allow me to recommend 'La Revolucion Urbana' by La Revolucion Urbana.,metadata,metadata-supported,metadata-supported,,uncheckable,,
no_explicit_norm,2483,zbWHQubdQIE,2,It's a track with a beat-driven sound,audio,audio-supported,audio-supported,,,,
no_explicit_norm,2483,zbWHQubdQIE,3,intense atmosphere that could be a fitting choice for your video.,general,general-supported,general-supported,,,,
no_explicit_norm,2483,zbWHQubdQIE,4,"It combines elements of Hip-Hop, pop",audio,audio-supported,audio-supported,,,,
no_explicit_norm,2483,zbWHQubdQIE,5,electronic with a touch of rock,unknown,unsupported,audio-supported,,,,
no_explicit_norm,2483,zbWHQubdQIE,6,It has a fast-paced,audio,audio-supported,audio-supported,,,,
no_explicit_norm,2489,QZawn7YJGFs,1,Allow me to recommend '寂寞' by 毛鵬懿 Joseph Mao.,metadata,metadata-supported,metadata-supported,,uncheckable,,
no_explicit_norm,2489,QZawn7YJGFs,2,It's a track from his album '寂寞'.,metadata,metadata-supported,metadata-supported,,uncheckable,,
no_explicit_norm,2489,QZawn7YJGFs,3,"The song combines elements of indie, alternative",audio,audio-supported,audio-supported,,,,
no_explicit_norm,2489,QZawn7YJGFs,4,pop with female vocals.,audio,audio-supported,audio-supported,,,,
no_explicit_norm,2489,QZawn7YJGFs,5,It was released in 2012,metadata,metadata-supported,metadata-supported,,uncheckable,,
no_explicit_norm,2489,QZawn7YJGFs,6,distinctive style that could be a fitting choice for your video.,general,general-supported,general-supported,,,,
no_explicit_norm,2491,mn4WwaRfmKM,1,I suggest you consider 'Happy' by Pharrell Williams.,metadata,metadata-supported,metadata-supported,,uncheckable,,
no_explicit_norm,2491,mn4WwaRfmKM,2,It's a track from the album 'Happy'.,metadata,metadata-supported,metadata-supported,,uncheckable,,
no_explicit_norm,2491,mn4WwaRfmKM,3,This song is known for its upbeat,audio,audio-supported,audio-supported,,,,
no_explicit_norm,2491,mn4WwaRfmKM,4,"catchy pop vibe, which aligns well with the soul",unknown,unsupported,prompt-supported,,,,
no_explicit_norm,2491,mn4WwaRfmKM,5,rock elements you're looking for.,prompt,prompt-supported,prompt-supported,,,,
no_explicit_norm,2491,mn4WwaRfmKM,6,It's a great choice to add a positive,general,general-supported,general-supported,,,,
no_explicit_norm,2491,mn4WwaRfmKM,7,uplifting feel to your video.,unknown,unsupported,general-supported,,,,
no_explicit_norm,2519,wzaCUd1qIls,1,I recommend 'เพลงรักไม่มีตรงกลาง' by SAFE.,metadata,metadata-supported,metadata-supported,,uncheckable,,
no_explicit_norm,2519,wzaCUd1qIls,2,"It's a track that combines elements of rock, indie",audio,audio-supported,audio-supported,,,,
no_explicit_norm,2519,wzaCUd1qIls,3,pop with a touch of alternative music.,unknown,unsupported,audio-supported,,,,
no_explicit_norm,2519,wzaCUd1qIls,4,"Although I don't have much information about this specific track, it aligns well with the rock",unknown,unsupported,prompt-supported,,,,
no_explicit_norm,2519,wzaCUd1qIls,5,indie sound you're looking for.,prompt,prompt-supported,prompt-supported,,,,
no_explicit_norm,2531,_VSRU0jFrUw,1,I'm looking for a description of the 1999 I'm a fan of the 199 I'm a fan of the 1999 I'm a fan of the 1999 I'm a fan of the 199 I'm a fan of the 1999 I'm a fan of the 19919 I'm a fan of the 19919 I'm a fan of the 1919 I'm a fan of the 1919 I'm a fan of,prompt,prompt-supported,prompt-supported,,,,
no_explicit_norm,2545,Kp3CWiVOmaw,1,How about 'I Love You Lombok' by Big Noeng?,metadata,metadata-supported,metadata-supported,,uncheckable,,
no_explicit_norm,2545,Kp3CWiVOmaw,2,It's an electronic track with experimental,unknown,unsupported,audio-supported,,,,
no_explicit_norm,2545,Kp3CWiVOmaw,3,"Although I don't have much information about this specific track, it aligns with your preference for electronic",preference,preference-supported,preference-supported,electronic,not_found,"the user demonstrates a strong affinity for high-energy metal music, particularly appreciating powerful beats, driving rhythms, and intense guitar riffs. while they enjoy the raw, visceral energy of some metal tracks, they also value technical complexity and precision in musicianship. they find chaotic or frantic energy undesirable, preferring a more controlled and impactful sound. they seem to appreciate a strong emphasis on drums and a generally fast tempo. the user prefers high-energy metal music. the user appreciates powerful beats and driving rhythms in music. the user values technical complexity and precision in musicianship. the user prefers a fast tempo in music. the user appreciates a strong emphasis on drums in music.","the user's taste leans towards aggressive and intense music, suggesting a preference for heavier sounds and a dislike for lighter, more pop-oriented styles. the user dislikes frantic or chaotic energy in music. the user avoids pop-oriented music."
no_explicit_norm,2545,Kp3CWiVOmaw,4,It could be a fitting choice for your video.,general,general-supported,general-supported,,,,
no_explicit_norm,2560,UqCUaUv75TA,1,Allow me to recommend 'Kevin Florez - Funana Nha Boi'.,metadata,metadata-supported,metadata-supported,,uncheckable,,
no_explicit_norm,2560,UqCUaUv75TA,2,It's a track from Kevin Florez's album 'Funana Nha Boi'.,metadata,metadata-supported,metadata-supported,,uncheckable,,
no_explicit_norm,2560,UqCUaUv75TA,3,"It combines elements of electronic, pop",audio,audio-supported,audio-supported,,,,
no_explicit_norm,2560,UqCUaUv75TA,4,dance with a fast-paced beat,audio,audio-supported,audio-supported,,,,
no_explicit_norm,2560,UqCUaUv75TA,5,synth sounds that could be a fitting choice for your video.,audio,audio-supported,audio-supported,,,,
no_explicit_norm,2576,NKGs9BxFoTE,1,I suggest you consider 'Hijas de Zion' by Hijas de Zion.,metadata,metadata-supported,metadata-supported,,uncheckable,,
no_explicit_norm,2576,NKGs9BxFoTE,2,It's a track from their album 'Hijas de Zion'.,metadata,metadata-supported,metadata-supported,,uncheckable,,
no_explicit_norm,2576,NKGs9BxFoTE,3,"The song combines elements of pop, rock",audio,audio-supported,audio-supported,,,,
no_explicit_norm,2576,NKGs9BxFoTE,4,soul with female vocalists.,audio,audio-supported,audio-supported,,,,
no_explicit_norm,2576,NKGs9BxFoTE,5,It has a catchy,unknown,unsupported,audio-supported,,,,
no_explicit_norm,2576,NKGs9BxFoTE,6,energetic vibe that could be a fitting choice for your video.,audio,audio-supported,audio-supported,,,,
no_explicit_norm,2621,uJH2gEwS-sU,1,"In that case, I would recommend 'Wanna B Like a Man' by Max Marani feat;.",metadata,metadata-supported,metadata-supported,,uncheckable,,
no_explicit_norm,2621,uJH2gEwS-sU,2,It's a track that combines electronic,unknown,unsupported,unsupported,,,,
no_explicit_norm,2621,uJH2gEwS-sU,3,"The song features artists from different genres, including Max Marani, Kizz Daniel",metadata,metadata-supported,metadata-supported,,uncheckable,,
no_explicit_norm,2621,uJH2gEwS-sU,4,It has a catchy beat,audio,audio-supported,audio-supported,,,,
no_explicit_norm,2621,uJH2gEwS-sU,5,a mix of genres that will add diversity to your video.,unknown,unsupported,audio-supported,,,,
no_explicit_norm,2637,PbGv_5Vcbn8,1,I recommend 'Good Girl' by Joanna Wakeley.,metadata,metadata-supported,metadata-supported,,uncheckable,,
no_explicit_norm,2637,PbGv_5Vcbn8,2,electronic track with female vocals.,audio,audio-supported,audio-supported,,,,
no_explicit_norm,2637,PbGv_5Vcbn8,3,The song has a catchy,unknown,unsupported,audio-supported,,,,
no_explicit_norm,2637,PbGv_5Vcbn8,4,upbeat sound that could add a fun,audio,audio-supported,audio-supported,,,,
no_explicit_norm,2637,PbGv_5Vcbn8,5,lively element to your video.,unknown,unsupported,audio-supported,,,,
no_explicit_norm,2637,PbGv_5Vcbn8,6,It's a great choice if you're looking for a mix of pop,prompt,prompt-supported,prompt-supported,,,,
no_explicit_norm,2651,rNUcT_KD54c,1,Allow me to recommend 'Esta Noche' by Ministerio Sion.,metadata,metadata-supported,metadata-supported,,uncheckable,,
no_explicit_norm,2651,rNUcT_KD54c,2,It's a track from their album 'Esta Noche'.,metadata,metadata-supported,metadata-supported,,uncheckable,,
no_explicit_norm,2651,rNUcT_KD54c,3,"It combines elements of rock, pop",audio,audio-supported,audio-supported,,,,
no_explicit_norm,2651,rNUcT_KD54c,4,electronic with alternative influences.,audio,audio-supported,audio-supported,,,,
no_explicit_norm,2651,rNUcT_KD54c,5,The song features male vocals,audio,audio-supported,audio-supported,,,,
no_explicit_norm,2651,rNUcT_KD54c,6,has a loud guitar sound that could be a fitting choice for your video.,audio,audio-supported,audio-supported,,,,
no_explicit_norm,2654,yeMrTxabUaE,1,I recommend 'Solo Tu' by David Correy.,metadata,metadata-supported,metadata-supported,,uncheckable,,
no_explicit_norm,2654,yeMrTxabUaE,2,It's a track from his album 'Solo Tu'.,metadata,metadata-supported,metadata-supported,,uncheckable,,
no_explicit_norm,2654,yeMrTxabUaE,3,"This song combines elements of electronic, pop",audio,audio-supported,audio-supported,,,,
no_explicit_norm,2654,yeMrTxabUaE,4,rock with a dance influence.,audio,audio-supported,audio-supported,,,,
no_explicit_norm,2654,yeMrTxabUaE,5,It has a catchy,unknown,unsupported,audio-supported,,,,
no_explicit_norm,2654,yeMrTxabUaE,6,energetic vibe that could be a fitting choice for your video.,audio,audio-supported,audio-supported,,,,
no_explicit_norm,2662,D9l-pF4kB64,1,I suggest you consider 'Me Voy a Ir' by Jenny,metadata,metadata-supported,metadata-supported,,uncheckable,,
no_explicit_norm,2662,D9l-pF4kB64,2,It's a track from their album 'Me Voy a Ir'.,metadata,metadata-supported,metadata-supported,,uncheckable,,
no_explicit_norm,2662,D9l-pF4kB64,3,"The song combines elements of pop, dance",audio,audio-supported,audio-supported,,,,
no_explicit_norm,2662,D9l-pF4kB64,4,electronic music with female vocals.,audio,audio-supported,audio-supported,,,,
no_explicit_norm,2662,D9l-pF4kB64,5,It has a catchy,unknown,unsupported,audio-supported,,,,
no_explicit_norm,2662,D9l-pF4kB64,6,upbeat sound that could be a fitting choice for your video.,audio,audio-supported,audio-supported,,,,
no_explicit_norm,2684,fBI65ROZyFw,1,I'm not sure what?,unknown,unsupported,unsupported,,,,
no_explicit_norm,2684,fBI65ROZyFw,2,I'm not sure about that.,unknown,unsupported,unsupported,,,,
no_explicit_norm,2684,fBI65ROZyFw,3,I'm not sure about the music you're looking for.,prompt,prompt-supported,prompt-supported,,,,
no_explicit_norm,2684,fBI65ROZyFw,4,I'm not sure about the dance,unknown,unsupported,unsupported,,,,
no_explicit_norm,2684,fBI65ROZyFw,5,pop music you're interested in.,unknown,unsupported,unsupported,,,,
no_explicit_norm,2684,fBI65ROZyFw,6,I'm not sure about the dance,unknown,unsupported,unsupported,,,,
no_explicit_norm,2684,fBI65ROZyFw,7,pop music you're looking for.,prompt,prompt-supported,prompt-supported,,,,
no_explicit_norm,2684,fBI65ROZyFw,8,"In that case, I recommend 'JAMIE DRASTIK's style is a dance",audio,audio-supported,audio-supported,,,,
no_explicit_norm,2684,fBI65ROZyFw,9,I'm not sure about the dance,unknown,unsupported,unsupported,,,,
no_explicit_norm,2684,fBI65ROZyFw,10,pop music you're looking for a dance,prompt,prompt-supported,prompt-supported,,,,
no_explicit_norm,2684,fBI65ROZyFw,11,I'm not sure about the dance,unknown,unsupported,unsupported,,,,
no_explicit_norm,2684,fBI65ROZyFw,12,pop music you're interested in the,unknown,unsupported,unsupported,,,,
no_explicit_norm,2715,oOXdxeqtHHc,1,I'm not sure I have any specific information about the music.,unknown,unsupported,unsupported,,,,
no_explicit_norm,2715,oOXdxeqtHHc,2,"I'm just wondering if you're looking for a specific music track, I'd like to recommend a music track that might be of interest to you.",prompt,prompt-supported,prompt-supported,,,,
no_explicit_norm,2715,oOXdxeqtHHc,3,I'm not sure about the music you're looking for a music track that might be of interest.,prompt,prompt-supported,prompt-supported,,,,
no_explicit_norm,2715,oOXdxeqtHHc,4,I'm not sure I have any specific information about the music.,unknown,unsupported,unsupported,,,,
no_explicit_norm,2715,oOXdxeqtHHc,5,I'm not sure I'd like to recommend a music track.,general,general-supported,general-supported,,,,
no_explicit_norm,2715,oOXdxeqtHHc,6,I'm not sure about the music you're looking for a music track that might be of interest in the music.,prompt,prompt-supported,prompt-supported,,,,
no_explicit_norm,2762,ubGdJbMaZTw,1,I recommend 'Superhigh' by Wade Barber & Alien Nate.,metadata,metadata-supported,metadata-supported,,uncheckable,,
no_explicit_norm,2762,ubGdJbMaZTw,2,It's a track from their album 'Superhigh'.,metadata,metadata-supported,metadata-supported,,uncheckable,,
no_explicit_norm,2762,ubGdJbMaZTw,3,"The song combines elements of hip-hop, electronic",audio,audio-supported,audio-supported,,,,
no_explicit_norm,2762,ubGdJbMaZTw,4,ambient with a chillout vibe.,unknown,unsupported,audio-supported,,,,
no_explicit_norm,2762,ubGdJbMaZTw,5,It has a slow tempo,audio,audio-supported,audio-supported,,,,
no_explicit_norm,2762,ubGdJbMaZTw,6,"synth sounds, which could add a unique touch to your video.",audio,audio-supported,audio-supported,,,,
no_explicit_norm,2769,guwB1oxI3ko,1,How about 'The Devil's in the Details' by The Devil's in the Details?,metadata,metadata-supported,metadata-supported,,uncheckable,,
no_explicit_norm,2769,guwB1oxI3ko,2,It's a track from their album 'The Devil's in the Details'.,metadata,metadata-supported,metadata-supported,,uncheckable,,
no_explicit_norm,2769,guwB1oxI3ko,3,"The song combines elements of rock, indie",audio,audio-supported,audio-supported,,,,
no_explicit_norm,2769,guwB1oxI3ko,4,It has a unique,unknown,unsupported,audio-supported,,,,
no_explicit_norm,2769,guwB1oxI3ko,5,distinctive sound that could add an interesting touch to your video.,audio,audio-supported,audio-supported,,,,
no_explicit_norm,2808,JX3e-ZGqadc,1,Allow me to recommend 'Baqlarkolik' by Baqlarkolik.,metadata,metadata-supported,metadata-supported,,uncheckable,,
no_explicit_norm,2808,JX3e-ZGqadc,2,It's a track from their album 'Baqlarkolik'.,metadata,metadata-supported,metadata-supported,,uncheckable,,
no_explicit_norm,2808,JX3e-ZGqadc,3,"It combines elements of dance, pop",audio,audio-supported,audio-supported,,,,
no_explicit_norm,2808,JX3e-ZGqadc,4,rock with electronic beats,audio,audio-supported,audio-supported,,,,
no_explicit_norm,2808,JX3e-ZGqadc,5,This song may be a fitting choice for your video.,general,general-supported,general-supported,,,,
no_explicit_norm,2818,YGzPFYmVIeU,1,Allow me to recommend 'Bring It Back' by Bobby Blaze featuring Aztek West.,metadata,metadata-supported,metadata-supported,,uncheckable,,
no_explicit_norm,2818,YGzPFYmVIeU,2,It's a track from the album 'Bring It Back',metadata,metadata-supported,metadata-supported,,uncheckable,,
no_explicit_norm,2818,YGzPFYmVIeU,3,"combines elements of hip-hop, electronic",audio,audio-supported,audio-supported,,,,
no_explicit_norm,2818,YGzPFYmVIeU,4,The song has a catchy beat,audio,audio-supported,audio-supported,,,,
no_explicit_norm,2818,YGzPFYmVIeU,5,a mix of electronic,unknown,unsupported,audio-supported,,,,
no_explicit_norm,2818,YGzPFYmVIeU,6,"rock influences, which could be a fitting choice for your video.",audio,audio-supported,audio-supported,,,,
no_explicit_norm,2867,Pcn7TuWZu9s,1,I recommend 'Still Mike' by Still Mike.,metadata,metadata-supported,metadata-supported,,uncheckable,,
no_explicit_norm,2867,Pcn7TuWZu9s,2,It's a track from his album 'Still Mike'.,metadata,metadata-supported,metadata-supported,,uncheckable,,
no_explicit_norm,2867,Pcn7TuWZu9s,3,"The song combines elements of hip-hop, electronic",audio,audio-supported,audio-supported,,,,
no_explicit_norm,2867,Pcn7TuWZu9s,4,"dance, which aligns well with the style you're looking for.",prompt,prompt-supported,prompt-supported,,,,
no_explicit_norm,2867,Pcn7TuWZu9s,5,It has a fast-paced beat,audio,audio-supported,audio-supported,,,,
no_explicit_norm,2867,Pcn7TuWZu9s,6,synth sounds that could add an energetic,audio,audio-supported,audio-supported,,,,
no_explicit_norm,2867,Pcn7TuWZu9s,7,lively vibe to your video.,unknown,unsupported,video-supported,,,,
no_explicit_norm,2872,U8qjHrMZBgU,1,Allow me to recommend 'La Reine Des Enfants' by Mami La Star.,metadata,metadata-supported,metadata-supported,,uncheckable,,
no_explicit_norm,2872,U8qjHrMZBgU,2,It's a track from her album 'La Reine Des Enfants'.,metadata,metadata-supported,metadata-supported,,uncheckable,,
no_explicit_norm,2872,U8qjHrMZBgU,3,"The song combines elements of electronic, pop",audio,audio-supported,audio-supported,,,,
no_explicit_norm,2872,U8qjHrMZBgU,4,"dance genres, which aligns well with Jade London's style.",audio,audio-supported,audio-supported,,,,
no_explicit_norm,2872,U8qjHrMZBgU,5,It features female vocals,audio,audio-supported,audio-supported,,,,
no_explicit_norm,2872,U8qjHrMZBgU,6,was released in 2013.,metadata,metadata-supported,metadata-supported,,uncheckable,,
no_explicit_norm,2899,nkOkWXH07TA,1,Allow me to recommend 'A Thousand Years' by Christina Perri.,metadata,metadata-supported,metadata-supported,,uncheckable,,
no_explicit_norm,2899,nkOkWXH07TA,2,It's a track from her album 'A Thousand Years'.,metadata,metadata-supported,metadata-supported,,uncheckable,,
no_explicit_norm,2899,nkOkWXH07TA,3,"The song combines elements of rock, folk",audio,audio-supported,audio-supported,,,,
no_explicit_norm,2899,nkOkWXH07TA,4,"indie genres, with Christina Perri's distinctive female vocals.",audio,audio-supported,audio-supported,,,,
no_explicit_norm,2899,nkOkWXH07TA,5,It was released in 2011,metadata,metadata-supported,metadata-supported,,uncheckable,,
no_explicit_norm,2899,nkOkWXH07TA,6,emotional vibe that could be a fitting choice for your video.,general,general-supported,general-supported,,,,
no_explicit_norm,2937,uhHy_GgPoRE,1,I recommend 'Porque An Te Amo' by Orquesta La Diferente.,metadata,metadata-supported,metadata-supported,,uncheckable,,
no_explicit_norm,2937,uhHy_GgPoRE,2,"It's a track that combines elements of cumbia, jazz",audio,audio-supported,audio-supported,,,,
no_explicit_norm,2937,uhHy_GgPoRE,3,The song has a catchy,unknown,unsupported,audio-supported,,,,
no_explicit_norm,2937,uhHy_GgPoRE,4,"upbeat rhythm, which can add a lively",audio,audio-supported,audio-supported,,,,
no_explicit_norm,2937,uhHy_GgPoRE,5,energetic vibe to your video.,audio,audio-supported,audio-supported,,,,
no_explicit_norm,2937,uhHy_GgPoRE,6,It's a great choice if you want to incorporate the genres of cumbia,prompt,prompt-supported,prompt-supported,,,,
no_explicit_norm,2937,uhHy_GgPoRE,7,jazz into your music.,unknown,unsupported,prompt-supported,,,,
no_explicit_norm,2944,bZekJ_L_l1M,1,"In that case, I would recommend 'Siren Song' by The Sounds of Sirens.",metadata,metadata-supported,metadata-supported,,uncheckable,,
no_explicit_norm,2944,bZekJ_L_l1M,2,This track is a perfect fit for your video.,general,general-supported,general-supported,,,,
no_explicit_norm,2944,bZekJ_L_l1M,3,"It's a blend of rock, indie, alternative",audio,audio-supported,audio-supported,,,,
no_explicit_norm,2944,bZekJ_L_l1M,4,indie genres with a touch of metal.,audio,audio-supported,audio-supported,,,,
no_explicit_norm,2944,bZekJ_L_l1M,5,The song has a fast-paced,audio,audio-supported,audio-supported,,,,
no_explicit_norm,2944,bZekJ_L_l1M,6,"loud sound, which aligns well with the intense",audio,audio-supported,audio-supported,,,,
no_explicit_norm,2944,bZekJ_L_l1M,7,energetic vibe you're looking for.,prompt,prompt-supported,prompt-supported,,,,
no_explicit_norm,2944,bZekJ_L_l1M,8,It's a great choice for your video.,general,general-supported,general-supported,,,,
no_explicit_norm,2953,fuevJHxrdos,1,Allow me to recommend 'Baltimore Blues No.1' by Deer Tick.,metadata,metadata-supported,metadata-supported,,uncheckable,,
no_explicit_norm,2953,fuevJHxrdos,2,It's a track from their album 'Baltimore Blues No.1'.,metadata,metadata-supported,metadata-supported,,uncheckable,,
no_explicit_norm,2953,fuevJHxrdos,3,"The song combines elements of indie, folk",audio,audio-supported,audio-supported,,,,
no_explicit_norm,2953,fuevJHxrdos,4,rock with male vocals,audio,audio-supported,audio-supported,,,,
no_explicit_norm,2953,fuevJHxrdos,5,It was recorded in 2014,metadata,metadata-supported,metadata-supported,,uncheckable,,
no_explicit_norm,2953,fuevJHxrdos,6,may contain the specific elements you're looking for.,prompt,prompt-supported,prompt-supported,,,,
no_explicit_norm,2966,p8n1hXOQohA,1,Allow me to recommend 'Her Voice' by Drew Seeley.,metadata,metadata-supported,metadata-supported,,uncheckable,,
no_explicit_norm,2966,p8n1hXOQohA,2,It's a track from his album 'Her Voice'.,metadata,metadata-supported,metadata-supported,,uncheckable,,
no_explicit_norm,2966,p8n1hXOQohA,3,"The song combines elements of rock, pop",audio,audio-supported,audio-supported,,,,
no_explicit_norm,2966,p8n1hXOQohA,4,indie with catchy vocals.,audio,audio-supported,audio-supported,,,,
no_explicit_norm,2966,p8n1hXOQohA,5,It has a guitar-focused sound,audio,audio-supported,audio-supported,,,,
no_explicit_norm,2966,p8n1hXOQohA,6,a fast-paced rhythm that could add an energetic,audio,audio-supported,audio-supported,,,,
no_explicit_norm,2966,p8n1hXOQohA,7,catchy feel to your video.,unknown,unsupported,video-supported,,,,
no_explicit_norm,2971,ot5VYYnVWAM,1,Allow me to recommend 'Without You' by Rayray.,metadata,metadata-supported,metadata-supported,,uncheckable,,
no_explicit_norm,2971,ot5VYYnVWAM,2,It's a track from her album 'Without You'.,metadata,metadata-supported,metadata-supported,,uncheckable,,
no_explicit_norm,2971,ot5VYYnVWAM,3,"The song combines elements of pop, dance",audio,audio-supported,audio-supported,,,,
no_explicit_norm,2971,ot5VYYnVWAM,4,R&B with soulful vocals.,audio,audio-supported,audio-supported,,,,
no_explicit_norm,2971,ot5VYYnVWAM,5,It features female vocalists,audio,audio-supported,audio-supported,,,,
no_explicit_norm,2971,ot5VYYnVWAM,6,could be a fitting choice for your video.,general,general-supported,general-supported,,,,
no_explicit_norm,2984,5-b-rpVPJvs,1,I like the Rock,unknown,unsupported,unsupported,,,,
no_explicit_norm,2984,5-b-rpVPJvs,2,I like the Rock,unknown,unsupported,unsupported,,,,
no_explicit_norm,2984,5-b-rpVPJvs,3,I like this G's.,unknown,unsupported,unsupported,,,,
no_explicit_norm,2984,5-b-rpVPJvs,4,I like this G's.,unknown,unsupported,unsupported,,,,
no_explicit_norm,2984,5-b-rpVPJvs,5,I like this G's.,unknown,unsupported,unsupported,,,,
no_explicit_norm,2984,5-b-rpVPJvs,6,I like this G's.,unknown,unsupported,unsupported,,,,
no_explicit_norm,2984,5-b-rpVPJvs,7,I like this G's.,unknown,unsupported,unsupported,,,,
no_explicit_norm,2984,5-b-rpVPJvs,8,I like this G's.,unknown,unsupported,unsupported,,,,
no_explicit_norm,2984,5-b-rpVPJvs,9,I like this G's.,unknown,unsupported,unsupported,,,,
no_explicit_norm,2984,5-b-rpVPJvs,10,I like this G's.,unknown,unsupported,unsupported,,,,
no_explicit_norm,2984,5-b-rpVPJvs,11,I like this G's.,unknown,unsupported,unsupported,,,,
no_explicit_norm,2984,5-b-rpVPJvs,12,I like this G's.,unknown,unsupported,unsupported,,,,
no_explicit_norm,2984,5-b-rpVPJvs,13,I like this G's.,unknown,unsupported,unsupported,,,,
no_explicit_norm,2984,5-b-rpVPJvs,14,I like this G's.,unknown,unsupported,unsupported,,,,
no_explicit_norm,2984,5-b-rpVPJvs,15,I like this G's.,unknown,unsupported,unsupported,,,,
no_explicit_norm,2984,5-b-rpVPJvs,16,I like this G's.,unknown,unsupported,unsupported,,,,
no_explicit_norm,2984,5-b-rpVPJvs,17,I like this G's.,unknown,unsupported,unsupported,,,,
no_explicit_norm,2984,5-b-rpVPJvs,18,I like this G's.,unknown,unsupported,unsupported,,,,
no_explicit_norm,3031,BkUMkc-lwoI,1,Allow me to recommend 'Mi Delirio' by Anahí.,metadata,metadata-supported,metadata-supported,,uncheckable,,
no_explicit_norm,3031,BkUMkc-lwoI,2,electronic track with female vocals.,audio,audio-supported,audio-supported,,,,
no_explicit_norm,3031,BkUMkc-lwoI,3,"Although I don't have much information about the album or artists, the song itself aligns well with your preferences for pop, electronic",preference,preference-supported,preference-supported,electronic;pop,partially_supported,"the user demonstrates a strong affinity for upbeat and energetic pop music, particularly tracks with bright vocals, driving rhythms, and well-produced sound quality. they appreciate a mix of pop styles and enjoy music that evokes a sense of movement and happiness. while they acknowledge and appreciate a strong beat, they find excessively frantic or chaotic rhythms unappealing. the user's listening history suggests a fondness for artists like super junior, ericnam, and nu'est, indicating a broader interest in k-pop and related genres. they value vocal performance and appreciate a polished, professional production style. the user strongly prefers upbeat and energetic pop music. the user appreciates bright and happy vocals in their music. the user enjoys music with a driving rhythm and a sense of movement. the user prefers well-produced tracks with a polished sound. the user has an interest in k-pop and related genres. the user values strong vocal performances in music.",the user finds excessively frantic or chaotic rhythms unappealing.
no_explicit_norm,3031,BkUMkc-lwoI,4,It has a catchy,unknown,unsupported,audio-supported,,,,
no_explicit_norm,3031,BkUMkc-lwoI,5,energetic vibe that could be a fitting choice for your video.,audio,audio-supported,audio-supported,,,,
no_explicit_norm,3079,pmS02POSG3Y,1,Allow me to recommend 'Ich tanz wie ne´ Kuh!' by Die Aussenseiter.,metadata,metadata-supported,metadata-supported,,uncheckable,,
no_explicit_norm,3079,pmS02POSG3Y,2,It's a track from their album 'Ich tanz wie ne´ Kuh!'.,metadata,metadata-supported,metadata-supported,,uncheckable,,
no_explicit_norm,3079,pmS02POSG3Y,3,"The song combines elements of pop, dance",audio,audio-supported,audio-supported,,,,
no_explicit_norm,3079,pmS02POSG3Y,4,"electronic music, which aligns well with the energetic",audio,audio-supported,audio-supported,,,,
no_explicit_norm,3079,pmS02POSG3Y,5,lively vibe you're looking for.,prompt,prompt-supported,prompt-supported,,,,
no_explicit_norm,3079,pmS02POSG3Y,6,It was released in 2013,metadata,metadata-supported,metadata-supported,,uncheckable,,
no_explicit_norm,3119,KvJzcros4a0,1,Allow me to recommend 'Pearls Of Summer' by Bentu de Soli.,metadata,metadata-supported,metadata-supported,,uncheckable,,
no_explicit_norm,3119,KvJzcros4a0,2,It's a track from their album 'Pearls Of Summer'.,metadata,metadata-supported,metadata-supported,,uncheckable,,
no_explicit_norm,3119,KvJzcros4a0,3,"The song combines elements of house, electronic",audio,audio-supported,audio-supported,,,,
no_explicit_norm,3119,KvJzcros4a0,4,pop with a dance vibe.,unknown,unsupported,audio-supported,,,,
no_explicit_norm,3119,KvJzcros4a0,5,It was released in 2013,metadata,metadata-supported,metadata-supported,,uncheckable,,
no_explicit_norm,3119,KvJzcros4a0,6,has a fast-paced techno sound that could be a fitting choice for your video.,video,video-supported,video-supported,,,,
no_explicit_norm,3144,hEJ241UiIRg,1,If you're looking for a track with an electronic,prompt,prompt-supported,prompt-supported,,,,
no_explicit_norm,3144,hEJ241UiIRg,2,"pop sound, I would recommend 'D'dark; - 2013 - 2014 - 2015 - 2016 - 2017 - 2018 - 2019 - 2020 - 2021 - 2022 - 2023 - 2024 - 2025 - 2026 - 2027 - 2028 - 202",metadata,metadata-supported,metadata-supported,pop,not_found,,
no_explicit_norm,3150,twJLaqIcFPs,1,Allow me to recommend 'Nubila' by Nubila.,metadata,metadata-supported,metadata-supported,,uncheckable,,
no_explicit_norm,3150,twJLaqIcFPs,2,It's a track from their album 'Nubila'.,metadata,metadata-supported,metadata-supported,,uncheckable,,
no_explicit_norm,3150,twJLaqIcFPs,3,"The song combines elements of rock, indie",audio,audio-supported,audio-supported,,,,
no_explicit_norm,3150,twJLaqIcFPs,4,"alternative genres, with female vocals",audio,audio-supported,audio-supported,,,,
no_explicit_norm,3150,twJLaqIcFPs,5,It was released in 2014,metadata,metadata-supported,metadata-supported,,uncheckable,,
no_explicit_norm,3150,twJLaqIcFPs,6,captivating sound that could be a fitting choice for your video.,audio,audio-supported,audio-supported,,,,
no_explicit_norm,3161,clnnaVePGEU,1,"In that case, I would recommend 'Sweet Dreams' by The Pipettes.",metadata,metadata-supported,metadata-supported,,uncheckable,,
no_explicit_norm,3161,clnnaVePGEU,2,It's a track from their album 'Sweet Dreams'.,metadata,metadata-supported,metadata-supported,,uncheckable,,
no_explicit_norm,3161,clnnaVePGEU,3,The Pipettes are known for their electronic,unknown,unsupported,audio-supported,,,,
no_explicit_norm,3161,clnnaVePGEU,4,pop style with female vocals.,audio,audio-supported,audio-supported,,,,
no_explicit_norm,3161,clnnaVePGEU,5,"This song combines elements of electronic, pop",audio,audio-supported,audio-supported,,,,
no_explicit_norm,3161,clnnaVePGEU,6,"female vocals, which aligns well with the electronic",audio,audio-supported,audio-supported,,,,
no_explicit_norm,3161,clnnaVePGEU,7,pop style you're looking for.,prompt,prompt-supported,prompt-supported,,,,
no_explicit_norm,3216,T5GC_7v_CIg,1,Allow me to recommend 'Hold You Down' by DJ Khaled.,metadata,metadata-supported,metadata-supported,,uncheckable,,
no_explicit_norm,3216,T5GC_7v_CIg,2,It's a track from his album 'Hold You Down'.,metadata,metadata-supported,metadata-supported,,uncheckable,,
no_explicit_norm,3216,T5GC_7v_CIg,3,"It combines elements of R&B, soul",audio,audio-supported,audio-supported,,,,
no_explicit_norm,3216,T5GC_7v_CIg,4,pop with electronic beats,audio,audio-supported,audio-supported,,,,
no_explicit_norm,3216,T5GC_7v_CIg,5,This song could be a fitting choice for your video.,general,general-supported,general-supported,,,,
no_explicit_norm,3277,P4FXiFFJHFM,1,Allow me to recommend 'Derroche de amor' by Alex Campos.,metadata,metadata-supported,metadata-supported,,uncheckable,,
no_explicit_norm,3277,P4FXiFFJHFM,2,It's a track from his album 'Derroche de amor'.,metadata,metadata-supported,metadata-supported,,uncheckable,,
no_explicit_norm,3277,P4FXiFFJHFM,3,"This song combines elements of rock, pop",audio,audio-supported,audio-supported,,,,
no_explicit_norm,3277,P4FXiFFJHFM,4,alternative with strong vocal,audio,audio-supported,audio-supported,,,,
no_explicit_norm,3277,P4FXiFFJHFM,5,It was released in 2012,metadata,metadata-supported,metadata-supported,,uncheckable,,
no_explicit_norm,3277,P4FXiFFJHFM,6,energetic vibe that could be a fitting choice for your video.,audio,audio-supported,audio-supported,,,,
no_explicit_norm,3294,lMkhbZJsoso,1,"I'm looking for a track that combines hip-hop, pop, R&B",prompt,prompt-supported,prompt-supported,,,,
no_explicit_norm,3294,lMkhbZJsoso,2,"Although I don't have a specific recommendation for you, I can recommend the track 'Für mich' by F.A.R.A.",metadata,metadata-supported,metadata-supported,,uncheckable,,
no_explicit_norm,3294,lMkhbZJsoso,3,"It's a hip-hop, pop, R&B",unknown,unsupported,audio-supported,,,,
no_explicit_norm,3294,lMkhbZJsoso,4,soul track with electronic,unknown,unsupported,audio-supported,,,,
no_explicit_norm,3294,lMkhbZJsoso,5,"Although I don't have a specific recommendation for you, I can recommend the track 'Für mich' by F.A.R.A.",metadata,metadata-supported,metadata-supported,,uncheckable,,
no_explicit_norm,3317,yN6J9nQSaJw,1,How about 'Tic Tic' by DUMBFOUNDEAD featuring Intuition?,metadata,metadata-supported,metadata-supported,,uncheckable,,
no_explicit_norm,3317,yN6J9nQSaJw,2,"It's a track that combines elements of hip-hop, R&B",audio,audio-supported,audio-supported,,,,
no_explicit_norm,3317,yN6J9nQSaJw,3,The song has a catchy beat,audio,audio-supported,audio-supported,,,,
no_explicit_norm,3317,yN6J9nQSaJw,4,"a smooth vocal performance, which can add a dynamic",audio,audio-supported,audio-supported,,,,
no_explicit_norm,3317,yN6J9nQSaJw,5,modern touch to your project.,unknown,unsupported,audio-supported,,,,
no_explicit_norm,3331,-F_a2fpE35w,1,Allow me to recommend 'Hero' by Skillet.,metadata,metadata-supported,metadata-supported,,uncheckable,,
no_explicit_norm,3331,-F_a2fpE35w,2,It's a track from their album 'Hero'.,metadata,metadata-supported,metadata-supported,,uncheckable,,
no_explicit_norm,3331,-F_a2fpE35w,3,"It combines elements of alternative rock, metal",audio,audio-supported,audio-supported,,,,
no_explicit_norm,3331,-F_a2fpE35w,4,The song has a powerful,unknown,unsupported,audio-supported,,,,
no_explicit_norm,3331,-F_a2fpE35w,5,energetic sound that could be a fitting choice for your video.,audio,audio-supported,audio-supported,,,,
no_explicit_norm,3331,-F_a2fpE35w,6,"It was released in 2010, which may contain the specific element you want.",prompt,prompt-supported,prompt-supported,,,,
no_explicit_norm,3350,tmGn6cBy-l4,1,Allow me to recommend 'Elephant' by Coinslot.,metadata,metadata-supported,metadata-supported,,uncheckable,,
no_explicit_norm,3350,tmGn6cBy-l4,2,It's a track from their album 'Elephant'.,metadata,metadata-supported,metadata-supported,,uncheckable,,
no_explicit_norm,3350,tmGn6cBy-l4,3,"It combines elements of indie rock, electronic",audio,audio-supported,audio-supported,,,,
no_explicit_norm,3350,tmGn6cBy-l4,4,The song has a unique blend of guitar,audio,audio-supported,audio-supported,,,,
no_explicit_norm,3350,tmGn6cBy-l4,5,"electronic sounds, which could be a fitting choice for your video.",audio,audio-supported,audio-supported,,,,
no_explicit_norm,3374,bpgUPqKsIUQ,1,"In that case, I would recommend 'Jealousy' by B.",metadata,metadata-supported,metadata-supported,,uncheckable,,
no_explicit_norm,3374,bpgUPqKsIUQ,2,This track has a soulful,unknown,unsupported,metadata-supported,,,,
no_explicit_norm,3374,bpgUPqKsIUQ,3,"pop sound, with elements of Hip-Hop, R&B",metadata,metadata-supported,metadata-supported,hip-hop;pop;r&b,partially_supported,,
no_explicit_norm,3374,bpgUPqKsIUQ,4,It's part of the album 'Jealousy',metadata,metadata-supported,metadata-supported,,uncheckable,,
no_explicit_norm,3374,bpgUPqKsIUQ,5,would be a great fit for your video.,metadata,metadata-supported,metadata-supported,,uncheckable,,
no_explicit_norm,3375,5CPOsLa2Rws,1,Allow me to recommend 'Meu Beatchoro' by Beatchoro.,metadata,metadata-supported,metadata-supported,beat,supported,,
no_explicit_norm,3375,5CPOsLa2Rws,2,It's a track from their album 'Meu Beatchoro'.,metadata,metadata-supported,metadata-supported,beat,supported,,
no_explicit_norm,3375,5CPOsLa2Rws,3,"The song combines elements of hip-hop, jazz",audio,audio-supported,audio-supported,,,,
no_explicit_norm,3375,5CPOsLa2Rws,4,rock with a male vocalist,audio,audio-supported,audio-supported,,,,
no_explicit_norm,3375,5CPOsLa2Rws,5,It was released in 2012,metadata,metadata-supported,metadata-supported,,uncheckable,,
no_explicit_norm,3375,5CPOsLa2Rws,6,has a unique blend of genres that could be a fitting choice for your video.,general,general-supported,general-supported,,,,
no_explicit_norm,3420,LDfsQTfNeNk,1,Allow me to recommend 'This is My Way' by kid.,metadata,metadata-supported,metadata-supported,,uncheckable,,
no_explicit_norm,3420,LDfsQTfNeNk,2,It's a track from Ana Tijoux's album '1977'.,metadata,metadata-supported,metadata-supported,,uncheckable,,
no_explicit_norm,3420,LDfsQTfNeNk,3,"The song combines elements of pop, electronic",audio,audio-supported,audio-supported,,,,
no_explicit_norm,3420,LDfsQTfNeNk,4,hip-hop with female vocals.,audio,audio-supported,audio-supported,,,,
no_explicit_norm,3420,LDfsQTfNeNk,5,It has a catchy,unknown,unsupported,audio-supported,,,,
no_explicit_norm,3420,LDfsQTfNeNk,6,energetic vibe that could be a fitting choice for your video.,audio,audio-supported,audio-supported,,,,
no_explicit_norm,3435,SecgP8tYXb4,1,Allow me to recommend 'Mal à dire' by Fababy.,metadata,metadata-supported,metadata-supported,,uncheckable,,
no_explicit_norm,3435,SecgP8tYXb4,2,It's a track from his album 'Mal à dire'.,metadata,metadata-supported,metadata-supported,,uncheckable,,
no_explicit_norm,3435,SecgP8tYXb4,3,"It combines elements of hip-hop, rock",audio,audio-supported,audio-supported,,,,
no_explicit_norm,3435,SecgP8tYXb4,4,pop with techno beats that could be a fitting choice for your video.,audio,audio-supported,audio-supported,,,,
no_explicit_norm,3435,SecgP8tYXb4,5,The song features male vocals,audio,audio-supported,audio-supported,,,,
no_explicit_norm,3435,SecgP8tYXb4,6,"was released in 2012, which may contain the specific elements you want.",prompt,prompt-supported,prompt-supported,,,,
no_explicit_norm,3456,ualwCoJsBgQ,1,Allow me to recommend 'Prayer' by Dre Zee.,metadata,metadata-supported,metadata-supported,,uncheckable,,
no_explicit_norm,3456,ualwCoJsBgQ,2,It's a track from his album 'Prayer'.,metadata,metadata-supported,metadata-supported,,uncheckable,,
no_explicit_norm,3456,ualwCoJsBgQ,3,"It combines elements of hip-hop, R&B",audio,audio-supported,audio-supported,,,,
no_explicit_norm,3456,ualwCoJsBgQ,4,soul with indie influences.,audio,audio-supported,audio-supported,,,,
no_explicit_norm,3456,ualwCoJsBgQ,5,The song features guitar,audio,audio-supported,audio-supported,,,,
no_explicit_norm,3456,ualwCoJsBgQ,6,"male vocals, which could be a fitting choice for your video.",audio,audio-supported,audio-supported,,,,
no_explicit_norm,3477,U9fIBdlcTMc,1,I recommend '애 너 너 (Ah-Ah-Ah) (feat.,metadata,metadata-supported,metadata-supported,,uncheckable,,
no_explicit_norm,3477,U9fIBdlcTMc,2,윤)' by 애 너 너.,metadata,metadata-supported,metadata-supported,,uncheckable,,
no_explicit_norm,3477,U9fIBdlcTMc,3,It's a track with pop,unknown,unsupported,metadata-supported,,,,
no_explicit_norm,3477,U9fIBdlcTMc,4,"electronic influences, featuring female vocals.",metadata,metadata-supported,metadata-supported,electronic;female vocals;male vocals;vocal;vocals,supported,,
no_explicit_norm,3477,U9fIBdlcTMc,5,It has a catchy,unknown,unsupported,audio-supported,,,,
no_explicit_norm,3477,U9fIBdlcTMc,6,energetic vibe that could be a fitting choice for your video.,audio,audio-supported,audio-supported,,,,
no_explicit_norm,3513,u6uIr6mGzWM,1,Allow me to recommend 'The Rebound' by Verseatile featuring Traphik.,metadata,metadata-supported,metadata-supported,,uncheckable,,
no_explicit_norm,3513,u6uIr6mGzWM,2,It's a track from their album 'The Rebound'.,metadata,metadata-supported,metadata-supported,,uncheckable,,
no_explicit_norm,3513,u6uIr6mGzWM,3,"It combines elements of hip-hop, electronic",audio,audio-supported,audio-supported,,,,
no_explicit_norm,3513,u6uIr6mGzWM,4,indie with a dance,unknown,unsupported,audio-supported,,,,
no_explicit_norm,3513,u6uIr6mGzWM,5,beat-focused sound that could be a fitting choice for your video.,audio,audio-supported,audio-supported,,,,
no_explicit_norm,3525,A6Wslro1JkQ,1,Allow me to recommend 'Wszystko' by Iwona Wegrowska.,metadata,metadata-supported,metadata-supported,,uncheckable,,
no_explicit_norm,3525,A6Wslro1JkQ,2,soul track with female vocals.,audio,audio-supported,audio-supported,,,,
no_explicit_norm,3525,A6Wslro1JkQ,3,"Although I don't have much information about this specific track, Iwona Wegrowska's music is known for its pop",unknown,unsupported,audio-supported,,,,
no_explicit_norm,3525,A6Wslro1JkQ,4,her distinctive female vocals.,audio,audio-supported,audio-supported,,,,
no_explicit_norm,3525,A6Wslro1JkQ,5,It may be a fitting choice for your video.,general,general-supported,general-supported,,,,
no_explicit_norm,3527,vhowLbfEEWE,1,Allow me to recommend 'Moves Like Jagger (Remix)' by Maroon 5.,metadata,metadata-supported,metadata-supported,,uncheckable,,
no_explicit_norm,3527,vhowLbfEEWE,2,It's a remix of the original song,unknown,unsupported,unsupported,,,,
no_explicit_norm,3527,vhowLbfEEWE,3,"The track combines elements of electronic, pop",audio,audio-supported,audio-supported,,,,
no_explicit_norm,3527,vhowLbfEEWE,4,"dance genres, which aligns well with Keenan Cahill's style.",audio,audio-supported,audio-supported,,,,
no_explicit_norm,3527,vhowLbfEEWE,5,It has a fast-paced beat,audio,audio-supported,audio-supported,,,,
no_explicit_norm,3527,vhowLbfEEWE,6,"was recorded in 2011, which may contain the specific elements you want.",prompt,prompt-supported,prompt-supported,,,,
no_explicit_norm,3554,dmY6wc0dpPw,1,I recommend 'The Way I Feel' by Coheed,metadata,metadata-supported,metadata-supported,,uncheckable,,
no_explicit_norm,3554,dmY6wc0dpPw,2,It's a track from their album 'The Way I Feel'.,metadata,metadata-supported,metadata-supported,,uncheckable,,
no_explicit_norm,3554,dmY6wc0dpPw,3,"The song combines elements of hard rock, heavy metal",audio,audio-supported,audio-supported,,,,
no_explicit_norm,3554,dmY6wc0dpPw,4,It has a powerful,unknown,unsupported,audio-supported,,,,
no_explicit_norm,3554,dmY6wc0dpPw,5,energetic sound that could be a fitting choice for your video.,audio,audio-supported,audio-supported,,,,
no_explicit_norm,3575,oXZA8XMJZs4,1,Allow me to recommend 'SKRÓTY' by HRYCU / MJK.,metadata,metadata-supported,metadata-supported,,uncheckable,,
no_explicit_norm,3575,oXZA8XMJZs4,2,It's a track from their album 'SKRÓTY'.,metadata,metadata-supported,metadata-supported,,uncheckable,,
no_explicit_norm,3575,oXZA8XMJZs4,3,"It combines elements of hip-hop, R&B",audio,audio-supported,audio-supported,,,,
no_explicit_norm,3575,oXZA8XMJZs4,4,electronic music with female vocals.,audio,audio-supported,audio-supported,,,,
no_explicit_norm,3575,oXZA8XMJZs4,5,The song has a pop,unknown,unsupported,general-supported,,,,
no_explicit_norm,3575,oXZA8XMJZs4,6,"soul vibe, which could be a fitting choice for your video.",general,general-supported,general-supported,,,,
no_explicit_norm,3597,-_MrEEi-7HM,1,G I' I'm G I' I'm G I's I'm G I' I'm G' I'm G' I'm G' I'm G' I'm G' I'm G' I'm G' I'm G' I'm G' I'm G' I'm G' I'm G' I'm G' I'm G' I'm G' I'm G' I'm G' I'm G' I'm G' I'm G' I'm G' I,unknown,unsupported,unsupported,,,,
no_explicit_norm,3608,i3fK8HuF3JY,1,the music of the music.,unknown,unsupported,unsupported,,,,
no_explicit_norm,3608,i3fK8HuF3JY,2,I'm a music producer.,unknown,unsupported,unsupported,,,,
no_explicit_norm,3608,i3fK8HuF3JY,3,I'm a music producer.,unknown,unsupported,unsupported,,,,
no_explicit_norm,3608,i3fK8HuF3JY,4,I'm a music producer.,unknown,unsupported,unsupported,,,,
no_explicit_norm,3608,i3fK8HuF3JY,5,I'm a music producer.,unknown,unsupported,unsupported,,,,
no_explicit_norm,3608,i3fK8HuF3JY,6,I'm a music producer.,unknown,unsupported,unsupported,,,,
no_explicit_norm,3608,i3fK8HuF3JY,7,I'm a music producer.,unknown,unsupported,unsupported,,,,
no_explicit_norm,3608,i3fK8HuF3JY,8,I'm a music producer.,unknown,unsupported,unsupported,,,,
no_explicit_norm,3608,i3fK8HuF3JY,9,I'm a music producer.,unknown,unsupported,unsupported,,,,
no_explicit_norm,3608,i3fK8HuF3JY,10,I'm a music producer.,unknown,unsupported,unsupported,,,,
no_explicit_norm,3608,i3fK8HuF3JY,11,I'm a music producer.,unknown,unsupported,unsupported,,,,
no_explicit_norm,3608,i3fK8HuF3JY,12,I'm a music producer.,unknown,unsupported,unsupported,,,,
no_explicit_norm,3608,i3fK8HuF3JY,13,I'm a music producer.,unknown,unsupported,unsupported,,,,
no_explicit_norm,3608,i3fK8HuF3JY,14,I'm a music producer.,unknown,unsupported,unsupported,,,,
no_explicit_norm,3608,i3fK8HuF3JY,15,I'm a music producer.,unknown,unsupported,unsupported,,,,
no_explicit_norm,3608,i3fK8HuF3JY,16,I'm a music producer.,unknown,unsupported,unsupported,,,,
no_explicit_norm,3608,i3fK8HuF3JY,17,I'm a music producer.,unknown,unsupported,unsupported,,,,
no_explicit_norm,3608,i3fK8HuF3JY,18,I'm a music producer.,unknown,unsupported,unsupported,,,,
no_explicit_norm,3609,pNhFBT3yFTk,1,I don't have any recommendations that specifically combine rock,general,general-supported,general-supported,,,,
no_explicit_norm,3609,pNhFBT3yFTk,2,"However, I can recommend 'Dhruv Dhalla' by Dhruv Dhalla.",metadata,metadata-supported,metadata-supported,,uncheckable,,
no_explicit_norm,3609,pNhFBT3yFTk,3,"It's a track that combines elements of rock, pop",audio,audio-supported,audio-supported,,,,
no_explicit_norm,3609,pNhFBT3yFTk,4,Although I don't have specific information about the rock,unknown,unsupported,metadata-supported,,,,
no_explicit_norm,3609,pNhFBT3yFTk,5,"electronic genres, I can recommend 'Dhruv Dhalla' by Dhruv Dhalla.",metadata,metadata-supported,metadata-supported,electronic,supported,,
no_explicit_norm,3609,pNhFBT3yFTk,6,"It's a track that combines elements of rock, pop",audio,audio-supported,audio-supported,,,,
no_explicit_norm,3609,pNhFBT3yFTk,7,Although I don't have specific information about the rock,unknown,unsupported,metadata-supported,,,,
no_explicit_norm,3636,O30F9cxtlVM,1,Allow me to recommend 'Mi Gente' by J Balvin.,metadata,metadata-supported,metadata-supported,,uncheckable,,
no_explicit_norm,3636,O30F9cxtlVM,2,It's a track from the album 'Mi Gente'.,metadata,metadata-supported,metadata-supported,,uncheckable,,
no_explicit_norm,3636,O30F9cxtlVM,3,"This song combines elements of hip-hop, pop",audio,audio-supported,audio-supported,,,,
no_explicit_norm,3636,O30F9cxtlVM,4,It has a catchy beat,audio,audio-supported,audio-supported,,,,
no_explicit_norm,3636,O30F9cxtlVM,5,a vibrant sound that could be a fitting choice for your video.,audio,audio-supported,audio-supported,,,,
no_explicit_norm,3653,Al7bbZI74xw,1,"In that case, I would recommend 'Mi Vida' by El Chino.",metadata,metadata-supported,metadata-supported,,uncheckable,,
no_explicit_norm,3653,Al7bbZI74xw,2,This track has a 90s feel,unknown,unsupported,audio-supported,,,,
no_explicit_norm,3653,Al7bbZI74xw,3,features a male vocal.,audio,audio-supported,audio-supported,,,,
no_explicit_norm,3653,Al7bbZI74xw,4,"It's a perfect fit for your video, combining elements of Hip-Hop, electronic",general,general-supported,general-supported,,,,
no_explicit_norm,3653,Al7bbZI74xw,5,pop with a touch of 90s.,unknown,unsupported,general-supported,,,,
no_explicit_norm,3653,Al7bbZI74xw,6,It's a great choice for your video.,general,general-supported,general-supported,,,,
no_explicit_norm,3684,LfyxIib8agk,1,Allow me to recommend 'Romper El Hielo' by LA KLAVE.,metadata,metadata-supported,metadata-supported,,uncheckable,,
no_explicit_norm,3684,LfyxIib8agk,2,It's an electronic dance track with a techno sound.,audio,audio-supported,audio-supported,,,,
no_explicit_norm,3684,LfyxIib8agk,3,"Although I don't have much information about the track, it aligns well with your preferences for electronic",preference,preference-supported,preference-supported,electronic,supported,"the user demonstrates a strong affinity for electronic music, particularly styles driven by powerful, rhythmic beats. they are drawn to music with hip-hop and techno influences, appreciating the energy and driving force these genres provide. the user values a clear, impactful beat that they can 'feel,' and expresses a preference for music that isn't overly layered or chaotic. while appreciating innovation in production, they prioritize a 'punchy' and accessible rhythm over complex or atmospheric soundscapes. they seem to enjoy music with hypnotic melodies and are captivated by fast tempos, as exemplified by their enthusiasm for satnik & doctor silva. the user strongly prefers electronic music. the user enjoys music with hip-hop and techno influences. the user favors music with a strong, driving rhythm and beat. the user prefers music that is not overly layered or chaotic. the user appreciates fast tempos and energetic music. the user values a 'punchy' and accessible rhythm over complex production. the user is drawn to music with hypnotic melodies.",
no_explicit_norm,3684,LfyxIib8agk,4,dance music with fast beats.,audio,audio-supported,audio-supported,,,,
no_explicit_norm,3708,cKQWxtjWBs8,1,G I'm G I'm G.,unknown,unsupported,unsupported,,,,
no_explicit_norm,3708,cKQWxtjWBs8,2,I'm G'm G' I'm G'm G'm G'm G'm G'm G'm G'm G'm G'm G'm G'm G'm G'm G'm G'm G'm G'm G'm'm G'm'm G'm'm G'm'm G'm'm G,unknown,unsupported,unsupported,,,,
no_explicit_norm,3739,HRQBiBdEdOE,1,I suggest you consider 'Wenn Du Gehst' by Tim Bendzko.,metadata,metadata-supported,metadata-supported,,uncheckable,,
no_explicit_norm,3739,HRQBiBdEdOE,2,It's a track from his album 'Wenn Du Gehst'.,metadata,metadata-supported,metadata-supported,,uncheckable,,
no_explicit_norm,3739,HRQBiBdEdOE,3,"The song combines elements of indie, rock",audio,audio-supported,audio-supported,,,,
no_explicit_norm,3739,HRQBiBdEdOE,4,folk with a touch of metal.,unknown,unsupported,audio-supported,,,,
no_explicit_norm,3739,HRQBiBdEdOE,5,It has a guitar-focused sound,audio,audio-supported,audio-supported,,,,
no_explicit_norm,3739,HRQBiBdEdOE,6,"This track could be a fitting choice for your video, combining the indie",general,general-supported,general-supported,,,,
no_explicit_norm,3739,HRQBiBdEdOE,7,folk elements you're looking for with the metal,prompt,prompt-supported,prompt-supported,,,,
no_explicit_norm,3746,TMeh94SImcg,1,How about 'Forever' by E - Moolah?,metadata,metadata-supported,metadata-supported,,uncheckable,,
no_explicit_norm,3746,TMeh94SImcg,2,It's a track from their album 'Forever'.,metadata,metadata-supported,metadata-supported,,uncheckable,,
no_explicit_norm,3746,TMeh94SImcg,3,"The song combines elements of Hip-Hop, R&B",audio,audio-supported,audio-supported,,,,
no_explicit_norm,3746,TMeh94SImcg,4,It has a fast-paced beat,audio,audio-supported,audio-supported,,,,
no_explicit_norm,3746,TMeh94SImcg,5,features loud male vocals.,audio,audio-supported,audio-supported,,,,
no_explicit_norm,3746,TMeh94SImcg,6,It could be a fitting choice for your video.,general,general-supported,general-supported,,,,
no_explicit_norm,3801,2oNN37dbQM8,1,Allow me to recommend 'Snow on the branches' by Gummy.,metadata,metadata-supported,metadata-supported,,uncheckable,,
no_explicit_norm,3801,2oNN37dbQM8,2,It's a track from Stefanie Sun's album 'Snow on the branches'.,metadata,metadata-supported,metadata-supported,,uncheckable,,
no_explicit_norm,3801,2oNN37dbQM8,3,"It combines elements of pop, rock",audio,audio-supported,audio-supported,,,,
no_explicit_norm,3801,2oNN37dbQM8,4,indie with female vocals.,audio,audio-supported,audio-supported,,,,
no_explicit_norm,3801,2oNN37dbQM8,5,The song features guitar,audio,audio-supported,audio-supported,,,,
no_explicit_norm,3801,2oNN37dbQM8,6,has a unique blend of genres that could be a fitting choice for your video.,general,general-supported,general-supported,,,,
no_explicit_norm,3838,Ig3NpFxgo94,1,"In that case, I would recommend 'My Immortal' by Evanescence.",metadata,metadata-supported,metadata-supported,,uncheckable,,
no_explicit_norm,3838,Ig3NpFxgo94,2,"This track is a perfect fit for your needs, as it combines elements of pop, rock",audio,audio-supported,audio-supported,,,,
no_explicit_norm,3838,Ig3NpFxgo94,3,electronic music with emotional lyrics.,unknown,unsupported,audio-supported,,,,
no_explicit_norm,3838,Ig3NpFxgo94,4,It's a beautiful song that would complement a dramatic scene in a video.,video,video-supported,video-supported,,,,
no_explicit_norm,3848,OZO0HlVqb4I,1,I recommend 'Mon Coucher D'Soleil' by Jean-Luc Rosier.,metadata,metadata-supported,metadata-supported,,uncheckable,,
no_explicit_norm,3848,OZO0HlVqb4I,2,It's a track from Esther Mugabu's album 'Mon Coucher D'Soleil'.,metadata,metadata-supported,metadata-supported,,uncheckable,,
no_explicit_norm,3848,OZO0HlVqb4I,3,"This song combines elements of pop, electronic",audio,audio-supported,audio-supported,,,,
no_explicit_norm,3848,OZO0HlVqb4I,4,"soul, which aligns well with the style you're looking for.",prompt,prompt-supported,prompt-supported,,,,
no_explicit_norm,3848,OZO0HlVqb4I,5,It was released in 2013,metadata,metadata-supported,metadata-supported,,uncheckable,,
no_explicit_norm,3848,OZO0HlVqb4I,6,upbeat vibe that could add a unique touch to your video.,audio,audio-supported,audio-supported,,,,
no_explicit_norm,3854,o0v1PJLLCOU,1,I'm a mix of Hip-Hop.,unknown,unsupported,unsupported,,,,
no_explicit_norm,3854,o0v1PJLLCOU,2,I'm looking for a mix of Hip-Hop.,prompt,prompt-supported,prompt-supported,,,,
no_explicit_norm,3854,o0v1PJLLCOU,3,I'm looking for a mix of Hip-Hop.,prompt,prompt-supported,prompt-supported,,,,
no_explicit_norm,3854,o0v1PJLLCOU,4,I'm looking for a mix of Hip-Hop.,prompt,prompt-supported,prompt-supported,,,,
no_explicit_norm,3854,o0v1PJLLCOU,5,I'm looking for a mix of Hip-Hop.,prompt,prompt-supported,prompt-supported,,,,
no_explicit_norm,3854,o0v1PJLLCOU,6,I'm looking for a mix of Hip-Hop.,prompt,prompt-supported,prompt-supported,,,,
no_explicit_norm,3854,o0v1PJLLCOU,7,I'm looking for a mix of Hip-Hop.,prompt,prompt-supported,prompt-supported,,,,
no_explicit_norm,3854,o0v1PJLLCOU,8,I'm looking for a mix of Hip-Hop.,prompt,prompt-supported,prompt-supported,,,,
no_explicit_norm,3854,o0v1PJLLCOU,9,I'm looking for a mix of Hip-Hop.,prompt,prompt-supported,prompt-supported,,,,
no_explicit_norm,3868,JZ90v4OTouI,1,Allow me to recommend 'Pookey' by Pookey.,metadata,metadata-supported,metadata-supported,,uncheckable,,
no_explicit_norm,3868,JZ90v4OTouI,2,It's a track from their album 'Pookey'.,metadata,metadata-supported,metadata-supported,,uncheckable,,
no_explicit_norm,3868,JZ90v4OTouI,3,"It combines elements of hip-hop, electronic",audio,audio-supported,audio-supported,,,,
no_explicit_norm,3868,JZ90v4OTouI,4,fast-paced drums that could be a fitting choice for your video.,video,video-supported,video-supported,,,,
no_explicit_norm,3879,S1_4mMOJhsM,1,Allow me to recommend 'Yene Akal' by Jacky Gosee.,metadata,metadata-supported,metadata-supported,,uncheckable,,
no_explicit_norm,3879,S1_4mMOJhsM,2,R&B track with Indian vocal elements.,audio,audio-supported,audio-supported,,,,
no_explicit_norm,3879,S1_4mMOJhsM,3,The song has a pop,unknown,unsupported,audio-supported,,,,
no_explicit_norm,3879,S1_4mMOJhsM,4,electronic sound with a touch of rock.,audio,audio-supported,audio-supported,,,,
no_explicit_norm,3879,S1_4mMOJhsM,5,It was released in 2014,metadata,metadata-supported,metadata-supported,,uncheckable,,
no_explicit_norm,3879,S1_4mMOJhsM,6,could be a fitting choice for your video.,general,general-supported,general-supported,,,,
no_explicit_norm,3886,OCbQUH1DKFM,1,"In that case, I would recommend 'Hva Skal Jeg Gøre' by Harms & Frisk.",metadata,metadata-supported,metadata-supported,,uncheckable,,
no_explicit_norm,3886,OCbQUH1DKFM,2,"This track combines elements of Hip-Hop, R&B, soul",audio,audio-supported,audio-supported,,,,
no_explicit_norm,3886,OCbQUH1DKFM,3,It has a smooth,unknown,unsupported,unsupported,,,,
no_explicit_norm,3886,OCbQUH1DKFM,4,soulful vibe that would be perfect for your video.,unknown,unsupported,unsupported,,,,
no_explicit_norm,3890,tK0e5Q7VzwM,1,Allow me to recommend 'GROSU' by GROSU.,metadata,metadata-supported,metadata-supported,,uncheckable,,
no_explicit_norm,3890,tK0e5Q7VzwM,2,It's a track from their album 'GROSU'.,metadata,metadata-supported,metadata-supported,,uncheckable,,
no_explicit_norm,3890,tK0e5Q7VzwM,3,"The song combines elements of pop, rock",audio,audio-supported,audio-supported,,,,
no_explicit_norm,3890,tK0e5Q7VzwM,4,indie with female vocals,audio,audio-supported,audio-supported,,,,
no_explicit_norm,3890,tK0e5Q7VzwM,5,It has a unique,unknown,unsupported,general-supported,,,,
no_explicit_norm,3890,tK0e5Q7VzwM,6,distinctive style that could be a fitting choice for your video.,general,general-supported,general-supported,,,,
no_explicit_norm,3900,c6gTcwOCzW0,1,I'm also interested in R&B influences.,metadata,metadata-supported,metadata-supported,r&b,not_found,,
no_explicit_norm,3900,c6gTcwOCzW0,2,I'm also interested in fast-paced beats,metadata,metadata-supported,metadata-supported,beat;beats;fast-paced,partially_supported,,
no_explicit_norm,3900,c6gTcwOCzW0,3,I'm also interested in R&B influences.,metadata,metadata-supported,metadata-supported,r&b,not_found,,
no_explicit_norm,3900,c6gTcwOCzW0,4,I'm also interested in fast-paced beats,metadata,metadata-supported,metadata-supported,beat;beats;fast-paced,partially_supported,,
no_explicit_norm,3900,c6gTcwOCzW0,5,I'm also interested in R&B influences.,metadata,metadata-supported,metadata-supported,r&b,not_found,,
no_explicit_norm,3900,c6gTcwOCzW0,6,I'm also interested in fast-paced beats,metadata,metadata-supported,metadata-supported,beat;beats;fast-paced,partially_supported,,
no_explicit_norm,3900,c6gTcwOCzW0,7,I'm also interested in R&B influences.,metadata,metadata-supported,metadata-supported,r&b,not_found,,
no_explicit_norm,3900,c6gTcwOCzW0,8,I'm also interested in fast-paced beats,metadata,metadata-supported,metadata-supported,beat;beats;fast-paced,partially_supported,,
no_explicit_norm,3900,c6gTcwOCzW0,9,I'm also interested in R&B influences.,metadata,metadata-supported,metadata-supported,r&b,not_found,,
no_explicit_norm,3915,4Q4VQyHfiPI,1,Allow me to recommend 'Lovumba (feat.,metadata,metadata-supported,metadata-supported,,uncheckable,,
no_explicit_norm,3915,4Q4VQyHfiPI,2,Motif)' by Daddy Yankee.,metadata,metadata-supported,metadata-supported,,uncheckable,,
no_explicit_norm,3915,4Q4VQyHfiPI,3,It's a track from their album 'Lovumba (feat.,metadata,metadata-supported,metadata-supported,,uncheckable,,
no_explicit_norm,3915,4Q4VQyHfiPI,4,"It combines elements of electronic, pop",audio,audio-supported,audio-supported,,,,
no_explicit_norm,3915,4Q4VQyHfiPI,5,dance with a strong vocal presence.,audio,audio-supported,audio-supported,,,,
no_explicit_norm,3915,4Q4VQyHfiPI,6,The song has a fast-paced beat,audio,audio-supported,audio-supported,,,,
no_explicit_norm,3915,4Q4VQyHfiPI,7,drum-focused sound that could be a fitting choice for your video.,audio,audio-supported,audio-supported,,,,
no_explicit_norm,3919,ssw7e465RZw,1,"In that case, I would recommend 'Kesepian' by Cendy Mylani.",metadata,metadata-supported,metadata-supported,,uncheckable,,
no_explicit_norm,3919,ssw7e465RZw,2,This track has a retro,unknown,unsupported,audio-supported,,,,
no_explicit_norm,3919,ssw7e465RZw,3,jazzy feel with its pop influences.,audio,audio-supported,audio-supported,,,,
no_explicit_norm,3919,ssw7e465RZw,4,"It's a perfect choice for your video, especially if you're looking for a more mellow",prompt,prompt-supported,prompt-supported,,,,
no_explicit_norm,3977,ii3hBHG1Yt8,1,"In that case, I would recommend 'The Cure' by The Cure.",metadata,metadata-supported,metadata-supported,,uncheckable,,
no_explicit_norm,3977,ii3hBHG1Yt8,2,This track is from their album 'The Cure',metadata,metadata-supported,metadata-supported,,uncheckable,,
no_explicit_norm,3977,ii3hBHG1Yt8,3,"it has a unique blend of rock, indie",audio,audio-supported,audio-supported,,,,
no_explicit_norm,3977,ii3hBHG1Yt8,4,It features a mix of guitar,audio,audio-supported,audio-supported,,,,
no_explicit_norm,3977,ii3hBHG1Yt8,5,"vocals, which adds a distinctive touch to the music.",audio,audio-supported,audio-supported,,,,
no_explicit_norm,3977,ii3hBHG1Yt8,6,It's a great choice for your video.,general,general-supported,general-supported,,,,
no_explicit_norm,4001,qVMPAqwkyls,1,"In that case, I would recommend 'Mundo Melhor' by W Negro.",metadata,metadata-supported,metadata-supported,,uncheckable,,
no_explicit_norm,4001,qVMPAqwkyls,2,"This track combines Hip-Hop, electronic",unknown,unsupported,audio-supported,,,,
no_explicit_norm,4001,qVMPAqwkyls,3,rock genres with experimental,audio,audio-supported,audio-supported,,,,
no_explicit_norm,4001,qVMPAqwkyls,4,It has a unique sound that will add an interesting touch to your video.,audio,audio-supported,audio-supported,,,,
no_explicit_norm,4012,_APP-9CLbe0,1,Allow me to recommend 'Sportowiec' by Dillaz.,metadata,metadata-supported,metadata-supported,,uncheckable,,
no_explicit_norm,4012,_APP-9CLbe0,2,It's a track from their album 'Sportowiec'.,metadata,metadata-supported,metadata-supported,,uncheckable,,
no_explicit_norm,4012,_APP-9CLbe0,3,"It combines elements of hip-hop, electronic",audio,audio-supported,audio-supported,,,,
no_explicit_norm,4012,_APP-9CLbe0,4,chillout with a touch of jazz.,unknown,unsupported,audio-supported,,,,
no_explicit_norm,4012,_APP-9CLbe0,5,The song has a relaxed,unknown,unsupported,general-supported,,,,
no_explicit_norm,4012,_APP-9CLbe0,6,laid-back vibe that could be a fitting choice for your video.,general,general-supported,general-supported,,,,
no_explicit_norm,4076,a-NTUHSyhRM,1,"In that case, I would recommend 'Hoog In De Bergen' by YOUNG NATION 01.",metadata,metadata-supported,metadata-supported,,uncheckable,,
no_explicit_norm,4076,a-NTUHSyhRM,2,"This track combines elements of Hip-Hop, electronic, indie, rock",audio,audio-supported,audio-supported,,,,
no_explicit_norm,4076,a-NTUHSyhRM,3,It has a unique blend of genres that will add a distinctive touch to your video.,unknown,unsupported,unsupported,,,,
no_explicit_norm,4082,yb8-rAGLuDY,1,I suggest checking out 'ZR' by ZR.,metadata,metadata-supported,metadata-supported,,uncheckable,,
no_explicit_norm,4082,yb8-rAGLuDY,2,It's a track from their album 'ZR'.,metadata,metadata-supported,metadata-supported,,uncheckable,,
no_explicit_norm,4082,yb8-rAGLuDY,3,"The song combines elements of rock, punk",audio,audio-supported,audio-supported,,,,
no_explicit_norm,4082,yb8-rAGLuDY,4,alternative with a touch of metal.,unknown,unsupported,audio-supported,,,,
no_explicit_norm,4082,yb8-rAGLuDY,5,It has a fast-paced,audio,audio-supported,audio-supported,,,,
no_explicit_norm,4082,yb8-rAGLuDY,6,"loud sound, which aligns well with ZR's style.",audio,audio-supported,audio-supported,,,,
no_explicit_norm,4082,yb8-rAGLuDY,7,You can find more information about ZR on their Facebook page.,unknown,unsupported,unsupported,,,,
no_explicit_norm,4089,COWLQpVuI9E,1,"In that case, I would recommend 'Se Desliza Una Lagrima' by S2R.",metadata,metadata-supported,metadata-supported,,uncheckable,,
no_explicit_norm,4089,COWLQpVuI9E,2,"This track combines elements of jazz, pop",audio,audio-supported,audio-supported,,,,
no_explicit_norm,4089,COWLQpVuI9E,3,"oldies, with a touch of international influence.",unknown,unsupported,audio-supported,,,,
no_explicit_norm,4089,COWLQpVuI9E,4,It's a perfect blend of genres that can add a unique flavor to your video.,unknown,unsupported,unsupported,,,,
no_explicit_norm,4115,L4GR_c3taS0,1,I suggest using 'White & Nerdy' by 'Weird Al' Yankovic.,metadata,metadata-supported,metadata-supported,,uncheckable,,
no_explicit_norm,4115,L4GR_c3taS0,2,electronic track with a catchy,unknown,unsupported,unsupported,,,,
no_explicit_norm,4115,L4GR_c3taS0,3,The song has a pop,unknown,unsupported,audio-supported,,,,
no_explicit_norm,4115,L4GR_c3taS0,4,"indie influence as well, which could add a unique touch to your video.",audio,audio-supported,audio-supported,,,,
no_explicit_norm,4122,_n5Mjdy1Ap4,1,"In that case, I would recommend 'Body Shake' by Lace Up.",metadata,metadata-supported,metadata-supported,,uncheckable,,
no_explicit_norm,4122,_n5Mjdy1Ap4,2,This track has an indie pop,unknown,unsupported,audio-supported,,,,
no_explicit_norm,4122,_n5Mjdy1Ap4,3,"alternative sound, which will give your video a unique",audio,audio-supported,audio-supported,,,,
no_explicit_norm,4122,_n5Mjdy1Ap4,4,It's part of the album 'Body Shake',metadata,metadata-supported,metadata-supported,,uncheckable,,
no_explicit_norm,4122,_n5Mjdy1Ap4,5,is performed by Lace Up.,metadata,metadata-supported,metadata-supported,,uncheckable,,
no_explicit_norm,4123,hjSKLM7xcqk,1,Allow me to recommend 'Онытма мине' by Салават Миннеханов.,metadata,metadata-supported,metadata-supported,,uncheckable,,
no_explicit_norm,4123,hjSKLM7xcqk,2,It's a track from his album 'Онытма мине'.,metadata,metadata-supported,metadata-supported,,uncheckable,,
no_explicit_norm,4123,hjSKLM7xcqk,3,"It combines elements of pop, rock",audio,audio-supported,audio-supported,,,,
no_explicit_norm,4123,hjSKLM7xcqk,4,electronic music with female vocals.,audio,audio-supported,audio-supported,,,,
no_explicit_norm,4123,hjSKLM7xcqk,5,"This song could be a fitting choice for your video, as it aligns well with the rock",general,general-supported,general-supported,,,,
no_explicit_norm,4123,hjSKLM7xcqk,6,pop genres you mentioned.,audio,audio-supported,audio-supported,,,,
no_explicit_norm,4131,Oq34XT2zfD4,1,"I suggest checking out the live performance of 'Ajvar, leb i sirenje' by 3G.",metadata,metadata-supported,metadata-supported,,uncheckable,,
no_explicit_norm,4131,Oq34XT2zfD4,2,"Although I don't have specific information about the track, 3G is known for their rock, indie",metadata,metadata-supported,metadata-supported,indie;rock,supported,,
no_explicit_norm,4131,Oq34XT2zfD4,3,This performance could provide a unique,unknown,unsupported,audio-supported,,,,
no_explicit_norm,4131,Oq34XT2zfD4,4,energetic experience for your video.,audio,audio-supported,audio-supported,,,,
no_explicit_norm,4153,RQg_-dByKqQ,1,Allow me to recommend 'History' by EXO-M.,preference,preference-supported,preference-supported,,uncheckable,"the user demonstrates a clear preference for upbeat and energetic music, particularly tracks with a driving rhythm and a danceable beat. they appreciate a blend of electronic and pop elements, favoring sophisticated soundscapes and infectious melodies. they've shown an interest in k-pop, specifically artists like super junior and exo-m, and seem to value polished production quality and catchy vocal harmonies. the user prefers upbeat and energetic music for working and creating a vibrant atmosphere. the user enjoys music with a driving rhythm and a danceable beat. the user appreciates a blend of electronic and pop music elements. the user has shown interest in k-pop artists like super junior and exo-m. the user appreciates polished production quality and catchy vocal harmonies. the user prefers music with a stronger beat, avoiding softer or retro-focused styles unless in a specific mood.","while open to exploring different styles, the user generally seeks music that inspires movement and avoids overly complex or 'busy' productions. the user finds overly complex or 'busy' productions overwhelming and prefers a cleaner sound."
no_explicit_norm,4153,RQg_-dByKqQ,2,It's a track from their album 'History'.,preference,preference-supported,preference-supported,,uncheckable,"the user demonstrates a clear preference for upbeat and energetic music, particularly tracks with a driving rhythm and a danceable beat. they appreciate a blend of electronic and pop elements, favoring sophisticated soundscapes and infectious melodies. they've shown an interest in k-pop, specifically artists like super junior and exo-m, and seem to value polished production quality and catchy vocal harmonies. the user prefers upbeat and energetic music for working and creating a vibrant atmosphere. the user enjoys music with a driving rhythm and a danceable beat. the user appreciates a blend of electronic and pop music elements. the user has shown interest in k-pop artists like super junior and exo-m. the user appreciates polished production quality and catchy vocal harmonies. the user prefers music with a stronger beat, avoiding softer or retro-focused styles unless in a specific mood.","while open to exploring different styles, the user generally seeks music that inspires movement and avoids overly complex or 'busy' productions. the user finds overly complex or 'busy' productions overwhelming and prefers a cleaner sound."
no_explicit_norm,4153,RQg_-dByKqQ,3,"It combines elements of electronic, hip-hop",audio,audio-supported,audio-supported,,,,
no_explicit_norm,4153,RQg_-dByKqQ,4,R&B with a fast-paced techno beat that could be a fitting choice for your video.,video,video-supported,video-supported,,,,
no_explicit_norm,4153,RQg_-dByKqQ,5,It was released in 2013 which may contain the specific elements you want.,prompt,prompt-supported,prompt-supported,,,,
no_implicit_norm,57,2aXypurqNlA,1,"I apologize, but I don't have enough information about the target music to provide a specific recommendation.",general,general-supported,general-supported,,,,
no_implicit_norm,57,2aXypurqNlA,2,"However, based on your preferences, I can suggest exploring the music of LJAYE.",preference,preference-supported,preference-supported,,uncheckable,"the user demonstrates a clear preference for emotionally resonant music characterized by strong vocals and a melancholic, yet gentle, atmosphere. they appreciate ballads with a focus on vocal performance and tasteful instrumental arrangements, particularly those featuring piano and understated drums. while open to exploring new artists, the user gravitates towards music with warmth and a more organic feel, favoring acoustic elements like guitar over heavily electronic or dance-oriented sounds. they value a sense of vulnerability and raw emotion in music, but prefer a softer, less frantic delivery. the user prefers music with strong, emotive vocals. the user enjoys ballads with a melancholic vibe. the user appreciates piano-driven instrumentation. the user prefers understated drums and a gentle rhythm. the user prefers music with a warm, organic feel, potentially including guitar. the user appreciates raw emotion and vulnerability in music.",the user dislikes music with prominent bass and a frantic feel.
no_implicit_norm,57,2aXypurqNlA,3,They have a diverse range of genres,unknown,unsupported,audio-supported,,,,
no_implicit_norm,57,2aXypurqNlA,4,"styles, including rock, pop",audio,audio-supported,audio-supported,,,,
no_implicit_norm,57,2aXypurqNlA,5,Their music often features guitar,preference,preference-supported,preference-supported,guitar,supported,"the user demonstrates a clear preference for emotionally resonant music characterized by strong vocals and a melancholic, yet gentle, atmosphere. they appreciate ballads with a focus on vocal performance and tasteful instrumental arrangements, particularly those featuring piano and understated drums. while open to exploring new artists, the user gravitates towards music with warmth and a more organic feel, favoring acoustic elements like guitar over heavily electronic or dance-oriented sounds. they value a sense of vulnerability and raw emotion in music, but prefer a softer, less frantic delivery. the user prefers music with strong, emotive vocals. the user enjoys ballads with a melancholic vibe. the user appreciates piano-driven instrumentation. the user prefers understated drums and a gentle rhythm. the user prefers music with a warm, organic feel, potentially including guitar. the user appreciates raw emotion and vulnerability in music.",the user dislikes music with prominent bass and a frantic feel.
no_implicit_norm,57,2aXypurqNlA,6,"drum elements, which align with your preferences.",preference,preference-supported,preference-supported,drum,supported,"the user demonstrates a clear preference for emotionally resonant music characterized by strong vocals and a melancholic, yet gentle, atmosphere. they appreciate ballads with a focus on vocal performance and tasteful instrumental arrangements, particularly those featuring piano and understated drums. while open to exploring new artists, the user gravitates towards music with warmth and a more organic feel, favoring acoustic elements like guitar over heavily electronic or dance-oriented sounds. they value a sense of vulnerability and raw emotion in music, but prefer a softer, less frantic delivery. the user prefers music with strong, emotive vocals. the user enjoys ballads with a melancholic vibe. the user appreciates piano-driven instrumentation. the user prefers understated drums and a gentle rhythm. the user prefers music with a warm, organic feel, potentially including guitar. the user appreciates raw emotion and vulnerability in music.",the user dislikes music with prominent bass and a frantic feel.
no_implicit_norm,87,XCfdu5SAhiE,1,I recommend 'The Devil's Playground' by Obsessive Compulsive.,metadata,metadata-supported,metadata-supported,,uncheckable,,
no_implicit_norm,87,XCfdu5SAhiE,2,It's a track from their album 'The Devil's Playground'.,metadata,metadata-supported,metadata-supported,,uncheckable,,
no_implicit_norm,87,XCfdu5SAhiE,3,"The song combines elements of heavy metal, rock",audio,audio-supported,audio-supported,,,,
no_implicit_norm,87,XCfdu5SAhiE,4,It has a powerful,unknown,unsupported,audio-supported,,,,
no_implicit_norm,87,XCfdu5SAhiE,5,energetic sound that could be a fitting choice for your video.,audio,audio-supported,audio-supported,,,,
no_implicit_norm,94,o5Y6dgFL1a8,1,Allow me to recommend 'Wenn Du gehst' by Renato.,metadata,metadata-supported,metadata-supported,,uncheckable,,
no_implicit_norm,94,o5Y6dgFL1a8,2,It's a track from their album 'Wenn Du gehst'.,metadata,metadata-supported,metadata-supported,,uncheckable,,
no_implicit_norm,94,o5Y6dgFL1a8,3,"The song combines elements of rock, indie",audio,audio-supported,audio-supported,,,,
no_implicit_norm,94,o5Y6dgFL1a8,4,"blues, which aligns well with the style you're looking for.",prompt,prompt-supported,prompt-supported,,,,
no_implicit_norm,94,o5Y6dgFL1a8,5,It was released in 2012,metadata,metadata-supported,metadata-supported,,uncheckable,,
no_implicit_norm,94,o5Y6dgFL1a8,6,has a distinctive sound that could add a unique touch to your video.,audio,audio-supported,audio-supported,,,,
no_implicit_norm,107,RVNvBnar_rI,1,I suggest checking out 'BMF (Big_Heat)' by Bubba Sparxxx.,metadata,metadata-supported,metadata-supported,,uncheckable,,
no_implicit_norm,107,RVNvBnar_rI,2,It's a track from his album 'BMF (Big_Heat)'.,metadata,metadata-supported,metadata-supported,,uncheckable,,
no_implicit_norm,107,RVNvBnar_rI,3,"The song combines elements of hip-hop, rock, soul",audio,audio-supported,audio-supported,,,,
no_implicit_norm,107,RVNvBnar_rI,4,"jazz, which can add a unique",unknown,unsupported,audio-supported,,,,
no_implicit_norm,107,RVNvBnar_rI,5,diverse sound to your video.,audio,audio-supported,audio-supported,,,,
no_implicit_norm,107,RVNvBnar_rI,6,It has a fast-paced,audio,audio-supported,audio-supported,,,,
no_implicit_norm,107,RVNvBnar_rI,7,energetic vibe that aligns well with the energetic vibe you're looking for.,prompt,prompt-supported,prompt-supported,,,,
no_implicit_norm,137,sAelu_dNL8o,1,Allow me to recommend 'Baby Can't You See' by Dammone.,metadata,metadata-supported,metadata-supported,,uncheckable,,
no_implicit_norm,137,sAelu_dNL8o,2,It's a track from his album 'Baby Can't You See'.,metadata,metadata-supported,metadata-supported,,uncheckable,,
no_implicit_norm,137,sAelu_dNL8o,3,"It combines elements of electronic, chillout",audio,audio-supported,audio-supported,,,,
no_implicit_norm,137,sAelu_dNL8o,4,ambient music with a pop influence.,audio,audio-supported,audio-supported,,,,
no_implicit_norm,137,sAelu_dNL8o,5,The song was released in 2012,metadata,metadata-supported,metadata-supported,,uncheckable,,
no_implicit_norm,137,sAelu_dNL8o,6,has a unique blend of genres that could be a fitting choice for your video.,general,general-supported,general-supported,,,,
no_implicit_norm,147,CX5a4IWs26Q,1,How about 'Phantom Girl's First Love' by 坂本美雨?,metadata,metadata-supported,metadata-supported,,uncheckable,,
no_implicit_norm,147,CX5a4IWs26Q,2,It's a track from the anime 'Phantom Girl's First Love',metadata,metadata-supported,metadata-supported,,uncheckable,,
no_implicit_norm,147,CX5a4IWs26Q,3,"combines elements of electronic, rock",audio,audio-supported,audio-supported,,,,
no_implicit_norm,147,CX5a4IWs26Q,4,The song has a unique blend of genres that could add an interesting touch to your video.,unknown,unsupported,unsupported,,,,
no_implicit_norm,232,YuHgyJXc2d0,1,Allow me to recommend 'Karim Z.Yskowicz - Olen Somelainen'.,metadata,metadata-supported,metadata-supported,,uncheckable,,
no_implicit_norm,232,YuHgyJXc2d0,2,"It's a track by Karim Z.Yskowicz that combines elements of dance, pop",metadata,metadata-supported,metadata-supported,dance;pop,supported,,
no_implicit_norm,232,YuHgyJXc2d0,3,It has a fast-paced beat,audio,audio-supported,audio-supported,,,,
no_implicit_norm,232,YuHgyJXc2d0,4,a catchy electronic sound that could be a fitting choice for your video.,audio,audio-supported,audio-supported,,,,
no_implicit_norm,232,YuHgyJXc2d0,5,It also has Hip-Hop,unknown,unsupported,audio-supported,,,,
no_implicit_norm,262,P3jifWfHfig,1,How about 'La Puissance' by Rohff?,metadata,metadata-supported,metadata-supported,,uncheckable,,
no_implicit_norm,262,P3jifWfHfig,2,It's a track from his album 'La Puissance'.,metadata,metadata-supported,metadata-supported,,uncheckable,,
no_implicit_norm,262,P3jifWfHfig,3,"This song combines elements of hip-hop, rock",audio,audio-supported,audio-supported,,,,
no_implicit_norm,262,P3jifWfHfig,4,alternative with a male vocal,audio,audio-supported,audio-supported,,,,
no_implicit_norm,262,P3jifWfHfig,5,It has a powerful,unknown,unsupported,audio-supported,,,,
no_implicit_norm,262,P3jifWfHfig,6,energetic vibe that could be a great fit for your video.,audio,audio-supported,audio-supported,,,,
no_implicit_norm,267,KyKn6hdF_ok,1,Allow me to recommend 'Honey Bee' by ハニービー.,metadata,metadata-supported,metadata-supported,,uncheckable,,
no_implicit_norm,267,KyKn6hdF_ok,2,It's a track from their album 'Honey Bee'.,metadata,metadata-supported,metadata-supported,,uncheckable,,
no_implicit_norm,267,KyKn6hdF_ok,3,"It combines elements of rock, pop",audio,audio-supported,audio-supported,,,,
no_implicit_norm,267,KyKn6hdF_ok,4,alternative with fast-paced guitar,audio,audio-supported,audio-supported,,,,
no_implicit_norm,267,KyKn6hdF_ok,5,It was released in 2007,metadata,metadata-supported,metadata-supported,,uncheckable,,
no_implicit_norm,267,KyKn6hdF_ok,6,may contain the specific elements you want.,prompt,prompt-supported,prompt-supported,,,,
no_implicit_norm,271,T6KPb4tsHBI,1,I recommend 'Blowin' Up' by Lil Ro.,metadata,metadata-supported,metadata-supported,,uncheckable,,
no_implicit_norm,271,T6KPb4tsHBI,2,It's a track from his album 'Blowin' Up'.,metadata,metadata-supported,metadata-supported,,uncheckable,,
no_implicit_norm,271,T6KPb4tsHBI,3,"The song combines elements of hip-hop, electronic",audio,audio-supported,audio-supported,,,,
no_implicit_norm,271,T6KPb4tsHBI,4,"dance genres, which aligns well with the style you're looking for.",prompt,prompt-supported,prompt-supported,,,,
no_implicit_norm,271,T6KPb4tsHBI,5,It has a fast-paced beat,audio,audio-supported,audio-supported,,,,
no_implicit_norm,271,T6KPb4tsHBI,6,synth-driven sound that could add an energetic,audio,audio-supported,audio-supported,,,,
no_implicit_norm,271,T6KPb4tsHBI,7,dynamic vibe to your video.,unknown,unsupported,video-supported,,,,
no_implicit_norm,282,2hmtOxkXNZ8,1,How about 'Mój Los' by A?,metadata,metadata-supported,metadata-supported,,uncheckable,,
no_implicit_norm,282,2hmtOxkXNZ8,2,It's a track from their album 'Mój Los'.,metadata,metadata-supported,metadata-supported,,uncheckable,,
no_implicit_norm,282,2hmtOxkXNZ8,3,"This song combines elements of hip-hop, rock",audio,audio-supported,audio-supported,,,,
no_implicit_norm,282,2hmtOxkXNZ8,4,It has a fast-paced beat,metadata,metadata-supported,metadata-supported,beat;fast-paced,not_found,,
no_implicit_norm,282,2hmtOxkXNZ8,5,"male vocals, which can add a dynamic",metadata,metadata-supported,metadata-supported,male vocals;vocal;vocals,supported,,
no_implicit_norm,282,2hmtOxkXNZ8,6,edgy vibe to your video.,unknown,unsupported,metadata-supported,,,,
no_implicit_norm,294,a7zMsx9Mmh0,1,"In that case, I would recommend 'Runaway' by Kanye West.",metadata,metadata-supported,metadata-supported,,uncheckable,,
no_implicit_norm,294,a7zMsx9Mmh0,2,"This track has a unique blend of Hip-Hop, rock, electronic",audio,audio-supported,audio-supported,,,,
no_implicit_norm,294,a7zMsx9Mmh0,3,"It has a distinct indie feel to it, which will add a unique touch to your video.",unknown,unsupported,unsupported,,,,
no_implicit_norm,324,5NJk1JT5KHw,1,How about 'Still Walking' by Coast?,metadata,metadata-supported,metadata-supported,,uncheckable,,
no_implicit_norm,324,5NJk1JT5KHw,2,It's a track from their album 'Still Walking'.,metadata,metadata-supported,metadata-supported,,uncheckable,,
no_implicit_norm,324,5NJk1JT5KHw,3,"This song combines elements of hip-hop, rock",audio,audio-supported,audio-supported,,,,
no_implicit_norm,324,5NJk1JT5KHw,4,"jazz, which could be a fitting choice for your video.",general,general-supported,general-supported,,,,
no_implicit_norm,324,5NJk1JT5KHw,5,It has a unique blend of genres that could add an interesting dynamic to your project.,unknown,unsupported,unsupported,,,,
no_implicit_norm,335,HgABvzJnlJg,1,How about 'Szczęście' by K.O.S.?,metadata,metadata-supported,metadata-supported,,uncheckable,,
no_implicit_norm,335,HgABvzJnlJg,2,It's a track from their album 'Szczęście'.,metadata,metadata-supported,metadata-supported,,uncheckable,,
no_implicit_norm,335,HgABvzJnlJg,3,"This song combines elements of Hip-Hop, rock",audio,audio-supported,audio-supported,,,,
no_implicit_norm,335,HgABvzJnlJg,4,"electronic music, with experimental touches.",unknown,unsupported,audio-supported,,,,
no_implicit_norm,335,HgABvzJnlJg,5,It has a unique sound that could add an interesting dimension to your video.,audio,audio-supported,audio-supported,,,,
no_implicit_norm,363,pGK_sukBKh4,1,How about 'Nah Nah' by Kidd Flare featuring Bon Cantina?,metadata,metadata-supported,metadata-supported,,uncheckable,,
no_implicit_norm,363,pGK_sukBKh4,2,"It's a track that combines elements of hip-hop, R&B",audio,audio-supported,audio-supported,,,,
no_implicit_norm,363,pGK_sukBKh4,3,"Although I don't have much information about the specific album or artists, the song itself has a mix of electronic",metadata,metadata-supported,metadata-supported,electronic,supported,,
no_implicit_norm,363,pGK_sukBKh4,4,"rock influences, which could add an interesting touch to your video.",audio,audio-supported,audio-supported,,,,
no_implicit_norm,391,ACH0CU0gxBw,1,"I apologize, but I don't have enough information about the target music to provide a specific recommendation.",general,general-supported,general-supported,,,,
no_implicit_norm,391,ACH0CU0gxBw,2,"However, based on your preference for hip-hop",preference,preference-supported,preference-supported,hip-hop,supported,"the user demonstrates a strong preference for electronic music, particularly those with a driving, heavy, and insistent beat. they appreciate a blend of techno and hip-hop influences, often seeking tracks with prominent male vocals and a gritty, industrial feel. the user seems to be drawn to music that evokes a sense of energy and movement, and values a solid rhythmic foundation above all else. they are open to exploring darker, atmospheric electronic sounds, but ultimately desire a powerful and impactful sonic experience. the user strongly prefers electronic music genres, especially those with a driving beat. the user favors tracks with prominent male vocals. the user appreciates a blend of techno and hip-hop influences in music. the user finds subtle r&b elements helpful for grounding electronic music. the user is drawn to music with a powerful and impactful sonic experience. the user enjoys darker, atmospheric electronic sounds.","while they acknowledge subtle r&b elements can be beneficial for grounding the electronic sound, they generally avoid overly polished or 'busy' productions. the user prefers a gritty, industrial sound over polished or overly produced tracks."
no_implicit_norm,391,ACH0CU0gxBw,3,"electronic music, I can suggest exploring the music of Mr.",metadata,metadata-supported,metadata-supported,electronic,supported,,
no_implicit_norm,391,ACH0CU0gxBw,4,"He is known for his unique blend of hip-hop, electronic",audio,audio-supported,audio-supported,,,,
no_implicit_norm,391,ACH0CU0gxBw,5,You can find more information about his music on his social media accounts.,unknown,unsupported,unsupported,,,,
no_implicit_norm,402,RYnJQ3Fsvgw,1,Allow me to recommend 'The Drug In Me Is You' by Falling In Reverse.,metadata,metadata-supported,metadata-supported,,uncheckable,,
no_implicit_norm,402,RYnJQ3Fsvgw,2,It's a track from their album 'The Drug In Me Is You'.,metadata,metadata-supported,metadata-supported,,uncheckable,,
no_implicit_norm,402,RYnJQ3Fsvgw,3,"The song combines elements of rock, heavy metal",audio,audio-supported,audio-supported,,,,
no_implicit_norm,402,RYnJQ3Fsvgw,4,"punk, which aligns well with the intense",unknown,unsupported,prompt-supported,,,,
no_implicit_norm,402,RYnJQ3Fsvgw,5,energetic vibe you're looking for.,prompt,prompt-supported,prompt-supported,,,,
no_implicit_norm,402,RYnJQ3Fsvgw,6,It was released in 2011,metadata,metadata-supported,metadata-supported,,uncheckable,,
no_implicit_norm,402,RYnJQ3Fsvgw,7,fast-paced sound that could be a fitting choice for your video.,video,video-supported,video-supported,,,,
no_implicit_norm,422,HQdmbzK4pUk,1,Allow me to recommend 'VENTOLINE' by Yassine.,metadata,metadata-supported,metadata-supported,,uncheckable,,
no_implicit_norm,422,HQdmbzK4pUk,2,It's a track from the album 'VENTOLINE',metadata,metadata-supported,metadata-supported,,uncheckable,,
no_implicit_norm,422,HQdmbzK4pUk,3,"combines elements of hip-hop, electronic",audio,audio-supported,audio-supported,,,,
no_implicit_norm,422,HQdmbzK4pUk,4,The song also features electronic beats,audio,audio-supported,audio-supported,,,,
no_implicit_norm,422,HQdmbzK4pUk,5,drum elements that could be a fitting choice for your video.,audio,audio-supported,audio-supported,,,,
no_implicit_norm,431,ekQJ3VmZdA8,1,I recommend 'Baby' by Blac.,metadata,metadata-supported,metadata-supported,,uncheckable,,
no_implicit_norm,431,ekQJ3VmZdA8,2,electronic track with elements of pop,unknown,unsupported,unsupported,,,,
no_implicit_norm,431,ekQJ3VmZdA8,3,The song was released in 2012,metadata,metadata-supported,metadata-supported,,uncheckable,,
no_implicit_norm,431,ekQJ3VmZdA8,4,melodic sound that could complement your video.,audio,audio-supported,audio-supported,,,,
no_implicit_norm,431,ekQJ3VmZdA8,5,It's a great choice to incorporate Blac's distinctive style.,general,general-supported,general-supported,,,,
no_implicit_norm,434,uIp3dHFTzFA,1,Allow me to recommend 'Run Away' by Czar.,metadata,metadata-supported,metadata-supported,,uncheckable,,
no_implicit_norm,434,uIp3dHFTzFA,2,It's a track from his album 'Run Away'.,metadata,metadata-supported,metadata-supported,,uncheckable,,
no_implicit_norm,434,uIp3dHFTzFA,3,"The song combines elements of hip-hop, electronic",audio,audio-supported,audio-supported,,,,
no_implicit_norm,434,uIp3dHFTzFA,4,"indie genres, which aligns well with the electronic",audio,audio-supported,audio-supported,,,,
no_implicit_norm,434,uIp3dHFTzFA,5,indie influences you're looking for.,prompt,prompt-supported,prompt-supported,,,,
no_implicit_norm,434,uIp3dHFTzFA,6,It has a fast-paced beat,audio,audio-supported,audio-supported,,,,
no_implicit_norm,434,uIp3dHFTzFA,7,synth-driven sound that could be a fitting choice for your video.,audio,audio-supported,audio-supported,,,,
no_implicit_norm,454,sliGVW57LNc,1,I suggest checking out 'Zéfé' by ZEHEF.,metadata,metadata-supported,metadata-supported,,uncheckable,,
no_implicit_norm,454,sliGVW57LNc,2,It's a track from their album 'Zéfé',metadata,metadata-supported,metadata-supported,,uncheckable,,
no_implicit_norm,454,sliGVW57LNc,3,"combines elements of 90s hip-hop, soul",audio,audio-supported,audio-supported,,,,
no_implicit_norm,454,sliGVW57LNc,4,The song has a unique blend of electronic,audio,audio-supported,audio-supported,,,,
no_implicit_norm,454,sliGVW57LNc,5,"rock sounds, which could add an interesting touch to your video.",audio,audio-supported,audio-supported,,,,
no_implicit_norm,458,pjPt3wst5kU,1,Allow me to recommend 'End Of The Road' by Machine Gun Kelly.,metadata,metadata-supported,metadata-supported,,uncheckable,,
no_implicit_norm,458,pjPt3wst5kU,2,It's a track from his album 'Lace Up'.,metadata,metadata-supported,metadata-supported,,uncheckable,,
no_implicit_norm,458,pjPt3wst5kU,3,"The song combines elements of hip-hop, R&B",audio,audio-supported,audio-supported,,,,
no_implicit_norm,458,pjPt3wst5kU,4,soul with female vocals.,audio,audio-supported,audio-supported,,,,
no_implicit_norm,458,pjPt3wst5kU,5,It has a techno,audio,audio-supported,audio-supported,,,,
no_implicit_norm,458,pjPt3wst5kU,6,"electronic sound too, which could be a fitting choice for your video.",audio,audio-supported,audio-supported,,,,
no_implicit_norm,464,dbqdq02F_xs,1,"In that case, I would recommend '너의 노래' by 윤하.",metadata,metadata-supported,metadata-supported,,uncheckable,,
no_implicit_norm,464,dbqdq02F_xs,2,This track is from the album '너의 노래',metadata,metadata-supported,metadata-supported,,uncheckable,,
no_implicit_norm,464,dbqdq02F_xs,3,features a female vocalist.,audio,audio-supported,audio-supported,,,,
no_implicit_norm,464,dbqdq02F_xs,4,"It combines elements of pop, rock",audio,audio-supported,audio-supported,,,,
no_implicit_norm,464,dbqdq02F_xs,5,"dance, creating a catchy",unknown,unsupported,audio-supported,,,,
no_implicit_norm,464,dbqdq02F_xs,6,It would be a great fit for your video.,general,general-supported,general-supported,,,,
no_implicit_norm,472,5SKS_xcBS5w,1,Allow me to recommend 'Levelling The Land' by The Levellers.,metadata,metadata-supported,metadata-supported,,uncheckable,,
no_implicit_norm,472,5SKS_xcBS5w,2,It's a track from their album 'Levelling The Land'.,metadata,metadata-supported,metadata-supported,,uncheckable,,
no_implicit_norm,472,5SKS_xcBS5w,3,"The song combines elements of indie rock, alternative rock",audio,audio-supported,audio-supported,,,,
no_implicit_norm,472,5SKS_xcBS5w,4,pop with a touch of 80s influence.,audio,audio-supported,audio-supported,,,,
no_implicit_norm,472,5SKS_xcBS5w,5,It was released in 2009,metadata,metadata-supported,metadata-supported,,uncheckable,,
no_implicit_norm,472,5SKS_xcBS5w,6,may contain the specific elements you're looking for.,prompt,prompt-supported,prompt-supported,,,,
no_implicit_norm,507,KVkCNazp81U,1,Allow me to recommend 'Anne' by Jo Hens.,metadata,metadata-supported,metadata-supported,,uncheckable,,
no_implicit_norm,507,KVkCNazp81U,2,It's a track from their album 'Anne'.,metadata,metadata-supported,metadata-supported,,uncheckable,,
no_implicit_norm,507,KVkCNazp81U,3,"It combines elements of rock, indie",audio,audio-supported,audio-supported,,,,
no_implicit_norm,507,KVkCNazp81U,4,pop with alternative influences.,audio,audio-supported,audio-supported,,,,
no_implicit_norm,507,KVkCNazp81U,5,The song features guitar,audio,audio-supported,audio-supported,,,,
no_implicit_norm,507,KVkCNazp81U,6,melodic sound that could be a fitting choice for your video.,audio,audio-supported,audio-supported,,,,
no_implicit_norm,517,y6bA4iBzN6o,1,"In that case, I would recommend 'Sick Scars On Me' by Ultra Violent.",metadata,metadata-supported,metadata-supported,,uncheckable,,
no_implicit_norm,517,y6bA4iBzN6o,2,This track has a heavy metal sound with instrumental,audio,audio-supported,audio-supported,,,,
no_implicit_norm,517,y6bA4iBzN6o,3,It's part of the album 'Sick Scars On Me',metadata,metadata-supported,metadata-supported,,uncheckable,,
no_implicit_norm,519,8nynhOhU6_I,1,How about 'My Rose' by choSon?,metadata,metadata-supported,metadata-supported,,uncheckable,,
no_implicit_norm,519,8nynhOhU6_I,2,"It's a track that combines elements of R&B, pop",audio,audio-supported,audio-supported,,,,
no_implicit_norm,519,8nynhOhU6_I,3,The song has a soulful,unknown,unsupported,audio-supported,,,,
no_implicit_norm,519,8nynhOhU6_I,4,"melodic sound, which could be a great fit for your video.",audio,audio-supported,audio-supported,,,,
no_implicit_norm,587,uh4j6lGVwYk,1,"In that case, I would recommend 'Mi Tesoro' by Wisin & Yandel.",metadata,metadata-supported,metadata-supported,,uncheckable,,
no_implicit_norm,587,uh4j6lGVwYk,2,"This track combines elements of Hip-Hop, electronic, pop",audio,audio-supported,audio-supported,,,,
no_implicit_norm,587,uh4j6lGVwYk,3,"rock, with a touch of dance.",unknown,unsupported,audio-supported,,,,
no_implicit_norm,587,uh4j6lGVwYk,4,It has a catchy beat,audio,audio-supported,audio-supported,,,,
no_implicit_norm,587,uh4j6lGVwYk,5,a vibrant sound that will add variety to your video.,audio,audio-supported,audio-supported,,,,
no_implicit_norm,593,U5p1VMH4Vwc,1,Allow me to recommend 'Love Story' by Taylor Swift.,metadata,metadata-supported,metadata-supported,,uncheckable,,
no_implicit_norm,593,U5p1VMH4Vwc,2,It's a track from her album 'Love Story'.,metadata,metadata-supported,metadata-supported,,uncheckable,,
no_implicit_norm,593,U5p1VMH4Vwc,3,"It combines elements of pop, rock",audio,audio-supported,audio-supported,,,,
no_implicit_norm,593,U5p1VMH4Vwc,4,indie with female vocals.,audio,audio-supported,audio-supported,,,,
no_implicit_norm,593,U5p1VMH4Vwc,5,The song has a catchy,unknown,unsupported,audio-supported,,,,
no_implicit_norm,593,U5p1VMH4Vwc,6,melodic sound that could be a fitting choice for your video.,audio,audio-supported,audio-supported,,,,
no_implicit_norm,596,XL_zQ2eTFTg,1,"In that case, I would recommend the music video for 'The Edge Of Glory' by Lady Gaga.",metadata,metadata-supported,metadata-supported,,uncheckable,,
no_implicit_norm,596,XL_zQ2eTFTg,2,This track has a techno,audio,audio-supported,audio-supported,,,,
no_implicit_norm,596,XL_zQ2eTFTg,3,electronic sound with a female vocalist.,audio,audio-supported,audio-supported,,,,
no_implicit_norm,596,XL_zQ2eTFTg,4,It's part of the album 'The Edge Of Glory',metadata,metadata-supported,metadata-supported,,uncheckable,,
no_implicit_norm,596,XL_zQ2eTFTg,5,would be a great fit for your video.,general,general-supported,general-supported,,,,
no_implicit_norm,613,jGCyuexh7xw,1,How about 'Sunshine' by 桐島優介?,metadata,metadata-supported,metadata-supported,,uncheckable,,
no_implicit_norm,613,jGCyuexh7xw,2,It's an electronic track with elements of dance,unknown,unsupported,unsupported,,,,
no_implicit_norm,613,jGCyuexh7xw,3,The song has a catchy beat,audio,audio-supported,audio-supported,,,,
no_implicit_norm,613,jGCyuexh7xw,4,synth-driven sound that could add a vibrant,audio,audio-supported,audio-supported,,,,
no_implicit_norm,613,jGCyuexh7xw,5,energetic vibe to your video.,audio,audio-supported,audio-supported,,,,
no_implicit_norm,633,bIFJO1BcMwY,1,Allow me to recommend 'Roar' by Katy Perry.,metadata,metadata-supported,metadata-supported,,uncheckable,,
no_implicit_norm,633,bIFJO1BcMwY,2,It's a track from her album 'Roar'.,metadata,metadata-supported,metadata-supported,,uncheckable,,
no_implicit_norm,633,bIFJO1BcMwY,3,"This song combines elements of pop, rock",audio,audio-supported,audio-supported,,,,
no_implicit_norm,633,bIFJO1BcMwY,4,"electronic genres, with female vocals.",audio,audio-supported,audio-supported,,,,
no_implicit_norm,633,bIFJO1BcMwY,5,It has a powerful,unknown,unsupported,audio-supported,,,,
no_implicit_norm,633,bIFJO1BcMwY,6,energetic sound that could be a fitting choice for your video.,audio,audio-supported,audio-supported,,,,
no_implicit_norm,662,8shUjTKagp8,1,Allow me to recommend 'El Vega' by El Vega.,metadata,metadata-supported,metadata-supported,,uncheckable,,
no_implicit_norm,662,8shUjTKagp8,2,It's a track from their album 'El Vega'.,metadata,metadata-supported,metadata-supported,,uncheckable,,
no_implicit_norm,662,8shUjTKagp8,3,"It combines elements of hip-hop, electronic",audio,audio-supported,audio-supported,,,,
no_implicit_norm,662,8shUjTKagp8,4,dance with indie influences that could be a fitting choice for your video.,audio,audio-supported,audio-supported,,,,
no_implicit_norm,662,8shUjTKagp8,5,It was released in 2014 which may contain the specific element you want.,prompt,prompt-supported,prompt-supported,,,,
no_implicit_norm,733,czthLeDtnNQ,1,"In that case, I would recommend 'Jokowi' by I-MIND.",metadata,metadata-supported,metadata-supported,,uncheckable,,
no_implicit_norm,733,czthLeDtnNQ,2,This track has a patriotic,unknown,unsupported,unsupported,,,,
no_implicit_norm,733,czthLeDtnNQ,3,"uplifting feel, perfect for your video about Jokowi.",unknown,unsupported,unsupported,,,,
no_implicit_norm,733,czthLeDtnNQ,4,"It falls under the rock, indie, alternative",audio,audio-supported,audio-supported,,,,
no_implicit_norm,733,czthLeDtnNQ,5,"pop genres, with elements of guitar",audio,audio-supported,audio-supported,,,,
no_implicit_norm,733,czthLeDtnNQ,6,It's a great choice to convey the positive,general,general-supported,general-supported,,,,
no_implicit_norm,733,czthLeDtnNQ,7,inspiring message you're looking for.,prompt,prompt-supported,prompt-supported,,,,
no_implicit_norm,740,4f6TJkutA50,1,"In that case, I would recommend 'The End' by Linkin Park.",metadata,metadata-supported,metadata-supported,,uncheckable,,
no_implicit_norm,740,4f6TJkutA50,2,This track is from their album 'The End',metadata,metadata-supported,metadata-supported,,uncheckable,,
no_implicit_norm,740,4f6TJkutA50,3,it has a heavy metal,unknown,unsupported,metadata-supported,,,,
no_implicit_norm,740,4f6TJkutA50,4,rock sound with elements of hard rock,audio,audio-supported,audio-supported,,,,
no_implicit_norm,740,4f6TJkutA50,5,powerful vocals will add a great intensity to your video.,audio,audio-supported,audio-supported,,,,
no_implicit_norm,787,lWXHOj5fxlw,1,How about 'Hush' by Usher?,metadata,metadata-supported,metadata-supported,,uncheckable,,
no_implicit_norm,787,lWXHOj5fxlw,2,It's a track from his album 'Hush'.,metadata,metadata-supported,metadata-supported,,uncheckable,,
no_implicit_norm,787,lWXHOj5fxlw,3,This song blends pop,audio,audio-supported,audio-supported,,,,
no_implicit_norm,787,lWXHOj5fxlw,4,"rock elements, creating a unique sound.",audio,audio-supported,audio-supported,,,,
no_implicit_norm,787,lWXHOj5fxlw,5,It features female vocals,audio,audio-supported,audio-supported,,,,
no_implicit_norm,787,lWXHOj5fxlw,6,has a mix of indie,unknown,unsupported,audio-supported,,,,
no_implicit_norm,787,lWXHOj5fxlw,7,It could be a great fit for your video.,general,general-supported,general-supported,,,,
no_implicit_norm,826,kxN-VHNaNKE,1,Allow me to recommend 'Sunshine' by AZP.,metadata,metadata-supported,metadata-supported,,uncheckable,,
no_implicit_norm,826,kxN-VHNaNKE,2,It's a track from their album 'Sunshine'.,metadata,metadata-supported,metadata-supported,,uncheckable,,
no_implicit_norm,826,kxN-VHNaNKE,3,"It combines elements of indie, rock",audio,audio-supported,audio-supported,,,,
no_implicit_norm,826,kxN-VHNaNKE,4,folk with a touch of jazz.,unknown,unsupported,audio-supported,,,,
no_implicit_norm,826,kxN-VHNaNKE,5,The song has a slow-paced drum beat,audio,audio-supported,audio-supported,,,,
no_implicit_norm,826,kxN-VHNaNKE,6,a guitar-focused sound that could be a fitting choice for your video.,audio,audio-supported,audio-supported,,,,
no_implicit_norm,856,gsSXKMK0VCo,1,"In that case, I would recommend 'The Hardway' by DC Talk.",metadata,metadata-supported,metadata-supported,,uncheckable,,
no_implicit_norm,856,gsSXKMK0VCo,2,This track has a vintage feel with elements of jazz,unknown,unsupported,unsupported,,,,
no_implicit_norm,856,gsSXKMK0VCo,3,It's part of the album 'The Hardway',metadata,metadata-supported,metadata-supported,,uncheckable,,
no_implicit_norm,856,gsSXKMK0VCo,4,it's performed by DC Talk.,metadata,metadata-supported,metadata-supported,,uncheckable,,
no_implicit_norm,856,gsSXKMK0VCo,5,It would be a great fit for your video.,general,general-supported,general-supported,,,,
no_implicit_norm,865,5GpmqR5uUBA,1,Allow me to recommend 'Tohi' by Tohi.,metadata,metadata-supported,metadata-supported,,uncheckable,,
no_implicit_norm,865,5GpmqR5uUBA,2,It's a track from his album 'Tohi'.,metadata,metadata-supported,metadata-supported,,uncheckable,,
no_implicit_norm,865,5GpmqR5uUBA,3,"It combines elements of hip-hop, electronic",audio,audio-supported,audio-supported,,,,
no_implicit_norm,865,5GpmqR5uUBA,4,rock with male vocals,audio,audio-supported,audio-supported,,,,
no_implicit_norm,865,5GpmqR5uUBA,5,drum beats that could be a fitting choice for your video.,audio,audio-supported,audio-supported,,,,
no_implicit_norm,921,HH6jFd4Wn4U,1,Allow me to recommend 'Animal' by Wolfgang Gartner.,metadata,metadata-supported,metadata-supported,,uncheckable,,
no_implicit_norm,921,HH6jFd4Wn4U,2,It's a track from his album 'Animal'.,metadata,metadata-supported,metadata-supported,,uncheckable,,
no_implicit_norm,921,HH6jFd4Wn4U,3,"It combines elements of house, electro",audio,audio-supported,audio-supported,,,,
no_implicit_norm,921,HH6jFd4Wn4U,4,pop with a fast-paced techno beat that could be a fitting choice for your video.,video,video-supported,video-supported,,,,
no_implicit_norm,921,HH6jFd4Wn4U,5,It has a loud,audio,audio-supported,audio-supported,,,,
no_implicit_norm,921,HH6jFd4Wn4U,6,energetic vibe that aligns with your preferences.,preference,preference-supported,preference-supported,energetic,supported,"the user demonstrates a strong affinity for electronic music, particularly within the dance and techno genres. they appreciate energetic and upbeat tracks with a driving rhythm and a palpable 'pulse,' often seeking music that evokes a specific feeling. while they enjoy high-energy sounds, they also express a preference for a more controlled pace and a solid, four-on-the-floor beat characteristic of techno. the user finds overly frantic or 'intense' music overwhelming and gravitates towards music with a smoother feel, appreciating intricate synth work and layered sounds, but ultimately prioritizing a sense of control and balance. the user prefers electronic music, specifically dance and techno. the user enjoys music with a driving rhythm and a strong 'pulse'. the user appreciates energetic and upbeat music. the user favors music with a solid, four-on-the-floor beat, characteristic of techno. the user appreciates intricate synth work and layered sounds within electronic music.","the user prefers a more controlled pace and avoids overly frantic music. the user prefers a smoother feel in music, rather than something 'intense'."
no_implicit_norm,932,qSYpcMeAJeA,1,Allow me to recommend 'I'm Not The Only One (Sped Up)' by Sam Smith.,metadata,metadata-supported,metadata-supported,,uncheckable,,
no_implicit_norm,932,qSYpcMeAJeA,2,It's a track from his album 'I'm Not The Only One (Sped Up)'.,metadata,metadata-supported,metadata-supported,,uncheckable,,
no_implicit_norm,932,qSYpcMeAJeA,3,"The song combines elements of rock, soul, jazz",audio,audio-supported,audio-supported,,,,
no_implicit_norm,932,qSYpcMeAJeA,4,"funk, which aligns well with your preferences.",preference,preference-supported,preference-supported,,uncheckable,"the user demonstrates a strong affinity for energetic rock music characterized by driving beats, powerful drums, and prominent guitar riffs. they appreciate a raw, energetic soundscape, often drawing comparisons to bands like the killers and enjoying a retro, 80s-inspired vibe within that context. while they acknowledge and appreciate energy in music, they find overly intense or aggressive electronic elements overwhelming, preferring a smoother, more relaxed tempo and a focus on rhythm. the user seems to value a sense of layered complexity and controlled dynamics, suggesting a potential openness to exploring more nuanced musical textures. the user prefers energetic rock music with driving beats and powerful drums. the user enjoys music with prominent guitar riffs and a raw, energetic sound. the user appreciates a retro, 80s-inspired vibe in music. the user values a sense of layered complexity and controlled dynamics in music. the user appreciates music with a strong, consistent beat.","the user dislikes overly intense or aggressive electronic music. the user prefers a smoother, more relaxed tempo and a focus on rhythm."
no_implicit_norm,932,qSYpcMeAJeA,5,guitar components that can add a unique touch to your video.,audio,audio-supported,audio-supported,,,,
no_implicit_norm,938,TRjWPZFqQN8,1,How about 'Comfort' by Maya Jane Coles?,metadata,metadata-supported,metadata-supported,,uncheckable,,
no_implicit_norm,938,TRjWPZFqQN8,2,It's an electronic track with elements of rock,unknown,unsupported,unsupported,,,,
no_implicit_norm,938,TRjWPZFqQN8,3,The song has a chillout vibe,unknown,unsupported,audio-supported,,,,
no_implicit_norm,938,TRjWPZFqQN8,4,"It could be a fitting choice for your video, combining the rock",general,general-supported,general-supported,,,,
no_implicit_norm,938,TRjWPZFqQN8,5,electronic genres you're looking for.,prompt,prompt-supported,prompt-supported,,,,
no_implicit_norm,951,De44s3w2iZA,1,If you're looking for a track with an intense,prompt,prompt-supported,prompt-supported,,,,
no_implicit_norm,951,De44s3w2iZA,2,"heavy feel, I would recommend 'The End' by Both Worlds.",metadata,metadata-supported,metadata-supported,,uncheckable,,
no_implicit_norm,951,De44s3w2iZA,3,This track is part of the album 'The End',metadata,metadata-supported,metadata-supported,,uncheckable,,
no_implicit_norm,951,De44s3w2iZA,4,"it falls under the genres of metal, rock, heavy metal",audio,audio-supported,audio-supported,,,,
no_implicit_norm,951,De44s3w2iZA,5,It has a powerful,unknown,unsupported,audio-supported,,,,
no_implicit_norm,951,De44s3w2iZA,6,energetic sound that will add a strong emotional impact to your video.,audio,audio-supported,audio-supported,,,,
no_implicit_norm,1025,VvuwEiCtVO8,1,I suggest checking out 'Je t'aime' by Zaho.,metadata,metadata-supported,metadata-supported,,uncheckable,,
no_implicit_norm,1025,VvuwEiCtVO8,2,It's a track from her album 'Je t'aime'.,metadata,metadata-supported,metadata-supported,,uncheckable,,
no_implicit_norm,1025,VvuwEiCtVO8,3,"The song combines elements of hip-hop, pop",audio,audio-supported,audio-supported,,,,
no_implicit_norm,1025,VvuwEiCtVO8,4,soul with Zaho's distinctive female vocals.,audio,audio-supported,audio-supported,,,,
no_implicit_norm,1025,VvuwEiCtVO8,5,It was released in 2010,metadata,metadata-supported,metadata-supported,,uncheckable,,
no_implicit_norm,1025,VvuwEiCtVO8,6,could be a fitting choice for your video.,general,general-supported,general-supported,,,,
no_implicit_norm,1056,kHzC8YAe2Oc,1,Allow me to recommend 'Mi Vida' by Just Rai.,metadata,metadata-supported,metadata-supported,,uncheckable,,
no_implicit_norm,1056,kHzC8YAe2Oc,2,It's a track from their album 'Mi Vida'.,metadata,metadata-supported,metadata-supported,,uncheckable,,
no_implicit_norm,1056,kHzC8YAe2Oc,3,"It combines elements of electronic, dance",audio,audio-supported,audio-supported,,,,
no_implicit_norm,1056,kHzC8YAe2Oc,4,pop with a strong focus on drums.,audio,audio-supported,audio-supported,,,,
no_implicit_norm,1056,kHzC8YAe2Oc,5,The song has a techno,audio,audio-supported,audio-supported,,,,
no_implicit_norm,1056,kHzC8YAe2Oc,6,fast-paced beat that could be a fitting choice for your video.,video,video-supported,video-supported,,,,
no_implicit_norm,1061,N6RMg8iZbbQ,1,"In that case, I would recommend 'Ghost' by Los Ghost.",metadata,metadata-supported,metadata-supported,,uncheckable,,
no_implicit_norm,1061,N6RMg8iZbbQ,2,This track has a strong intensity,unknown,unsupported,audio-supported,,,,
no_implicit_norm,1061,N6RMg8iZbbQ,3,features a male vocalist.,audio,audio-supported,audio-supported,,,,
no_implicit_norm,1061,N6RMg8iZbbQ,4,"It falls under the genres of Hip-Hop, electronic, rock",audio,audio-supported,audio-supported,,,,
no_implicit_norm,1061,N6RMg8iZbbQ,5,"experimental, which will add a unique",unknown,unsupported,audio-supported,,,,
no_implicit_norm,1061,N6RMg8iZbbQ,6,dynamic element to your video.,unknown,unsupported,audio-supported,,,,
no_implicit_norm,1085,CT9laYZXITg,1,Allow me to recommend 'Nu Abo' by f(x).,metadata,metadata-supported,metadata-supported,,uncheckable,,
no_implicit_norm,1085,CT9laYZXITg,2,It's a track from their album 'Pink Tape'.,metadata,metadata-supported,metadata-supported,,uncheckable,,
no_implicit_norm,1085,CT9laYZXITg,3,"The song combines elements of pop, rock",audio,audio-supported,audio-supported,,,,
no_implicit_norm,1085,CT9laYZXITg,4,indie with female vocals.,audio,audio-supported,audio-supported,,,,
no_implicit_norm,1085,CT9laYZXITg,5,It has a distinctive style that aligns well with the energetic,audio,audio-supported,audio-supported,,,,
no_implicit_norm,1085,CT9laYZXITg,6,powerful vibe you're looking for in your video.,prompt,prompt-supported,prompt-supported,,,,
no_implicit_norm,1100,24M11INn_bw,1,"In that case, I would recommend 'Sunshine' by Robert Bradley's Blackwater Surprise.",metadata,metadata-supported,metadata-supported,,uncheckable,,
no_implicit_norm,1100,24M11INn_bw,2,"This track combines elements of rock, indie, pop",audio,audio-supported,audio-supported,,,,
no_implicit_norm,1100,24M11INn_bw,3,"funk, creating a unique",unknown,unsupported,audio-supported,,,,
no_implicit_norm,1100,24M11INn_bw,4,It's part of the album 'Sunshine',metadata,metadata-supported,metadata-supported,,uncheckable,,
no_implicit_norm,1100,24M11INn_bw,5,would be a great fit for your video.,general,general-supported,general-supported,,,,
no_implicit_norm,1102,Mu7FJGPdz6w,1,Allow me to recommend 'HunnitG' by HunnitG.,metadata,metadata-supported,metadata-supported,,uncheckable,,
no_implicit_norm,1102,Mu7FJGPdz6w,2,It's a track from his album 'HunnitG'.,metadata,metadata-supported,metadata-supported,,uncheckable,,
no_implicit_norm,1102,Mu7FJGPdz6w,3,"The song combines elements of hip-hop, electronic",audio,audio-supported,audio-supported,,,,
no_implicit_norm,1102,Mu7FJGPdz6w,4,"rock, which aligns well with the style you're looking for.",prompt,prompt-supported,prompt-supported,,,,
no_implicit_norm,1102,Mu7FJGPdz6w,5,It was released in 2014,metadata,metadata-supported,metadata-supported,,uncheckable,,
no_implicit_norm,1102,Mu7FJGPdz6w,6,fast-paced sound that could be a fitting choice for your video.,video,video-supported,video-supported,,,,
no_implicit_norm,1125,PbvyXeJlkpk,1,Allow me to recommend 'Troc' by Troc.,metadata,metadata-supported,metadata-supported,,uncheckable,,
no_implicit_norm,1125,PbvyXeJlkpk,2,It's a track from their album 'Troc'.,metadata,metadata-supported,metadata-supported,,uncheckable,,
no_implicit_norm,1125,PbvyXeJlkpk,3,"It combines elements of electronic, R&B",audio,audio-supported,audio-supported,,,,
no_implicit_norm,1125,PbvyXeJlkpk,4,pop music with a touch of rock.,unknown,unsupported,audio-supported,,,,
no_implicit_norm,1125,PbvyXeJlkpk,5,The song has a techno,audio,audio-supported,audio-supported,,,,
no_implicit_norm,1125,PbvyXeJlkpk,6,"synth-focused sound, which aligns well with the electronic",audio,audio-supported,audio-supported,,,,
no_implicit_norm,1125,PbvyXeJlkpk,7,R&B influences you're looking for.,prompt,prompt-supported,prompt-supported,,,,
no_implicit_norm,1177,75HVZaaBsXk,1,How about 'Senza Parole' by D.A.M.?,metadata,metadata-supported,metadata-supported,,uncheckable,,
no_implicit_norm,1177,75HVZaaBsXk,2,It's a track from their album 'Senza Parole'.,metadata,metadata-supported,metadata-supported,,uncheckable,,
no_implicit_norm,1177,75HVZaaBsXk,3,"The song combines elements of hip-hop, soul, funk",audio,audio-supported,audio-supported,,,,
no_implicit_norm,1177,75HVZaaBsXk,4,"jazz, which could add a unique",unknown,unsupported,audio-supported,,,,
no_implicit_norm,1177,75HVZaaBsXk,5,diverse sound to your video.,audio,audio-supported,audio-supported,,,,
no_implicit_norm,1177,75HVZaaBsXk,6,It was released in 2010,metadata,metadata-supported,metadata-supported,,uncheckable,,
no_implicit_norm,1177,75HVZaaBsXk,7,has a catchy beat,audio,audio-supported,audio-supported,,,,
no_implicit_norm,1255,7D5hr6JO_Gw,1,I recommend 'Ambkor - El Rey de la Calle'.,general,general-supported,general-supported,,,,
no_implicit_norm,1255,7D5hr6JO_Gw,2,"It's a track by Ambkor that combines elements of Hip-Hop, electronic",metadata,metadata-supported,metadata-supported,electronic;hip-hop,supported,,
no_implicit_norm,1255,7D5hr6JO_Gw,3,The song has a fast-paced beat,audio,audio-supported,audio-supported,,,,
no_implicit_norm,1255,7D5hr6JO_Gw,4,It was released in 2014,metadata,metadata-supported,metadata-supported,,uncheckable,,
no_implicit_norm,1255,7D5hr6JO_Gw,5,could add a unique touch to your video.,unknown,unsupported,metadata-supported,,,,
no_implicit_norm,1267,_EJZzZbzGqo,1,Allow me to recommend 'Nie wiem' by Paweł Sałdan.,metadata,metadata-supported,metadata-supported,,uncheckable,,
no_implicit_norm,1267,_EJZzZbzGqo,2,It's a track from his album 'Nie wiem'.,metadata,metadata-supported,metadata-supported,,uncheckable,,
no_implicit_norm,1267,_EJZzZbzGqo,3,"It combines elements of electronic, house",audio,audio-supported,audio-supported,,,,
no_implicit_norm,1267,_EJZzZbzGqo,4,dance with a strong beat,audio,audio-supported,audio-supported,,,,
no_implicit_norm,1267,_EJZzZbzGqo,5,catchy melodies that could be a fitting choice for your video.,general,general-supported,general-supported,,,,
no_implicit_norm,1268,gA8EGM6eNCI,1,I suggest checking out 'Sad Promise' by SPEED ft; El Roockie.,metadata,metadata-supported,metadata-supported,,uncheckable,,
no_implicit_norm,1268,gA8EGM6eNCI,2,It's a track from their album 'Sad Promise'.,metadata,metadata-supported,metadata-supported,,uncheckable,,
no_implicit_norm,1268,gA8EGM6eNCI,3,"The song combines elements of pop, electronic",audio,audio-supported,audio-supported,,,,
no_implicit_norm,1268,gA8EGM6eNCI,4,"hip-hop, which aligns well with El Roockie's style.",audio,audio-supported,audio-supported,,,,
no_implicit_norm,1268,gA8EGM6eNCI,5,It was released in 2009,metadata,metadata-supported,metadata-supported,,uncheckable,,
no_implicit_norm,1268,gA8EGM6eNCI,6,energetic vibe that could be a fitting choice for your video.,audio,audio-supported,audio-supported,,,,
no_implicit_norm,1333,sZNtPlWq5gI,1,Allow me to recommend 'Christmas in Hollis' by Run-DMC.,metadata,metadata-supported,metadata-supported,,uncheckable,,
no_implicit_norm,1333,sZNtPlWq5gI,2,"It's a classic Christmas song that combines elements of hip-hop, electronic",audio,audio-supported,audio-supported,,,,
no_implicit_norm,1333,sZNtPlWq5gI,3,The song has a catchy beat,audio,audio-supported,audio-supported,,,,
no_implicit_norm,1333,sZNtPlWq5gI,4,a festive atmosphere that could be a fitting choice for your video.,general,general-supported,general-supported,,,,
no_implicit_norm,1350,V224ftBNwws,1,Allow me to recommend 'The Way I Feel' by Anna Richey.,metadata,metadata-supported,metadata-supported,,uncheckable,,
no_implicit_norm,1350,V224ftBNwws,2,It's a track from her album 'The Way I Feel'.,metadata,metadata-supported,metadata-supported,,uncheckable,,
no_implicit_norm,1350,V224ftBNwws,3,"It combines elements of pop, electronic",audio,audio-supported,audio-supported,,,,
no_implicit_norm,1350,V224ftBNwws,4,chillout with female vocals.,audio,audio-supported,audio-supported,,,,
no_implicit_norm,1350,V224ftBNwws,5,The song was released in 2012,metadata,metadata-supported,metadata-supported,,uncheckable,,
no_implicit_norm,1350,V224ftBNwws,6,may contain the specific elements you're looking for.,prompt,prompt-supported,prompt-supported,,,,
no_implicit_norm,1366,6KvqOumQ7LA,1,I suggest checking out 'Dança do Quadrado' by Iran Costa.,metadata,metadata-supported,metadata-supported,,uncheckable,,
no_implicit_norm,1366,6KvqOumQ7LA,2,It's a dance track with electronic,unknown,unsupported,audio-supported,,,,
no_implicit_norm,1366,6KvqOumQ7LA,3,The song has a catchy beat,audio,audio-supported,audio-supported,,,,
no_implicit_norm,1366,6KvqOumQ7LA,4,a lively vibe that could complement your video.,general,general-supported,general-supported,,,,
no_implicit_norm,1366,6KvqOumQ7LA,5,It was released in 2012,metadata,metadata-supported,metadata-supported,,uncheckable,,
no_implicit_norm,1366,6KvqOumQ7LA,6,has a music video directed by Felipe Braga.,metadata,metadata-supported,metadata-supported,,uncheckable,,
no_implicit_norm,1370,Piak7SITdyc,1,"In that case, I would recommend 'Sayang' by The Band.",metadata,metadata-supported,metadata-supported,,uncheckable,,
no_implicit_norm,1370,Piak7SITdyc,2,"This track has a unique blend of indie, rock, pop",audio,audio-supported,audio-supported,,,,
no_implicit_norm,1370,Piak7SITdyc,3,It features male vocals,audio,audio-supported,audio-supported,,,,
no_implicit_norm,1370,Piak7SITdyc,4,"guitar, creating a captivating",audio,audio-supported,audio-supported,,,,
no_implicit_norm,1370,Piak7SITdyc,5,It's part of the album 'Sayang' by The Band.,metadata,metadata-supported,metadata-supported,,uncheckable,,
no_implicit_norm,1387,74ryfba6Bls,1,Allow me to recommend '神聖かまってちゃん' by 神聖かまってちゃん.,metadata,metadata-supported,metadata-supported,,uncheckable,,
no_implicit_norm,1387,74ryfba6Bls,2,It's a track from their album '神聖かまってちゃん'.,metadata,metadata-supported,metadata-supported,,uncheckable,,
no_implicit_norm,1387,74ryfba6Bls,3,"The song combines elements of rock, electronic",audio,audio-supported,audio-supported,,,,
no_implicit_norm,1387,74ryfba6Bls,4,indie with a touch of experimental.,unknown,unsupported,audio-supported,,,,
no_implicit_norm,1387,74ryfba6Bls,5,It has a fast-paced,audio,audio-supported,audio-supported,,,,
no_implicit_norm,1387,74ryfba6Bls,6,energetic sound that could be a fitting choice for your video.,audio,audio-supported,audio-supported,,,,
no_implicit_norm,1388,aasg9gPQAy4,1,How about 'Anybody Home?' by Our Lady Peace?,metadata,metadata-supported,metadata-supported,,uncheckable,,
no_implicit_norm,1388,aasg9gPQAy4,2,It's a track from their album 'Anybody Home?'.,metadata,metadata-supported,metadata-supported,,uncheckable,,
no_implicit_norm,1388,aasg9gPQAy4,3,This song falls under the indie,audio,audio-supported,audio-supported,,,,
no_implicit_norm,1388,aasg9gPQAy4,4,"alternative rock genres, which aligns well with your preferences.",preference,preference-supported,preference-supported,alternative;rock,partially_supported,"the user demonstrates a strong preference for rock music, particularly tracks characterized by powerful guitar riffs and a driving, energetic feel. they appreciate a raw, almost punk-influenced edge combined with polished production, valuing loudness and dynamic range. while they enjoy intense, headbanging music, they also express a desire for melodic elements and a good beat. the user’s recent listening history includes artists like klepht and arbovirus, suggesting a leaning towards heavier rock sounds. they actively seek music with 'weight' and 'punch,' indicating a rejection of lighter or purely electronic genres. the user strongly prefers rock music. the user values powerful, prominent guitar riffs in their music. the user enjoys a driving, energetic rhythm and overall feel. the user appreciates a raw, punk-influenced edge combined with polished production. the user prefers music with a loud and dynamic sound. the user occasionally seeks intense, headbanging music. the user also appreciates melodic elements within rock music.",the user dislikes purely electronic music.
no_implicit_norm,1388,aasg9gPQAy4,5,It has a rock sound with elements of alternative,audio,audio-supported,audio-supported,,,,
no_implicit_norm,1392,aMiUOwiAHFQ,1,Allow me to recommend 'Nous On Bosse' by Cookie the Herbalist.,metadata,metadata-supported,metadata-supported,,uncheckable,,
no_implicit_norm,1392,aMiUOwiAHFQ,2,It's a track from his album 'Nous On Bosse'.,metadata,metadata-supported,metadata-supported,,uncheckable,,
no_implicit_norm,1392,aMiUOwiAHFQ,3,"The song combines elements of hip-hop, electronic",audio,audio-supported,audio-supported,,,,
no_implicit_norm,1392,aMiUOwiAHFQ,4,"dance, which aligns well with your preferences.",preference,preference-supported,preference-supported,dance,supported,"the user demonstrates a clear preference for music with a strong electronic influence and a driving, danceable rhythm. they appreciate soulful vocals and clever, layered electronic elements, often seeking music suitable for a night out. hip-hop influences are also appreciated, suggesting a broader taste within the electronic music spectrum. the user prefers music with a strong electronic influence. the user enjoys music with a driving, danceable rhythm. the user appreciates soulful vocals within their music preferences. the user favors music with a degree of rawness over highly polished productions. the user appreciates hip-hop influences in music. the user seeks music suitable for a night out, indicating a preference for energetic tracks.","while open to exploring new sounds, the user gravitates towards tracks with a degree of rawness and avoids overly polished or 'bright' vocal performances. they seem to enjoy music that encourages movement and possesses a distinct energy, indicating a dislike for overly cheerful or dated sounds. the user dislikes overly cheerful or 'bright' vocal performances."
no_implicit_norm,1392,aMiUOwiAHFQ,5,It was released in 2014,metadata,metadata-supported,metadata-supported,,uncheckable,,
no_implicit_norm,1392,aMiUOwiAHFQ,6,fast-paced beat that could be a fitting choice for your video.,video,video-supported,video-supported,,,,
no_implicit_norm,1412,P5_qGtuWUT0,1,Allow me to recommend 'El Chumbeque' by El Chumbeque.,metadata,metadata-supported,metadata-supported,,uncheckable,,
no_implicit_norm,1412,P5_qGtuWUT0,2,It's a track from their album 'El Chumbeque'.,metadata,metadata-supported,metadata-supported,,uncheckable,,
no_implicit_norm,1412,P5_qGtuWUT0,3,"It combines elements of electronic, rock",audio,audio-supported,audio-supported,,,,
no_implicit_norm,1412,P5_qGtuWUT0,4,indie with a focus on vocals.,audio,audio-supported,audio-supported,,,,
no_implicit_norm,1412,P5_qGtuWUT0,5,"This song could be a fitting choice for your video, incorporating the specific elements you're looking for.",prompt,prompt-supported,prompt-supported,,,,
no_implicit_norm,1413,Yrvc2S0o4MI,1,How about 'Mi Vida' by El Chino?,metadata,metadata-supported,metadata-supported,,uncheckable,,
no_implicit_norm,1413,Yrvc2S0o4MI,2,It's a track from his album 'Mi Vida'.,metadata,metadata-supported,metadata-supported,,uncheckable,,
no_implicit_norm,1413,Yrvc2S0o4MI,3,"The song combines elements of Hip-Hop, electronic",audio,audio-supported,audio-supported,,,,
no_implicit_norm,1413,Yrvc2S0o4MI,4,It has a unique,unknown,unsupported,audio-supported,,,,
no_implicit_norm,1413,Yrvc2S0o4MI,5,distinctive sound that could add an interesting touch to your video.,audio,audio-supported,audio-supported,,,,
no_implicit_norm,1419,YwGUMYrj7As,1,Allow me to recommend 'Quien' by Pastora Soler.,metadata,metadata-supported,metadata-supported,,uncheckable,,
no_implicit_norm,1419,YwGUMYrj7As,2,It's a track from her album 'Quien'.,metadata,metadata-supported,metadata-supported,,uncheckable,,
no_implicit_norm,1419,YwGUMYrj7As,3,"The song combines elements of pop, soul",audio,audio-supported,audio-supported,,,,
no_implicit_norm,1419,YwGUMYrj7As,4,"rock, with Pastora Soler's powerful",metadata,metadata-supported,metadata-supported,rock,supported,,
no_implicit_norm,1419,YwGUMYrj7As,5,It was released in 2010,metadata,metadata-supported,metadata-supported,,uncheckable,,
no_implicit_norm,1419,YwGUMYrj7As,6,may contain the specific elements you're looking for.,prompt,prompt-supported,prompt-supported,,,,
no_implicit_norm,1450,6FFDbru0HS8,1,Allow me to recommend 'Scooby Doo' by Dweeb.,metadata,metadata-supported,metadata-supported,,uncheckable,,
no_implicit_norm,1450,6FFDbru0HS8,2,It's a track from their album 'Scooby Doo'.,metadata,metadata-supported,metadata-supported,,uncheckable,,
no_implicit_norm,1450,6FFDbru0HS8,3,"The song combines elements of rock, electronic",audio,audio-supported,audio-supported,,,,
no_implicit_norm,1450,6FFDbru0HS8,4,"indie music, which aligns well with the style you're looking for.",prompt,prompt-supported,prompt-supported,,,,
no_implicit_norm,1450,6FFDbru0HS8,5,It has a fast-paced,audio,audio-supported,audio-supported,,,,
no_implicit_norm,1450,6FFDbru0HS8,6,energetic sound with a touch of alternative influences.,audio,audio-supported,audio-supported,,,,
no_implicit_norm,1523,naEzZHwLYXQ,1,Allow me to recommend 'DJ S.K.T - 2014 MIXTAPE'.,general,general-supported,general-supported,,,,
no_implicit_norm,1523,naEzZHwLYXQ,2,It's a track from DJ S.K.T's mixtape released in 2014.,metadata,metadata-supported,metadata-supported,,uncheckable,,
no_implicit_norm,1523,naEzZHwLYXQ,3,"It combines elements of dance, pop",audio,audio-supported,audio-supported,,,,
no_implicit_norm,1523,naEzZHwLYXQ,4,electronic music with female vocalists.,audio,audio-supported,audio-supported,,,,
no_implicit_norm,1523,naEzZHwLYXQ,5,It was recorded in 2014,metadata,metadata-supported,metadata-supported,,uncheckable,,
no_implicit_norm,1523,naEzZHwLYXQ,6,may contain the specific elements you want.,prompt,prompt-supported,prompt-supported,,,,
no_implicit_norm,1530,QjaPQaX_tW0,1,How about 'Want it chemical' by THE SAME OLD BAND?,metadata,metadata-supported,metadata-supported,,uncheckable,,
no_implicit_norm,1530,QjaPQaX_tW0,2,It's a track from their album 'Want it chemical'.,metadata,metadata-supported,metadata-supported,,uncheckable,,
no_implicit_norm,1530,QjaPQaX_tW0,3,"This song combines elements of rock, indie",audio,audio-supported,audio-supported,,,,
no_implicit_norm,1530,QjaPQaX_tW0,4,"jazz, which could add a unique",unknown,unsupported,audio-supported,,,,
no_implicit_norm,1530,QjaPQaX_tW0,5,diverse sound to your video.,audio,audio-supported,audio-supported,,,,
no_implicit_norm,1530,QjaPQaX_tW0,6,It has a live performance feel,metadata,metadata-supported,metadata-supported,,uncheckable,,
no_implicit_norm,1530,QjaPQaX_tW0,7,was performed at Vieilles Charrues 2014.,unknown,unsupported,metadata-supported,,,,
no_implicit_norm,1572,kCFviFyxnkw,1,I suggest you consider 'Senza di te' by Katia.,metadata,metadata-supported,metadata-supported,,uncheckable,,
no_implicit_norm,1572,kCFviFyxnkw,2,It's a track from her album 'Senza di te'.,metadata,metadata-supported,metadata-supported,,uncheckable,,
no_implicit_norm,1572,kCFviFyxnkw,3,"The song combines elements of dance, pop",audio,audio-supported,audio-supported,,,,
no_implicit_norm,1572,kCFviFyxnkw,4,electronic genres with female vocals.,audio,audio-supported,audio-supported,,,,
no_implicit_norm,1572,kCFviFyxnkw,5,It was released in 2014,metadata,metadata-supported,metadata-supported,,uncheckable,,
no_implicit_norm,1572,kCFviFyxnkw,6,energetic sound that could be a fitting choice for your video.,audio,audio-supported,audio-supported,,,,
no_implicit_norm,1577,Min9wc8Kfe8,1,Allow me to recommend 'Bahh Tee - 10000000000000000000000000000000000000000000000000000000000000000000000000000000000000000000000000000000000000000000,general,general-supported,general-supported,,,,
no_implicit_norm,1594,3MVAF5vrSMU,1,Allow me to recommend 'Né Pour Survivre' by Scarnx feat Packman feat Eydone.,metadata,metadata-supported,metadata-supported,,uncheckable,,
no_implicit_norm,1594,3MVAF5vrSMU,2,It's a track from their album 'Né Pour Survivre'.,metadata,metadata-supported,metadata-supported,,uncheckable,,
no_implicit_norm,1594,3MVAF5vrSMU,3,This song combines hip-hop with electronic,unknown,unsupported,audio-supported,,,,
no_implicit_norm,1594,3MVAF5vrSMU,4,"alternative influences, creating a unique",audio,audio-supported,audio-supported,,,,
no_implicit_norm,1594,3MVAF5vrSMU,5,It was released in 2014,metadata,metadata-supported,metadata-supported,,uncheckable,,
no_implicit_norm,1594,3MVAF5vrSMU,6,has a music video directed by @Dj_Dj_Dj_Dj.,metadata,metadata-supported,metadata-supported,,uncheckable,,
no_implicit_norm,1612,QNBMWc72U3U,1,If you're looking for a pop,prompt,prompt-supported,prompt-supported,,,,
no_implicit_norm,1612,QNBMWc72U3U,2,"dance vibe, I would recommend 'Don't Move' by Phantogram.",metadata,metadata-supported,metadata-supported,dance,not_found,,
no_implicit_norm,1612,QNBMWc72U3U,3,This track is from their album 'Don't Move',metadata,metadata-supported,metadata-supported,,uncheckable,,
no_implicit_norm,1612,QNBMWc72U3U,4,"it falls under the genres of electronic, pop",audio,audio-supported,audio-supported,,,,
no_implicit_norm,1612,QNBMWc72U3U,5,It has a catchy,unknown,unsupported,audio-supported,,,,
no_implicit_norm,1612,QNBMWc72U3U,6,upbeat sound that would be perfect for your video.,audio,audio-supported,audio-supported,,,,
no_implicit_norm,1655,cx9qhhWk3Ys,1,Allow me to recommend 'Im Goin for It' by Young Doe.,metadata,metadata-supported,metadata-supported,,uncheckable,,
no_implicit_norm,1655,cx9qhhWk3Ys,2,It's a track from his album 'Im Goin for It'.,metadata,metadata-supported,metadata-supported,,uncheckable,,
no_implicit_norm,1655,cx9qhhWk3Ys,3,"The song combines elements of hip-hop, electronic",audio,audio-supported,audio-supported,,,,
no_implicit_norm,1655,cx9qhhWk3Ys,4,"R&B, which could be a fitting choice for your video.",general,general-supported,general-supported,,,,
no_implicit_norm,1655,cx9qhhWk3Ys,5,It has a fast-paced beat,audio,audio-supported,audio-supported,,,,
no_implicit_norm,1655,cx9qhhWk3Ys,6,synth-driven sound that aligns with the electronic,audio,audio-supported,audio-supported,,,,
no_implicit_norm,1655,cx9qhhWk3Ys,7,techno elements you're looking for.,prompt,prompt-supported,prompt-supported,,,,
no_implicit_norm,1711,2CbVHt-lU78,1,Allow me to recommend 'Maianggaz' by Maianggaz.,metadata,metadata-supported,metadata-supported,,uncheckable,,
no_implicit_norm,1711,2CbVHt-lU78,2,It's a track from their album 'Maianggaz'.,metadata,metadata-supported,metadata-supported,,uncheckable,,
no_implicit_norm,1711,2CbVHt-lU78,3,"The song combines elements of hip-hop, R&B",audio,audio-supported,audio-supported,,,,
no_implicit_norm,1711,2CbVHt-lU78,4,soul with electronic beats.,audio,audio-supported,audio-supported,,,,
no_implicit_norm,1711,2CbVHt-lU78,5,It has a vocal-focused sound,audio,audio-supported,audio-supported,,,,
no_implicit_norm,1711,2CbVHt-lU78,6,pop influences that could be a fitting choice for your video.,audio,audio-supported,audio-supported,,,,
no_implicit_norm,1749,__oSdfgDF_c,1,How about 'Life In Mono' by Mono?,metadata,metadata-supported,metadata-supported,,uncheckable,,
no_implicit_norm,1749,__oSdfgDF_c,2,It's an electronic track with elements of dance,unknown,unsupported,unsupported,,,,
no_implicit_norm,1749,__oSdfgDF_c,3,The song has a techno,audio,audio-supported,audio-supported,,,,
no_implicit_norm,1749,__oSdfgDF_c,4,"fast-paced beat, which can add a dynamic",audio,audio-supported,audio-supported,,,,
no_implicit_norm,1749,__oSdfgDF_c,5,energetic vibe to your wedding video.,audio,audio-supported,audio-supported,,,,
no_implicit_norm,1749,__oSdfgDF_c,6,It's a great choice to incorporate electronic,general,general-supported,general-supported,,,,
no_implicit_norm,1749,__oSdfgDF_c,7,dance elements into your video.,unknown,unsupported,general-supported,,,,
no_implicit_norm,1756,caSwmDP5d-0,1,Allow me to recommend 'A Boyz' by A Boyz.,metadata,metadata-supported,metadata-supported,,uncheckable,,
no_implicit_norm,1756,caSwmDP5d-0,2,It's a track from their album 'A Boyz'.,metadata,metadata-supported,metadata-supported,,uncheckable,,
no_implicit_norm,1756,caSwmDP5d-0,3,"The song combines elements of hip-hop, electronic, rock",audio,audio-supported,audio-supported,,,,
no_implicit_norm,1756,caSwmDP5d-0,4,"dance genres, which aligns well with the 90s rock",audio,audio-supported,audio-supported,,,,
no_implicit_norm,1756,caSwmDP5d-0,5,dance elements you're looking for.,prompt,prompt-supported,prompt-supported,,,,
no_implicit_norm,1756,caSwmDP5d-0,6,It has a fast-paced techno sound with a touch of 90s nostalgia.,audio,audio-supported,audio-supported,,,,
no_implicit_norm,1763,52lU6aZSffY,1,"In that case, I would recommend 'Kimi no Uta' by COCOA.",metadata,metadata-supported,metadata-supported,,uncheckable,,
no_implicit_norm,1763,52lU6aZSffY,2,This track has a melodic,audio,audio-supported,audio-supported,,,,
no_implicit_norm,1763,52lU6aZSffY,3,pop-rock sound with female vocals.,audio,audio-supported,audio-supported,,,,
no_implicit_norm,1763,52lU6aZSffY,4,It's part of the album 'Kimi no Uta',metadata,metadata-supported,metadata-supported,,uncheckable,,
no_implicit_norm,1763,52lU6aZSffY,5,it's performed by the band COCOA.,metadata,metadata-supported,metadata-supported,,uncheckable,,
no_implicit_norm,1763,52lU6aZSffY,6,It would be a great fit for your video.,general,general-supported,general-supported,,,,
no_implicit_norm,1856,Gsg6phjViZ0,1,"In that case, I would recommend 'Addicted' by Bliss n Eso.",metadata,metadata-supported,metadata-supported,,uncheckable,,
no_implicit_norm,1856,Gsg6phjViZ0,2,This track is part of the album 'Addicted',metadata,metadata-supported,metadata-supported,,uncheckable,,
no_implicit_norm,1856,Gsg6phjViZ0,3,it perfectly captures the positive,unknown,unsupported,prompt-supported,,,,
no_implicit_norm,1856,Gsg6phjViZ0,4,uplifting vibe you're looking for.,prompt,prompt-supported,prompt-supported,,,,
no_implicit_norm,1856,Gsg6phjViZ0,5,"It has elements of Hip-Hop, rock, pop",unknown,unsupported,unsupported,,,,
no_implicit_norm,1856,Gsg6phjViZ0,6,"soul, which will add a touch of soul to your video.",unknown,unsupported,unsupported,,,,
no_implicit_norm,1866,HjQlrOyOnjo,1,"In that case, I would recommend 'Nemam Ti' by Lana Jurcevic.",metadata,metadata-supported,metadata-supported,,uncheckable,,
no_implicit_norm,1866,HjQlrOyOnjo,2,This track has a female vocalist,audio,audio-supported,audio-supported,,,,
no_implicit_norm,1866,HjQlrOyOnjo,3,"falls under the genres of rock, pop",audio,audio-supported,audio-supported,,,,
no_implicit_norm,1866,HjQlrOyOnjo,4,It has a catchy,unknown,unsupported,audio-supported,,,,
no_implicit_norm,1866,HjQlrOyOnjo,5,energetic sound that would be perfect for your video.,audio,audio-supported,audio-supported,,,,
no_implicit_norm,1873,hPZh4qrJxxg,1,I recommend 'DJ STAVO - MUSIC VIDEO'.,general,general-supported,general-supported,,,,
no_implicit_norm,1873,hPZh4qrJxxg,2,"It's a track by DJ STAVO that combines elements of electronic, rock",metadata,metadata-supported,metadata-supported,electronic;rock,supported,,
no_implicit_norm,1873,hPZh4qrJxxg,3,"Although I don't have much information about this specific track, it aligns well with the electronic",unknown,unsupported,prompt-supported,,,,
no_implicit_norm,1873,hPZh4qrJxxg,4,indie influences you're looking for.,prompt,prompt-supported,prompt-supported,,,,
no_implicit_norm,1962,kEfo8WvxuJE,1,How about 'Ya No Queda Tiempo' by Corpore?,metadata,metadata-supported,metadata-supported,,uncheckable,,
no_implicit_norm,1962,kEfo8WvxuJE,2,It's a track that combines rock,unknown,unsupported,audio-supported,,,,
no_implicit_norm,1962,kEfo8WvxuJE,3,"Although I don't have much information about the specific album or artists, the song itself has elements of metal, rock",metadata,metadata-supported,metadata-supported,metal;rock,supported,,
no_implicit_norm,1962,kEfo8WvxuJE,4,It could be a fitting choice for your video.,general,general-supported,general-supported,,,,
no_implicit_norm,1963,J0hngTpO5kA,1,Allow me to recommend 'Love Like Wine' by Sun Yanzi.,metadata,metadata-supported,metadata-supported,,uncheckable,,
no_implicit_norm,1963,J0hngTpO5kA,2,It's a track from her album 'Love Like Wine'.,metadata,metadata-supported,metadata-supported,,uncheckable,,
no_implicit_norm,1963,J0hngTpO5kA,3,"The song combines elements of jazz, rock",audio,audio-supported,audio-supported,,,,
no_implicit_norm,1963,J0hngTpO5kA,4,"folk, which aligns well with Sun Yanzi's distinctive style.",audio,audio-supported,audio-supported,,,,
no_implicit_norm,1963,J0hngTpO5kA,5,It was released in 2011,metadata,metadata-supported,metadata-supported,,uncheckable,,
no_implicit_norm,1963,J0hngTpO5kA,6,features her unique vocals.,audio,audio-supported,audio-supported,,,,
no_implicit_norm,1973,wvsguQGaRdw,1,"In that case, I recommend '世界が見たい' by 踊ってばかりの国.",metadata,metadata-supported,metadata-supported,,uncheckable,,
no_implicit_norm,1973,wvsguQGaRdw,2,This track is from their album '世界が見たい',metadata,metadata-supported,metadata-supported,,uncheckable,,
no_implicit_norm,1973,wvsguQGaRdw,3,"it perfectly captures the rock, pop",unknown,unsupported,metadata-supported,,,,
no_implicit_norm,1973,wvsguQGaRdw,4,indie genres with a touch of alternative.,audio,audio-supported,audio-supported,,,,
no_implicit_norm,1973,wvsguQGaRdw,5,It has a nostalgic feel,unknown,unsupported,audio-supported,,,,
no_implicit_norm,1973,wvsguQGaRdw,6,"drums, which adds to its unique sound.",audio,audio-supported,audio-supported,,,,
no_implicit_norm,1980,FllRntbfSZU,1,"In that case, I would recommend 'The Way You Make Me Feel' by Ronan Keating.",metadata,metadata-supported,metadata-supported,,uncheckable,,
no_implicit_norm,1980,FllRntbfSZU,2,This track has a folk/country influence,audio,audio-supported,audio-supported,,,,
no_implicit_norm,1980,FllRntbfSZU,3,features a female vocalist.,audio,audio-supported,audio-supported,,,,
no_implicit_norm,1980,FllRntbfSZU,4,It's part of the album 'The Way You Make Me Feel',metadata,metadata-supported,metadata-supported,,uncheckable,,
no_implicit_norm,1980,FllRntbfSZU,5,would be a great fit for your video.,general,general-supported,general-supported,,,,
no_implicit_norm,1993,lVOhveK_60A,1,Allow me to recommend 'MORBIN' by Riki Malva & Theo La Vecia feat.,metadata,metadata-supported,metadata-supported,,uncheckable,,
no_implicit_norm,1993,lVOhveK_60A,2,It's a track from their album 'MORBIN'.,metadata,metadata-supported,metadata-supported,,uncheckable,,
no_implicit_norm,1993,lVOhveK_60A,3,"The song combines elements of rock, electronic",audio,audio-supported,audio-supported,,,,
no_implicit_norm,1993,lVOhveK_60A,4,"punk, which aligns well with your preferences.",preference,preference-supported,preference-supported,punk,not_found,"the user demonstrates a clear preference for rock music characterized by energetic beats, powerful vocals, and driving rhythms. while appreciating a raw and gritty sound, they express discomfort with overly produced tracks and a strong electronic influence. they seem to value prominent guitar riffs and a sense of intensity, drawing comparisons to artists like mickie james. the user's taste leans towards a more organic and less polished sound, suggesting a potential aversion to heavily electronic or hip-hop infused music. they are open to exploring music with a strong build-up and impactful choruses, but prioritize a balance between energy and atmosphere. the user prefers rock music with energetic and driving rhythms. the user appreciates powerful and clear vocals. the user favors music with prominent guitar riffs and a gritty sound. the user enjoys music with a strong build-up and impactful choruses. the user appreciates a raw and less polished sound.",the user dislikes music that is overly produced or heavily electronic. the user finds hip-hop and electronic blends overwhelming.
no_implicit_norm,1993,lVOhveK_60A,5,It has a vocal-focused sound that could be a fitting choice for your video.,audio,audio-supported,audio-supported,,,,
no_implicit_norm,1997,DeXRccfzk78,1,Allow me to recommend 'Things Will Change' by Phie.,metadata,metadata-supported,metadata-supported,,uncheckable,,
no_implicit_norm,1997,DeXRccfzk78,2,It's a track from Nelly's album 'Things Will Change'.,metadata,metadata-supported,metadata-supported,,uncheckable,,
no_implicit_norm,1997,DeXRccfzk78,3,"It combines elements of pop, rock",audio,audio-supported,audio-supported,,,,
no_implicit_norm,1997,DeXRccfzk78,4,acoustic with female vocals,audio,audio-supported,audio-supported,,,,
no_implicit_norm,1997,DeXRccfzk78,5,It was recorded in 2012 which may contain the specific elements you want.,prompt,prompt-supported,prompt-supported,,,,
no_implicit_norm,2000,fg3WQgiIh9I,1,Allow me to recommend 'What's Up Joe' by VISUAL featuring Ale Nova.,metadata,metadata-supported,metadata-supported,,uncheckable,,
no_implicit_norm,2000,fg3WQgiIh9I,2,It's a track from their album 'What's Up Joe'.,metadata,metadata-supported,metadata-supported,,uncheckable,,
no_implicit_norm,2000,fg3WQgiIh9I,3,"The song combines elements of hip-hop, rock",audio,audio-supported,audio-supported,,,,
no_implicit_norm,2000,fg3WQgiIh9I,4,electronic genres with a touch of pop,audio,audio-supported,audio-supported,,,,
no_implicit_norm,2000,fg3WQgiIh9I,5,It has a unique style that captures the essence of these genres.,unknown,unsupported,unsupported,,,,
no_implicit_norm,2004,sEOplAGKqck,1,Allow me to recommend 'Nothing Inside (Extended Mix)' by Sander Van Doorn,metadata,metadata-supported,metadata-supported,,uncheckable,,
no_implicit_norm,2004,sEOplAGKqck,2,pop track with electronic,unknown,unsupported,audio-supported,,,,
no_implicit_norm,2004,sEOplAGKqck,3,The song features female vocals,audio,audio-supported,audio-supported,,,,
no_implicit_norm,2004,sEOplAGKqck,4,was released in 2012.,metadata,metadata-supported,metadata-supported,,uncheckable,,
no_implicit_norm,2004,sEOplAGKqck,5,It could be a fitting choice for your video.,general,general-supported,general-supported,,,,
no_implicit_norm,2021,1W7IC4JT6tA,1,If you're looking for a track with an experimental,prompt,prompt-supported,prompt-supported,,,,
no_implicit_norm,2021,1W7IC4JT6tA,2,"indie vibe, I would recommend 'Garden State Rebel' by JewAli.",metadata,metadata-supported,metadata-supported,indie,supported,,
no_implicit_norm,2021,1W7IC4JT6tA,3,This track is part of the album 'Garden State Rebel',metadata,metadata-supported,metadata-supported,,uncheckable,,
no_implicit_norm,2021,1W7IC4JT6tA,4,"offers a unique blend of Hip-Hop, electronic, rock, indie",audio,audio-supported,audio-supported,,,,
no_implicit_norm,2021,1W7IC4JT6tA,5,It has a distinctive sound that will add an edgy,audio,audio-supported,audio-supported,,,,
no_implicit_norm,2021,1W7IC4JT6tA,6,unconventional touch to your video.,unknown,unsupported,audio-supported,,,,
no_implicit_norm,2028,0Y_VUwEhyAE,1,Allow me to recommend 'Последний день' by NX Zero.,metadata,metadata-supported,metadata-supported,,uncheckable,,
no_implicit_norm,2028,0Y_VUwEhyAE,2,It's a track from their album 'Последний день'.,metadata,metadata-supported,metadata-supported,,uncheckable,,
no_implicit_norm,2028,0Y_VUwEhyAE,3,"It combines elements of rock, indie",audio,audio-supported,audio-supported,,,,
no_implicit_norm,2028,0Y_VUwEhyAE,4,alternative with pop influences.,audio,audio-supported,audio-supported,,,,
no_implicit_norm,2028,0Y_VUwEhyAE,5,The song features male vocals,audio,audio-supported,audio-supported,,,,
no_implicit_norm,2028,0Y_VUwEhyAE,6,"guitar sounds, which could be a fitting choice for your video.",audio,audio-supported,audio-supported,,,,
no_implicit_norm,2032,kKSFNLZV6HQ,1,Allow me to recommend 'I'll Shine' by Tat Gang.,metadata,metadata-supported,metadata-supported,,uncheckable,,
no_implicit_norm,2032,kKSFNLZV6HQ,2,It's a track from their album 'I'll Shine'.,metadata,metadata-supported,metadata-supported,,uncheckable,,
no_implicit_norm,2032,kKSFNLZV6HQ,3,"The song combines elements of pop, hip-hop",audio,audio-supported,audio-supported,,,,
no_implicit_norm,2032,kKSFNLZV6HQ,4,"electronic music, which could be a fitting choice for your video.",general,general-supported,general-supported,,,,
no_implicit_norm,2032,kKSFNLZV6HQ,5,It has a catchy,unknown,unsupported,preference-supported,,,,
no_implicit_norm,2032,kKSFNLZV6HQ,6,energetic vibe that aligns with your preferences.,preference,preference-supported,preference-supported,energetic,supported,"the user demonstrates a clear preference for upbeat and energetic music, particularly within the pop and electronic genres. they are drawn to tracks with a strong, driving beat and smooth, cool vocals, appreciating a vibrant and infectious feel. while enjoying latin-influenced rhythms and dance vibes, the user also expresses a desire for complexity and depth, indicating a potential interest in layered and nuanced electronic music. they find overly intense or loud tracks with fast tempos less appealing, suggesting a preference for a more balanced and controlled energy. the user prefers upbeat and energetic music, particularly pop and electronic genres. the user enjoys music with a strong, driving beat that encourages movement. the user appreciates smooth and cool vocal styles in music. the user is drawn to music with latin influences and percussion. the user seeks music with depth and complexity, preferring layered and nuanced electronic sounds. the user appreciates a balanced energy in music, avoiding tracks that are too overwhelming.",the user finds overly intense or loud tracks with fast tempos less appealing.
no_implicit_norm,2046,mkdRJriWzQw,1,Allow me to recommend 'Mickey Rich' by DJ Zeez.,metadata,metadata-supported,metadata-supported,,uncheckable,,
no_implicit_norm,2046,mkdRJriWzQw,2,It's a track from his album 'Mickey Rich'.,metadata,metadata-supported,metadata-supported,,uncheckable,,
no_implicit_norm,2046,mkdRJriWzQw,3,"The song combines elements of electronic, pop",audio,audio-supported,audio-supported,,,,
no_implicit_norm,2046,mkdRJriWzQw,4,"indie music, which aligns well with the style you're looking for.",prompt,prompt-supported,prompt-supported,,,,
no_implicit_norm,2046,mkdRJriWzQw,5,It has a techno,audio,audio-supported,audio-supported,,,,
no_implicit_norm,2046,mkdRJriWzQw,6,"fast-paced beat, with a mix of rock",audio,audio-supported,audio-supported,,,,
no_implicit_norm,2052,VOZcreL9I6U,1,I suggest checking out 'Burn' by Jessica Mauboy.,metadata,metadata-supported,metadata-supported,,uncheckable,,
no_implicit_norm,2052,VOZcreL9I6U,2,soul track with female vocalists.,audio,audio-supported,audio-supported,,,,
no_implicit_norm,2052,VOZcreL9I6U,3,The song has an R&B influence,audio,audio-supported,audio-supported,,,,
no_implicit_norm,2052,VOZcreL9I6U,4,was released in 2008.,metadata,metadata-supported,metadata-supported,,uncheckable,,
no_implicit_norm,2052,VOZcreL9I6U,5,It could be a perfect fit for your video.,general,general-supported,general-supported,,,,
no_implicit_norm,2054,2iduMTw1Dd0,1,"In that case, I would recommend 'Make Our Own Way' by Little Brutes.",metadata,metadata-supported,metadata-supported,,uncheckable,,
no_implicit_norm,2054,2iduMTw1Dd0,2,"This track is a perfect fit for your video as it combines electronic, rock",general,general-supported,general-supported,,,,
no_implicit_norm,2054,2iduMTw1Dd0,3,It has a catchy beat,audio,audio-supported,audio-supported,,,,
no_implicit_norm,2054,2iduMTw1Dd0,4,a lively vibe that will add energy to your video.,unknown,unsupported,audio-supported,,,,
no_implicit_norm,2088,ZRntURxcjYg,1,Allow me to recommend 'The Way I Am' by Ana Johnsson.,metadata,metadata-supported,metadata-supported,,uncheckable,,
no_implicit_norm,2088,ZRntURxcjYg,2,It's a track from her album 'The Way I Am'.,metadata,metadata-supported,metadata-supported,,uncheckable,,
no_implicit_norm,2088,ZRntURxcjYg,3,"The song combines elements of rock, indie",audio,audio-supported,audio-supported,,,,
no_implicit_norm,2088,ZRntURxcjYg,4,alternative with a touch of punk.,unknown,unsupported,audio-supported,,,,
no_implicit_norm,2088,ZRntURxcjYg,5,It has a guitar-driven sound,audio,audio-supported,audio-supported,,,,
no_implicit_norm,2088,ZRntURxcjYg,6,"features female vocals, which aligns well with the rock",audio,audio-supported,audio-supported,,,,
no_implicit_norm,2088,ZRntURxcjYg,7,indie influences you're looking for.,prompt,prompt-supported,prompt-supported,,,,
no_implicit_norm,2095,-mag643Iv8g,1,Allow me to recommend 'Cotto & Frullato - La Mia Vita'.,general,general-supported,general-supported,,,,
no_implicit_norm,2095,-mag643Iv8g,2,It's a track from their album 'La Mia Vita'.,metadata,metadata-supported,metadata-supported,,uncheckable,,
no_implicit_norm,2095,-mag643Iv8g,3,"It combines elements of electronic, ambient",audio,audio-supported,audio-supported,,,,
no_implicit_norm,2095,-mag643Iv8g,4,experimental music with instrumental sounds that could be a fitting choice for your video.,audio,audio-supported,audio-supported,,,,
no_implicit_norm,2095,-mag643Iv8g,5,It was released in 2012,metadata,metadata-supported,metadata-supported,,uncheckable,,
no_implicit_norm,2095,-mag643Iv8g,6,may contain the specific elements you want.,prompt,prompt-supported,prompt-supported,,,,
no_implicit_norm,2146,XTybJfvSHd0,1,"In that case, I would recommend 'The 90s' by Aula.",metadata,metadata-supported,metadata-supported,,uncheckable,,
no_implicit_norm,2146,XTybJfvSHd0,2,This track has a nostalgic 90s vibe,unknown,unsupported,audio-supported,,,,
no_implicit_norm,2146,XTybJfvSHd0,3,"combines elements of Hip-Hop, rock, electronic",audio,audio-supported,audio-supported,,,,
no_implicit_norm,2146,XTybJfvSHd0,4,It's part of the album 'The 90s' by Aula.,metadata,metadata-supported,metadata-supported,,uncheckable,,
no_implicit_norm,2148,TGMiWa3EdeE,1,Allow me to recommend 'Pipedog' by Pipedog.,metadata,metadata-supported,metadata-supported,,uncheckable,,
no_implicit_norm,2148,TGMiWa3EdeE,2,It's a track from their album 'Pipedog'.,metadata,metadata-supported,metadata-supported,,uncheckable,,
no_implicit_norm,2148,TGMiWa3EdeE,3,"It combines elements of hip-hop, electronic",audio,audio-supported,audio-supported,,,,
no_implicit_norm,2148,TGMiWa3EdeE,4,pop with a dance vibe.,unknown,unsupported,audio-supported,,,,
no_implicit_norm,2148,TGMiWa3EdeE,5,The song was released in 2012,metadata,metadata-supported,metadata-supported,,uncheckable,,
no_implicit_norm,2148,TGMiWa3EdeE,6,fast-paced sound that could be a fitting choice for your video.,video,video-supported,video-supported,,,,
no_implicit_norm,2150,zcQaYBrSuBM,1,Allow me to recommend 'The Ripper' by Black The Ripper.,metadata,metadata-supported,metadata-supported,,uncheckable,,
no_implicit_norm,2150,zcQaYBrSuBM,2,It's a track from their album 'The Ripper'.,metadata,metadata-supported,metadata-supported,,uncheckable,,
no_implicit_norm,2150,zcQaYBrSuBM,3,"The song combines elements of hip-hop, electronic, rock",audio,audio-supported,audio-supported,,,,
no_implicit_norm,2150,zcQaYBrSuBM,4,"soul, which aligns well with the style you're looking for.",prompt,prompt-supported,prompt-supported,,,,
no_implicit_norm,2150,zcQaYBrSuBM,5,It was released in 2012,metadata,metadata-supported,metadata-supported,,uncheckable,,
no_implicit_norm,2150,zcQaYBrSuBM,6,has a unique blend of genres that could add a distinctive touch to your video.,unknown,unsupported,metadata-supported,,,,
no_implicit_norm,2164,jectGqVb3LA,1,Allow me to recommend 'Free Boy Europea' by Free Boy Europea.,metadata,metadata-supported,metadata-supported,,uncheckable,,
no_implicit_norm,2164,jectGqVb3LA,2,It's a track from their album 'Free Boy Europea'.,metadata,metadata-supported,metadata-supported,,uncheckable,,
no_implicit_norm,2164,jectGqVb3LA,3,"It combines elements of hip-hop, electronic",audio,audio-supported,audio-supported,,,,
no_implicit_norm,2164,jectGqVb3LA,4,jazz with a dance vibe.,unknown,unsupported,audio-supported,,,,
no_implicit_norm,2164,jectGqVb3LA,5,The song features male vocals,audio,audio-supported,audio-supported,,,,
no_implicit_norm,2164,jectGqVb3LA,6,was released in 2014.,metadata,metadata-supported,metadata-supported,,uncheckable,,
no_implicit_norm,2164,jectGqVb3LA,7,It may contain the specific elements you want.,prompt,prompt-supported,prompt-supported,,,,
no_implicit_norm,2193,yorLPuUMPYU,1,If you're looking for a spooky,prompt,prompt-supported,prompt-supported,,,,
no_implicit_norm,2193,yorLPuUMPYU,2,"macabre feel, I would recommend 'Radioactive' by Imagine Dragons.",metadata,metadata-supported,metadata-supported,,uncheckable,,
no_implicit_norm,2193,yorLPuUMPYU,3,This track is part of the album 'Radioactive',metadata,metadata-supported,metadata-supported,,uncheckable,,
no_implicit_norm,2193,yorLPuUMPYU,4,it perfectly captures the essence of Halloween with its dark,unknown,unsupported,metadata-supported,,,,
no_implicit_norm,2193,yorLPuUMPYU,5,It's a great choice for creating a haunting atmosphere in your video.,general,general-supported,general-supported,,,,
no_implicit_norm,2210,n-MiM-VMm5A,1,Allow me to recommend 'Sommer' by Tygo Nendels.,metadata,metadata-supported,metadata-supported,,uncheckable,,
no_implicit_norm,2210,n-MiM-VMm5A,2,rock track with 80s,unknown,unsupported,metadata-supported,,,,
no_implicit_norm,2210,n-MiM-VMm5A,3,The song features female vocals,metadata,metadata-supported,metadata-supported,female vocals;male vocals;vocal;vocals,partially_supported,,
no_implicit_norm,2210,n-MiM-VMm5A,4,was released in 2012.,metadata,metadata-supported,metadata-supported,,uncheckable,,
no_implicit_norm,2210,n-MiM-VMm5A,5,It could be a fitting choice for your video.,metadata,metadata-supported,metadata-supported,,uncheckable,,
no_implicit_norm,2219,BRgJAbNwNcU,1,I recommend 'Free World' by One Crew.,metadata,metadata-supported,metadata-supported,,uncheckable,,
no_implicit_norm,2219,BRgJAbNwNcU,2,"It's a track that combines elements of reggaeton, hip-hop",audio,audio-supported,audio-supported,,,,
no_implicit_norm,2219,BRgJAbNwNcU,3,The song has a danceable beat,audio,audio-supported,audio-supported,,,,
no_implicit_norm,2219,BRgJAbNwNcU,4,catchy melodies that could be a fitting choice for your video.,general,general-supported,general-supported,,,,
no_implicit_norm,2223,gZ4g2c5vZec,1,Allow me to recommend 'Gametime' by Boombox Saints.,metadata,metadata-supported,metadata-supported,,uncheckable,,
no_implicit_norm,2223,gZ4g2c5vZec,2,It's a track from their album 'Gametime'.,metadata,metadata-supported,metadata-supported,,uncheckable,,
no_implicit_norm,2223,gZ4g2c5vZec,3,"It combines elements of hip-hop, electronic",audio,audio-supported,audio-supported,,,,
no_implicit_norm,2223,gZ4g2c5vZec,4,dance genres with indie influences.,audio,audio-supported,audio-supported,,,,
no_implicit_norm,2223,gZ4g2c5vZec,5,The song has a fast-paced beat,audio,audio-supported,audio-supported,,,,
no_implicit_norm,2223,gZ4g2c5vZec,6,a catchy melody that could be a fitting choice for your video.,audio,audio-supported,audio-supported,,,,
no_implicit_norm,2263,7PeulsZU-8Q,1,Allow me to recommend 'Baby' by M.I.A.,metadata,metadata-supported,metadata-supported,,uncheckable,,
no_implicit_norm,2263,7PeulsZU-8Q,2,"It's an electronic track with elements of dance, electro",unknown,unsupported,unsupported,,,,
no_implicit_norm,2263,7PeulsZU-8Q,3,The song has a fast-paced techno beat,audio,audio-supported,audio-supported,,,,
no_implicit_norm,2263,7PeulsZU-8Q,4,synth sounds that could be a fitting choice for your video.,audio,audio-supported,audio-supported,,,,
no_implicit_norm,2273,x6ebHzsnyUw,1,Allow me to recommend 'Sur mon bout' by Black X.,metadata,metadata-supported,metadata-supported,,uncheckable,,
no_implicit_norm,2273,x6ebHzsnyUw,2,rock track with electronic,unknown,unsupported,unsupported,,,,
no_implicit_norm,2273,x6ebHzsnyUw,3,"Although I don't have much information about this specific track, it aligns well with the pop",unknown,unsupported,prompt-supported,,,,
no_implicit_norm,2273,x6ebHzsnyUw,4,rock styles you're looking for.,prompt,prompt-supported,prompt-supported,,,,
no_implicit_norm,2295,fyPL8Eos0ME,1,Allow me to recommend 'LOVE DISCO' by ROCKETMAN feat.,metadata,metadata-supported,metadata-supported,,uncheckable,,
no_implicit_norm,2295,fyPL8Eos0ME,2,I think it's a fitting choice for your video.,general,general-supported,general-supported,,,,
no_implicit_norm,2295,fyPL8Eos0ME,3,electronic track with female vocalists,audio,audio-supported,audio-supported,,,,
no_implicit_norm,2295,fyPL8Eos0ME,4,"Although I don't have much information about the specific album or artists, the song itself aligns well with the dance",metadata,metadata-supported,metadata-supported,dance,supported,,
no_implicit_norm,2295,fyPL8Eos0ME,5,electronic elements you're looking for.,prompt,prompt-supported,prompt-supported,,,,
no_implicit_norm,2303,a6tPZRzEzqk,1,"In that case, I would recommend 'Rank Riders Anthem' by Luke Kaufman.",metadata,metadata-supported,metadata-supported,,uncheckable,,
no_implicit_norm,2303,a6tPZRzEzqk,2,This track has a rock,unknown,unsupported,audio-supported,,,,
no_implicit_norm,2303,a6tPZRzEzqk,3,blues sound with a mix of different instruments.,audio,audio-supported,audio-supported,,,,
no_implicit_norm,2303,a6tPZRzEzqk,4,It's part of the album 'Rank Riders Anthem',metadata,metadata-supported,metadata-supported,,uncheckable,,
no_implicit_norm,2303,a6tPZRzEzqk,5,it's perfect for adding a unique,unknown,unsupported,metadata-supported,,,,
no_implicit_norm,2303,a6tPZRzEzqk,6,dynamic touch to your video.,unknown,unsupported,metadata-supported,,,,
no_implicit_norm,2305,ZT_3cEYAvro,1,Allow me to recommend 'The Witches' by The Witches.,metadata,metadata-supported,metadata-supported,,uncheckable,,
no_implicit_norm,2305,ZT_3cEYAvro,2,acoustic track with female vocals,audio,audio-supported,audio-supported,,,,
no_implicit_norm,2305,ZT_3cEYAvro,3,"Although I don't have much information about the specific album or artists, the song itself aligns well with the folk",metadata,metadata-supported,metadata-supported,folk,supported,,
no_implicit_norm,2305,ZT_3cEYAvro,4,acoustic style you're looking for.,prompt,prompt-supported,prompt-supported,,,,
no_implicit_norm,2312,CnmDXJmI6Kg,1,Allow me to recommend 'I'm On It' by E-Money.,metadata,metadata-supported,metadata-supported,,uncheckable,,
no_implicit_norm,2312,CnmDXJmI6Kg,2,It's a track from their album 'I'm On It'.,metadata,metadata-supported,metadata-supported,,uncheckable,,
no_implicit_norm,2312,CnmDXJmI6Kg,3,"It combines elements of R&B, dance",audio,audio-supported,audio-supported,,,,
no_implicit_norm,2312,CnmDXJmI6Kg,4,electronic music with a focus on synth sounds.,audio,audio-supported,audio-supported,,,,
no_implicit_norm,2312,CnmDXJmI6Kg,5,It was released in 2013,metadata,metadata-supported,metadata-supported,,uncheckable,,
no_implicit_norm,2312,CnmDXJmI6Kg,6,may contain the specific elements you want.,prompt,prompt-supported,prompt-supported,,,,
no_implicit_norm,2321,f75wFxmN-so,1,Allow me to recommend 'This Is War' by 30 Seconds to Mars.,metadata,metadata-supported,metadata-supported,,uncheckable,,
no_implicit_norm,2321,f75wFxmN-so,2,It's a track from their album 'This Is War'.,metadata,metadata-supported,metadata-supported,,uncheckable,,
no_implicit_norm,2321,f75wFxmN-so,3,"The song combines elements of rock, pop",audio,audio-supported,audio-supported,,,,
no_implicit_norm,2321,f75wFxmN-so,4,country with a touch of folk.,unknown,unsupported,audio-supported,,,,
no_implicit_norm,2321,f75wFxmN-so,5,It features a female vocalist,audio,audio-supported,audio-supported,,,,
no_implicit_norm,2321,f75wFxmN-so,6,emotional sound that could be a fitting choice for your video.,audio,audio-supported,audio-supported,,,,
no_implicit_norm,2328,F8GzCxDA9-I,1,Allow me to recommend '82 Bronco's' track 'The 82 Bronco'.,metadata,metadata-supported,metadata-supported,,uncheckable,,
no_implicit_norm,2328,F8GzCxDA9-I,2,electronic song with ambient,metadata,metadata-supported,metadata-supported,ambient;electronic,partially_supported,,
no_implicit_norm,2328,F8GzCxDA9-I,3,"Although I don't have much information about this specific track, it aligns well with the electronic",metadata,metadata-supported,metadata-supported,electronic,supported,,
no_implicit_norm,2328,F8GzCxDA9-I,4,chillout style you're looking for.,prompt,prompt-supported,prompt-supported,,,,
no_implicit_norm,2341,vIwgiMnTx70,1,I suggest checking out 'Ballin' by Yungin.,metadata,metadata-supported,metadata-supported,,uncheckable,,
no_implicit_norm,2341,vIwgiMnTx70,2,"This track combines hip-hop, electronic, pop, soul",unknown,unsupported,audio-supported,,,,
no_implicit_norm,2341,vIwgiMnTx70,3,It has a catchy beat,audio,audio-supported,audio-supported,,,,
no_implicit_norm,2341,vIwgiMnTx70,4,a vibrant energy that would be perfect for your video.,unknown,unsupported,audio-supported,,,,
no_implicit_norm,2352,W_CQL5rgXHk,1,If you're looking for a track with a more electronic,prompt,prompt-supported,prompt-supported,,,,
no_implicit_norm,2352,W_CQL5rgXHk,2,"pop vibe, I would recommend 'Never Backing Down' by Halo Muzic.",metadata,metadata-supported,metadata-supported,pop,supported,,
no_implicit_norm,2352,W_CQL5rgXHk,3,This track is part of the album 'Never Backing Down',metadata,metadata-supported,metadata-supported,,uncheckable,,
no_implicit_norm,2352,W_CQL5rgXHk,4,"offers a blend of electronic, dance, pop",audio,audio-supported,audio-supported,,,,
no_implicit_norm,2352,W_CQL5rgXHk,5,It has a catchy beat,audio,audio-supported,audio-supported,,,,
no_implicit_norm,2352,W_CQL5rgXHk,6,a vibrant energy that would be perfect for your video.,unknown,unsupported,audio-supported,,,,
no_implicit_norm,2365,2UOm1jCZuuk,1,How about 'Walk By Faith' by Jeremy Camp?,metadata,metadata-supported,metadata-supported,,uncheckable,,
no_implicit_norm,2365,2UOm1jCZuuk,2,It's a track from his album 'Walk By Faith'.,metadata,metadata-supported,metadata-supported,,uncheckable,,
no_implicit_norm,2365,2UOm1jCZuuk,3,The song features female vocals,audio,audio-supported,audio-supported,,,,
no_implicit_norm,2365,2UOm1jCZuuk,4,"combines elements of rock, pop",audio,audio-supported,audio-supported,,,,
no_implicit_norm,2365,2UOm1jCZuuk,5,indie with a touch of alternative.,unknown,unsupported,audio-supported,,,,
no_implicit_norm,2365,2UOm1jCZuuk,6,"It could be a great choice for your video, especially if you're looking for a track with a similar style to 'Walk By Faith' but with female vocals.",prompt,prompt-supported,prompt-supported,,,,
no_implicit_norm,2408,m081nGf-fGE,1,Allow me to recommend 'Alles geht' by Tonbandgerät.,metadata,metadata-supported,metadata-supported,,uncheckable,,
no_implicit_norm,2408,m081nGf-fGE,2,It's a track from their album 'Alles geht'.,metadata,metadata-supported,metadata-supported,,uncheckable,,
no_implicit_norm,2408,m081nGf-fGE,3,"The song combines elements of rock, indie",audio,audio-supported,audio-supported,,,,
no_implicit_norm,2408,m081nGf-fGE,4,electronic music with a pop influence.,audio,audio-supported,audio-supported,,,,
no_implicit_norm,2408,m081nGf-fGE,5,It has a guitar-focused sound,audio,audio-supported,audio-supported,,,,
no_implicit_norm,2408,m081nGf-fGE,6,The track was released in 2012,metadata,metadata-supported,metadata-supported,,uncheckable,,
no_implicit_norm,2408,m081nGf-fGE,7,could be a fitting choice for your video.,general,general-supported,general-supported,,,,
no_implicit_norm,2416,dKS2UpcRkOU,1,I suggest 'Brotherman' by Christopher Varnado.,metadata,metadata-supported,metadata-supported,,uncheckable,,
no_implicit_norm,2416,dKS2UpcRkOU,2,This track has female vocals,audio,audio-supported,audio-supported,,,,
no_implicit_norm,2416,dKS2UpcRkOU,3,"falls under the genres of rock, pop",audio,audio-supported,audio-supported,,,,
no_implicit_norm,2416,dKS2UpcRkOU,4,upbeat song that would complement your video nicely.,audio,audio-supported,audio-supported,,,,
no_implicit_norm,2460,2ewusAyz3nQ,1,I recommend 'Я не вірю в кохання' by Wessels featuring Ельвіра Бурдейна.,metadata,metadata-supported,metadata-supported,,uncheckable,,
no_implicit_norm,2460,2ewusAyz3nQ,2,"It's a track that combines elements of hip-hop, soul",audio,audio-supported,audio-supported,,,,
no_implicit_norm,2460,2ewusAyz3nQ,3,The song has a unique blend of genres that could add a dynamic,unknown,unsupported,audio-supported,,,,
no_implicit_norm,2460,2ewusAyz3nQ,4,diverse sound to your video.,audio,audio-supported,audio-supported,,,,
no_implicit_norm,2462,D76Lsycip9U,1,Allow me to recommend 'Aude et Latchoo' by Aude,metadata,metadata-supported,metadata-supported,,uncheckable,,
no_implicit_norm,2462,D76Lsycip9U,2,It's a track from their album 'Aude et Latchoo'.,metadata,metadata-supported,metadata-supported,,uncheckable,,
no_implicit_norm,2462,D76Lsycip9U,3,"It combines elements of Hip-Hop, pop",audio,audio-supported,audio-supported,,,,
no_implicit_norm,2462,D76Lsycip9U,4,electronic with female vocals.,audio,audio-supported,audio-supported,,,,
no_implicit_norm,2462,D76Lsycip9U,5,It was released in 2012,metadata,metadata-supported,metadata-supported,,uncheckable,,
no_implicit_norm,2462,D76Lsycip9U,6,may contain the specific elements you want.,prompt,prompt-supported,prompt-supported,,,,
no_implicit_norm,2483,zbWHQubdQIE,1,Allow me to recommend 'La Revolucion Urbana' by La Revolucion Urbana.,metadata,metadata-supported,metadata-supported,,uncheckable,,
no_implicit_norm,2483,zbWHQubdQIE,2,It's a track from their album 'La Revolucion Urbana'.,metadata,metadata-supported,metadata-supported,,uncheckable,,
no_implicit_norm,2483,zbWHQubdQIE,3,"It combines elements of hip-hop, electronic",audio,audio-supported,audio-supported,,,,
no_implicit_norm,2483,zbWHQubdQIE,4,rock with experimental influences.,audio,audio-supported,audio-supported,,,,
no_implicit_norm,2483,zbWHQubdQIE,5,The song has a beat-driven sound,audio,audio-supported,audio-supported,,,,
no_implicit_norm,2483,zbWHQubdQIE,6,"a more intense atmosphere, which could be a fitting choice for your video.",general,general-supported,general-supported,,,,
no_implicit_norm,2489,QZawn7YJGFs,1,Allow me to recommend '寂寞的季節' by 毛鵬懿 Joseph Mao.,metadata,metadata-supported,metadata-supported,,uncheckable,,
no_implicit_norm,2489,QZawn7YJGFs,2,It's a track from his album '寂寞的季節'.,metadata,metadata-supported,metadata-supported,,uncheckable,,
no_implicit_norm,2489,QZawn7YJGFs,3,"The song combines elements of rock, indie",audio,audio-supported,audio-supported,,,,
no_implicit_norm,2489,QZawn7YJGFs,4,alternative with female vocals.,audio,audio-supported,audio-supported,,,,
no_implicit_norm,2489,QZawn7YJGFs,5,"It has a pop influence as well, which could be a fitting choice for your video.",audio,audio-supported,audio-supported,,,,
no_implicit_norm,2491,mn4WwaRfmKM,1,I recommend 'Koko' by 21 Japonesas.,metadata,metadata-supported,metadata-supported,,uncheckable,,
no_implicit_norm,2491,mn4WwaRfmKM,2,"It's a track that combines elements of soul, pop",audio,audio-supported,audio-supported,,,,
no_implicit_norm,2491,mn4WwaRfmKM,3,The song features female vocals,audio,audio-supported,audio-supported,,,,
no_implicit_norm,2491,mn4WwaRfmKM,4,It was released in 2014,metadata,metadata-supported,metadata-supported,,uncheckable,,
no_implicit_norm,2491,mn4WwaRfmKM,5,could be a fitting choice for your video.,general,general-supported,general-supported,,,,
no_implicit_norm,2519,wzaCUd1qIls,1,I recommend 'SAFE' by SAFE.,metadata,metadata-supported,metadata-supported,,uncheckable,,
no_implicit_norm,2519,wzaCUd1qIls,2,It's a track from their album 'SAFE'.,metadata,metadata-supported,metadata-supported,,uncheckable,,
no_implicit_norm,2519,wzaCUd1qIls,3,"The song combines elements of rock, indie",audio,audio-supported,audio-supported,,,,
no_implicit_norm,2519,wzaCUd1qIls,4,pop with a touch of alternative.,unknown,unsupported,audio-supported,,,,
no_implicit_norm,2519,wzaCUd1qIls,5,It has a guitar-focused sound,audio,audio-supported,audio-supported,,,,
no_implicit_norm,2519,wzaCUd1qIls,6,"This track could be a fitting choice for your video, incorporating SAFE's distinctive style.",general,general-supported,general-supported,,,,
no_implicit_norm,2531,_VSRU0jFrUw,1,Allow me to recommend 'Mi Vida' by El Chino.,metadata,metadata-supported,metadata-supported,,uncheckable,,
no_implicit_norm,2531,_VSRU0jFrUw,2,It's a track from his album 'Mi Vida'.,metadata,metadata-supported,metadata-supported,,uncheckable,,
no_implicit_norm,2531,_VSRU0jFrUw,3,"The song combines elements of hip-hop, electronic",audio,audio-supported,audio-supported,,,,
no_implicit_norm,2531,_VSRU0jFrUw,4,pop with a touch of 90s nostalgia.,unknown,unsupported,audio-supported,,,,
no_implicit_norm,2531,_VSRU0jFrUw,5,It was released in 2013,metadata,metadata-supported,metadata-supported,,uncheckable,,
no_implicit_norm,2531,_VSRU0jFrUw,6,energetic vibe that could be a fitting choice for your video.,audio,audio-supported,audio-supported,,,,
no_implicit_norm,2545,Kp3CWiVOmaw,1,How about 'The Horde' by 100 robots?,metadata,metadata-supported,metadata-supported,,uncheckable,,
no_implicit_norm,2545,Kp3CWiVOmaw,2,It's an electronic track with experimental,unknown,unsupported,audio-supported,,,,
no_implicit_norm,2545,Kp3CWiVOmaw,3,"Although I don't have much information about this specific track, it aligns well with the electronic",unknown,unsupported,prompt-supported,,,,
no_implicit_norm,2545,Kp3CWiVOmaw,4,experimental elements you're looking for.,prompt,prompt-supported,prompt-supported,,,,
no_implicit_norm,2560,UqCUaUv75TA,1,Allow me to recommend 'The Real World' by Kevin Florez.,metadata,metadata-supported,metadata-supported,,uncheckable,,
no_implicit_norm,2560,UqCUaUv75TA,2,It's a track from his album 'The Real World'.,metadata,metadata-supported,metadata-supported,,uncheckable,,
no_implicit_norm,2560,UqCUaUv75TA,3,"It combines elements of electronic, pop",audio,audio-supported,audio-supported,,,,
no_implicit_norm,2560,UqCUaUv75TA,4,rock with a focus on synth sounds.,audio,audio-supported,audio-supported,,,,
no_implicit_norm,2560,UqCUaUv75TA,5,It was released in 2012,metadata,metadata-supported,metadata-supported,,uncheckable,,
no_implicit_norm,2560,UqCUaUv75TA,6,may contain the specific elements you want.,prompt,prompt-supported,prompt-supported,,,,
no_implicit_norm,2576,NKGs9BxFoTE,1,Allow me to recommend 'Mi Vida' by Hijas de Zion.,metadata,metadata-supported,metadata-supported,,uncheckable,,
no_implicit_norm,2576,NKGs9BxFoTE,2,It's a track from their album 'Mi Vida'.,metadata,metadata-supported,metadata-supported,,uncheckable,,
no_implicit_norm,2576,NKGs9BxFoTE,3,"The song combines elements of pop, rock",audio,audio-supported,audio-supported,,,,
no_implicit_norm,2576,NKGs9BxFoTE,4,indie with female vocals.,audio,audio-supported,audio-supported,,,,
no_implicit_norm,2576,NKGs9BxFoTE,5,It was released in 2013,metadata,metadata-supported,metadata-supported,,uncheckable,,
no_implicit_norm,2576,NKGs9BxFoTE,6,has a unique sound that could be a fitting choice for your video.,audio,audio-supported,audio-supported,,,,
no_implicit_norm,2621,uJH2gEwS-sU,1,"In that case, I would recommend 'House of Mercy' by Finalie.",metadata,metadata-supported,metadata-supported,house,supported,,
no_implicit_norm,2621,uJH2gEwS-sU,2,This track features a diverse artist collaboration,metadata,metadata-supported,metadata-supported,,uncheckable,,
no_implicit_norm,2621,uJH2gEwS-sU,3,"combines elements of electronic, Hip-Hop",audio,audio-supported,audio-supported,,,,
no_implicit_norm,2621,uJH2gEwS-sU,4,It has a catchy beat,audio,audio-supported,audio-supported,,,,
no_implicit_norm,2621,uJH2gEwS-sU,5,a unique blend of genres that will add a dynamic touch to your video.,unknown,unsupported,audio-supported,,,,
no_implicit_norm,2637,PbGv_5Vcbn8,1,I recommend 'Feel This Moment' by Pitbull.,metadata,metadata-supported,metadata-supported,,uncheckable,,
no_implicit_norm,2637,PbGv_5Vcbn8,2,electronic track with elements of rock,unknown,unsupported,unsupported,,,,
no_implicit_norm,2637,PbGv_5Vcbn8,3,The song features female vocals,audio,audio-supported,audio-supported,,,,
no_implicit_norm,2637,PbGv_5Vcbn8,4,energetic vibe that could complement your video.,audio,audio-supported,audio-supported,,,,
no_implicit_norm,2651,rNUcT_KD54c,1,Allow me to recommend 'Sin Ti' by Ministerio Sion.,metadata,metadata-supported,metadata-supported,,uncheckable,,
no_implicit_norm,2651,rNUcT_KD54c,2,It's a track from their album 'Sin Ti'.,metadata,metadata-supported,metadata-supported,,uncheckable,,
no_implicit_norm,2651,rNUcT_KD54c,3,"It combines elements of hip-hop, rock",audio,audio-supported,audio-supported,,,,
no_implicit_norm,2651,rNUcT_KD54c,4,electronic with alternative influences.,audio,audio-supported,audio-supported,,,,
no_implicit_norm,2651,rNUcT_KD54c,5,The song features male vocals,audio,audio-supported,audio-supported,,,,
no_implicit_norm,2651,rNUcT_KD54c,6,has a loud guitar sound that could be a fitting choice for your video.,audio,audio-supported,audio-supported,,,,
no_implicit_norm,2654,yeMrTxabUaE,1,Allow me to recommend 'Carry You' by Union J.,metadata,metadata-supported,metadata-supported,,uncheckable,,
no_implicit_norm,2654,yeMrTxabUaE,2,It's a track from their album 'Carry You'.,metadata,metadata-supported,metadata-supported,,uncheckable,,
no_implicit_norm,2654,yeMrTxabUaE,3,"It combines elements of rock, electronic",audio,audio-supported,audio-supported,,,,
no_implicit_norm,2654,yeMrTxabUaE,4,"dance genres, which could be a fitting choice for your video.",audio,audio-supported,audio-supported,,,,
no_implicit_norm,2654,yeMrTxabUaE,5,The song has a pop,unknown,unsupported,audio-supported,,,,
no_implicit_norm,2654,yeMrTxabUaE,6,indie influence as well.,audio,audio-supported,audio-supported,,,,
no_implicit_norm,2662,D9l-pF4kB64,1,I suggest you consider 'Sunshine' by Jenny,metadata,metadata-supported,metadata-supported,,uncheckable,,
no_implicit_norm,2662,D9l-pF4kB64,2,It's a track from their album 'Sunshine'.,metadata,metadata-supported,metadata-supported,,uncheckable,,
no_implicit_norm,2662,D9l-pF4kB64,3,"The song combines elements of pop, dance",audio,audio-supported,audio-supported,,,,
no_implicit_norm,2662,D9l-pF4kB64,4,electronic music with female vocals.,audio,audio-supported,audio-supported,,,,
no_implicit_norm,2662,D9l-pF4kB64,5,It has a catchy,unknown,unsupported,audio-supported,,,,
no_implicit_norm,2662,D9l-pF4kB64,6,upbeat sound that could be a fitting choice for your video.,audio,audio-supported,audio-supported,,,,
no_implicit_norm,2684,fBI65ROZyFw,1,Allow me to recommend 'Dance With Me' by JAMIE DRASTIK.,metadata,metadata-supported,metadata-supported,dance,supported,,
no_implicit_norm,2684,fBI65ROZyFw,2,It's a dance track with electronic,unknown,unsupported,audio-supported,,,,
no_implicit_norm,2684,fBI65ROZyFw,3,The song has a catchy beat,audio,audio-supported,audio-supported,,,,
no_implicit_norm,2684,fBI65ROZyFw,4,a pop vibe that could be a fitting choice for your video.,general,general-supported,general-supported,,,,
no_implicit_norm,2684,fBI65ROZyFw,5,It was released in 2014,metadata,metadata-supported,metadata-supported,,uncheckable,,
no_implicit_norm,2684,fBI65ROZyFw,6,is available on iTunes.,unknown,unsupported,metadata-supported,,,,
no_implicit_norm,2715,oOXdxeqtHHc,1,Allow me to recommend 'The Way I Am' by J.R.,metadata,metadata-supported,metadata-supported,,uncheckable,,
no_implicit_norm,2715,oOXdxeqtHHc,2,It's a hip-hop track with electronic,unknown,unsupported,audio-supported,,,,
no_implicit_norm,2715,oOXdxeqtHHc,3,The song has a fast-paced beat,audio,audio-supported,audio-supported,,,,
no_implicit_norm,2715,oOXdxeqtHHc,4,synth elements that could be a fitting choice for your video.,audio,audio-supported,audio-supported,,,,
no_implicit_norm,2762,ubGdJbMaZTw,1,How about 'Origins' by Dino Circle?,metadata,metadata-supported,metadata-supported,,uncheckable,,
no_implicit_norm,2762,ubGdJbMaZTw,2,It's a track from their album 'Origins'.,metadata,metadata-supported,metadata-supported,,uncheckable,,
no_implicit_norm,2762,ubGdJbMaZTw,3,"The song combines elements of hip-hop, electronic",audio,audio-supported,audio-supported,,,,
no_implicit_norm,2762,ubGdJbMaZTw,4,"ambient genres, with a chillout vibe.",audio,audio-supported,audio-supported,,,,
no_implicit_norm,2762,ubGdJbMaZTw,5,It was released in 2014,metadata,metadata-supported,metadata-supported,,uncheckable,,
no_implicit_norm,2762,ubGdJbMaZTw,6,has a unique blend of sounds that could add a relaxing,audio,audio-supported,audio-supported,,,,
no_implicit_norm,2762,ubGdJbMaZTw,7,atmospheric touch to your video.,unknown,unsupported,metadata-supported,,,,
no_implicit_norm,2769,guwB1oxI3ko,1,How about 'Bicycle Race' by Queen Machine?,metadata,metadata-supported,metadata-supported,,uncheckable,,
no_implicit_norm,2769,guwB1oxI3ko,2,It's a track from their album 'Bicycle Race'.,metadata,metadata-supported,metadata-supported,,uncheckable,,
no_implicit_norm,2769,guwB1oxI3ko,3,"This song combines elements of rock, punk",audio,audio-supported,audio-supported,,,,
no_implicit_norm,2769,guwB1oxI3ko,4,"experimental music, which aligns well with the experimental",unknown,unsupported,prompt-supported,,,,
no_implicit_norm,2769,guwB1oxI3ko,5,indie vibe you're looking for.,prompt,prompt-supported,prompt-supported,,,,
no_implicit_norm,2769,guwB1oxI3ko,6,It has a unique,unknown,unsupported,audio-supported,,,,
no_implicit_norm,2769,guwB1oxI3ko,7,distinctive sound that could add an interesting touch to your video.,audio,audio-supported,audio-supported,,,,
no_implicit_norm,2808,JX3e-ZGqadc,1,Allow me to recommend 'Baqlarkolik' by Baqlarkolik.,metadata,metadata-supported,metadata-supported,,uncheckable,,
no_implicit_norm,2808,JX3e-ZGqadc,2,It's a track from their album 'Baqlarkolik'.,metadata,metadata-supported,metadata-supported,,uncheckable,,
no_implicit_norm,2808,JX3e-ZGqadc,3,"It combines elements of dance, rock",audio,audio-supported,audio-supported,,,,
no_implicit_norm,2808,JX3e-ZGqadc,4,pop with electronic beats that could be a fitting choice for your video.,audio,audio-supported,audio-supported,,,,
no_implicit_norm,2808,JX3e-ZGqadc,5,The song features male vocals,audio,audio-supported,audio-supported,,,,
no_implicit_norm,2808,JX3e-ZGqadc,6,was released in 2014.,metadata,metadata-supported,metadata-supported,,uncheckable,,
no_implicit_norm,2818,YGzPFYmVIeU,1,Allow me to recommend 'KickBack' by AogMagik.,metadata,metadata-supported,metadata-supported,,uncheckable,,
no_implicit_norm,2818,YGzPFYmVIeU,2,It's a track from their album 'KickBack'.,metadata,metadata-supported,metadata-supported,,uncheckable,,
no_implicit_norm,2818,YGzPFYmVIeU,3,"The song combines elements of hip-hop, electronic",audio,audio-supported,audio-supported,,,,
no_implicit_norm,2818,YGzPFYmVIeU,4,rock with a touch of R&B.,unknown,unsupported,audio-supported,,,,
no_implicit_norm,2818,YGzPFYmVIeU,5,It has a fast-paced beat,audio,audio-supported,audio-supported,,,,
no_implicit_norm,2818,YGzPFYmVIeU,6,synth-driven sound that could be a fitting choice for your video.,audio,audio-supported,audio-supported,,,,
no_implicit_norm,2867,Pcn7TuWZu9s,1,I recommend 'Still Mike' by Still Mike.,metadata,metadata-supported,metadata-supported,,uncheckable,,
no_implicit_norm,2867,Pcn7TuWZu9s,2,It's a track from his album 'Still Mike'.,metadata,metadata-supported,metadata-supported,,uncheckable,,
no_implicit_norm,2867,Pcn7TuWZu9s,3,"The song combines elements of hip-hop, electronic",audio,audio-supported,audio-supported,,,,
no_implicit_norm,2867,Pcn7TuWZu9s,4,"dance, which aligns well with the style you're looking for.",prompt,prompt-supported,prompt-supported,,,,
no_implicit_norm,2867,Pcn7TuWZu9s,5,It has a techno,audio,audio-supported,audio-supported,,,,
no_implicit_norm,2867,Pcn7TuWZu9s,6,electronic sound with fast-paced beats,audio,audio-supported,audio-supported,,,,
no_implicit_norm,2872,U8qjHrMZBgU,1,Allow me to recommend 'Can't Say No' by Jade London.,metadata,metadata-supported,metadata-supported,,uncheckable,,
no_implicit_norm,2872,U8qjHrMZBgU,2,It's a track from her album 'Can't Say No'.,metadata,metadata-supported,metadata-supported,,uncheckable,,
no_implicit_norm,2872,U8qjHrMZBgU,3,"It combines elements of electronic, pop",audio,audio-supported,audio-supported,,,,
no_implicit_norm,2872,U8qjHrMZBgU,4,dance music with female vocals.,audio,audio-supported,audio-supported,,,,
no_implicit_norm,2872,U8qjHrMZBgU,5,The song has a techno,audio,audio-supported,audio-supported,,,,
no_implicit_norm,2872,U8qjHrMZBgU,6,fast-paced sound that could be a fitting choice for your video.,video,video-supported,video-supported,,,,
no_implicit_norm,2899,nkOkWXH07TA,1,Allow me to recommend 'A Thousand Years' by Christina Perri.,metadata,metadata-supported,metadata-supported,,uncheckable,,
no_implicit_norm,2899,nkOkWXH07TA,2,It's a track from her album 'A Thousand Years'.,metadata,metadata-supported,metadata-supported,,uncheckable,,
no_implicit_norm,2899,nkOkWXH07TA,3,"The song combines elements of rock, folk",audio,audio-supported,audio-supported,,,,
no_implicit_norm,2899,nkOkWXH07TA,4,indie with captivating female vocals.,audio,audio-supported,audio-supported,,,,
no_implicit_norm,2899,nkOkWXH07TA,5,It was released in 2011,metadata,metadata-supported,metadata-supported,,uncheckable,,
no_implicit_norm,2899,nkOkWXH07TA,6,emotional sound that could be a great fit for your video.,audio,audio-supported,audio-supported,,,,
no_implicit_norm,2937,uhHy_GgPoRE,1,I recommend 'Cumbia de los 80' by Los 80.,metadata,metadata-supported,metadata-supported,,uncheckable,,
no_implicit_norm,2937,uhHy_GgPoRE,2,"It's a track that combines elements of cumbia, jazz",audio,audio-supported,audio-supported,,,,
no_implicit_norm,2937,uhHy_GgPoRE,3,The song has a catchy beat,audio,audio-supported,audio-supported,,,,
no_implicit_norm,2937,uhHy_GgPoRE,4,"features female vocals, which adds a unique touch to the music.",audio,audio-supported,audio-supported,,,,
no_implicit_norm,2937,uhHy_GgPoRE,5,It was released in 2012,metadata,metadata-supported,metadata-supported,,uncheckable,,
no_implicit_norm,2937,uhHy_GgPoRE,6,is part of the album 'Cumbia de los 80'.,metadata,metadata-supported,metadata-supported,,uncheckable,,
no_implicit_norm,2944,bZekJ_L_l1M,1,How about 'You Found Me' by The Fray?,metadata,metadata-supported,metadata-supported,,uncheckable,,
no_implicit_norm,2944,bZekJ_L_l1M,2,It's a track from their album 'You Found Me',metadata,metadata-supported,metadata-supported,,uncheckable,,
no_implicit_norm,2944,bZekJ_L_l1M,3,"it falls under the genres of indie rock, alternative rock",audio,audio-supported,audio-supported,,,,
no_implicit_norm,2944,bZekJ_L_l1M,4,The song has a rock sound with guitar,audio,audio-supported,audio-supported,,,,
no_implicit_norm,2944,bZekJ_L_l1M,5,"male vocals, which aligns well with the indie",audio,audio-supported,audio-supported,,,,
no_implicit_norm,2944,bZekJ_L_l1M,6,alternative rock style you're looking for.,prompt,prompt-supported,prompt-supported,,,,
no_implicit_norm,2953,fuevJHxrdos,1,Allow me to recommend 'Ao Vivo' by Juan Marcus e Vinícius.,metadata,metadata-supported,metadata-supported,,uncheckable,,
no_implicit_norm,2953,fuevJHxrdos,2,It's a track from their album 'Ao Vivo'.,metadata,metadata-supported,metadata-supported,,uncheckable,,
no_implicit_norm,2953,fuevJHxrdos,3,"The song combines elements of indie, rock",audio,audio-supported,audio-supported,,,,
no_implicit_norm,2953,fuevJHxrdos,4,folk with male vocals,audio,audio-supported,audio-supported,,,,
no_implicit_norm,2953,fuevJHxrdos,5,It was recorded live,metadata,metadata-supported,metadata-supported,,uncheckable,,
no_implicit_norm,2953,fuevJHxrdos,6,authentic sound that could be a fitting choice for your video.,audio,audio-supported,audio-supported,,,,
no_implicit_norm,2966,p8n1hXOQohA,1,Allow me to recommend 'Money' by Leo Aberer.,metadata,metadata-supported,metadata-supported,,uncheckable,,
no_implicit_norm,2966,p8n1hXOQohA,2,It's a track from his album 'Money'.,metadata,metadata-supported,metadata-supported,,uncheckable,,
no_implicit_norm,2966,p8n1hXOQohA,3,"The song combines elements of rock, pop",audio,audio-supported,audio-supported,,,,
no_implicit_norm,2966,p8n1hXOQohA,4,indie with a catchy,unknown,unsupported,audio-supported,,,,
no_implicit_norm,2966,p8n1hXOQohA,5,"It features Leo Aberer's vocals, which can add a unique touch to your video.",metadata,metadata-supported,metadata-supported,vocal;vocals,not_found,,
no_implicit_norm,2971,ot5VYYnVWAM,1,Allow me to recommend 'Lââm - Điện Thoại'.,general,general-supported,general-supported,,,,
no_implicit_norm,2971,ot5VYYnVWAM,2,"It's a track by Lââm that combines elements of pop, dance",metadata,metadata-supported,metadata-supported,dance;pop,not_found,,
no_implicit_norm,2971,ot5VYYnVWAM,3,R&B with soulful vocals.,audio,audio-supported,audio-supported,,,,
no_implicit_norm,2971,ot5VYYnVWAM,4,It features female vocalists,audio,audio-supported,audio-supported,,,,
no_implicit_norm,2971,ot5VYYnVWAM,5,could be a fitting choice for your video.,general,general-supported,general-supported,,,,
no_implicit_norm,2984,5-b-rpVPJvs,1,Allow me to recommend 'Money' by Moe-Kash & Trygah Tryg.,metadata,metadata-supported,metadata-supported,,uncheckable,,
no_implicit_norm,2984,5-b-rpVPJvs,2,It's a track from their album 'Money'.,metadata,metadata-supported,metadata-supported,,uncheckable,,
no_implicit_norm,2984,5-b-rpVPJvs,3,"It combines elements of hip-hop, pop",audio,audio-supported,audio-supported,,,,
no_implicit_norm,2984,5-b-rpVPJvs,4,dance with electronic beats that could be a fitting choice for your video.,audio,audio-supported,audio-supported,,,,
no_implicit_norm,2984,5-b-rpVPJvs,5,It was released in 2014,metadata,metadata-supported,metadata-supported,,uncheckable,,
no_implicit_norm,3031,BkUMkc-lwoI,1,Allow me to recommend 'W SZCZĘŚCIU' by JORRGUS.,metadata,metadata-supported,metadata-supported,,uncheckable,,
no_implicit_norm,3031,BkUMkc-lwoI,2,It's a track from their album 'W SZCZĘŚCIU'.,metadata,metadata-supported,metadata-supported,,uncheckable,,
no_implicit_norm,3031,BkUMkc-lwoI,3,"The song combines elements of pop, indie",audio,audio-supported,audio-supported,,,,
no_implicit_norm,3031,BkUMkc-lwoI,4,electronic music with female vocals.,audio,audio-supported,audio-supported,,,,
no_implicit_norm,3031,BkUMkc-lwoI,5,It has a catchy,unknown,unsupported,audio-supported,,,,
no_implicit_norm,3031,BkUMkc-lwoI,6,upbeat sound that could be a fitting choice for your video.,audio,audio-supported,audio-supported,,,,
no_implicit_norm,3079,pmS02POSG3Y,1,Allow me to recommend 'Ich tanz wie ne´ Kuh!' by Die Aussenseiter.,metadata,metadata-supported,metadata-supported,,uncheckable,,
no_implicit_norm,3079,pmS02POSG3Y,2,It's a track from their album 'Ich tanz wie ne´ Kuh!'.,metadata,metadata-supported,metadata-supported,,uncheckable,,
no_implicit_norm,3079,pmS02POSG3Y,3,"The song combines elements of electronic, dance",audio,audio-supported,audio-supported,,,,
no_implicit_norm,3079,pmS02POSG3Y,4,"pop genres, which aligns well with the energetic",audio,audio-supported,audio-supported,,,,
no_implicit_norm,3079,pmS02POSG3Y,5,lively vibe you're looking for.,prompt,prompt-supported,prompt-supported,,,,
no_implicit_norm,3079,pmS02POSG3Y,6,It was released in 2013,metadata,metadata-supported,metadata-supported,,uncheckable,,
no_implicit_norm,3079,pmS02POSG3Y,7,upbeat sound that could be a great fit for your video.,audio,audio-supported,audio-supported,,,,
no_implicit_norm,3119,KvJzcros4a0,1,I suggest checking out 'Sunrise' by Matisse & Sadko.,metadata,metadata-supported,metadata-supported,,uncheckable,,
no_implicit_norm,3119,KvJzcros4a0,2,It's a track from their album 'Sunrise'.,metadata,metadata-supported,metadata-supported,,uncheckable,,
no_implicit_norm,3119,KvJzcros4a0,3,"This song combines elements of electronic, house",audio,audio-supported,audio-supported,,,,
no_implicit_norm,3119,KvJzcros4a0,4,"dance genres, which aligns well with the energetic",audio,audio-supported,audio-supported,,,,
no_implicit_norm,3119,KvJzcros4a0,5,upbeat vibe you're looking for.,prompt,prompt-supported,prompt-supported,,,,
no_implicit_norm,3119,KvJzcros4a0,6,It was released in 2013,metadata,metadata-supported,metadata-supported,,uncheckable,,
no_implicit_norm,3119,KvJzcros4a0,7,has a fast-paced techno sound that could be a fitting choice for your video.,video,video-supported,video-supported,,,,
no_implicit_norm,3144,hEJ241UiIRg,1,If you're looking for a track with an electronic,prompt,prompt-supported,prompt-supported,,,,
no_implicit_norm,3144,hEJ241UiIRg,2,"pop sound, I suggest 'Baby' by T.I.",metadata,metadata-supported,metadata-supported,pop,supported,,
no_implicit_norm,3144,hEJ241UiIRg,3,This track is from the album 'Baby',metadata,metadata-supported,metadata-supported,,uncheckable,,
no_implicit_norm,3144,hEJ241UiIRg,4,"offers a blend of electronic, pop",audio,audio-supported,audio-supported,,,,
no_implicit_norm,3144,hEJ241UiIRg,5,It has a catchy beat,audio,audio-supported,audio-supported,,,,
no_implicit_norm,3144,hEJ241UiIRg,6,is perfect for adding a lively,unknown,unsupported,audio-supported,,,,
no_implicit_norm,3144,hEJ241UiIRg,7,energetic vibe to your video.,audio,audio-supported,audio-supported,,,,
no_implicit_norm,3150,twJLaqIcFPs,1,Allow me to recommend 'Nubila' by Nubila.,metadata,metadata-supported,metadata-supported,,uncheckable,,
no_implicit_norm,3150,twJLaqIcFPs,2,It's a track from their album 'Nubila'.,metadata,metadata-supported,metadata-supported,,uncheckable,,
no_implicit_norm,3150,twJLaqIcFPs,3,"The song combines elements of rock, indie",audio,audio-supported,audio-supported,,,,
no_implicit_norm,3150,twJLaqIcFPs,4,"alternative genres, with female vocals",audio,audio-supported,audio-supported,,,,
no_implicit_norm,3150,twJLaqIcFPs,5,It was released in 2014,metadata,metadata-supported,metadata-supported,,uncheckable,,
no_implicit_norm,3150,twJLaqIcFPs,6,has a unique sound that could be a fitting choice for your video.,audio,audio-supported,audio-supported,,,,
no_implicit_norm,3161,clnnaVePGEU,1,"In that case, I would recommend 'Chandelier' by Sia.",metadata,metadata-supported,metadata-supported,,uncheckable,,
no_implicit_norm,3161,clnnaVePGEU,2,This track has a strong electronic,unknown,unsupported,audio-supported,,,,
no_implicit_norm,3161,clnnaVePGEU,3,"synth presence, which will add a unique",audio,audio-supported,audio-supported,,,,
no_implicit_norm,3161,clnnaVePGEU,4,modern touch to your video.,unknown,unsupported,audio-supported,,,,
no_implicit_norm,3161,clnnaVePGEU,5,It's part of the album 'Chandelier',metadata,metadata-supported,metadata-supported,,uncheckable,,
no_implicit_norm,3161,clnnaVePGEU,6,features Sia's captivating vocals.,metadata,metadata-supported,metadata-supported,vocal;vocals,supported,,
no_implicit_norm,3216,T5GC_7v_CIg,1,Allow me to recommend 'I'm On It' by Rodeo featuring Devion Blacc.,metadata,metadata-supported,metadata-supported,,uncheckable,,
no_implicit_norm,3216,T5GC_7v_CIg,2,It's a track from Rodeo's album 'I'm On It'.,metadata,metadata-supported,metadata-supported,,uncheckable,,
no_implicit_norm,3216,T5GC_7v_CIg,3,"It combines elements of R&B, soul",audio,audio-supported,audio-supported,,,,
no_implicit_norm,3216,T5GC_7v_CIg,4,pop with electronic beats,audio,audio-supported,audio-supported,,,,
no_implicit_norm,3216,T5GC_7v_CIg,5,The song was released in 2014,metadata,metadata-supported,metadata-supported,,uncheckable,,
no_implicit_norm,3216,T5GC_7v_CIg,6,energetic vibe that could be a fitting choice for your video.,audio,audio-supported,audio-supported,,,,
no_implicit_norm,3277,P4FXiFFJHFM,1,Allow me to recommend 'What a Day' by Fr.,metadata,metadata-supported,metadata-supported,,uncheckable,,
no_implicit_norm,3277,P4FXiFFJHFM,2,It's a track from their album 'What a Day'.,metadata,metadata-supported,metadata-supported,,uncheckable,,
no_implicit_norm,3277,P4FXiFFJHFM,3,"It combines elements of rock, indie",metadata,metadata-supported,metadata-supported,indie;rock,not_found,,
no_implicit_norm,3277,P4FXiFFJHFM,4,alternative with strong vocal,audio,audio-supported,audio-supported,,,,
no_implicit_norm,3277,P4FXiFFJHFM,5,"The song has a pop influence as well, which could add a catchy",audio,audio-supported,audio-supported,,,,
no_implicit_norm,3277,P4FXiFFJHFM,6,melodic element to your video.,audio,audio-supported,audio-supported,,,,
no_implicit_norm,3294,lMkhbZJsoso,1,I suggest checking out 'Over The Edge' by MC Jin featuring Dawen.,metadata,metadata-supported,metadata-supported,,uncheckable,,
no_implicit_norm,3294,lMkhbZJsoso,2,It's a track from Rasmentalism's album 'Over The Edge'.,metadata,metadata-supported,metadata-supported,,uncheckable,,
no_implicit_norm,3294,lMkhbZJsoso,3,"This song combines hip-hop, pop, R&B",unknown,unsupported,audio-supported,,,,
no_implicit_norm,3294,lMkhbZJsoso,4,soul elements with electronic beats,audio,audio-supported,audio-supported,,,,
no_implicit_norm,3294,lMkhbZJsoso,5,"It could be a fitting choice for your video, incorporating the specific styles you're looking for.",prompt,prompt-supported,prompt-supported,,,,
no_implicit_norm,3317,yN6J9nQSaJw,1,How about 'So Far Away' by Klepac?,metadata,metadata-supported,metadata-supported,,uncheckable,,
no_implicit_norm,3317,yN6J9nQSaJw,2,"It's a track that combines elements of hip-hop, R&B",audio,audio-supported,audio-supported,,,,
no_implicit_norm,3317,yN6J9nQSaJw,3,"Although I don't have much information about the specific album or artists, the song itself has a soulful",metadata,metadata-supported,metadata-supported,,uncheckable,,
no_implicit_norm,3317,yN6J9nQSaJw,4,electronic sound that could be a fitting choice for your project.,audio,audio-supported,audio-supported,,,,
no_implicit_norm,3331,-F_a2fpE35w,1,Allow me to recommend 'Hero' by Skillet.,metadata,metadata-supported,metadata-supported,,uncheckable,,
no_implicit_norm,3331,-F_a2fpE35w,2,It's a track from their album 'Hero'.,metadata,metadata-supported,metadata-supported,,uncheckable,,
no_implicit_norm,3331,-F_a2fpE35w,3,"It combines elements of rock, electronic",audio,audio-supported,audio-supported,,,,
no_implicit_norm,3331,-F_a2fpE35w,4,"alternative genres, which aligns well with Skillet's style.",audio,audio-supported,audio-supported,,,,
no_implicit_norm,3331,-F_a2fpE35w,5,The song has a fast-paced,audio,audio-supported,audio-supported,,,,
no_implicit_norm,3331,-F_a2fpE35w,6,energetic sound that could be a fitting choice for your video.,audio,audio-supported,audio-supported,,,,
no_implicit_norm,3350,tmGn6cBy-l4,1,Allow me to recommend 'The Way I Feel' by Coinslot.,metadata,metadata-supported,metadata-supported,,uncheckable,,
no_implicit_norm,3350,tmGn6cBy-l4,2,It's a track from their album 'The Way I Feel'.,metadata,metadata-supported,metadata-supported,,uncheckable,,
no_implicit_norm,3350,tmGn6cBy-l4,3,"It combines elements of rock, indie",audio,audio-supported,audio-supported,,,,
no_implicit_norm,3350,tmGn6cBy-l4,4,alternative with electronic beats that could be a fitting choice for your video.,audio,audio-supported,audio-supported,,,,
no_implicit_norm,3350,tmGn6cBy-l4,5,The song was released in 2007,metadata,metadata-supported,metadata-supported,,uncheckable,,
no_implicit_norm,3350,tmGn6cBy-l4,6,has a unique blend of genres that may align well with your preferences.,preference,preference-supported,preference-supported,,uncheckable,"the user demonstrates a strong preference for rock music characterized by a driving, energetic feel and powerful instrumentation. they appreciate a prominent guitar sound and a solid, rhythmic beat, often seeking music with a sense of 'oomph' and raw energy. the user strongly prefers rock music with a driving, energetic feel. the user values a prominent guitar sound in their preferred music. the user appreciates music with a solid, rhythmic beat. the user is receptive to rock music with a modern edge, provided it retains a classic rock foundation. the user seeks music with a sense of 'oomph' and raw energy.","while open to exploring different rock subgenres, the user gravitates towards tracks with grit and avoids overly bright or upbeat sounds. they seem to value a classic rock feel, but are also receptive to music with a modern edge, as long as it maintains a core rock sensibility and avoids excessive electronic elements. the user prefers music with grit and avoids overly bright or upbeat sounds. the user dislikes music with excessive electronic elements."
no_implicit_norm,3374,bpgUPqKsIUQ,1,"In that case, I would recommend 'Soulful' by J.R.",metadata,metadata-supported,metadata-supported,,uncheckable,,
no_implicit_norm,3374,bpgUPqKsIUQ,2,This track has a soulful,unknown,unsupported,audio-supported,,,,
no_implicit_norm,3374,bpgUPqKsIUQ,3,"pop sound, with elements of Hip-Hop, rock",audio,audio-supported,audio-supported,,,,
no_implicit_norm,3374,bpgUPqKsIUQ,4,It's part of the album 'Soulful',metadata,metadata-supported,metadata-supported,,uncheckable,,
no_implicit_norm,3374,bpgUPqKsIUQ,5,would be a great fit for your video.,general,general-supported,general-supported,,,,
no_implicit_norm,3375,5CPOsLa2Rws,1,Allow me to recommend 'Életem' by Tibbah featuring Deego.,metadata,metadata-supported,metadata-supported,,uncheckable,,
no_implicit_norm,3375,5CPOsLa2Rws,2,It's a track from their album 'Életem'.,metadata,metadata-supported,metadata-supported,,uncheckable,,
no_implicit_norm,3375,5CPOsLa2Rws,3,"The song combines elements of hip-hop, jazz",audio,audio-supported,audio-supported,,,,
no_implicit_norm,3375,5CPOsLa2Rws,4,rock with electronic beats.,audio,audio-supported,audio-supported,,,,
no_implicit_norm,3375,5CPOsLa2Rws,5,It features male vocals,audio,audio-supported,audio-supported,,,,
no_implicit_norm,3375,5CPOsLa2Rws,6,a guitar sound that could be a fitting choice for your video.,audio,audio-supported,audio-supported,,,,
no_implicit_norm,3420,LDfsQTfNeNk,1,I suggest you consider 'La Bala' by Ana Tijoux.,metadata,metadata-supported,metadata-supported,,uncheckable,,
no_implicit_norm,3420,LDfsQTfNeNk,2,It's a track from her album 'La Bala',metadata,metadata-supported,metadata-supported,,uncheckable,,
no_implicit_norm,3420,LDfsQTfNeNk,3,"combines elements of pop, electronic",audio,audio-supported,audio-supported,,,,
no_implicit_norm,3420,LDfsQTfNeNk,4,The song features Ana Tijoux's powerful female vocals,audio,audio-supported,audio-supported,,,,
no_implicit_norm,3420,LDfsQTfNeNk,5,energetic vibe that could be a fitting choice for your video.,audio,audio-supported,audio-supported,,,,
no_implicit_norm,3435,SecgP8tYXb4,1,Allow me to recommend 'Fababy' by Fababy.,metadata,metadata-supported,metadata-supported,,uncheckable,,
no_implicit_norm,3435,SecgP8tYXb4,2,It's a track from his album 'Fababy'.,metadata,metadata-supported,metadata-supported,,uncheckable,,
no_implicit_norm,3435,SecgP8tYXb4,3,"It combines elements of hip-hop, rock",audio,audio-supported,audio-supported,,,,
no_implicit_norm,3435,SecgP8tYXb4,4,pop with electronic beats,audio,audio-supported,audio-supported,,,,
no_implicit_norm,3435,SecgP8tYXb4,5,The song has a techno influence that could be a fitting choice for your video.,audio,audio-supported,audio-supported,,,,
no_implicit_norm,3456,ualwCoJsBgQ,1,Allow me to recommend 'Dre Zee' by Dre Zee.,metadata,metadata-supported,metadata-supported,,uncheckable,,
no_implicit_norm,3456,ualwCoJsBgQ,2,It's a track from his album 'Dre Zee'.,metadata,metadata-supported,metadata-supported,,uncheckable,,
no_implicit_norm,3456,ualwCoJsBgQ,3,"It combines elements of hip-hop, rock",audio,audio-supported,audio-supported,,,,
no_implicit_norm,3456,ualwCoJsBgQ,4,soul with indie influences.,audio,audio-supported,audio-supported,,,,
no_implicit_norm,3456,ualwCoJsBgQ,5,The song features guitar,audio,audio-supported,audio-supported,,,,
no_implicit_norm,3456,ualwCoJsBgQ,6,"male vocals, which could be a fitting choice for your video.",audio,audio-supported,audio-supported,,,,
no_implicit_norm,3477,U9fIBdlcTMc,1,How about 'Disaster' by JoJo?,metadata,metadata-supported,metadata-supported,,uncheckable,,
no_implicit_norm,3477,U9fIBdlcTMc,2,It's a pop track with female vocals.,audio,audio-supported,audio-supported,,,,
no_implicit_norm,3477,U9fIBdlcTMc,3,The song has a rock,unknown,unsupported,audio-supported,,,,
no_implicit_norm,3477,U9fIBdlcTMc,4,indie influence as well.,audio,audio-supported,audio-supported,,,,
no_implicit_norm,3477,U9fIBdlcTMc,5,"It could be a fitting choice for your video, combining elements of pop, rock",general,general-supported,general-supported,,,,
no_implicit_norm,3513,u6uIr6mGzWM,1,Allow me to recommend 'Fermati Un Minuto' by Miani & Christian Di Pasquale Feat dj Matrix.,metadata,metadata-supported,metadata-supported,,uncheckable,,
no_implicit_norm,3513,u6uIr6mGzWM,2,It's a track from their album 'Fermati Un Minuto'.,metadata,metadata-supported,metadata-supported,,uncheckable,,
no_implicit_norm,3513,u6uIr6mGzWM,3,"It combines elements of electronic, indie",audio,audio-supported,audio-supported,,,,
no_implicit_norm,3513,u6uIr6mGzWM,4,rock with a dance,unknown,unsupported,audio-supported,,,,
no_implicit_norm,3513,u6uIr6mGzWM,5,The song was released in 2012,metadata,metadata-supported,metadata-supported,,uncheckable,,
no_implicit_norm,3513,u6uIr6mGzWM,6,may contain the specific elements you're looking for.,prompt,prompt-supported,prompt-supported,,,,
no_implicit_norm,3525,A6Wslro1JkQ,1,Allow me to recommend 'Drip Drop' by Safura.,metadata,metadata-supported,metadata-supported,,uncheckable,,
no_implicit_norm,3525,A6Wslro1JkQ,2,soul track with female vocals.,audio,audio-supported,audio-supported,,,,
no_implicit_norm,3525,A6Wslro1JkQ,3,"Although I don't have much information about this specific track, Safura's music is known for incorporating pop, rock",metadata,metadata-supported,metadata-supported,pop;rock,supported,,
no_implicit_norm,3525,A6Wslro1JkQ,4,"soul elements, which aligns well with your preferences.",preference,preference-supported,preference-supported,soul,not_found,"the user demonstrates a clear preference for music with emotional depth and a strong sense of atmosphere. they gravitate towards tracks featuring powerful vocals and prominent guitar work, appreciating both subtle and driving guitar parts. while open to exploring new sounds, the user leans towards more restrained and polished productions, finding overly energetic or heavily electronic music overwhelming. they value musicality and artistry, showing a fondness for artists who evoke strong feelings and create a captivating listening experience. the user seems to appreciate a blend of indie, folk, and rock influences, favoring music that is both engaging and emotionally resonant. the user prefers music with emotional depth and powerful vocals. the user appreciates prominent and melodic guitar work, ranging from subtle to driving riffs. the user favors music with a polished and restrained production style. the user enjoys atmospheric and captivating musical experiences. the user appreciates a blend of indie, folk, and rock influences. the user values musical artistry and engaging compositions.",the user dislikes heavily electronic or overly energetic music.
no_implicit_norm,3525,A6Wslro1JkQ,5,It may also have guitar,audio,audio-supported,audio-supported,,,,
no_implicit_norm,3525,A6Wslro1JkQ,6,"female vocalists, which are the specific elements you're looking for.",prompt,prompt-supported,prompt-supported,,,,
no_implicit_norm,3527,vhowLbfEEWE,1,I suggest checking out 'Baby' by Keenan Cahill.,metadata,metadata-supported,metadata-supported,,uncheckable,,
no_implicit_norm,3527,vhowLbfEEWE,2,"It's a track that combines elements of electronic, pop",audio,audio-supported,audio-supported,,,,
no_implicit_norm,3527,vhowLbfEEWE,3,The song has a fast-paced beat,audio,audio-supported,audio-supported,,,,
no_implicit_norm,3527,vhowLbfEEWE,4,features Keenan Cahill's distinctive style.,unknown,unsupported,audio-supported,,,,
no_implicit_norm,3527,vhowLbfEEWE,5,It could be a fitting choice for your video.,general,general-supported,general-supported,,,,
no_implicit_norm,3554,dmY6wc0dpPw,1,Allow me to recommend 'The Suffering' by Coheed,metadata,metadata-supported,metadata-supported,,uncheckable,,
no_implicit_norm,3554,dmY6wc0dpPw,2,It's a track from their album 'The Suffering'.,metadata,metadata-supported,metadata-supported,,uncheckable,,
no_implicit_norm,3554,dmY6wc0dpPw,3,"This song combines elements of rock, hard rock",audio,audio-supported,audio-supported,,,,
no_implicit_norm,3554,dmY6wc0dpPw,4,"heavy metal, which aligns well with the intense",unknown,unsupported,prompt-supported,,,,
no_implicit_norm,3554,dmY6wc0dpPw,5,powerful rock vibe you're looking for.,prompt,prompt-supported,prompt-supported,,,,
no_implicit_norm,3554,dmY6wc0dpPw,6,It was released in 2003,metadata,metadata-supported,metadata-supported,,uncheckable,,
no_implicit_norm,3575,oXZA8XMJZs4,1,Allow me to recommend 'Calm Down' by Tragedy Khadafi.,metadata,metadata-supported,metadata-supported,calm,supported,,
no_implicit_norm,3575,oXZA8XMJZs4,2,It's a track from his album 'The Streets Won't Let Me Sleep'.,metadata,metadata-supported,metadata-supported,,uncheckable,,
no_implicit_norm,3575,oXZA8XMJZs4,3,"This song combines elements of hip-hop, R&B",audio,audio-supported,audio-supported,,,,
no_implicit_norm,3575,oXZA8XMJZs4,4,electronic music with female vocals.,audio,audio-supported,audio-supported,,,,
no_implicit_norm,3575,oXZA8XMJZs4,5,It was released in 2010,metadata,metadata-supported,metadata-supported,,uncheckable,,
no_implicit_norm,3575,oXZA8XMJZs4,6,has a 00s vibe that you might find appealing.,unknown,unsupported,metadata-supported,,,,
no_implicit_norm,3597,-_MrEEi-7HM,1,Allow me to recommend 'Doo Wop (That Thing) (Edit)' by Lauryn Hill.,metadata,metadata-supported,metadata-supported,,uncheckable,,
no_implicit_norm,3597,-_MrEEi-7HM,2,It's a track from her album 'Doo Wop (That Thing)'.,metadata,metadata-supported,metadata-supported,,uncheckable,,
no_implicit_norm,3597,-_MrEEi-7HM,3,"This song combines elements of hip-hop, electronic",audio,audio-supported,audio-supported,,,,
no_implicit_norm,3597,-_MrEEi-7HM,4,"rock genres, with experimental",audio,audio-supported,audio-supported,,,,
no_implicit_norm,3597,-_MrEEi-7HM,5,It has a fast-paced beat,audio,audio-supported,audio-supported,,,,
no_implicit_norm,3597,-_MrEEi-7HM,6,a catchy melody that could be a fitting choice for your video.,audio,audio-supported,audio-supported,,,,
no_implicit_norm,3608,i3fK8HuF3JY,1,Allow me to recommend 'Big Banana (Edited) by Havana Brown'.,metadata,metadata-supported,metadata-supported,,uncheckable,,
no_implicit_norm,3608,i3fK8HuF3JY,2,"It's a track that combines elements of electronic, House",audio,audio-supported,audio-supported,,,,
no_implicit_norm,3608,i3fK8HuF3JY,3,"Although I don't have specific information about the album or artists, the song itself has a fast-paced techno beat",metadata,metadata-supported,metadata-supported,beat;fast-paced,not_found,,
no_implicit_norm,3608,i3fK8HuF3JY,4,a catchy electronic sound that could be a fitting choice for your video.,audio,audio-supported,audio-supported,,,,
no_implicit_norm,3609,pNhFBT3yFTk,1,I recommend 'Sunshine Of Your Love' by Cream.,metadata,metadata-supported,metadata-supported,,uncheckable,,
no_implicit_norm,3609,pNhFBT3yFTk,2,It's a classic rock track with electronic,unknown,unsupported,audio-supported,,,,
no_implicit_norm,3609,pNhFBT3yFTk,3,The song has a fast-paced techno sound,audio,audio-supported,audio-supported,,,,
no_implicit_norm,3609,pNhFBT3yFTk,4,"It could be a fitting choice for your video, combining the rock",general,general-supported,general-supported,,,,
no_implicit_norm,3636,O30F9cxtlVM,1,Allow me to recommend 'Mi Vida' by El Chombo.,metadata,metadata-supported,metadata-supported,,uncheckable,,
no_implicit_norm,3636,O30F9cxtlVM,2,It's a track from his album 'Mi Vida'.,metadata,metadata-supported,metadata-supported,,uncheckable,,
no_implicit_norm,3636,O30F9cxtlVM,3,"The song combines elements of hip-hop, pop",audio,audio-supported,audio-supported,,,,
no_implicit_norm,3636,O30F9cxtlVM,4,"R&B, which could be a fitting choice for your video.",general,general-supported,general-supported,,,,
no_implicit_norm,3636,O30F9cxtlVM,5,It has a catchy beat,audio,audio-supported,audio-supported,,,,
no_implicit_norm,3636,O30F9cxtlVM,6,"features female vocals, adding a unique touch to the music.",audio,audio-supported,audio-supported,,,,
no_implicit_norm,3653,Al7bbZI74xw,1,"In that case, I would recommend 'Mi Vida' by El Chivo.",metadata,metadata-supported,metadata-supported,,uncheckable,,
no_implicit_norm,3653,Al7bbZI74xw,2,This track has a 90s vibe,unknown,unsupported,audio-supported,,,,
no_implicit_norm,3653,Al7bbZI74xw,3,features a male vocal.,audio,audio-supported,audio-supported,,,,
no_implicit_norm,3653,Al7bbZI74xw,4,It's part of the album 'Mi Vida',metadata,metadata-supported,metadata-supported,,uncheckable,,
no_implicit_norm,3653,Al7bbZI74xw,5,"offers a unique blend of Hip-Hop, rock, electronic",audio,audio-supported,audio-supported,,,,
no_implicit_norm,3653,Al7bbZI74xw,6,It's a great choice to add a nostalgic touch to your video.,general,general-supported,general-supported,,,,
no_implicit_norm,3684,LfyxIib8agk,1,Allow me to recommend 'Mi Vida' by El Chino.,metadata,metadata-supported,metadata-supported,,uncheckable,,
no_implicit_norm,3684,LfyxIib8agk,2,It's a track from his album 'Mi Vida'.,metadata,metadata-supported,metadata-supported,,uncheckable,,
no_implicit_norm,3684,LfyxIib8agk,3,"It combines elements of electronic, dance",audio,audio-supported,audio-supported,,,,
no_implicit_norm,3684,LfyxIib8agk,4,pop with a techno sound.,audio,audio-supported,audio-supported,,,,
no_implicit_norm,3684,LfyxIib8agk,5,The song has a fast beat,audio,audio-supported,audio-supported,,,,
no_implicit_norm,3684,LfyxIib8agk,6,"was released in 2012, which may contain the specific elements you want.",prompt,prompt-supported,prompt-supported,,,,
no_implicit_norm,3708,cKQWxtjWBs8,1,How about 'Real Life' by the #BLESSEDGANG?,metadata,metadata-supported,metadata-supported,,uncheckable,,
no_implicit_norm,3708,cKQWxtjWBs8,2,electronic track with elements of rock,unknown,unsupported,unsupported,,,,
no_implicit_norm,3708,cKQWxtjWBs8,3,The song has a fast-paced beat,audio,audio-supported,audio-supported,,,,
no_implicit_norm,3708,cKQWxtjWBs8,4,"male vocals, which can add a dynamic",audio,audio-supported,audio-supported,,,,
no_implicit_norm,3708,cKQWxtjWBs8,5,energetic vibe to your video.,audio,audio-supported,audio-supported,,,,
no_implicit_norm,3708,cKQWxtjWBs8,6,It was released in 2014,metadata,metadata-supported,metadata-supported,,uncheckable,,
no_implicit_norm,3708,cKQWxtjWBs8,7,is part of the #BLESSEDGANG's album 'Real Life'.,metadata,metadata-supported,metadata-supported,,uncheckable,,
no_implicit_norm,3739,HRQBiBdEdOE,1,I recommend 'Wie einst' by Tim Bendzko.,metadata,metadata-supported,metadata-supported,,uncheckable,,
no_implicit_norm,3739,HRQBiBdEdOE,2,It's a track from his album 'Wie einst'.,metadata,metadata-supported,metadata-supported,,uncheckable,,
no_implicit_norm,3739,HRQBiBdEdOE,3,"The song combines elements of indie, rock",audio,audio-supported,audio-supported,,,,
no_implicit_norm,3739,HRQBiBdEdOE,4,folk with a touch of metal.,unknown,unsupported,audio-supported,,,,
no_implicit_norm,3739,HRQBiBdEdOE,5,It has a unique blend of genres that could be a fitting choice for your video.,general,general-supported,general-supported,,,,
no_implicit_norm,3746,TMeh94SImcg,1,How about 'Ballin' by Yungin?,metadata,metadata-supported,metadata-supported,,uncheckable,,
no_implicit_norm,3746,TMeh94SImcg,2,It's a track from his album 'Ballin',metadata,metadata-supported,metadata-supported,,uncheckable,,
no_implicit_norm,3746,TMeh94SImcg,3,"combines elements of Hip-Hop, electronic",audio,audio-supported,audio-supported,,,,
no_implicit_norm,3746,TMeh94SImcg,4,The song features loud male vocals,audio,audio-supported,audio-supported,,,,
no_implicit_norm,3746,TMeh94SImcg,5,has a fast-paced techno sound.,audio,audio-supported,audio-supported,,,,
no_implicit_norm,3746,TMeh94SImcg,6,It could be a fitting choice for your video.,general,general-supported,general-supported,,,,
no_implicit_norm,3801,2oNN37dbQM8,1,Allow me to recommend '忘不了' by Stefanie Sun.,metadata,metadata-supported,metadata-supported,,uncheckable,,
no_implicit_norm,3801,2oNN37dbQM8,2,It's a track from her album '忘不了'.,metadata,metadata-supported,metadata-supported,,uncheckable,,
no_implicit_norm,3801,2oNN37dbQM8,3,"It combines elements of pop, rock",audio,audio-supported,audio-supported,,,,
no_implicit_norm,3801,2oNN37dbQM8,4,indie with a female vocalist.,audio,audio-supported,audio-supported,,,,
no_implicit_norm,3801,2oNN37dbQM8,5,The song features guitar,audio,audio-supported,audio-supported,,,,
no_implicit_norm,3801,2oNN37dbQM8,6,emotional vibe that could be a fitting choice for your video.,general,general-supported,general-supported,,,,
no_implicit_norm,3838,Ig3NpFxgo94,1,"In that case, 'Remind Me Who I Am' by Jason Gray would be a perfect fit.",metadata,metadata-supported,metadata-supported,,uncheckable,,
no_implicit_norm,3838,Ig3NpFxgo94,2,It's a pop-rock track with emotional lyrics that could add a touch of drama to your video.,unknown,unsupported,unsupported,,,,
no_implicit_norm,3838,Ig3NpFxgo94,3,The song is from the album 'Remind Me Who I Am',metadata,metadata-supported,metadata-supported,,uncheckable,,
no_implicit_norm,3838,Ig3NpFxgo94,4,is known for its powerful vocals,audio,audio-supported,audio-supported,,,,
no_implicit_norm,3848,OZO0HlVqb4I,1,I recommend 'Mama' by Esther Mugabu.,metadata,metadata-supported,metadata-supported,,uncheckable,,
no_implicit_norm,3848,OZO0HlVqb4I,2,It's a track from her album 'Mama'.,metadata,metadata-supported,metadata-supported,,uncheckable,,
no_implicit_norm,3848,OZO0HlVqb4I,3,"The song combines elements of pop, electronic",audio,audio-supported,audio-supported,,,,
no_implicit_norm,3848,OZO0HlVqb4I,4,"soul, which aligns well with Esther Mugabu's distinctive style.",audio,audio-supported,audio-supported,,,,
no_implicit_norm,3848,OZO0HlVqb4I,5,It was released in 2013,metadata,metadata-supported,metadata-supported,,uncheckable,,
no_implicit_norm,3848,OZO0HlVqb4I,6,uplifting vibe that could add a touch of Esther Mugabu's influence to your video.,unknown,unsupported,metadata-supported,,,,
no_implicit_norm,3854,o0v1PJLLCOU,1,Allow me to recommend 'I'm Good' by Ice Mic.,metadata,metadata-supported,metadata-supported,,uncheckable,,
no_implicit_norm,3854,o0v1PJLLCOU,2,It's a track from Paluch's album 'I'm Good'.,metadata,metadata-supported,metadata-supported,,uncheckable,,
no_implicit_norm,3854,o0v1PJLLCOU,3,"The song combines elements of Hip-Hop, electronic",audio,audio-supported,audio-supported,,,,
no_implicit_norm,3854,o0v1PJLLCOU,4,"chillout genres, with a dance vibe.",audio,audio-supported,audio-supported,,,,
no_implicit_norm,3854,o0v1PJLLCOU,5,It was released in 2010,metadata,metadata-supported,metadata-supported,,uncheckable,,
no_implicit_norm,3854,o0v1PJLLCOU,6,has a catchy beat,audio,audio-supported,audio-supported,,,,
no_implicit_norm,3868,JZ90v4OTouI,1,Allow me to recommend 'Say My Name' by Pookey.,metadata,metadata-supported,metadata-supported,,uncheckable,,
no_implicit_norm,3868,JZ90v4OTouI,2,It's a track from their album 'Say My Name'.,metadata,metadata-supported,metadata-supported,,uncheckable,,
no_implicit_norm,3868,JZ90v4OTouI,3,"It combines elements of hip-hop, electronic",audio,audio-supported,audio-supported,,,,
no_implicit_norm,3868,JZ90v4OTouI,4,rock with a techno,audio,audio-supported,audio-supported,,,,
no_implicit_norm,3868,JZ90v4OTouI,5,The song was released in 2014,metadata,metadata-supported,metadata-supported,,uncheckable,,
no_implicit_norm,3868,JZ90v4OTouI,6,energetic vibe that could be a fitting choice for your video.,audio,audio-supported,audio-supported,,,,
no_implicit_norm,3879,S1_4mMOJhsM,1,Allow me to recommend 'Lei E' by Paolo Meneguzzi.,metadata,metadata-supported,metadata-supported,,uncheckable,,
no_implicit_norm,3879,S1_4mMOJhsM,2,R&B track with Indian vocal elements.,audio,audio-supported,audio-supported,,,,
no_implicit_norm,3879,S1_4mMOJhsM,3,"Although I don't have much information about the specific album or artists, the song itself aligns well with the soulful",metadata,metadata-supported,metadata-supported,,uncheckable,,
no_implicit_norm,3879,S1_4mMOJhsM,4,R&B style you're looking for.,prompt,prompt-supported,prompt-supported,,,,
no_implicit_norm,3886,OCbQUH1DKFM,1,If you're looking for a track with soul,prompt,prompt-supported,prompt-supported,,,,
no_implicit_norm,3886,OCbQUH1DKFM,2,"R&B influences, I would recommend 'Love Is Blind' by J.",metadata,metadata-supported,metadata-supported,r&b,supported,,
no_implicit_norm,3886,OCbQUH1DKFM,3,This track is part of the album 'Love Is Blind',metadata,metadata-supported,metadata-supported,,uncheckable,,
no_implicit_norm,3886,OCbQUH1DKFM,4,"offers a smooth blend of soul, R&B",audio,audio-supported,audio-supported,,,,
no_implicit_norm,3886,OCbQUH1DKFM,5,It has a captivating male vocal,audio,audio-supported,audio-supported,,,,
no_implicit_norm,3886,OCbQUH1DKFM,6,a catchy melody that will add a touch of emotion to your video.,audio,audio-supported,audio-supported,,,,
no_implicit_norm,3890,tK0e5Q7VzwM,1,Allow me to recommend 'The Other Side' by GROSU.,metadata,metadata-supported,metadata-supported,,uncheckable,,
no_implicit_norm,3890,tK0e5Q7VzwM,2,It's a track from their album 'The Other Side'.,metadata,metadata-supported,metadata-supported,,uncheckable,,
no_implicit_norm,3890,tK0e5Q7VzwM,3,"The song combines elements of rock, pop",audio,audio-supported,audio-supported,,,,
no_implicit_norm,3890,tK0e5Q7VzwM,4,alternative with female vocals,audio,audio-supported,audio-supported,,,,
no_implicit_norm,3890,tK0e5Q7VzwM,5,It was released in 2012,metadata,metadata-supported,metadata-supported,,uncheckable,,
no_implicit_norm,3890,tK0e5Q7VzwM,6,has a unique style that could be a fitting choice for your video.,general,general-supported,general-supported,,,,
no_implicit_norm,3900,c6gTcwOCzW0,1,Allow me to recommend 'New National Anthem' by T.I.,metadata,metadata-supported,metadata-supported,,uncheckable,,
no_implicit_norm,3900,c6gTcwOCzW0,2,It's a track from his album 'New National Anthem'.,metadata,metadata-supported,metadata-supported,,uncheckable,,
no_implicit_norm,3900,c6gTcwOCzW0,3,"It combines elements of Hip-Hop, electronic",audio,audio-supported,audio-supported,,,,
no_implicit_norm,3900,c6gTcwOCzW0,4,R&B with fast-paced beats,audio,audio-supported,audio-supported,,,,
no_implicit_norm,3900,c6gTcwOCzW0,5,It was released in 2014,metadata,metadata-supported,metadata-supported,,uncheckable,,
no_implicit_norm,3900,c6gTcwOCzW0,6,may contain the specific elements you want.,prompt,prompt-supported,prompt-supported,,,,
no_implicit_norm,3915,4Q4VQyHfiPI,1,Allow me to recommend 'Seasons' by Dru.,metadata,metadata-supported,metadata-supported,,uncheckable,,
no_implicit_norm,3915,4Q4VQyHfiPI,2,It's a track from their album 'Seasons'.,metadata,metadata-supported,metadata-supported,,uncheckable,,
no_implicit_norm,3915,4Q4VQyHfiPI,3,"It combines elements of electronic, pop",audio,audio-supported,audio-supported,,,,
no_implicit_norm,3915,4Q4VQyHfiPI,4,rock with a focus on vocals,audio,audio-supported,audio-supported,,,,
no_implicit_norm,3915,4Q4VQyHfiPI,5,The song has a techno,audio,audio-supported,audio-supported,,,,
no_implicit_norm,3915,4Q4VQyHfiPI,6,drum-focused sound that could be a fitting choice for your video.,metadata,metadata-supported,metadata-supported,drum,not_found,,
no_implicit_norm,3919,ssw7e465RZw,1,"For that, I'd recommend 'The Wedding Song' by The Wedding Band.",metadata,metadata-supported,metadata-supported,,uncheckable,,
no_implicit_norm,3919,ssw7e465RZw,2,"This track is a perfect blend of rock, pop, jazz",audio,audio-supported,audio-supported,,,,
no_implicit_norm,3919,ssw7e465RZw,3,"electronic elements, creating a unique",unknown,unsupported,audio-supported,,,,
no_implicit_norm,3919,ssw7e465RZw,4,It's perfect for adding a touch of nostalgia,unknown,unsupported,unsupported,,,,
no_implicit_norm,3919,ssw7e465RZw,5,elegance to your wedding video.,unknown,unsupported,unsupported,,,,
no_implicit_norm,3977,ii3hBHG1Yt8,1,"In that case, I would recommend 'The Way I Feel' by I-MIND.",metadata,metadata-supported,metadata-supported,,uncheckable,,
no_implicit_norm,3977,ii3hBHG1Yt8,2,This track is part of their album 'The Way I Feel',metadata,metadata-supported,metadata-supported,,uncheckable,,
no_implicit_norm,3977,ii3hBHG1Yt8,3,"offers a unique blend of rock, indie, alternative",audio,audio-supported,audio-supported,,,,
no_implicit_norm,3977,ii3hBHG1Yt8,4,It has a catchy guitar-driven sound,audio,audio-supported,audio-supported,,,,
no_implicit_norm,3977,ii3hBHG1Yt8,5,captures the essence of alternative rock.,unknown,unsupported,audio-supported,,,,
no_implicit_norm,4001,qVMPAqwkyls,1,If you're looking for a track with experimental,prompt,prompt-supported,prompt-supported,,,,
no_implicit_norm,4001,qVMPAqwkyls,2,"electronica elements, I recommend 'Ballin' by Yo Gotti.",metadata,metadata-supported,metadata-supported,,uncheckable,,
no_implicit_norm,4001,qVMPAqwkyls,3,This track is part of the album 'Ballin',metadata,metadata-supported,metadata-supported,,uncheckable,,
no_implicit_norm,4001,qVMPAqwkyls,4,"offers a unique blend of Hip-Hop, electronic",audio,audio-supported,audio-supported,,,,
no_implicit_norm,4001,qVMPAqwkyls,5,It has a techno,audio,audio-supported,audio-supported,,,,
no_implicit_norm,4001,qVMPAqwkyls,6,fast-paced sound that will add an edgy vibe to your video.,video,video-supported,video-supported,,,,
no_implicit_norm,4012,_APP-9CLbe0,1,Allow me to recommend 'Sportowiec' by Sportowiec.,metadata,metadata-supported,metadata-supported,,uncheckable,,
no_implicit_norm,4012,_APP-9CLbe0,2,It's a track from their album 'Sportowiec'.,metadata,metadata-supported,metadata-supported,,uncheckable,,
no_implicit_norm,4012,_APP-9CLbe0,3,"It combines elements of hip-hop, electronic",audio,audio-supported,audio-supported,,,,
no_implicit_norm,4012,_APP-9CLbe0,4,chillout with a touch of jazz.,unknown,unsupported,audio-supported,,,,
no_implicit_norm,4012,_APP-9CLbe0,5,The song has a relaxed,unknown,unsupported,general-supported,,,,
no_implicit_norm,4012,_APP-9CLbe0,6,laid-back vibe that could be a fitting choice for your video.,general,general-supported,general-supported,,,,
no_implicit_norm,4076,a-NTUHSyhRM,1,"In that case, I would recommend 'The Way I Am' by Pwadura.",metadata,metadata-supported,metadata-supported,,uncheckable,,
no_implicit_norm,4076,a-NTUHSyhRM,2,"This track combines elements of Hip-Hop, electronic, indie, rock",audio,audio-supported,audio-supported,,,,
no_implicit_norm,4076,a-NTUHSyhRM,3,It has a unique blend of genres that will add depth,unknown,unsupported,unsupported,,,,
no_implicit_norm,4076,a-NTUHSyhRM,4,variety to your video.,unknown,unsupported,unsupported,,,,
no_implicit_norm,4082,yb8-rAGLuDY,1,I recommend 'Szabad' by ZR.,metadata,metadata-supported,metadata-supported,,uncheckable,,
no_implicit_norm,4082,yb8-rAGLuDY,2,It's a track from their album 'Szabad'.,metadata,metadata-supported,metadata-supported,,uncheckable,,
no_implicit_norm,4082,yb8-rAGLuDY,3,"The song combines elements of rock, metal, punk",audio,audio-supported,audio-supported,,,,
no_implicit_norm,4082,yb8-rAGLuDY,4,It has a fast-paced,audio,audio-supported,audio-supported,,,,
no_implicit_norm,4082,yb8-rAGLuDY,5,loud sound with guitar-driven melodies.,audio,audio-supported,audio-supported,,,,
no_implicit_norm,4082,yb8-rAGLuDY,6,"This track could be a fitting choice for your video, as it aligns with ZR's distinctive style.",general,general-supported,general-supported,,,,
no_implicit_norm,4089,COWLQpVuI9E,1,"In that case, 'Ring Dem Bells' by G-Swing would be a great choice.",metadata,metadata-supported,metadata-supported,,uncheckable,,
no_implicit_norm,4089,COWLQpVuI9E,2,"It's a track that combines jazz, pop",unknown,unsupported,audio-supported,,,,
no_implicit_norm,4089,COWLQpVuI9E,3,"oldies elements, with a touch of rock",unknown,unsupported,audio-supported,,,,
no_implicit_norm,4089,COWLQpVuI9E,4,The song has a unique blend of genres that could add a dynamic,unknown,unsupported,unsupported,,,,
no_implicit_norm,4089,COWLQpVuI9E,5,international flavor to your video.,unknown,unsupported,unsupported,,,,
no_implicit_norm,4115,L4GR_c3taS0,1,Allow me to recommend 'White & Nerdy' by 'Weird Al' Yankovic.,metadata,metadata-supported,metadata-supported,,uncheckable,,
no_implicit_norm,4115,L4GR_c3taS0,2,It's a track from his album 'White & Nerdy'.,metadata,metadata-supported,metadata-supported,,uncheckable,,
no_implicit_norm,4115,L4GR_c3taS0,3,"The song combines elements of hip-hop, electronic",audio,audio-supported,audio-supported,,,,
no_implicit_norm,4115,L4GR_c3taS0,4,"rock genres, which aligns well with the energetic",audio,audio-supported,audio-supported,,,,
no_implicit_norm,4115,L4GR_c3taS0,5,catchy vibe you're looking for in your video.,prompt,prompt-supported,prompt-supported,,,,
no_implicit_norm,4122,_n5Mjdy1Ap4,1,If you're looking for an indie pop,prompt,prompt-supported,prompt-supported,,,,
no_implicit_norm,4122,_n5Mjdy1Ap4,2,"alternative vibe, I would recommend 'Stay' by Mayday Parade.",metadata,metadata-supported,metadata-supported,alternative,supported,,
no_implicit_norm,4122,_n5Mjdy1Ap4,3,This track has a catchy,unknown,unsupported,audio-supported,,,,
no_implicit_norm,4122,_n5Mjdy1Ap4,4,melodic sound with elements of rock,audio,audio-supported,audio-supported,,,,
no_implicit_norm,4122,_n5Mjdy1Ap4,5,It's part of the album 'Stay',metadata,metadata-supported,metadata-supported,,uncheckable,,
no_implicit_norm,4122,_n5Mjdy1Ap4,6,would be a great fit for your video.,general,general-supported,general-supported,,,,
no_implicit_norm,4123,hjSKLM7xcqk,1,Allow me to recommend 'Seasons' by Dru.,metadata,metadata-supported,metadata-supported,,uncheckable,,
no_implicit_norm,4123,hjSKLM7xcqk,2,It's a track from their album 'Seasons'.,metadata,metadata-supported,metadata-supported,,uncheckable,,
no_implicit_norm,4123,hjSKLM7xcqk,3,"It combines elements of pop, rock",audio,audio-supported,audio-supported,,,,
no_implicit_norm,4123,hjSKLM7xcqk,4,electronic music with female vocals.,audio,audio-supported,audio-supported,,,,
no_implicit_norm,4123,hjSKLM7xcqk,5,"This song could be a fitting choice for your video, as it has a mix of electronic beats",audio,audio-supported,audio-supported,,,,
no_implicit_norm,4131,Oq34XT2zfD4,1,I suggest checking out 'Su Amor' by Samuel Escoto.,metadata,metadata-supported,metadata-supported,,uncheckable,,
no_implicit_norm,4131,Oq34XT2zfD4,2,indie track with alternative,unknown,unsupported,audio-supported,,,,
no_implicit_norm,4131,Oq34XT2zfD4,3,"Although I don't have specific information about the live performance, it's a great choice to incorporate the rock",metadata,metadata-supported,metadata-supported,rock,supported,,
no_implicit_norm,4131,Oq34XT2zfD4,4,indie genres into your video.,audio,audio-supported,audio-supported,,,,
no_implicit_norm,4153,RQg_-dByKqQ,1,Allow me to recommend 'MAMA' by EXO-M.,metadata,metadata-supported,metadata-supported,,uncheckable,,
no_implicit_norm,4153,RQg_-dByKqQ,2,It's a track from their album 'MAMA'.,metadata,metadata-supported,metadata-supported,,uncheckable,,
no_implicit_norm,4153,RQg_-dByKqQ,3,"It combines elements of electronic, hip-hop",audio,audio-supported,audio-supported,,,,
no_implicit_norm,4153,RQg_-dByKqQ,4,R&B with a pop,unknown,unsupported,audio-supported,,,,
no_implicit_norm,4153,RQg_-dByKqQ,5,The song was released in 2013,metadata,metadata-supported,metadata-supported,,uncheckable,,
no_implicit_norm,4153,RQg_-dByKqQ,6,fast-paced sound that could be a fitting choice for your video.,video,video-supported,video-supported,,,,
