sample_idx,video_id,gt_music_id,preference_variant,positive_hits,negative_hits,n_positive_hits,n_negative_hits,alignment_score,is_aligned,has_conflict,ESS_from_original,generated_text
54,_8YWB9SlUFU,_8YWB9SlUFU_QP5qHCe9FP4,cf_upbeat_electronic,beat;beats;dance;energetic;modern;pop,,6,0,6,1,0,0.5,"In that case, I would recommend 'Universe Of Dots' by Mona la Phona. This track is part of the album 'Universe Of Dots' and offers a blend of indie, folk, and pop genres. It has a female vocalist and a guitar-driven sound, which adds a unique touch to the music. The energetic beats and modern dance vibe make it a perfect choice for your video."
54,_8YWB9SlUFU,_8YWB9SlUFU_QP5qHCe9FP4,cf_lyrical_piano,acoustic;gentle;lyrical;melody;piano;sentimental;slow;soft,,8,0,8,1,0,0.5,"In that case, I recommend 'Universe Of Dots' by Mona la Phona. This track has a beautiful lyrical piano melody with a slow tempo and a soft acoustic texture. It creates a gentle and sentimental mood that would be perfect for your video."
104,iV3xE72xNJg,iV3xE72xNJg_K124ajZigxc,cf_upbeat_electronic,bright;dance;electronic;pop;tempo,,5,0,5,1,0,0.7868852459016393,"In that case, I would recommend 'Crystal Cavern' by Dirty Chocolate. This track is a perfect fit for your video as it falls under the electronic genre with elements of dance, pop, and electro. It has a fast tempo and a bright mood that will add energy to your video."
104,iV3xE72xNJg,iV3xE72xNJg_K124ajZigxc,cf_lyrical_piano,acoustic;calm;emotional;gentle;lyrical;melody;piano;sentimental;slow;soft,,10,0,10,1,0,0.75,"I understand your preference for lyrical piano background music with a slow tempo, soft acoustic texture, gentle melody, and a calm sentimental mood. In that case, I recommend 'Crystal Cavern' by Dirty Chocolate. It's a track from their album 'Crystal Cavern' and features lyrical piano and acoustic elements. The song has a beautiful and emotional sound that can create a soothing atmosphere in your video."
123,iWKoFZAX4MM,iWKoFZAX4MM_dVoN7QajNz8,cf_upbeat_electronic,dance;electronic;energetic;modern;pop;rhythm,,6,0,6,1,0,0.746031746031746,"In that case, I recommend 'Sunshine' by The Fray. This track combines electronic, rock, indie, and pop elements to create a vibrant and energetic sound. It has a clear rhythm and a modern dance or pop feel that will add a lively atmosphere to your video."
123,iWKoFZAX4MM,iWKoFZAX4MM_dVoN7QajNz8,cf_lyrical_piano,acoustic;calm;piano;sentimental;slow,electronic,5,1,4,1,1,0.7777777777777778,"I suggest checking out 'Love Is Alive' by The Fray. It's a track from their album 'Love Is Alive'. The song combines elements of rock, indie, pop, and electronic genres, with a focus on guitar and piano. It has a slow tempo and a soothing acoustic texture, which can create a calm and sentimental mood for your video."
166,QKvUGxF7qzA,QKvUGxF7qzA_scdO5HE8so4,cf_upbeat_electronic,beat;beats;bright;dance;electronic;energetic;modern;pop;rhythm;upbeat,,10,0,10,1,0,0.6875,"In that case, I would recommend 'Stadt der Engel' by Massendefekt. This track is from their album 'Stadt der Engel' and it perfectly captures the upbeat electronic vibe you're looking for. It has a bright mood, clear rhythm, energetic beats, and a modern dance or pop feel. It's a great choice for your video."
166,QKvUGxF7qzA,QKvUGxF7qzA_scdO5HE8so4,cf_lyrical_piano,lyrical;piano;sentimental;slow,electronic,4,1,3,1,1,0.4814814814814815,"Allow me to recommend 'Stadt der Engel' by Massendefekt. It's a track from their album 'Stadt der Engel'. The song combines elements of rock, alternative, and indie with a touch of electronic. It has a slow tempo and features lyrical piano, which can create a soothing and sentimental atmosphere for your video."
215,yyaNJKJ6y6k,yyaNJKJ6y6k_0hMrj3zZxB8,cf_upbeat_electronic,dance;electronic;energetic;pop;rhythm;tempo,,6,0,6,1,0,0.6226415094339622,"In that case, I recommend '♂×♀×ポーカーゲーム' by ベッド・イン. This track is from their album '♂×♀×ポーカーゲーム' and offers the perfect blend of electronic, dance, pop, and rock genres. It has a fast tempo and a catchy rhythm that will give your video a lively and energetic feel."
215,yyaNJKJ6y6k,yyaNJKJ6y6k_0hMrj3zZxB8,cf_lyrical_piano,,beat;dance;electronic;techno,0,4,-4,0,1,0.6379310344827587,"Allow me to recommend 'Love is a Battlefield' by ベッド・イン. It's a track from their album 'Love is a Battlefield'. This song combines elements of electronic, dance, and pop genres with a touch of rock. It has a fast-paced techno sound with a strong beat, which could be a fitting choice for your video."
256,JOUczfMaLTE,JOUczfMaLTE_F91pQy19-j0,cf_upbeat_electronic,beat;dance;electronic;energetic;pop;tempo,,6,0,6,1,0,0.6923076923076923,"In that case, I recommend 'Жизнь' by Чеботарев. This track combines elements of Hip-Hop, electronic, pop, and dance genres. It has a fast tempo and a catchy beat that will give your video a lively and energetic feel."
256,JOUczfMaLTE,JOUczfMaLTE_F91pQy19-j0,cf_lyrical_piano,acoustic;gentle;lyrical;piano;sentimental;slow;soft,,7,0,7,1,0,0.7592592592592593,"I recommend 'Жизнь' by Чеботарев. It's a track from the album 'Жизнь' and features lyrical piano and acoustic elements. The song has a slow tempo and a soft acoustic texture, creating a gentle and sentimental mood. It's a perfect choice for your video."
261,dLkm-Bpkgv4,dLkm-Bpkgv4_Hwl1Bf4gLvI,cf_upbeat_electronic,electronic;energetic,,2,0,2,1,0,0.6842105263157895,"Allow me to recommend 'Snow' by Sun Heights. It's a track from their album 'Snow'. The song combines elements of rock, metal, and punk with electronic influences. It has a fast-paced and energetic sound that could be a fitting choice for your video."
261,dLkm-Bpkgv4,dLkm-Bpkgv4_Hwl1Bf4gLvI,cf_lyrical_piano,acoustic;slow,,2,0,2,1,0,0.7,"Allow me to recommend 'Snow' by Sun Heights. It's a track from their album 'Snow'. The song combines elements of rock, metal, and alternative with a touch of indie influences. It has a slow tempo and a soothing acoustic sound that could be a fitting choice for your video."
307,DL3dhkazIc8,DL3dhkazIc8_tQjxTUSkOqs,cf_upbeat_electronic,beat;dance;electronic;energetic;modern;pop,,6,0,6,1,0,0.625,"In that case, I recommend 'Sick Perfect Banger' by Redhooknoodles. This track combines elements of Hip-Hop, electronic, pop, and dance genres. It has a fast-paced beat and a modern sound that will give your video a vibrant and energetic feel."
307,DL3dhkazIc8,DL3dhkazIc8_tQjxTUSkOqs,cf_lyrical_piano,acoustic;calm;lyrical;piano;sentimental;slow,electronic;hip-hop,6,2,4,1,1,0.6181818181818182,"Allow me to recommend 'Sick Perfect Banger' by Redhooknoodles. It's a hip-hop track with electronic and rock influences. The song has a slow tempo and features lyrical piano, which aligns well with your preferences. The acoustic elements and the calm and sentimental mood of the music make it a fitting choice for your video."
310,9wVRNILwL4I,9wVRNILwL4I_yp0PNekX4vI,cf_upbeat_electronic,dance;electronic;energetic;modern;pop;rhythm,,6,0,6,1,0,0.4693877551020408,"In that case, I would recommend 'Vivo nei miei testi' by Step One. This track combines elements of Hip-Hop, electronic, pop, and dance genres, creating a vibrant and energetic sound. It has a clear rhythm and a modern dance or pop feel that would be perfect for your video."
310,9wVRNILwL4I,9wVRNILwL4I_yp0PNekX4vI,cf_lyrical_piano,acoustic;calm;piano;sentimental;slow;soft,electronic;hip-hop,6,2,4,1,1,0.6,"Allow me to recommend 'Vivo nei miei testi' by Step One. It's a track from their album 'Vivo nei miei testi'. The song combines elements of Hip-Hop, electronic, and pop with a touch of rock. It has a slow tempo and features a piano-driven sound with a soft acoustic texture and a calm sentimental mood."
313,z7Dy7s5tg2o,z7Dy7s5tg2o_ziYVQWdqAEM,cf_upbeat_electronic,beat;dance;electronic;energetic;modern;pop;tempo,,7,0,7,1,0,0.6842105263157895,"In that case, I recommend 'Alive' by Krewella. This track is a perfect fit for your video as it falls under the electronic, dance, house, and pop genres. It has a fast tempo and a catchy beat that will create an energetic and modern atmosphere."
313,z7Dy7s5tg2o,z7Dy7s5tg2o_ziYVQWdqAEM,cf_lyrical_piano,lyrical;piano;sentimental;slow,dance;electronic,4,2,2,1,1,0.7846153846153846,"Allow me to recommend 'Alive' by Krewella. It's a track from their album 'Alive'. This song combines elements of dance, electronic, and pop genres with a touch of rock. It has a slow tempo and features lyrical piano, which can create a soothing and sentimental atmosphere for your video."
323,7KnEzXBwovQ,7KnEzXBwovQ_VdzigTcir9U,cf_upbeat_electronic,dance;electronic;energetic;modern;pop;rhythm,,6,0,6,1,0,0.7704918032786885,"In that case, I recommend 'Faded' by Brooklyn West. This track combines elements of pop, electronic, and dance genres, creating a vibrant and energetic sound. It has a clear rhythm and a modern dance or pop feel that will enhance your video."
323,7KnEzXBwovQ,7KnEzXBwovQ_VdzigTcir9U,cf_lyrical_piano,acoustic;gentle;lyrical;piano;sentimental;slow;soft,electronic,7,1,6,1,1,0.734375,"In that case, I recommend 'Faded' by Brooklyn West. This track combines elements of pop, R&B, and electronic music, with a focus on lyrical piano. It has a slow tempo and a soft acoustic texture, creating a gentle and sentimental mood. It's a perfect choice for your video."
326,Nun6L-ahGL8,Nun6L-ahGL8_nbchhRSriRg,cf_upbeat_electronic,beat;beats;dance;electronic;energetic;modern;pop;rhythm,,8,0,8,1,0,0.6181818181818182,"In that case, I recommend 'Ride 4 My City' by ProblemChild aKa Pc. This track combines elements of Hip-Hop, electronic, and pop with a dance and pop feel. It has a fast-paced rhythm and energetic beats that will create a lively and modern atmosphere for your video."
326,Nun6L-ahGL8,Nun6L-ahGL8_nbchhRSriRg,cf_lyrical_piano,acoustic;calm;gentle;melody;sentimental;slow,electronic;hip-hop,6,2,4,1,1,0.4821428571428571,"Allow me to recommend 'Ride 4 My City' by ProblemChild aKa Pc. It's a track from his album 'Ride 4 My City'. The song combines elements of Hip-Hop, R&B, and electronic music with a slow tempo and a soothing acoustic texture. It has a gentle melody and a calm sentimental mood that could be a fitting choice for your video."
348,6WpF3T7_-WY,6WpF3T7_-WY_334K3xDT5OU,cf_upbeat_electronic,beat;dance;electronic;energetic;pop;rhythm,,6,0,6,1,0,0.5384615384615384,"In that case, I recommend 'Poser' by Diez Mo feat. It's a track from the album 'Poser' and combines elements of Hip-Hop, electronic, R&B, dance, and pop. The song has a fast-paced beat and a catchy rhythm that will give your video a lively and energetic feel."
348,6WpF3T7_-WY,6WpF3T7_-WY_334K3xDT5OU,cf_lyrical_piano,acoustic;calm;gentle;melody;sentimental;slow,electronic;hip-hop,6,2,4,1,1,0.5517241379310345,"Allow me to recommend 'Poser' by Diez Mo feat. It's a track from the album 'Poser' by Diez Mo. The song combines elements of Hip-Hop, R&B, and electronic music with a slow tempo and a soothing acoustic texture. It has a gentle melody and a calm sentimental mood that could be a fitting choice for your video."
357,aXgXFr89wpY,aXgXFr89wpY_5cdy3zeBS0w,cf_upbeat_electronic,beat;dance;electronic;energetic;modern;pop,,6,0,6,1,0,0.6545454545454545,"In that case, I would recommend 'American Dream' by J3. This track combines elements of Hip-Hop, electronic, rock, and pop genres. It has a fast-paced beat and a modern dance vibe that will give your video a lively and energetic feel."
357,aXgXFr89wpY,aXgXFr89wpY_5cdy3zeBS0w,cf_lyrical_piano,acoustic;calm;gentle;lyrical;melody;piano;sentimental;slow;soft,electronic;hip-hop,9,2,7,1,1,0.7101449275362319,"I understand your preference for lyrical piano background music with a slow tempo, soft acoustic texture, gentle melody, and a calm sentimental mood. In that case, I recommend 'AMERICAN DREAM' by J3. This track combines elements of Hip-Hop, rock, indie, and pop with a touch of electronic influences. It has a slow tempo and a soothing acoustic sound that can create a relaxing atmosphere for your video."
358,4ldBWUbiDTM,4ldBWUbiDTM_bs9xnYfKAQA,cf_upbeat_electronic,beat;dance;electronic;modern;pop;upbeat,,6,0,6,1,0,0.5535714285714286,"In that case, I would recommend 'Si C'Est Une Ile' by Jenifer. This track is from her album 'Si C'Est Une Ile' and offers a perfect blend of rock, pop, and electronic elements. It has a catchy and upbeat sound with a modern dance and pop feel. It's a great choice for your video."
358,4ldBWUbiDTM,4ldBWUbiDTM_bs9xnYfKAQA,cf_lyrical_piano,emotional;lyrical;piano;slow,,4,0,4,1,0,0.5272727272727273,"I suggest you consider 'Si C'Est Une Ile' by Jenifer. It's a track from her album 'Si C'Est Une Ile'. The song combines elements of rock, pop, and indie with a touch of alternative. It has a slow tempo and features a piano, which can create a lyrical and emotional atmosphere for your video."
364,XKMGhFjOoXg,XKMGhFjOoXg_Mbau7DWaexI,cf_upbeat_electronic,beat;dance;electronic;energetic;modern;pop;rhythm;upbeat,,8,0,8,1,0,0.5925925925925926,"In that case, I would recommend 'Zemsta' by Mezo. This track combines elements of Hip-Hop, rock, pop, and electronic music. It has a fast-paced and energetic vibe, with a clear rhythm and modern dance influences. It's perfect for creating a lively and upbeat atmosphere in your video."
364,XKMGhFjOoXg,XKMGhFjOoXg_Mbau7DWaexI,cf_lyrical_piano,acoustic;calm;gentle;lyrical;piano;sentimental;slow;soft,,8,0,8,1,0,0.6909090909090909,"I recommend 'Zemsta' by Mezo. It's a track from the album 'Zemsta' and features lyrical piano and acoustic elements. The song has a slow tempo and a soft acoustic texture, creating a gentle and sentimental mood. It aligns well with your preferences for lyrical piano background music with a slow tempo and a calm sentimental mood."
410,q5bry6xHfxc,q5bry6xHfxc_TxqJOm0601k,cf_upbeat_electronic,dance;electronic;energetic;modern;pop;rhythm,,6,0,6,1,0,0.6507936507936508,"In that case, I would recommend 'New Oakland' by DJ Touré featuring Mistah Fab. This track combines elements of Hip-Hop, electronic, and pop genres, creating a vibrant and energetic sound. It has a clear rhythm and modern dance or pop influences that will add a lively atmosphere to your video."
410,q5bry6xHfxc,q5bry6xHfxc_TxqJOm0601k,cf_lyrical_piano,emotional;lyrical;piano;slow,electronic;hip-hop,4,2,2,1,1,0.6833333333333333,"Allow me to recommend 'New Oakland' by DJ Touré featuring Mistah Fab. It's a track from the album 'New Oakland' and combines elements of Hip-Hop, R&B, and electronic music. The song has a slow tempo and features lyrical piano, which creates a soothing and emotional atmosphere."
412,b5QuBBHUgSQ,b5QuBBHUgSQ_51EjCZjDzWA,cf_upbeat_electronic,beat;bright;dance;electronic;energetic;pop,,6,0,6,1,0,0.7627118644067796,"In that case, I recommend 'Gimme Dat' by Chingy featuring Ludacris and Bobby V. This track combines elements of Hip-Hop, electronic, rock, dance, and pop genres. It has a fast-paced beat and a bright mood that will give your video a lively and energetic feel."
412,b5QuBBHUgSQ,b5QuBBHUgSQ_51EjCZjDzWA,cf_lyrical_piano,emotional;lyrical;piano;sentimental;slow,electronic;hip-hop,5,2,3,1,1,0.7230769230769231,"Allow me to recommend 'Gimme Dat' by Chingy featuring Ludacris and Bobby V. It's a track from Chingy's album 'Gimme Dat'. The song combines elements of Hip-Hop, rock, and electronic music with a touch of pop and soul. It has a slow tempo and features lyrical piano, which aligns well with the emotional and sentimental mood you're looking for."
448,R_R2JC4Ekw0,R_R2JC4Ekw0_47xbkT3calM,cf_upbeat_electronic,dance;electronic;energetic;modern;pop;rhythm,,6,0,6,1,0,0.6428571428571428,"In that case, I recommend 'LA TOALLA' by ANAÍS vs THE BOYS MACHINE y BABY. This track combines electronic, dance, pop, and house genres, creating a vibrant and energetic sound. It has a clear rhythm and a modern dance or pop feel that will add a lively atmosphere to your video."
448,R_R2JC4Ekw0,R_R2JC4Ekw0_47xbkT3calM,cf_lyrical_piano,emotional;lyrical;piano;sentimental;slow,dance;electronic,5,2,3,1,1,0.671875,"Allow me to recommend 'LA TOALLA' by ANAÍS vs THE BOYS MACHINE y BABY. It's a track from their album 'LA TOALLA'. This song combines elements of pop, dance, and electronic music with a touch of rock and indie influences. It has a slow tempo and features lyrical piano, which aligns well with the emotional and sentimental vibe you're looking for."
451,ggHIsQy7Db8,ggHIsQy7Db8_Z18Cnx5YJX8,cf_upbeat_electronic,bright;dance;electronic;pop;rhythm,,5,0,5,1,0,0.6181818181818182,"In that case, I recommend 'Tight Skirt' by Samantha J. This track is a perfect fit for your video as it combines elements of pop, dance, and electronic music. It has a catchy rhythm and a bright mood that will add energy to your video."
451,ggHIsQy7Db8,ggHIsQy7Db8_Z18Cnx5YJX8,cf_lyrical_piano,acoustic;calm;sentimental;slow,electronic,4,1,3,1,1,0.4444444444444444,"Allow me to recommend 'Tight Skirt' by Samantha J. It's a track from her album 'Tight Skirt'. The song combines elements of pop, R&B, and electronic music with a focus on female vocals. It has a slow tempo and a soothing acoustic texture, which can create a calm and sentimental mood for your video."
457,_MV0BuKm0VE,_MV0BuKm0VE_xbzDeFsKwfY,cf_upbeat_electronic,beat;dance;electronic;energetic;modern;pop;tempo,,7,0,7,1,0,0.5517241379310345,"In that case, I recommend 'Beast' by Thomas Gold & Borgeous. This track is a perfect fit for your video as it falls under the electronic genre with elements of dance, house, electro, and pop. It has a fast tempo and a catchy beat that will create an energetic and modern dance vibe for your video."
457,_MV0BuKm0VE,_MV0BuKm0VE_xbzDeFsKwfY,cf_lyrical_piano,acoustic;calm;sentimental;slow,dance;electronic,4,2,2,1,1,0.7681159420289855,"I suggest you listen to 'Love Is Gone' by David Guetta. It's a track from his album 'Love Is Gone'. This song combines elements of electronic, dance, and pop genres with a touch of rock. It has a slow tempo and a soothing acoustic vibe that could create a calm and sentimental atmosphere for your video."
512,k3DP1RijqII,k3DP1RijqII_toNy7VhxPk4,cf_upbeat_electronic,beat;dance;electronic;modern;pop,,5,0,5,1,0,0.5833333333333333,"In that case, I recommend 'Met mij zijn' by Darryl. This track combines elements of Hip-Hop, R&B, pop, and electronic music. It has a catchy beat and a modern dance vibe that will add energy to your video."
512,k3DP1RijqII,k3DP1RijqII_toNy7VhxPk4,cf_lyrical_piano,acoustic;calm;gentle;lyrical;melody;piano;sentimental;slow;soft,,9,0,9,1,0,0.7037037037037037,I recommend 'Met mij zijn' by Darryl. It's a track with lyrical piano background music and a slow tempo. The song has a soft acoustic texture and a gentle melody that creates a calm and sentimental mood. It's a perfect choice for your video.
553,ynVK3EsW9Ws,ynVK3EsW9Ws_7i6N8WLd2zU,cf_upbeat_electronic,bright;dance;electronic;energetic;pop;rhythm,,6,0,6,1,0,0.5227272727272727,"In that case, I would recommend 'In The Zone' by LZ. This track combines elements of Hip-Hop, electronic, pop, and rock genres, creating a catchy and energetic sound. It has a bright mood and clear rhythm, perfect for a dance or pop video."
553,ynVK3EsW9Ws,ynVK3EsW9Ws_7i6N8WLd2zU,cf_lyrical_piano,acoustic;calm;gentle;lyrical;melody;piano;sentimental;slow;soft,,9,0,9,1,0,0.7254901960784313,"In that case, I recommend 'In The Zone' by LZ. This track has a lyrical piano background with a slow tempo, soft acoustic texture, gentle melody, and a calm sentimental mood. It's perfect for creating a relaxing and introspective atmosphere in your video."
559,1fMjQttld5U,1fMjQttld5U_-_Q9D5vl8lQ,cf_upbeat_electronic,dance;electronic;energetic;modern;pop;rhythm,,6,0,6,1,0,0.7142857142857143,"In that case, I recommend 'Часы' by Лолита. This track combines elements of pop, dance, and electronic music, creating a vibrant and energetic atmosphere. It has a clear rhythm and a modern dance or pop feel that will enhance your video."
559,1fMjQttld5U,1fMjQttld5U_-_Q9D5vl8lQ,cf_lyrical_piano,acoustic;slow;soft,,3,0,3,1,0,0.6037735849056604,"Allow me to recommend 'Часы' by Лолита. It's a track from her album 'Часы'. The song combines elements of pop, rock, and folk with a touch of jazz. It features a beautiful female vocal performance and has a slow tempo with a soft acoustic texture. The lyrics are written by Лолита herself, adding a personal touch to the music."
562,Tl7ZXX6wbRE,Tl7ZXX6wbRE_rKoU3ekYQ-I,cf_upbeat_electronic,beat;bright;electronic;pop,,4,0,4,1,0,0.4347826086956522,"In that case, I recommend 'If I Hit The Lotto' by Rayzr. This track combines elements of Hip-Hop, electronic, and rock genres with a touch of pop. It has a fast-paced beat and a bright mood that will add energy to your video."
562,Tl7ZXX6wbRE,Tl7ZXX6wbRE_rKoU3ekYQ-I,cf_lyrical_piano,acoustic;calm;sentimental;slow,electronic;hip-hop,4,2,2,1,1,0.6440677966101696,"Allow me to recommend 'If I Hit The Lotto' by Rayzr. It's a track from his album 'If I Hit The Lotto'. The song combines elements of Hip-Hop, electronic, and rock with a touch of indie and pop. It has a slow tempo and a soothing acoustic texture, which can create a calm and sentimental mood for your video."
627,YIyiT96Ojqg,YIyiT96Ojqg_ijpcMBW6eeE,cf_upbeat_electronic,beat;dance;electronic;energetic;pop;tempo,,6,0,6,1,0,0.6296296296296297,"In that case, I would recommend 'Vem com a firma Parte 2' by MC Juninho da FVL. This track combines elements of Hip-Hop, electronic, pop, dance, and rock genres. It has a fast tempo and a catchy beat that will give your video a lively and energetic feel."
627,YIyiT96Ojqg,YIyiT96Ojqg_ijpcMBW6eeE,cf_lyrical_piano,acoustic;slow,electronic;hip-hop,2,2,0,0,1,0.5964912280701755,"Allow me to recommend 'Vem com a firma Parte 2' by MC Juninho da FVL. It's a track from the album 'Vem com a firma Parte 2'. The song combines elements of Hip-Hop, pop, and rock with electronic and soul influences. It has a slow tempo and a soothing acoustic sound that could be a perfect fit for your video."
685,SSmTgwp15FQ,SSmTgwp15FQ_SH8esP19qww,cf_upbeat_electronic,beat;beats;bright;dance;electronic;energetic;modern;pop;rhythm;upbeat,,10,0,10,1,0,0.576271186440678,"In that case, I recommend 'Why God Made Love Songs' by Joel Crouse. This track combines elements of rock, pop, and electronic music, creating a catchy and upbeat sound. It has a bright mood, clear rhythm, energetic beats, and a modern dance or pop feeling that will enhance your video."
685,SSmTgwp15FQ,SSmTgwp15FQ_SH8esP19qww,cf_lyrical_piano,acoustic;calm;gentle;melody;sentimental;slow;soft,,7,0,7,1,0,0.540983606557377,"Allow me to recommend 'Why God Made Love Songs' by Joel Crouse. It's a track from his album 'Why God Made Love Songs'. This song combines elements of pop, rock, and indie with a slow tempo and a soft acoustic texture. It has a gentle melody and a calm sentimental mood that could be a perfect fit for your video."
777,T56LFxaEJV8,T56LFxaEJV8_H5Nn-SIDfWo,cf_upbeat_electronic,beat;beats;bright;dance;electronic;energetic;modern;pop;rhythm;upbeat,,10,0,10,1,0,0.5,"In that case, I recommend 'Lovely Fire' by Stefano Ercolino. This track combines elements of rock, pop, and electronic music, creating a catchy and upbeat sound. It has a bright mood, clear rhythm, energetic beats, and a modern dance or pop feel. It's a perfect choice for your video."
777,T56LFxaEJV8,T56LFxaEJV8_H5Nn-SIDfWo,cf_lyrical_piano,emotional;lyrical;piano;slow,,4,0,4,1,0,0.5636363636363637,"Allow me to recommend 'Lovely Fire' by Stefano Ercolino. It's a track from his album 'Lovely Fire'. The song combines elements of rock, pop, and indie with a touch of jazz. It has a slow tempo and features lyrical piano, which can create a soothing and emotional atmosphere for your video."
780,5ZVQ6_Hd4zc,5ZVQ6_Hd4zc_58ip325ZOu8,cf_upbeat_electronic,bright;electronic;pop;rhythm,,4,0,4,1,0,0.7857142857142857,"In that case, I recommend 'Catching the Simple But Happy Days' by Vanchy. This track combines electronic, indie, and pop genres with a touch of rock. It has a catchy rhythm and a bright mood that will add energy to your video."
780,5ZVQ6_Hd4zc,5ZVQ6_Hd4zc_58ip325ZOu8,cf_lyrical_piano,lyrical;piano;sentimental;slow,electronic,4,1,3,1,1,0.71875,"Allow me to recommend 'Catching the Simple But Happy Days' by Vanchy. It's a track from their album 'Catching the Simple But Happy Days'. The song combines elements of electronic, rock, and indie with a touch of pop. It has a slow tempo and features lyrical piano, which aligns well with your preferences. The track has a soothing and sentimental vibe that could be a great fit for your video."
781,bqzAothNuZs,bqzAothNuZs_7Exf7LE_ef0,cf_upbeat_electronic,dance;electronic;energetic;modern;pop;rhythm;tempo,,7,0,7,1,0,0.6666666666666667,"In that case, I recommend 'Be Staunch' by This Side Up. This track combines elements of Hip-Hop, electronic, dance, pop, and rock. It has a fast tempo and a clear rhythm, which will create an energetic and modern dance or pop feeling for your video."
781,bqzAothNuZs,bqzAothNuZs_7Exf7LE_ef0,cf_lyrical_piano,emotional;lyrical;piano;slow,electronic;hip-hop,4,2,2,1,1,0.6166666666666667,"Allow me to recommend 'Be Staunch' by This Side Up. It's a track from their album 'Be Staunch'. The song combines elements of Hip-Hop, electronic, rock, and pop with a touch of jazz. It has a slow tempo and features lyrical piano, which creates a soothing and emotional atmosphere."
800,2NDgbLNNWTI,2NDgbLNNWTI_KOSv-bV8qDU,cf_upbeat_electronic,beat;beats;dance;electronic;energetic;modern;pop;rhythm,,8,0,8,1,0,0.7894736842105263,"In that case, I recommend 'Volim te' by Ilda Saulic. This track combines elements of pop, rock, and electronic music, creating a vibrant and energetic sound. It has a clear rhythm and energetic beats that will add a modern and danceable feel to your video."
800,2NDgbLNNWTI,2NDgbLNNWTI_KOSv-bV8qDU,cf_lyrical_piano,acoustic;calm;gentle;lyrical;melody;piano;sentimental;slow;soft,,9,0,9,1,0,0.746031746031746,"I recommend 'Volim te' by Ilda Saulic. It's a track from her album 'Volim te'. The song combines elements of pop, rock, and country with a touch of soul. It features lyrical piano and has a slow tempo, soft acoustic texture, gentle melody, and a calm sentimental mood that could be a perfect fit for your video."
806,3O3gFRSiBC4,3O3gFRSiBC4_ygio6cVZmec,cf_upbeat_electronic,dance;electronic;energetic;pop;rhythm;tempo,,6,0,6,1,0,0.4897959183673469,"In that case, I recommend 'La Musica (The Trumpeter)' by Ray Foxx featuring Lovelle. This track combines electronic, dance, and pop genres with a touch of house and electro. It has a fast tempo and a clear rhythm that will give your video a lively and energetic feel."
806,3O3gFRSiBC4,3O3gFRSiBC4_ygio6cVZmec,cf_lyrical_piano,lyrical;piano;sentimental;slow,dance;electronic,4,2,2,1,1,0.5862068965517242,"Allow me to recommend 'La Musica (The Trumpeter)' by Ray Foxx featuring Lovelle. It's a track from their album 'La Musica (The Trumpeter)'. This song combines elements of electronic, pop, and dance genres with a touch of rock. It has a slow tempo and features lyrical piano, which can create a soothing and sentimental atmosphere for your video."
839,_0kWPBMmYEU,_0kWPBMmYEU_p21n2iGmd_s,cf_upbeat_electronic,beat;bright;dance;electronic;pop,,5,0,5,1,0,0.6545454545454545,"In that case, I recommend 'Millionerler Mehellesi' by Dayirman. This track combines elements of Hip-Hop, electronic, pop, and dance genres. It has a fast-paced beat and a bright mood that will add energy to your video."
839,_0kWPBMmYEU,_0kWPBMmYEU_p21n2iGmd_s,cf_lyrical_piano,acoustic;calm;gentle;melody;sentimental;slow,electronic;hip-hop,6,2,4,1,1,0.4181818181818182,"Allow me to recommend 'Millionerler Mehellesi' by Dayirman. It's a track from their album 'Millionerler Mehellesi'. The song combines elements of Hip-Hop, electronic, rock, and pop with a slow tempo and a soothing acoustic texture. It has a gentle melody and a calm sentimental mood that could be a fitting choice for your video."
863,fL_-VnFyBEg,fL_-VnFyBEg_Ejy-05oqXs8,cf_upbeat_electronic,dance;electronic;energetic;pop;rhythm;tempo,,6,0,6,1,0,0.5849056603773585,"In that case, I recommend 'A Quien Le Importa' by Thalia. This track is from her album 'A Quien Le Importa' and offers a perfect blend of electronic, dance, pop, and house genres. It has a fast tempo and a catchy rhythm that will give your video a lively and energetic feel."
863,fL_-VnFyBEg,fL_-VnFyBEg_Ejy-05oqXs8,cf_lyrical_piano,acoustic;calm;sentimental;slow,dance;electronic,4,2,2,1,1,0.6440677966101696,"Allow me to recommend 'A Quien Le Importa' by Thalia. It's a track from her album 'A Quien Le Importa'. The song combines elements of pop, dance, and electronic music with a touch of rock. It has a slow tempo and a soothing acoustic texture, which can create a calm and sentimental mood for your video."
869,omK0RvdNINg,omK0RvdNINg_5PbXu0pQnQ0,cf_upbeat_electronic,dance;electronic;energetic;modern;pop;rhythm;tempo,,7,0,7,1,0,0.5357142857142857,"In that case, I recommend 'The Club' by Dj Alfred ft Mc Sam. This track combines electronic, dance, and pop genres with a touch of house and electronica. It has a fast tempo and a clear rhythm, creating an energetic and modern dance vibe. It's perfect for your video!"
869,omK0RvdNINg,omK0RvdNINg_5PbXu0pQnQ0,cf_lyrical_piano,acoustic;calm;lyrical;piano;sentimental;slow,dance;electronic;hip-hop,6,3,3,1,1,0.6338028169014085,"Allow me to recommend 'The Club' by Dj Alfred ft Mc Sam. It's a track from their album 'The Club'. This song combines elements of electronic, dance, and pop genres with a touch of Hip-Hop. It has a slow tempo and features lyrical piano, which aligns well with your preferences. The acoustic and calm vibe of the music creates a sentimental mood that could be a fitting choice for your video."
884,dD8gAWEPwAI,dD8gAWEPwAI_zYVQCWt0u0U,cf_upbeat_electronic,dance;electronic;modern;pop;rhythm,,5,0,5,1,0,0.6153846153846154,"In that case, I recommend 'Sabia' by Banda Magda. This track is from their album 'Sabia' and combines elements of pop, electronic, and rock. It has a fast-paced rhythm and a modern dance vibe that will add energy to your video."
884,dD8gAWEPwAI,dD8gAWEPwAI_zYVQCWt0u0U,cf_lyrical_piano,acoustic;calm;gentle;melody;sentimental;slow;soft,,7,0,7,1,0,0.4833333333333333,"Allow me to recommend 'Sabia' by Banda Magda. It's a track from their album 'Sabia'. The song combines elements of pop, jazz, and rock with a touch of indie and folk influences. The lyrics are in Spanish, and the music has a slow tempo and a soft acoustic texture. It creates a gentle melody and a calm sentimental mood that could be a perfect fit for your video."
889,4iY51ffFXYo,4iY51ffFXYo_ccYZoJO7iGc,cf_upbeat_electronic,beat;bright;dance;electronic;pop,,5,0,5,1,0,0.7407407407407407,"In that case, I would recommend 'BABA' by Najeeb. This track combines elements of Hip-Hop, electronic, dance, pop, and rock genres. It has a fast-paced beat and a bright mood that will add energy to your video."
889,4iY51ffFXYo,4iY51ffFXYo_ccYZoJO7iGc,cf_lyrical_piano,acoustic;calm;sentimental;slow,electronic;hip-hop,4,2,2,1,1,0.6666666666666667,"Allow me to recommend 'BABA' by Najeeb. It's a track from the album 'BABA' by Najeeb. The song combines elements of Hip-Hop, electronic, rock, and pop with a touch of jazz. It has a slow tempo and a soothing acoustic texture that can create a calm and sentimental mood for your video."
910,5lKPjuBuYDc,5lKPjuBuYDc_KjSks1ZBt_U,cf_upbeat_electronic,beat;beats;bright;dance;electronic;energetic;modern;pop;rhythm,,9,0,9,1,0,0.5535714285714286,"In that case, I recommend 'Happy' by Pharrell Williams. This track is a popular electronic dance song with a catchy beat and a bright mood. It has a clear rhythm and energetic beats that will give your video a modern and pop feel. It's part of the album 'Happy' by Pharrell Williams."
910,5lKPjuBuYDc,5lKPjuBuYDc_KjSks1ZBt_U,cf_lyrical_piano,acoustic;calm;sentimental;slow;soft,electronic,5,1,4,1,1,0.8260869565217391,"I suggest you consider the track 'Love Is An Open Door' from the album 'Frozen'. It's a pop and electronic song with indie and rock influences. The track features a slow tempo, soft acoustic texture, and a calm and sentimental mood. It could be a fitting choice for your video."
916,kqK-Ovwua30,kqK-Ovwua30_OdsKCY4_gc0,cf_upbeat_electronic,bright;electronic;pop;tempo,piano,4,1,3,1,1,0.4693877551020408,"In that case, I recommend 'Beethoven's 5 Secrets' by The Piano Guys. This track is a perfect fit for your video as it combines electronic, rock, and indie elements with a touch of pop. It has a fast tempo and a bright mood that will add energy to your video."
916,kqK-Ovwua30,kqK-Ovwua30_OdsKCY4_gc0,cf_lyrical_piano,acoustic;calm;gentle;melody;piano;sentimental;slow,electronic,7,1,6,1,1,0.7017543859649122,"I recommend 'Beethoven's 5 Secrets' by The Piano Guys. It's a track from their album 'Beethoven's 5 Secrets'. This song combines elements of classical, rock, and electronic music, with a focus on piano and acoustic instruments. It has a slow tempo and a gentle melody that creates a calm and sentimental atmosphere."
1036,YhFYuZyr5Yo,YhFYuZyr5Yo_vBqoI_4em_o,cf_upbeat_electronic,electronic;energetic,,2,0,2,1,0,0.625,"In that case, I would recommend 'Up At The Lake' by The Charlatans. This track is from their album 'Up At The Lake' and it perfectly fits your preferences. It has a rock and indie sound with electronic elements, creating a vibrant and energetic atmosphere. The song was released in 2008 and is part of the album 'Up At The Lake'."
1036,YhFYuZyr5Yo,YhFYuZyr5Yo_vBqoI_4em_o,cf_lyrical_piano,acoustic;calm;gentle;melody;piano;sentimental;slow,,7,0,7,1,0,0.6071428571428572,"Allow me to recommend 'Up At The Lake' by The Charlatans. It's a track from their album 'Up At The Lake'. The song combines elements of rock, indie, and alternative with a focus on piano and acoustic instruments. It has a slow tempo and a gentle melody that creates a calm and sentimental atmosphere."
1060,D8B7F9T1eZM,D8B7F9T1eZM_z08BQP7eZX4,cf_upbeat_electronic,beat;bright;dance;electronic;pop,,5,0,5,1,0,0.6470588235294117,"In that case, I recommend 'Pssst' by Die Lollipops. This track is from their album 'Pssst' and offers a perfect blend of electronic, dance, and pop genres. It has a catchy beat and a bright mood that will add energy to your video."
1060,D8B7F9T1eZM,D8B7F9T1eZM_z08BQP7eZX4,cf_lyrical_piano,sentimental;slow,dance;electronic,2,2,0,0,1,0.5,"Allow me to recommend 'Pssst' by Die Lollipops. It's a track from their album 'Pssst'. The song combines elements of pop, dance, and electronic music with a touch of rock. It features female vocals and has a slow tempo, which creates a soothing and sentimental atmosphere."
1083,IzsgBQQmV5w,IzsgBQQmV5w_-bpv_MI1RFY,cf_upbeat_electronic,beat;dance;electronic;modern;pop,,5,0,5,1,0,0.7457627118644068,"In that case, I recommend 'Street College' by Shelly. This track combines elements of Hip-Hop, electronic, pop, and dance genres. It has a fast-paced beat and a modern dance vibe that will add energy to your video."
1083,IzsgBQQmV5w,IzsgBQQmV5w_-bpv_MI1RFY,cf_lyrical_piano,acoustic;calm;sentimental;slow,electronic;hip-hop,4,2,2,1,1,0.6666666666666667,"I suggest checking out 'Street College' by Shelly. It's a track from the album 'Street College' and features a mix of Hip-Hop, electronic, pop, and rock genres. The song has a slow tempo and a soothing acoustic texture, which can create a calm and sentimental mood for your video."
1105,K0kCJKdYWik,K0kCJKdYWik_tAZtZfm0MnY,cf_upbeat_electronic,beat;dance;electronic;modern;pop,,5,0,5,1,0,0.6595744680851063,"In that case, I recommend 'Want It All' by S. This track combines elements of Hip-Hop, R&B, pop, and electronic music. It has a fast-paced beat and a modern dance vibe that will add energy to your video."
1105,K0kCJKdYWik,K0kCJKdYWik_tAZtZfm0MnY,cf_lyrical_piano,acoustic;calm;sentimental;slow,electronic;hip-hop,4,2,2,1,1,0.6481481481481481,"Allow me to recommend 'Want It All' by S. It's a track from the album 'Want It All'. The song combines elements of Hip-Hop, R&B, pop, and soul with a touch of electronic influences. It has a slow tempo and a soothing acoustic texture, which can create a calm and sentimental mood for your video."
1119,rZb8WsdW5eM,rZb8WsdW5eM_8l5B3peJABY,cf_upbeat_electronic,beat;beats;bright;dance;electronic;energetic;modern;pop;rhythm,,9,0,9,1,0,0.6984126984126984,"In that case, I recommend 'Stay' by Rachel Brown & ELEW. This track combines elements of pop, rock, and indie with electronic influences. It has a bright and energetic sound with a clear rhythm and energetic beats. It's perfect for creating a modern dance or pop feel in your video."
1119,rZb8WsdW5eM,rZb8WsdW5eM_8l5B3peJABY,cf_lyrical_piano,emotional;lyrical;piano;slow,,4,0,4,1,0,0.6333333333333333,"In that case, I recommend 'Stay' by Rachel Brown & ELEW. This track combines elements of pop, rock, indie, and folk with a touch of jazz. It features beautiful lyrics and a slow tempo, creating a soothing and emotional atmosphere. The lyrical piano adds a touch of elegance to the music."
1136,zI51uay2YXg,zI51uay2YXg_GAPYhU8aI8A,cf_upbeat_electronic,bright;dance;electronic;energetic;modern;pop,,6,0,6,1,0,0.7090909090909091,"In that case, I recommend 'Fugly' by Stevie B. This track has a catchy electronic sound with elements of Hip-Hop, pop, and dance. It has a bright and energetic vibe that will add a modern and lively feel to your video."
1136,zI51uay2YXg,zI51uay2YXg_GAPYhU8aI8A,cf_lyrical_piano,acoustic;calm;sentimental;slow,electronic;hip-hop,4,2,2,1,1,0.5094339622641509,"Allow me to recommend 'Fugly' by Stevie B. It's a track from his album 'Fugly'. The song combines elements of Hip-Hop, electronic, and pop with a touch of rock. It has a slow tempo and a soothing acoustic texture, which can create a calm and sentimental mood for your video."
1207,ItV4NVU0u6I,ItV4NVU0u6I_Ldq1rh8OYuc,cf_upbeat_electronic,electronic;energetic;modern;pop,,4,0,4,1,0,0.6666666666666667,"In that case, I would recommend 'Nuestra Vida' by Nada Que Objetar. This track falls under the rock, indie, alternative, and pop genres, and it has a fast-paced and energetic sound with electronic elements. It will give your video a lively and modern feel."
1207,ItV4NVU0u6I,ItV4NVU0u6I_Ldq1rh8OYuc,cf_lyrical_piano,acoustic;slow,,2,0,2,1,0,0.3877551020408163,"Allow me to recommend 'Nuestra Vida' by Nada Que Objetar. It's a track from their album 'Nuestra Vida'. The song combines elements of rock, indie, and alternative with a focus on guitar and vocals. It has a slow tempo and a soothing acoustic sound that could be a fitting choice for your video."
1210,ah7goU7kudo,ah7goU7kudo_al2m-IPmf5o,cf_upbeat_electronic,beat;dance;electronic;energetic;pop;tempo;upbeat,,7,0,7,1,0,0.7301587301587302,"In that case, I recommend 'Good Feeling' by Mikill Pane. This track is a perfect fit for your video as it combines electronic, dance, pop, and rock elements. It has a fast tempo and a catchy beat that will create an energetic and upbeat atmosphere."
1210,ah7goU7kudo,ah7goU7kudo_al2m-IPmf5o,cf_lyrical_piano,acoustic;calm;sentimental;slow,electronic;hip-hop,4,2,2,1,1,0.5344827586206897,"Allow me to recommend 'Good Feeling' by Mikill Pane. It's a track from the album 'Good Feeling'. This song combines elements of pop, electronic, and rock with a touch of Hip-Hop. It has a slow tempo and a soothing acoustic texture, which can create a calm and sentimental mood for your video."
1226,VBDoZ0Tu5CI,VBDoZ0Tu5CI_K29bp9zG0jA,cf_upbeat_electronic,bright;dance;electronic;pop;rhythm,,5,0,5,1,0,0.7857142857142857,"In that case, I would recommend 'Tú y yo' by Maite Perroni. This track is a perfect fit for your preferences as it combines elements of pop, dance, and electronic music. It has a catchy rhythm and a bright mood that will add energy to your video."
1226,VBDoZ0Tu5CI,VBDoZ0Tu5CI_K29bp9zG0jA,cf_lyrical_piano,acoustic;slow,dance;electronic,2,2,0,0,1,0.6428571428571428,"Allow me to recommend 'Tú y yo' by Maite Perroni. It's a track from her album 'Tú y yo'. The song combines elements of pop, dance, and electronic music with a touch of rock. It features Maite Perroni's beautiful vocals and has a slow tempo and acoustic sound. The lyrics are in Spanish and the music video was directed by Carlos Pérez."
1240,Tqo1UOK1I44,Tqo1UOK1I44_skTcQLUZKEA,cf_upbeat_electronic,beat;beats;electronic;energetic;modern;pop;rhythm,,7,0,7,1,0,0.7741935483870968,"In that case, I would recommend 'Somos' by Los Pinguinos. This track is part of the album 'Somos' and offers a perfect blend of rock, indie, electronic, and pop genres. It has a fast-paced rhythm and energetic beats that will give your video a lively and modern feel."
1240,Tqo1UOK1I44,Tqo1UOK1I44_skTcQLUZKEA,cf_lyrical_piano,acoustic;gentle;piano;sentimental;slow,,5,0,5,1,0,0.5087719298245614,"Allow me to recommend 'Love Is Alive' by The Cure. It's a track from their album 'Love Is Alive'. This song combines elements of rock, indie, and alternative with a focus on piano. It has a slow tempo and a soothing acoustic texture, creating a gentle and sentimental mood that could be a perfect fit for your video."
1269,KGmsoYvx7ng,KGmsoYvx7ng_s6CDWoTZi68,cf_upbeat_electronic,dance;electronic;energetic;modern;pop,,5,0,5,1,0,0.6785714285714286,"In that case, I recommend 'The Slaughterhouse' by Dirge Eternal. This track is from their album 'The Slaughterhouse' and offers a perfect blend of metal, rock, and electronic elements. It has a fast-paced and energetic sound with a modern dance and pop influence."
1269,KGmsoYvx7ng,KGmsoYvx7ng_s6CDWoTZi68,cf_lyrical_piano,acoustic;gentle;sentimental;slow,,4,0,4,1,0,0.5614035087719298,"Allow me to recommend 'The Slaughterhouse' by Dirge Eternal. It's a track from their album 'The Slaughterhouse'. The song combines elements of metal, rock, and heavy metal with a touch of alternative and hard rock. It has a slow tempo and a soothing acoustic texture, which can create a gentle and sentimental mood for your video."
1311,CSvBwXlOQPY,CSvBwXlOQPY_iZOXwI35PZY,cf_upbeat_electronic,electronic;pop,,2,0,2,1,0,0.6557377049180328,"In that case, I recommend 'DREAM' by Mickey Factz. This track has a chillout and ambient vibe, perfect for creating a relaxing atmosphere in your video. It falls under the genres of Hip-Hop, electronic, rock, and pop, with elements of indie and alternative. The song has a soothing and melodic sound, making it a great choice for your video."
1311,CSvBwXlOQPY,CSvBwXlOQPY_iZOXwI35PZY,cf_lyrical_piano,lyrical;piano;slow,electronic;hip-hop,3,2,1,1,1,0.36,"Allow me to recommend 'ANIMAL - DREAM (VIDEO) (CLIMATE CHANGE MIXTAPE) by Mickey Factz. It's a track from the album 'CLIMATE CHANGE MIXTAPE'. The song combines elements of Hip-Hop, electronic, and rock with a chillout and ambient vibe. It has a slow tempo and features lyrical piano, which aligns well with your preferences."
1322,pgoDe__Fm-Y,pgoDe__Fm-Y_vf4LLox2GTE,cf_upbeat_electronic,bright;electronic;pop;rhythm,,4,0,4,1,0,0.7547169811320755,"In that case, I recommend 'Meaningless Love' by Jinny Ng. This track is from her album 'Meaningless Love' and offers a blend of pop, rock, and electronic genres. It has a fast-paced rhythm and a bright mood that will add energy to your video."
1322,pgoDe__Fm-Y,pgoDe__Fm-Y_vf4LLox2GTE,cf_lyrical_piano,acoustic;gentle;lyrical;melody;piano;sentimental;slow,,7,0,7,1,0,0.8392857142857143,"In that case, I recommend 'Meaningless Love' by Jinny Ng. This track is from her album 'Meaningless Love' and features lyrical piano and a slow tempo. The acoustic texture and gentle melody create a soothing and sentimental atmosphere, perfect for your video."
1333,sZNtPlWq5gI,sZNtPlWq5gI_tl_4Jx7umvs,cf_upbeat_electronic,beat;dance;electronic;energetic;pop;rhythm,,6,0,6,1,0,0.6862745098039216,"In that case, I recommend 'Cadillacs and Videos' by Sam Lachow. This track combines elements of Hip-Hop, electronic, pop, and dance genres. It has a fast-paced beat and a catchy rhythm that will give your video a lively and energetic feel."
1333,sZNtPlWq5gI,sZNtPlWq5gI_tl_4Jx7umvs,cf_lyrical_piano,emotional;lyrical;piano;sentimental;slow,electronic;hip-hop,5,2,3,1,1,0.7213114754098361,"Allow me to recommend 'Cadillacs and Videos' by Sam Lachow. It's a track from his album 'Cadillacs and Videos'. The song combines elements of Hip-Hop, electronic, and pop with a touch of rock and indie influences. It has a slow tempo and features lyrical piano, which aligns well with the emotional and sentimental mood you're looking for."
1395,ufnqxvG8TZ4,ufnqxvG8TZ4_t4zXT4mcPUI,cf_upbeat_electronic,beat;bright;dance;electronic;energetic;pop,,6,0,6,1,0,0.5416666666666667,"In that case, I recommend 'UN ALTRO TIRO' by FRATELLI QUINTALE. This track combines elements of Hip-Hop, electronic, dance, pop, and rock. It has a fast-paced beat and a bright mood that will give your video a lively and energetic feel."
1395,ufnqxvG8TZ4,ufnqxvG8TZ4_t4zXT4mcPUI,cf_lyrical_piano,acoustic;calm;sentimental;slow,electronic;hip-hop,4,2,2,1,1,0.736842105263158,"I suggest checking out the track 'UN ALTRO TIRO' by FRATELLI QUINTALE. It's a hip-hop and electronic song with elements of rock and pop. The track has a slow tempo and a soothing acoustic texture, which can create a calm and sentimental mood for your video."
1401,9-lebVWosiE,9-lebVWosiE_Y3XSMfhR43g,cf_upbeat_electronic,electronic;energetic;pop;rhythm,melody,4,1,3,1,1,0.7868852459016393,"In that case, I would recommend 'Sé que volverás' by JLM. This track is from their album 'Sé que volverás' and offers a perfect blend of rock, indie, pop, and electronic genres. It has a fast-paced rhythm and a catchy melody that will give your video a lively and energetic feel."
1401,9-lebVWosiE,9-lebVWosiE_Y3XSMfhR43g,cf_lyrical_piano,emotional;piano;slow,,3,0,3,1,0,0.5535714285714286,"Allow me to recommend 'Sé que volverás' by JLM. It's a track from their album 'Sé que volverás'. The song combines elements of rock, pop, and indie with a touch of alternative. It has a slow tempo and features piano, which creates a soothing and emotional atmosphere. The lyrics are in Spanish, adding a unique cultural element to the music."
1434,Gzse71YV_-Q,Gzse71YV_-Q_dGe3HxoH1nM,cf_upbeat_electronic,dance;electronic;energetic;modern;pop;rhythm,,6,0,6,1,0,0.7,"In that case, I recommend 'Linnin' It' by MISS KO 葛仲珊. This track combines elements of Hip-Hop, electronic, rock, and pop, creating a vibrant and energetic sound. It has a clear rhythm and a modern dance or pop feel that aligns with your preferences."
1434,Gzse71YV_-Q,Gzse71YV_-Q_dGe3HxoH1nM,cf_lyrical_piano,emotional;lyrical;piano;sentimental;slow,hip-hop,5,1,4,1,1,0.75,"Allow me to recommend 'Linnin' It' by MISS KO 葛仲珊. It's a track from her album 'Linnin' It'. The song combines elements of Hip-Hop, soul, and rock with a touch of jazz. It has a slow tempo and features lyrical piano, which aligns well with the emotional and sentimental mood you're looking for."
1455,XXgtN7TA1V8,XXgtN7TA1V8_LqTg77a6R9I,cf_upbeat_electronic,beat;dance;electronic;energetic;pop;tempo;upbeat,,7,0,7,1,0,0.64,"In that case, I recommend 'Дежавю' by Just name. This track combines elements of Hip-Hop, electronic, R&B, pop, and dance genres. It has a fast tempo and a catchy beat that will create an upbeat and energetic atmosphere for your video."
1455,XXgtN7TA1V8,XXgtN7TA1V8_LqTg77a6R9I,cf_lyrical_piano,emotional;piano;slow,hip-hop,3,1,2,1,1,0.6727272727272727,"Allow me to recommend 'Дежавю' by Just name. It's a track from their album 'Дежавю'. The song combines elements of Hip-Hop, R&B, and pop with a slow tempo and a piano-driven sound. It has a soothing and emotional vibe that could be a perfect fit for your video."
1463,reOgdkVqjsg,reOgdkVqjsg_sSInpse53Tk,cf_upbeat_electronic,beat;beats;electronic;energetic;modern;pop;tempo,,7,0,7,1,0,0.7540983606557377,"In that case, I would recommend 'Sunshine' by The Stereo. This track has a rock and indie sound with electronic and pop influences. It has a fast tempo and energetic beats that will give your video a lively and modern feel."
1463,reOgdkVqjsg,reOgdkVqjsg_sSInpse53Tk,cf_lyrical_piano,lyrical;piano;sentimental;slow,,4,0,4,1,0,0.5666666666666667,"Allow me to recommend 'Love Is A Battlefield' by The Buzz. It's a track from their album 'Love Is A Battlefield'. The song combines elements of rock, indie, and alternative with a touch of pop. It has a slow tempo and features lyrical piano, which can create a soothing and sentimental atmosphere for your video."
1489,8Ej4PzaoqpU,8Ej4PzaoqpU_A84hNilKxFM,cf_upbeat_electronic,bright;dance;electronic;energetic;modern;pop;tempo,,7,0,7,1,0,0.4782608695652174,"In that case, I recommend 'Maxin' by Wes Krave. This track combines elements of Hip-Hop, electronic, dance, pop, and rock genres. It has a fast tempo and a bright mood that will create an energetic and modern dance vibe for your video."
1489,8Ej4PzaoqpU,8Ej4PzaoqpU_A84hNilKxFM,cf_lyrical_piano,lyrical;piano,dance;electronic;hip-hop,2,3,-1,0,1,0.7966101694915254,"Allow me to recommend 'Lyrical Piano Background Music'. It's a track that falls under the genres of Hip-Hop, electronic, R&B, pop, and dance. Although there is no specific information about the track, it is likely to have the elements you are looking for."
1509,rVO2byp-tWg,rVO2byp-tWg_m0YLOxKlURQ,cf_upbeat_electronic,beat;dance;electronic;energetic;pop;rhythm,,6,0,6,1,0,0.5660377358490566,"In that case, I recommend 'Hüftgold' by Miss Platnum feat. It's a track from their album 'Hüftgold'. This song combines elements of pop, dance, and electronic music, with a touch of rock. It has a fast-paced rhythm and a catchy beat that will give your video a lively and energetic feel."
1509,rVO2byp-tWg,rVO2byp-tWg_m0YLOxKlURQ,cf_lyrical_piano,acoustic;calm;sentimental;slow,electronic,4,1,3,1,1,0.6721311475409837,"Allow me to recommend 'Hüftgold' by Miss Platnum feat;. It's a track from their album 'Hüftgold'. The song combines elements of pop, electronic, and rock genres with a focus on female vocals. It has a slow tempo and a soothing acoustic texture that can create a calm and sentimental atmosphere for your video."
1528,lXhW9YQhkEU,lXhW9YQhkEU_tGlKac8RVS4,cf_upbeat_electronic,beat;beats;bright;dance;electronic;energetic;modern;pop;rhythm,,9,0,9,1,0,0.7619047619047619,"In that case, I recommend 'Morning Sun' by Strange Talk. This track is from their album 'Morning Sun' and it perfectly fits your preferences. It has a catchy electronic sound with a bright mood, clear rhythm, energetic beats, and a modern dance or pop feeling. It's a great choice for your video."
1528,lXhW9YQhkEU,lXhW9YQhkEU_tGlKac8RVS4,cf_lyrical_piano,acoustic;calm;gentle;melody;sentimental;slow;soft,electronic,7,1,6,1,1,0.6935483870967742,"In that case, I recommend 'Morning Sun' by Strange Talk. This track has a perfect blend of electronic, rock, and pop elements, with a touch of indie influence. The lyrics are captivating and the music has a slow tempo, soft acoustic texture, gentle melody, and a calm sentimental mood. It's a great choice for your video."
1566,CXKRC8Bfy0M,CXKRC8Bfy0M_KJvt2xsg34s,cf_upbeat_electronic,beat;dance;electronic;energetic;modern;pop;tempo,,7,0,7,1,0,0.6545454545454545,"In that case, I recommend 'Fallin' by Mutya Buena ft; 2 Unlimited. This track combines electronic, dance, and pop elements with a touch of house music. It has a fast tempo and a catchy beat that will create an energetic and modern atmosphere for your video."
1566,CXKRC8Bfy0M,CXKRC8Bfy0M_KJvt2xsg34s,cf_lyrical_piano,acoustic;calm;sentimental;slow,dance;electronic,4,2,2,1,1,0.7413793103448276,"Allow me to recommend 'Fallin' by Mutya Buena ft; 212. It's a track from their album 'Fallin'. This song combines elements of pop, dance, and electronic music with a touch of R&B. It features a slow tempo and a soothing acoustic texture, creating a calm and sentimental mood."
1586,ssc67bXV6lU,ssc67bXV6lU_TxqJOm0601k,cf_upbeat_electronic,beat;bright;dance;electronic;energetic;pop,,6,0,6,1,0,0.7796610169491526,"In that case, I recommend 'Pourquoi tu fais du rap' by Darklight and KronikGz. This track combines elements of Hip-Hop, electronic, dance, pop, and rock. It has a fast-paced beat and a bright mood that will give your video a lively and energetic feel."
1586,ssc67bXV6lU,ssc67bXV6lU_TxqJOm0601k,cf_lyrical_piano,acoustic;sentimental;slow,electronic;hip-hop;rap,3,3,0,0,1,0.6333333333333333,"Allow me to recommend 'Pourquoi tu fais du rap' by Darklight and KronikGz. It's a track from their album 'Pourquoi tu fais du rap'. The song combines elements of Hip-Hop, electronic, and rock with a touch of soul and jazz. It has a slow tempo and a soothing acoustic texture that can create a relaxing and sentimental atmosphere for your video."
1596,TIQC76MfPHQ,TIQC76MfPHQ_lzjELi7VPx0,cf_upbeat_electronic,dance;electronic;energetic;pop;rhythm;tempo,,6,0,6,1,0,0.6964285714285714,"In that case, I recommend 'Blah Blah Blah' by Ke$ha. This track is from her album 'Blah Blah Blah' and offers the perfect blend of electronic, dance, and pop genres. It has a fast tempo and a catchy rhythm that will give your video a lively and energetic feel."
1596,TIQC76MfPHQ,TIQC76MfPHQ_lzjELi7VPx0,cf_lyrical_piano,acoustic;sentimental;slow,dance;electronic,3,2,1,1,1,0.711864406779661,"Allow me to recommend 'Blah Blah Blah' by Ke$ha. It's a track from her album 'Blah Blah Blah'. The song combines elements of pop, dance, and electronic music with a touch of rock. It features Ke$ha's distinctive vocals and has a slow tempo and acoustic elements that create a soothing and sentimental atmosphere."
1601,8_VrafS-ldU,8_VrafS-ldU_gze0sjhxZ7Q,cf_upbeat_electronic,dance;electronic;energetic;modern;pop;rhythm,,6,0,6,1,0,0.6470588235294117,"In that case, I recommend 'Ducking' by Fadda Fox. This track combines electronic, dance, pop, and Hip-Hop elements, creating a vibrant and energetic sound. It has a clear rhythm and a modern dance or pop feel that will add a lively atmosphere to your video."
1601,8_VrafS-ldU,8_VrafS-ldU_gze0sjhxZ7Q,cf_lyrical_piano,acoustic;sentimental;slow,dance;electronic;hip-hop,3,3,0,0,1,0.6896551724137931,"Allow me to recommend 'Ducking' by Fadda Fox. It's a track from their album 'Ducking'. This song combines elements of Hip-Hop, electronic, pop, and dance with a touch of rock. It has a slow tempo and a soothing acoustic texture, which can create a relaxing and sentimental atmosphere for your video."
1603,l3IbMrnSJtM,l3IbMrnSJtM_1JLiGvkrL0s,cf_upbeat_electronic,dance;electronic;energetic;modern;pop;rhythm,,6,0,6,1,0,0.6666666666666667,"In that case, I recommend '太陽と月' by Shoko Furukawa & Albert Takagi. This track is a beautiful song with a mix of pop, rock, and electronic elements. It has a fast-paced rhythm and a modern dance vibe that will add an energetic and lively feel to your video."
1603,l3IbMrnSJtM,l3IbMrnSJtM_1JLiGvkrL0s,cf_lyrical_piano,acoustic;calm;gentle;melody;sentimental;slow;soft,,7,0,7,1,0,0.7936507936507937,"In that case, I recommend '太陽と月' by Shoko Furukawa & Albert Takagi. This track is a beautiful song with lyrics that express the love between a mother and her child. It has a slow tempo, soft acoustic texture, gentle melody, and a calm sentimental mood that would be perfect for your video."
1615,M7GS21LLo3o,M7GS21LLo3o_znyeIK_Zsz0,cf_upbeat_electronic,dance;electronic;modern;pop;rhythm,,5,0,5,1,0,0.7419354838709677,"In that case, I recommend 'L'amour est un oiseau rebelle' by Céline Dion. This track is from her album 'L'amour est un oiseau rebelle' and features a mix of pop, rock, and electronic elements. It has a fast-paced rhythm and a modern dance vibe that will add energy to your video."
1615,M7GS21LLo3o,M7GS21LLo3o_znyeIK_Zsz0,cf_lyrical_piano,acoustic;gentle;lyrical;piano;slow;soft,,6,0,6,1,0,0.8266666666666667,"In that case, I recommend the track 'L'amour est un oiseau rebelle' by Céline Dion. This song has a beautiful lyrical piano background and a slow tempo, creating a soft and gentle atmosphere. It falls under the genres of pop, rock, and folk, with a touch of acoustic and indie influences. The lyrics are written by Céline Dion and the music is composed by Jean-Jacques Goldman."
1630,qwVb5h89xbc,qwVb5h89xbc_s-TyeDOkibY,cf_upbeat_electronic,beat;beats;bright;energetic;pop,,5,0,5,1,0,0.7868852459016393,"In that case, I would recommend 'Cheap Whiskey' by Martina McBride. This track is a perfect fit for your video as it combines elements of rock, pop, and country with a touch of indie and alternative. The energetic beats and bright mood will create a lively atmosphere for your video."
1630,qwVb5h89xbc,qwVb5h89xbc_s-TyeDOkibY,cf_lyrical_piano,acoustic;calm;gentle;melody;sentimental;slow;soft,,7,0,7,1,0,0.8275862068965517,"In that case, I recommend 'Cheap Whiskey' by Martina McBride. This track is a beautiful song with a slow tempo, soft acoustic texture, and a gentle melody. It has a sentimental mood that can create a calming atmosphere for your video."
1669,cWVri5XGGA8,cWVri5XGGA8_tuP5rCmHIaA,cf_upbeat_electronic,beat;dance;electronic;energetic;pop;rhythm,,6,0,6,1,0,0.5892857142857143,"In that case, I recommend 'CON MI TUMBAO' by MOWLIHAWK featuring BIG MATO. This track combines elements of Hip-Hop, electronic, R&B, dance, and pop genres. It has a fast-paced beat and a catchy rhythm that will give your video a lively and energetic feel."
1669,cWVri5XGGA8,cWVri5XGGA8_tuP5rCmHIaA,cf_lyrical_piano,lyrical;piano;slow,electronic;hip-hop,3,2,1,1,1,0.4642857142857143,"Allow me to recommend 'CON MI TUMBAO' by MOWLIHAWK featuring BIG MATO. It's a track from their album 'CON MI TUMBAO'. The song combines elements of Hip-Hop, R&B, and electronic music with a touch of rock. It has a slow tempo and features lyrical piano, which aligns well with the specific elements you're looking for."
1679,FxP12uqkRmg,FxP12uqkRmg_bO9FLYYvuWw,cf_upbeat_electronic,beat;dance;electronic;modern;pop,,5,0,5,1,0,0.5909090909090908,"In that case, I recommend '30 SEXY' by Rain. This track is from the album '30 SEXY' and offers a perfect blend of electronic, dance, pop, and R&B genres. It has a catchy beat and a modern dance vibe that will add energy to your video."
1679,FxP12uqkRmg,FxP12uqkRmg_bO9FLYYvuWw,cf_lyrical_piano,acoustic;gentle;lyrical;piano;sentimental;slow;soft,beat;beats;electronic;hip-hop,7,4,3,1,1,0.7254901960784313,"Allow me to recommend 'Sexy' by Rain. It's a track from his album 'Sexy'. It combines elements of pop, R&B, and hip-hop with electronic beats and a slow tempo. The song has a lyrical piano background and a soft acoustic texture, creating a gentle and sentimental mood."
1685,d1rpgmfOVMg,d1rpgmfOVMg_lqjqZgHn050,cf_upbeat_electronic,beat;beats;dance;electronic;energetic;modern;pop;rhythm,,8,0,8,1,0,0.7,"In that case, I recommend 'Dynamite' by Taio Cruz featuring Britney Spears. This track is a perfect fit for your preferences, as it combines electronic, dance, and pop elements with a fast-paced rhythm and energetic beats. It has a modern dance and pop feel that will add a vibrant and lively atmosphere to your video."
1685,d1rpgmfOVMg,d1rpgmfOVMg_lqjqZgHn050,cf_lyrical_piano,acoustic;slow,dance;electronic,2,2,0,0,1,0.6417910447761195,"Allow me to recommend 'I Can Be' by Taio Cruz featuring Britney Spears. It's a track from their album 'I Can Be'. This song combines elements of pop, dance, and electronic music with a touch of rock. It features Taio Cruz's distinctive vocals and Britney Spears' powerful presence. The lyrics are about finding love and the music has a slow tempo with a soothing acoustic texture. It's a perfect choice for your video."
1689,SCJrvPr92u4,SCJrvPr92u4_-ey67-zHusQ,cf_upbeat_electronic,bright;dance;electronic;energetic;modern;pop;rhythm,,7,0,7,1,0,0.6724137931034483,"In that case, I recommend 'My Queen' by YT Man. This track combines elements of pop, Hip-Hop, electronic, and rock genres. It has a fast-paced and energetic sound with a bright mood and clear rhythm. It's perfect for creating a modern dance or pop feeling in your video."
1689,SCJrvPr92u4,SCJrvPr92u4_-ey67-zHusQ,cf_lyrical_piano,emotional;lyrical;piano;slow,hip-hop,4,1,3,1,1,0.5555555555555556,"Allow me to recommend 'My Queen' by YT Man. It's a track from his album 'My Queen'. The song combines elements of Hip-Hop, pop, and rock with a touch of R&B. It has a slow tempo and features lyrical piano, which can create a soothing and emotional atmosphere for your video."
1698,lgBOgKr-HJo,lgBOgKr-HJo_tA5vcZ7CJyI,cf_upbeat_electronic,dance;electronic;energetic;modern;pop;rhythm;tempo,,7,0,7,1,0,0.6440677966101696,"In that case, I recommend 'Bacchanalist' by Kerwin Du Bois. This track is from the album 'Bacchanalist' and offers a blend of electronic, pop, and dance genres. It has a fast tempo and a clear rhythm, which will create an energetic and modern dance vibe for your video."
1698,lgBOgKr-HJo,lgBOgKr-HJo_tA5vcZ7CJyI,cf_lyrical_piano,acoustic;calm;gentle;melody;sentimental;slow,electronic,6,1,5,1,1,0.49122807017543857,"Allow me to recommend 'Bacchanalist' by Kerwin Du Bois. It's a track from his album 'Bacchanalist'. The song combines elements of pop, rock, and electronic music with a slow tempo and a soothing acoustic texture. It has a gentle melody and a calm sentimental mood that could be a fitting choice for your video."
1713,8n1M2_OuoEo,8n1M2_OuoEo_ylt23Hk65kM,cf_upbeat_electronic,dance;electronic;energetic;pop;rhythm;tempo,,6,0,6,1,0,0.7611940298507462,"In that case, I recommend 'Latinoamérica Patea (Para la Tuerka Rap)' by Los Hijos De Los Días. This track combines elements of Hip-Hop, electronic, pop, dance, and rock, creating a vibrant and energetic sound. It has a fast tempo and a clear rhythm that will add excitement to your video."
1713,8n1M2_OuoEo,8n1M2_OuoEo_ylt23Hk65kM,cf_lyrical_piano,acoustic;sentimental;slow,electronic;hip-hop,3,2,1,1,1,0.6451612903225806,"Allow me to recommend 'Los Hijos De Los Días' by Los Hijos De Los Días. It's a track from their album 'Los Hijos De Los Días'. The song combines elements of Hip-Hop, pop, and rock with electronic and indie influences. It has a slow tempo and a soothing acoustic texture, which can create a relaxing and sentimental atmosphere for your video."
1753,dfMrsrzxZxc,dfMrsrzxZxc_FL9Vv_mEwN8,cf_upbeat_electronic,beat;dance;electronic;energetic;modern;pop;rhythm,,7,0,7,1,0,0.41860465116279066,"In that case, I recommend 'Why Me' by Krizz Kaliko. This track combines elements of Hip-Hop, electronic, pop, and dance genres. It has a fast-paced beat and a catchy rhythm that will create an energetic and modern dance vibe for your video."
1753,dfMrsrzxZxc,dfMrsrzxZxc_FL9Vv_mEwN8,cf_lyrical_piano,acoustic;calm;lyrical;piano;sentimental;slow,hip-hop,6,1,5,1,1,0.6833333333333333,"Allow me to recommend 'Why Me' by Krizz Kaliko. It's a track from his album 'Kickin' Rhymes'. The song combines elements of Hip-Hop, R&B, and pop with a slow tempo and a soothing acoustic sound. It has a lyrical piano background and a calm, sentimental mood that could be a fitting choice for your video."
1801,psmUG8X-xVo,psmUG8X-xVo_TzzA6SX0LD0,cf_upbeat_electronic,beat;dance;electronic;energetic;pop;rhythm,,6,0,6,1,0,0.6086956521739131,"In that case, I recommend 'Deri Kur Ma-3957' by Alba G. This track combines elements of Hip-Hop, pop, electronic, and dance genres. It has a fast-paced beat and a catchy rhythm that will give your video a lively and energetic feel."
1801,psmUG8X-xVo,psmUG8X-xVo_TzzA6SX0LD0,cf_lyrical_piano,acoustic;calm;emotional;gentle;lyrical;melody;piano;sentimental;slow;soft,electronic;hip-hop,10,2,8,1,1,0.65625,"I understand your preference for lyrical piano background music with a slow tempo, soft acoustic texture, gentle melody, and a calm sentimental mood. In that case, I recommend 'Deri Kur Ma-3957' by Alba G. It's a track that falls under the genres of Hip-Hop, pop, and R&B with electronic and rock influences. The song has a slow tempo and features a piano-driven sound with a touch of guitar. It's a perfect choice for creating a soothing and emotional atmosphere in your video."
1835,i14CO18tEJA,i14CO18tEJA_wyDJKPE1cII,cf_upbeat_electronic,beat;bright;electronic;pop,,4,0,4,1,0,0.6599999999999999,"In that case, I recommend 'Sunshine' by Snoop Dogg. This track combines elements of Hip-Hop, electronic, rock, and pop genres. It has a fast-paced beat and a bright mood that will add energy to your video."
1835,i14CO18tEJA,i14CO18tEJA_wyDJKPE1cII,cf_lyrical_piano,acoustic;calm;sentimental;slow,electronic;hip-hop,4,2,2,1,1,0.746031746031746,"I suggest checking out 'L'amour est un oiseau' by M.A.R.S. It's a track from their album 'L'amour est un oiseau'. This song combines elements of Hip-Hop, electronic, and rock with a touch of jazz and indie influences. It has a slow tempo and a soothing acoustic texture that can create a calm and sentimental atmosphere for your video."
1861,mjpjzg8cPbk,mjpjzg8cPbk_P0OCoCCMsUc,cf_upbeat_electronic,dance;electronic;energetic;modern;pop,,5,0,5,1,0,0.5454545454545454,"In that case, I would recommend 'We Stand (Live)' by Jesus Culture feat. This track is part of the album 'We Cry Out: The Worship Project' and offers a powerful and energetic live performance. It falls under the genres of rock, indie, alternative, and pop, with electronic elements that give it a modern and danceable feel."
1861,mjpjzg8cPbk,mjpjzg8cPbk_P0OCoCCMsUc,cf_lyrical_piano,acoustic;gentle;lyrical;piano;sentimental;slow;soft,,7,0,7,1,0,0.5333333333333333,"Allow me to recommend 'We Stand' by Jesus Culture feat. It's a track from their album 'We Cry Out'. This song combines elements of rock, pop, and alternative genres with a focus on lyrical piano. It has a slow tempo and a soft acoustic texture, creating a gentle and sentimental mood that could be a perfect fit for your video."
1896,kt2lmbNPFk4,kt2lmbNPFk4_C5PUb0hCtj4,cf_upbeat_electronic,beat;dance;electronic;energetic;pop;rhythm,,6,0,6,1,0,0.5740740740740741,"In that case, I recommend 'Keep Your Head Down' by 동방신기 (TVXQ; 5). This track is from their album 'Keep Your Head Down' and offers the perfect blend of electronic, dance, and pop genres. It has a fast-paced rhythm and a catchy beat that will give your video a lively and energetic feel."
1896,kt2lmbNPFk4,kt2lmbNPFk4_C5PUb0hCtj4,cf_lyrical_piano,acoustic;piano;sentimental;soft,beat;electronic;energetic;hip-hop,4,4,0,0,1,0.5689655172413793,"In that case, I recommend 'Keep Your Head Down' by 동방신기 (TVXQ; 5). This track combines elements of Hip-Hop, pop, electronic, and rock genres. It has a fast-paced beat and energetic vocals, but it also has a softer side with a touch of acoustic and piano elements. It's a perfect choice for creating a relaxing and sentimental atmosphere in your video."
1897,bTOju_n8BJ4,bTOju_n8BJ4_ym5bIhHJvM4,cf_upbeat_electronic,beat;dance;electronic;energetic;modern;pop;tempo,,7,0,7,1,0,0.5800000000000001,"In that case, I recommend 'My life is mine' by Miriam Reyes. This track is a dance and electronic song with a pop and house influence. It has a fast tempo and a catchy beat that will create an energetic and modern atmosphere for your video."
1897,bTOju_n8BJ4,bTOju_n8BJ4_ym5bIhHJvM4,cf_lyrical_piano,acoustic;piano;sentimental;slow,dance;electronic,4,2,2,1,1,0.6896551724137931,"Allow me to recommend 'My life is mine' by Miriam Reyes. It's a track from her album 'My life is mine'. The song combines elements of pop, dance, and electronic music with a touch of rock. It has a slow tempo and features a piano and acoustic guitar, creating a soothing and sentimental atmosphere."
1919,8lC-j7d9vsA,8lC-j7d9vsA_xD52EgezbI8,cf_upbeat_electronic,bright;electronic;energetic;pop;tempo,,5,0,5,1,0,0.6458333333333333,"In that case, I would recommend 'NO WONDER' by VIKN×SPERB. This track combines elements of Hip-Hop, electronic, rock, and pop, creating a unique and energetic sound. It has a fast tempo and a bright mood that will add excitement to your video."
1919,8lC-j7d9vsA,8lC-j7d9vsA_xD52EgezbI8,cf_lyrical_piano,lyrical;piano,electronic;hip-hop,2,2,0,0,1,0.7857142857142857,"I suggest checking out 'NO WONDER' by VIKN×SPERB. Although I don't have much information about this track, it falls under the genres of Hip-Hop, rock, electronic, and indie, which align with your preferences. It may have the lyrical piano elements you're looking for."
1950,XS7C6uA8H7Y,XS7C6uA8H7Y_-xufahb_Szs,cf_upbeat_electronic,dance;electronic;modern;pop;rhythm,,5,0,5,1,0,0.6727272727272727,"Allow me to recommend 'Planos impossiveis' by Manu Gavassi. It's a track from his album 'Planos impossiveis'. This song combines elements of pop, rock, and electronic music with a touch of indie and dance influences. It has a fast-paced rhythm and a modern sound that could be a fitting choice for your video."
1950,XS7C6uA8H7Y,XS7C6uA8H7Y_-xufahb_Szs,cf_lyrical_piano,emotional;slow,,2,0,2,1,0,0.6923076923076923,"Allow me to recommend 'Planos impossiveis' by Manu Gavassi. It's a track from his album 'Planos impossiveis'. The song combines elements of pop, rock, and indie with a touch of country. It features female vocals and has a slow tempo, which creates a soothing and emotional atmosphere."
2011,FVVJNFvoRNg,FVVJNFvoRNg_YAkJaQTIZts,cf_upbeat_electronic,bright;dance;electronic;energetic;pop,,5,0,5,1,0,0.5882352941176471,"In that case, I recommend 'Blow' by Land Lord. This track has a fast-paced electronic sound with elements of Hip-Hop, dance, and pop. It has a bright and energetic vibe that will add excitement to your video."
2011,FVVJNFvoRNg,FVVJNFvoRNg_YAkJaQTIZts,cf_lyrical_piano,acoustic;calm;emotional;gentle;lyrical;melody;piano;sentimental;slow;soft,,10,0,10,1,0,0.8732394366197183,"Allow me to recommend 'Lyrical Piano Background Music'. It's a track with a slow tempo, soft acoustic texture, gentle melody, and a calm sentimental mood. Although there is no specific information about the track, it aligns well with your preferences for a relaxing and emotional atmosphere."
2014,3t8sLQEPY0o,3t8sLQEPY0o_aoGA3sc0aMA,cf_upbeat_electronic,dance;electronic;energetic;pop,,4,0,4,1,0,0.65,"In that case, I recommend 'Dead!' by My Chemical Romance. This track is from their album 'Dead!'. It falls under the genres of rock, alternative, and indie with electronic influences. The song has a fast-paced and energetic vibe, perfect for a dance or pop video."
2014,3t8sLQEPY0o,3t8sLQEPY0o_aoGA3sc0aMA,cf_lyrical_piano,acoustic;calm;gentle;melody;sentimental;slow,,6,0,6,1,0,0.609375,"Allow me to recommend 'I'm Not Okay (I Promise)' by My Chemical Romance. It's a track from their album 'I'm Not Okay (I Promise)'. The song combines elements of rock, indie, and alternative with a slow tempo and a soothing acoustic sound. It has a gentle melody and a calm sentimental mood that could be a fitting choice for your video."
2058,btRS8oEZTps,btRS8oEZTps_fjJdFm0fj-o,cf_upbeat_electronic,beat;bright;dance;electronic;energetic;pop,,6,0,6,1,0,0.5098039215686274,"In that case, I recommend 'It's Going Down' by Young Bam feat;. This track combines elements of Hip-Hop, electronic, dance, pop, and rock genres. It has a fast-paced beat and a bright mood that will give your video a lively and energetic feel."
2058,btRS8oEZTps,btRS8oEZTps_fjJdFm0fj-o,cf_lyrical_piano,emotional;lyrical;piano;slow,electronic;hip-hop,4,2,2,1,1,0.5263157894736843,"Allow me to recommend 'It's Going Down' by Young Bam feat;. This track combines elements of Hip-Hop, electronic, and rock genres with a touch of R&B. It has a slow tempo and a lyrical piano background that creates a soothing and emotional atmosphere. The song was released in 2014 and is available on iTunes."
2060,vJ4se76h4pg,vJ4se76h4pg_E4o8oOlzTAQ,cf_upbeat_electronic,beat;beats;electronic;energetic;modern;rhythm,,6,0,6,1,0,0.7538461538461538,"In that case, I would recommend 'Sin Ti' by Los Pirañas. This track is from their album 'Sin Ti' and offers a perfect blend of rock, indie, and electronic genres. It has a fast-paced rhythm and energetic beats that will give your video a lively and modern feel."
2060,vJ4se76h4pg,vJ4se76h4pg_E4o8oOlzTAQ,cf_lyrical_piano,acoustic;piano;slow,,3,0,3,1,0,0.4545454545454546,"Allow me to recommend 'Sin Ti' by Los Pinguinos. It's a track from their album 'Sin Ti'. The song combines elements of rock, indie, and alternative with a focus on guitar and piano. It has a slow tempo and a soothing acoustic sound that could be a fitting choice for your video."
2072,yCBk4C1_90A,yCBk4C1_90A_35Ke6zvmb4k,cf_upbeat_electronic,dance;electronic;pop;rhythm;tempo,,5,0,5,1,0,0.6226415094339622,"In that case, I recommend 'Run the World (Girls) [Remix]' by Beyoncé. This track is a remix of the original song and features a mix of electronic, dance, pop, and rock elements. It has a fast tempo and a catchy rhythm that will add energy to your video."
2072,yCBk4C1_90A,yCBk4C1_90A_35Ke6zvmb4k,cf_lyrical_piano,acoustic;calm;gentle;melody;sentimental;slow,dance;electronic,6,2,4,1,1,0.5636363636363637,"Allow me to recommend 'Run the World (Girls)'. It's a track from Beyoncé's album 'Run the World (Girls)'. The song combines elements of pop, dance, and electronic music with a slow tempo and a soothing acoustic texture. It has a gentle melody and a calm sentimental mood that could be a fitting choice for your video."
2088,ZRntURxcjYg,ZRntURxcjYg_dapK0eqVQQU,cf_upbeat_electronic,beat;beats;dance;energetic;modern;rhythm,,6,0,6,1,0,0.6166666666666667,"In that case, I would recommend 'The Way I Am' by Ana Johnsson. This track is from her album 'The Way I Am' and it perfectly fits your preferences. It has a rock and indie sound with alternative and punk influences. The song has a fast-paced rhythm and energetic beats, which will give your video a modern and danceable feel."
2088,ZRntURxcjYg,ZRntURxcjYg_dapK0eqVQQU,cf_lyrical_piano,emotional;lyrical;piano;slow,,4,0,4,1,0,0.4385964912280702,"Allow me to recommend 'The Way I Am' by Ana Johnsson. It's a track from her album 'The Way I Am'. This song combines elements of rock, indie, and alternative with a touch of pop. It has a slow tempo and features lyrical piano, which aligns well with your preferences. The song has a soothing and emotional vibe that could be a perfect fit for your video."
2116,i8bWAIOD5Mc,i8bWAIOD5Mc__BnNJkJUDbQ,cf_upbeat_electronic,beat;dance;electronic;energetic;pop;tempo,,6,0,6,1,0,0.5471698113207547,"In that case, I recommend 'HotBoy' by YAMAMAS featuring Baby King. This track combines elements of Hip-Hop, electronic, dance, pop, and electro genres. It has a fast tempo and a catchy beat that will give your video a lively and energetic feel."
2116,i8bWAIOD5Mc,i8bWAIOD5Mc__BnNJkJUDbQ,cf_lyrical_piano,acoustic;calm;gentle;melody;sentimental;slow,electronic;hip-hop,6,2,4,1,1,0.7014925373134329,"Allow me to recommend 'Love Me' by The-Dream featuring Drake. It's a track from The-Dream's album 'Love Me'. The song combines elements of Hip-Hop, electronic, and pop with a slow tempo and a soothing acoustic texture. It has a gentle melody and a calm sentimental mood that could be a fitting choice for your video."
2172,sBTkevwy9xo,sBTkevwy9xo_i8Q6ZmEVZxI,cf_upbeat_electronic,dance;electronic;modern;rhythm,,4,0,4,1,0,0.631578947368421,"In that case, I recommend 'Warriors' by Imagine Dragons. This track is from their album 'Warriors' and offers a perfect blend of rock, electronic, and indie genres. It has a fast-paced rhythm and a modern dance vibe that will add energy to your video."
2172,sBTkevwy9xo,sBTkevwy9xo_i8Q6ZmEVZxI,cf_lyrical_piano,emotional;lyrical;piano;slow,electronic,4,1,3,1,1,0.5263157894736843,"Allow me to recommend 'Warriors' by Imagine Dragons. It's a track from their album 'Warriors'. The song combines elements of rock, indie, and alternative with a touch of electronic and pop. It has a slow tempo and features lyrical piano, which can create a soothing and emotional atmosphere for your video."
2176,3LJM-jE1ms4,3LJM-jE1ms4_A84hNilKxFM,cf_upbeat_electronic,beat;bright;dance;electronic;pop,,5,0,5,1,0,0.6041666666666667,"In that case, I recommend 'Go Girl' by Frank Nitt. This track combines elements of Hip-Hop, electronic, R&B, pop, and dance genres. It has a fast-paced beat and a bright mood that will add energy to your video."
2176,3LJM-jE1ms4,3LJM-jE1ms4_A84hNilKxFM,cf_lyrical_piano,acoustic;calm;gentle;melody;sentimental;slow,electronic;hip-hop,6,2,4,1,1,0.6140350877192983,"Allow me to recommend 'Go Girl' by Frank Nitt. It's a track from his album 'Go Girl'. The song combines elements of Hip-Hop, R&B, and electronic music with a slow tempo and a soothing acoustic texture. It has a gentle melody and a calm sentimental mood that could be a fitting choice for your video."
2216,GavrpKnU4Hc,GavrpKnU4Hc_T7QYuPMt_68,cf_upbeat_electronic,beat;beats;dance;electronic;energetic;modern;pop;tempo,,8,0,8,1,0,0.7096774193548387,"In that case, I would recommend 'Complex 2003' by Video Clip Band Indie Banjarmasin. This track has a rock, indie, and alternative sound with elements of pop and electronic music. It has a fast tempo and energetic beats that will give your video a modern and danceable feel."
2216,GavrpKnU4Hc,GavrpKnU4Hc_T7QYuPMt_68,cf_lyrical_piano,lyrical;piano;sentimental;slow,,4,0,4,1,0,0.5901639344262295,"Allow me to recommend 'Complex 2003' by Video Clip Band Indie Banjarmasin. It's a track from their album 'Complex 2003'. This song combines elements of rock, indie, and alternative with a touch of pop. It has a slow tempo and features lyrical piano, which can create a soothing and sentimental atmosphere for your video."
2223,gZ4g2c5vZec,gZ4g2c5vZec_-c_1948S2sA,cf_upbeat_electronic,dance;electronic;energetic;modern;pop;rhythm,,6,0,6,1,0,0.5,"In that case, I would recommend 'Hősök' by Eckü and Mentha from the album 'Az Offline bemutatja: Eckü + Mentha (Hősök)'. This track combines elements of Hip-Hop, electronic, pop, and dance genres, creating a vibrant and energetic sound. It has a clear rhythm and a modern dance or pop feel that would be perfect for your video."
2223,gZ4g2c5vZec,gZ4g2c5vZec_-c_1948S2sA,cf_lyrical_piano,acoustic;calm;sentimental;slow,electronic;hip-hop,4,2,2,1,1,0.49122807017543857,"I recommend 'Hősök' by Eckü and Mentha. It's a track from their album 'Az Offline bemutatja: Eckü + Mentha (Hősök)'. The song combines elements of Hip-Hop, electronic, and rock with a touch of pop. It has a slow tempo and a soothing acoustic sound that can create a calm and sentimental atmosphere for your video."
2233,bZoYYIslJUU,bZoYYIslJUU_lS16wHO4z9Y,cf_upbeat_electronic,beat;dance;electronic;energetic;modern;pop,,6,0,6,1,0,0.7192982456140351,"In that case, I would recommend 'Ballin' by Yung L. This track has a catchy electronic beat and a modern dance or pop feel. It's perfect for creating an energetic and vibrant atmosphere in your video."
2233,bZoYYIslJUU,bZoYYIslJUU_lS16wHO4z9Y,cf_lyrical_piano,acoustic;calm;gentle;lyrical;melody;piano;sentimental;slow;soft,electronic;hip-hop,9,2,7,1,1,0.5714285714285714,"Allow me to recommend 'Lyrical Piano'. It's a track that combines elements of Hip-Hop, electronic, and R&B with a slow tempo and a soft acoustic texture. The song has a gentle melody and a calm sentimental mood, which could be a fitting choice for your video."
2242,sCbKPeDTPVU,sCbKPeDTPVU_IHuI6bHQzAo,cf_upbeat_electronic,beat;dance;electronic;modern;pop,,5,0,5,1,0,0.6538461538461539,"In that case, I recommend 'Caked Up' by ANAK. This track combines elements of Hip-Hop, R&B, pop, and electronic music. It has a catchy beat and a modern dance vibe that will add energy to your video."
2242,sCbKPeDTPVU,sCbKPeDTPVU_IHuI6bHQzAo,cf_lyrical_piano,emotional;lyrical;piano;slow,electronic;hip-hop,4,2,2,1,1,0.7727272727272727,"Allow me to recommend 'Caked Up' by ANAK. It's a track from their album 'Caked Up'. The song combines elements of Hip-Hop, R&B, pop, and electronic genres. It has a slow tempo and features lyrical piano, which creates a soothing and emotional atmosphere. The track was released in 2013 and is available on iTunes."
2254,Fr2ZASMNaa0,Fr2ZASMNaa0_fQZL6kaJav0,cf_upbeat_electronic,beat;dance;electronic;energetic;modern;pop,,6,0,6,1,0,0.7678571428571428,"In that case, I would recommend 'Fogo' by MC Guime. This track has a hip-hop and electronic sound with elements of pop and rock. It has a fast-paced beat and a modern dance vibe that will give your video a lively and energetic feel."
2254,Fr2ZASMNaa0,Fr2ZASMNaa0_fQZL6kaJav0,cf_lyrical_piano,acoustic;calm;gentle;lyrical;melody;piano;sentimental;slow;soft,,9,0,9,1,0,0.8275862068965517,I recommend 'Fogo' by MC Gui. It's a track with lyrical piano background music and a slow tempo. The song has a soft acoustic texture and a gentle melody that creates a calm and sentimental mood. It's a perfect choice for your video.
2316,Z9ry7JQTl6g,Z9ry7JQTl6g_lHhZJeHP7Ac,cf_upbeat_electronic,beat;bright;dance;electronic;energetic;modern;pop;rhythm;upbeat,,9,0,9,1,0,0.6774193548387097,"In that case, I recommend 'HAPPY' by Pharrell Williams. This track is a perfect fit for your video as it combines elements of pop, dance, electronic, and rock genres. It has a catchy and upbeat electronic sound with a bright mood and clear rhythm. It's a modern dance and pop track that will bring a lively and energetic vibe to your video."
2316,Z9ry7JQTl6g,Z9ry7JQTl6g_lHhZJeHP7Ac,cf_lyrical_piano,acoustic;calm;gentle;lyrical;melody;piano;sentimental;slow;soft,,9,0,9,1,0,0.6071428571428572,"Allow me to recommend 'HAPPY' by Pharrell Williams. It's a track from his album 'HAPPY'. The song combines elements of pop, rock, and soul with a touch of jazz. It features lyrical piano and has a slow tempo, soft acoustic texture, gentle melody, and a calm sentimental mood."
2322,xNEbC01UF2g,xNEbC01UF2g_NYIdJk05pkw,cf_upbeat_electronic,dance;electronic;pop;rhythm,melody,4,1,3,1,1,0.728813559322034,"Allow me to recommend 'Honey Bee' by Blake Shelton. It's a track from his album 'Honey Bee'. This song combines elements of rock, pop, and country with a touch of electronic and dance influences. It has a fast-paced rhythm and a catchy melody that could be a fitting choice for your video."
2322,xNEbC01UF2g,xNEbC01UF2g_NYIdJk05pkw,cf_lyrical_piano,acoustic;sentimental;slow,,3,0,3,1,0,0.7241379310344828,"Allow me to recommend 'Honey Bee' by Blake Shelton. It's a track from his album 'Honey Bee'. The song combines elements of rock, pop, and country with a slow tempo and acoustic guitar. It has a soothing and sentimental vibe that could be a perfect fit for your video."
2325,gHavEbG_MWg,gHavEbG_MWg_BkB1s1VJe44,cf_upbeat_electronic,beat;dance;electronic;energetic;modern;pop;tempo,,7,0,7,1,0,0.6491228070175439,"In that case, I recommend 'Round4round' by BELAIR. This track combines elements of Hip-Hop, electronic, dance, pop, and rock genres. It has a fast tempo and a catchy beat that will create an energetic and modern dance vibe for your video."
2325,gHavEbG_MWg,gHavEbG_MWg_BkB1s1VJe44,cf_lyrical_piano,acoustic;calm;gentle;lyrical;melody;piano;sentimental;slow;soft,,9,0,9,1,0,0.6551724137931034,Allow me to recommend 'Round4round' by BELAIR. It's a track with lyrical piano background music and a slow tempo. The song has a soft acoustic texture and a gentle melody that creates a calm and sentimental mood. It's a perfect choice for your video.
2334,UmBiLFFCJH8,UmBiLFFCJH8_ZLlampP29nk,cf_upbeat_electronic,electronic;energetic,,2,0,2,1,0,0.6785714285714286,"In that case, I would recommend 'Slag Heaps' by The Town Heroes. This track is from their album 'Slag Heaps' and it perfectly fits your preferences. It has a rock and indie sound with electronic elements, creating a unique and energetic atmosphere. The song was released in 2012 and is part of the album 'Slag Heaps'."
2334,UmBiLFFCJH8,UmBiLFFCJH8_ZLlampP29nk,cf_lyrical_piano,acoustic;gentle;piano;sentimental;slow;soft,,6,0,6,1,0,0.5357142857142857,"Allow me to recommend 'Slag Heaps' by The Town Heroes. It's a track from their album 'Slag Heaps'. The song combines elements of rock, indie, and alternative with a focus on guitar and piano. It has a slow tempo and a soft acoustic texture, creating a gentle and sentimental mood that could be a fitting choice for your video."
2368,pQdbNvEAmo0,pQdbNvEAmo0_GOkwlQbLNiM,cf_upbeat_electronic,beat;beats;bright;dance;electronic;energetic;modern;pop;rhythm,,9,0,9,1,0,0.676923076923077,"In that case, I recommend 'Summertime Sadness' by Lana Del Rey. This track is a perfect fit for your video as it combines electronic, pop, and rock elements with a female vocalist. It has a bright mood, clear rhythm, energetic beats, and a modern dance or pop feeling."
2368,pQdbNvEAmo0,pQdbNvEAmo0_GOkwlQbLNiM,cf_lyrical_piano,emotional;melody;piano;sentimental;slow,,5,0,5,1,0,0.7540983606557377,"In that case, I recommend 'Summertime Sadness' by Lana Del Rey. This track has a beautiful and emotional piano melody that creates a slow and soothing atmosphere. It's perfect for creating a sentimental mood in your video."
2378,2WzHhtkF8JM,2WzHhtkF8JM_0Y1v5HCWz6M,cf_upbeat_electronic,beat;bright;dance;electronic;pop,,5,0,5,1,0,0.625,"In that case, I recommend '이러쿵 저러쿵' by F-ve Dolls. This track is from their album 'F-ve Dolls 1st Mini Album' and offers a perfect blend of electronic, dance, and pop genres. It has a catchy beat and a bright mood that will add energy to your video."
2378,2WzHhtkF8JM,2WzHhtkF8JM_0Y1v5HCWz6M,cf_lyrical_piano,acoustic;slow,dance;electronic,2,2,0,0,1,0.6607142857142857,"Allow me to recommend 'I Love You' by 2AM. It's a track from their album '2010 2AM 1st Mini Album'. The song combines elements of pop, dance, and electronic genres with a focus on female vocals. It has a slow tempo and a soothing acoustic texture that could be a fitting choice for your video."
2446,wWCZ65xE-7c,wWCZ65xE-7c_mLg_eN8JPzo,cf_upbeat_electronic,beat;dance;electronic;modern;pop,,5,0,5,1,0,0.6666666666666667,"In that case, I recommend 'Dashie Pon Dem' by W. This track combines elements of Hip-Hop, electronic, dance, pop, and rock genres. It has a fast-paced beat and a modern dance or pop feel that will add energy to your video."
2446,wWCZ65xE-7c,wWCZ65xE-7c_mLg_eN8JPzo,cf_lyrical_piano,acoustic;calm;sentimental;slow,dance;electronic;hip-hop,4,3,1,1,1,0.5490196078431373,"Allow me to recommend 'Dashie Pon Dem' by W. It's a track from the album 'Dashie Pon Dem'. This song combines elements of Hip-Hop, electronic, dance, pop, and R&B. It has a slow tempo and a soothing acoustic texture, which can create a calm and sentimental mood for your video."
2449,JknekAM8pY4,JknekAM8pY4_FAi1atXAKHo,cf_upbeat_electronic,beat;beats;dance;energetic;modern;rhythm,,6,0,6,1,0,0.7254901960784313,"In that case, I recommend '從頭開始' by 謝霆鋒. This track is from the album '從頭開始' and offers a perfect blend of rock, indie, and alternative genres. It has a fast-paced rhythm and energetic beats that will give your video a modern and danceable feel."
2449,JknekAM8pY4,JknekAM8pY4_FAi1atXAKHo,cf_lyrical_piano,acoustic;slow,,2,0,2,1,0,0.5,"Allow me to recommend '寂寞的旅程' by 謝霆鋒. It's a track from his album '寂寞的旅程'. The song combines elements of rock, indie, and alternative with a slow tempo and acoustic guitar. It has a soothing and melancholic vibe that could be a fitting choice for your video."
2455,gRKzFMRviAs,gRKzFMRviAs_qbZBq5WNw3k,cf_upbeat_electronic,dance;electronic;modern;pop;rhythm,,5,0,5,1,0,0.5932203389830508,"In that case, I recommend 'Gasoline (Ballad Version)' by Britney Spears. This track is from the album 'Gasoline' and offers a beautiful blend of electronic, dance, pop, and rock genres. It has a captivating rhythm and a modern dance vibe that will add energy to your video."
2455,gRKzFMRviAs,gRKzFMRviAs_qbZBq5WNw3k,cf_lyrical_piano,acoustic;calm;gentle;melody;sentimental;slow,dance;electronic,6,2,4,1,1,0.578125,"Allow me to recommend 'Gasoline (Ballad Version)' by Britney Spears. It's a track from her album 'Gasoline'. This song combines elements of pop, dance, and electronic music with a slow tempo and a soothing acoustic texture. It has a gentle melody and a calm sentimental mood that could be a fitting choice for your video."
2491,mn4WwaRfmKM,mn4WwaRfmKM_7Kxl3Y5zh5E,cf_upbeat_electronic,beat;beats;bright;dance;electronic;energetic;modern;pop;rhythm,,9,0,9,1,0,0.6551724137931034,"In that case, I recommend 'Happy' by Tyree Morris & Hearts of Worship. This track combines elements of soul, pop, and rock, with a touch of dance and electronic influences. It has a bright mood, clear rhythm, energetic beats, and a modern dance or pop feeling that will add a lively and engaging vibe to your video."
2491,mn4WwaRfmKM,mn4WwaRfmKM_7Kxl3Y5zh5E,cf_lyrical_piano,acoustic;calm;gentle;lyrical;melody;piano;sentimental;slow;soft,,9,0,9,1,0,0.6491228070175439,"Allow me to recommend 'Happy' by Tyree Morris & Hearts of Worship. It's a track from their album 'Happy'. This song combines elements of soul, pop, and rock with a touch of jazz. It features lyrical piano and has a slow tempo, soft acoustic texture, gentle melody, and a calm sentimental mood."
2555,m7Cq8gduKP0,m7Cq8gduKP0_gk2j6CDUFpI,cf_upbeat_electronic,beat;dance;electronic;energetic;modern;pop,,6,0,6,1,0,0.6037735849056604,"In that case, I recommend '18 ans' by Beli Blanco feat;. This track combines elements of Hip-Hop, pop, electronic, and rock genres. It has a fast-paced beat and a modern dance vibe that will give your video a lively and energetic feel."
2555,m7Cq8gduKP0,m7Cq8gduKP0_gk2j6CDUFpI,cf_lyrical_piano,acoustic;calm;emotional;gentle;lyrical;melody;piano;sentimental;slow;soft,electronic,10,1,9,1,1,0.65625,"I understand your preference for lyrical piano background music with a slow tempo, soft acoustic texture, gentle melody, and a calm sentimental mood. In that case, I recommend the track '18 ans' by Beli Blanco feat;. It's a beautiful song with a touching lyrical narrative. The track combines elements of pop, rock, and electronic music, creating a soothing and emotional atmosphere."
2609,iwxzc2MlkRg,iwxzc2MlkRg_UB7-5vH_veA,cf_upbeat_electronic,beat;beats;bright;dance;electronic;energetic;modern;pop;rhythm;upbeat,,10,0,10,1,0,0.7121212121212122,"In that case, I recommend 'Chora Brother' by Mahalo. This track combines elements of rock, pop, and electronic music, creating an upbeat and energetic sound. It has a bright mood, clear rhythm, and energetic beats that will give your video a modern dance or pop feel."
2609,iwxzc2MlkRg,iwxzc2MlkRg_UB7-5vH_veA,cf_lyrical_piano,emotional;lyrical;piano;sentimental;slow,,5,0,5,1,0,0.5333333333333333,"Allow me to recommend 'Chora Brother' by Mahalo. It's a track from their album 'Chora Brother'. The song combines elements of rock, pop, and indie with a touch of alternative. It has a slow tempo and features lyrical piano, which aligns well with the emotional and sentimental mood you're looking for."
2627,4O_gGo7MsW4,4O_gGo7MsW4_1S84Sxh4x0c,cf_upbeat_electronic,beat;bright;dance;electronic;energetic;pop,,6,0,6,1,0,0.7454545454545455,"In that case, I recommend 'Evol Love' by Neeb Bogatar. This track combines elements of Hip-Hop, electronic, dance, pop, and rock genres. It has a fast-paced beat and a bright mood that will give your video a lively and energetic feel."
2627,4O_gGo7MsW4,4O_gGo7MsW4_1S84Sxh4x0c,cf_lyrical_piano,emotional;lyrical;piano;sentimental;slow,electronic;hip-hop,5,2,3,1,1,0.6607142857142857,"Allow me to recommend 'Evol Love' by Neeb Bogatar. It's a track from the album 'Evol Love' and combines elements of Hip-Hop, electronic, and rock with a touch of pop. The song has a slow tempo and features lyrical piano, which aligns well with the emotional and sentimental mood you're looking for."
2639,fn_GPyrIZDM,fn_GPyrIZDM_YxVvA5-Ndmg,cf_upbeat_electronic,beat;beats;dance;electronic;energetic;pop;tempo,,7,0,7,1,0,0.6451612903225806,"I recommend 'DEL PASILLO A LA ESQUINA' by ILICITO ASFALTO. It's a track from their album 'DEL PASILLO A LA ESQUINA'. This song combines elements of Hip-Hop, electronic, and pop with a dance and pop feel. It has a fast tempo and energetic beats that could be a great fit for your video."
2639,fn_GPyrIZDM,fn_GPyrIZDM_YxVvA5-Ndmg,cf_lyrical_piano,acoustic;calm;gentle;lyrical;melody;piano;sentimental;slow;soft,,9,0,9,1,0,0.8181818181818181,"I recommend 'DEL PASILLO A LA ESQUINA' by ILICITO ASFALTO. It's a track with lyrical piano background music that aligns with your preferences. The song has a slow tempo, soft acoustic texture, gentle melody, and a calm sentimental mood."
2648,rSAbaOw7tNY,rSAbaOw7tNY_R6_kdKj7mJ0,cf_upbeat_electronic,beat;bright;dance;electronic;energetic;pop,,6,0,6,1,0,0.819672131147541,"In that case, I would recommend 'Gunnin For Me' by Kese Soprano & Giuseppe. This track combines elements of Hip-Hop, electronic, dance, pop, and rock genres. It has a fast-paced beat and a bright mood that will give your video a lively and energetic feel."
2648,rSAbaOw7tNY,rSAbaOw7tNY_R6_kdKj7mJ0,cf_lyrical_piano,emotional;lyrical;piano;slow,electronic;hip-hop,4,2,2,1,1,0.7258064516129032,"Allow me to recommend 'Gunnin For Me' by Kese Soprano & Giuseppe. It's a track from their album 'Gunnin For Me'. The song combines elements of Hip-Hop, electronic, rock, and pop with a touch of jazz. It has a slow tempo and features lyrical piano, which can create a soothing and emotional atmosphere for your video."
2650,sucNsk45Bzg,sucNsk45Bzg_sFQ647JCX2I,cf_upbeat_electronic,dance;electronic;energetic;pop,,4,0,4,1,0,0.6730769230769231,"In that case, I would recommend 'Ballin' by Yung Tay. This track has a catchy electronic sound with elements of Hip-Hop, dance, and pop. It will give your video a lively and energetic vibe."
2650,sucNsk45Bzg,sucNsk45Bzg_sFQ647JCX2I,cf_lyrical_piano,acoustic;calm;sentimental;slow,electronic;hip-hop,4,2,2,1,1,0.7741935483870968,"Allow me to recommend 'I'm A Boss' by Young Money. It's a track from their album 'I'm A Boss'. The song combines elements of Hip-Hop, electronic, and rock with a touch of pop. It has a slow tempo and a soothing acoustic texture, creating a calm and sentimental mood."
2658,vIaH35-MLsk,vIaH35-MLsk_SGEzNs5dArw,cf_upbeat_electronic,beat;beats;bright;dance;electronic;energetic;modern;pop;rhythm,,9,0,9,1,0,0.4901960784313726,"In that case, I recommend 'Right Now (Na Na Na)' by Akon. This track is a perfect fit for your preferences. It has a catchy electronic sound with a bright mood, clear rhythm, energetic beats, and a modern dance or pop feeling. It's part of the album 'Right Now (Na Na Na)'."
2658,vIaH35-MLsk,vIaH35-MLsk_SGEzNs5dArw,cf_lyrical_piano,acoustic;calm;gentle;melody;sentimental;slow,electronic,6,1,5,1,1,0.603448275862069,"Allow me to recommend 'Right Now (Na Na Na)' by Akon. It's a track from his album 'Right Now (Na Na Na)'. This song combines elements of pop, R&B, and electronic music with a slow tempo and a soothing acoustic texture. It has a gentle melody and a calm sentimental mood that could be a perfect fit for your video."
2673,6I0Dv46ZgZE,6I0Dv46ZgZE_eZEP4QbTics,cf_upbeat_electronic,beat;beats;dance;electronic;energetic;modern;pop;upbeat,,8,0,8,1,0,0.5862068965517242,"In that case, I recommend 'All The Small Things' by Blink-182. This track is from their album 'All The Small Things' and it perfectly fits your preferences. It has a fast-paced electronic sound with a catchy pop vibe. The energetic beats and modern dance elements will add a lively and upbeat atmosphere to your video."
2673,6I0Dv46ZgZE,6I0Dv46ZgZE_eZEP4QbTics,cf_lyrical_piano,lyrical;piano;sentimental;slow,,4,0,4,1,0,0.40384615384615385,"Allow me to recommend 'All The Small Things' by Blink-182. It's a track from their album 'All The Small Things'. This song combines elements of rock, indie, and alternative with a touch of pop. It has a slow tempo and features lyrical piano, which can create a soothing and sentimental atmosphere for your video."
2682,bnuOm-tHi9U,bnuOm-tHi9U_mk-5w3Di0jk,cf_upbeat_electronic,electronic,,1,0,1,1,0,0.6833333333333333,"In that case, I recommend 'Après un reve' by Janine Jansen. This track is from her album 'Après un reve' and offers a beautiful blend of jazz, classical, and electronic elements. It has a soothing and melodic sound that can create a relaxing atmosphere for your video."
2682,bnuOm-tHi9U,bnuOm-tHi9U_mk-5w3Di0jk,cf_lyrical_piano,acoustic;calm;gentle;lyrical;melody;piano;sentimental;slow;soft,,9,0,9,1,0,0.6935483870967742,"In that case, I recommend 'Après un reve' by Janine Jansen. This track is from her album 'Après un reve' and features lyrical piano and a slow tempo. The music has a soft acoustic texture, a gentle melody, and a calm sentimental mood that would be perfect for your video."
2688,7Rd-wFSnrTY,7Rd-wFSnrTY_a1_I0dYcqos,cf_upbeat_electronic,beat;bright;dance;electronic;energetic;pop,,6,0,6,1,0,0.6551724137931034,"In that case, I would recommend 'Let's Get It' by Luey Champaign. This track combines elements of Hip-Hop, R&B, electronic, dance, and pop genres. It has a fast-paced beat and a bright mood that will give your video a lively and energetic feel."
2688,7Rd-wFSnrTY,7Rd-wFSnrTY_a1_I0dYcqos,cf_lyrical_piano,acoustic;calm;gentle;melody;sentimental;slow,electronic;hip-hop,6,2,4,1,1,0.5084745762711864,"Allow me to recommend 'Let's Get It' by Luey Champaign. It's a track from their album 'Let's Get It'. The song combines elements of Hip-Hop, R&B, and electronic music with a slow tempo and a soothing acoustic texture. It has a gentle melody and a calm sentimental mood that could be a perfect fit for your video."
2711,YJtkZTx7fmE,YJtkZTx7fmE_uJdYPnlSqEs,cf_upbeat_electronic,beat;beats;dance;electronic;energetic;modern;pop;rhythm,,8,0,8,1,0,0.6470588235294117,"In that case, I would recommend 'Astrology' by Vanda. This track combines elements of pop, rock, and electronic music, creating a vibrant and energetic sound. It has a clear rhythm and energetic beats that will add a modern and danceable feel to your video."
2711,YJtkZTx7fmE,YJtkZTx7fmE_uJdYPnlSqEs,cf_lyrical_piano,emotional;slow,,2,0,2,1,0,0.6949152542372881,"Allow me to recommend 'Astrology' by Vanda. It's a track from their album 'Astrology'. The song combines elements of pop, rock, and indie with a touch of jazz. It features female vocals and has a slow tempo, which creates a soothing and emotional atmosphere. The lyrics are written by Vanda and the music is composed by Vanda and Dario."
2742,ebG469K0XEs,ebG469K0XEs_-icvfZjs9hc,cf_upbeat_electronic,bright;dance;electronic;pop;tempo,,5,0,5,1,0,0.7586206896551724,"In that case, I recommend 'Cesaretin Varmi Aska (Summer Mix)' by DJ OGUZ CETIN ft DJ FERIT CANDAN. This track combines electronic, dance, and pop genres with a touch of house and electro. It has a fast tempo and a bright mood that will add energy to your video."
2742,ebG469K0XEs,ebG469K0XEs_-icvfZjs9hc,cf_lyrical_piano,emotional;lyrical;piano;slow,dance;electronic,4,2,2,1,1,0.6949152542372881,"Allow me to recommend 'Love Is In The Air' by John Paul Young. It's a track from the album 'Love Is In The Air'. This song combines elements of pop, dance, and electronic music with a touch of rock. It has a slow tempo and features a piano, which creates a lyrical and emotional atmosphere. The track was released in 2012 and is available on iTunes."
2748,d5WTrglkHKc,d5WTrglkHKc_2ELIdD_qpAQ,cf_upbeat_electronic,bright;electronic;energetic;pop;rhythm,,5,0,5,1,0,0.6799999999999999,"In that case, I recommend 'Хочу быть рядом с тобой' by Никита Ломакин. This track combines elements of pop, electronic, and rock genres, creating a catchy and energetic sound. It has a bright mood and clear rhythm, making it perfect for your video."
2748,d5WTrglkHKc,d5WTrglkHKc_2ELIdD_qpAQ,cf_lyrical_piano,emotional;lyrical;piano;sentimental;slow,electronic,5,1,4,1,1,0.4285714285714286,"Allow me to recommend 'Хочу быть рядом с тобой' by Никита Ломакин. It's a track from his album 'Хочу быть рядом с тобой'. This song combines elements of pop, rock, and indie with a touch of electronic and alternative influences. It has a slow tempo and features lyrical piano, which aligns well with the emotional and sentimental mood you're looking for."
2749,zGEmF3Mj7dY,zGEmF3Mj7dY_mmr9I60GWnw,cf_upbeat_electronic,electronic;energetic;pop;rhythm;tempo,,5,0,5,1,0,0.7966101694915254,"In that case, I would recommend 'Traicionera' by Gerardo Gómez. This track has a pop and rock sound with electronic and indie influences. It has a fast tempo and a catchy rhythm that will give your video a lively and energetic feel."
2749,zGEmF3Mj7dY,zGEmF3Mj7dY_mmr9I60GWnw,cf_lyrical_piano,emotional;piano;slow,,3,0,3,1,0,0.5789473684210527,"Allow me to recommend 'Traicionera' by Gerardo Gómez. It's a track from his album 'Traicionera'. This song combines elements of pop, rock, and folk with a touch of jazz. It has a slow tempo and features a piano and guitar-driven sound. The lyrics are in Spanish and the music has a soothing and emotional vibe."
2769,guwB1oxI3ko,guwB1oxI3ko_Qit1Ox1uOgY,cf_upbeat_electronic,bright;dance;electronic;energetic;modern;pop,,6,0,6,1,0,0.6440677966101696,"In that case, I recommend 'The Best Day Ever' by The Best Day Ever. This track is a perfect fit for your requirements as it combines elements of rock, electronic, and indie with a pop and dance vibe. It has a bright and energetic sound that will add a modern touch to your video."
2769,guwB1oxI3ko,guwB1oxI3ko_Qit1Ox1uOgY,cf_lyrical_piano,piano;sentimental;slow,electronic,3,1,2,1,1,0.6779661016949152,"Allow me to recommend 'Love Is A Battlefield' by Pat Benatar. It's a track from her album 'Love Is A Battlefield'. The song combines elements of rock, indie, and alternative with a touch of electronic. It has a slow tempo and features a piano, which adds a soothing and sentimental vibe to the music."
2786,PTVlbhZBOqA,PTVlbhZBOqA_dz_0TGTKutg,cf_upbeat_electronic,beat;electronic;energetic;pop,melody,4,1,3,1,1,0.7169811320754718,"In that case, I recommend 'Mama Dice' by Efe Yerom. This track combines elements of Hip-Hop, pop, electronic, and rock genres. It has a fast-paced beat and a catchy melody that will give your video a lively and energetic feel."
2786,PTVlbhZBOqA,PTVlbhZBOqA_dz_0TGTKutg,cf_lyrical_piano,acoustic;calm;emotional;gentle;lyrical;melody;piano;sentimental;slow;soft,hip-hop,10,1,9,1,1,0.7462686567164178,"I understand your preference for lyrical piano background music with a slow tempo, soft acoustic texture, gentle melody, and a calm sentimental mood. In that case, I recommend 'Mama Dice' by Efe Yerom. This track combines elements of Hip-Hop, pop, rock, and soul with a touch of jazz. It has a lyrical and emotional vibe that could be a perfect fit for your video."
2798,sNyONVsPf8g,sNyONVsPf8g_0bB2faVoV48,cf_upbeat_electronic,beat;bright;dance;electronic;pop,,5,0,5,1,0,0.679245283018868,"In that case, I recommend 'Mi Vida' by El Chino. This track combines elements of Hip-Hop, electronic, dance, pop, and rock. It has a fast-paced beat and a bright mood that will add energy to your video."
2798,sNyONVsPf8g,sNyONVsPf8g_0bB2faVoV48,cf_lyrical_piano,acoustic;calm;sentimental;slow,electronic;hip-hop,4,2,2,1,1,0.7301587301587302,"I suggest checking out 'L'Histoire de ma vie' by M.A.R.S. It's a track from their album 'L'Histoire de ma vie'. The song combines elements of Hip-Hop, pop, and electronic music with a touch of rock. It has a slow tempo and a soothing acoustic texture, which can create a calm and sentimental mood for your video."
2813,TFAyPoHmcBQ,TFAyPoHmcBQ_H_K1mi0EPdQ,cf_upbeat_electronic,beat;beats;bright;dance;electronic;energetic;modern;pop;rhythm;upbeat,,10,0,10,1,0,0.6481481481481481,"In that case, I would recommend 'The Fear' by The Vaccines. This track is from their album 'The Fear' and it perfectly captures the upbeat electronic sound you're looking for. It has a bright mood, clear rhythm, energetic beats, and a modern dance or pop feel. It's a great choice for your video."
2813,TFAyPoHmcBQ,TFAyPoHmcBQ_H_K1mi0EPdQ,cf_lyrical_piano,emotional;lyrical;piano;slow,,4,0,4,1,0,0.6603773584905661,"Allow me to recommend 'Slow Down' by The Slow Down. It's a track from their album 'Slow Down'. The song combines elements of rock, indie, and alternative with a touch of pop. It has a slow tempo and features lyrical piano, which can create a soothing and emotional atmosphere for your video."
2819,clwWCMWqqzk,clwWCMWqqzk__zUhqGT8TWg,cf_upbeat_electronic,dance;electronic;energetic;pop;rhythm;tempo,,6,0,6,1,0,0.5918367346938775,"In that case, I recommend 'We R Who We R' by Ke$ha. This track is from her album 'We R Who We R' and offers a perfect blend of electronic, dance, and pop genres. It has a fast tempo and a catchy rhythm that will give your video a lively and energetic feel."
2819,clwWCMWqqzk,clwWCMWqqzk__zUhqGT8TWg,cf_lyrical_piano,lyrical;piano;sentimental;slow,dance;electronic,4,2,2,1,1,0.6363636363636364,"Allow me to recommend 'We R Who We R' by Ke$ha. It's a track from her album 'We R Who We R'. The song combines elements of pop, dance, and electronic music with a touch of rock. It has a slow tempo and features lyrical piano, which can create a soothing and sentimental atmosphere for your video."
2834,5O5mdmyeeOs,5O5mdmyeeOs_NujXpZbhe2g,cf_upbeat_electronic,beat;dance;electronic;energetic;pop;rhythm,,6,0,6,1,0,0.5849056603773585,"In that case, I recommend 'BYE B**CH' by Mouse On Tha Track. This track combines elements of Hip-Hop, electronic, R&B, dance, and pop genres. It has a fast-paced beat and a catchy rhythm that will give your video a lively and energetic feel."
2834,5O5mdmyeeOs,5O5mdmyeeOs_NujXpZbhe2g,cf_lyrical_piano,acoustic;calm;gentle;lyrical;melody;piano;sentimental;slow;soft,,9,0,9,1,0,0.6379310344827587,Allow me to recommend 'Bye B**ch' by Mouse On Tha Track. It's a track with lyrical piano background music and a slow tempo. The song has a soft acoustic texture and a gentle melody that creates a calm and sentimental mood. It's a perfect fit for your video.
2842,8DGkFYaSgJA,8DGkFYaSgJA_SOTSguAKVl8,cf_upbeat_electronic,dance;electronic;modern;rhythm,,4,0,4,1,0,0.5714285714285714,"In that case, I recommend 'The Last Goodbye' by The Reason. This track combines elements of rock, electronic, and alternative genres, creating a unique and captivating sound. It has a fast-paced rhythm and a modern dance vibe that will add energy to your video."
2842,8DGkFYaSgJA,8DGkFYaSgJA_SOTSguAKVl8,cf_lyrical_piano,acoustic;slow,electronic,2,1,1,1,1,0.6363636363636364,"Allow me to recommend 'The Last Goodbye' by The Last Goodbye. It's a track from their album 'The Last Goodbye'. This song combines elements of rock, alternative, and indie with a touch of electronic. It has a slow tempo and a soothing acoustic sound that could be a fitting choice for your video."
2850,ecIjuCuj0Fc,ecIjuCuj0Fc_N9m9huNTwpA,cf_upbeat_electronic,dance;electronic;pop;rhythm,,4,0,4,1,0,0.8153846153846154,"In that case, I recommend 'Solo Tu' by Lidia Bossio. This track has a pop and dance sound with electronic and rock influences. It features female vocals and a catchy rhythm that will add energy to your video."
2850,ecIjuCuj0Fc,ecIjuCuj0Fc_N9m9huNTwpA,cf_lyrical_piano,acoustic;calm;gentle;melody;sentimental;slow;soft,,7,0,7,1,0,0.7605633802816901,I recommend the track 'Mi Amor' by Mariana Otero. It's a pop and rock song with elements of jazz and soul. The song features a beautiful female vocal performance and has a slow tempo with a soft acoustic texture. It has a gentle melody and a calm sentimental mood that could be a perfect fit for your video.
2882,1yNEohtQSW8,1yNEohtQSW8_OBsuZx3xPcQ,cf_upbeat_electronic,beat;beats;dance;electronic;energetic;modern;pop;rhythm,,8,0,8,1,0,0.7076923076923076,"In that case, I recommend 'I'm Not Okay (I Promise)' by My Chemical Romance. This track is from their album 'I'm Not Okay (I Promise)' and offers a perfect blend of rock, pop, and electronic elements. It has a fast-paced and energetic vibe, with a clear rhythm and modern dance influences. The song was released in 2005 and is known for its catchy melodies and energetic beats."
2882,1yNEohtQSW8,1yNEohtQSW8_OBsuZx3xPcQ,cf_lyrical_piano,acoustic;sentimental;slow,,3,0,3,1,0,0.5892857142857143,"Allow me to recommend 'Love' by 2NE1. It's a track from their album 'Love'. This song combines elements of rock, pop, and alternative genres with a focus on female vocals. It has a slow tempo and a soothing acoustic sound that can create a relaxing and sentimental atmosphere for your video."
2896,j-2iakRCM3E,j-2iakRCM3E_wv7vo8dz4hg,cf_upbeat_electronic,electronic;energetic,,2,0,2,1,0,0.6779661016949152,"In that case, I recommend 'I'm A Believer' by The Monkees. This track is a cover of the original song and it falls under the genres of rock, metal, punk, and alternative. It has a fast-paced and energetic sound with electronic elements, which aligns well with your preferences."
2896,j-2iakRCM3E,j-2iakRCM3E_wv7vo8dz4hg,cf_lyrical_piano,lyrical;piano,,2,0,2,1,0,0.9583333333333334,I suggest you consider the track 'Lyrical Piano Background Music - 1000000000000000000000000000000000000000000000000000000000000000000000000000000000000000000000000000000000000000
2897,51UTOkFidXQ,51UTOkFidXQ_OdEiMr-oOIs,cf_upbeat_electronic,dance;electronic;energetic;pop;rhythm;tempo,,6,0,6,1,0,0.6111111111111112,"In that case, I recommend 'Don't Stop' by Tim & Jean. This track is from their album 'Don't Stop' and offers a perfect blend of electronic, dance, pop, and indie genres. It has a fast tempo and a catchy rhythm that will give your video a lively and energetic feel."
2897,51UTOkFidXQ,51UTOkFidXQ_OdEiMr-oOIs,cf_lyrical_piano,acoustic;calm;gentle;melody;sentimental;slow;soft,electronic,7,1,6,1,1,0.38,"Allow me to recommend 'Don't Stop' by Tim & Jean. It's a track from their album 'Don't Stop'. The song combines elements of electronic, pop, and indie with a slow tempo and a soft acoustic texture. It has a gentle melody and a calm sentimental mood that could be a fitting choice for your video."
2921,u_zXJNChISs,u_zXJNChISs_A_f5bbd7TaI,cf_upbeat_electronic,bright;electronic;energetic;pop,,4,0,4,1,0,0.6086956521739131,"In that case, I would recommend 'I Will Be' by Lisa Caruso. This track has a pop and electronic sound with female vocals. It has a bright and energetic vibe that would be perfect for your video."
2921,u_zXJNChISs,u_zXJNChISs_A_f5bbd7TaI,cf_lyrical_piano,acoustic;gentle;sentimental;slow;soft,,5,0,5,1,0,0.42000000000000004,"Allow me to recommend 'I Will Be' by Lisa Caruso. It's a track from her album 'I Will Be'. The song combines elements of pop, indie, and rock with a focus on female vocals. It has a slow tempo and a soft acoustic texture, which can create a gentle and sentimental mood for your video."
2926,t_DEpHCTR6k,t_DEpHCTR6k_Ar5KROYxrI4,cf_upbeat_electronic,beat;bright;electronic;energetic;pop,,5,0,5,1,0,0.6842105263157895,"In that case, I would recommend 'My Story' by Mr. This track combines elements of Hip-Hop, electronic, pop, and rock genres. It has a fast-paced beat and a bright mood that will give your video a lively and energetic feel."
2926,t_DEpHCTR6k,t_DEpHCTR6k_Ar5KROYxrI4,cf_lyrical_piano,acoustic;calm;gentle;lyrical;melody;piano;sentimental;slow;soft,electronic;hip-hop,9,2,7,1,1,0.7076923076923076,"In that case, I recommend 'My Story' by Mr. This track combines elements of Hip-Hop, pop, and rock with a touch of electronic and indie influences. It features lyrical piano and has a slow tempo, soft acoustic texture, gentle melody, and a calm sentimental mood that will perfectly complement your video."
3003,0J808gIog1o,0J808gIog1o_PoJFn_RIdkg,cf_upbeat_electronic,beat;dance;electronic;modern;pop,,5,0,5,1,0,0.6122448979591837,"In that case, I recommend 'O2' by Damiana. This track is from the album 'O2' and offers a perfect blend of electronic, dance, pop, and house genres. It has a catchy beat and a modern dance vibe that will add energy to your video."
3003,0J808gIog1o,0J808gIog1o_PoJFn_RIdkg,cf_lyrical_piano,emotional;lyrical;piano;sentimental;slow,dance;electronic,5,2,3,1,1,0.8225806451612903,"Allow me to recommend '僕らの歌' by ダミアナ. It's a track from their album '僕らの歌'. The song combines elements of pop, dance, and electronic music with a touch of rock. It has a slow tempo and features lyrical piano, which aligns well with the emotional and sentimental mood you're looking for."
3015,RafrGEPAiQg,RafrGEPAiQg_9VsDZikDkKI,cf_upbeat_electronic,beat;dance;electronic;modern;pop,,5,0,5,1,0,0.8421052631578947,"In that case, I recommend 'I'm A Hustla' by Asher D. This track combines elements of Hip-Hop, electronic, dance, pop, and rock. It has a fast-paced beat and a modern dance or pop feel that will add energy to your video."
3015,RafrGEPAiQg,RafrGEPAiQg_9VsDZikDkKI,cf_lyrical_piano,acoustic;lyrical;piano;slow,electronic;hip-hop,4,2,2,1,1,0.8666666666666667,"Allow me to recommend 'Lyrical Piano Background Music' by Piano Music. It's a track that falls under the genres of Hip-Hop, electronic, rock, and pop. Although there is no specific information about the album or artists, the track itself is classified as instrumental with a slow tempo and a soothing acoustic texture. It may provide the desired elements for your video."
3021,oCV9U-tP7Iw,oCV9U-tP7Iw_Pl2pBVt4mh0,cf_upbeat_electronic,beat;dance;electronic;modern;pop,,5,0,5,1,0,0.6415094339622642,"In that case, I recommend 'Kamusta Ka Na' by Hustle One. This track combines elements of pop, Hip-Hop, R&B, and electronic music. It has a fast-paced beat and a modern dance vibe that will add energy to your video."
3021,oCV9U-tP7Iw,oCV9U-tP7Iw_Pl2pBVt4mh0,cf_lyrical_piano,emotional;lyrical;piano;sentimental;slow,electronic;hip-hop,5,2,3,1,1,0.543859649122807,"Allow me to recommend 'Kamusta Ka Na' by Hustle One. It's a track from their album 'Kamusta Ka Na'. The song combines elements of Hip-Hop, pop, and R&B with a touch of electronic and rock influences. It has a slow tempo and features lyrical piano, which aligns well with the emotional and sentimental mood you're looking for."
3030,7dfx1xqgGMc,7dfx1xqgGMc_Vs_1IMX3GLE,cf_upbeat_electronic,beat;beats;bright;dance;electronic;energetic;modern;pop;rhythm;upbeat,,10,0,10,1,0,0.6730769230769231,"In that case, I recommend 'Counting Stars' by OneRepublic. This track is known for its upbeat electronic sound with a bright mood. It has a clear rhythm, energetic beats, and a modern dance or pop feel. It's a great choice for your video."
3030,7dfx1xqgGMc,7dfx1xqgGMc_Vs_1IMX3GLE,cf_lyrical_piano,acoustic;calm;gentle;melody;sentimental;slow,electronic,6,1,5,1,1,0.48,"Allow me to recommend 'Counting Stars' by OneRepublic. It's a track from their album 'Counting Stars'. This song combines elements of pop, rock, and electronic music with a slow tempo and a soothing acoustic texture. It has a gentle melody and a calm sentimental mood that could be a fitting choice for your video."
3048,LAzK2fmfNoU,LAzK2fmfNoU_M5qG-NBjRck,cf_upbeat_electronic,dance;electronic;energetic;modern;pop;rhythm;tempo,,7,0,7,1,0,0.6333333333333333,"In that case, I recommend 'No Way Home' by Richard Durand. This track is from the album 'No Way Home' and offers a perfect blend of electronic, dance, house, and pop genres. It has a fast tempo and a catchy rhythm that will create an energetic and modern dance vibe for your video."
3048,LAzK2fmfNoU,LAzK2fmfNoU_M5qG-NBjRck,cf_lyrical_piano,lyrical;piano;sentimental;slow,dance;electronic,4,2,2,1,1,0.4821428571428571,"Allow me to recommend 'No Way Home' by Richard Durand. It's a track from his album 'No Way Home'. This song combines elements of dance, electronic, and pop genres with a touch of rock. It has a slow tempo and features lyrical piano, which can create a soothing and sentimental atmosphere for your video."
3052,3fFKAJXuLEM,3fFKAJXuLEM_emMlEvTKAN8,cf_upbeat_electronic,beat;bright;dance;electronic;pop,,5,0,5,1,0,0.5961538461538461,"In that case, I recommend 'SO FAR AWAY' by PIT featuring BIG FITZ DA POET. This track combines elements of Hip-Hop, electronic, pop, and dance genres. It has a fast-paced beat and a bright mood that will add energy to your video."
3052,3fFKAJXuLEM,3fFKAJXuLEM_emMlEvTKAN8,cf_lyrical_piano,acoustic;calm;gentle;lyrical;melody;piano;sentimental;slow;soft,,9,0,9,1,0,0.6666666666666667,"I recommend 'SO FAR AWAY' by PIT featuring BIG FITZ DA POET. It's a track with lyrical piano background music that aligns with your preferences. The song has a slow tempo, soft acoustic texture, gentle melody, and a calm sentimental mood."
3059,ReWzeILttoY,ReWzeILttoY_UKzkpkHNeN0,cf_upbeat_electronic,dance;electronic;modern;pop;rhythm,,5,0,5,1,0,0.7758620689655172,"In that case, I recommend 'O Lo Haces Tú O Lo Hago Yo' by Dulce María. This track is from the album 'O Lo Haces Tú O Lo Hago Yo' and offers a perfect blend of electronic, pop, and dance genres. It has a catchy rhythm and a modern feel that will add energy to your video."
3059,ReWzeILttoY,ReWzeILttoY_UKzkpkHNeN0,cf_lyrical_piano,sentimental;slow,electronic,2,1,1,1,1,0.8103448275862069,"I suggest you consider the track 'O Lo Haces Tú O Lo Hago Yo' by Dulce María. It's a pop and rock song with electronic and indie influences. The song features female vocals and has a slow tempo, which can create a soothing and sentimental atmosphere for your video."
3094,w_TlhlzrpTs,w_TlhlzrpTs_6sbXqAdkiFM,cf_upbeat_electronic,beat;beats;dance;electronic;energetic;modern;pop;upbeat,,8,0,8,1,0,0.8235294117647058,"In that case, I recommend 'Hi' by BiS. This track is from their album 'Hi' and it perfectly fits your preferences. It has a fast-paced electronic sound with a catchy pop vibe. The energetic beats and modern dance elements will add a lively and upbeat atmosphere to your video."
3094,w_TlhlzrpTs,w_TlhlzrpTs_6sbXqAdkiFM,cf_lyrical_piano,acoustic;slow,electronic,2,1,1,1,1,0.7846153846153846,"Allow me to recommend 'Hi' by BiS. It's a track from their album 'Hi'. The song combines elements of rock, indie, and alternative with a touch of electronic. It has a slow tempo and a soothing acoustic sound that could be a fitting choice for your video."
3106,Yifg3RyrEso,Yifg3RyrEso_VhieV6GXfNY,cf_upbeat_electronic,bright;dance;electronic;energetic;pop;rhythm,,6,0,6,1,0,0.736842105263158,"In that case, I would recommend 'The Reason' by Reks. This track combines elements of Hip-Hop, electronic, rock, and pop, creating a unique and energetic sound. It has a bright mood and clear rhythm, perfect for a dance or pop video."
3106,Yifg3RyrEso,Yifg3RyrEso_VhieV6GXfNY,cf_lyrical_piano,acoustic;calm;gentle;lyrical;melody;piano;sentimental;slow;soft,,9,0,9,1,0,0.7333333333333334,"I suggest checking out 'The 100' by Reks. It's a track from his album 'The Greatest X' and features a lyrical piano background with a slow tempo, soft acoustic texture, gentle melody, and a calm sentimental mood. This song could be a perfect fit for your video."
3121,yyM7brxTe6E,yyM7brxTe6E_JaBKUH59Zwo,cf_upbeat_electronic,beat;dance;electronic;modern;pop,,5,0,5,1,0,0.6415094339622642,"In that case, I recommend 'Wake Up' by 'DUKE CITY SAINTS' featuring UNREAL. This track combines elements of Hip-Hop, electronic, pop, and dance genres. It has a fast-paced beat and a modern dance or pop feel that will add energy to your video."
3121,yyM7brxTe6E,yyM7brxTe6E_JaBKUH59Zwo,cf_lyrical_piano,acoustic;calm;gentle;lyrical;melody;piano;sentimental;slow;soft,,9,0,9,1,0,0.6226415094339622,I recommend 'Wake Up' by 'DUKE CITY SAINTS' featuring UNREAL. It's a track with lyrical piano background music and a slow tempo. The song has a soft acoustic texture and a gentle melody that creates a calm and sentimental mood. It's a perfect choice for your video.
3126,pDwBFbI3j8k,pDwBFbI3j8k_Uy_BogBCpp8,cf_upbeat_electronic,beat;beats;bright;dance;electronic;energetic;modern;pop;rhythm;upbeat,,10,0,10,1,0,0.6481481481481481,"In that case, I would recommend 'Love Me' by J. Cole. This track combines elements of Hip-Hop, electronic, and pop genres, creating a catchy and upbeat sound. It has a bright mood, clear rhythm, energetic beats, and a modern dance or pop feeling that would be perfect for your video."
3126,pDwBFbI3j8k,pDwBFbI3j8k_Uy_BogBCpp8,cf_lyrical_piano,acoustic;calm;emotional;gentle;lyrical;melody;piano;sentimental;slow;soft,,10,0,10,1,0,0.7966101694915254,"In that case, I recommend 'Lyrical Piano Background Music' by Piano Music. This track offers a perfect blend of lyrical piano background music with a slow tempo, soft acoustic texture, gentle melody, and a calm sentimental mood. It's a great choice for creating a relaxing and emotional atmosphere in your video."
3129,TcfxyMRLVRg,TcfxyMRLVRg_U9CmRdMAtIc,cf_upbeat_electronic,electronic;energetic;pop,,3,0,3,1,0,0.5714285714285714,"Allow me to recommend '懸崖上的玫瑰' by 陳妍希. It's a track from her album '懸崖上的玫瑰'. This song combines elements of pop, rock, and electronic music with a female vocalist. It has a fast-paced and energetic sound that could be a fitting choice for your video."
3129,TcfxyMRLVRg,TcfxyMRLVRg_U9CmRdMAtIc,cf_lyrical_piano,acoustic;calm;gentle;melody;sentimental;slow,,6,0,6,1,0,0.5686274509803921,"Allow me to recommend '懸崖上的玫瑰' by 陳妍希. It's a track from her album '懸崖上的玫瑰'. The song combines elements of pop, rock, and indie with a slow tempo and acoustic guitar. It has a gentle melody and a calm sentimental mood that could be a fitting choice for your video."
3135,yCDcZ9UtIWg,yCDcZ9UtIWg_Hl-pSwEXlFw,cf_upbeat_electronic,beat;dance;electronic;modern;pop,,5,0,5,1,0,0.6964285714285714,"In that case, I would recommend 'Pété Les Caisson' by Sorrow feat M. This track combines elements of Hip-Hop, electronic, dance, pop, and rock genres. It has a fast-paced beat and a modern dance or pop feel that would be perfect for your video."
3135,yCDcZ9UtIWg,yCDcZ9UtIWg_Hl-pSwEXlFw,cf_lyrical_piano,acoustic;calm;gentle;lyrical;melody;piano;sentimental;slow;soft,,9,0,9,1,0,0.7333333333333334,Allow me to recommend 'Pété Les Caisson' by Sorrow feat M. It's a track with lyrical piano background music and a slow tempo. The song has a soft acoustic texture and a gentle melody that creates a calm and sentimental mood. It's a perfect choice for your video.
3170,pT9lqqvBsdo,pT9lqqvBsdo_iF7HM0jzDP8,cf_upbeat_electronic,dance;electronic;energetic;modern;pop;rhythm;tempo,,7,0,7,1,0,0.6612903225806452,"In that case, I recommend 'Leave This World Behind (Radio Edit)' by Sean Bay featuring Arabella. This track is from the album 'Leave This World Behind' and offers a perfect blend of electronic, dance, and pop genres. It has a fast tempo and a catchy rhythm that will create an energetic and modern atmosphere for your video."
3170,pT9lqqvBsdo,pT9lqqvBsdo_iF7HM0jzDP8,cf_lyrical_piano,acoustic;gentle;sentimental;slow;soft,electronic,5,1,4,1,1,0.7058823529411764,"In that case, I recommend 'Leave This World Behind (Radio Edit)' by Sean Bay featuring Arabella. This track combines electronic and pop elements with a touch of rock and indie influences. The lyrics are by Arabella and the music is composed by Sean Bay. The song has a slow tempo and a soft acoustic texture, creating a gentle and sentimental mood that would be perfect for your video."
3225,QtCxsZNx8pE,QtCxsZNx8pE_zmWpJONAYzU,cf_upbeat_electronic,beat;electronic;energetic;rhythm,,4,0,4,1,0,0.7777777777777778,"In that case, I would recommend 'Sunshine' by The Sounds. This track is from their album 'Something To Die For' and offers a perfect blend of electronic, rock, and indie genres. It has a fast-paced rhythm and a catchy beat that will give your video a lively and energetic feel."
3225,QtCxsZNx8pE,QtCxsZNx8pE_zmWpJONAYzU,cf_lyrical_piano,calm;piano;slow,,3,0,3,1,0,0.8939393939393939,"I understand your preference for a slow tempo and a calm mood. However, I don't have enough information to recommend a specific track that matches your requirements. Please provide more details about the piano background music you're looking for, such as the genre, instrumentation, and style."
3243,mgP4sPHu0mU,mgP4sPHu0mU_8L3KkaMjYaw,cf_upbeat_electronic,dance;electronic;energetic;modern;pop;rhythm;tempo,,7,0,7,1,0,0.6206896551724138,"In that case, I recommend 'Burger Frites Sodas' by ALL MIGHTY CREW. This track combines elements of Hip-Hop, electronic, dance, pop, and electro genres. It has a fast tempo and a clear rhythm, creating an energetic and modern dance vibe. It's perfect for your video!"
3243,mgP4sPHu0mU,mgP4sPHu0mU_8L3KkaMjYaw,cf_lyrical_piano,acoustic;calm;sentimental;slow,electronic;hip-hop,4,2,2,1,1,0.5,"Allow me to recommend 'Burger Frites Sodas' by ALL MIGHTY CREW. It's a track from their album 'Burger Frites Sodas'. The song combines elements of Hip-Hop, electronic, and pop with a touch of R&B. It has a slow tempo and a soothing acoustic texture, which can create a calm and sentimental mood for your video."
3256,cqoeZEweGy4,cqoeZEweGy4_HYgZR5EiTsM,cf_upbeat_electronic,beat;dance;electronic;energetic;pop;rhythm,,6,0,6,1,0,0.6666666666666667,"In that case, I recommend 'Aston Martin Music' by Rick Ross. This track is from the album 'Aston Martin Music' and offers a perfect blend of Hip-Hop, electronic, pop, and dance genres. It has a fast-paced rhythm and a catchy beat that will give your video a lively and energetic feel."
3256,cqoeZEweGy4,cqoeZEweGy4_HYgZR5EiTsM,cf_lyrical_piano,acoustic;calm;gentle;melody;sentimental;slow,hip-hop,6,1,5,1,1,0.6724137931034483,"Allow me to recommend 'Aston Martin Music' by Rick Ross. It's a track from his album 'Aston Martin Music'. This song combines elements of Hip-Hop, R&B, and pop with a slow tempo and a soothing acoustic sound. It has a gentle melody and a calm sentimental mood that could be a perfect fit for your video."
3271,fnbjTTxMN0I,fnbjTTxMN0I_HKo7DEOjXng,cf_upbeat_electronic,beat;dance;electronic;energetic;pop;tempo,,6,0,6,1,0,0.6666666666666667,"In that case, I would recommend 'Segundos Fuera' by Santaflow. This track combines elements of Hip-Hop, electronic, pop, and dance genres. It has a fast tempo and a catchy beat that will give your video a lively and energetic feel."
3271,fnbjTTxMN0I,fnbjTTxMN0I_HKo7DEOjXng,cf_lyrical_piano,acoustic;calm;gentle;melody;sentimental;slow,hip-hop,6,1,5,1,1,0.5471698113207547,"Allow me to recommend 'Segundos Fuera' by Santaflow. It's a track from their album 'Segundos Fuera'. The song combines elements of Hip-Hop, R&B, and pop with a slow tempo and a soothing acoustic sound. It has a gentle melody and a calm sentimental mood that could be a fitting choice for your video."
3290,6fAbkc0sdtA,6fAbkc0sdtA_3L1cePInKU8,cf_upbeat_electronic,beat;beats;dance;electronic;energetic;modern;pop;tempo,,8,0,8,1,0,0.75,"In that case, I would recommend 'Sunshine' by The Fresh & Onlys. This track is a perfect fit for your video as it combines electronic, indie, and rock elements with a pop and dance vibe. It has a fast tempo and energetic beats that will add a modern and lively feel to your video."
3290,6fAbkc0sdtA,6fAbkc0sdtA_3L1cePInKU8,cf_lyrical_piano,lyrical;piano,,2,0,2,1,0,0.9565217391304348,I suggest you consider the track 'Lyrical Piano Background Music - 1000000000000000000000000000000000000000000000000000000000000000000000000000000000000000000000000000000000000000
3300,fVFgTzPNGM8,fVFgTzPNGM8_hyM348BSQEw,cf_upbeat_electronic,beat;dance;electronic;energetic;pop,,5,0,5,1,0,0.6440677966101696,"In that case, I recommend 'I'm Alive' by J.R. featuring J.R. It's a track from the album 'I'm Alive'. This song combines elements of Hip-Hop, electronic, rock, and pop, with a dance and pop feel. It has a fast-paced beat and energetic vibe that aligns well with your preferences."
3300,fVFgTzPNGM8,fVFgTzPNGM8_hyM348BSQEw,cf_lyrical_piano,lyrical;piano;slow,electronic;hip-hop,3,2,1,1,1,0.7971014492753623,"I suggest checking out 'Lyrical Piano Background Music' by Piano Music. It's a track that falls under the genres of Hip-Hop, rock, pop, and electronic. The song has a slow tempo and features a piano as the main instrument. It creates a soothing and relaxing atmosphere that can complement your video."
3317,yN6J9nQSaJw,yN6J9nQSaJw_EZrv2vrQZXg,cf_upbeat_electronic,beat;dance;electronic;modern;pop,,5,0,5,1,0,0.7241379310344828,"In that case, I recommend 'MY QUEEN' by YOUNG D. This track combines elements of Hip-Hop, electronic, R&B, dance, and pop genres. It has a fast-paced beat and a modern dance or pop feel that will add energy to your video."
3317,yN6J9nQSaJw,yN6J9nQSaJw_EZrv2vrQZXg,cf_lyrical_piano,acoustic;calm;gentle;lyrical;melody;piano;sentimental;slow;soft,,9,0,9,1,0,0.7619047619047619,Allow me to recommend 'MY QUEEN' by YOUNG D. It's a track with lyrical piano background music and a slow tempo. The song has a soft acoustic texture and a gentle melody that creates a calm and sentimental mood. It's a perfect choice for your video.
3346,xzeRWhp2HIc,xzeRWhp2HIc_gELSZUuDJrY,cf_upbeat_electronic,beat;beats;dance;electronic;energetic;modern;pop;rhythm,,8,0,8,1,0,0.7903225806451613,"In that case, I would recommend 'TO YOUNG LEADERS' by Guante & Big Cats. This track combines elements of Hip-Hop, electronic, rock, dance, and pop, creating a vibrant and energetic sound. It has a clear rhythm and energetic beats that will add a modern dance or pop feel to your video."
3346,xzeRWhp2HIc,xzeRWhp2HIc_gELSZUuDJrY,cf_lyrical_piano,acoustic;calm;sentimental;slow,electronic;hip-hop,4,2,2,1,1,0.603448275862069,"Allow me to recommend 'TO YOUNG LEADERS' by Guante & Big Cats. It's a track from their album 'TO YOUNG LEADERS'. The song combines elements of Hip-Hop, electronic, and rock with a touch of indie and alternative influences. It has a slow tempo and a soothing acoustic texture, which can create a calm and sentimental mood for your video."
3362,AVVxorwxecw,AVVxorwxecw_aAV_itgeW4w,cf_upbeat_electronic,beat;beats;bright;dance;electronic;energetic;modern;pop;rhythm;upbeat,,10,0,10,1,0,0.728813559322034,"In that case, I would recommend 'Beautiful' by Eminem. This track combines elements of Hip-Hop, pop, and electronic music, creating a catchy and upbeat sound. It has a bright mood, clear rhythm, energetic beats, and a modern dance or pop feel. It's a great choice for your video."
3362,AVVxorwxecw,AVVxorwxecw_aAV_itgeW4w,cf_lyrical_piano,acoustic;calm;emotional;gentle;lyrical;melody;piano;sentimental;slow,,9,0,9,1,0,0.8253968253968254,"In that case, I would recommend 'Beautiful' by Eminem. This track has a lyrical piano background and a slow tempo, creating a soothing and emotional atmosphere. The acoustic texture and gentle melody add to the calm and sentimental mood of the song. It's a perfect choice for your video."
3365,SQBmCpPJGGw,SQBmCpPJGGw_2m7Tdn7gVdE,cf_upbeat_electronic,electronic;energetic;pop;rhythm,melody,4,1,3,1,1,0.6862745098039216,"In that case, I would recommend 'Rupture' by Oli Laroche. This track is part of the album 'Rupture' and offers a perfect blend of indie, rock, electronic, and pop genres. It has a fast-paced rhythm and a catchy melody that will give your video a lively and energetic feel."
3365,SQBmCpPJGGw,SQBmCpPJGGw_2m7Tdn7gVdE,cf_lyrical_piano,acoustic;emotional;piano;slow,,4,0,4,1,0,0.6153846153846154,"Allow me to recommend 'Rupture' by Oli Laroche. It's a track from his album 'Rupture'. The song combines elements of rock, indie, and alternative with a focus on piano and acoustic instruments. It has a slow tempo and a soothing, emotional vibe that could be a perfect fit for your video."
3381,X1QRMJq-h9U,X1QRMJq-h9U_IobSd71BE9g,cf_upbeat_electronic,bright;dance;electronic;energetic;pop;rhythm,,6,0,6,1,0,0.6842105263157895,"In that case, I recommend 'Enshrined in My Memory' by Timo Tolkki's Avalon featuring Elize Ryd. This track combines rock, pop, and electronic elements, creating a catchy and energetic sound. It has a bright mood and clear rhythm, perfect for a dance or pop video."
3381,X1QRMJq-h9U,X1QRMJq-h9U_IobSd71BE9g,cf_lyrical_piano,,,0,0,0,0,0,0.5087719298245614,"Allow me to recommend 'Enshrined in My Memory' by Timo Tolkki's Avalon featuring Elize Ryd. It's a track from their album 'Enshrined in My Memory'. This song combines elements of rock, pop, and alternative with a touch of metal. It features Elize Ryd's powerful vocals and the lyrics were written by Elize Ryd. The music video was directed by Ville Juurikkala."
3414,GvGlDimlZxc,GvGlDimlZxc_rNXvMajnoQ4,cf_upbeat_electronic,dance;electronic;energetic;modern,,4,0,4,1,0,0.5660377358490566,"In that case, I recommend 'Nothing Remains' by Like A Storm. This track combines elements of rock, metal, and alternative with electronic influences. It has a fast-paced and energetic sound that will give your video a modern and danceable vibe."
3414,GvGlDimlZxc,GvGlDimlZxc_rNXvMajnoQ4,cf_lyrical_piano,acoustic;slow,electronic,2,1,1,1,1,0.24489795918367352,"Allow me to recommend 'Nothing Remains' by Like A Storm. It's a track from their album 'Nothing Remains'. The song combines elements of rock, metal, and alternative with a touch of electronic and indie influences. It has a slow tempo and a soothing acoustic sound that could be a fitting choice for your video."
3454,qf-l0RJThfA,qf-l0RJThfA_74jEqQczxGc,cf_upbeat_electronic,beat;dance;electronic;energetic;modern;pop;rhythm;upbeat,,8,0,8,1,0,0.6935483870967742,"In that case, I would recommend 'Le plus fort' by AUTOMAT. This track is from their album 'Le plus fort' and it perfectly fits your preferences. It has a rock and indie sound with electronic elements, creating an upbeat and energetic atmosphere. The song has a clear rhythm and a modern dance or pop feel, making it a great choice for your video."
3454,qf-l0RJThfA,qf-l0RJThfA_74jEqQczxGc,cf_lyrical_piano,acoustic;calm;sentimental;slow,,4,0,4,1,0,0.6949152542372881,"Allow me to recommend 'Le plus fort' by AUTOMAT. It's a track from their album 'Le plus fort'. The song combines elements of rock, indie, and alternative with a focus on guitar and vocals. It has a slow tempo and a soothing acoustic texture, which can create a calm and sentimental mood for your video."
3463,Ga9vrr_fB-k,Ga9vrr_fB-k_nGpQxNRnNtQ,cf_upbeat_electronic,beat;dance;electronic;energetic;pop;tempo,,6,0,6,1,0,0.6326530612244898,"In that case, I recommend 'Dingue' by Daddy Clean. This track combines elements of Hip-Hop, electronic, dance, pop, and rock genres. It has a fast tempo and a catchy beat that will give your video a lively and energetic feel."
3463,Ga9vrr_fB-k,Ga9vrr_fB-k_nGpQxNRnNtQ,cf_lyrical_piano,acoustic;calm;sentimental;slow,dance;electronic;hip-hop,4,3,1,1,1,0.5882352941176471,"Allow me to recommend 'Dingue' by Daddy Clean. It's a track from the album 'Dingue' and combines elements of Hip-Hop, electronic, dance, pop, and rock. The song has a slow tempo and a soothing acoustic texture, which can create a calm and sentimental mood for your video."
3471,hxub0S_4u8Q,hxub0S_4u8Q_S53iYzSn4p8,cf_upbeat_electronic,beat;dance;electronic;energetic;pop;tempo,,6,0,6,1,0,0.6226415094339622,"In that case, I recommend 'Shot Me Down' by Mark Merek. This track combines electronic, Hip-Hop, and pop elements with a dance vibe. It has a fast tempo and a catchy beat that will give your video a lively and energetic feel."
3471,hxub0S_4u8Q,hxub0S_4u8Q_S53iYzSn4p8,cf_lyrical_piano,acoustic;calm;gentle;melody;sentimental;slow,electronic;hip-hop,6,2,4,1,1,0.5932203389830508,"Allow me to recommend 'Shot Me Down' by Mark Merek. It's a track from his album 'Shot Me Down'. The song combines elements of Hip-Hop, electronic, and pop with a slow tempo and a soothing acoustic sound. It has a gentle melody and a calm sentimental mood that could be a fitting choice for your video."
3494,9EO4nBIe-yA,9EO4nBIe-yA_RUjHBwO0EgM,cf_upbeat_electronic,beat;dance;electronic;modern;pop;upbeat,,6,0,6,1,0,0.5227272727272727,"In that case, I would recommend 'Sunny Day' by ストロベリー・スパンキー. This track is from their album 'Sunny Day' and offers a perfect blend of electronic, rock, indie, and pop genres. It has a catchy and upbeat sound with a modern dance and pop feel. It's a great choice for your video."
3494,9EO4nBIe-yA,9EO4nBIe-yA_RUjHBwO0EgM,cf_lyrical_piano,emotional;lyrical;piano;sentimental;slow,electronic,5,1,4,1,1,0.7058823529411764,"Allow me to recommend 'Love Song' by 柴咲コウ. It's a track from their album 'Love Song'. The song combines elements of rock, indie, and pop with electronic influences. It has a slow tempo and features lyrical piano, which aligns well with the emotional and sentimental mood you're looking for."
3506,raE8dGyRTXQ,raE8dGyRTXQ_IPawwnMx32I,cf_upbeat_electronic,beat;dance;electronic;energetic;modern;pop;rhythm;upbeat,,8,0,8,1,0,0.7096774193548387,"In that case, I recommend 'Buffalo Stars' by Lelia Broussard. This track is from the album 'Buffalo Stars' and offers a perfect blend of pop, rock, and electronic genres. It has a catchy and upbeat rhythm, with a modern dance and pop feel. The song was released in 2013 and is sure to add a vibrant and energetic atmosphere to your video."
3506,raE8dGyRTXQ,raE8dGyRTXQ_IPawwnMx32I,cf_lyrical_piano,acoustic;calm;gentle;lyrical;melody;piano;sentimental;slow;soft,,9,0,9,1,0,0.8032786885245902,"In that case, I recommend 'Buffalo Stars' by Lelia Broussard. This track has a beautiful lyrical piano background with a slow tempo, soft acoustic texture, gentle melody, and a calm sentimental mood. It's perfect for creating a romantic atmosphere in your wedding video."
3514,6FE8jlwBGJs,6FE8jlwBGJs_T5V0hhZ3IVg,cf_upbeat_electronic,energetic;pop,,2,0,2,1,0,0.6491228070175439,"In that case, I recommend 'One More Day' by Go With Me. This track has a rock and pop sound with indie and alternative influences. It features guitar and male vocals, creating a catchy and energetic vibe. The song was released in 2012 and is part of the album 'One More Day'."
3514,6FE8jlwBGJs,6FE8jlwBGJs_T5V0hhZ3IVg,cf_lyrical_piano,acoustic;calm;gentle;lyrical;melody;piano;sentimental;slow;soft,,9,0,9,1,0,0.7413793103448276,"In that case, I recommend 'One More Day' by Go With Me. This track has a lyrical piano background with a slow tempo, soft acoustic texture, gentle melody, and a calm sentimental mood. It's a perfect fit for your video."
3515,IBgI2Mniq6w,IBgI2Mniq6w_TfbhL9w7DHE,cf_upbeat_electronic,dance;electronic;modern;pop;rhythm;tempo,,6,0,6,1,0,0.6833333333333333,"In that case, I recommend 'Let It Go (Faustix & Imanos Remix)' by Dragonette. This track is a remix of the original song and offers a modern dance and pop sound with electronic elements. It has a fast tempo and a clear rhythm that will add energy to your video."
3515,IBgI2Mniq6w,IBgI2Mniq6w_TfbhL9w7DHE,cf_lyrical_piano,lyrical;piano;sentimental;slow,dance;electronic,4,2,2,1,1,0.65,"I suggest listening to 'Let It Go' by Dragonette. It's a track from their album 'Let It Go'. The song combines elements of electronic, dance, and pop genres with a touch of rock. It has a slow tempo and features lyrical piano, which can create a soothing and sentimental atmosphere for your video."
3563,O8k8XT6gLzI,O8k8XT6gLzI_cgKt90e0500,cf_upbeat_electronic,electronic;energetic;modern,,3,0,3,1,0,0.6451612903225806,"In that case, I would recommend 'Color Voice' by EMILY LETTUCE. This track is from their album 'Color Voice' and offers a blend of rock, indie, and alternative genres. It has a fast-paced and energetic sound with electronic elements, which will give your video a vibrant and modern feel."
3563,O8k8XT6gLzI,O8k8XT6gLzI_cgKt90e0500,cf_lyrical_piano,acoustic;slow,,2,0,2,1,0,0.4464285714285714,"Allow me to recommend 'Color Voice' by EMILY LETTUCE. It's a track from their album 'Color Voice'. The song combines elements of rock, indie, and alternative with a focus on guitar and vocals. It has a slow tempo and a soothing acoustic sound that could be a fitting choice for your video."
3565,G_PjcAfVJkY,G_PjcAfVJkY_butKQYYzySM,cf_upbeat_electronic,bright;electronic;energetic;pop;rhythm,,5,0,5,1,0,0.4782608695652174,"In that case, I would recommend 'Pewnego razu w Warszawie' by Kritaczi. This track combines elements of Hip-Hop, electronic, rock, and pop, creating a unique and energetic sound. It has a bright mood and clear rhythm, perfect for creating a lively atmosphere in your video."
3565,G_PjcAfVJkY,G_PjcAfVJkY_butKQYYzySM,cf_lyrical_piano,acoustic;calm;sentimental;slow,electronic;hip-hop,4,2,2,1,1,0.7068965517241379,"I recommend 'Pewnego razu w Warszawie' by Kritaczi. It's a track from their album 'Pewnego razu w Warszawie'. The song combines elements of Hip-Hop, rock, and electronic music with a touch of jazz and soul. It has a slow tempo and a soothing acoustic texture, which can create a calm and sentimental atmosphere for your video."
3587,K7KMRBoqQUg,K7KMRBoqQUg_P56SorCCSmI,cf_upbeat_electronic,dance;electronic;pop;rhythm;tempo,,5,0,5,1,0,0.5714285714285714,"In that case, I would recommend 'Shooting Star' by Owl City. This track is a perfect fit for your preferences as it combines electronic, dance, pop, and rock elements. It has a fast tempo and a catchy rhythm that will add energy to your video."
3587,K7KMRBoqQUg,K7KMRBoqQUg_P56SorCCSmI,cf_lyrical_piano,acoustic;calm;gentle;melody;sentimental;slow,electronic,6,1,5,1,1,0.45614035087719296,"Allow me to recommend 'Shooting Star' by Owl City. It's a track from their album 'Shooting Star'. This song combines elements of pop, electronic, and rock genres with a slow tempo and a soothing acoustic sound. It has a gentle melody and a calm sentimental mood that could be a perfect fit for your video."
3601,0pzNkHgIdHk,0pzNkHgIdHk_zVaXHQhVXhQ,cf_upbeat_electronic,beat;beats;bright;dance;electronic;energetic;modern;pop;rhythm;upbeat,,10,0,10,1,0,0.5517241379310345,"In that case, I recommend 'Bisogno d'Amore' by Sud Sound System. This track combines elements of rock, pop, and electronic music, creating a catchy and upbeat sound. It has a bright mood, clear rhythm, energetic beats, and a modern dance or pop feel. It's a great choice for your video."
3601,0pzNkHgIdHk,0pzNkHgIdHk_zVaXHQhVXhQ,cf_lyrical_piano,lyrical;piano;sentimental;slow,,4,0,4,1,0,0.4642857142857143,"Allow me to recommend 'Bisogno d'Amore' by Sud Sound System. It's a track from their album 'Bisogno d'Amore'. The song combines elements of rock, pop, and soul with a touch of jazz. It has a slow tempo and features lyrical piano, which can create a soothing and sentimental atmosphere for your video."
3603,aloy-hdZ3CE,aloy-hdZ3CE_VgXFWk_EDGU,cf_upbeat_electronic,dance;electronic;energetic;modern;pop,,5,0,5,1,0,0.6140350877192983,"In that case, I would recommend 'True North' by The Crossing. This track is from their album 'True North' and offers a perfect blend of rock, indie, alternative, and electronic genres. It has a fast-paced and energetic sound with a modern dance and pop feel. It's a great choice for your video."
3603,aloy-hdZ3CE,aloy-hdZ3CE_VgXFWk_EDGU,cf_lyrical_piano,acoustic;gentle;lyrical;piano;sentimental;slow;soft,,7,0,7,1,0,0.639344262295082,"Allow me to recommend 'True North' by The Crossing. It's a track from their album 'True North'. The song combines elements of rock, indie, and alternative with a focus on lyrical piano. It has a slow tempo and a soft acoustic texture, creating a gentle and sentimental mood that could be a fitting choice for your video."
3605,Iyy9VDuS3oM,Iyy9VDuS3oM_4oB7o8Tl9so,cf_upbeat_electronic,dance;electronic;energetic;modern;pop;rhythm;tempo,,7,0,7,1,0,0.7419354838709677,"In that case, I would recommend 'O Tempo Passa' by ARTMATA. This track combines elements of Hip-Hop, electronic, rock, dance, and pop, creating a vibrant and energetic sound. It has a clear rhythm and a modern dance or pop feel that would be perfect for your video."
3605,Iyy9VDuS3oM,Iyy9VDuS3oM_4oB7o8Tl9so,cf_lyrical_piano,lyrical;piano;sentimental;slow,electronic;hip-hop,4,2,2,1,1,0.5087719298245614,"Allow me to recommend 'O Tempo Passa' by ARTMATA. It's a track from their album 'O Tempo Passa'. The song combines elements of Hip-Hop, rock, and electronic music with a touch of jazz and indie influences. It has a slow tempo and features lyrical piano, which can create a soothing and sentimental atmosphere for your video."
3635,MsvUscdzkAc,MsvUscdzkAc_aZuqmdRgEHE,cf_upbeat_electronic,dance;electronic;modern;pop;rhythm,,5,0,5,1,0,0.6346153846153846,"In that case, I recommend 'My Paradise' by MakSim. This track combines pop, rock, and electronic elements with a female vocalist. It has a fast-paced rhythm and a modern dance vibe that will add energy to your video."
3635,MsvUscdzkAc,MsvUscdzkAc_aZuqmdRgEHE,cf_lyrical_piano,emotional;melody;piano;slow,,4,0,4,1,0,0.625,"Allow me to recommend 'My Paradise' by MakSim. It's a track from her album 'My Paradise'. The song combines elements of pop, rock, and indie with a touch of jazz. It features a beautiful piano melody and has a slow tempo, which creates a soothing and emotional atmosphere."
3645,fpPHM9g7doo,fpPHM9g7doo_gXmN3m7GpEk,cf_upbeat_electronic,dance;electronic;energetic;modern;pop;rhythm,,6,0,6,1,0,0.6842105263157895,"In that case, I recommend 'London'o Phone' by Nav Sidhu. This track combines electronic, dance, pop, and house genres, creating a vibrant and energetic sound. It has a clear rhythm and a modern dance or pop feel that will add excitement to your video."
3645,fpPHM9g7doo,fpPHM9g7doo_gXmN3m7GpEk,cf_lyrical_piano,emotional;lyrical;piano;sentimental;slow,dance;electronic,5,2,3,1,1,0.6333333333333333,"Allow me to recommend 'London'o Phone' by Nav Sidhu. It's a track from the album 'London'o Phone'. This song combines elements of pop, electronic, and dance with a touch of rock. It has a slow tempo and features lyrical piano, which aligns well with the emotional and sentimental mood you're looking for."
3660,K2Tehu9FskU,K2Tehu9FskU_mrUSad1Tdzk,cf_upbeat_electronic,dance;electronic;modern;pop;rhythm,,5,0,5,1,0,0.6666666666666667,"In that case, I recommend 'Revelation Song' by Steve and Sandi Padilla. This track is part of the album 'Revelation Song' and offers a blend of rock, pop, and electronic genres. It has a fast-paced rhythm and a modern dance vibe that will add energy to your video."
3660,K2Tehu9FskU,K2Tehu9FskU_mrUSad1Tdzk,cf_lyrical_piano,acoustic;calm;gentle;melody;piano;sentimental;slow,,7,0,7,1,0,0.5185185185185186,"Allow me to recommend 'Revelation Song' by Steve and Sandi Padilla. It's a track from their album 'Revelation Song'. This song combines elements of rock, pop, and indie with a focus on piano and acoustic instruments. It has a slow tempo and a gentle melody that creates a calm and sentimental atmosphere."
3673,h5Dl5y6er04,h5Dl5y6er04_rHV4SRg0aSU,cf_upbeat_electronic,dance;electronic;energetic;modern;pop;rhythm,,6,0,6,1,0,0.6065573770491803,"Allow me to recommend 'Shake It Off' by Skrat. It's a track from their album 'Shake It Off'. This song combines elements of rock, indie, and electronic music, creating a fast-paced and energetic sound. It has a clear rhythm and a modern dance or pop feel that could be a fitting choice for your video."
3673,h5Dl5y6er04,h5Dl5y6er04_rHV4SRg0aSU,cf_lyrical_piano,lyrical;piano;sentimental;slow,electronic,4,1,3,1,1,0.71875,"Allow me to recommend 'Shake It Off' by Skrat. It's a track from their album 'Shake It Off'. The song combines elements of rock, indie, and alternative with a touch of electronic. It has a slow tempo and features lyrical piano, which can create a soothing and sentimental atmosphere for your video."
3689,mkPFefiDPsY,mkPFefiDPsY_eyPHi3taRcM,cf_upbeat_electronic,beat;beats;dance;electronic;energetic;pop;rhythm,,7,0,7,1,0,0.6774193548387097,"Allow me to recommend 'Finding You in a Sea of People' by 許豪中 + 雷雪倪. It's a track from their album 'Finding You in a Sea of People'. This song combines elements of pop, rock, and electronic music with a dance and pop vibe. It has a fast-paced rhythm and energetic beats that could be a fitting choice for your video."
3689,mkPFefiDPsY,mkPFefiDPsY_eyPHi3taRcM,cf_lyrical_piano,lyrical;melody;piano;sentimental;slow,,5,0,5,1,0,0.7833333333333333,"In that case, I recommend 'Finding You in a Sea of People' by 許豪中 + 雷雪倪. This track combines elements of pop, rock, and indie with a touch of folk. It features a beautiful lyrical piano melody and a slow tempo, creating a soothing and sentimental atmosphere."
3705,SQZT17IAxeA,SQZT17IAxeA_tj0qwm941gg,cf_upbeat_electronic,beat;beats;bright;dance;electronic;energetic;pop;upbeat,,8,0,8,1,0,0.7391304347826086,"In that case, I would recommend 'Ballin' by Yung Tay. This track has a catchy upbeat electronic sound with a bright mood and energetic beats. It falls under the genres of Hip-Hop, R&B, electronic, dance, and pop, which aligns well with the dance and pop elements you're looking for."
3705,SQZT17IAxeA,SQZT17IAxeA_tj0qwm941gg,cf_lyrical_piano,acoustic;calm;lyrical;piano;sentimental;slow;soft,dance;electronic;hip-hop,7,3,4,1,1,0.7142857142857143,"Allow me to recommend 'Lyrical Piano'. It's a track that combines elements of Hip-Hop, R&B, electronic, pop, and dance. Although there is no specific information about the album, artists, or track name, the description mentions that it is a piano instrumental with a slow tempo and a soft acoustic texture. This track may provide the desired calm and sentimental mood for your video."
3711,xSAt_9AARZg,xSAt_9AARZg_qJbtrYcfTfo,cf_upbeat_electronic,beat;electronic;energetic;pop;upbeat,,5,0,5,1,0,0.625,"Allow me to recommend 'Szívem' by Csondor Kata. It's a track from her album 'Szívem'. The song combines elements of pop, rock, and electronic music with a female vocalist. It has a fast-paced and energetic sound, which aligns well with the upbeat electronic background music you're looking for."
3711,xSAt_9AARZg,xSAt_9AARZg_qJbtrYcfTfo,cf_lyrical_piano,acoustic;calm;gentle;lyrical;melody;piano;sentimental;slow;soft,,9,0,9,1,0,0.7258064516129032,"In that case, I recommend 'Szívem' by Csondor Kata. This track has a beautiful lyrical piano melody with a slow tempo and a soft acoustic texture. It falls under the genres of pop, rock, and folk, and has a gentle melody and a calm sentimental mood that would be perfect for your video."
3715,HalzeiAqMCs,HalzeiAqMCs_fJniB5oey-s,cf_upbeat_electronic,beat;beats;dance;electronic;energetic;modern;pop;rhythm,,8,0,8,1,0,0.6481481481481481,"In that case, I recommend 'London' by Money Aujla feat. It's a track from the album 'London'. This song combines elements of pop, electronic, and rock with a dance and pop feel. It has a fast-paced rhythm and energetic beats that will create a lively and modern atmosphere for your video."
3715,HalzeiAqMCs,HalzeiAqMCs_fJniB5oey-s,cf_lyrical_piano,acoustic;calm;sentimental;slow;soft,electronic,5,1,4,1,1,0.6140350877192983,"Allow me to recommend 'London' by Money Aujla feat. It's a track from their album 'London'. This song combines elements of pop, rock, and indie with a touch of electronic and jazz influences. It features a slow tempo, soft acoustic texture, and a calm sentimental mood that could be a perfect fit for your video."
3754,GI6_MCrDl6o,GI6_MCrDl6o_fYEhUcWefXY,cf_upbeat_electronic,beat;dance;electronic;energetic;modern;pop;tempo,,7,0,7,1,0,0.7384615384615385,"In that case, I would recommend 'I'm Not Over' by Alex Gaudino featuring Kelly Llorenna. This track is a perfect fit for your video as it combines electronic, dance, pop, and house genres. It has a fast tempo and a catchy beat that will create an energetic and modern atmosphere for your video."
3754,GI6_MCrDl6o,GI6_MCrDl6o_fYEhUcWefXY,cf_lyrical_piano,acoustic;calm;sentimental;slow,dance;electronic,4,2,2,1,1,0.7333333333333334,"I suggest you consider the track 'Love Is Alive' by David Guetta. It's a dance and electronic song with elements of pop and house. The track has a slow tempo and a soothing acoustic texture, which can create a calm and sentimental atmosphere for your video."
3788,cv-jSWbgOKU,cv-jSWbgOKU_C5A5d8ZWeWQ,cf_upbeat_electronic,,,0,0,0,0,0,0.7454545454545455,"In that case, I would recommend 'Sweet Disposition' by Temper Trap. This track has a beautiful and melodic sound with elements of rock, indie, and folk. It would be a perfect fit for your video, creating a soothing and uplifting atmosphere."
3788,cv-jSWbgOKU,cv-jSWbgOKU_C5A5d8ZWeWQ,cf_lyrical_piano,acoustic;calm;gentle;lyrical;melody;piano;sentimental;slow;soft,,9,0,9,1,0,0.84375,"In that case, I recommend 'Love Me Like You Do' by Ellie Goulding. This track has a beautiful lyrical piano background with a slow tempo, soft acoustic texture, gentle melody, and a calm sentimental mood. It's perfect for creating a romantic atmosphere in your video."
3819,qIJqSGTpfA0,qIJqSGTpfA0_babtBEl69zc,cf_upbeat_electronic,dance;electronic;energetic;pop;rhythm;tempo,,6,0,6,1,0,0.6037735849056604,"In that case, I recommend 'Night & Day' by Livia K. This track is from her album 'Night & Day' and offers a perfect blend of electronic, dance, and pop genres. It has a fast tempo and a catchy rhythm that will give your video a lively and energetic feel."
3819,qIJqSGTpfA0,qIJqSGTpfA0_babtBEl69zc,cf_lyrical_piano,lyrical;piano;sentimental;slow,dance;electronic,4,2,2,1,1,0.46153846153846156,"Allow me to recommend 'Night & Day' by Livia K. It's a track from her album 'Night & Day'. The song combines elements of pop, dance, and electronic music with a touch of rock. It has a slow tempo and features lyrical piano, which can create a soothing and sentimental atmosphere for your video."
3876,5vOcmkN9MIk,5vOcmkN9MIk_YKkdrHiem3o,cf_upbeat_electronic,beat;dance;electronic;energetic;pop;tempo,,6,0,6,1,0,0.6851851851851851,"In that case, I recommend 'mil maneras 2010' by gamabeatmaker. This track combines elements of Hip-Hop, electronic, dance, pop, and rock. It has a fast tempo and a catchy beat that will give your video a lively and energetic feel."
3876,5vOcmkN9MIk,5vOcmkN9MIk_YKkdrHiem3o,cf_lyrical_piano,acoustic;calm;sentimental;slow,beat;electronic;hip-hop,4,3,1,1,1,0.6842105263157895,"I suggest checking out 'Mil maneras 2010' by gamabeatmaker. It's a track that combines elements of Hip-Hop, electronic, and pop with a touch of R&B. The song has a slow tempo and a soothing acoustic texture, which can create a calm and sentimental atmosphere for your video."
3905,H-W68B4KTVI,H-W68B4KTVI_ulxuGZNxbA0,cf_upbeat_electronic,dance;electronic;energetic;pop;rhythm;tempo,,6,0,6,1,0,0.847457627118644,"In that case, I recommend 'Sunshine' by Danny Howard. This track is from the album 'Sunshine' and offers a perfect blend of electronic, dance, and pop genres. It has a fast tempo and a catchy rhythm that will give your video a vibrant and energetic feel."
3905,H-W68B4KTVI,H-W68B4KTVI_ulxuGZNxbA0,cf_lyrical_piano,acoustic;calm;gentle;lyrical;melody;piano;sentimental;slow,,8,0,8,1,0,0.847457627118644,I suggest you consider the track 'Love Is Alive' by Lyrical Piano. It's a beautiful instrumental piece with a slow tempo and a soothing acoustic texture. The track has a gentle melody and a calm sentimental mood that can create a romantic atmosphere for your video.
3915,4Q4VQyHfiPI,4Q4VQyHfiPI_5KMORmZGYRc,cf_upbeat_electronic,beat;dance;electronic;energetic;pop;tempo,,6,0,6,1,0,0.6428571428571428,"In that case, I recommend 'Se siente el party' by Jhon KPO & Edsson. This track combines elements of Hip-Hop, electronic, dance, pop, and rock. It has a fast tempo and a catchy beat that will give your video a lively and energetic feel."
3915,4Q4VQyHfiPI,4Q4VQyHfiPI_5KMORmZGYRc,cf_lyrical_piano,acoustic;piano;sentimental;slow,electronic;hip-hop,4,2,2,1,1,0.5263157894736843,"Allow me to recommend 'Se siente el party' by Jhon KPO & Edsson. It's a track from their album 'Se siente el party'. This song combines elements of Hip-Hop, pop, electronic, and rock genres. It has a slow tempo and features piano and acoustic elements. The lyrics are in Spanish and the music has a soothing and sentimental vibe."
3916,TME4uekY9hc,TME4uekY9hc_p79AdYDjlFU,cf_upbeat_electronic,beat;dance;electronic;energetic;modern;pop,,6,0,6,1,0,0.7272727272727273,"In that case, I would recommend 'I'm Alive' by J.R. featuring J.R. It's a track from the album 'I'm Alive' and combines elements of Hip-Hop, electronic, and rock with a touch of pop. The song has a fast-paced beat and a modern dance vibe that will give your video a lively and energetic feel."
3916,TME4uekY9hc,TME4uekY9hc_p79AdYDjlFU,cf_lyrical_piano,acoustic;calm;emotional;gentle;lyrical;melody;piano;sentimental;slow;soft,,10,0,10,1,0,0.7241379310344828,"I understand your preference for lyrical piano background music with a slow tempo, soft acoustic texture, gentle melody, and a calm sentimental mood. In that case, I recommend 'Lyrical Piano Background Music' by SD. This track offers a perfect blend of lyrical piano and acoustic elements, creating a soothing and emotional atmosphere. It's a great choice for your video."
3931,arOdnIxy3tk,arOdnIxy3tk_dniPTlMnvKA,cf_upbeat_electronic,bright;electronic;pop;rhythm,,4,0,4,1,0,0.4347826086956522,"In that case, I would recommend 'Above The Clouds' by Gang Starr. This track is a perfect fit for your video as it combines elements of Hip-Hop, electronic, rock, and pop genres. It has a fast-paced rhythm and a bright mood that will add energy to your video."
3931,arOdnIxy3tk,arOdnIxy3tk_dniPTlMnvKA,cf_lyrical_piano,acoustic;calm;sentimental;slow,electronic;hip-hop,4,2,2,1,1,0.5818181818181818,"Allow me to recommend 'Above The Clouds' by Gang Starr. It's a track from their album 'Above The Clouds'. This song combines elements of Hip-Hop, electronic, and rock with a touch of jazz and indie influences. It has a slow tempo and a soothing acoustic texture, which can create a calm and sentimental mood for your video."
3936,brSk7jSBrUo,brSk7jSBrUo_Uf0v56xKJtU,cf_upbeat_electronic,beat;dance;electronic;energetic;pop;rhythm,,6,0,6,1,0,0.42553191489361697,"In that case, I recommend 'Dígame de Frente' by El Gallo. This track combines elements of Hip-Hop, electronic, dance, pop, and rock genres. It has a fast-paced beat and a catchy rhythm that will give your video a lively and energetic feel."
3936,brSk7jSBrUo,brSk7jSBrUo_Uf0v56xKJtU,cf_lyrical_piano,acoustic;calm;sentimental;slow,electronic;hip-hop,4,2,2,1,1,0.6333333333333333,"Allow me to recommend 'Dígame de Frente' by El Gallo. It's a track from his album 'Dígame de Frente'. The song combines elements of Hip-Hop, electronic, and pop with a touch of rock. It has a slow tempo and a soothing acoustic texture, which can create a calm and sentimental atmosphere for your video."
3952,hlhgYkDKqn4,hlhgYkDKqn4_jKBmrIgG-Nw,cf_upbeat_electronic,bright;electronic;pop;rhythm,,4,0,4,1,0,0.609375,"In that case, I recommend 'La Tierra del Olvido' by Carlos Vives ft Varios Artistas. This track combines rock, pop, and electronic elements with a touch of indie and alternative influences. It has a fast-paced rhythm and a bright mood that will add energy to your video."
3952,hlhgYkDKqn4,hlhgYkDKqn4_jKBmrIgG-Nw,cf_lyrical_piano,acoustic;sentimental;slow,,3,0,3,1,0,0.6060606060606061,"I suggest you consider the track 'La Tierra del Olvido' by Carlos Vives ft Varios Artistas. It's a song from the album 'La Tierra del Olvido' and features a mix of rock, pop, indie, and folk genres. The track has a slow tempo and a soothing acoustic sound, which can create a relaxing and sentimental atmosphere for your video."
3963,Wu8w5gYs6ZI,Wu8w5gYs6ZI_RzKd8etBkhQ,cf_upbeat_electronic,dance;electronic;energetic;modern;pop;rhythm,,6,0,6,1,0,0.8032786885245902,"In that case, I would recommend 'Badman' by Michall V Reaves. This track combines elements of Hip-Hop, electronic, and pop genres, creating a vibrant and energetic sound. It has a clear rhythm and modern dance influences that will add a lively and catchy feel to your video."
3963,Wu8w5gYs6ZI,Wu8w5gYs6ZI_RzKd8etBkhQ,cf_lyrical_piano,lyrical;piano;slow,electronic;hip-hop,3,2,1,1,1,0.54,"Allow me to recommend 'Badman' by Michall V Reaves. It's a track from the album 'Badman' and combines elements of Hip-Hop, electronic, and rock with a touch of jazz and soul. The song has a slow tempo and features lyrical piano, which aligns well with the specific elements you're looking for."
3980,saTEJs6bLos,saTEJs6bLos_P9_I1wHU2zk,cf_upbeat_electronic,beat;dance;electronic;modern;pop,,5,0,5,1,0,0.7166666666666667,"In that case, I recommend 'Vas-y ferme la' by Obi one. This track combines elements of Hip-Hop, electronic, dance, pop, and rock genres. It has a fast-paced beat and a modern dance or pop feel that will add energy to your video."
3980,saTEJs6bLos,saTEJs6bLos_P9_I1wHU2zk,cf_lyrical_piano,acoustic;piano;sentimental;slow,electronic;hip-hop,4,2,2,1,1,0.6440677966101696,"Allow me to recommend 'Vas-y ferme la' by Obi one. It's a track from the album 'Vas-y ferme la' and combines elements of Hip-Hop, electronic, rock, and pop with a touch of jazz. The song has a slow tempo and features a piano and acoustic guitar, creating a soothing and sentimental atmosphere."
3981,s4UKAbZXMD8,s4UKAbZXMD8_c6F-7olJ_VI,cf_upbeat_electronic,beat;beats;bright;dance;electronic;energetic;modern;pop;rhythm;upbeat,,10,0,10,1,0,0.6567164179104478,"In that case, I would recommend 'Video Games' by Lana Del Rey. This track is a perfect fit for your video as it combines elements of rock, indie, pop, and folk. It has a catchy and upbeat electronic sound with a bright mood and clear rhythm. The energetic beats and modern dance or pop feel will add a vibrant and lively atmosphere to your video."
3981,s4UKAbZXMD8,s4UKAbZXMD8_c6F-7olJ_VI,cf_lyrical_piano,acoustic;gentle;melody;sentimental;slow,,5,0,5,1,0,0.703125,"In that case, I would recommend 'Video Games' by Lana Del Rey. This track is a beautiful and heartfelt song that captures the essence of love and nostalgia. It has a slow tempo, acoustic elements, and a gentle melody that creates a soothing and sentimental atmosphere. It's perfect for creating a romantic and intimate mood in your video."
4025,BSA-zYdJkw8,BSA-zYdJkw8_jO8zlog3yfo,cf_upbeat_electronic,dance;electronic;modern;pop;rhythm,,5,0,5,1,0,0.7358490566037736,"In that case, I recommend '你撕碎了我的心' by A-ONE. This track is a perfect fit for your video as it falls under the genres of pop, electronic, and dance. It has a fast-paced rhythm and a modern dance vibe that will add energy to your video."
4025,BSA-zYdJkw8,BSA-zYdJkw8_jO8zlog3yfo,cf_lyrical_piano,sentimental;slow,,2,0,2,1,0,0.7407407407407407,"Allow me to recommend '你撕碎了我的心' by A-ONE. It's a track from their album '你撕碎了我的心'. The song combines elements of pop, R&B, and soul with a touch of rock. It features a beautiful female vocal and has a slow tempo, which creates a soothing and sentimental atmosphere."
4053,RtN6hQUg_8A,RtN6hQUg_8A_uASCrVnpPG0,cf_upbeat_electronic,beat;dance;electronic;energetic;modern;pop;tempo,,7,0,7,1,0,0.711864406779661,"In that case, I recommend 'Chaos & Mayhem' by Max T Surla. This track is from the album 'Chaos & Mayhem' and offers the perfect blend of electronic, dance, and pop genres. It has a fast tempo and a catchy beat that will create an energetic and modern dance vibe for your video."
4053,RtN6hQUg_8A,RtN6hQUg_8A_uASCrVnpPG0,cf_lyrical_piano,emotional;lyrical;piano;sentimental;slow,electronic;hip-hop,5,2,3,1,1,0.8181818181818181,"Allow me to recommend 'Love' by The Roots. It's a track from their album 'Love'. The song combines elements of Hip-Hop, electronic, and rock with a touch of indie and pop. It has a slow tempo and features lyrical piano, which aligns well with the emotional and sentimental mood you're looking for."
4087,khe8nWxLC6A,khe8nWxLC6A_GM5NClxKzV4,cf_upbeat_electronic,beat;dance;electronic;modern;pop,,5,0,5,1,0,0.5490196078431373,"In that case, I recommend 'Show My Soul' by Troy Nathans feat. It's a track from the album 'Show My Soul' and combines elements of Hip-Hop, pop, electronic, and rock. The song has a fast-paced beat and a modern dance vibe that could be a perfect fit for your video."
4087,khe8nWxLC6A,khe8nWxLC6A_GM5NClxKzV4,cf_lyrical_piano,acoustic;calm;gentle;lyrical;melody;piano;sentimental;slow;soft,,9,0,9,1,0,0.6825396825396826,"I understand your preference for lyrical piano background music with a slow tempo, soft acoustic texture, gentle melody, and a calm sentimental mood. In that case, I recommend 'Show My Soul' by Troy Nathans feat. It's a track from the album 'Show My Soul' and features lyrical piano and acoustic elements. The song has a slow tempo and a soothing acoustic sound that can create a relaxing atmosphere for your video."
4147,5cE75y2eQRw,5cE75y2eQRw_MtAwCNqg2jY,cf_upbeat_electronic,electronic;energetic;pop,,3,0,3,1,0,0.5925925925925926,"In that case, I recommend 'Y.P.J (Yang Penting Janda)' by GAN ZAPAS. This track combines rock, pop, and alternative genres with a touch of indie and electronic elements. It has a fast-paced and energetic sound, perfect for creating a lively and vibrant atmosphere in your video."
4147,5cE75y2eQRw,5cE75y2eQRw_MtAwCNqg2jY,cf_lyrical_piano,acoustic;calm;gentle;lyrical;melody;piano;sentimental;slow;soft,,9,0,9,1,0,0.7166666666666667,Allow me to recommend 'Y.P.J (Yang Penting Janda)' by GAN ZAPAS. It's a track with lyrical piano background music and a slow tempo. The song has a soft acoustic texture and a gentle melody that creates a calm and sentimental mood. It's a perfect choice for your video.
4148,HdVY4pBsahU,HdVY4pBsahU_12WBWg1BAmU,cf_upbeat_electronic,beat;beats;bright;dance;electronic;energetic;modern;pop;upbeat,,9,0,9,1,0,0.7,"In that case, I would recommend 'Swang on 'em' by Q. This track has a catchy upbeat electronic sound with a bright mood and energetic beats. It falls under the genres of Hip-Hop, electronic, dance, pop, and rock. It's perfect for creating a modern dance or pop feeling in your video."
4148,HdVY4pBsahU,HdVY4pBsahU_12WBWg1BAmU,cf_lyrical_piano,acoustic;gentle;sentimental;slow,electronic;hip-hop,4,2,2,1,1,0.5882352941176471,"Allow me to recommend 'Swang on 'em' by Q. It's a track from the album 'Swang on 'em' by Q. The song combines elements of Hip-Hop, electronic, and rock with a touch of pop. It has a slow tempo and a soothing acoustic texture, creating a gentle and sentimental mood."
4150,Z0Ujpe2xWKs,Z0Ujpe2xWKs_bxU95SaM06c,cf_upbeat_electronic,bright;dance;electronic;energetic;pop;rhythm,,6,0,6,1,0,0.6296296296296297,"In that case, 'Cave In by Owl City' would be an excellent choice. It's an electronic track with a pop and dance vibe. The song has a catchy rhythm and a bright mood that aligns well with your preferences. It's a great choice for creating a lively and energetic atmosphere in your video."
4150,Z0Ujpe2xWKs,Z0Ujpe2xWKs_bxU95SaM06c,cf_lyrical_piano,acoustic;calm;gentle;melody;sentimental;slow,electronic,6,1,5,1,1,0.5272727272727273,"Allow me to recommend 'Cave In' by Owl City. It's a track from their album 'Cave In'. This song combines elements of pop, electronic, and rock genres with a slow tempo and a soothing acoustic texture. It has a gentle melody and a calm sentimental mood that could be a fitting choice for your video."
4180,KDOK211mTgA,KDOK211mTgA_A4RbtN9IarQ,cf_upbeat_electronic,electronic;energetic;modern;pop,,4,0,4,1,0,0.5357142857142857,"I recommend 'Vem Adorar' by Ministério Soma. It's a track from their album 'Vem Adorar'. This song combines elements of rock, pop, and electronic music, with a focus on guitar and drums. It has a fast-paced and energetic sound, perfect for creating a lively and modern atmosphere in your video."
4180,KDOK211mTgA,KDOK211mTgA_A4RbtN9IarQ,cf_lyrical_piano,acoustic;emotional;piano;slow,,4,0,4,1,0,0.4901960784313726,"I recommend 'Vem Adorar' by Ministério Soma. It's a track from their album 'Vem Adorar'. This song combines elements of rock, pop, and alternative with a touch of indie and acoustic. It has a slow tempo and features a piano, which creates a soothing and emotional atmosphere."
