exp,sample_idx,cf_variant,delta_target_terms,delta_opposite_terms,direction_accuracy,net_direction_accuracy,prompt_echo_rate,base_mentions_top1_title,cf_mentions_top1_title,title_drift,text_changed,top1_music_id
exp_01,54,cf_upbeat_electronic,5,0,1,1,1.0,1,1,0,1,X9qC7p7L7Ak_8zXy6LPpr1Y
exp_01,54,cf_lyrical_piano,8,0,1,1,1.0,1,1,0,1,X9qC7p7L7Ak_8zXy6LPpr1Y
exp_01,104,cf_upbeat_electronic,6,0,1,1,0.5714,1,1,0,1,JFof9BQKYO8_FPJ4va7F1Uk
exp_01,104,cf_lyrical_piano,14,-1,1,1,0.8571,1,1,0,1,JFof9BQKYO8_FPJ4va7F1Uk
exp_01,123,cf_upbeat_electronic,5,0,1,1,0.875,0,0,0,1,HA76Wa7uUxw_1Tgp_sAqnbA
exp_01,123,cf_lyrical_piano,6,-1,1,1,0.8333,0,0,0,1,HA76Wa7uUxw_1Tgp_sAqnbA
exp_01,166,cf_upbeat_electronic,7,0,1,1,1.0,1,1,0,1,QKvUGxF7qzA_scdO5HE8so4
exp_01,166,cf_lyrical_piano,5,-1,1,1,0.8,1,1,0,1,QKvUGxF7qzA_scdO5HE8so4
exp_01,215,cf_upbeat_electronic,3,0,1,1,0.7143,0,1,0,1,ahmgp5DyW64_ZrZqngJhrEc
exp_01,215,cf_lyrical_piano,0,2,0,0,,0,0,0,1,ahmgp5DyW64_ZrZqngJhrEc
exp_01,256,cf_upbeat_electronic,6,0,1,1,0.5714,1,1,0,1,qc7wevDH1OE_nkzZ3Cro0vU
exp_01,256,cf_lyrical_piano,8,-1,1,1,1.0,1,1,0,1,qc7wevDH1OE_nkzZ3Cro0vU
exp_01,261,cf_upbeat_electronic,3,0,1,1,0.6667,1,1,0,1,9EnOsXXK1Co_EbArGEbYA1s
exp_01,261,cf_lyrical_piano,3,0,1,1,0.6667,1,1,0,1,9EnOsXXK1Co_EbArGEbYA1s
exp_01,307,cf_upbeat_electronic,4,0,1,1,0.7143,0,0,0,1,DL3dhkazIc8_tQjxTUSkOqs
exp_01,307,cf_lyrical_piano,6,-2,1,1,1.0,0,0,0,1,DL3dhkazIc8_tQjxTUSkOqs
exp_01,310,cf_upbeat_electronic,3,0,1,1,1.0,1,1,0,1,hrJ4jlvWPTI_h2rwWlx2e_Q
exp_01,310,cf_lyrical_piano,5,-3,1,1,1.0,1,1,0,1,hrJ4jlvWPTI_h2rwWlx2e_Q
exp_01,313,cf_upbeat_electronic,4,0,1,1,0.625,1,1,0,1,J-gYJBsln-w_2EkwVQYQsw4
exp_01,313,cf_lyrical_piano,5,-1,1,1,0.8,1,1,0,1,J-gYJBsln-w_2EkwVQYQsw4
exp_01,323,cf_upbeat_electronic,5,0,1,1,1.0,0,1,0,1,2o6NI8HFkRM_h-hCB-0Hi0s
exp_01,323,cf_lyrical_piano,7,-1,1,1,1.0,0,1,0,1,2o6NI8HFkRM_h-hCB-0Hi0s
exp_01,326,cf_upbeat_electronic,5,0,1,1,0.8,1,1,0,1,6TVHq4teJIE_8GVWSK_1DeY
exp_01,326,cf_lyrical_piano,7,-4,1,1,0.8571,1,1,0,1,6TVHq4teJIE_8GVWSK_1DeY
exp_01,348,cf_upbeat_electronic,4,0,1,1,0.625,1,1,0,1,6WpF3T7_-WY_334K3xDT5OU
exp_01,348,cf_lyrical_piano,7,-3,1,1,0.8571,1,1,0,1,6WpF3T7_-WY_334K3xDT5OU
exp_01,357,cf_upbeat_electronic,6,0,1,1,0.625,1,1,0,1,D8VO8lVLNXs_Ab8oMDbRs_M
exp_01,357,cf_lyrical_piano,12,0,1,1,0.9167,1,1,0,1,D8VO8lVLNXs_Ab8oMDbRs_M
exp_01,358,cf_upbeat_electronic,5,0,1,1,1.0,1,1,0,1,48Ebe-oCMIQ_s2Odvz0uDyU
exp_01,358,cf_lyrical_piano,4,0,1,1,0.75,1,1,0,1,48Ebe-oCMIQ_s2Odvz0uDyU
exp_01,364,cf_upbeat_electronic,7,0,1,1,0.7778,1,1,0,1,XKMGhFjOoXg_Mbau7DWaexI
exp_01,364,cf_lyrical_piano,13,-2,1,1,1.0,1,1,0,1,XKMGhFjOoXg_Mbau7DWaexI
exp_01,410,cf_upbeat_electronic,5,0,1,1,0.875,1,1,0,1,aoURfZPqQ3Q_sero9EK_L8c
exp_01,410,cf_lyrical_piano,5,-2,1,1,0.6,1,1,0,1,aoURfZPqQ3Q_sero9EK_L8c
exp_01,412,cf_upbeat_electronic,6,0,1,1,0.625,0,1,0,1,6esL1D6dVyY_bfC1yYsPeM4
exp_01,412,cf_lyrical_piano,5,0,1,1,0.8,0,1,0,1,6esL1D6dVyY_bfC1yYsPeM4
exp_01,448,cf_upbeat_electronic,4,0,1,1,0.8,1,1,0,1,R_R2JC4Ekw0_47xbkT3calM
exp_01,448,cf_lyrical_piano,5,-3,1,1,0.8,1,1,0,1,R_R2JC4Ekw0_47xbkT3calM
exp_01,451,cf_upbeat_electronic,1,0,1,1,0.8333,1,1,0,1,ggHIsQy7Db8_Z18Cnx5YJX8
exp_01,451,cf_lyrical_piano,5,-3,1,1,0.8,1,1,0,1,ggHIsQy7Db8_Z18Cnx5YJX8
exp_01,457,cf_upbeat_electronic,0,0,0,0,0.6,1,1,0,1,glThsEZuD2Y_ToZljXVGbFs
exp_01,457,cf_lyrical_piano,5,-7,1,1,0.8,1,0,1,1,glThsEZuD2Y_ToZljXVGbFs
exp_01,512,cf_upbeat_electronic,3,0,1,1,0.6667,0,1,0,1,sPtyyoP3Uz4_JjE4zBFDIM4
exp_01,512,cf_lyrical_piano,9,-3,1,1,1.0,0,1,0,1,sPtyyoP3Uz4_JjE4zBFDIM4
exp_01,553,cf_upbeat_electronic,5,0,1,1,1.0,1,1,0,1,ynVK3EsW9Ws_7i6N8WLd2zU
exp_01,553,cf_lyrical_piano,9,-2,1,1,1.0,1,1,0,1,ynVK3EsW9Ws_7i6N8WLd2zU
exp_01,559,cf_upbeat_electronic,6,0,1,1,1.0,1,1,0,1,hS2tevgRLHQ_GS7GfA4zk9E
exp_01,559,cf_lyrical_piano,3,-1,1,1,1.0,1,1,0,1,hS2tevgRLHQ_GS7GfA4zk9E
exp_01,562,cf_upbeat_electronic,5,0,1,1,0.5,1,1,0,1,Tl7ZXX6wbRE_rKoU3ekYQ-I
exp_01,562,cf_lyrical_piano,5,1,1,0,0.8,1,1,0,1,Tl7ZXX6wbRE_rKoU3ekYQ-I
exp_01,627,cf_upbeat_electronic,4,0,1,1,0.5714,1,1,0,1,lRXn2djCFEQ_9D-wLVsgj9Q
exp_01,627,cf_lyrical_piano,3,-1,1,1,0.6667,1,1,0,1,lRXn2djCFEQ_9D-wLVsgj9Q
exp_01,685,cf_upbeat_electronic,9,0,1,1,1.0,1,1,0,1,SSmTgwp15FQ_SH8esP19qww
exp_01,685,cf_lyrical_piano,7,0,1,1,1.0,1,1,0,1,SSmTgwp15FQ_SH8esP19qww
exp_01,777,cf_upbeat_electronic,7,0,1,1,1.0,1,1,0,1,T56LFxaEJV8_H5Nn-SIDfWo
exp_01,777,cf_lyrical_piano,5,-2,1,1,0.6,1,1,0,1,T56LFxaEJV8_H5Nn-SIDfWo
exp_01,780,cf_upbeat_electronic,4,0,1,1,0.8,0,1,0,1,J4_eqMYZtpE_yEbrcWgELU0
exp_01,780,cf_lyrical_piano,5,1,1,0,0.8,0,1,0,1,J4_eqMYZtpE_yEbrcWgELU0
exp_01,781,cf_upbeat_electronic,6,0,1,1,0.8889,1,1,0,1,bqzAothNuZs_7Exf7LE_ef0
exp_01,781,cf_lyrical_piano,5,-1,1,1,0.6,1,1,0,1,bqzAothNuZs_7Exf7LE_ef0
exp_01,800,cf_upbeat_electronic,7,0,1,1,0.875,1,1,0,1,-lw36uY6xAM_bOizqYTGDeU
exp_01,800,cf_lyrical_piano,9,0,1,1,1.0,1,1,0,1,-lw36uY6xAM_bOizqYTGDeU
exp_01,806,cf_upbeat_electronic,5,0,1,1,0.5556,1,1,0,1,bjAT4stJQnU_hQX8ZYEnlfQ
exp_01,806,cf_lyrical_piano,5,-1,1,1,0.8,1,1,0,1,bjAT4stJQnU_hQX8ZYEnlfQ
exp_01,839,cf_upbeat_electronic,4,0,1,1,0.5714,1,1,0,1,CybpW4MFHFQ_O-EevC0Kirs
exp_01,839,cf_lyrical_piano,7,-1,1,1,0.8571,1,1,0,1,CybpW4MFHFQ_O-EevC0Kirs
exp_01,863,cf_upbeat_electronic,5,0,1,1,0.625,1,1,0,1,fL_-VnFyBEg_Ejy-05oqXs8
exp_01,863,cf_lyrical_piano,5,0,1,1,0.8,1,1,0,1,fL_-VnFyBEg_Ejy-05oqXs8
exp_01,869,cf_upbeat_electronic,2,0,1,1,0.7778,1,1,0,1,59seM7k60vw_mYKWya_Uctk
exp_01,869,cf_lyrical_piano,6,-4,1,1,1.0,1,1,0,1,59seM7k60vw_mYKWya_Uctk
exp_01,884,cf_upbeat_electronic,7,0,1,1,0.7143,1,1,0,1,UejDqqUY-0E_7zQ3CjvCa0U
exp_01,884,cf_lyrical_piano,7,1,1,0,1.0,1,1,0,1,UejDqqUY-0E_7zQ3CjvCa0U
exp_01,889,cf_upbeat_electronic,4,0,1,1,0.5714,0,1,0,1,6xH1iZ8Y4Ck_khKm-QUEcZg
exp_01,889,cf_lyrical_piano,5,-1,1,1,0.8,0,1,0,1,6xH1iZ8Y4Ck_khKm-QUEcZg
exp_01,910,cf_upbeat_electronic,1,0,1,1,0.8889,0,0,0,1,Hk_ZZtKlYlQ_yyG8UgNeWxM
exp_01,910,cf_lyrical_piano,5,-6,1,1,1.0,0,0,0,1,Hk_ZZtKlYlQ_yyG8UgNeWxM
exp_01,916,cf_upbeat_electronic,5,0,1,1,0.6,1,1,0,1,U9oXfZM7IAQ_zd-SkyAI6lk
exp_01,916,cf_lyrical_piano,7,1,1,0,1.0,1,1,0,1,U9oXfZM7IAQ_zd-SkyAI6lk
exp_01,1036,cf_upbeat_electronic,1,0,1,1,1.0,1,1,0,1,YhFYuZyr5Yo_vBqoI_4em_o
exp_01,1036,cf_lyrical_piano,7,-1,1,1,1.0,1,1,0,1,YhFYuZyr5Yo_vBqoI_4em_o
exp_01,1060,cf_upbeat_electronic,3,0,1,1,0.6667,1,1,0,1,D8B7F9T1eZM_z08BQP7eZX4
exp_01,1060,cf_lyrical_piano,3,0,1,1,0.6667,1,1,0,1,D8B7F9T1eZM_z08BQP7eZX4
exp_01,1083,cf_upbeat_electronic,5,0,1,1,0.625,0,1,0,1,Mv-TH1lBLyQ_1JN3-IB0j4M
exp_01,1083,cf_lyrical_piano,5,-1,1,1,0.8,0,1,0,1,Mv-TH1lBLyQ_1JN3-IB0j4M
exp_01,1105,cf_upbeat_electronic,5,0,1,1,0.5714,1,1,0,1,fwxrNv20jy4_LJHvRwOfj3w
exp_01,1105,cf_lyrical_piano,5,0,1,1,0.8,1,1,0,1,fwxrNv20jy4_LJHvRwOfj3w
exp_01,1119,cf_upbeat_electronic,9,-2,1,1,1.0,1,1,0,1,rZb8WsdW5eM_8l5B3peJABY
exp_01,1119,cf_lyrical_piano,3,0,1,1,0.6,1,1,0,1,rZb8WsdW5eM_8l5B3peJABY
exp_01,1136,cf_upbeat_electronic,4,0,1,1,0.8571,1,1,0,1,JsRob9KFOuA_NhiCjOHED8Q
exp_01,1136,cf_lyrical_piano,5,-1,1,1,0.8,1,1,0,1,JsRob9KFOuA_NhiCjOHED8Q
exp_01,1207,cf_upbeat_electronic,6,0,1,1,0.6667,1,1,0,1,ItV4NVU0u6I_Ldq1rh8OYuc
exp_01,1207,cf_lyrical_piano,3,0,1,1,0.6667,1,1,0,1,ItV4NVU0u6I_Ldq1rh8OYuc
exp_01,1210,cf_upbeat_electronic,4,0,1,1,0.7143,1,1,0,1,wtM8Nc_Wd6I_ZXUWFFSz3iU
exp_01,1210,cf_lyrical_piano,5,-1,1,1,0.8,1,1,0,1,wtM8Nc_Wd6I_ZXUWFFSz3iU
exp_01,1226,cf_upbeat_electronic,0,0,0,0,0.8333,1,1,0,1,bPrFmJPMP0o_DHNVh_sZawQ
exp_01,1226,cf_lyrical_piano,2,-3,1,1,1.0,1,1,0,1,bPrFmJPMP0o_DHNVh_sZawQ
exp_01,1240,cf_upbeat_electronic,7,0,1,1,0.75,0,0,0,1,xoK_M8O7wPU_9YhLP-WJ7U8
exp_01,1240,cf_lyrical_piano,6,-1,1,1,0.8333,0,0,0,1,xoK_M8O7wPU_9YhLP-WJ7U8
exp_01,1269,cf_upbeat_electronic,5,0,1,1,0.8333,0,1,0,1,0XU02h5NEMI_XnPcy6bS9BE
exp_01,1269,cf_lyrical_piano,5,-1,1,1,0.8,0,1,0,1,0XU02h5NEMI_XnPcy6bS9BE
exp_01,1311,cf_upbeat_electronic,0,2,0,0,1.0,0,0,0,1,y9m3lC50srw_lmFkBpHhWUk
exp_01,1311,cf_lyrical_piano,3,-1,1,1,1.0,0,0,0,1,y9m3lC50srw_lmFkBpHhWUk
exp_01,1322,cf_upbeat_electronic,5,0,1,1,0.6667,0,1,0,1,IUXYhGY9e4E_xcWOviMI6Lk
exp_01,1322,cf_lyrical_piano,8,-1,1,1,0.875,0,1,0,1,IUXYhGY9e4E_xcWOviMI6Lk
exp_01,1333,cf_upbeat_electronic,6,0,1,1,0.625,0,1,0,1,mA7rZps14Zw_meaJ1m4zKGE
exp_01,1333,cf_lyrical_piano,5,0,1,1,0.8,0,1,0,1,mA7rZps14Zw_meaJ1m4zKGE
exp_01,1395,cf_upbeat_electronic,7,0,1,1,0.625,1,1,0,1,fC04fZrQR-M_Za117qjhknc
exp_01,1395,cf_lyrical_piano,5,1,1,0,0.8,1,1,0,1,fC04fZrQR-M_Za117qjhknc
exp_01,1401,cf_upbeat_electronic,5,1,1,0,0.6667,0,1,0,1,LJbfOPW35ek_1hcieZLP0-g
exp_01,1401,cf_lyrical_piano,4,0,1,1,0.5,0,1,0,1,LJbfOPW35ek_1hcieZLP0-g
exp_01,1434,cf_upbeat_electronic,3,0,1,1,1.0,1,1,0,1,Gzse71YV_-Q_dGe3HxoH1nM
exp_01,1434,cf_lyrical_piano,5,-4,1,1,0.8,1,1,0,1,Gzse71YV_-Q_dGe3HxoH1nM
exp_01,1455,cf_upbeat_electronic,7,0,1,1,0.7143,1,1,0,1,XXgtN7TA1V8_LqTg77a6R9I
exp_01,1455,cf_lyrical_piano,3,1,1,0,0.3333,1,1,0,1,XXgtN7TA1V8_LqTg77a6R9I
exp_01,1463,cf_upbeat_electronic,6,0,1,1,0.7143,0,0,0,1,Yt6e53kClkw_6jaYw_6IbxU
exp_01,1463,cf_lyrical_piano,5,0,1,1,0.8,0,0,0,1,Yt6e53kClkw_6jaYw_6IbxU
exp_01,1489,cf_upbeat_electronic,5,0,1,1,0.875,1,1,0,1,ao5fwaUbDx8_cakHbZlc4aw
exp_01,1489,cf_lyrical_piano,2,0,1,1,1.0,1,0,1,1,ao5fwaUbDx8_cakHbZlc4aw
exp_01,1509,cf_upbeat_electronic,5,0,1,1,0.625,1,1,0,1,klRiLwV41-M_wXoa8z07SLM
exp_01,1509,cf_lyrical_piano,5,-1,1,1,0.8,1,1,0,1,klRiLwV41-M_wXoa8z07SLM
exp_01,1528,cf_upbeat_electronic,5,0,1,1,1.0,1,1,0,1,lXhW9YQhkEU_tGlKac8RVS4
exp_01,1528,cf_lyrical_piano,7,-1,1,1,1.0,1,1,0,1,lXhW9YQhkEU_tGlKac8RVS4
exp_01,1566,cf_upbeat_electronic,5,0,1,1,0.625,1,1,0,1,CXKRC8Bfy0M_KJvt2xsg34s
exp_01,1566,cf_lyrical_piano,5,0,1,1,0.8,1,1,0,1,CXKRC8Bfy0M_KJvt2xsg34s
exp_01,1586,cf_upbeat_electronic,5,0,1,1,0.625,0,1,0,1,MCAC_K5WCrg_ANYiuQgLoJY
exp_01,1586,cf_lyrical_piano,4,-2,1,1,0.75,0,1,0,1,MCAC_K5WCrg_ANYiuQgLoJY
exp_01,1596,cf_upbeat_electronic,5,0,1,1,0.7143,1,1,0,1,jk6o2JBck3E_lu4R8ufjGZ0
exp_01,1596,cf_lyrical_piano,4,1,1,0,0.75,1,1,0,1,jk6o2JBck3E_lu4R8ufjGZ0
exp_01,1601,cf_upbeat_electronic,2,0,1,1,0.8889,1,1,0,1,CJTxfWNQN1Q_io1QWB0I_NM
exp_01,1601,cf_lyrical_piano,4,-4,1,1,0.75,1,1,0,1,CJTxfWNQN1Q_io1QWB0I_NM
exp_01,1603,cf_upbeat_electronic,6,0,1,1,0.75,1,1,0,1,l3IbMrnSJtM_1JLiGvkrL0s
exp_01,1603,cf_lyrical_piano,7,-2,1,1,1.0,1,1,0,1,l3IbMrnSJtM_1JLiGvkrL0s
exp_01,1615,cf_upbeat_electronic,6,0,1,1,0.7143,0,0,0,1,M7GS21LLo3o_znyeIK_Zsz0
exp_01,1615,cf_lyrical_piano,6,0,1,1,1.0,0,0,0,1,M7GS21LLo3o_znyeIK_Zsz0
exp_01,1630,cf_upbeat_electronic,5,0,1,1,0.8,0,1,0,1,OrAAK9GLZ1g_p01Vg30DsSc
exp_01,1630,cf_lyrical_piano,6,0,1,1,1.0,0,1,0,1,OrAAK9GLZ1g_p01Vg30DsSc
exp_01,1669,cf_upbeat_electronic,5,0,1,1,0.625,1,1,0,1,ftZPHUjGvS4_E4EMKzpDQNA
exp_01,1669,cf_lyrical_piano,3,-2,1,1,1.0,1,1,0,1,ftZPHUjGvS4_E4EMKzpDQNA
exp_01,1679,cf_upbeat_electronic,5,0,1,1,0.7143,0,1,0,1,DFWUAZxLu-8_mHyWvSF_D40
exp_01,1679,cf_lyrical_piano,7,1,1,0,1.0,0,0,0,1,DFWUAZxLu-8_mHyWvSF_D40
exp_01,1685,cf_upbeat_electronic,5,0,1,1,0.8182,0,0,0,1,Fpis92dJcj8_BXATArFYK58
exp_01,1685,cf_lyrical_piano,3,-3,1,1,0.6667,0,0,0,1,Fpis92dJcj8_BXATArFYK58
exp_01,1689,cf_upbeat_electronic,7,0,1,1,0.8889,1,1,0,1,SCJrvPr92u4_-ey67-zHusQ
exp_01,1689,cf_lyrical_piano,5,-1,1,1,0.6,1,1,0,1,SCJrvPr92u4_-ey67-zHusQ
exp_01,1698,cf_upbeat_electronic,5,0,1,1,0.875,1,1,0,1,1H5B66DWUhA_MFK-uAl_Y2Q
exp_01,1698,cf_lyrical_piano,7,-1,1,1,0.8571,1,1,0,1,1H5B66DWUhA_MFK-uAl_Y2Q
exp_01,1713,cf_upbeat_electronic,3,0,1,1,0.8333,0,1,0,1,NQCvKe98EZc_7ZCEZ0x-Kwg
exp_01,1713,cf_lyrical_piano,4,-1,1,1,0.75,0,0,0,1,NQCvKe98EZc_7ZCEZ0x-Kwg
exp_01,1753,cf_upbeat_electronic,6,0,1,1,0.7778,1,1,0,1,dfMrsrzxZxc_FL9Vv_mEwN8
exp_01,1753,cf_lyrical_piano,7,-2,1,1,0.8571,1,1,0,1,dfMrsrzxZxc_FL9Vv_mEwN8
exp_01,1801,cf_upbeat_electronic,4,0,1,1,0.625,0,1,0,1,bb9NuSTURg8_bfhO-QLi4lc
exp_01,1801,cf_lyrical_piano,12,-2,1,1,0.8333,0,1,0,1,bb9NuSTURg8_bfhO-QLi4lc
exp_01,1835,cf_upbeat_electronic,2,0,1,1,0.5,0,0,0,1,uoBLFHMxm5Y_NQsAjGcC7Fw
exp_01,1835,cf_lyrical_piano,5,-3,1,1,0.8,0,0,0,1,uoBLFHMxm5Y_NQsAjGcC7Fw
exp_01,1861,cf_upbeat_electronic,4,0,1,1,0.8,0,1,0,1,mjpjzg8cPbk_P0OCoCCMsUc
exp_01,1861,cf_lyrical_piano,7,0,1,1,1.0,0,0,0,1,mjpjzg8cPbk_P0OCoCCMsUc
exp_01,1896,cf_upbeat_electronic,3,0,1,1,0.625,0,0,0,1,kt2lmbNPFk4_C5PUb0hCtj4
exp_01,1896,cf_lyrical_piano,3,0,1,1,1.0,0,0,0,1,kt2lmbNPFk4_C5PUb0hCtj4
exp_01,1897,cf_upbeat_electronic,5,0,1,1,0.625,1,1,0,1,bTOju_n8BJ4_ym5bIhHJvM4
exp_01,1897,cf_lyrical_piano,5,0,1,1,0.8,1,1,0,1,bTOju_n8BJ4_ym5bIhHJvM4
exp_01,1919,cf_upbeat_electronic,4,0,1,1,0.8,0,1,0,1,gwxHiR8bXys_oOmdRlyjFJg
exp_01,1919,cf_lyrical_piano,2,0,1,1,1.0,0,1,0,1,gwxHiR8bXys_oOmdRlyjFJg
exp_01,1950,cf_upbeat_electronic,5,-1,1,1,0.8333,1,1,0,1,XS7C6uA8H7Y_-xufahb_Szs
exp_01,1950,cf_lyrical_piano,2,0,1,1,0.3333,1,1,0,1,XS7C6uA8H7Y_-xufahb_Szs
exp_01,2011,cf_upbeat_electronic,0,0,0,0,0.8333,0,0,0,1,6dJjGYhE8Nc_mRErU4ullys
exp_01,2011,cf_lyrical_piano,10,-6,1,1,0.9,0,0,0,1,6dJjGYhE8Nc_mRErU4ullys
exp_01,2014,cf_upbeat_electronic,3,0,1,1,0.8,0,1,0,1,Se5waJR_jXs_myXLYRhx8mE
exp_01,2014,cf_lyrical_piano,7,-2,1,1,0.8571,0,0,0,1,Se5waJR_jXs_myXLYRhx8mE
exp_01,2058,cf_upbeat_electronic,5,0,1,1,0.625,1,1,0,1,-DCv-969UsQ_qiBH7E0iL1Y
exp_01,2058,cf_lyrical_piano,5,-2,1,1,0.6,1,1,0,1,-DCv-969UsQ_qiBH7E0iL1Y
exp_01,2060,cf_upbeat_electronic,4,0,1,1,0.7143,0,0,0,1,-IUgd4uCUY0_Mu6TO4w-bAc
exp_01,2060,cf_lyrical_piano,4,-3,1,1,0.75,0,0,0,1,-IUgd4uCUY0_Mu6TO4w-bAc
exp_01,2072,cf_upbeat_electronic,1,0,1,1,0.6667,1,1,0,1,yCBk4C1_90A_35Ke6zvmb4k
exp_01,2072,cf_lyrical_piano,7,-2,1,1,0.8571,1,1,0,1,yCBk4C1_90A_35Ke6zvmb4k
exp_01,2088,cf_upbeat_electronic,6,0,1,1,0.6667,1,1,0,1,ZjGQnhHNeHA_E7KpR8WCzfE
exp_01,2088,cf_lyrical_piano,5,1,1,0,0.6,1,1,0,1,ZjGQnhHNeHA_E7KpR8WCzfE
exp_01,2116,cf_upbeat_electronic,4,0,1,1,0.5,1,1,0,1,gZ4g2c5vZec_-c_1948S2sA
exp_01,2116,cf_lyrical_piano,7,-2,1,1,0.8571,1,0,1,1,gZ4g2c5vZec_-c_1948S2sA
exp_01,2172,cf_upbeat_electronic,4,0,1,1,0.6667,1,1,0,1,Hw8xcOo1QEk_i3lH-Ys9JQs
exp_01,2172,cf_lyrical_piano,5,0,1,1,0.6,1,1,0,1,Hw8xcOo1QEk_i3lH-Ys9JQs
exp_01,2176,cf_upbeat_electronic,5,0,1,1,0.5714,1,1,0,1,ZHrwGavCUz8_gsxJLwDHGw4
exp_01,2176,cf_lyrical_piano,7,-1,1,1,0.8571,1,1,0,1,ZHrwGavCUz8_gsxJLwDHGw4
exp_01,2216,cf_upbeat_electronic,6,0,1,1,0.7143,1,1,0,1,f10MT9xme3c_1Nb8tx8oA6w
exp_01,2216,cf_lyrical_piano,5,0,1,1,0.8,1,1,0,1,f10MT9xme3c_1Nb8tx8oA6w
exp_01,2223,cf_upbeat_electronic,6,0,1,1,1.0,0,0,0,1,HbJeCMN8LAc_1p_5GJYcFFY
exp_01,2223,cf_lyrical_piano,5,0,1,1,0.8,0,0,0,1,HbJeCMN8LAc_1p_5GJYcFFY
exp_01,2233,cf_upbeat_electronic,1,0,1,1,0.8333,0,0,0,1,bZoYYIslJUU_lS16wHO4z9Y
exp_01,2233,cf_lyrical_piano,8,-4,1,1,1.0,0,0,0,1,bZoYYIslJUU_lS16wHO4z9Y
exp_01,2242,cf_upbeat_electronic,-1,0,0,0,0.6667,1,1,0,1,jJAuOJf5xO8_F7BqdhrAkkc
exp_01,2242,cf_lyrical_piano,5,-5,1,1,0.6,1,1,0,1,jJAuOJf5xO8_F7BqdhrAkkc
exp_01,2254,cf_upbeat_electronic,6,0,1,1,0.625,0,0,0,1,Fr2ZASMNaa0_fQZL6kaJav0
exp_01,2254,cf_lyrical_piano,9,-2,1,1,1.0,0,0,0,1,Fr2ZASMNaa0_fQZL6kaJav0
exp_01,2316,cf_upbeat_electronic,9,0,1,1,0.9167,1,1,0,1,vFboLj5VmLk_LhgbRblgZTk
exp_01,2316,cf_lyrical_piano,9,-2,1,1,1.0,1,1,0,1,vFboLj5VmLk_LhgbRblgZTk
exp_01,2322,cf_upbeat_electronic,5,1,1,0,0.8,1,1,0,1,S80Hk04QQpk_jLyNyUPlvhg
exp_01,2322,cf_lyrical_piano,4,1,1,0,0.75,1,1,0,1,S80Hk04QQpk_jLyNyUPlvhg
exp_01,2325,cf_upbeat_electronic,3,0,1,1,0.75,1,1,0,1,I_pHlR8ZKwU_Xbi1XetWUls
exp_01,2325,cf_lyrical_piano,9,-5,1,1,1.0,1,1,0,1,I_pHlR8ZKwU_Xbi1XetWUls
exp_01,2334,cf_upbeat_electronic,-1,0,0,0,1.0,0,1,0,1,L8y47ypui5o_kynUSL8fr_4
exp_01,2334,cf_lyrical_piano,6,-3,1,1,1.0,0,1,0,1,L8y47ypui5o_kynUSL8fr_4
exp_01,2368,cf_upbeat_electronic,7,0,1,1,1.0,1,1,0,1,pQdbNvEAmo0_GOkwlQbLNiM
exp_01,2368,cf_lyrical_piano,6,-2,1,1,0.6667,1,1,0,1,pQdbNvEAmo0_GOkwlQbLNiM
exp_01,2378,cf_upbeat_electronic,2,0,1,1,0.6667,0,1,0,1,2WzHhtkF8JM_0Y1v5HCWz6M
exp_01,2378,cf_lyrical_piano,3,-1,1,1,0.6667,0,0,0,1,2WzHhtkF8JM_0Y1v5HCWz6M
exp_01,2446,cf_upbeat_electronic,4,0,1,1,0.6667,0,1,0,1,wWCZ65xE-7c_mLg_eN8JPzo
exp_01,2446,cf_lyrical_piano,5,-2,1,1,0.8,0,1,0,1,wWCZ65xE-7c_mLg_eN8JPzo
exp_01,2449,cf_upbeat_electronic,6,0,1,1,0.6667,0,0,0,1,ijOoVwbm0DE_939GqwQGY6k
exp_01,2449,cf_lyrical_piano,3,0,1,1,0.6667,0,0,0,1,ijOoVwbm0DE_939GqwQGY6k
exp_01,2455,cf_upbeat_electronic,1,0,1,1,0.8571,1,1,0,1,ZKV1Em1DaNI_RZ4Rx_WqH4Y
exp_01,2455,cf_lyrical_piano,7,-3,1,1,0.75,1,1,0,1,ZKV1Em1DaNI_RZ4Rx_WqH4Y
exp_01,2491,cf_upbeat_electronic,9,0,1,1,0.9091,1,1,0,1,mn4WwaRfmKM_7Kxl3Y5zh5E
exp_01,2491,cf_lyrical_piano,9,-1,1,1,1.0,1,1,0,1,mn4WwaRfmKM_7Kxl3Y5zh5E
exp_01,2555,cf_upbeat_electronic,6,-1,1,1,0.625,1,1,0,1,m7Cq8gduKP0_gk2j6CDUFpI
exp_01,2555,cf_lyrical_piano,11,0,1,1,0.8333,1,1,0,1,m7Cq8gduKP0_gk2j6CDUFpI
exp_01,2609,cf_upbeat_electronic,9,0,1,1,1.0,1,1,0,1,iwxzc2MlkRg_UB7-5vH_veA
exp_01,2609,cf_lyrical_piano,5,-1,1,1,0.8,1,1,0,1,iwxzc2MlkRg_UB7-5vH_veA
exp_01,2627,cf_upbeat_electronic,5,0,1,1,0.625,0,1,0,1,J3cDpZ_XK0Q_dv9fLkek4ds
exp_01,2627,cf_lyrical_piano,5,-1,1,1,0.8,0,1,0,1,J3cDpZ_XK0Q_dv9fLkek4ds
exp_01,2639,cf_upbeat_electronic,6,0,1,1,0.8571,0,1,0,1,o7VqntJGrIw_aJANsPCILB4
exp_01,2639,cf_lyrical_piano,9,-1,1,1,1.0,0,1,0,1,o7VqntJGrIw_aJANsPCILB4
exp_01,2648,cf_upbeat_electronic,5,0,1,1,0.625,0,1,0,1,ky9iJT6JZZk_8lC-j7d9vsA
exp_01,2648,cf_lyrical_piano,5,-1,1,1,0.6,0,1,0,1,ky9iJT6JZZk_8lC-j7d9vsA
exp_01,2650,cf_upbeat_electronic,0,0,0,0,0.8,0,0,0,1,_60fhkHx9lg_m75Ylh2hL_M
exp_01,2650,cf_lyrical_piano,5,-3,1,1,0.8,0,0,0,1,_60fhkHx9lg_m75Ylh2hL_M
exp_01,2658,cf_upbeat_electronic,6,0,1,1,1.0,1,1,0,1,vIaH35-MLsk_SGEzNs5dArw
exp_01,2658,cf_lyrical_piano,7,0,1,1,0.8571,1,1,0,1,vIaH35-MLsk_SGEzNs5dArw
exp_01,2673,cf_upbeat_electronic,8,0,1,1,0.7778,1,1,0,1,xUx6Y5nGppE_A27-1jSceWk
exp_01,2673,cf_lyrical_piano,5,0,1,1,0.8,1,1,0,1,xUx6Y5nGppE_A27-1jSceWk
exp_01,2682,cf_upbeat_electronic,0,2,0,0,1.0,1,1,0,1,CkqlRC7i4Kg_55i14OoA4rQ
exp_01,2682,cf_lyrical_piano,9,-1,1,1,1.0,1,1,0,1,CkqlRC7i4Kg_55i14OoA4rQ
exp_01,2688,cf_upbeat_electronic,5,0,1,1,0.625,1,1,0,1,EoiL5LGwAeI_enlBmibFhMA
exp_01,2688,cf_lyrical_piano,7,-2,1,1,0.8571,1,1,0,1,EoiL5LGwAeI_enlBmibFhMA
exp_01,2711,cf_upbeat_electronic,7,0,1,1,0.875,1,1,0,1,YJtkZTx7fmE_uJdYPnlSqEs
exp_01,2711,cf_lyrical_piano,3,0,1,1,0.3333,1,1,0,1,YJtkZTx7fmE_uJdYPnlSqEs
exp_01,2742,cf_upbeat_electronic,3,0,1,1,0.5,0,1,0,1,hvcLNpKs1hk_0hl8fH7zeJM
exp_01,2742,cf_lyrical_piano,4,-2,1,1,0.75,0,0,0,1,hvcLNpKs1hk_0hl8fH7zeJM
exp_01,2748,cf_upbeat_electronic,2,0,1,1,1.0,1,1,0,1,d5WTrglkHKc_2ELIdD_qpAQ
exp_01,2748,cf_lyrical_piano,5,-1,1,1,0.8,1,1,0,1,d5WTrglkHKc_2ELIdD_qpAQ
exp_01,2749,cf_upbeat_electronic,5,-1,1,1,0.6667,1,1,0,1,zGEmF3Mj7dY_mmr9I60GWnw
exp_01,2749,cf_lyrical_piano,3,0,1,1,0.5,1,1,0,1,zGEmF3Mj7dY_mmr9I60GWnw
exp_01,2769,cf_upbeat_electronic,6,0,1,1,1.0,0,0,0,1,mT1S0yHf8to_l-i53lNClN8
exp_01,2769,cf_lyrical_piano,4,1,1,0,0.75,0,0,0,1,mT1S0yHf8to_l-i53lNClN8
exp_01,2786,cf_upbeat_electronic,6,1,1,0,0.5,1,1,0,1,PTVlbhZBOqA_dz_0TGTKutg
exp_01,2786,cf_lyrical_piano,11,1,1,0,0.9091,1,1,0,1,PTVlbhZBOqA_dz_0TGTKutg
exp_01,2798,cf_upbeat_electronic,5,0,1,1,0.5714,0,0,0,1,n2HpB6UbC54_hI-K4yMA6_g
exp_01,2798,cf_lyrical_piano,5,0,1,1,0.8,0,0,0,1,n2HpB6UbC54_hI-K4yMA6_g
exp_01,2813,cf_upbeat_electronic,7,0,1,1,1.0,0,0,0,1,aam3ce4gpfM_Pv3mQkG2LzY
exp_01,2813,cf_lyrical_piano,8,-1,1,1,0.75,0,0,0,1,aam3ce4gpfM_Pv3mQkG2LzY
exp_01,2819,cf_upbeat_electronic,5,0,1,1,0.7143,1,1,0,1,414coP9gEj4_-_Q9D5vl8lQ
exp_01,2819,cf_lyrical_piano,5,1,1,0,0.8,1,1,0,1,414coP9gEj4_-_Q9D5vl8lQ
exp_01,2834,cf_upbeat_electronic,5,0,1,1,0.625,1,1,0,1,5O5mdmyeeOs_NujXpZbhe2g
exp_01,2834,cf_lyrical_piano,9,-3,1,1,1.0,1,1,0,1,5O5mdmyeeOs_NujXpZbhe2g
exp_01,2842,cf_upbeat_electronic,6,-1,1,1,0.6667,0,0,0,1,MJI21WrUvII_GIutuaRH_Aw
exp_01,2842,cf_lyrical_piano,2,1,1,0,0.6667,0,0,0,1,MJI21WrUvII_GIutuaRH_Aw
exp_01,2850,cf_upbeat_electronic,4,0,1,1,0.8,0,0,0,1,euhD1ilzEI4_L77cpvUV1kE
exp_01,2850,cf_lyrical_piano,7,0,1,1,1.0,0,0,0,1,euhD1ilzEI4_L77cpvUV1kE
exp_01,2882,cf_upbeat_electronic,8,0,1,1,0.8889,0,0,0,1,u0MhZJ77Upo_dFqosS7CcPw
exp_01,2882,cf_lyrical_piano,4,0,1,1,0.75,0,0,0,1,u0MhZJ77Upo_dFqosS7CcPw
exp_01,2896,cf_upbeat_electronic,2,0,1,1,0.6667,0,0,0,1,j-2iakRCM3E_wv7vo8dz4hg
exp_01,2896,cf_lyrical_piano,2,-1,1,1,1.0,0,0,0,1,j-2iakRCM3E_wv7vo8dz4hg
exp_01,2897,cf_upbeat_electronic,2,0,1,1,0.7143,1,1,0,1,T0N9pMn8SqM_82pfkfN4m6E
exp_01,2897,cf_lyrical_piano,7,-3,1,1,1.0,1,1,0,1,T0N9pMn8SqM_82pfkfN4m6E
exp_01,2921,cf_upbeat_electronic,3,-1,1,1,1.0,1,1,0,1,u_zXJNChISs_A_f5bbd7TaI
exp_01,2921,cf_lyrical_piano,4,0,1,1,1.0,1,1,0,1,u_zXJNChISs_A_f5bbd7TaI
exp_01,2926,cf_upbeat_electronic,6,-1,1,1,0.5714,1,1,0,1,t_DEpHCTR6k_Ar5KROYxrI4
exp_01,2926,cf_lyrical_piano,8,1,1,0,1.0,1,1,0,1,t_DEpHCTR6k_Ar5KROYxrI4
exp_01,3003,cf_upbeat_electronic,6,0,1,1,0.625,0,1,0,1,SGcsnIqkE_k_RMdNtgq29eM
exp_01,3003,cf_lyrical_piano,5,1,1,0,0.8,0,0,0,1,SGcsnIqkE_k_RMdNtgq29eM
exp_01,3015,cf_upbeat_electronic,5,0,1,1,0.6667,0,0,0,1,DYyCNEBEeOw_hs-cwlm6UPA
exp_01,3015,cf_lyrical_piano,6,-2,1,1,0.8333,0,0,0,1,DYyCNEBEeOw_hs-cwlm6UPA
exp_01,3021,cf_upbeat_electronic,6,-1,1,1,0.5714,1,1,0,1,oCV9U-tP7Iw_Pl2pBVt4mh0
exp_01,3021,cf_lyrical_piano,4,1,1,0,0.8,1,1,0,1,oCV9U-tP7Iw_Pl2pBVt4mh0
exp_01,3030,cf_upbeat_electronic,6,0,1,1,1.0,1,1,0,1,v2KsttElBEU_kzEKUKDPWUs
exp_01,3030,cf_lyrical_piano,7,-1,1,1,0.8571,1,1,0,1,v2KsttElBEU_kzEKUKDPWUs
exp_01,3048,cf_upbeat_electronic,2,0,1,1,0.7778,1,1,0,1,LAzK2fmfNoU_M5qG-NBjRck
exp_01,3048,cf_lyrical_piano,5,-4,1,1,0.8,1,1,0,1,LAzK2fmfNoU_M5qG-NBjRck
exp_01,3052,cf_upbeat_electronic,7,0,1,1,0.5714,1,1,0,1,3fFKAJXuLEM_emMlEvTKAN8
exp_01,3052,cf_lyrical_piano,9,0,1,1,1.0,1,1,0,1,3fFKAJXuLEM_emMlEvTKAN8
exp_01,3059,cf_upbeat_electronic,4,0,1,1,0.8333,0,1,0,1,i-yWEa6uMDg_Mz8Ecb_Pd7o
exp_01,3059,cf_lyrical_piano,3,0,1,1,0.6667,0,1,0,1,i-yWEa6uMDg_Mz8Ecb_Pd7o
exp_01,3094,cf_upbeat_electronic,8,0,1,1,0.7778,1,1,0,1,H2pjord3Ueg_aCmZWeBtTDs
exp_01,3094,cf_lyrical_piano,3,0,1,1,0.6667,1,1,0,1,H2pjord3Ueg_aCmZWeBtTDs
exp_01,3106,cf_upbeat_electronic,6,0,1,1,1.0,0,0,0,1,UhovZ7DbiFA_SwZOZBJDMUU
exp_01,3106,cf_lyrical_piano,9,-1,1,1,1.0,0,0,0,1,UhovZ7DbiFA_SwZOZBJDMUU
exp_01,3121,cf_upbeat_electronic,8,0,1,1,0.6667,1,1,0,1,x_1LhS0Kico_8B2A8XD_kfc
exp_01,3121,cf_lyrical_piano,9,-1,1,1,1.0,1,1,0,1,x_1LhS0Kico_8B2A8XD_kfc
exp_01,3126,cf_upbeat_electronic,7,0,1,1,1.0,0,0,0,1,IX0Uq12RTu4_FlxTfaH0VA0
exp_01,3126,cf_lyrical_piano,13,-3,1,1,0.9231,0,0,0,1,IX0Uq12RTu4_FlxTfaH0VA0
exp_01,3129,cf_upbeat_electronic,3,0,1,1,0.75,1,1,0,1,TcfxyMRLVRg_U9CmRdMAtIc
exp_01,3129,cf_lyrical_piano,6,0,1,1,1.0,1,1,0,1,TcfxyMRLVRg_U9CmRdMAtIc
exp_01,3135,cf_upbeat_electronic,5,0,1,1,0.75,0,1,0,1,JIPg-1ykcew_UjBR2Iai2RE
exp_01,3135,cf_lyrical_piano,9,-3,1,1,1.0,0,1,0,1,JIPg-1ykcew_UjBR2Iai2RE
exp_01,3170,cf_upbeat_electronic,2,-1,1,1,0.8571,0,1,0,1,4aP3RhEkHBA_y5_BxuKab24
exp_01,3170,cf_lyrical_piano,4,-3,1,1,1.0,0,1,0,1,4aP3RhEkHBA_y5_BxuKab24
exp_01,3225,cf_upbeat_electronic,4,0,1,1,0.5,0,0,0,1,EK55T5kAeOc_wuA6idJlkJ0
exp_01,3225,cf_lyrical_piano,3,-2,1,1,1.0,0,0,0,1,EK55T5kAeOc_wuA6idJlkJ0
exp_01,3243,cf_upbeat_electronic,6,-1,1,1,0.7778,1,1,0,1,TU-W8iNjguU_mkUBAZhwc-k
exp_01,3243,cf_lyrical_piano,4,-1,1,1,0.8,1,1,0,1,TU-W8iNjguU_mkUBAZhwc-k
exp_01,3256,cf_upbeat_electronic,5,0,1,1,0.625,1,1,0,1,eUOPCmaDGDE_nKMW5Ie38C8
exp_01,3256,cf_lyrical_piano,7,-2,1,1,0.8571,1,1,0,1,eUOPCmaDGDE_nKMW5Ie38C8
exp_01,3271,cf_upbeat_electronic,6,0,1,1,0.5714,1,1,0,1,LDyllqMQXHY_DKVpBlJUQgw
exp_01,3271,cf_lyrical_piano,7,0,1,1,0.8571,1,1,0,1,LDyllqMQXHY_DKVpBlJUQgw
exp_01,3290,cf_upbeat_electronic,5,-1,1,1,0.75,0,0,0,1,_WRHnamU9_Q_qa3Rbbz2C1I
exp_01,3290,cf_lyrical_piano,1,-3,1,1,1.0,0,0,0,1,_WRHnamU9_Q_qa3Rbbz2C1I
exp_01,3300,cf_upbeat_electronic,7,-1,1,1,0.7143,0,0,0,1,yLu1zhe4_Hw_kg5gWNzoIJw
exp_01,3300,cf_lyrical_piano,5,2,1,0,0.8333,0,0,0,1,yLu1zhe4_Hw_kg5gWNzoIJw
exp_01,3317,cf_upbeat_electronic,8,0,1,1,0.6667,1,1,0,1,XH1pahdysM8_hErWq-TqSuQ
exp_01,3317,cf_lyrical_piano,9,-1,1,1,1.0,1,1,0,1,XH1pahdysM8_hErWq-TqSuQ
exp_01,3346,cf_upbeat_electronic,9,0,1,1,1.0,0,1,0,1,26_hE18CwtY_bFAF9pVUpMM
exp_01,3346,cf_lyrical_piano,5,0,1,1,0.8,0,1,0,1,26_hE18CwtY_bFAF9pVUpMM
exp_01,3362,cf_upbeat_electronic,9,-1,1,1,1.0,0,0,0,1,lgT1AidzRWM_XE62ND-fcoE
exp_01,3362,cf_lyrical_piano,9,-1,1,1,0.8,0,0,0,1,lgT1AidzRWM_XE62ND-fcoE
exp_01,3365,cf_upbeat_electronic,6,1,1,0,0.6667,1,1,0,1,EGN3_pzZy5I_L-AVopM4mdQ
exp_01,3365,cf_lyrical_piano,5,0,1,1,0.6,1,1,0,1,EGN3_pzZy5I_L-AVopM4mdQ
exp_01,3381,cf_upbeat_electronic,6,0,1,1,1.0,1,1,0,1,98mD8hvKKso_tThW8JY9GMc
exp_01,3381,cf_lyrical_piano,0,0,0,0,,1,1,0,1,98mD8hvKKso_tThW8JY9GMc
exp_01,3414,cf_upbeat_electronic,3,0,1,1,0.6,1,1,0,1,79JpTg7L-1Y_guyTMxG8bk0
exp_01,3414,cf_lyrical_piano,3,-1,1,1,0.6667,1,1,0,1,79JpTg7L-1Y_guyTMxG8bk0
exp_01,3454,cf_upbeat_electronic,7,0,1,1,1.0,1,1,0,1,3iM-rrHDa4A_JCP8F2AOx38
exp_01,3454,cf_lyrical_piano,5,0,1,1,0.8,1,1,0,1,3iM-rrHDa4A_JCP8F2AOx38
exp_01,3463,cf_upbeat_electronic,3,0,1,1,0.5714,1,1,0,1,_vE5a46Uwh0_M08_0Pnd0hA
exp_01,3463,cf_lyrical_piano,5,-1,1,1,0.8,1,1,0,1,_vE5a46Uwh0_M08_0Pnd0hA
exp_01,3471,cf_upbeat_electronic,4,0,1,1,0.5714,1,1,0,1,iq4TBASryqs_NZxqO9UwF9A
exp_01,3471,cf_lyrical_piano,7,-1,1,1,0.8571,1,1,0,1,iq4TBASryqs_NZxqO9UwF9A
exp_01,3494,cf_upbeat_electronic,4,0,1,1,1.0,0,0,0,1,9EO4nBIe-yA_RUjHBwO0EgM
exp_01,3494,cf_lyrical_piano,5,0,1,1,0.8,0,0,0,1,9EO4nBIe-yA_RUjHBwO0EgM
exp_01,3506,cf_upbeat_electronic,7,0,1,1,1.0,1,1,0,1,rklsh61BD28_zzGbCVHBYtM
exp_01,3506,cf_lyrical_piano,9,-1,1,1,1.0,1,1,0,1,rklsh61BD28_zzGbCVHBYtM
exp_01,3514,cf_upbeat_electronic,1,-1,1,1,1.0,1,1,0,1,6FE8jlwBGJs_T5V0hhZ3IVg
exp_01,3514,cf_lyrical_piano,8,-1,1,1,1.0,1,1,0,1,6FE8jlwBGJs_T5V0hhZ3IVg
exp_01,3515,cf_upbeat_electronic,1,0,1,1,0.7143,1,1,0,1,IBgI2Mniq6w_TfbhL9w7DHE
exp_01,3515,cf_lyrical_piano,5,-3,1,1,0.8,1,0,1,1,IBgI2Mniq6w_TfbhL9w7DHE
exp_01,3563,cf_upbeat_electronic,3,0,1,1,0.75,0,1,0,1,cAoTR4DA3a4_x-C2hVAvheI
exp_01,3563,cf_lyrical_piano,3,-1,1,1,0.6667,0,1,0,1,cAoTR4DA3a4_x-C2hVAvheI
exp_01,3565,cf_upbeat_electronic,4,0,1,1,0.8333,1,1,0,1,cpTirnV3xVE_Vkr6Vf1JTnc
exp_01,3565,cf_lyrical_piano,5,-1,1,1,0.8,1,1,0,1,cpTirnV3xVE_Vkr6Vf1JTnc
exp_01,3587,cf_upbeat_electronic,2,-1,1,1,0.6667,0,0,0,1,K7KMRBoqQUg_P56SorCCSmI
exp_01,3587,cf_lyrical_piano,6,-2,1,1,0.8571,0,0,0,1,K7KMRBoqQUg_P56SorCCSmI
exp_01,3601,cf_upbeat_electronic,7,0,1,1,1.0,1,1,0,1,0pzNkHgIdHk_zVaXHQhVXhQ
exp_01,3601,cf_lyrical_piano,5,-2,1,1,0.8,1,1,0,1,0pzNkHgIdHk_zVaXHQhVXhQ
exp_01,3603,cf_upbeat_electronic,5,0,1,1,0.8333,1,1,0,1,aloy-hdZ3CE_VgXFWk_EDGU
exp_01,3603,cf_lyrical_piano,7,-1,1,1,1.0,1,1,0,1,aloy-hdZ3CE_VgXFWk_EDGU
exp_01,3605,cf_upbeat_electronic,4,0,1,1,1.0,1,1,0,1,Iyy9VDuS3oM_4oB7o8Tl9so
exp_01,3605,cf_lyrical_piano,5,-3,1,1,0.8,1,1,0,1,Iyy9VDuS3oM_4oB7o8Tl9so
exp_01,3635,cf_upbeat_electronic,5,0,1,1,0.7143,1,1,0,1,MsvUscdzkAc_aZuqmdRgEHE
exp_01,3635,cf_lyrical_piano,5,-1,1,1,0.6,1,1,0,1,MsvUscdzkAc_aZuqmdRgEHE
exp_01,3645,cf_upbeat_electronic,6,0,1,1,0.8889,1,1,0,1,fpPHM9g7doo_gXmN3m7GpEk
exp_01,3645,cf_lyrical_piano,5,0,1,1,0.8,1,1,0,1,fpPHM9g7doo_gXmN3m7GpEk
exp_01,3660,cf_upbeat_electronic,6,0,1,1,0.7143,1,1,0,1,K2Tehu9FskU_mrUSad1Tdzk
exp_01,3660,cf_lyrical_piano,7,0,1,1,1.0,1,1,0,1,K2Tehu9FskU_mrUSad1Tdzk
exp_01,3673,cf_upbeat_electronic,5,0,1,1,0.8571,1,1,0,1,z4xpvgCN0Mw_kZpPn8wmZGw
exp_01,3673,cf_lyrical_piano,5,-1,1,1,0.8,1,1,0,1,z4xpvgCN0Mw_kZpPn8wmZGw
exp_01,3689,cf_upbeat_electronic,7,0,1,1,0.875,0,1,0,1,EKuoiY8ZVo0_Bc2R4GRgDgo
exp_01,3689,cf_lyrical_piano,6,0,1,1,0.8333,0,1,0,1,EKuoiY8ZVo0_Bc2R4GRgDgo
exp_01,3705,cf_upbeat_electronic,6,0,1,1,1.0,0,0,0,1,SQZT17IAxeA_tj0qwm941gg
exp_01,3705,cf_lyrical_piano,7,-1,1,1,1.0,0,0,0,1,SQZT17IAxeA_tj0qwm941gg
exp_01,3711,cf_upbeat_electronic,5,-2,1,1,0.8333,0,0,0,1,9yVZmMGjx6w_-RL3s-H0Jho
exp_01,3711,cf_lyrical_piano,8,0,1,1,1.0,0,0,0,1,9yVZmMGjx6w_-RL3s-H0Jho
exp_01,3715,cf_upbeat_electronic,8,0,1,1,0.8,1,1,0,1,MhlecL-gx4s_U3s0MEeGzNk
exp_01,3715,cf_lyrical_piano,5,0,1,1,1.0,1,1,0,1,MhlecL-gx4s_U3s0MEeGzNk
exp_01,3754,cf_upbeat_electronic,4,0,1,1,0.625,0,0,0,1,sopIF5zt7kA_7RAKiRQIyuY
exp_01,3754,cf_lyrical_piano,5,0,1,1,0.8,0,0,0,1,sopIF5zt7kA_7RAKiRQIyuY
exp_01,3788,cf_upbeat_electronic,0,0,0,0,,0,0,0,1,kwytEYCl-7E_0diZCH4jfMM
exp_01,3788,cf_lyrical_piano,7,0,1,1,1.0,0,0,0,1,kwytEYCl-7E_0diZCH4jfMM
exp_01,3819,cf_upbeat_electronic,3,0,1,1,0.7143,1,1,0,1,aiomsmTL110_7RCQY5Ln9C0
exp_01,3819,cf_lyrical_piano,5,-1,1,1,0.8,1,1,0,1,aiomsmTL110_7RCQY5Ln9C0
exp_01,3876,cf_upbeat_electronic,2,0,1,1,0.5714,0,1,0,1,h6-exJlpTko_lzjELi7VPx0
exp_01,3876,cf_lyrical_piano,5,-3,1,1,0.8,0,1,0,1,h6-exJlpTko_lzjELi7VPx0
exp_01,3905,cf_upbeat_electronic,5,-1,1,1,0.8333,0,0,0,1,ZZGwle80SUg_jeCpb0O6-tE
exp_01,3905,cf_lyrical_piano,8,-1,1,1,0.8889,0,0,0,1,ZZGwle80SUg_jeCpb0O6-tE
exp_01,3915,cf_upbeat_electronic,5,0,1,1,0.5714,1,1,0,1,4Q4VQyHfiPI_5KMORmZGYRc
exp_01,3915,cf_lyrical_piano,5,0,1,1,0.8,1,1,0,1,4Q4VQyHfiPI_5KMORmZGYRc
exp_01,3916,cf_upbeat_electronic,7,-1,1,1,0.625,0,0,0,1,5eOeqLInmKQ_Agc6sXk98Do
exp_01,3916,cf_lyrical_piano,15,-1,1,1,0.875,0,0,0,1,5eOeqLInmKQ_Agc6sXk98Do
exp_01,3931,cf_upbeat_electronic,4,0,1,1,0.6667,1,1,0,1,j5nf3WBmWv4_MOmz8FPKy5M
exp_01,3931,cf_lyrical_piano,5,-1,1,1,0.8,1,1,0,1,j5nf3WBmWv4_MOmz8FPKy5M
exp_01,3936,cf_upbeat_electronic,2,0,1,1,0.625,1,1,0,1,MJbBXsl91j4_LafN7DIccdU
exp_01,3936,cf_lyrical_piano,5,-4,1,1,0.8,1,1,0,1,MJbBXsl91j4_LafN7DIccdU
exp_01,3952,cf_upbeat_electronic,5,0,1,1,0.6667,1,1,0,1,hlhgYkDKqn4_jKBmrIgG-Nw
exp_01,3952,cf_lyrical_piano,4,0,1,1,0.75,1,1,0,1,hlhgYkDKqn4_jKBmrIgG-Nw
exp_01,3963,cf_upbeat_electronic,6,0,1,1,0.8571,0,1,0,1,QavmGzKcFKo_8leVBEw1K1Q
exp_01,3963,cf_lyrical_piano,3,0,1,1,1.0,0,1,0,1,QavmGzKcFKo_8leVBEw1K1Q
exp_01,3980,cf_upbeat_electronic,6,0,1,1,0.6667,0,1,0,1,K9gvAJOiiP4_KipkyW-IBwo
exp_01,3980,cf_lyrical_piano,5,-1,1,1,0.8,0,1,0,1,K9gvAJOiiP4_KipkyW-IBwo
exp_01,3981,cf_upbeat_electronic,11,-1,1,1,0.9091,1,1,0,1,s4UKAbZXMD8_c6F-7olJ_VI
exp_01,3981,cf_lyrical_piano,6,0,1,1,0.7143,1,1,0,1,s4UKAbZXMD8_c6F-7olJ_VI
exp_01,4025,cf_upbeat_electronic,7,0,1,1,0.75,1,1,0,1,1B7MkrUexcg_ePC_ApHWm6c
exp_01,4025,cf_lyrical_piano,3,0,1,1,0.6667,1,1,0,1,1B7MkrUexcg_ePC_ApHWm6c
exp_01,4053,cf_upbeat_electronic,4,0,1,1,0.75,0,0,0,1,3ba14Oc3MoE_zQHCQdYM9DY
exp_01,4053,cf_lyrical_piano,5,-2,1,1,0.8,0,0,0,1,3ba14Oc3MoE_zQHCQdYM9DY
exp_01,4087,cf_upbeat_electronic,3,0,1,1,0.6667,1,1,0,1,khe8nWxLC6A_GM5NClxKzV4
exp_01,4087,cf_lyrical_piano,15,-3,1,1,0.9333,1,1,0,1,khe8nWxLC6A_GM5NClxKzV4
exp_01,4147,cf_upbeat_electronic,4,0,1,1,0.6,0,1,0,1,EBQL5tLTOvo_SWEoM7bZSd0
exp_01,4147,cf_lyrical_piano,9,-1,1,1,1.0,0,1,0,1,EBQL5tLTOvo_SWEoM7bZSd0
exp_01,4148,cf_upbeat_electronic,7,0,1,1,1.0,1,1,0,1,-eFNWuqufg4_qD44np2LbeY
exp_01,4148,cf_lyrical_piano,5,-2,1,1,0.8,1,1,0,1,-eFNWuqufg4_qD44np2LbeY
exp_01,4150,cf_upbeat_electronic,2,0,1,1,0.8571,0,0,0,1,Z0Ujpe2xWKs_bxU95SaM06c
exp_01,4150,cf_lyrical_piano,7,-3,1,1,0.8571,0,0,0,1,Z0Ujpe2xWKs_bxU95SaM06c
exp_01,4180,cf_upbeat_electronic,5,0,1,1,0.6667,1,1,0,1,KDOK211mTgA_A4RbtN9IarQ
exp_01,4180,cf_lyrical_piano,5,0,1,1,0.6,1,1,0,1,KDOK211mTgA_A4RbtN9IarQ
exp_02,54,cf_upbeat_electronic,1,1,1,0,1.0,0,1,0,1,X9qC7p7L7Ak_8zXy6LPpr1Y
exp_02,54,cf_lyrical_piano,9,0,1,1,1.0,0,0,0,1,X9qC7p7L7Ak_8zXy6LPpr1Y
exp_02,104,cf_upbeat_electronic,7,-1,1,1,1.0,0,1,0,1,VRzlaPsX3FM_RCAZ3KeG6MQ
exp_02,104,cf_lyrical_piano,8,-1,1,1,1.0,0,0,0,1,VRzlaPsX3FM_RCAZ3KeG6MQ
exp_02,123,cf_upbeat_electronic,6,0,1,1,0.5,0,1,0,1,imGTQjHNEMg_vekZMIc46OI
exp_02,123,cf_lyrical_piano,9,0,1,1,1.0,0,1,0,1,imGTQjHNEMg_vekZMIc46OI
exp_02,166,cf_upbeat_electronic,2,0,1,1,0.8,1,1,0,1,QKvUGxF7qzA_scdO5HE8so4
exp_02,166,cf_lyrical_piano,0,-3,0,0,,1,1,0,1,QKvUGxF7qzA_scdO5HE8so4
exp_02,215,cf_upbeat_electronic,-1,0,0,0,0.8,0,0,0,1,M_1g1N4ilQM_EzZS4gQm0dU
exp_02,215,cf_lyrical_piano,9,-4,1,1,1.0,0,0,0,1,M_1g1N4ilQM_EzZS4gQm0dU
exp_02,256,cf_upbeat_electronic,3,0,1,1,0.5,0,1,0,1,4_xX_eZB850_swPTHOaj1tA
exp_02,256,cf_lyrical_piano,2,0,1,1,1.0,0,1,0,1,4_xX_eZB850_swPTHOaj1tA
exp_02,261,cf_upbeat_electronic,5,0,1,1,0.8,0,0,0,1,J3ZcmGw64_8_STkmrH0SVZ8
exp_02,261,cf_lyrical_piano,0,0,0,0,,0,0,0,1,J3ZcmGw64_8_STkmrH0SVZ8
exp_02,307,cf_upbeat_electronic,9,0,1,1,0.7778,0,0,0,1,xuNe1URKVk4_fNJe03Ci1zU
exp_02,307,cf_lyrical_piano,9,1,1,0,1.0,0,0,0,1,xuNe1URKVk4_fNJe03Ci1zU
exp_02,310,cf_upbeat_electronic,1,0,1,1,1.0,1,1,0,1,hrJ4jlvWPTI_h2rwWlx2e_Q
exp_02,310,cf_lyrical_piano,9,-5,1,1,1.0,1,1,0,1,hrJ4jlvWPTI_h2rwWlx2e_Q
exp_02,313,cf_upbeat_electronic,1,0,1,1,0.375,1,1,0,1,J-gYJBsln-w_2EkwVQYQsw4
exp_02,313,cf_lyrical_piano,0,-2,0,0,,1,1,0,1,J-gYJBsln-w_2EkwVQYQsw4
exp_02,323,cf_upbeat_electronic,2,0,1,1,1.0,1,1,0,1,82rkH7ZeKZ0_q0R7UnNcZ8w
exp_02,323,cf_lyrical_piano,3,-1,1,1,0.6667,1,0,1,1,82rkH7ZeKZ0_q0R7UnNcZ8w
exp_02,326,cf_upbeat_electronic,7,0,1,1,0.8,1,0,1,1,6TVHq4teJIE_8GVWSK_1DeY
exp_02,326,cf_lyrical_piano,9,-3,1,1,1.0,1,1,0,1,6TVHq4teJIE_8GVWSK_1DeY
exp_02,348,cf_upbeat_electronic,4,0,1,1,0.7143,1,1,0,1,S9vw3TuUqi0_dFcvLRUtD2I
exp_02,348,cf_lyrical_piano,9,-3,1,1,1.0,1,1,0,1,S9vw3TuUqi0_dFcvLRUtD2I
exp_02,357,cf_upbeat_electronic,4,0,1,1,1.0,1,1,0,1,AI47sOL0RO4_T63PjvdqgGQ
exp_02,357,cf_lyrical_piano,9,-3,1,1,1.0,1,1,0,1,AI47sOL0RO4_T63PjvdqgGQ
exp_02,358,cf_upbeat_electronic,6,0,1,1,0.8571,1,1,0,1,48Ebe-oCMIQ_s2Odvz0uDyU
exp_02,358,cf_lyrical_piano,7,0,1,1,1.0,1,1,0,1,48Ebe-oCMIQ_s2Odvz0uDyU
exp_02,364,cf_upbeat_electronic,2,0,1,1,0.5,1,1,0,1,XKMGhFjOoXg_Mbau7DWaexI
exp_02,364,cf_lyrical_piano,9,-2,1,1,1.0,1,1,0,1,XKMGhFjOoXg_Mbau7DWaexI
exp_02,410,cf_upbeat_electronic,6,0,1,1,1.0,1,1,0,1,rklmqungfLI_f2WBpFDoAx0
exp_02,410,cf_lyrical_piano,9,-3,1,1,1.0,1,1,0,1,rklmqungfLI_f2WBpFDoAx0
exp_02,412,cf_upbeat_electronic,8,0,1,1,0.9,0,1,0,1,BlVhWJpYwUI_4pC6XWkUmQw
exp_02,412,cf_lyrical_piano,0,1,0,0,,0,1,0,1,BlVhWJpYwUI_4pC6XWkUmQw
exp_02,448,cf_upbeat_electronic,3,0,1,1,0.75,0,0,0,1,X5zu4NHbPUs_pPNqoxX8hOo
exp_02,448,cf_lyrical_piano,10,-5,1,1,1.0,0,0,0,1,X5zu4NHbPUs_pPNqoxX8hOo
exp_02,451,cf_upbeat_electronic,-3,0,0,0,1.0,0,1,0,1,pNaSN8qs5uI_YcqZUTwxR1U
exp_02,451,cf_lyrical_piano,3,-4,1,1,0.6667,0,1,0,1,pNaSN8qs5uI_YcqZUTwxR1U
exp_02,457,cf_upbeat_electronic,1,0,1,1,0.1429,1,1,0,1,_MV0BuKm0VE_xbzDeFsKwfY
exp_02,457,cf_lyrical_piano,0,-5,0,0,,1,1,0,1,_MV0BuKm0VE_xbzDeFsKwfY
exp_02,512,cf_upbeat_electronic,8,0,1,1,1.0,0,0,0,1,U16JJVWpGko_n6mU7aN1Kq4
exp_02,512,cf_lyrical_piano,9,-1,1,1,1.0,0,1,0,1,U16JJVWpGko_n6mU7aN1Kq4
exp_02,553,cf_upbeat_electronic,7,0,1,1,1.0,1,1,0,1,ynVK3EsW9Ws_7i6N8WLd2zU
exp_02,553,cf_lyrical_piano,2,-2,1,1,1.0,1,1,0,1,ynVK3EsW9Ws_7i6N8WLd2zU
exp_02,559,cf_upbeat_electronic,4,0,1,1,0.8333,1,1,0,1,hS2tevgRLHQ_GS7GfA4zk9E
exp_02,559,cf_lyrical_piano,7,-1,1,1,1.0,1,1,0,1,hS2tevgRLHQ_GS7GfA4zk9E
exp_02,562,cf_upbeat_electronic,8,0,1,1,0.6667,1,1,0,1,qXY1pHq2BFY_U-0330SCx9g
exp_02,562,cf_lyrical_piano,9,1,1,0,1.0,1,1,0,1,qXY1pHq2BFY_U-0330SCx9g
exp_02,627,cf_upbeat_electronic,2,0,1,1,0.8333,1,1,0,1,wxL8um31tj4_FmGh-CESarI
exp_02,627,cf_lyrical_piano,0,-1,0,0,,1,1,0,1,wxL8um31tj4_FmGh-CESarI
exp_02,685,cf_upbeat_electronic,7,0,1,1,0.875,1,1,0,1,SSmTgwp15FQ_SH8esP19qww
exp_02,685,cf_lyrical_piano,1,0,1,1,1.0,1,0,1,1,SSmTgwp15FQ_SH8esP19qww
exp_02,777,cf_upbeat_electronic,5,0,1,1,0.8571,0,1,0,1,yK__-fGo_Ew_JAcEv35pGA0
exp_02,777,cf_lyrical_piano,7,-1,1,1,1.0,0,1,0,1,yK__-fGo_Ew_JAcEv35pGA0
exp_02,780,cf_upbeat_electronic,5,0,1,1,0.8333,0,1,0,1,g6qLLFo3aBo_UzxzplIEWNU
exp_02,780,cf_lyrical_piano,7,0,1,1,1.0,0,1,0,1,g6qLLFo3aBo_UzxzplIEWNU
exp_02,781,cf_upbeat_electronic,6,0,1,1,1.0,1,1,0,1,bqzAothNuZs_7Exf7LE_ef0
exp_02,781,cf_lyrical_piano,4,-3,1,1,1.0,1,1,0,1,bqzAothNuZs_7Exf7LE_ef0
exp_02,800,cf_upbeat_electronic,2,0,1,1,0.75,0,0,0,1,NIa3xG4XxlU_MXpuXEJGaYo
exp_02,800,cf_lyrical_piano,9,-1,1,1,1.0,0,0,0,1,NIa3xG4XxlU_MXpuXEJGaYo
exp_02,806,cf_upbeat_electronic,4,0,1,1,0.8333,1,1,0,1,bjAT4stJQnU_hQX8ZYEnlfQ
exp_02,806,cf_lyrical_piano,0,5,0,0,,1,0,1,1,bjAT4stJQnU_hQX8ZYEnlfQ
exp_02,839,cf_upbeat_electronic,5,0,1,1,1.0,1,1,0,1,myYV5QPNZ4c_ugRL_q8IVhc
exp_02,839,cf_lyrical_piano,9,-2,1,1,1.0,1,1,0,1,myYV5QPNZ4c_ugRL_q8IVhc
exp_02,863,cf_upbeat_electronic,15,0,1,1,0.8333,0,1,0,1,la79FDPfgBk_Nk85rfGPwxA
exp_02,863,cf_lyrical_piano,0,-3,0,0,,0,1,0,1,la79FDPfgBk_Nk85rfGPwxA
exp_02,869,cf_upbeat_electronic,0,0,0,0,0.8571,1,1,0,1,Brs0jY9YHg4_m9WREhgzxIk
exp_02,869,cf_lyrical_piano,6,-4,1,1,1.0,1,1,0,1,Brs0jY9YHg4_m9WREhgzxIk
exp_02,884,cf_upbeat_electronic,5,0,1,1,0.8333,1,1,0,1,UejDqqUY-0E_7zQ3CjvCa0U
exp_02,884,cf_lyrical_piano,5,1,1,0,0.8,1,1,0,1,UejDqqUY-0E_7zQ3CjvCa0U
exp_02,889,cf_upbeat_electronic,6,0,1,1,1.0,0,1,0,1,oKRaZDk2rZg_11eWvA3E5qE
exp_02,889,cf_lyrical_piano,0,-3,0,0,,0,0,0,1,oKRaZDk2rZg_11eWvA3E5qE
exp_02,910,cf_upbeat_electronic,6,0,1,1,1.0,0,0,0,1,Hk_ZZtKlYlQ_yyG8UgNeWxM
exp_02,910,cf_lyrical_piano,10,-4,1,1,0.9,0,0,0,1,Hk_ZZtKlYlQ_yyG8UgNeWxM
exp_02,916,cf_upbeat_electronic,6,0,1,1,0.8571,1,1,0,1,U9oXfZM7IAQ_zd-SkyAI6lk
exp_02,916,cf_lyrical_piano,8,-1,1,1,1.0,1,1,0,1,U9oXfZM7IAQ_zd-SkyAI6lk
exp_02,1036,cf_upbeat_electronic,3,0,1,1,0.6667,1,1,0,1,YhFYuZyr5Yo_vBqoI_4em_o
exp_02,1036,cf_lyrical_piano,5,1,1,0,1.0,1,1,0,1,YhFYuZyr5Yo_vBqoI_4em_o
exp_02,1060,cf_upbeat_electronic,5,0,1,1,0.5714,1,1,0,1,D8B7F9T1eZM_z08BQP7eZX4
exp_02,1060,cf_lyrical_piano,0,-2,0,0,,1,0,1,1,D8B7F9T1eZM_z08BQP7eZX4
exp_02,1083,cf_upbeat_electronic,7,0,1,1,0.8571,1,1,0,1,fX9ycQz4xPM_xCQT9A2V3mQ
exp_02,1083,cf_lyrical_piano,9,0,1,1,1.0,1,1,0,1,fX9ycQz4xPM_xCQT9A2V3mQ
exp_02,1105,cf_upbeat_electronic,11,0,1,1,0.9091,0,1,0,1,hag1SR5_HFc_rqytPMitxkI
exp_02,1105,cf_lyrical_piano,9,0,1,1,1.0,0,0,0,1,hag1SR5_HFc_rqytPMitxkI
exp_02,1119,cf_upbeat_electronic,0,0,0,0,1.0,1,1,0,1,rZb8WsdW5eM_8l5B3peJABY
exp_02,1119,cf_lyrical_piano,8,-1,1,1,1.0,1,1,0,1,rZb8WsdW5eM_8l5B3peJABY
exp_02,1136,cf_upbeat_electronic,7,0,1,1,0.75,1,1,0,1,AdfFjJ1hvHw_A_f5bbd7TaI
exp_02,1136,cf_lyrical_piano,9,-1,1,1,1.0,1,1,0,1,AdfFjJ1hvHw_A_f5bbd7TaI
exp_02,1207,cf_upbeat_electronic,6,0,1,1,0.8333,1,1,0,1,ItV4NVU0u6I_Ldq1rh8OYuc
exp_02,1207,cf_lyrical_piano,9,0,1,1,1.0,1,0,1,1,ItV4NVU0u6I_Ldq1rh8OYuc
exp_02,1210,cf_upbeat_electronic,8,0,1,1,1.0,0,1,0,1,wtM8Nc_Wd6I_ZXUWFFSz3iU
exp_02,1210,cf_lyrical_piano,13,-1,1,1,0.8462,0,0,0,1,wtM8Nc_Wd6I_ZXUWFFSz3iU
exp_02,1226,cf_upbeat_electronic,-1,0,0,0,0.8,1,1,0,1,bPrFmJPMP0o_DHNVh_sZawQ
exp_02,1226,cf_lyrical_piano,7,-3,1,1,1.0,1,1,0,1,bPrFmJPMP0o_DHNVh_sZawQ
exp_02,1240,cf_upbeat_electronic,8,0,1,1,1.0,0,0,0,1,Tqo1UOK1I44_skTcQLUZKEA
exp_02,1240,cf_lyrical_piano,9,-1,1,1,1.0,0,0,0,1,Tqo1UOK1I44_skTcQLUZKEA
exp_02,1269,cf_upbeat_electronic,0,0,0,0,,1,1,0,1,GvdkLxYuiNw_RwyoETZnZ9c
exp_02,1269,cf_lyrical_piano,0,0,0,0,,1,0,1,1,GvdkLxYuiNw_RwyoETZnZ9c
exp_02,1311,cf_upbeat_electronic,6,0,1,1,1.0,1,1,0,1,AJEzd4MasAE_20WJUKiQg7Q
exp_02,1311,cf_lyrical_piano,9,-1,1,1,1.0,1,1,0,1,AJEzd4MasAE_20WJUKiQg7Q
exp_02,1322,cf_upbeat_electronic,0,1,0,0,1.0,1,1,0,1,pgoDe__Fm-Y_vf4LLox2GTE
exp_02,1322,cf_lyrical_piano,9,-1,1,1,1.0,1,1,0,1,pgoDe__Fm-Y_vf4LLox2GTE
exp_02,1333,cf_upbeat_electronic,11,0,1,1,1.0,0,0,0,1,mA7rZps14Zw_meaJ1m4zKGE
exp_02,1333,cf_lyrical_piano,7,0,1,1,1.0,0,0,0,1,mA7rZps14Zw_meaJ1m4zKGE
exp_02,1395,cf_upbeat_electronic,-1,0,0,0,,0,1,0,1,hoRiq6795R8_AmAAhdN5gEE
exp_02,1395,cf_lyrical_piano,0,-1,0,0,,0,1,0,1,hoRiq6795R8_AmAAhdN5gEE
exp_02,1401,cf_upbeat_electronic,6,0,1,1,0.8571,0,1,0,1,xFAtipCnkcU_fNvFCQfF50U
exp_02,1401,cf_lyrical_piano,0,-1,0,0,,0,0,0,1,xFAtipCnkcU_fNvFCQfF50U
exp_02,1434,cf_upbeat_electronic,-2,0,0,0,,1,1,0,1,Gzse71YV_-Q_dGe3HxoH1nM
exp_02,1434,cf_lyrical_piano,0,-2,0,0,,1,1,0,1,Gzse71YV_-Q_dGe3HxoH1nM
exp_02,1455,cf_upbeat_electronic,9,0,1,1,1.0,0,1,0,1,XXgtN7TA1V8_LqTg77a6R9I
exp_02,1455,cf_lyrical_piano,2,0,1,1,1.0,0,0,0,1,XXgtN7TA1V8_LqTg77a6R9I
exp_02,1463,cf_upbeat_electronic,10,0,1,1,0.9,0,0,0,1,Yt6e53kClkw_6jaYw_6IbxU
exp_02,1463,cf_lyrical_piano,10,0,1,1,0.9,0,0,0,1,Yt6e53kClkw_6jaYw_6IbxU
exp_02,1489,cf_upbeat_electronic,14,0,1,1,0.8235,0,0,0,1,IB7BJafQhts_FeGsEkVuMK4
exp_02,1489,cf_lyrical_piano,0,-3,0,0,,0,0,0,1,IB7BJafQhts_FeGsEkVuMK4
exp_02,1509,cf_upbeat_electronic,6,0,1,1,1.0,0,1,0,1,rVO2byp-tWg_m0YLOxKlURQ
exp_02,1509,cf_lyrical_piano,10,-4,1,1,1.0,0,0,0,1,rVO2byp-tWg_m0YLOxKlURQ
exp_02,1528,cf_upbeat_electronic,1,0,1,1,0.6667,1,1,0,1,lXhW9YQhkEU_tGlKac8RVS4
exp_02,1528,cf_lyrical_piano,13,-5,1,1,0.8462,1,0,1,1,lXhW9YQhkEU_tGlKac8RVS4
exp_02,1566,cf_upbeat_electronic,2,0,1,1,0.5714,1,1,0,1,CXKRC8Bfy0M_KJvt2xsg34s
exp_02,1566,cf_lyrical_piano,0,-5,0,0,,1,0,1,1,CXKRC8Bfy0M_KJvt2xsg34s
exp_02,1586,cf_upbeat_electronic,4,0,1,1,0.5714,0,1,0,1,pEle3XgChwc_HKo7DEOjXng
exp_02,1586,cf_lyrical_piano,0,-3,0,0,,0,0,0,1,pEle3XgChwc_HKo7DEOjXng
exp_02,1596,cf_upbeat_electronic,4,0,1,1,0.4286,1,1,0,1,qPnEWDT6pU0_WuLwgH_nQ94
exp_02,1596,cf_lyrical_piano,1,-3,1,1,1.0,1,1,0,1,qPnEWDT6pU0_WuLwgH_nQ94
exp_02,1601,cf_upbeat_electronic,3,0,1,1,0.5714,1,1,0,1,YjiEgJWlArg_SyftLEYCmRY
exp_02,1601,cf_lyrical_piano,3,-2,1,1,1.0,1,1,0,1,YjiEgJWlArg_SyftLEYCmRY
exp_02,1603,cf_upbeat_electronic,7,1,1,0,0.875,1,1,0,1,75sM7yHX0c8_gF3-AISiLFI
exp_02,1603,cf_lyrical_piano,0,-1,0,0,,1,0,1,1,75sM7yHX0c8_gF3-AISiLFI
exp_02,1615,cf_upbeat_electronic,5,0,1,1,1.0,0,0,0,1,M7GS21LLo3o_znyeIK_Zsz0
exp_02,1615,cf_lyrical_piano,9,-1,1,1,1.0,0,0,0,1,M7GS21LLo3o_znyeIK_Zsz0
exp_02,1630,cf_upbeat_electronic,0,0,0,0,,1,1,0,1,8QzA3iufSI8_jRa2Mnsb4WI
exp_02,1630,cf_lyrical_piano,0,0,0,0,,1,1,0,1,8QzA3iufSI8_jRa2Mnsb4WI
exp_02,1669,cf_upbeat_electronic,4,0,1,1,0.8571,1,1,0,1,E8Drlvs80aw_U-0330SCx9g
exp_02,1669,cf_lyrical_piano,9,-3,1,1,1.0,1,1,0,1,E8Drlvs80aw_U-0330SCx9g
exp_02,1679,cf_upbeat_electronic,2,0,1,1,1.0,0,0,0,1,yvxvMewK7fg_a_AMFz_LyvQ
exp_02,1679,cf_lyrical_piano,2,1,1,0,1.0,0,0,0,1,yvxvMewK7fg_a_AMFz_LyvQ
exp_02,1685,cf_upbeat_electronic,1,0,1,1,0.8333,1,1,0,1,ISApvaAI7Xk_xk2UwdugyPI
exp_02,1685,cf_lyrical_piano,7,-2,1,1,1.0,1,1,0,1,ISApvaAI7Xk_xk2UwdugyPI
exp_02,1689,cf_upbeat_electronic,5,0,1,1,1.0,1,1,0,1,SCJrvPr92u4_-ey67-zHusQ
exp_02,1689,cf_lyrical_piano,9,-2,1,1,1.0,1,1,0,1,SCJrvPr92u4_-ey67-zHusQ
exp_02,1698,cf_upbeat_electronic,5,0,1,1,0.8571,1,1,0,1,dOt6zVvs1qI_Zc2UErYiC3Y
exp_02,1698,cf_lyrical_piano,10,-2,1,1,1.0,1,0,1,1,dOt6zVvs1qI_Zc2UErYiC3Y
exp_02,1713,cf_upbeat_electronic,6,0,1,1,0.6667,0,1,0,1,9BPd822JI24_iHQ11rZVmnA
exp_02,1713,cf_lyrical_piano,1,1,1,0,1.0,0,0,0,1,9BPd822JI24_iHQ11rZVmnA
exp_02,1753,cf_upbeat_electronic,3,0,1,1,1.0,0,1,0,1,dfMrsrzxZxc_FL9Vv_mEwN8
exp_02,1753,cf_lyrical_piano,0,0,0,0,,0,1,0,1,dfMrsrzxZxc_FL9Vv_mEwN8
exp_02,1801,cf_upbeat_electronic,3,0,1,1,0.8333,0,0,0,1,cAOK-b5aWpU_hXNeu-H3Tog
exp_02,1801,cf_lyrical_piano,0,-3,0,0,,0,0,0,1,cAOK-b5aWpU_hXNeu-H3Tog
exp_02,1835,cf_upbeat_electronic,4,0,1,1,1.0,1,1,0,1,I2TwqhhcJhM_JbYC9EFtVp4
exp_02,1835,cf_lyrical_piano,9,-3,1,1,1.0,1,1,0,1,I2TwqhhcJhM_JbYC9EFtVp4
exp_02,1861,cf_upbeat_electronic,2,0,1,1,1.0,1,1,0,1,CsDiI_1HRUI_pqPjhrgyzs8
exp_02,1861,cf_lyrical_piano,9,0,1,1,1.0,1,1,0,1,CsDiI_1HRUI_pqPjhrgyzs8
exp_02,1896,cf_upbeat_electronic,1,0,1,1,0.5,0,1,0,1,1Qrzd91rES4_QJyenISk7uc
exp_02,1896,cf_lyrical_piano,7,-2,1,1,1.0,0,1,0,1,1Qrzd91rES4_QJyenISk7uc
exp_02,1897,cf_upbeat_electronic,2,0,1,1,0.625,1,1,0,1,bTOju_n8BJ4_ym5bIhHJvM4
exp_02,1897,cf_lyrical_piano,9,-6,1,1,1.0,1,1,0,1,bTOju_n8BJ4_ym5bIhHJvM4
exp_02,1919,cf_upbeat_electronic,4,0,1,1,0.8,0,1,0,1,gwxHiR8bXys_oOmdRlyjFJg
exp_02,1919,cf_lyrical_piano,0,1,0,0,,0,1,0,1,gwxHiR8bXys_oOmdRlyjFJg
exp_02,1950,cf_upbeat_electronic,3,-1,1,1,0.75,1,1,0,1,XS7C6uA8H7Y_-xufahb_Szs
exp_02,1950,cf_lyrical_piano,8,-1,1,1,1.0,1,1,0,1,XS7C6uA8H7Y_-xufahb_Szs
exp_02,2011,cf_upbeat_electronic,4,0,1,1,1.0,1,1,0,1,6dJjGYhE8Nc_mRErU4ullys
exp_02,2011,cf_lyrical_piano,9,-5,1,1,1.0,1,1,0,1,6dJjGYhE8Nc_mRErU4ullys
exp_02,2014,cf_upbeat_electronic,2,0,1,1,1.0,0,0,0,1,Se5waJR_jXs_myXLYRhx8mE
exp_02,2014,cf_lyrical_piano,9,-2,1,1,1.0,0,0,0,1,Se5waJR_jXs_myXLYRhx8mE
exp_02,2058,cf_upbeat_electronic,5,0,1,1,0.875,0,1,0,1,RfG061PIazk_lIDWbCDR4zs
exp_02,2058,cf_lyrical_piano,9,-3,1,1,1.0,0,1,0,1,RfG061PIazk_lIDWbCDR4zs
exp_02,2060,cf_upbeat_electronic,4,0,1,1,0.8571,0,0,0,1,-IUgd4uCUY0_Mu6TO4w-bAc
exp_02,2060,cf_lyrical_piano,12,-3,1,1,0.8333,0,0,0,1,-IUgd4uCUY0_Mu6TO4w-bAc
exp_02,2072,cf_upbeat_electronic,0,0,0,0,0.8571,0,0,0,1,boxX2HgnrBc_ZSQ15En9syM
exp_02,2072,cf_lyrical_piano,5,-7,1,1,0.6,0,0,0,1,boxX2HgnrBc_ZSQ15En9syM
exp_02,2088,cf_upbeat_electronic,-2,0,0,0,,1,1,0,1,MEXZAX2G9-w_eEhDItopztg
exp_02,2088,cf_lyrical_piano,0,-2,0,0,,1,1,0,1,MEXZAX2G9-w_eEhDItopztg
exp_02,2116,cf_upbeat_electronic,2,0,1,1,0.5714,1,1,0,1,gZ4g2c5vZec_-c_1948S2sA
exp_02,2116,cf_lyrical_piano,0,-5,0,0,,1,0,1,1,gZ4g2c5vZec_-c_1948S2sA
exp_02,2172,cf_upbeat_electronic,3,-1,1,1,1.0,0,1,0,1,Hw8xcOo1QEk_i3lH-Ys9JQs
exp_02,2172,cf_lyrical_piano,8,-2,1,1,1.0,0,0,0,1,Hw8xcOo1QEk_i3lH-Ys9JQs
exp_02,2176,cf_upbeat_electronic,9,1,1,0,0.8182,1,1,0,1,rhF6bOo33As_2uvytZnmGFA
exp_02,2176,cf_lyrical_piano,0,-2,0,0,,1,0,1,1,rhF6bOo33As_2uvytZnmGFA
exp_02,2216,cf_upbeat_electronic,5,0,1,1,1.0,1,1,0,1,T-klloAJHxo_pf47jikWHUA
exp_02,2216,cf_lyrical_piano,10,-1,1,1,1.0,1,0,1,1,T-klloAJHxo_pf47jikWHUA
exp_02,2223,cf_upbeat_electronic,6,0,1,1,1.0,1,1,0,1,CxwOiLz2W1o_O-EevC0Kirs
exp_02,2223,cf_lyrical_piano,0,-2,0,0,,1,0,1,1,CxwOiLz2W1o_O-EevC0Kirs
exp_02,2233,cf_upbeat_electronic,2,0,1,1,0.625,0,0,0,1,bZoYYIslJUU_lS16wHO4z9Y
exp_02,2233,cf_lyrical_piano,9,-6,1,1,1.0,0,0,0,1,bZoYYIslJUU_lS16wHO4z9Y
exp_02,2242,cf_upbeat_electronic,2,0,1,1,0.8571,0,0,0,1,KwsABC9OZ_I_aldk6zSsAUA
exp_02,2242,cf_lyrical_piano,0,-1,0,0,,0,0,0,1,KwsABC9OZ_I_aldk6zSsAUA
exp_02,2254,cf_upbeat_electronic,5,0,1,1,0.8333,1,1,0,1,RBFJApoCvA8_bbsUoN01-Bo
exp_02,2254,cf_lyrical_piano,9,-1,1,1,1.0,1,1,0,1,RBFJApoCvA8_bbsUoN01-Bo
exp_02,2316,cf_upbeat_electronic,6,0,1,1,1.0,0,0,0,1,7R9BibXk2gY_NMrFpWsxTyA
exp_02,2316,cf_lyrical_piano,0,-3,0,0,,0,0,0,1,7R9BibXk2gY_NMrFpWsxTyA
exp_02,2322,cf_upbeat_electronic,5,0,1,1,1.0,1,1,0,1,S80Hk04QQpk_jLyNyUPlvhg
exp_02,2322,cf_lyrical_piano,7,1,1,0,1.0,1,1,0,1,S80Hk04QQpk_jLyNyUPlvhg
exp_02,2325,cf_upbeat_electronic,1,0,1,1,1.0,0,0,0,1,y9lrWVzbkR8_Elj4ql0mEnw
exp_02,2325,cf_lyrical_piano,9,-6,1,1,1.0,0,0,0,1,y9lrWVzbkR8_Elj4ql0mEnw
exp_02,2334,cf_upbeat_electronic,5,0,1,1,0.6667,0,1,0,1,a-d24a-xJhM_tbI-K8x7skg
exp_02,2334,cf_lyrical_piano,5,0,1,1,1.0,0,1,0,1,a-d24a-xJhM_tbI-K8x7skg
exp_02,2368,cf_upbeat_electronic,9,-1,1,1,0.9091,0,0,0,1,fr-e74sG60E_j19n72eMZik
exp_02,2368,cf_lyrical_piano,9,-2,1,1,0.9,0,0,0,1,fr-e74sG60E_j19n72eMZik
exp_02,2378,cf_upbeat_electronic,-1,0,0,0,1.0,0,1,0,1,2WzHhtkF8JM_0Y1v5HCWz6M
exp_02,2378,cf_lyrical_piano,0,-2,0,0,,0,0,0,1,2WzHhtkF8JM_0Y1v5HCWz6M
exp_02,2446,cf_upbeat_electronic,4,0,1,1,0.75,1,1,0,1,fR-2LVyMe20_a-qlcCbQfE0
exp_02,2446,cf_lyrical_piano,0,-4,0,0,,1,0,1,1,fR-2LVyMe20_a-qlcCbQfE0
exp_02,2449,cf_upbeat_electronic,0,0,0,0,,1,1,0,1,SsrGoVpNKDA_GIutuaRH_Aw
exp_02,2449,cf_lyrical_piano,0,0,0,0,,1,0,1,1,SsrGoVpNKDA_GIutuaRH_Aw
exp_02,2455,cf_upbeat_electronic,-1,0,0,0,1.0,1,1,0,1,HdSEkwN9qn4_1SMzTjHIqzk
exp_02,2455,cf_lyrical_piano,6,-1,1,1,1.0,1,1,0,1,HdSEkwN9qn4_1SMzTjHIqzk
exp_02,2491,cf_upbeat_electronic,2,0,1,1,1.0,0,0,0,1,yA8L89Zft68_sHgYmDt9Vss
exp_02,2491,cf_lyrical_piano,9,-2,1,1,1.0,0,0,0,1,yA8L89Zft68_sHgYmDt9Vss
exp_02,2555,cf_upbeat_electronic,3,0,1,1,1.0,1,1,0,1,m7Cq8gduKP0_gk2j6CDUFpI
exp_02,2555,cf_lyrical_piano,9,-2,1,1,1.0,1,1,0,1,m7Cq8gduKP0_gk2j6CDUFpI
exp_02,2609,cf_upbeat_electronic,7,0,1,1,0.875,1,1,0,1,iwxzc2MlkRg_UB7-5vH_veA
exp_02,2609,cf_lyrical_piano,9,-1,1,1,1.0,1,1,0,1,iwxzc2MlkRg_UB7-5vH_veA
exp_02,2627,cf_upbeat_electronic,5,0,1,1,0.7143,0,1,0,1,hwuDL5tE4pw_f8GZ10S1iBE
exp_02,2627,cf_lyrical_piano,9,-2,1,1,1.0,0,1,0,1,hwuDL5tE4pw_f8GZ10S1iBE
exp_02,2639,cf_upbeat_electronic,7,0,1,1,1.0,1,1,0,1,ZTEfInwgxVs_FjC-cvKzElY
exp_02,2639,cf_lyrical_piano,9,-2,1,1,1.0,1,1,0,1,ZTEfInwgxVs_FjC-cvKzElY
exp_02,2648,cf_upbeat_electronic,5,0,1,1,0.7778,0,1,0,1,ZGmRwFZVEj0_07dPZ2QmEKQ
exp_02,2648,cf_lyrical_piano,9,-4,1,1,1.0,0,1,0,1,ZGmRwFZVEj0_07dPZ2QmEKQ
exp_02,2650,cf_upbeat_electronic,2,0,1,1,0.7143,1,1,0,1,aemSQP4d4D4_xqBbUQ0VGH0
exp_02,2650,cf_lyrical_piano,0,-5,0,0,,1,0,1,1,aemSQP4d4D4_xqBbUQ0VGH0
exp_02,2658,cf_upbeat_electronic,2,0,1,1,0.75,0,1,0,1,6_QhF7mFKGg_5WH7ZFVD6ak
exp_02,2658,cf_lyrical_piano,9,-2,1,1,1.0,0,1,0,1,6_QhF7mFKGg_5WH7ZFVD6ak
exp_02,2673,cf_upbeat_electronic,5,0,1,1,0.8,1,1,0,1,QHDa1Es7yV8_587M93B3mkI
exp_02,2673,cf_lyrical_piano,7,1,1,0,1.0,1,1,0,1,QHDa1Es7yV8_587M93B3mkI
exp_02,2682,cf_upbeat_electronic,-1,0,0,0,,1,1,0,1,CkqlRC7i4Kg_55i14OoA4rQ
exp_02,2682,cf_lyrical_piano,9,-1,1,1,1.0,1,1,0,1,CkqlRC7i4Kg_55i14OoA4rQ
exp_02,2688,cf_upbeat_electronic,4,0,1,1,0.8571,1,1,0,1,1QyWsakwMJA_lvzQG71wklw
exp_02,2688,cf_lyrical_piano,3,-2,1,1,1.0,1,1,0,1,1QyWsakwMJA_lvzQG71wklw
exp_02,2711,cf_upbeat_electronic,4,0,1,1,0.75,0,1,0,1,mXyKtkisMeA_sfkl8uIzE6w
exp_02,2711,cf_lyrical_piano,9,0,1,1,1.0,0,1,0,1,mXyKtkisMeA_sfkl8uIzE6w
exp_02,2742,cf_upbeat_electronic,4,0,1,1,0.4444,0,1,0,1,hvcLNpKs1hk_0hl8fH7zeJM
exp_02,2742,cf_lyrical_piano,0,-5,0,0,,0,0,0,1,hvcLNpKs1hk_0hl8fH7zeJM
exp_02,2748,cf_upbeat_electronic,4,0,1,1,0.8333,1,1,0,1,d5WTrglkHKc_2ELIdD_qpAQ
exp_02,2748,cf_lyrical_piano,9,-2,1,1,1.0,1,0,1,1,d5WTrglkHKc_2ELIdD_qpAQ
exp_02,2749,cf_upbeat_electronic,5,-1,1,1,0.8333,1,1,0,1,zGEmF3Mj7dY_mmr9I60GWnw
exp_02,2749,cf_lyrical_piano,8,-1,1,1,1.0,1,1,0,1,zGEmF3Mj7dY_mmr9I60GWnw
exp_02,2769,cf_upbeat_electronic,8,0,1,1,1.0,0,0,0,1,mT1S0yHf8to_l-i53lNClN8
exp_02,2769,cf_lyrical_piano,0,0,0,0,,0,0,0,1,mT1S0yHf8to_l-i53lNClN8
exp_02,2786,cf_upbeat_electronic,5,0,1,1,0.8,1,1,0,1,PTVlbhZBOqA_dz_0TGTKutg
exp_02,2786,cf_lyrical_piano,9,0,1,1,1.0,1,1,0,1,PTVlbhZBOqA_dz_0TGTKutg
exp_02,2798,cf_upbeat_electronic,3,0,1,1,1.0,1,1,0,1,SyUpupoFYUA_GM5NClxKzV4
exp_02,2798,cf_lyrical_piano,0,-4,0,0,,1,1,0,1,SyUpupoFYUA_GM5NClxKzV4
exp_02,2813,cf_upbeat_electronic,0,0,0,0,1.0,1,1,0,1,VETkbKAF23k_f5dHA4akHd8
exp_02,2813,cf_lyrical_piano,9,-1,1,1,1.0,1,1,0,1,VETkbKAF23k_f5dHA4akHd8
exp_02,2819,cf_upbeat_electronic,8,0,1,1,0.625,0,1,0,1,2dBVyOWIP2A__S68aCzDktI
exp_02,2819,cf_lyrical_piano,0,7,0,0,,0,1,0,1,2dBVyOWIP2A__S68aCzDktI
exp_02,2834,cf_upbeat_electronic,7,0,1,1,0.7778,1,1,0,1,QEkp9JKCrXg_Bt2ha5B3X3c
exp_02,2834,cf_lyrical_piano,0,-2,0,0,,1,1,0,1,QEkp9JKCrXg_Bt2ha5B3X3c
exp_02,2842,cf_upbeat_electronic,4,-1,1,1,0.75,1,1,0,1,kd-nFJjS58g_G0Htjqz0KPY
exp_02,2842,cf_lyrical_piano,8,0,1,1,1.0,1,1,0,1,kd-nFJjS58g_G0Htjqz0KPY
exp_02,2850,cf_upbeat_electronic,4,0,1,1,0.8,0,0,0,1,euhD1ilzEI4_L77cpvUV1kE
exp_02,2850,cf_lyrical_piano,0,-1,0,0,,0,0,0,1,euhD1ilzEI4_L77cpvUV1kE
exp_02,2882,cf_upbeat_electronic,-1,0,0,0,,0,0,0,1,qVze0lpnucg_2Rgc96lvJRY
exp_02,2882,cf_lyrical_piano,0,-1,0,0,,0,0,0,1,qVze0lpnucg_2Rgc96lvJRY
exp_02,2896,cf_upbeat_electronic,9,0,1,1,0.9,0,0,0,1,j-2iakRCM3E_wv7vo8dz4hg
exp_02,2896,cf_lyrical_piano,11,-1,1,1,0.8182,0,0,0,1,j-2iakRCM3E_wv7vo8dz4hg
exp_02,2897,cf_upbeat_electronic,1,0,1,1,0.5,0,1,0,1,JslOuXmdrFY_I9gat1Us46s
exp_02,2897,cf_lyrical_piano,2,-5,1,1,1.0,0,0,0,1,JslOuXmdrFY_I9gat1Us46s
exp_02,2921,cf_upbeat_electronic,0,0,0,0,1.0,1,1,0,1,u_zXJNChISs_A_f5bbd7TaI
exp_02,2921,cf_lyrical_piano,8,-1,1,1,1.0,1,1,0,1,u_zXJNChISs_A_f5bbd7TaI
exp_02,2926,cf_upbeat_electronic,0,0,0,0,,0,1,0,1,6wPe-TB1MPE_0LOvomf-DtM
exp_02,2926,cf_lyrical_piano,2,2,1,0,1.0,0,1,0,1,6wPe-TB1MPE_0LOvomf-DtM
exp_02,3003,cf_upbeat_electronic,9,0,1,1,1.0,1,1,0,1,eL5UtKHXOmg_nW1HyRWk3Po
exp_02,3003,cf_lyrical_piano,0,-5,0,0,,1,1,0,1,eL5UtKHXOmg_nW1HyRWk3Po
exp_02,3015,cf_upbeat_electronic,-1,0,0,0,1.0,0,1,0,1,8ahhCMtI6JY_3VGSZvtzw_A
exp_02,3015,cf_lyrical_piano,9,-6,1,1,1.0,0,1,0,1,8ahhCMtI6JY_3VGSZvtzw_A
exp_02,3021,cf_upbeat_electronic,8,-1,1,1,1.0,1,1,0,1,oCV9U-tP7Iw_Pl2pBVt4mh0
exp_02,3021,cf_lyrical_piano,-1,-1,0,0,,1,0,1,1,oCV9U-tP7Iw_Pl2pBVt4mh0
exp_02,3030,cf_upbeat_electronic,3,1,1,0,0.6,1,1,0,1,U7bGGdcEruA_HBZE4Foytg4
exp_02,3030,cf_lyrical_piano,3,-1,1,1,1.0,1,1,0,1,U7bGGdcEruA_HBZE4Foytg4
exp_02,3048,cf_upbeat_electronic,0,0,0,0,0.3333,1,1,0,1,LAzK2fmfNoU_M5qG-NBjRck
exp_02,3048,cf_lyrical_piano,6,-2,1,1,0.6667,1,1,0,1,LAzK2fmfNoU_M5qG-NBjRck
exp_02,3052,cf_upbeat_electronic,6,0,1,1,0.7143,0,0,0,1,JSsDn7p4QAc_hmF34eyqOMg
exp_02,3052,cf_lyrical_piano,7,-1,1,1,1.0,0,1,0,1,JSsDn7p4QAc_hmF34eyqOMg
exp_02,3059,cf_upbeat_electronic,6,0,1,1,0.875,1,1,0,1,i-yWEa6uMDg_Mz8Ecb_Pd7o
exp_02,3059,cf_lyrical_piano,0,1,0,0,,1,1,0,1,i-yWEa6uMDg_Mz8Ecb_Pd7o
exp_02,3094,cf_upbeat_electronic,1,0,1,1,0.0,1,1,0,1,KPGydTUAxF8_p5zM3JsS9bk
exp_02,3094,cf_lyrical_piano,0,1,0,0,,1,1,0,1,KPGydTUAxF8_p5zM3JsS9bk
exp_02,3106,cf_upbeat_electronic,1,0,1,1,0.5,0,1,0,1,UhovZ7DbiFA_SwZOZBJDMUU
exp_02,3106,cf_lyrical_piano,0,-3,0,0,,0,1,0,1,UhovZ7DbiFA_SwZOZBJDMUU
exp_02,3121,cf_upbeat_electronic,6,0,1,1,1.0,0,1,0,1,Yz-egutKYJ8_v0ffCHndO0k
exp_02,3121,cf_lyrical_piano,9,-1,1,1,1.0,0,0,0,1,Yz-egutKYJ8_v0ffCHndO0k
exp_02,3126,cf_upbeat_electronic,6,0,1,1,0.6667,0,1,0,1,XmHsQyNgrBQ_A6Rd12t6OjA
exp_02,3126,cf_lyrical_piano,0,0,0,0,,0,0,0,1,XmHsQyNgrBQ_A6Rd12t6OjA
exp_02,3129,cf_upbeat_electronic,-1,0,0,0,,0,1,0,1,TwIarE96gbI_dyi4TGu-ezQ
exp_02,3129,cf_lyrical_piano,0,-1,0,0,,0,0,0,1,TwIarE96gbI_dyi4TGu-ezQ
exp_02,3135,cf_upbeat_electronic,4,0,1,1,0.8333,0,1,0,1,JIPg-1ykcew_UjBR2Iai2RE
exp_02,3135,cf_lyrical_piano,9,-2,1,1,1.0,0,1,0,1,JIPg-1ykcew_UjBR2Iai2RE
exp_02,3170,cf_upbeat_electronic,2,0,1,1,0.4286,1,1,0,1,Z3t4TAbFBuE_wwmc-dOV9Ps
exp_02,3170,cf_lyrical_piano,7,-1,1,1,1.0,1,1,0,1,Z3t4TAbFBuE_wwmc-dOV9Ps
exp_02,3225,cf_upbeat_electronic,2,0,1,1,1.0,0,0,0,1,EK55T5kAeOc_wuA6idJlkJ0
exp_02,3225,cf_lyrical_piano,10,-3,1,1,0.9,0,0,0,1,EK55T5kAeOc_wuA6idJlkJ0
exp_02,3243,cf_upbeat_electronic,5,0,1,1,0.7,1,1,0,1,AfgEzUoU-h0_Bh2fdTeJ--k
exp_02,3243,cf_lyrical_piano,9,-5,1,1,1.0,1,1,0,1,AfgEzUoU-h0_Bh2fdTeJ--k
exp_02,3256,cf_upbeat_electronic,6,0,1,1,1.0,1,1,0,1,fe6kQztLiYM_yhXIF0H0oBs
exp_02,3256,cf_lyrical_piano,9,-3,1,1,1.0,1,1,0,1,fe6kQztLiYM_yhXIF0H0oBs
exp_02,3271,cf_upbeat_electronic,11,0,1,1,1.0,1,1,0,1,g3PP7sMm97E_mULTg66ChTE
exp_02,3271,cf_lyrical_piano,0,-1,0,0,,1,1,0,1,g3PP7sMm97E_mULTg66ChTE
exp_02,3290,cf_upbeat_electronic,7,-1,1,1,0.8889,0,0,0,1,nyPsfRUf3Aw_puumS1mxYCo
exp_02,3290,cf_lyrical_piano,9,-2,1,1,1.0,0,0,0,1,nyPsfRUf3Aw_puumS1mxYCo
exp_02,3300,cf_upbeat_electronic,7,-1,1,1,0.7143,0,1,0,1,SlWZusHLsNs_zLaVY4xCCvY
exp_02,3300,cf_lyrical_piano,8,0,1,1,1.0,0,0,0,1,SlWZusHLsNs_zLaVY4xCCvY
exp_02,3317,cf_upbeat_electronic,6,0,1,1,1.0,1,1,0,1,XH1pahdysM8_hErWq-TqSuQ
exp_02,3317,cf_lyrical_piano,0,-3,0,0,,1,1,0,1,XH1pahdysM8_hErWq-TqSuQ
exp_02,3346,cf_upbeat_electronic,6,0,1,1,0.8333,0,0,0,1,oU-Iprc1I7k_Oj0gRsyxf8U
exp_02,3346,cf_lyrical_piano,9,0,1,1,1.0,0,1,0,1,oU-Iprc1I7k_Oj0gRsyxf8U
exp_02,3362,cf_upbeat_electronic,4,0,1,1,1.0,1,1,0,1,3RYy5enV7cs_OByA4PBDuW0
exp_02,3362,cf_lyrical_piano,0,-3,0,0,,1,1,0,1,3RYy5enV7cs_OByA4PBDuW0
exp_02,3365,cf_upbeat_electronic,5,0,1,1,0.6667,1,1,0,1,M8_C2xSssmk_WyqfSdNsI0U
exp_02,3365,cf_lyrical_piano,0,3,0,0,,1,1,0,1,M8_C2xSssmk_WyqfSdNsI0U
exp_02,3381,cf_upbeat_electronic,2,0,1,1,1.0,1,1,0,1,98mD8hvKKso_tThW8JY9GMc
exp_02,3381,cf_lyrical_piano,7,-1,1,1,1.0,1,1,0,1,98mD8hvKKso_tThW8JY9GMc
exp_02,3414,cf_upbeat_electronic,8,-1,1,1,0.9,1,1,0,1,79JpTg7L-1Y_guyTMxG8bk0
exp_02,3414,cf_lyrical_piano,9,-2,1,1,0.9,1,1,0,1,79JpTg7L-1Y_guyTMxG8bk0
exp_02,3454,cf_upbeat_electronic,4,0,1,1,0.75,0,0,0,1,3iM-rrHDa4A_JCP8F2AOx38
exp_02,3454,cf_lyrical_piano,9,0,1,1,1.0,0,0,0,1,3iM-rrHDa4A_JCP8F2AOx38
exp_02,3463,cf_upbeat_electronic,10,0,1,1,1.0,1,1,0,1,hX64Zu6rTcU_PZGWD43Es-M
exp_02,3463,cf_lyrical_piano,0,-2,0,0,,1,0,1,1,hX64Zu6rTcU_PZGWD43Es-M
exp_02,3471,cf_upbeat_electronic,7,0,1,1,0.7778,1,1,0,1,iq4TBASryqs_NZxqO9UwF9A
exp_02,3471,cf_lyrical_piano,4,0,1,1,1.0,1,1,0,1,iq4TBASryqs_NZxqO9UwF9A
exp_02,3494,cf_upbeat_electronic,8,0,1,1,0.875,0,1,0,1,zBVKdGWb34Y_nYVwv7t0Q0E
exp_02,3494,cf_lyrical_piano,0,0,0,0,,0,0,0,1,zBVKdGWb34Y_nYVwv7t0Q0E
exp_02,3506,cf_upbeat_electronic,4,0,1,1,0.8,0,1,0,1,BYu8ZyETnKo_sn4URcxq3vQ
exp_02,3506,cf_lyrical_piano,9,-1,1,1,1.0,0,0,0,1,BYu8ZyETnKo_sn4URcxq3vQ
exp_02,3514,cf_upbeat_electronic,0,0,0,0,1.0,1,1,0,1,6FE8jlwBGJs_T5V0hhZ3IVg
exp_02,3514,cf_lyrical_piano,9,-1,1,1,1.0,1,1,0,1,6FE8jlwBGJs_T5V0hhZ3IVg
exp_02,3515,cf_upbeat_electronic,5,0,1,1,0.625,0,1,0,1,oG6qtjvjrdI_MjAvrNX4JPo
exp_02,3515,cf_lyrical_piano,9,1,1,0,1.0,0,1,0,1,oG6qtjvjrdI_MjAvrNX4JPo
exp_02,3563,cf_upbeat_electronic,4,0,1,1,0.75,0,1,0,1,cAoTR4DA3a4_x-C2hVAvheI
exp_02,3563,cf_lyrical_piano,9,0,1,1,1.0,0,0,0,1,cAoTR4DA3a4_x-C2hVAvheI
exp_02,3565,cf_upbeat_electronic,2,0,1,1,0.6,1,1,0,1,VmX8UQu_9A0_4MRJTVgazm0
exp_02,3565,cf_lyrical_piano,9,-3,1,1,1.0,1,1,0,1,VmX8UQu_9A0_4MRJTVgazm0
exp_02,3587,cf_upbeat_electronic,2,0,1,1,1.0,0,0,0,1,K7KMRBoqQUg_P56SorCCSmI
exp_02,3587,cf_lyrical_piano,9,-3,1,1,1.0,0,0,0,1,K7KMRBoqQUg_P56SorCCSmI
exp_02,3601,cf_upbeat_electronic,6,0,1,1,0.8571,1,1,0,1,BiYSq-EixNk_zVaXHQhVXhQ
exp_02,3601,cf_lyrical_piano,9,-1,1,1,1.0,1,1,0,1,BiYSq-EixNk_zVaXHQhVXhQ
exp_02,3603,cf_upbeat_electronic,4,0,1,1,0.8,0,1,0,1,dQhZTbRjTpw_ZrFTR9fucr8
exp_02,3603,cf_lyrical_piano,9,-1,1,1,1.0,0,0,0,1,dQhZTbRjTpw_ZrFTR9fucr8
exp_02,3605,cf_upbeat_electronic,7,0,1,1,0.8182,1,1,0,1,Iyy9VDuS3oM_4oB7o8Tl9so
exp_02,3605,cf_lyrical_piano,9,-2,1,1,1.0,1,1,0,1,Iyy9VDuS3oM_4oB7o8Tl9so
exp_02,3635,cf_upbeat_electronic,2,0,1,1,0.75,1,1,0,1,MsvUscdzkAc_aZuqmdRgEHE
exp_02,3635,cf_lyrical_piano,9,-2,1,1,1.0,1,1,0,1,MsvUscdzkAc_aZuqmdRgEHE
exp_02,3645,cf_upbeat_electronic,4,0,1,1,0.8333,1,1,0,1,fpPHM9g7doo_gXmN3m7GpEk
exp_02,3645,cf_lyrical_piano,9,-2,1,1,1.0,1,1,0,1,fpPHM9g7doo_gXmN3m7GpEk
exp_02,3660,cf_upbeat_electronic,3,0,1,1,0.75,1,1,0,1,K2Tehu9FskU_mrUSad1Tdzk
exp_02,3660,cf_lyrical_piano,5,0,1,1,0.8,1,1,0,1,K2Tehu9FskU_mrUSad1Tdzk
exp_02,3673,cf_upbeat_electronic,-2,0,0,0,,1,1,0,1,LAmQG_nh03Q_SVF56VMSqg4
exp_02,3673,cf_lyrical_piano,0,-2,0,0,,1,0,1,1,LAmQG_nh03Q_SVF56VMSqg4
exp_02,3689,cf_upbeat_electronic,-2,0,0,0,,0,1,0,1,EKuoiY8ZVo0_Bc2R4GRgDgo
exp_02,3689,cf_lyrical_piano,0,-2,0,0,,0,1,0,1,EKuoiY8ZVo0_Bc2R4GRgDgo
exp_02,3705,cf_upbeat_electronic,5,0,1,1,0.7778,1,1,0,1,LrMUzM_S1Z8_3TIMRdXTul4
exp_02,3705,cf_lyrical_piano,0,-4,0,0,,1,1,0,1,LrMUzM_S1Z8_3TIMRdXTul4
exp_02,3711,cf_upbeat_electronic,0,0,0,0,1.0,0,0,0,1,9yVZmMGjx6w_-RL3s-H0Jho
exp_02,3711,cf_lyrical_piano,8,-1,1,1,0.9,0,0,0,1,9yVZmMGjx6w_-RL3s-H0Jho
exp_02,3715,cf_upbeat_electronic,4,0,1,1,0.5714,1,1,0,1,I3HITzjqUuY_zuKQkkhNNMY
exp_02,3715,cf_lyrical_piano,9,-3,1,1,1.0,1,1,0,1,I3HITzjqUuY_zuKQkkhNNMY
exp_02,3754,cf_upbeat_electronic,4,0,1,1,0.875,0,0,0,1,sopIF5zt7kA_7RAKiRQIyuY
exp_02,3754,cf_lyrical_piano,3,-1,1,1,1.0,0,0,0,1,sopIF5zt7kA_7RAKiRQIyuY
exp_02,3788,cf_upbeat_electronic,1,-1,1,1,1.0,0,0,0,1,kwytEYCl-7E_0diZCH4jfMM
exp_02,3788,cf_lyrical_piano,6,0,1,1,0.875,0,0,0,1,kwytEYCl-7E_0diZCH4jfMM
exp_02,3819,cf_upbeat_electronic,0,0,0,0,0.8,1,1,0,1,FfcPGbnvLc8_ZRt0z-15W7Q
exp_02,3819,cf_lyrical_piano,7,-2,1,1,1.0,1,1,0,1,FfcPGbnvLc8_ZRt0z-15W7Q
exp_02,3876,cf_upbeat_electronic,1,0,1,1,1.0,1,1,0,1,5vOcmkN9MIk_YKkdrHiem3o
exp_02,3876,cf_lyrical_piano,2,-2,1,1,1.0,1,0,1,1,5vOcmkN9MIk_YKkdrHiem3o
exp_02,3905,cf_upbeat_electronic,5,-1,1,1,1.0,0,0,0,1,PZJMbC7V6SU_3QwDefw45no
exp_02,3905,cf_lyrical_piano,6,0,1,1,1.0,0,0,0,1,PZJMbC7V6SU_3QwDefw45no
exp_02,3915,cf_upbeat_electronic,5,0,1,1,0.75,1,1,0,1,VQoptcTVAH0_Gs3LWbTK-NE
exp_02,3915,cf_lyrical_piano,9,-3,1,1,1.0,1,1,0,1,VQoptcTVAH0_Gs3LWbTK-NE
exp_02,3916,cf_upbeat_electronic,-1,0,0,0,,0,1,0,1,YJx0a8bzcfg_mZGIcP7Rz7M
exp_02,3916,cf_lyrical_piano,7,-1,1,1,1.0,0,1,0,1,YJx0a8bzcfg_mZGIcP7Rz7M
exp_02,3931,cf_upbeat_electronic,7,0,1,1,0.7778,0,0,0,1,BZaeooGiAOo_kv9dUUhcIZ8
exp_02,3931,cf_lyrical_piano,0,1,0,0,,0,0,0,1,BZaeooGiAOo_kv9dUUhcIZ8
exp_02,3936,cf_upbeat_electronic,2,0,1,1,0.75,1,1,0,1,1jhVoXPMksg_7LXAPcFLxgg
exp_02,3936,cf_lyrical_piano,9,-6,1,1,1.0,1,1,0,1,1jhVoXPMksg_7LXAPcFLxgg
exp_02,3952,cf_upbeat_electronic,8,0,1,1,0.875,1,1,0,1,hlhgYkDKqn4_jKBmrIgG-Nw
exp_02,3952,cf_lyrical_piano,4,1,1,0,0.75,1,1,0,1,hlhgYkDKqn4_jKBmrIgG-Nw
exp_02,3963,cf_upbeat_electronic,-1,0,0,0,,1,1,0,1,Wu8w5gYs6ZI_RzKd8etBkhQ
exp_02,3963,cf_lyrical_piano,0,-1,0,0,,1,1,0,1,Wu8w5gYs6ZI_RzKd8etBkhQ
exp_02,3980,cf_upbeat_electronic,5,0,1,1,0.7778,0,0,0,1,0lkuVDqosG0_Im1bp7Ljud4
exp_02,3980,cf_lyrical_piano,9,-2,1,1,1.0,0,0,0,1,0lkuVDqosG0_Im1bp7Ljud4
exp_02,3981,cf_upbeat_electronic,10,-3,1,1,0.9,1,0,1,1,evYBJjhFWAI_B_MNQqCrCUY
exp_02,3981,cf_lyrical_piano,-3,0,0,0,,1,1,0,1,evYBJjhFWAI_B_MNQqCrCUY
exp_02,4025,cf_upbeat_electronic,-1,0,0,0,,1,1,0,1,1B7MkrUexcg_ePC_ApHWm6c
exp_02,4025,cf_lyrical_piano,0,-1,0,0,,1,1,0,1,1B7MkrUexcg_ePC_ApHWm6c
exp_02,4053,cf_upbeat_electronic,4,0,1,1,0.5,1,1,0,1,N5W99rLSBqs_nHlJODYBLKs
exp_02,4053,cf_lyrical_piano,9,2,1,0,1.0,1,1,0,1,N5W99rLSBqs_nHlJODYBLKs
exp_02,4087,cf_upbeat_electronic,4,0,1,1,0.8333,0,1,0,1,-XiN_yDGDjE_Bt2ha5B3X3c
exp_02,4087,cf_lyrical_piano,9,-2,1,1,1.0,0,1,0,1,-XiN_yDGDjE_Bt2ha5B3X3c
exp_02,4147,cf_upbeat_electronic,9,0,1,1,0.9091,1,0,1,1,6XlHMW0VPEQ_LT52vJ2a7PI
exp_02,4147,cf_lyrical_piano,0,-2,0,0,,1,0,1,1,6XlHMW0VPEQ_LT52vJ2a7PI
exp_02,4148,cf_upbeat_electronic,5,0,1,1,1.0,1,1,0,1,FnjP9o19yGk_lJiq1QqTD5I
exp_02,4148,cf_lyrical_piano,9,-4,1,1,1.0,1,1,0,1,FnjP9o19yGk_lJiq1QqTD5I
exp_02,4150,cf_upbeat_electronic,8,0,1,1,0.9231,1,1,0,1,IHDnz8EiCIM_YxVvA5-Ndmg
exp_02,4150,cf_lyrical_piano,1,-5,1,1,1.0,1,0,1,1,IHDnz8EiCIM_YxVvA5-Ndmg
exp_02,4180,cf_upbeat_electronic,0,0,0,0,1.0,1,1,0,1,KDOK211mTgA_A4RbtN9IarQ
exp_02,4180,cf_lyrical_piano,9,-1,1,1,1.0,1,1,0,1,KDOK211mTgA_A4RbtN9IarQ
exp_03,54,cf_upbeat_electronic,6,0,1,1,0.8333,0,0,0,1,X9qC7p7L7Ak_8zXy6LPpr1Y
exp_03,54,cf_lyrical_piano,9,0,1,1,1.0,0,0,0,1,X9qC7p7L7Ak_8zXy6LPpr1Y
exp_03,104,cf_upbeat_electronic,5,0,1,1,0.5556,1,1,0,1,jgmNpBEiLPc_SZ9sUT_nfbE
exp_03,104,cf_lyrical_piano,0,0,0,0,,1,0,1,1,jgmNpBEiLPc_SZ9sUT_nfbE
exp_03,123,cf_upbeat_electronic,2,0,1,1,0.6667,0,0,0,1,cRuZC_TUngw_rk5Ef4Mhl4o
exp_03,123,cf_lyrical_piano,9,-3,1,1,1.0,0,0,0,1,cRuZC_TUngw_rk5Ef4Mhl4o
exp_03,166,cf_upbeat_electronic,0,0,0,0,0.5,1,1,0,1,QKvUGxF7qzA_scdO5HE8so4
exp_03,166,cf_lyrical_piano,0,-2,0,0,,1,0,1,1,QKvUGxF7qzA_scdO5HE8so4
exp_03,215,cf_upbeat_electronic,3,0,1,1,0.7143,0,1,0,1,ahmgp5DyW64_ZrZqngJhrEc
exp_03,215,cf_lyrical_piano,0,-1,0,0,,0,0,0,1,ahmgp5DyW64_ZrZqngJhrEc
exp_03,256,cf_upbeat_electronic,5,0,1,1,0.6667,0,0,0,1,5zK6htE5tz8_IFZMzgPcqgI
exp_03,256,cf_lyrical_piano,3,0,1,1,1.0,0,0,0,1,5zK6htE5tz8_IFZMzgPcqgI
exp_03,261,cf_upbeat_electronic,7,0,1,1,0.7143,0,0,0,1,J3ZcmGw64_8_STkmrH0SVZ8
exp_03,261,cf_lyrical_piano,5,0,1,1,1.0,0,0,0,1,J3ZcmGw64_8_STkmrH0SVZ8
exp_03,307,cf_upbeat_electronic,7,0,1,1,0.625,0,0,0,1,s5iuxoR_vC0_TJQxtY09Yvg
exp_03,307,cf_lyrical_piano,13,-1,1,1,0.9231,0,0,0,1,s5iuxoR_vC0_TJQxtY09Yvg
exp_03,310,cf_upbeat_electronic,3,0,1,1,0.75,1,1,0,1,6NSr2DPlIkM_HaEi6v2LPf0
exp_03,310,cf_lyrical_piano,5,-5,1,1,1.0,1,0,1,1,6NSr2DPlIkM_HaEi6v2LPf0
exp_03,313,cf_upbeat_electronic,5,0,1,1,0.4444,0,0,0,1,gfKAkc7fiw0_Xik0VWREHoA
exp_03,313,cf_lyrical_piano,0,-2,0,0,,0,0,0,1,gfKAkc7fiw0_Xik0VWREHoA
exp_03,323,cf_upbeat_electronic,6,0,1,1,0.8889,0,0,0,1,7KnEzXBwovQ_VdzigTcir9U
exp_03,323,cf_lyrical_piano,5,-3,1,1,1.0,0,0,0,1,7KnEzXBwovQ_VdzigTcir9U
exp_03,326,cf_upbeat_electronic,5,0,1,1,0.6667,0,0,0,1,iwXwrUM8cG0_4du6lXMqc2Q
exp_03,326,cf_lyrical_piano,9,-1,1,1,1.0,0,0,0,1,iwXwrUM8cG0_4du6lXMqc2Q
exp_03,348,cf_upbeat_electronic,4,0,1,1,1.0,0,1,0,1,IYCgeTCE39A_bAZfXolyahY
exp_03,348,cf_lyrical_piano,6,-1,1,1,1.0,0,0,0,1,IYCgeTCE39A_bAZfXolyahY
exp_03,357,cf_upbeat_electronic,5,0,1,1,0.75,1,1,0,1,aXgXFr89wpY_5cdy3zeBS0w
exp_03,357,cf_lyrical_piano,9,-3,1,1,1.0,1,0,1,1,aXgXFr89wpY_5cdy3zeBS0w
exp_03,358,cf_upbeat_electronic,7,0,1,1,0.875,0,1,0,1,48Ebe-oCMIQ_s2Odvz0uDyU
exp_03,358,cf_lyrical_piano,0,0,0,0,,0,0,0,1,48Ebe-oCMIQ_s2Odvz0uDyU
exp_03,364,cf_upbeat_electronic,4,0,1,1,0.6667,1,1,0,1,XKMGhFjOoXg_Mbau7DWaexI
exp_03,364,cf_lyrical_piano,9,-2,1,1,1.0,1,1,0,1,XKMGhFjOoXg_Mbau7DWaexI
exp_03,410,cf_upbeat_electronic,6,0,1,1,0.75,0,0,0,1,5O5mdmyeeOs_NujXpZbhe2g
exp_03,410,cf_lyrical_piano,5,-2,1,1,1.0,0,0,0,1,5O5mdmyeeOs_NujXpZbhe2g
exp_03,412,cf_upbeat_electronic,4,0,1,1,0.6667,0,1,0,1,6esL1D6dVyY_bfC1yYsPeM4
exp_03,412,cf_lyrical_piano,9,-1,1,1,1.0,0,1,0,1,6esL1D6dVyY_bfC1yYsPeM4
exp_03,448,cf_upbeat_electronic,1,0,1,1,0.8333,1,1,0,1,aIIiMw4UCiM_qa-oCyXq9iQ
exp_03,448,cf_lyrical_piano,8,-4,1,1,1.0,1,1,0,1,aIIiMw4UCiM_qa-oCyXq9iQ
exp_03,451,cf_upbeat_electronic,2,0,1,1,0.875,1,1,0,1,ggHIsQy7Db8_Z18Cnx5YJX8
exp_03,451,cf_lyrical_piano,9,-6,1,1,1.0,1,0,1,1,ggHIsQy7Db8_Z18Cnx5YJX8
exp_03,457,cf_upbeat_electronic,1,0,1,1,0.625,1,1,0,1,glThsEZuD2Y_ToZljXVGbFs
exp_03,457,cf_lyrical_piano,2,-4,1,1,1.0,1,0,1,1,glThsEZuD2Y_ToZljXVGbFs
exp_03,512,cf_upbeat_electronic,8,0,1,1,0.6667,0,1,0,1,U16JJVWpGko_n6mU7aN1Kq4
exp_03,512,cf_lyrical_piano,9,-1,1,1,1.0,0,0,0,1,U16JJVWpGko_n6mU7aN1Kq4
exp_03,553,cf_upbeat_electronic,5,0,1,1,0.7143,1,1,0,1,-JAy5n82TX0_J74ZeXB1r6o
exp_03,553,cf_lyrical_piano,9,-2,1,1,1.0,1,1,0,1,-JAy5n82TX0_J74ZeXB1r6o
exp_03,559,cf_upbeat_electronic,4,0,1,1,0.8333,1,0,1,1,1fMjQttld5U_-_Q9D5vl8lQ
exp_03,559,cf_lyrical_piano,9,-2,1,1,1.0,1,1,0,1,1fMjQttld5U_-_Q9D5vl8lQ
exp_03,562,cf_upbeat_electronic,6,0,1,1,0.7143,0,0,0,1,Tl7ZXX6wbRE_rKoU3ekYQ-I
exp_03,562,cf_lyrical_piano,7,0,1,1,1.0,0,0,0,1,Tl7ZXX6wbRE_rKoU3ekYQ-I
exp_03,627,cf_upbeat_electronic,1,0,1,1,0.6667,1,1,0,1,lRXn2djCFEQ_9D-wLVsgj9Q
exp_03,627,cf_lyrical_piano,5,-5,1,1,1.0,1,0,1,1,lRXn2djCFEQ_9D-wLVsgj9Q
exp_03,685,cf_upbeat_electronic,3,0,1,1,0.6,1,1,0,1,duIDeEH0uKA_Gemk568xT64
exp_03,685,cf_lyrical_piano,3,-1,1,1,1.0,1,1,0,1,duIDeEH0uKA_Gemk568xT64
exp_03,777,cf_upbeat_electronic,6,0,1,1,0.7778,1,1,0,1,T56LFxaEJV8_H5Nn-SIDfWo
exp_03,777,cf_lyrical_piano,7,-3,1,1,1.0,1,0,1,1,T56LFxaEJV8_H5Nn-SIDfWo
exp_03,780,cf_upbeat_electronic,7,0,1,1,0.625,0,1,0,1,g6qLLFo3aBo_UzxzplIEWNU
exp_03,780,cf_lyrical_piano,8,0,1,1,1.0,0,1,0,1,g6qLLFo3aBo_UzxzplIEWNU
exp_03,781,cf_upbeat_electronic,7,0,1,1,0.875,0,1,0,1,bqzAothNuZs_7Exf7LE_ef0
exp_03,781,cf_lyrical_piano,0,0,0,0,,0,0,0,1,bqzAothNuZs_7Exf7LE_ef0
exp_03,800,cf_upbeat_electronic,0,3,0,0,1.0,0,0,0,1,2hvfCnZjk5o_hrZXm4zU77E
exp_03,800,cf_lyrical_piano,9,-1,1,1,1.0,0,0,0,1,2hvfCnZjk5o_hrZXm4zU77E
exp_03,806,cf_upbeat_electronic,6,0,1,1,0.6667,1,1,0,1,3O3gFRSiBC4_ygio6cVZmec
exp_03,806,cf_lyrical_piano,2,0,1,1,1.0,1,1,0,1,3O3gFRSiBC4_ygio6cVZmec
exp_03,839,cf_upbeat_electronic,3,0,1,1,0.6,0,0,0,1,_0kWPBMmYEU_p21n2iGmd_s
exp_03,839,cf_lyrical_piano,9,-2,1,1,1.0,0,0,0,1,_0kWPBMmYEU_p21n2iGmd_s
exp_03,863,cf_upbeat_electronic,4,0,1,1,0.7143,0,1,0,1,JPle4oYmgLg_ZjGQnhHNeHA
exp_03,863,cf_lyrical_piano,0,-1,0,0,,0,0,0,1,JPle4oYmgLg_ZjGQnhHNeHA
exp_03,869,cf_upbeat_electronic,-2,0,0,0,0.4286,0,1,0,1,59seM7k60vw_mYKWya_Uctk
exp_03,869,cf_lyrical_piano,0,-6,0,0,,0,0,0,1,59seM7k60vw_mYKWya_Uctk
exp_03,884,cf_upbeat_electronic,1,0,1,1,1.0,1,1,0,1,ebesijzBMrI_haCBCyMpgXo
exp_03,884,cf_lyrical_piano,6,0,1,1,0.8333,1,1,0,1,ebesijzBMrI_haCBCyMpgXo
exp_03,889,cf_upbeat_electronic,5,0,1,1,0.75,0,0,0,1,Avf5Sw1qyP4_Tef0sSbw0mU
exp_03,889,cf_lyrical_piano,0,-3,0,0,,0,1,0,1,Avf5Sw1qyP4_Tef0sSbw0mU
exp_03,910,cf_upbeat_electronic,1,0,1,1,0.625,0,0,0,1,Hk_ZZtKlYlQ_yyG8UgNeWxM
exp_03,910,cf_lyrical_piano,9,-7,1,1,1.0,0,0,0,1,Hk_ZZtKlYlQ_yyG8UgNeWxM
exp_03,916,cf_upbeat_electronic,7,-1,1,1,0.8571,1,1,0,1,U9oXfZM7IAQ_zd-SkyAI6lk
exp_03,916,cf_lyrical_piano,8,0,1,1,1.0,1,1,0,1,U9oXfZM7IAQ_zd-SkyAI6lk
exp_03,1036,cf_upbeat_electronic,4,0,1,1,0.75,0,1,0,1,HnrQrQYw9MQ_conGhaEoJQk
exp_03,1036,cf_lyrical_piano,0,1,0,0,,0,0,0,1,HnrQrQYw9MQ_conGhaEoJQk
exp_03,1060,cf_upbeat_electronic,3,0,1,1,0.8333,1,1,0,1,D8B7F9T1eZM_z08BQP7eZX4
exp_03,1060,cf_lyrical_piano,0,0,0,0,,1,0,1,1,D8B7F9T1eZM_z08BQP7eZX4
exp_03,1083,cf_upbeat_electronic,5,0,1,1,0.7143,0,0,0,1,97FvPLcg5Wk_juwAszTy9gY
exp_03,1083,cf_lyrical_piano,11,-2,1,1,1.0,0,0,0,1,97FvPLcg5Wk_juwAszTy9gY
exp_03,1105,cf_upbeat_electronic,5,0,1,1,0.6,0,0,0,1,9zCik34iYTY_cT9Iv3zpkaU
exp_03,1105,cf_lyrical_piano,9,0,1,1,1.0,0,0,0,1,9zCik34iYTY_cT9Iv3zpkaU
exp_03,1119,cf_upbeat_electronic,4,1,1,0,1.0,1,1,0,1,rZb8WsdW5eM_8l5B3peJABY
exp_03,1119,cf_lyrical_piano,8,-1,1,1,1.0,1,1,0,1,rZb8WsdW5eM_8l5B3peJABY
exp_03,1136,cf_upbeat_electronic,6,0,1,1,0.6667,1,1,0,1,zI51uay2YXg_GAPYhU8aI8A
exp_03,1136,cf_lyrical_piano,5,-3,1,1,1.0,1,0,1,1,zI51uay2YXg_GAPYhU8aI8A
exp_03,1207,cf_upbeat_electronic,8,0,1,1,1.0,0,0,0,1,mpXuXs0sma0_LhJGfWeu7AE
exp_03,1207,cf_lyrical_piano,0,-1,0,0,,0,0,0,1,mpXuXs0sma0_LhJGfWeu7AE
exp_03,1210,cf_upbeat_electronic,7,0,1,1,0.6667,1,1,0,1,wtM8Nc_Wd6I_ZXUWFFSz3iU
exp_03,1210,cf_lyrical_piano,0,1,0,0,,1,0,1,1,wtM8Nc_Wd6I_ZXUWFFSz3iU
exp_03,1226,cf_upbeat_electronic,3,0,1,1,0.8333,1,1,0,1,bPrFmJPMP0o_DHNVh_sZawQ
exp_03,1226,cf_lyrical_piano,9,-3,1,1,1.0,1,1,0,1,bPrFmJPMP0o_DHNVh_sZawQ
exp_03,1240,cf_upbeat_electronic,7,0,1,1,0.75,0,1,0,1,q4ZCLJ9I8HE_ylGjqc1FNBA
exp_03,1240,cf_lyrical_piano,0,-1,0,0,,0,0,0,1,q4ZCLJ9I8HE_ylGjqc1FNBA
exp_03,1269,cf_upbeat_electronic,6,0,1,1,0.6667,1,0,1,1,DukXfifJSrA_2GCm4cqhJ1I
exp_03,1269,cf_lyrical_piano,9,0,1,1,1.0,1,0,1,1,DukXfifJSrA_2GCm4cqhJ1I
exp_03,1311,cf_upbeat_electronic,6,0,1,1,0.7143,1,1,0,1,TncikOTA5CQ_OQwiYC7MB0E
exp_03,1311,cf_lyrical_piano,9,-1,1,1,1.0,1,1,0,1,TncikOTA5CQ_OQwiYC7MB0E
exp_03,1322,cf_upbeat_electronic,7,-1,1,1,0.75,0,0,0,1,qZKCet3JOTc_YkS-Had1grQ
exp_03,1322,cf_lyrical_piano,2,0,1,1,1.0,0,0,0,1,qZKCet3JOTc_YkS-Had1grQ
exp_03,1333,cf_upbeat_electronic,3,0,1,1,0.6667,0,0,0,1,sZNtPlWq5gI_tl_4Jx7umvs
exp_03,1333,cf_lyrical_piano,8,-1,1,1,1.0,0,0,0,1,sZNtPlWq5gI_tl_4Jx7umvs
exp_03,1395,cf_upbeat_electronic,6,0,1,1,0.5714,1,1,0,1,ufnqxvG8TZ4_t4zXT4mcPUI
exp_03,1395,cf_lyrical_piano,2,-1,1,1,1.0,1,1,0,1,ufnqxvG8TZ4_t4zXT4mcPUI
exp_03,1401,cf_upbeat_electronic,0,0,0,0,1.0,0,0,0,1,9-lebVWosiE_Y3XSMfhR43g
exp_03,1401,cf_lyrical_piano,7,-1,1,1,1.0,0,0,0,1,9-lebVWosiE_Y3XSMfhR43g
exp_03,1434,cf_upbeat_electronic,6,0,1,1,0.625,1,1,0,1,Gzse71YV_-Q_dGe3HxoH1nM
exp_03,1434,cf_lyrical_piano,5,-1,1,1,0.8,1,1,0,1,Gzse71YV_-Q_dGe3HxoH1nM
exp_03,1455,cf_upbeat_electronic,5,0,1,1,0.6667,0,1,0,1,XXgtN7TA1V8_LqTg77a6R9I
exp_03,1455,cf_lyrical_piano,9,1,1,0,1.0,0,1,0,1,XXgtN7TA1V8_LqTg77a6R9I
exp_03,1463,cf_upbeat_electronic,2,0,1,1,0.6667,0,1,0,1,Z1_EU4QIiHM_FVhmOQVVAYQ
exp_03,1463,cf_lyrical_piano,9,-1,1,1,1.0,0,0,0,1,Z1_EU4QIiHM_FVhmOQVVAYQ
exp_03,1489,cf_upbeat_electronic,6,0,1,1,0.6667,1,1,0,1,0NJNPsGUJiU_-QaTEMWya3w
exp_03,1489,cf_lyrical_piano,5,-3,1,1,1.0,1,0,1,1,0NJNPsGUJiU_-QaTEMWya3w
exp_03,1509,cf_upbeat_electronic,2,0,1,1,0.8333,1,1,0,1,rVO2byp-tWg_m0YLOxKlURQ
exp_03,1509,cf_lyrical_piano,0,-2,0,0,,1,0,1,1,rVO2byp-tWg_m0YLOxKlURQ
exp_03,1528,cf_upbeat_electronic,2,0,1,1,0.4,1,1,0,1,lXhW9YQhkEU_tGlKac8RVS4
exp_03,1528,cf_lyrical_piano,0,-1,0,0,,1,0,1,1,lXhW9YQhkEU_tGlKac8RVS4
exp_03,1566,cf_upbeat_electronic,2,0,1,1,0.5,1,1,0,1,CXKRC8Bfy0M_KJvt2xsg34s
exp_03,1566,cf_lyrical_piano,0,-1,0,0,,1,0,1,1,CXKRC8Bfy0M_KJvt2xsg34s
exp_03,1586,cf_upbeat_electronic,4,0,1,1,0.5714,0,0,0,1,ssc67bXV6lU_TxqJOm0601k
exp_03,1586,cf_lyrical_piano,9,-3,1,1,1.0,0,0,0,1,ssc67bXV6lU_TxqJOm0601k
exp_03,1596,cf_upbeat_electronic,4,0,1,1,0.75,1,1,0,1,jk6o2JBck3E_lu4R8ufjGZ0
exp_03,1596,cf_lyrical_piano,0,-2,0,0,,1,0,1,1,jk6o2JBck3E_lu4R8ufjGZ0
exp_03,1601,cf_upbeat_electronic,2,0,1,1,0.75,0,1,0,1,CJTxfWNQN1Q_io1QWB0I_NM
exp_03,1601,cf_lyrical_piano,5,-6,1,1,1.0,0,0,0,1,CJTxfWNQN1Q_io1QWB0I_NM
exp_03,1603,cf_upbeat_electronic,0,4,0,0,1.0,1,1,0,1,To5OfyGa0QY_RMdNtgq29eM
exp_03,1603,cf_lyrical_piano,9,-1,1,1,1.0,1,1,0,1,To5OfyGa0QY_RMdNtgq29eM
exp_03,1615,cf_upbeat_electronic,4,0,1,1,1.0,0,0,0,1,M7GS21LLo3o_znyeIK_Zsz0
exp_03,1615,cf_lyrical_piano,9,-1,1,1,1.0,0,0,0,1,M7GS21LLo3o_znyeIK_Zsz0
exp_03,1630,cf_upbeat_electronic,1,0,1,1,1.0,1,1,0,1,qwVb5h89xbc_s-TyeDOkibY
exp_03,1630,cf_lyrical_piano,9,1,1,0,1.0,1,1,0,1,qwVb5h89xbc_s-TyeDOkibY
exp_03,1669,cf_upbeat_electronic,5,0,1,1,0.75,1,1,0,1,cWVri5XGGA8_tuP5rCmHIaA
exp_03,1669,cf_lyrical_piano,0,0,0,0,,1,0,1,1,cWVri5XGGA8_tuP5rCmHIaA
exp_03,1679,cf_upbeat_electronic,5,0,1,1,0.875,0,0,0,1,C2v5RHDEAXQ_-iliCUw3Kvg
exp_03,1679,cf_lyrical_piano,0,-1,0,0,,0,0,0,1,C2v5RHDEAXQ_-iliCUw3Kvg
exp_03,1685,cf_upbeat_electronic,1,0,1,1,0.5,1,1,0,1,FGWZZTdeEeM_V7fNVgfjFGw
exp_03,1685,cf_lyrical_piano,0,-1,0,0,,1,0,1,1,FGWZZTdeEeM_V7fNVgfjFGw
exp_03,1689,cf_upbeat_electronic,5,0,1,1,0.7143,1,1,0,1,SCJrvPr92u4_-ey67-zHusQ
exp_03,1689,cf_lyrical_piano,9,-2,1,1,1.0,1,1,0,1,SCJrvPr92u4_-ey67-zHusQ
exp_03,1698,cf_upbeat_electronic,5,0,1,1,0.5714,1,1,0,1,lgBOgKr-HJo_tA5vcZ7CJyI
exp_03,1698,cf_lyrical_piano,4,-1,1,1,1.0,1,1,0,1,lgBOgKr-HJo_tA5vcZ7CJyI
exp_03,1713,cf_upbeat_electronic,8,0,1,1,1.0,0,1,0,1,ggPKIzk0vHA_fJ-qTYmlV0A
exp_03,1713,cf_lyrical_piano,9,0,1,1,1.0,0,0,0,1,ggPKIzk0vHA_fJ-qTYmlV0A
exp_03,1753,cf_upbeat_electronic,5,0,1,1,0.5714,0,1,0,1,9LwtjSWkV2M_X4-eshoT6IU
exp_03,1753,cf_lyrical_piano,11,-2,1,1,1.0,0,1,0,1,9LwtjSWkV2M_X4-eshoT6IU
exp_03,1801,cf_upbeat_electronic,4,0,1,1,0.75,0,0,0,1,31igKbciVQI_YyGvIht6z0o
exp_03,1801,cf_lyrical_piano,0,-1,0,0,,0,0,0,1,31igKbciVQI_YyGvIht6z0o
exp_03,1835,cf_upbeat_electronic,4,0,1,1,0.6667,0,0,0,1,fFika8YOkrc_bfhO-QLi4lc
exp_03,1835,cf_lyrical_piano,2,-5,1,1,1.0,0,0,0,1,fFika8YOkrc_bfhO-QLi4lc
exp_03,1861,cf_upbeat_electronic,2,0,1,1,0.6667,0,0,0,1,mjpjzg8cPbk_P0OCoCCMsUc
exp_03,1861,cf_lyrical_piano,7,-1,1,1,1.0,0,0,0,1,mjpjzg8cPbk_P0OCoCCMsUc
exp_03,1896,cf_upbeat_electronic,2,0,1,1,0.8333,0,0,0,1,kt2lmbNPFk4_C5PUb0hCtj4
exp_03,1896,cf_lyrical_piano,0,-1,0,0,,0,0,0,1,kt2lmbNPFk4_C5PUb0hCtj4
exp_03,1897,cf_upbeat_electronic,-3,0,0,0,0.5714,0,1,0,1,bTOju_n8BJ4_ym5bIhHJvM4
exp_03,1897,cf_lyrical_piano,9,-10,1,1,1.0,0,0,0,1,bTOju_n8BJ4_ym5bIhHJvM4
exp_03,1919,cf_upbeat_electronic,5,0,1,1,0.6667,0,1,0,1,gwxHiR8bXys_oOmdRlyjFJg
exp_03,1919,cf_lyrical_piano,6,0,1,1,0.8333,0,1,0,1,gwxHiR8bXys_oOmdRlyjFJg
exp_03,1950,cf_upbeat_electronic,6,-1,1,1,0.8571,1,1,0,1,yoSObfeinFM_uJDm13pFDZE
exp_03,1950,cf_lyrical_piano,6,0,1,1,1.0,1,1,0,1,yoSObfeinFM_uJDm13pFDZE
exp_03,2011,cf_upbeat_electronic,0,0,0,0,0.7143,1,1,0,1,OQaCKcHt1tw_PzL_Tl2yhoY
exp_03,2011,cf_lyrical_piano,9,-7,1,1,1.0,1,0,1,1,OQaCKcHt1tw_PzL_Tl2yhoY
exp_03,2014,cf_upbeat_electronic,6,0,1,1,0.8571,0,1,0,1,0sreagPs0GQ_NY7PFySXUJA
exp_03,2014,cf_lyrical_piano,0,-1,0,0,,0,0,0,1,0sreagPs0GQ_NY7PFySXUJA
exp_03,2058,cf_upbeat_electronic,4,0,1,1,1.0,0,0,0,1,btRS8oEZTps_fjJdFm0fj-o
exp_03,2058,cf_lyrical_piano,5,-3,1,1,1.0,0,0,0,1,btRS8oEZTps_fjJdFm0fj-o
exp_03,2060,cf_upbeat_electronic,-1,0,0,0,0.5,1,1,0,1,vJ4se76h4pg_E4o8oOlzTAQ
exp_03,2060,cf_lyrical_piano,0,-3,0,0,,1,0,1,1,vJ4se76h4pg_E4o8oOlzTAQ
exp_03,2072,cf_upbeat_electronic,2,0,1,1,0.7143,1,1,0,1,yCBk4C1_90A_35Ke6zvmb4k
exp_03,2072,cf_lyrical_piano,9,-5,1,1,1.0,1,0,1,1,yCBk4C1_90A_35Ke6zvmb4k
exp_03,2088,cf_upbeat_electronic,2,-1,1,1,0.5,1,1,0,1,ZjGQnhHNeHA_E7KpR8WCzfE
exp_03,2088,cf_lyrical_piano,-1,0,0,0,,1,0,1,1,ZjGQnhHNeHA_E7KpR8WCzfE
exp_03,2116,cf_upbeat_electronic,1,0,1,1,0.5,1,1,0,1,Sf85MN_Ykc0__LZvHatk9I8
exp_03,2116,cf_lyrical_piano,0,-4,0,0,,1,0,1,1,Sf85MN_Ykc0__LZvHatk9I8
exp_03,2172,cf_upbeat_electronic,2,0,1,1,0.6667,0,0,0,1,Hw8xcOo1QEk_i3lH-Ys9JQs
exp_03,2172,cf_lyrical_piano,0,0,0,0,,0,0,0,1,Hw8xcOo1QEk_i3lH-Ys9JQs
exp_03,2176,cf_upbeat_electronic,4,0,1,1,0.6667,1,1,0,1,3LJM-jE1ms4_A84hNilKxFM
exp_03,2176,cf_lyrical_piano,0,-1,0,0,,1,0,1,1,3LJM-jE1ms4_A84hNilKxFM
exp_03,2216,cf_upbeat_electronic,1,0,1,1,0.6667,0,0,0,1,NKzzaZNP4lk_bg_aj6wZRAQ
exp_03,2216,cf_lyrical_piano,0,-1,0,0,,0,0,0,1,NKzzaZNP4lk_bg_aj6wZRAQ
exp_03,2223,cf_upbeat_electronic,6,0,1,1,0.75,1,1,0,1,6Mfcu7h0cG8_QdGcqrLFfEQ
exp_03,2223,cf_lyrical_piano,9,-2,1,1,1.0,1,0,1,1,6Mfcu7h0cG8_QdGcqrLFfEQ
exp_03,2233,cf_upbeat_electronic,4,0,1,1,0.75,0,0,0,1,bZoYYIslJUU_lS16wHO4z9Y
exp_03,2233,cf_lyrical_piano,9,-4,1,1,1.0,0,0,0,1,bZoYYIslJUU_lS16wHO4z9Y
exp_03,2242,cf_upbeat_electronic,3,0,1,1,0.5714,1,1,0,1,jJAuOJf5xO8_F7BqdhrAkkc
exp_03,2242,cf_lyrical_piano,9,-4,1,1,1.0,1,0,1,1,jJAuOJf5xO8_F7BqdhrAkkc
exp_03,2254,cf_upbeat_electronic,5,0,1,1,0.8571,0,1,0,1,gucmjqmeL5E_-9uH8hrCuXI
exp_03,2254,cf_lyrical_piano,9,-1,1,1,1.0,0,1,0,1,gucmjqmeL5E_-9uH8hrCuXI
exp_03,2316,cf_upbeat_electronic,7,0,1,1,0.6,1,1,0,1,Z9ry7JQTl6g_lHhZJeHP7Ac
exp_03,2316,cf_lyrical_piano,9,-3,1,1,1.0,1,1,0,1,Z9ry7JQTl6g_lHhZJeHP7Ac
exp_03,2322,cf_upbeat_electronic,2,0,1,1,1.0,0,1,0,1,S80Hk04QQpk_jLyNyUPlvhg
exp_03,2322,cf_lyrical_piano,0,0,0,0,,0,0,0,1,S80Hk04QQpk_jLyNyUPlvhg
exp_03,2325,cf_upbeat_electronic,5,0,1,1,0.7143,0,0,0,1,07ly67GzsdU_ozzitM8VdEs
exp_03,2325,cf_lyrical_piano,9,-2,1,1,1.0,0,0,0,1,07ly67GzsdU_ozzitM8VdEs
exp_03,2334,cf_upbeat_electronic,1,1,1,0,1.0,0,0,0,1,SWSdsJjv4D8_4Hm0Tr8I1bw
exp_03,2334,cf_lyrical_piano,9,-2,1,1,1.0,0,0,0,1,SWSdsJjv4D8_4Hm0Tr8I1bw
exp_03,2368,cf_upbeat_electronic,1,1,1,0,0.75,1,1,0,1,pQdbNvEAmo0_GOkwlQbLNiM
exp_03,2368,cf_lyrical_piano,9,-3,1,1,1.0,1,1,0,1,pQdbNvEAmo0_GOkwlQbLNiM
exp_03,2378,cf_upbeat_electronic,2,0,1,1,0.6,0,0,0,1,mfhddXg2-LQ_Gc8icdeqWI4
exp_03,2378,cf_lyrical_piano,0,0,0,0,,0,0,0,1,mfhddXg2-LQ_Gc8icdeqWI4
exp_03,2446,cf_upbeat_electronic,3,0,1,1,1.0,0,0,0,1,DxXKPDVcvK4_Klhdxt7hAxc
exp_03,2446,cf_lyrical_piano,9,-4,1,1,1.0,0,0,0,1,DxXKPDVcvK4_Klhdxt7hAxc
exp_03,2449,cf_upbeat_electronic,7,0,1,1,0.8571,0,0,0,1,N-nmjWx0eXg_Xb1mfjitnI4
exp_03,2449,cf_lyrical_piano,0,0,0,0,,0,0,0,1,N-nmjWx0eXg_Xb1mfjitnI4
exp_03,2455,cf_upbeat_electronic,4,0,1,1,0.8,0,0,0,1,gRKzFMRviAs_qbZBq5WNw3k
exp_03,2455,cf_lyrical_piano,0,-3,0,0,,0,0,0,1,gRKzFMRviAs_qbZBq5WNw3k
exp_03,2491,cf_upbeat_electronic,7,0,1,1,1.0,0,1,0,1,mn4WwaRfmKM_7Kxl3Y5zh5E
exp_03,2491,cf_lyrical_piano,9,-1,1,1,1.0,0,0,0,1,mn4WwaRfmKM_7Kxl3Y5zh5E
exp_03,2555,cf_upbeat_electronic,8,0,1,1,0.6667,1,1,0,1,Gmlcb8EJqko_liKfNfVM_q0
exp_03,2555,cf_lyrical_piano,9,-1,1,1,1.0,1,1,0,1,Gmlcb8EJqko_liKfNfVM_q0
exp_03,2609,cf_upbeat_electronic,6,0,1,1,0.8571,0,0,0,1,l-9W60iFVSM_O7uLRMUk1AM
exp_03,2609,cf_lyrical_piano,9,-1,1,1,1.0,0,0,0,1,l-9W60iFVSM_O7uLRMUk1AM
exp_03,2627,cf_upbeat_electronic,4,0,1,1,0.5714,1,1,0,1,-zzSU7LBtWI_gj-HX6qGYPg
exp_03,2627,cf_lyrical_piano,9,-3,1,1,1.0,1,0,1,1,-zzSU7LBtWI_gj-HX6qGYPg
exp_03,2639,cf_upbeat_electronic,3,0,1,1,0.6667,1,1,0,1,ZTEfInwgxVs_FjC-cvKzElY
exp_03,2639,cf_lyrical_piano,3,-2,1,1,1.0,1,1,0,1,ZTEfInwgxVs_FjC-cvKzElY
exp_03,2648,cf_upbeat_electronic,3,0,1,1,0.6667,1,1,0,1,rSAbaOw7tNY_R6_kdKj7mJ0
exp_03,2648,cf_lyrical_piano,9,-3,1,1,1.0,1,1,0,1,rSAbaOw7tNY_R6_kdKj7mJ0
exp_03,2650,cf_upbeat_electronic,3,0,1,1,0.6667,1,1,0,1,ZHDCs0IiN2k_ZvZZQbW3C1k
exp_03,2650,cf_lyrical_piano,9,-6,1,1,1.0,1,0,1,1,ZHDCs0IiN2k_ZvZZQbW3C1k
exp_03,2658,cf_upbeat_electronic,5,0,1,1,0.4,0,0,0,1,gHXWEvJa8kA_DxJI3yZOFKE
exp_03,2658,cf_lyrical_piano,9,0,1,1,1.0,0,0,0,1,gHXWEvJa8kA_DxJI3yZOFKE
exp_03,2673,cf_upbeat_electronic,1,0,1,1,1.0,0,0,0,1,LozHFq_oVkY_fFe8S6eb560
exp_03,2673,cf_lyrical_piano,6,0,1,1,1.0,0,0,0,1,LozHFq_oVkY_fFe8S6eb560
exp_03,2682,cf_upbeat_electronic,1,3,1,0,1.0,1,1,0,1,CkqlRC7i4Kg_55i14OoA4rQ
exp_03,2682,cf_lyrical_piano,9,-1,1,1,1.0,1,1,0,1,CkqlRC7i4Kg_55i14OoA4rQ
exp_03,2688,cf_upbeat_electronic,5,0,1,1,0.75,0,1,0,1,EoiL5LGwAeI_enlBmibFhMA
exp_03,2688,cf_lyrical_piano,5,-3,1,1,1.0,0,0,0,1,EoiL5LGwAeI_enlBmibFhMA
exp_03,2711,cf_upbeat_electronic,4,0,1,1,1.0,1,1,0,1,0BzetUgaRXQ__YchU_32bk4
exp_03,2711,cf_lyrical_piano,9,-1,1,1,1.0,1,1,0,1,0BzetUgaRXQ__YchU_32bk4
exp_03,2742,cf_upbeat_electronic,3,0,1,1,0.4286,1,1,0,1,IP_5Ys5bRXs_abljtDd45uI
exp_03,2742,cf_lyrical_piano,0,0,0,0,,1,0,1,1,IP_5Ys5bRXs_abljtDd45uI
exp_03,2748,cf_upbeat_electronic,1,0,1,1,1.0,0,0,0,1,cuHiYVqjp1E_sn8qjykJSoY
exp_03,2748,cf_lyrical_piano,7,-3,1,1,1.0,0,0,0,1,cuHiYVqjp1E_sn8qjykJSoY
exp_03,2749,cf_upbeat_electronic,5,-1,1,1,0.8333,1,1,0,1,zGEmF3Mj7dY_mmr9I60GWnw
exp_03,2749,cf_lyrical_piano,4,0,1,1,0.8,1,1,0,1,zGEmF3Mj7dY_mmr9I60GWnw
exp_03,2769,cf_upbeat_electronic,3,0,1,1,0.6667,1,1,0,1,Q6qNxygbKs0_dIwqCfWRh4E
exp_03,2769,cf_lyrical_piano,0,0,0,0,,1,0,1,1,Q6qNxygbKs0_dIwqCfWRh4E
exp_03,2786,cf_upbeat_electronic,6,0,1,1,0.8333,1,1,0,1,PTVlbhZBOqA_dz_0TGTKutg
exp_03,2786,cf_lyrical_piano,9,0,1,1,1.0,1,1,0,1,PTVlbhZBOqA_dz_0TGTKutg
exp_03,2798,cf_upbeat_electronic,5,0,1,1,0.6667,1,1,0,1,ddAYTPfl484_T0417vNcf28
exp_03,2798,cf_lyrical_piano,5,-4,1,1,1.0,1,0,1,1,ddAYTPfl484_T0417vNcf28
exp_03,2813,cf_upbeat_electronic,5,0,1,1,0.8333,1,1,0,1,r6Mw2fyB8DM_bB_t3D7zD2I
exp_03,2813,cf_lyrical_piano,1,0,1,1,1.0,1,0,1,1,r6Mw2fyB8DM_bB_t3D7zD2I
exp_03,2819,cf_upbeat_electronic,7,0,1,1,0.6667,0,0,0,1,6RToXUQPujU_3gox4tm1aRA
exp_03,2819,cf_lyrical_piano,0,2,0,0,,0,0,0,1,6RToXUQPujU_3gox4tm1aRA
exp_03,2834,cf_upbeat_electronic,5,0,1,1,0.7143,1,1,0,1,Hukr3h3y1JY_pgFpMp5zHDk
exp_03,2834,cf_lyrical_piano,9,-1,1,1,1.0,1,1,0,1,Hukr3h3y1JY_pgFpMp5zHDk
exp_03,2842,cf_upbeat_electronic,6,0,1,1,0.8333,1,1,0,1,4e0KjEQLhaw_iDczY7m-4z8
exp_03,2842,cf_lyrical_piano,0,0,0,0,,1,0,1,1,4e0KjEQLhaw_iDczY7m-4z8
exp_03,2850,cf_upbeat_electronic,4,1,1,0,0.8,1,1,0,1,ecIjuCuj0Fc_N9m9huNTwpA
exp_03,2850,cf_lyrical_piano,9,-1,1,1,1.0,1,1,0,1,ecIjuCuj0Fc_N9m9huNTwpA
exp_03,2882,cf_upbeat_electronic,2,0,1,1,1.0,1,1,0,1,qyI_z2sXks8_CKjlEtAmtIA
exp_03,2882,cf_lyrical_piano,7,-1,1,1,1.0,1,0,1,1,qyI_z2sXks8_CKjlEtAmtIA
exp_03,2896,cf_upbeat_electronic,1,0,1,1,0.5,0,0,0,1,ehQtpXHCdJI_qbRE4BC2YSU
exp_03,2896,cf_lyrical_piano,0,-1,0,0,,0,0,0,1,ehQtpXHCdJI_qbRE4BC2YSU
exp_03,2897,cf_upbeat_electronic,3,0,1,1,0.75,0,1,0,1,T0N9pMn8SqM_82pfkfN4m6E
exp_03,2897,cf_lyrical_piano,0,-3,0,0,,0,0,0,1,T0N9pMn8SqM_82pfkfN4m6E
exp_03,2921,cf_upbeat_electronic,2,-1,1,1,1.0,1,1,0,1,qNwspkeieXE_D5iyOYY1_88
exp_03,2921,cf_lyrical_piano,8,0,1,1,1.0,1,1,0,1,qNwspkeieXE_D5iyOYY1_88
exp_03,2926,cf_upbeat_electronic,8,0,1,1,0.6667,1,1,0,1,t_DEpHCTR6k_Ar5KROYxrI4
exp_03,2926,cf_lyrical_piano,5,0,1,1,0.8,1,1,0,1,t_DEpHCTR6k_Ar5KROYxrI4
exp_03,3003,cf_upbeat_electronic,3,0,1,1,0.5714,0,0,0,1,0J808gIog1o_PoJFn_RIdkg
exp_03,3003,cf_lyrical_piano,5,-1,1,1,0.8,0,0,0,1,0J808gIog1o_PoJFn_RIdkg
exp_03,3015,cf_upbeat_electronic,1,0,1,1,0.75,0,1,0,1,nvg2dDGKgZI_SAL_xX-JV8s
exp_03,3015,cf_lyrical_piano,1,-6,1,1,1.0,0,0,0,1,nvg2dDGKgZI_SAL_xX-JV8s
exp_03,3021,cf_upbeat_electronic,5,-2,1,1,0.6667,0,0,0,1,dGH8cj6eUM4_CbArEIsvieU
exp_03,3021,cf_lyrical_piano,7,-1,1,1,1.0,0,0,0,1,dGH8cj6eUM4_CbArEIsvieU
exp_03,3030,cf_upbeat_electronic,4,0,1,1,0.5,1,1,0,1,U7bGGdcEruA_HBZE4Foytg4
exp_03,3030,cf_lyrical_piano,9,0,1,1,1.0,1,1,0,1,U7bGGdcEruA_HBZE4Foytg4
exp_03,3048,cf_upbeat_electronic,7,0,1,1,0.5455,1,1,0,1,LAzK2fmfNoU_M5qG-NBjRck
exp_03,3048,cf_lyrical_piano,0,0,0,0,,1,0,1,1,LAzK2fmfNoU_M5qG-NBjRck
exp_03,3052,cf_upbeat_electronic,8,0,1,1,0.625,0,1,0,1,OTjJkJuQPrY_xBBIBkuND3k
exp_03,3052,cf_lyrical_piano,7,0,1,1,1.0,0,1,0,1,OTjJkJuQPrY_xBBIBkuND3k
exp_03,3059,cf_upbeat_electronic,7,0,1,1,0.7778,0,0,0,1,i-yWEa6uMDg_Mz8Ecb_Pd7o
exp_03,3059,cf_lyrical_piano,0,0,0,0,,0,0,0,1,i-yWEa6uMDg_Mz8Ecb_Pd7o
exp_03,3094,cf_upbeat_electronic,4,0,1,1,0.5,1,1,0,1,H2pjord3Ueg_aCmZWeBtTDs
exp_03,3094,cf_lyrical_piano,0,1,0,0,,1,1,0,1,H2pjord3Ueg_aCmZWeBtTDs
exp_03,3106,cf_upbeat_electronic,5,0,1,1,0.625,0,0,0,1,kkiuoYdcd7Q_nGT90FIWL0Q
exp_03,3106,cf_lyrical_piano,0,-2,0,0,,0,0,0,1,kkiuoYdcd7Q_nGT90FIWL0Q
exp_03,3121,cf_upbeat_electronic,3,0,1,1,0.5714,1,1,0,1,-zzSU7LBtWI_gj-HX6qGYPg
exp_03,3121,cf_lyrical_piano,9,-4,1,1,1.0,1,0,1,1,-zzSU7LBtWI_gj-HX6qGYPg
exp_03,3126,cf_upbeat_electronic,4,0,1,1,0.6,1,1,0,1,1kg6unPigrU_lIDWbCDR4zs
exp_03,3126,cf_lyrical_piano,9,0,1,1,1.0,1,1,0,1,1kg6unPigrU_lIDWbCDR4zs
exp_03,3129,cf_upbeat_electronic,2,0,1,1,1.0,1,1,0,1,TcfxyMRLVRg_U9CmRdMAtIc
exp_03,3129,cf_lyrical_piano,9,-1,1,1,1.0,1,1,0,1,TcfxyMRLVRg_U9CmRdMAtIc
exp_03,3135,cf_upbeat_electronic,5,0,1,1,0.7143,0,1,0,1,mfMubjqQybo_uFWJbDCrLpU
exp_03,3135,cf_lyrical_piano,9,-2,1,1,1.0,0,1,0,1,mfMubjqQybo_uFWJbDCrLpU
exp_03,3170,cf_upbeat_electronic,2,0,1,1,0.625,0,0,0,1,pT9lqqvBsdo_iF7HM0jzDP8
exp_03,3170,cf_lyrical_piano,0,-3,0,0,,0,0,0,1,pT9lqqvBsdo_iF7HM0jzDP8
exp_03,3225,cf_upbeat_electronic,6,0,1,1,0.5714,1,1,0,1,QtCxsZNx8pE_zmWpJONAYzU
exp_03,3225,cf_lyrical_piano,7,-1,1,1,1.0,1,0,1,1,QtCxsZNx8pE_zmWpJONAYzU
exp_03,3243,cf_upbeat_electronic,4,0,1,1,0.875,0,0,0,1,kEJtRcElVQY_2n8dip-Bdhc
exp_03,3243,cf_lyrical_piano,9,-4,1,1,1.0,0,0,0,1,kEJtRcElVQY_2n8dip-Bdhc
exp_03,3256,cf_upbeat_electronic,4,0,1,1,0.6667,0,0,0,1,EXBEt6PsL3Q_lqb48EPY-KY
exp_03,3256,cf_lyrical_piano,11,-1,1,1,1.0,0,1,0,1,EXBEt6PsL3Q_lqb48EPY-KY
exp_03,3271,cf_upbeat_electronic,5,0,1,1,0.7143,1,1,0,1,LDyllqMQXHY_DKVpBlJUQgw
exp_03,3271,cf_lyrical_piano,5,-2,1,1,1.0,1,0,1,1,LDyllqMQXHY_DKVpBlJUQgw
exp_03,3290,cf_upbeat_electronic,5,0,1,1,0.6667,1,1,0,1,RBddaV6uK08_2ggCw-EFhfY
exp_03,3290,cf_lyrical_piano,9,-1,1,1,1.0,1,1,0,1,RBddaV6uK08_2ggCw-EFhfY
exp_03,3300,cf_upbeat_electronic,4,-1,1,1,0.4,1,1,0,1,fVFgTzPNGM8_hyM348BSQEw
exp_03,3300,cf_lyrical_piano,8,-1,1,1,1.0,1,1,0,1,fVFgTzPNGM8_hyM348BSQEw
exp_03,3317,cf_upbeat_electronic,6,0,1,1,0.75,1,1,0,1,yN6J9nQSaJw_EZrv2vrQZXg
exp_03,3317,cf_lyrical_piano,9,-2,1,1,1.0,1,0,1,1,yN6J9nQSaJw_EZrv2vrQZXg
exp_03,3346,cf_upbeat_electronic,7,0,1,1,0.875,0,1,0,1,26_hE18CwtY_bFAF9pVUpMM
exp_03,3346,cf_lyrical_piano,9,-1,1,1,1.0,0,0,0,1,26_hE18CwtY_bFAF9pVUpMM
exp_03,3362,cf_upbeat_electronic,7,-1,1,1,0.875,0,0,0,1,lgT1AidzRWM_XE62ND-fcoE
exp_03,3362,cf_lyrical_piano,8,-1,1,1,1.0,0,0,0,1,lgT1AidzRWM_XE62ND-fcoE
exp_03,3365,cf_upbeat_electronic,1,0,1,1,0.5,1,1,0,1,4ByocBSjvo0_Z2_AD11sGsM
exp_03,3365,cf_lyrical_piano,0,-1,0,0,,1,0,1,1,4ByocBSjvo0_Z2_AD11sGsM
exp_03,3381,cf_upbeat_electronic,3,0,1,1,0.8,0,0,0,1,mI_JUp7oP-s_oOHpaYYPdP8
exp_03,3381,cf_lyrical_piano,3,-1,1,1,1.0,0,0,0,1,mI_JUp7oP-s_oOHpaYYPdP8
exp_03,3414,cf_upbeat_electronic,1,0,1,1,0.75,0,0,0,1,nL7WENopFuQ_Y0IykNYCd_o
exp_03,3414,cf_lyrical_piano,0,-3,0,0,,0,0,0,1,nL7WENopFuQ_Y0IykNYCd_o
exp_03,3454,cf_upbeat_electronic,2,0,1,1,0.6667,0,0,0,1,qf-l0RJThfA_74jEqQczxGc
exp_03,3454,cf_lyrical_piano,9,-1,1,1,1.0,0,0,0,1,qf-l0RJThfA_74jEqQczxGc
exp_03,3463,cf_upbeat_electronic,7,0,1,1,0.7273,1,1,0,1,lDZaG3bpeeY_QFzkW1_SeIo
exp_03,3463,cf_lyrical_piano,9,-4,1,1,1.0,1,0,1,1,lDZaG3bpeeY_QFzkW1_SeIo
exp_03,3471,cf_upbeat_electronic,5,0,1,1,0.75,0,0,0,1,nrTUONmbZ7M_PWsnQ_nr-AU
exp_03,3471,cf_lyrical_piano,7,-3,1,1,1.0,0,0,0,1,nrTUONmbZ7M_PWsnQ_nr-AU
exp_03,3494,cf_upbeat_electronic,2,0,1,1,0.5,0,0,0,1,9EO4nBIe-yA_RUjHBwO0EgM
exp_03,3494,cf_lyrical_piano,9,-2,1,1,1.0,0,0,0,1,9EO4nBIe-yA_RUjHBwO0EgM
exp_03,3506,cf_upbeat_electronic,4,0,1,1,0.8,1,1,0,1,BYu8ZyETnKo_sn4URcxq3vQ
exp_03,3506,cf_lyrical_piano,7,0,1,1,1.0,1,1,0,1,BYu8ZyETnKo_sn4URcxq3vQ
exp_03,3514,cf_upbeat_electronic,1,0,1,1,1.0,1,1,0,1,DoDMfKMx2Xw_qBglQfeyNdA
exp_03,3514,cf_lyrical_piano,7,1,1,0,1.0,1,1,0,1,DoDMfKMx2Xw_qBglQfeyNdA
exp_03,3515,cf_upbeat_electronic,5,0,1,1,0.4444,1,1,0,1,IBgI2Mniq6w_TfbhL9w7DHE
exp_03,3515,cf_lyrical_piano,0,-1,0,0,,1,0,1,1,IBgI2Mniq6w_TfbhL9w7DHE
exp_03,3563,cf_upbeat_electronic,4,0,1,1,0.75,0,1,0,1,v7i6SrO2zTI_PuHq0tkQRzo
exp_03,3563,cf_lyrical_piano,0,0,0,0,,0,0,0,1,v7i6SrO2zTI_PuHq0tkQRzo
exp_03,3565,cf_upbeat_electronic,6,0,1,1,0.625,0,0,0,1,YJWZDhRnAAk_e9Chg_yPtAA
exp_03,3565,cf_lyrical_piano,5,-2,1,1,1.0,0,0,0,1,YJWZDhRnAAk_e9Chg_yPtAA
exp_03,3587,cf_upbeat_electronic,2,0,1,1,0.8571,0,1,0,1,__erZwTa-VE_lu4R8ufjGZ0
exp_03,3587,cf_lyrical_piano,0,-3,0,0,,0,0,0,1,__erZwTa-VE_lu4R8ufjGZ0
exp_03,3601,cf_upbeat_electronic,5,0,1,1,0.8571,1,1,0,1,0pzNkHgIdHk_zVaXHQhVXhQ
exp_03,3601,cf_lyrical_piano,5,-1,1,1,0.8,1,1,0,1,0pzNkHgIdHk_zVaXHQhVXhQ
exp_03,3603,cf_upbeat_electronic,3,0,1,1,0.6667,1,1,0,1,aloy-hdZ3CE_VgXFWk_EDGU
exp_03,3603,cf_lyrical_piano,0,1,0,0,,1,0,1,1,aloy-hdZ3CE_VgXFWk_EDGU
exp_03,3605,cf_upbeat_electronic,4,0,1,1,0.8571,1,1,0,1,Iyy9VDuS3oM_4oB7o8Tl9so
exp_03,3605,cf_lyrical_piano,5,-2,1,1,1.0,1,1,0,1,Iyy9VDuS3oM_4oB7o8Tl9so
exp_03,3635,cf_upbeat_electronic,7,0,1,1,0.7778,0,1,0,1,kdMrPdbbWU8_0xCWcchuyDQ
exp_03,3635,cf_lyrical_piano,5,-1,1,1,0.8,0,1,0,1,kdMrPdbbWU8_0xCWcchuyDQ
exp_03,3645,cf_upbeat_electronic,7,0,1,1,0.6667,0,0,0,1,fpPHM9g7doo_gXmN3m7GpEk
exp_03,3645,cf_lyrical_piano,5,-2,1,1,1.0,0,0,0,1,fpPHM9g7doo_gXmN3m7GpEk
exp_03,3660,cf_upbeat_electronic,2,0,1,1,0.6667,1,1,0,1,K2Tehu9FskU_mrUSad1Tdzk
exp_03,3660,cf_lyrical_piano,9,-1,1,1,1.0,1,1,0,1,K2Tehu9FskU_mrUSad1Tdzk
exp_03,3673,cf_upbeat_electronic,6,0,1,1,0.7143,0,0,0,1,Vfxj2zLHkSI_AfOSCflq5VM
exp_03,3673,cf_lyrical_piano,9,-1,1,1,1.0,0,0,0,1,Vfxj2zLHkSI_AfOSCflq5VM
exp_03,3689,cf_upbeat_electronic,2,0,1,1,1.0,0,1,0,1,EKuoiY8ZVo0_Bc2R4GRgDgo
exp_03,3689,cf_lyrical_piano,1,0,1,1,1.0,0,1,0,1,EKuoiY8ZVo0_Bc2R4GRgDgo
exp_03,3705,cf_upbeat_electronic,4,0,1,1,0.75,0,0,0,1,UBdpX4ZXHTk_LSNactdL9l4
exp_03,3705,cf_lyrical_piano,9,-4,1,1,1.0,0,0,0,1,UBdpX4ZXHTk_LSNactdL9l4
exp_03,3711,cf_upbeat_electronic,4,-1,1,1,0.8,1,1,0,1,xSAt_9AARZg_qJbtrYcfTfo
exp_03,3711,cf_lyrical_piano,7,-1,1,1,1.0,1,1,0,1,xSAt_9AARZg_qJbtrYcfTfo
exp_03,3715,cf_upbeat_electronic,1,0,1,1,1.0,1,1,0,1,3QZ0y2FNkZc_sLmBqznOra8
exp_03,3715,cf_lyrical_piano,9,-1,1,1,1.0,1,1,0,1,3QZ0y2FNkZc_sLmBqznOra8
exp_03,3754,cf_upbeat_electronic,4,0,1,1,0.375,0,0,0,1,cozzY1QsCbM_7tAafrZ7QP8
exp_03,3754,cf_lyrical_piano,0,0,0,0,,0,0,0,1,cozzY1QsCbM_7tAafrZ7QP8
exp_03,3788,cf_upbeat_electronic,1,-2,1,1,1.0,1,1,0,1,cv-jSWbgOKU_C5A5d8ZWeWQ
exp_03,3788,cf_lyrical_piano,6,0,1,1,1.0,1,1,0,1,cv-jSWbgOKU_C5A5d8ZWeWQ
exp_03,3819,cf_upbeat_electronic,0,0,0,0,0.75,1,1,0,1,1XWlSatg95g_uz9nwvf5wbI
exp_03,3819,cf_lyrical_piano,7,-2,1,1,1.0,1,1,0,1,1XWlSatg95g_uz9nwvf5wbI
exp_03,3876,cf_upbeat_electronic,3,0,1,1,0.75,1,0,1,1,5vOcmkN9MIk_YKkdrHiem3o
exp_03,3876,cf_lyrical_piano,0,-3,0,0,,1,0,1,1,5vOcmkN9MIk_YKkdrHiem3o
exp_03,3905,cf_upbeat_electronic,5,0,1,1,0.8333,0,0,0,1,ZZGwle80SUg_jeCpb0O6-tE
exp_03,3905,cf_lyrical_piano,6,1,1,0,0.8333,0,0,0,1,ZZGwle80SUg_jeCpb0O6-tE
exp_03,3915,cf_upbeat_electronic,6,0,1,1,0.6667,1,1,0,1,pL6JO8iNtfQ_Jlm5kSTc4_w
exp_03,3915,cf_lyrical_piano,5,-3,1,1,1.0,1,0,1,1,pL6JO8iNtfQ_Jlm5kSTc4_w
exp_03,3916,cf_upbeat_electronic,5,0,1,1,0.6667,0,1,0,1,5eOeqLInmKQ_Agc6sXk98Do
exp_03,3916,cf_lyrical_piano,9,-1,1,1,1.0,0,1,0,1,5eOeqLInmKQ_Agc6sXk98Do
exp_03,3931,cf_upbeat_electronic,4,0,1,1,0.6667,1,1,0,1,bPMBlvETSNo_thPFdfMWJcc
exp_03,3931,cf_lyrical_piano,4,-1,1,1,1.0,1,1,0,1,bPMBlvETSNo_thPFdfMWJcc
exp_03,3936,cf_upbeat_electronic,0,0,0,0,0.6667,0,1,0,1,ugDrXID6P0s_H52fs923axY
exp_03,3936,cf_lyrical_piano,9,-6,1,1,1.0,0,1,0,1,ugDrXID6P0s_H52fs923axY
exp_03,3952,cf_upbeat_electronic,3,0,1,1,1.0,0,1,0,1,pIIHeqgq2tk_PyxpMASSAbE
exp_03,3952,cf_lyrical_piano,7,-1,1,1,1.0,0,0,0,1,pIIHeqgq2tk_PyxpMASSAbE
exp_03,3963,cf_upbeat_electronic,4,0,1,1,0.4,0,1,0,1,QavmGzKcFKo_8leVBEw1K1Q
exp_03,3963,cf_lyrical_piano,1,0,1,1,1.0,0,1,0,1,QavmGzKcFKo_8leVBEw1K1Q
exp_03,3980,cf_upbeat_electronic,4,0,1,1,0.5714,0,0,0,1,0lkuVDqosG0_Im1bp7Ljud4
exp_03,3980,cf_lyrical_piano,9,-3,1,1,1.0,0,0,0,1,0lkuVDqosG0_Im1bp7Ljud4
exp_03,3981,cf_upbeat_electronic,1,-2,1,1,1.0,1,1,0,1,vqIII04IVWE_AnqmaLYLzbk
exp_03,3981,cf_lyrical_piano,5,1,1,0,0.8571,1,1,0,1,vqIII04IVWE_AnqmaLYLzbk
exp_03,4025,cf_upbeat_electronic,9,0,1,1,1.0,0,0,0,1,1B7MkrUexcg_ePC_ApHWm6c
exp_03,4025,cf_lyrical_piano,5,-1,1,1,0.8,0,1,0,1,1B7MkrUexcg_ePC_ApHWm6c
exp_03,4053,cf_upbeat_electronic,-1,0,0,0,0.5714,0,1,0,1,Ouklg8O_w-0_cOtZyGZI298
exp_03,4053,cf_lyrical_piano,5,-8,1,1,1.0,0,0,0,1,Ouklg8O_w-0_cOtZyGZI298
exp_03,4087,cf_upbeat_electronic,4,0,1,1,0.8571,0,1,0,1,-XiN_yDGDjE_Bt2ha5B3X3c
exp_03,4087,cf_lyrical_piano,9,-2,1,1,1.0,0,1,0,1,-XiN_yDGDjE_Bt2ha5B3X3c
exp_03,4147,cf_upbeat_electronic,-1,0,0,0,,1,1,0,1,R-6hBsPMYwM_e4q_aryI3AM
exp_03,4147,cf_lyrical_piano,0,-1,0,0,,1,1,0,1,R-6hBsPMYwM_e4q_aryI3AM
exp_03,4148,cf_upbeat_electronic,3,0,1,1,0.5,0,1,0,1,If7YbwYCIrk_bf7L6ZcSiWQ
exp_03,4148,cf_lyrical_piano,7,-1,1,1,1.0,0,1,0,1,If7YbwYCIrk_bf7L6ZcSiWQ
exp_03,4150,cf_upbeat_electronic,3,0,1,1,0.875,0,0,0,1,Z0Ujpe2xWKs_bxU95SaM06c
exp_03,4150,cf_lyrical_piano,18,-5,1,1,1.0,0,0,0,1,Z0Ujpe2xWKs_bxU95SaM06c
exp_03,4180,cf_upbeat_electronic,0,1,0,0,1.0,0,0,0,1,183e81o0Mvo_Q3r1JtpH6b8
exp_03,4180,cf_lyrical_piano,9,0,1,1,1.0,0,0,0,1,183e81o0Mvo_Q3r1JtpH6b8
exp_04,54,cf_upbeat_electronic,6,0,1,1,0.8333,0,0,0,1,ePF9CI5_0fc_fyTPFnboQQQ
exp_04,54,cf_lyrical_piano,7,1,1,0,1.0,0,0,0,1,ePF9CI5_0fc_fyTPFnboQQQ
exp_04,104,cf_upbeat_electronic,4,0,1,1,1.0,0,1,0,1,zMoTcF7GlmU_XDTYdw3X8JI
exp_04,104,cf_lyrical_piano,3,0,1,1,0.6667,0,1,0,1,zMoTcF7GlmU_XDTYdw3X8JI
exp_04,123,cf_upbeat_electronic,4,0,1,1,0.8333,0,1,0,1,FBgvb5Dl0oo_JkzTbiDw57M
exp_04,123,cf_lyrical_piano,8,-2,1,1,1.0,0,1,0,1,FBgvb5Dl0oo_JkzTbiDw57M
exp_04,166,cf_upbeat_electronic,3,0,1,1,0.8,1,1,0,1,QKvUGxF7qzA_scdO5HE8so4
exp_04,166,cf_lyrical_piano,0,-2,0,0,,1,0,1,1,QKvUGxF7qzA_scdO5HE8so4
exp_04,215,cf_upbeat_electronic,1,0,1,1,0.8333,1,1,0,1,xNrRR9abIS0_KzubQxXVQ9s
exp_04,215,cf_lyrical_piano,11,-5,1,1,1.0,1,0,1,1,xNrRR9abIS0_KzubQxXVQ9s
exp_04,256,cf_upbeat_electronic,4,0,1,1,1.0,0,1,0,1,WunV3WJNbYE_ey5aMPntsYk
exp_04,256,cf_lyrical_piano,9,-1,1,1,1.0,0,1,0,1,WunV3WJNbYE_ey5aMPntsYk
exp_04,261,cf_upbeat_electronic,1,0,1,1,0.0,0,0,0,1,9EnOsXXK1Co_EbArGEbYA1s
exp_04,261,cf_lyrical_piano,0,0,0,0,,0,0,0,1,9EnOsXXK1Co_EbArGEbYA1s
exp_04,307,cf_upbeat_electronic,8,0,1,1,0.6667,0,1,0,1,aOCawlHTP8U_9cEVEXS2btk
exp_04,307,cf_lyrical_piano,3,0,1,1,0.6667,0,1,0,1,aOCawlHTP8U_9cEVEXS2btk
exp_04,310,cf_upbeat_electronic,1,0,1,1,1.0,1,1,0,1,UZwd986KVeM_RnXvWWCxOqE
exp_04,310,cf_lyrical_piano,9,-5,1,1,1.0,1,1,0,1,UZwd986KVeM_RnXvWWCxOqE
exp_04,313,cf_upbeat_electronic,4,0,1,1,0.5,1,1,0,1,Z7m4rr9QiZQ_h18K_JnUi4Q
exp_04,313,cf_lyrical_piano,0,0,0,0,,1,1,0,1,Z7m4rr9QiZQ_h18K_JnUi4Q
exp_04,323,cf_upbeat_electronic,3,0,1,1,0.625,0,0,0,1,6Y_hv6OsVds_iU_wozLCUUM
exp_04,323,cf_lyrical_piano,0,-5,0,0,,0,0,0,1,6Y_hv6OsVds_iU_wozLCUUM
exp_04,326,cf_upbeat_electronic,2,0,1,1,0.6,0,0,0,1,tLiT2biXrE0_tu-n5fUfjc4
exp_04,326,cf_lyrical_piano,3,-2,1,1,0.6667,0,0,0,1,tLiT2biXrE0_tu-n5fUfjc4
exp_04,348,cf_upbeat_electronic,3,0,1,1,0.6667,0,1,0,1,S9vw3TuUqi0_dFcvLRUtD2I
exp_04,348,cf_lyrical_piano,9,-1,1,1,1.0,0,1,0,1,S9vw3TuUqi0_dFcvLRUtD2I
exp_04,357,cf_upbeat_electronic,7,0,1,1,0.6364,1,1,0,1,AI47sOL0RO4_T63PjvdqgGQ
exp_04,357,cf_lyrical_piano,3,-3,1,1,0.6667,1,1,0,1,AI47sOL0RO4_T63PjvdqgGQ
exp_04,358,cf_upbeat_electronic,6,0,1,1,0.8571,0,0,0,1,48Ebe-oCMIQ_s2Odvz0uDyU
exp_04,358,cf_lyrical_piano,4,0,1,1,0.75,0,1,0,1,48Ebe-oCMIQ_s2Odvz0uDyU
exp_04,364,cf_upbeat_electronic,5,0,1,1,0.7143,1,1,0,1,XKMGhFjOoXg_Mbau7DWaexI
exp_04,364,cf_lyrical_piano,7,-2,1,1,1.0,1,1,0,1,XKMGhFjOoXg_Mbau7DWaexI
exp_04,410,cf_upbeat_electronic,5,0,1,1,0.6667,1,1,0,1,rklmqungfLI_f2WBpFDoAx0
exp_04,410,cf_lyrical_piano,3,1,1,0,1.0,1,1,0,1,rklmqungfLI_f2WBpFDoAx0
exp_04,412,cf_upbeat_electronic,6,0,1,1,0.625,0,1,0,1,BlVhWJpYwUI_4pC6XWkUmQw
exp_04,412,cf_lyrical_piano,9,-2,1,1,1.0,0,1,0,1,BlVhWJpYwUI_4pC6XWkUmQw
exp_04,448,cf_upbeat_electronic,2,0,1,1,0.4286,0,0,0,1,JUJ40Pm3UHQ_Pd6Z7qIiniI
exp_04,448,cf_lyrical_piano,9,-2,1,1,1.0,0,1,0,1,JUJ40Pm3UHQ_Pd6Z7qIiniI
exp_04,451,cf_upbeat_electronic,-4,0,0,0,0.6667,0,1,0,1,NkhOVpuDTYs_al2m-IPmf5o
exp_04,451,cf_lyrical_piano,0,-4,0,0,,0,0,0,1,NkhOVpuDTYs_al2m-IPmf5o
exp_04,457,cf_upbeat_electronic,3,0,1,1,0.7143,0,0,0,1,glThsEZuD2Y_ToZljXVGbFs
exp_04,457,cf_lyrical_piano,0,-4,0,0,,0,0,0,1,glThsEZuD2Y_ToZljXVGbFs
exp_04,512,cf_upbeat_electronic,7,0,1,1,1.0,0,0,0,1,6yDYgRWdOh8_7rTA6PdP_7g
exp_04,512,cf_lyrical_piano,10,0,1,1,0.9,0,0,0,1,6yDYgRWdOh8_7rTA6PdP_7g
exp_04,553,cf_upbeat_electronic,5,0,1,1,1.0,0,0,0,1,nYJlpPRKcGk__gVIVGoKxyw
exp_04,553,cf_lyrical_piano,12,-1,1,1,1.0,0,0,0,1,nYJlpPRKcGk__gVIVGoKxyw
exp_04,559,cf_upbeat_electronic,5,0,1,1,0.8889,1,1,0,1,as8flEM67N4_sX7IoKmjd5c
exp_04,559,cf_lyrical_piano,3,-3,1,1,1.0,1,1,0,1,as8flEM67N4_sX7IoKmjd5c
exp_04,562,cf_upbeat_electronic,4,0,1,1,0.6,0,1,0,1,Tl7ZXX6wbRE_rKoU3ekYQ-I
exp_04,562,cf_lyrical_piano,9,0,1,1,1.0,0,1,0,1,Tl7ZXX6wbRE_rKoU3ekYQ-I
exp_04,627,cf_upbeat_electronic,4,0,1,1,0.625,1,1,0,1,oU2oOq-Vrrg_E4EMKzpDQNA
exp_04,627,cf_lyrical_piano,5,-1,1,1,0.8,1,1,0,1,oU2oOq-Vrrg_E4EMKzpDQNA
exp_04,685,cf_upbeat_electronic,3,0,1,1,0.5,0,1,0,1,SSmTgwp15FQ_SH8esP19qww
exp_04,685,cf_lyrical_piano,8,-1,1,1,1.0,0,1,0,1,SSmTgwp15FQ_SH8esP19qww
exp_04,777,cf_upbeat_electronic,4,0,1,1,0.625,0,0,0,1,yK__-fGo_Ew_JAcEv35pGA0
exp_04,777,cf_lyrical_piano,4,-3,1,1,0.75,0,0,0,1,yK__-fGo_Ew_JAcEv35pGA0
exp_04,780,cf_upbeat_electronic,7,0,1,1,0.75,0,1,0,1,g6qLLFo3aBo_UzxzplIEWNU
exp_04,780,cf_lyrical_piano,5,0,1,1,0.8,0,1,0,1,g6qLLFo3aBo_UzxzplIEWNU
exp_04,781,cf_upbeat_electronic,2,0,1,1,0.5714,0,1,0,1,bqzAothNuZs_7Exf7LE_ef0
exp_04,781,cf_lyrical_piano,3,-4,1,1,1.0,0,1,0,1,bqzAothNuZs_7Exf7LE_ef0
exp_04,800,cf_upbeat_electronic,4,0,1,1,1.0,1,1,0,1,K_vX_WlDBGc__7dGOiHcYnk
exp_04,800,cf_lyrical_piano,8,0,1,1,1.0,1,1,0,1,K_vX_WlDBGc__7dGOiHcYnk
exp_04,806,cf_upbeat_electronic,5,0,1,1,1.0,1,1,0,1,bjAT4stJQnU_hQX8ZYEnlfQ
exp_04,806,cf_lyrical_piano,11,-1,1,1,1.0,1,0,1,1,bjAT4stJQnU_hQX8ZYEnlfQ
exp_04,839,cf_upbeat_electronic,3,0,1,1,0.7143,1,1,0,1,myYV5QPNZ4c_ugRL_q8IVhc
exp_04,839,cf_lyrical_piano,3,-3,1,1,0.6667,1,1,0,1,myYV5QPNZ4c_ugRL_q8IVhc
exp_04,863,cf_upbeat_electronic,4,0,1,1,0.5556,0,0,0,1,fhqPHsFXEDk_aBgzFGSgVxo
exp_04,863,cf_lyrical_piano,5,-1,1,1,0.8,0,0,0,1,fhqPHsFXEDk_aBgzFGSgVxo
exp_04,869,cf_upbeat_electronic,-1,0,0,0,0.75,0,0,0,1,2am-BU7R94w_-LnoJDMjnLw
exp_04,869,cf_lyrical_piano,0,-4,0,0,,0,0,0,1,2am-BU7R94w_-LnoJDMjnLw
exp_04,884,cf_upbeat_electronic,7,0,1,1,1.0,1,1,0,1,ebesijzBMrI_haCBCyMpgXo
exp_04,884,cf_lyrical_piano,9,0,1,1,1.0,1,1,0,1,ebesijzBMrI_haCBCyMpgXo
exp_04,889,cf_upbeat_electronic,3,0,1,1,1.0,0,0,0,1,oKRaZDk2rZg_11eWvA3E5qE
exp_04,889,cf_lyrical_piano,4,-2,1,1,0.75,0,0,0,1,oKRaZDk2rZg_11eWvA3E5qE
exp_04,910,cf_upbeat_electronic,0,0,0,0,0.625,0,0,0,1,4VBns9DlZQs_M0m236ePh8s
exp_04,910,cf_lyrical_piano,11,-8,1,1,0.9091,0,0,0,1,4VBns9DlZQs_M0m236ePh8s
exp_04,916,cf_upbeat_electronic,2,2,1,0,1.0,0,0,0,1,U9oXfZM7IAQ_zd-SkyAI6lk
exp_04,916,cf_lyrical_piano,9,1,1,0,1.0,0,1,0,1,U9oXfZM7IAQ_zd-SkyAI6lk
exp_04,1036,cf_upbeat_electronic,7,0,1,1,0.8571,0,1,0,1,HnrQrQYw9MQ_conGhaEoJQk
exp_04,1036,cf_lyrical_piano,6,1,1,0,1.0,0,1,0,1,HnrQrQYw9MQ_conGhaEoJQk
exp_04,1060,cf_upbeat_electronic,3,0,1,1,0.4286,1,1,0,1,D8B7F9T1eZM_z08BQP7eZX4
exp_04,1060,cf_lyrical_piano,8,-4,1,1,0.875,1,0,1,1,D8B7F9T1eZM_z08BQP7eZX4
exp_04,1083,cf_upbeat_electronic,4,0,1,1,0.625,0,1,0,1,fX9ycQz4xPM_xCQT9A2V3mQ
exp_04,1083,cf_lyrical_piano,3,-2,1,1,0.6667,0,1,0,1,fX9ycQz4xPM_xCQT9A2V3mQ
exp_04,1105,cf_upbeat_electronic,6,-1,1,1,1.0,0,0,0,1,g0iXoNpqYTg_3RPin0jEjH8
exp_04,1105,cf_lyrical_piano,8,0,1,1,1.0,0,0,0,1,g0iXoNpqYTg_3RPin0jEjH8
exp_04,1119,cf_upbeat_electronic,0,0,0,0,1.0,1,1,0,1,rZb8WsdW5eM_8l5B3peJABY
exp_04,1119,cf_lyrical_piano,5,0,1,1,1.0,1,1,0,1,rZb8WsdW5eM_8l5B3peJABY
exp_04,1136,cf_upbeat_electronic,4,0,1,1,0.6667,0,0,0,1,jcKhV6MO3F8__Xeku9QEDFE
exp_04,1136,cf_lyrical_piano,0,-2,0,0,,0,0,0,1,jcKhV6MO3F8__Xeku9QEDFE
exp_04,1207,cf_upbeat_electronic,3,0,1,1,0.6667,0,0,0,1,ItV4NVU0u6I_Ldq1rh8OYuc
exp_04,1207,cf_lyrical_piano,2,1,1,0,0.5,0,0,0,1,ItV4NVU0u6I_Ldq1rh8OYuc
exp_04,1210,cf_upbeat_electronic,4,0,1,1,0.8,0,0,0,1,bMXzqpLvHic_wWP3asMyaZY
exp_04,1210,cf_lyrical_piano,6,1,1,0,1.0,0,1,0,1,bMXzqpLvHic_wWP3asMyaZY
exp_04,1226,cf_upbeat_electronic,4,0,1,1,0.875,1,0,1,1,VBDoZ0Tu5CI_K29bp9zG0jA
exp_04,1226,cf_lyrical_piano,8,-4,1,1,0.875,1,0,1,1,VBDoZ0Tu5CI_K29bp9zG0jA
exp_04,1240,cf_upbeat_electronic,4,0,1,1,1.0,0,1,0,1,ChPSy_O-vqc_US-76F4d_l0
exp_04,1240,cf_lyrical_piano,7,-1,1,1,1.0,0,1,0,1,ChPSy_O-vqc_US-76F4d_l0
exp_04,1269,cf_upbeat_electronic,-1,0,0,0,,1,1,0,1,DukXfifJSrA_2GCm4cqhJ1I
exp_04,1269,cf_lyrical_piano,0,-1,0,0,,1,0,1,1,DukXfifJSrA_2GCm4cqhJ1I
exp_04,1311,cf_upbeat_electronic,4,-1,1,1,0.8,0,0,0,1,y9m3lC50srw_lmFkBpHhWUk
exp_04,1311,cf_lyrical_piano,6,0,1,1,1.0,0,0,0,1,y9m3lC50srw_lmFkBpHhWUk
exp_04,1322,cf_upbeat_electronic,6,0,1,1,0.5714,0,0,0,1,qZKCet3JOTc_YkS-Had1grQ
exp_04,1322,cf_lyrical_piano,7,0,1,1,1.0,0,1,0,1,qZKCet3JOTc_YkS-Had1grQ
exp_04,1333,cf_upbeat_electronic,3,0,1,1,0.4,0,1,0,1,mA7rZps14Zw_meaJ1m4zKGE
exp_04,1333,cf_lyrical_piano,2,-1,1,1,1.0,0,1,0,1,mA7rZps14Zw_meaJ1m4zKGE
exp_04,1395,cf_upbeat_electronic,8,0,1,1,0.6667,0,0,0,1,hoRiq6795R8_AmAAhdN5gEE
exp_04,1395,cf_lyrical_piano,3,0,1,1,1.0,0,1,0,1,hoRiq6795R8_AmAAhdN5gEE
exp_04,1401,cf_upbeat_electronic,5,0,1,1,0.8333,0,0,0,1,xFAtipCnkcU_fNvFCQfF50U
exp_04,1401,cf_lyrical_piano,7,0,1,1,1.0,0,1,0,1,xFAtipCnkcU_fNvFCQfF50U
exp_04,1434,cf_upbeat_electronic,5,0,1,1,0.6667,0,0,0,1,9Jd4824Xqog_9WMtMXzj9iY
exp_04,1434,cf_lyrical_piano,9,-4,1,1,1.0,0,0,0,1,9Jd4824Xqog_9WMtMXzj9iY
exp_04,1455,cf_upbeat_electronic,6,0,1,1,1.0,0,0,0,1,XXgtN7TA1V8_LqTg77a6R9I
exp_04,1455,cf_lyrical_piano,9,-1,1,1,1.0,0,0,0,1,XXgtN7TA1V8_LqTg77a6R9I
exp_04,1463,cf_upbeat_electronic,2,0,1,1,0.6667,0,0,0,1,vtf5Xfbn8Do_HH5ElSgJehQ
exp_04,1463,cf_lyrical_piano,7,0,1,1,1.0,0,1,0,1,vtf5Xfbn8Do_HH5ElSgJehQ
exp_04,1489,cf_upbeat_electronic,2,0,1,1,0.6,0,1,0,1,DOc8HbV8kQc_1awwMS1CJUM
exp_04,1489,cf_lyrical_piano,5,-2,1,1,1.0,0,1,0,1,DOc8HbV8kQc_1awwMS1CJUM
exp_04,1509,cf_upbeat_electronic,2,1,1,0,0.5,0,1,0,1,04Vmw8a2U28_O2ayBUoCCo0
exp_04,1509,cf_lyrical_piano,5,-2,1,1,0.8,0,1,0,1,04Vmw8a2U28_O2ayBUoCCo0
exp_04,1528,cf_upbeat_electronic,3,0,1,1,0.8571,1,1,0,1,3C7tLeDIZBU_-PoSD8i-5uo
exp_04,1528,cf_lyrical_piano,7,-2,1,1,1.0,1,1,0,1,3C7tLeDIZBU_-PoSD8i-5uo
exp_04,1566,cf_upbeat_electronic,5,0,1,1,0.5,1,1,0,1,CXKRC8Bfy0M_KJvt2xsg34s
exp_04,1566,cf_lyrical_piano,3,0,1,1,1.0,1,1,0,1,CXKRC8Bfy0M_KJvt2xsg34s
exp_04,1586,cf_upbeat_electronic,3,0,1,1,0.5,0,1,0,1,MCAC_K5WCrg_ANYiuQgLoJY
exp_04,1586,cf_lyrical_piano,3,-2,1,1,0.6667,0,1,0,1,MCAC_K5WCrg_ANYiuQgLoJY
exp_04,1596,cf_upbeat_electronic,3,0,1,1,0.625,1,1,0,1,jk6o2JBck3E_lu4R8ufjGZ0
exp_04,1596,cf_lyrical_piano,9,-2,1,1,1.0,1,1,0,1,jk6o2JBck3E_lu4R8ufjGZ0
exp_04,1601,cf_upbeat_electronic,1,0,1,1,0.5714,1,1,0,1,HV5jcK9zRbc_VJ9v2E5jrgA
exp_04,1601,cf_lyrical_piano,4,-3,1,1,0.75,1,1,0,1,HV5jcK9zRbc_VJ9v2E5jrgA
exp_04,1603,cf_upbeat_electronic,1,0,1,1,0.75,1,1,0,1,Fjdk5d0rHlo_cQidl_TkvsA
exp_04,1603,cf_lyrical_piano,5,-2,1,1,0.8,1,1,0,1,Fjdk5d0rHlo_cQidl_TkvsA
exp_04,1615,cf_upbeat_electronic,2,0,1,1,1.0,0,0,0,1,M7GS21LLo3o_znyeIK_Zsz0
exp_04,1615,cf_lyrical_piano,7,0,1,1,0.8571,0,0,0,1,M7GS21LLo3o_znyeIK_Zsz0
exp_04,1630,cf_upbeat_electronic,0,0,0,0,1.0,0,0,0,1,8QzA3iufSI8_jRa2Mnsb4WI
exp_04,1630,cf_lyrical_piano,8,-1,1,1,1.0,0,0,0,1,8QzA3iufSI8_jRa2Mnsb4WI
exp_04,1669,cf_upbeat_electronic,3,0,1,1,0.5,1,1,0,1,E8Drlvs80aw_U-0330SCx9g
exp_04,1669,cf_lyrical_piano,3,-2,1,1,0.6667,1,1,0,1,E8Drlvs80aw_U-0330SCx9g
exp_04,1679,cf_upbeat_electronic,4,0,1,1,0.6667,0,0,0,1,iMnsatFl10I_Zm0T25MLCWQ
exp_04,1679,cf_lyrical_piano,6,1,1,0,1.0,0,0,0,1,iMnsatFl10I_Zm0T25MLCWQ
exp_04,1685,cf_upbeat_electronic,4,0,1,1,0.375,0,1,0,1,ISApvaAI7Xk_xk2UwdugyPI
exp_04,1685,cf_lyrical_piano,9,-4,1,1,1.0,0,0,0,1,ISApvaAI7Xk_xk2UwdugyPI
exp_04,1689,cf_upbeat_electronic,4,0,1,1,0.6667,1,1,0,1,SCJrvPr92u4_-ey67-zHusQ
exp_04,1689,cf_lyrical_piano,9,0,1,1,1.0,1,1,0,1,SCJrvPr92u4_-ey67-zHusQ
exp_04,1698,cf_upbeat_electronic,4,0,1,1,0.8333,0,1,0,1,yhEW84knzR4_SbYMKpcX-Vo
exp_04,1698,cf_lyrical_piano,5,-1,1,1,0.6,0,1,0,1,yhEW84knzR4_SbYMKpcX-Vo
exp_04,1713,cf_upbeat_electronic,8,0,1,1,0.6667,0,0,0,1,cqldWrJydDU_mz3oIBUYluA
exp_04,1713,cf_lyrical_piano,3,-1,1,1,0.6667,0,1,0,1,cqldWrJydDU_mz3oIBUYluA
exp_04,1753,cf_upbeat_electronic,7,0,1,1,0.6667,1,1,0,1,8xjWi4d5Ju8_3223oWmr0pw
exp_04,1753,cf_lyrical_piano,1,-1,1,1,1.0,1,1,0,1,8xjWi4d5Ju8_3223oWmr0pw
exp_04,1801,cf_upbeat_electronic,2,0,1,1,1.0,0,0,0,1,cAOK-b5aWpU_hXNeu-H3Tog
exp_04,1801,cf_lyrical_piano,2,-3,1,1,1.0,0,0,0,1,cAOK-b5aWpU_hXNeu-H3Tog
exp_04,1835,cf_upbeat_electronic,4,0,1,1,1.0,0,0,0,1,IesITVEVDzU_74jEqQczxGc
exp_04,1835,cf_lyrical_piano,3,-2,1,1,0.6667,0,0,0,1,IesITVEVDzU_74jEqQczxGc
exp_04,1861,cf_upbeat_electronic,7,0,1,1,0.7778,1,1,0,1,PZ2gTnTSw7U_aCmZWeBtTDs
exp_04,1861,cf_lyrical_piano,0,1,0,0,,1,1,0,1,PZ2gTnTSw7U_aCmZWeBtTDs
exp_04,1896,cf_upbeat_electronic,2,0,1,1,0.7143,0,0,0,1,zT4oLpN-d48_1LTNxxptCkE
exp_04,1896,cf_lyrical_piano,5,-3,1,1,0.6,0,0,0,1,zT4oLpN-d48_1LTNxxptCkE
exp_04,1897,cf_upbeat_electronic,2,1,1,0,0.4286,0,1,0,1,bTOju_n8BJ4_ym5bIhHJvM4
exp_04,1897,cf_lyrical_piano,9,-5,1,1,1.0,0,1,0,1,bTOju_n8BJ4_ym5bIhHJvM4
exp_04,1919,cf_upbeat_electronic,7,0,1,1,0.5714,0,0,0,1,B8HJHN-aIvE_rzUdJIPS3ho
exp_04,1919,cf_lyrical_piano,8,1,1,0,1.0,0,0,0,1,B8HJHN-aIvE_rzUdJIPS3ho
exp_04,1950,cf_upbeat_electronic,2,-1,1,1,0.75,1,0,1,1,yoSObfeinFM_uJDm13pFDZE
exp_04,1950,cf_lyrical_piano,6,-1,1,1,1.0,1,1,0,1,yoSObfeinFM_uJDm13pFDZE
exp_04,2011,cf_upbeat_electronic,-1,0,0,0,0.7143,0,0,0,1,AyRo97QYbnI_lr-7lar7IAk
exp_04,2011,cf_lyrical_piano,0,-8,0,0,,0,0,0,1,AyRo97QYbnI_lr-7lar7IAk
exp_04,2014,cf_upbeat_electronic,5,0,1,1,0.7143,1,1,0,1,3t8sLQEPY0o_aoGA3sc0aMA
exp_04,2014,cf_lyrical_piano,0,-2,0,0,,1,0,1,1,3t8sLQEPY0o_aoGA3sc0aMA
exp_04,2058,cf_upbeat_electronic,7,0,1,1,0.75,0,0,0,1,RfG061PIazk_lIDWbCDR4zs
exp_04,2058,cf_lyrical_piano,9,-1,1,1,1.0,0,1,0,1,RfG061PIazk_lIDWbCDR4zs
exp_04,2060,cf_upbeat_electronic,4,0,1,1,0.8571,0,0,0,1,-IUgd4uCUY0_Mu6TO4w-bAc
exp_04,2060,cf_lyrical_piano,0,-3,0,0,,0,0,0,1,-IUgd4uCUY0_Mu6TO4w-bAc
exp_04,2072,cf_upbeat_electronic,-1,0,0,0,1.0,0,0,0,1,boxX2HgnrBc_ZSQ15En9syM
exp_04,2072,cf_lyrical_piano,8,-8,1,1,0.75,0,0,0,1,boxX2HgnrBc_ZSQ15En9syM
exp_04,2088,cf_upbeat_electronic,4,0,1,1,0.75,1,0,1,1,Nbc_Whvg7vY_snmIy6pOv4Q
exp_04,2088,cf_lyrical_piano,4,0,1,1,0.75,1,1,0,1,Nbc_Whvg7vY_snmIy6pOv4Q
exp_04,2116,cf_upbeat_electronic,0,0,0,0,0.6667,0,0,0,1,gZ4g2c5vZec_-c_1948S2sA
exp_04,2116,cf_lyrical_piano,9,-4,1,1,1.0,0,0,0,1,gZ4g2c5vZec_-c_1948S2sA
exp_04,2172,cf_upbeat_electronic,3,0,1,1,0.8,0,1,0,1,Hw8xcOo1QEk_i3lH-Ys9JQs
exp_04,2172,cf_lyrical_piano,8,-1,1,1,0.875,0,1,0,1,Hw8xcOo1QEk_i3lH-Ys9JQs
exp_04,2176,cf_upbeat_electronic,7,0,1,1,0.625,0,0,0,1,vA7tgjBLKwI_y38LzsbOAVY
exp_04,2176,cf_lyrical_piano,9,-1,1,1,1.0,0,1,0,1,vA7tgjBLKwI_y38LzsbOAVY
exp_04,2216,cf_upbeat_electronic,4,0,1,1,0.6,0,0,0,1,T-klloAJHxo_pf47jikWHUA
exp_04,2216,cf_lyrical_piano,4,0,1,1,0.75,0,1,0,1,T-klloAJHxo_pf47jikWHUA
exp_04,2223,cf_upbeat_electronic,5,0,1,1,0.5714,0,0,0,1,pja_MNStZtw_YiPxxZ26Y0M
exp_04,2223,cf_lyrical_piano,9,1,1,0,1.0,0,0,0,1,pja_MNStZtw_YiPxxZ26Y0M
exp_04,2233,cf_upbeat_electronic,4,0,1,1,0.6,0,0,0,1,bZoYYIslJUU_lS16wHO4z9Y
exp_04,2233,cf_lyrical_piano,7,-5,1,1,1.0,0,0,0,1,bZoYYIslJUU_lS16wHO4z9Y
exp_04,2242,cf_upbeat_electronic,1,0,1,1,0.6667,0,0,0,1,KwsABC9OZ_I_aldk6zSsAUA
exp_04,2242,cf_lyrical_piano,9,-3,1,1,1.0,0,0,0,1,KwsABC9OZ_I_aldk6zSsAUA
exp_04,2254,cf_upbeat_electronic,5,0,1,1,0.8333,0,1,0,1,RBFJApoCvA8_bbsUoN01-Bo
exp_04,2254,cf_lyrical_piano,3,0,1,1,0.6667,0,1,0,1,RBFJApoCvA8_bbsUoN01-Bo
exp_04,2316,cf_upbeat_electronic,4,0,1,1,1.0,1,1,0,1,VNLiZGttLMw_-UhdEbLBIxw
exp_04,2316,cf_lyrical_piano,9,-2,1,1,1.0,1,1,0,1,VNLiZGttLMw_-UhdEbLBIxw
exp_04,2322,cf_upbeat_electronic,0,1,0,0,1.0,1,1,0,1,S80Hk04QQpk_jLyNyUPlvhg
exp_04,2322,cf_lyrical_piano,7,0,1,1,1.0,1,1,0,1,S80Hk04QQpk_jLyNyUPlvhg
exp_04,2325,cf_upbeat_electronic,3,0,1,1,1.0,1,1,0,1,K7TyqH5pE1w_Vj8jWowlph8
exp_04,2325,cf_lyrical_piano,5,-4,1,1,0.6,1,1,0,1,K7TyqH5pE1w_Vj8jWowlph8
exp_04,2334,cf_upbeat_electronic,4,0,1,1,0.8571,0,1,0,1,L8y47ypui5o_kynUSL8fr_4
exp_04,2334,cf_lyrical_piano,7,-2,1,1,1.0,0,1,0,1,L8y47ypui5o_kynUSL8fr_4
exp_04,2368,cf_upbeat_electronic,4,0,1,1,0.7143,0,0,0,1,fr-e74sG60E_j19n72eMZik
exp_04,2368,cf_lyrical_piano,9,-3,1,1,1.0,0,0,0,1,fr-e74sG60E_j19n72eMZik
exp_04,2378,cf_upbeat_electronic,2,0,1,1,1.0,0,1,0,1,VdJMxQQ_VlU_m6NT3C1D0rI
exp_04,2378,cf_lyrical_piano,0,-3,0,0,,0,0,0,1,VdJMxQQ_VlU_m6NT3C1D0rI
exp_04,2446,cf_upbeat_electronic,3,0,1,1,1.0,0,1,0,1,wWCZ65xE-7c_mLg_eN8JPzo
exp_04,2446,cf_lyrical_piano,3,1,1,0,1.0,0,0,0,1,wWCZ65xE-7c_mLg_eN8JPzo
exp_04,2449,cf_upbeat_electronic,1,0,1,1,1.0,1,0,1,1,KKz4Md5bKEM_5DmFifr6Lw8
exp_04,2449,cf_lyrical_piano,0,0,0,0,,1,0,1,1,KKz4Md5bKEM_5DmFifr6Lw8
exp_04,2455,cf_upbeat_electronic,7,0,1,1,0.5556,1,1,0,1,YU4a8dbMPoM_-9qMmS5Cgl4
exp_04,2455,cf_lyrical_piano,10,-2,1,1,1.0,1,0,1,1,YU4a8dbMPoM_-9qMmS5Cgl4
exp_04,2491,cf_upbeat_electronic,4,0,1,1,0.8,0,0,0,1,yA8L89Zft68_sHgYmDt9Vss
exp_04,2491,cf_lyrical_piano,2,0,1,1,1.0,0,0,0,1,yA8L89Zft68_sHgYmDt9Vss
exp_04,2555,cf_upbeat_electronic,9,0,1,1,0.6364,0,0,0,1,n0OognRALag_jA9wzl1C054
exp_04,2555,cf_lyrical_piano,5,-2,1,1,0.8,0,1,0,1,n0OognRALag_jA9wzl1C054
exp_04,2609,cf_upbeat_electronic,6,0,1,1,0.8571,1,1,0,1,iwxzc2MlkRg_UB7-5vH_veA
exp_04,2609,cf_lyrical_piano,9,0,1,1,1.0,1,1,0,1,iwxzc2MlkRg_UB7-5vH_veA
exp_04,2627,cf_upbeat_electronic,3,0,1,1,0.6667,1,1,0,1,62bH3EVlBjU_SuMhOxRXiJc
exp_04,2627,cf_lyrical_piano,3,-1,1,1,0.6667,1,1,0,1,62bH3EVlBjU_SuMhOxRXiJc
exp_04,2639,cf_upbeat_electronic,6,0,1,1,0.7143,0,1,0,1,o7VqntJGrIw_aJANsPCILB4
exp_04,2639,cf_lyrical_piano,2,-1,1,1,1.0,0,1,0,1,o7VqntJGrIw_aJANsPCILB4
exp_04,2648,cf_upbeat_electronic,5,0,1,1,0.8889,0,1,0,1,ZGmRwFZVEj0_07dPZ2QmEKQ
exp_04,2648,cf_lyrical_piano,9,-4,1,1,1.0,0,1,0,1,ZGmRwFZVEj0_07dPZ2QmEKQ
exp_04,2650,cf_upbeat_electronic,3,0,1,1,0.8889,1,1,0,1,-iN8xGM-16A_gQZ_Q7Kd3no
exp_04,2650,cf_lyrical_piano,9,-4,1,1,1.0,1,1,0,1,-iN8xGM-16A_gQZ_Q7Kd3no
exp_04,2658,cf_upbeat_electronic,3,0,1,1,0.6667,0,1,0,1,vIaH35-MLsk_SGEzNs5dArw
exp_04,2658,cf_lyrical_piano,8,-3,1,1,0.75,0,0,0,1,vIaH35-MLsk_SGEzNs5dArw
exp_04,2673,cf_upbeat_electronic,4,0,1,1,0.8,0,0,0,1,6y-Zcx_4Xyg_lDchd4cGTwc
exp_04,2673,cf_lyrical_piano,5,0,1,1,0.8,0,1,0,1,6y-Zcx_4Xyg_lDchd4cGTwc
exp_04,2682,cf_upbeat_electronic,7,0,1,1,0.75,1,1,0,1,CkqlRC7i4Kg_55i14OoA4rQ
exp_04,2682,cf_lyrical_piano,5,-1,1,1,0.8,1,1,0,1,CkqlRC7i4Kg_55i14OoA4rQ
exp_04,2688,cf_upbeat_electronic,0,0,0,0,0.5,0,0,0,1,1QyWsakwMJA_lvzQG71wklw
exp_04,2688,cf_lyrical_piano,9,-4,1,1,1.0,0,0,0,1,1QyWsakwMJA_lvzQG71wklw
exp_04,2711,cf_upbeat_electronic,6,0,1,1,0.4286,0,1,0,1,AyULWaSTo5w_BjWS_KFQfno
exp_04,2711,cf_lyrical_piano,7,0,1,1,1.0,0,1,0,1,AyULWaSTo5w_BjWS_KFQfno
exp_04,2742,cf_upbeat_electronic,2,0,1,1,0.625,0,1,0,1,hvcLNpKs1hk_0hl8fH7zeJM
exp_04,2742,cf_lyrical_piano,0,0,0,0,,0,0,0,1,hvcLNpKs1hk_0hl8fH7zeJM
exp_04,2748,cf_upbeat_electronic,4,0,1,1,0.75,1,1,0,1,d5WTrglkHKc_2ELIdD_qpAQ
exp_04,2748,cf_lyrical_piano,5,-2,1,1,0.8,1,1,0,1,d5WTrglkHKc_2ELIdD_qpAQ
exp_04,2749,cf_upbeat_electronic,2,-1,1,1,0.6667,1,0,1,1,zGEmF3Mj7dY_mmr9I60GWnw
exp_04,2749,cf_lyrical_piano,7,0,1,1,1.0,1,1,0,1,zGEmF3Mj7dY_mmr9I60GWnw
exp_04,2769,cf_upbeat_electronic,5,0,1,1,0.6,0,0,0,1,mT1S0yHf8to_l-i53lNClN8
exp_04,2769,cf_lyrical_piano,8,1,1,0,1.0,0,0,0,1,mT1S0yHf8to_l-i53lNClN8
exp_04,2786,cf_upbeat_electronic,7,0,1,1,0.5714,1,1,0,1,PTVlbhZBOqA_dz_0TGTKutg
exp_04,2786,cf_lyrical_piano,4,1,1,0,1.0,1,1,0,1,PTVlbhZBOqA_dz_0TGTKutg
exp_04,2798,cf_upbeat_electronic,3,0,1,1,1.0,1,1,0,1,fsmxoH9VsEE_nl4LjNQHPFc
exp_04,2798,cf_lyrical_piano,0,-2,0,0,,1,1,0,1,fsmxoH9VsEE_nl4LjNQHPFc
exp_04,2813,cf_upbeat_electronic,4,0,1,1,0.8,1,0,1,1,6F7PrknFP1E_8Xa7jPsfDDQ
exp_04,2813,cf_lyrical_piano,0,-1,0,0,,1,0,1,1,6F7PrknFP1E_8Xa7jPsfDDQ
exp_04,2819,cf_upbeat_electronic,5,0,1,1,0.7143,1,1,0,1,2dBVyOWIP2A__S68aCzDktI
exp_04,2819,cf_lyrical_piano,5,-2,1,1,0.8,1,0,1,1,2dBVyOWIP2A__S68aCzDktI
exp_04,2834,cf_upbeat_electronic,3,1,1,0,0.5,1,1,0,1,Hukr3h3y1JY_pgFpMp5zHDk
exp_04,2834,cf_lyrical_piano,9,-1,1,1,1.0,1,1,0,1,Hukr3h3y1JY_pgFpMp5zHDk
exp_04,2842,cf_upbeat_electronic,4,-1,1,1,0.75,0,0,0,1,h-EjTncQRbg_G6Lx2Z2BFJA
exp_04,2842,cf_lyrical_piano,-1,2,0,0,,0,0,0,1,h-EjTncQRbg_G6Lx2Z2BFJA
exp_04,2850,cf_upbeat_electronic,2,0,1,1,0.6667,1,1,0,1,PpteI6jC6cw_mHwsOnyHO5o
exp_04,2850,cf_lyrical_piano,6,0,1,1,1.0,1,1,0,1,PpteI6jC6cw_mHwsOnyHO5o
exp_04,2882,cf_upbeat_electronic,0,1,0,0,1.0,0,0,0,1,NI_SQ0NiUv0_Z5MSxlsRZgs
exp_04,2882,cf_lyrical_piano,6,0,1,1,1.0,0,1,0,1,NI_SQ0NiUv0_Z5MSxlsRZgs
exp_04,2896,cf_upbeat_electronic,-1,0,0,0,,1,0,1,1,GLx4louounQ_yTm0bpiKD8Q
exp_04,2896,cf_lyrical_piano,0,-1,0,0,,1,0,1,1,GLx4louounQ_yTm0bpiKD8Q
exp_04,2897,cf_upbeat_electronic,0,0,0,0,1.0,0,1,0,1,zaDti6E5gl0_a9UhWisbwR0
exp_04,2897,cf_lyrical_piano,7,-4,1,1,0.7143,0,0,0,1,zaDti6E5gl0_a9UhWisbwR0
exp_04,2921,cf_upbeat_electronic,1,-1,1,1,1.0,1,1,0,1,u_zXJNChISs_A_f5bbd7TaI
exp_04,2921,cf_lyrical_piano,7,1,1,0,1.0,1,1,0,1,u_zXJNChISs_A_f5bbd7TaI
exp_04,2926,cf_upbeat_electronic,7,0,1,1,1.0,1,1,0,1,t_DEpHCTR6k_Ar5KROYxrI4
exp_04,2926,cf_lyrical_piano,9,-1,1,1,1.0,1,1,0,1,t_DEpHCTR6k_Ar5KROYxrI4
exp_04,3003,cf_upbeat_electronic,3,0,1,1,0.7143,0,0,0,1,eL5UtKHXOmg_nW1HyRWk3Po
exp_04,3003,cf_lyrical_piano,9,-4,1,1,1.0,0,0,0,1,eL5UtKHXOmg_nW1HyRWk3Po
exp_04,3015,cf_upbeat_electronic,4,0,1,1,0.7,0,0,0,1,8ahhCMtI6JY_3VGSZvtzw_A
exp_04,3015,cf_lyrical_piano,6,-5,1,1,0.6667,0,0,0,1,8ahhCMtI6JY_3VGSZvtzw_A
exp_04,3021,cf_upbeat_electronic,3,0,1,1,0.6667,1,1,0,1,oCV9U-tP7Iw_Pl2pBVt4mh0
exp_04,3021,cf_lyrical_piano,9,-2,1,1,1.0,1,1,0,1,oCV9U-tP7Iw_Pl2pBVt4mh0
exp_04,3030,cf_upbeat_electronic,4,0,1,1,1.0,1,1,0,1,v2KsttElBEU_kzEKUKDPWUs
exp_04,3030,cf_lyrical_piano,5,0,1,1,0.8,1,1,0,1,v2KsttElBEU_kzEKUKDPWUs
exp_04,3048,cf_upbeat_electronic,3,0,1,1,1.0,0,0,0,1,UP_45Fd8TNs_om5VNjkXxHY
exp_04,3048,cf_lyrical_piano,5,-2,1,1,0.6,0,0,0,1,UP_45Fd8TNs_om5VNjkXxHY
exp_04,3052,cf_upbeat_electronic,4,-1,1,1,1.0,0,1,0,1,YwW7R9oQ8Z4_cakHbZlc4aw
exp_04,3052,cf_lyrical_piano,8,-1,1,1,1.0,0,1,0,1,YwW7R9oQ8Z4_cakHbZlc4aw
exp_04,3059,cf_upbeat_electronic,4,0,1,1,1.0,0,0,0,1,ReWzeILttoY_UKzkpkHNeN0
exp_04,3059,cf_lyrical_piano,1,-2,1,1,1.0,0,0,0,1,ReWzeILttoY_UKzkpkHNeN0
exp_04,3094,cf_upbeat_electronic,2,0,1,1,0.5,0,1,0,1,H2pjord3Ueg_aCmZWeBtTDs
exp_04,3094,cf_lyrical_piano,0,-2,0,0,,0,1,0,1,H2pjord3Ueg_aCmZWeBtTDs
exp_04,3106,cf_upbeat_electronic,6,0,1,1,1.0,1,1,0,1,UhovZ7DbiFA_SwZOZBJDMUU
exp_04,3106,cf_lyrical_piano,3,0,1,1,0.6667,1,1,0,1,UhovZ7DbiFA_SwZOZBJDMUU
exp_04,3121,cf_upbeat_electronic,5,0,1,1,1.0,0,0,0,1,DjQbhaM1HsQ_XNQ5IJ6FjQQ
exp_04,3121,cf_lyrical_piano,3,0,1,1,0.6667,0,0,0,1,DjQbhaM1HsQ_XNQ5IJ6FjQQ
exp_04,3126,cf_upbeat_electronic,7,0,1,1,0.6667,0,0,0,1,dkI_4At4TI4_AmpjMHhOlEk
exp_04,3126,cf_lyrical_piano,9,-1,1,1,1.0,0,0,0,1,dkI_4At4TI4_AmpjMHhOlEk
exp_04,3129,cf_upbeat_electronic,0,1,0,0,1.0,0,1,0,1,FlyNmLKmots_bvJFKKckbQU
exp_04,3129,cf_lyrical_piano,8,-1,1,1,1.0,0,1,0,1,FlyNmLKmots_bvJFKKckbQU
exp_04,3135,cf_upbeat_electronic,2,0,1,1,0.5714,0,0,0,1,5Sh12AIUAm8_TXNGV1C73EM
exp_04,3135,cf_lyrical_piano,7,-4,1,1,1.0,0,1,0,1,5Sh12AIUAm8_TXNGV1C73EM
exp_04,3170,cf_upbeat_electronic,5,0,1,1,0.5556,0,0,0,1,IpmaSjVtu0s_zUY1PwmgYQk
exp_04,3170,cf_lyrical_piano,5,0,1,1,0.8,0,0,0,1,IpmaSjVtu0s_zUY1PwmgYQk
exp_04,3225,cf_upbeat_electronic,-3,0,0,0,,0,0,0,1,1xR0sETlRUk_0i-rMcRQ7No
exp_04,3225,cf_lyrical_piano,0,-3,0,0,,0,0,0,1,1xR0sETlRUk_0i-rMcRQ7No
exp_04,3243,cf_upbeat_electronic,0,0,0,0,0.6667,1,1,0,1,avsAdXlRuhM_JaqRsPHA-7s
exp_04,3243,cf_lyrical_piano,7,-5,1,1,1.0,1,1,0,1,avsAdXlRuhM_JaqRsPHA-7s
exp_04,3256,cf_upbeat_electronic,3,0,1,1,0.5714,0,0,0,1,fe6kQztLiYM_yhXIF0H0oBs
exp_04,3256,cf_lyrical_piano,3,-2,1,1,0.6667,0,0,0,1,fe6kQztLiYM_yhXIF0H0oBs
exp_04,3271,cf_upbeat_electronic,6,0,1,1,0.5714,0,1,0,1,g3PP7sMm97E_mULTg66ChTE
exp_04,3271,cf_lyrical_piano,3,0,1,1,0.6667,0,1,0,1,g3PP7sMm97E_mULTg66ChTE
exp_04,3290,cf_upbeat_electronic,6,-1,1,1,0.5714,1,1,0,1,6fAbkc0sdtA_3L1cePInKU8
exp_04,3290,cf_lyrical_piano,3,-1,1,1,0.5,1,1,0,1,6fAbkc0sdtA_3L1cePInKU8
exp_04,3300,cf_upbeat_electronic,8,-1,1,1,0.5,0,0,0,1,BI_KLqnQibA_HHBx6OG1HUE
exp_04,3300,cf_lyrical_piano,2,1,1,0,0.3333,0,0,0,1,BI_KLqnQibA_HHBx6OG1HUE
exp_04,3317,cf_upbeat_electronic,6,0,1,1,1.0,0,1,0,1,ualwCoJsBgQ_xs4otzLcvik
exp_04,3317,cf_lyrical_piano,9,0,1,1,1.0,0,1,0,1,ualwCoJsBgQ_xs4otzLcvik
exp_04,3346,cf_upbeat_electronic,4,0,1,1,0.8333,0,0,0,1,Zt9geSbUS78_tL5W-_qyDmQ
exp_04,3346,cf_lyrical_piano,9,-2,1,1,1.0,0,0,0,1,Zt9geSbUS78_tL5W-_qyDmQ
exp_04,3362,cf_upbeat_electronic,6,0,1,1,0.5,1,1,0,1,rbEk8_g5a5M_-ey67-zHusQ
exp_04,3362,cf_lyrical_piano,3,0,1,1,0.6667,1,1,0,1,rbEk8_g5a5M_-ey67-zHusQ
exp_04,3365,cf_upbeat_electronic,4,0,1,1,0.6,1,1,0,1,M8_C2xSssmk_WyqfSdNsI0U
exp_04,3365,cf_lyrical_piano,5,0,1,1,1.0,1,1,0,1,M8_C2xSssmk_WyqfSdNsI0U
exp_04,3381,cf_upbeat_electronic,0,0,0,0,1.0,0,0,0,1,p21sm9oLbeE_5epT4GEfoOE
exp_04,3381,cf_lyrical_piano,8,-1,1,1,1.0,0,0,0,1,p21sm9oLbeE_5epT4GEfoOE
exp_04,3414,cf_upbeat_electronic,2,0,1,1,0.75,1,1,0,1,79JpTg7L-1Y_guyTMxG8bk0
exp_04,3414,cf_lyrical_piano,0,-2,0,0,,1,0,1,1,79JpTg7L-1Y_guyTMxG8bk0
exp_04,3454,cf_upbeat_electronic,4,0,1,1,0.75,0,0,0,1,62Aeznn_5uc_mkF-PxDYA9w
exp_04,3454,cf_lyrical_piano,3,0,1,1,1.0,0,0,0,1,62Aeznn_5uc_mkF-PxDYA9w
exp_04,3463,cf_upbeat_electronic,6,0,1,1,0.7,1,1,0,1,hX64Zu6rTcU_PZGWD43Es-M
exp_04,3463,cf_lyrical_piano,9,-4,1,1,1.0,1,1,0,1,hX64Zu6rTcU_PZGWD43Es-M
exp_04,3471,cf_upbeat_electronic,4,0,1,1,0.6667,1,0,1,1,l67LyUQmaFc_1RMgeu7NCjI
exp_04,3471,cf_lyrical_piano,0,-5,0,0,,1,0,1,1,l67LyUQmaFc_1RMgeu7NCjI
exp_04,3494,cf_upbeat_electronic,4,0,1,1,0.8333,0,1,0,1,2lMzGCK0hp8_T6hn4MMGVbU
exp_04,3494,cf_lyrical_piano,0,-2,0,0,,0,0,0,1,2lMzGCK0hp8_T6hn4MMGVbU
exp_04,3506,cf_upbeat_electronic,2,0,1,1,1.0,0,1,0,1,rklsh61BD28_zzGbCVHBYtM
exp_04,3506,cf_lyrical_piano,9,-1,1,1,1.0,0,0,0,1,rklsh61BD28_zzGbCVHBYtM
exp_04,3514,cf_upbeat_electronic,10,0,1,1,0.9091,1,1,0,1,nuIRDrsFp9U_iWV5ZVZ09Gk
exp_04,3514,cf_lyrical_piano,4,0,1,1,0.75,1,1,0,1,nuIRDrsFp9U_iWV5ZVZ09Gk
exp_04,3515,cf_upbeat_electronic,1,0,1,1,0.5714,0,1,0,1,oG6qtjvjrdI_MjAvrNX4JPo
exp_04,3515,cf_lyrical_piano,9,-3,1,1,1.0,0,0,0,1,oG6qtjvjrdI_MjAvrNX4JPo
exp_04,3563,cf_upbeat_electronic,5,0,1,1,0.8333,0,0,0,1,SMaYq7N7WQc_XR6b5xjTPJA
exp_04,3563,cf_lyrical_piano,0,-1,0,0,,0,0,0,1,SMaYq7N7WQc_XR6b5xjTPJA
exp_04,3565,cf_upbeat_electronic,8,0,1,1,0.7,1,1,0,1,hg7j1tFtFVQ_bvJFKKckbQU
exp_04,3565,cf_lyrical_piano,5,0,1,1,0.8,1,1,0,1,hg7j1tFtFVQ_bvJFKKckbQU
exp_04,3587,cf_upbeat_electronic,2,0,1,1,1.0,0,0,0,1,K7KMRBoqQUg_P56SorCCSmI
exp_04,3587,cf_lyrical_piano,9,-3,1,1,1.0,0,0,0,1,K7KMRBoqQUg_P56SorCCSmI
exp_04,3601,cf_upbeat_electronic,7,0,1,1,0.875,1,1,0,1,BiYSq-EixNk_zVaXHQhVXhQ
exp_04,3601,cf_lyrical_piano,7,0,1,1,1.0,1,1,0,1,BiYSq-EixNk_zVaXHQhVXhQ
exp_04,3603,cf_upbeat_electronic,6,0,1,1,0.8333,0,1,0,1,DSIf2qIdROc_69GtOx7G13E
exp_04,3603,cf_lyrical_piano,3,0,1,1,0.6667,0,1,0,1,DSIf2qIdROc_69GtOx7G13E
exp_04,3605,cf_upbeat_electronic,3,0,1,1,0.6,0,1,0,1,EWsSCph1Aco_5_EwhF3uhLw
exp_04,3605,cf_lyrical_piano,7,-1,1,1,1.0,0,1,0,1,EWsSCph1Aco_5_EwhF3uhLw
exp_04,3635,cf_upbeat_electronic,2,0,1,1,0.8333,0,1,0,1,5-TWTHpHEwI_llU5shMHJD4
exp_04,3635,cf_lyrical_piano,9,-4,1,1,1.0,0,0,0,1,5-TWTHpHEwI_llU5shMHJD4
exp_04,3645,cf_upbeat_electronic,4,0,1,1,0.625,1,1,0,1,fpPHM9g7doo_gXmN3m7GpEk
exp_04,3645,cf_lyrical_piano,9,-4,1,1,1.0,1,1,0,1,fpPHM9g7doo_gXmN3m7GpEk
exp_04,3660,cf_upbeat_electronic,2,0,1,1,1.0,1,1,0,1,nZNxV2PbEt8_-ApiJ7GWlZU
exp_04,3660,cf_lyrical_piano,8,-2,1,1,0.875,1,1,0,1,nZNxV2PbEt8_-ApiJ7GWlZU
exp_04,3673,cf_upbeat_electronic,5,0,1,1,0.8,0,0,0,1,Vfxj2zLHkSI_AfOSCflq5VM
exp_04,3673,cf_lyrical_piano,9,0,1,1,1.0,0,0,0,1,Vfxj2zLHkSI_AfOSCflq5VM
exp_04,3689,cf_upbeat_electronic,2,0,1,1,1.0,0,0,0,1,dmCQGY420rk_iqNEHhKHBes
exp_04,3689,cf_lyrical_piano,9,-1,1,1,1.0,0,0,0,1,dmCQGY420rk_iqNEHhKHBes
exp_04,3705,cf_upbeat_electronic,3,0,1,1,1.0,0,0,0,1,6CNrFkREe6g_EAo4DXBZ81M
exp_04,3705,cf_lyrical_piano,3,-2,1,1,1.0,0,0,0,1,6CNrFkREe6g_EAo4DXBZ81M
exp_04,3711,cf_upbeat_electronic,0,0,0,0,1.0,0,0,0,1,Bdz3jRz2yzc_hS_ZVaY19_o
exp_04,3711,cf_lyrical_piano,1,0,1,1,1.0,0,0,0,1,Bdz3jRz2yzc_hS_ZVaY19_o
exp_04,3715,cf_upbeat_electronic,5,0,1,1,0.8333,1,0,1,1,BtoBOV5kvCM_Rb-5eXoGo1w
exp_04,3715,cf_lyrical_piano,5,1,1,0,0.8,1,0,1,1,BtoBOV5kvCM_Rb-5eXoGo1w
exp_04,3754,cf_upbeat_electronic,1,0,1,1,0.625,0,0,0,1,QTFfpEUXLS0_x6hH8e6nHJI
exp_04,3754,cf_lyrical_piano,9,-4,1,1,0.7778,0,0,0,1,QTFfpEUXLS0_x6hH8e6nHJI
exp_04,3788,cf_upbeat_electronic,0,-1,0,0,,1,1,0,1,cv-jSWbgOKU_C5A5d8ZWeWQ
exp_04,3788,cf_lyrical_piano,5,0,1,1,0.875,1,1,0,1,cv-jSWbgOKU_C5A5d8ZWeWQ
exp_04,3819,cf_upbeat_electronic,5,0,1,1,0.8889,1,1,0,1,DnEseRarv8E_-kbYn4cABtw
exp_04,3819,cf_lyrical_piano,9,-2,1,1,1.0,1,1,0,1,DnEseRarv8E_-kbYn4cABtw
exp_04,3876,cf_upbeat_electronic,-1,0,0,0,0.6667,0,1,0,1,BQNjjLN0gA8_YxVvA5-Ndmg
exp_04,3876,cf_lyrical_piano,11,-4,1,1,1.0,0,0,0,1,BQNjjLN0gA8_YxVvA5-Ndmg
exp_04,3905,cf_upbeat_electronic,5,-1,1,1,0.8333,1,0,1,1,f967-QmIzpw_dWbElzNaE8k
exp_04,3905,cf_lyrical_piano,5,-1,1,1,1.0,1,1,0,1,f967-QmIzpw_dWbElzNaE8k
exp_04,3915,cf_upbeat_electronic,5,0,1,1,0.625,1,0,1,1,4Q4VQyHfiPI_5KMORmZGYRc
exp_04,3915,cf_lyrical_piano,9,0,1,1,1.0,1,0,1,1,4Q4VQyHfiPI_5KMORmZGYRc
exp_04,3916,cf_upbeat_electronic,7,0,1,1,1.0,0,1,0,1,skuxLAlq9Go_roF2xqB8ppo
exp_04,3916,cf_lyrical_piano,1,-1,1,1,1.0,0,1,0,1,skuxLAlq9Go_roF2xqB8ppo
exp_04,3931,cf_upbeat_electronic,4,0,1,1,1.0,0,1,0,1,RQWHBmcFvoA_uq1gbZNyRZE
exp_04,3931,cf_lyrical_piano,9,-2,1,1,1.0,0,1,0,1,RQWHBmcFvoA_uq1gbZNyRZE
exp_04,3936,cf_upbeat_electronic,3,0,1,1,0.75,0,0,0,1,X3kujXNpQRo_il1qddLLqyE
exp_04,3936,cf_lyrical_piano,3,-4,1,1,0.6667,0,1,0,1,X3kujXNpQRo_il1qddLLqyE
exp_04,3952,cf_upbeat_electronic,6,0,1,1,1.0,0,1,0,1,gsD2ksg2nrw_htFqbKNe60Y
exp_04,3952,cf_lyrical_piano,9,0,1,1,1.0,0,1,0,1,gsD2ksg2nrw_htFqbKNe60Y
exp_04,3963,cf_upbeat_electronic,6,1,1,0,0.4286,0,1,0,1,YeKvmD0MBnI_hCeb5KvlOgI
exp_04,3963,cf_lyrical_piano,3,0,1,1,0.6667,0,1,0,1,YeKvmD0MBnI_hCeb5KvlOgI
exp_04,3980,cf_upbeat_electronic,3,0,1,1,0.7143,0,0,0,1,0lkuVDqosG0_Im1bp7Ljud4
exp_04,3980,cf_lyrical_piano,9,-3,1,1,1.0,0,0,0,1,0lkuVDqosG0_Im1bp7Ljud4
exp_04,3981,cf_upbeat_electronic,1,0,1,1,1.0,1,1,0,1,s4UKAbZXMD8_c6F-7olJ_VI
exp_04,3981,cf_lyrical_piano,5,0,1,1,1.0,1,1,0,1,s4UKAbZXMD8_c6F-7olJ_VI
exp_04,4025,cf_upbeat_electronic,3,0,1,1,0.8,0,1,0,1,ZXpTajpYggc_jRKztRLtZcE
exp_04,4025,cf_lyrical_piano,7,0,1,1,1.0,0,1,0,1,ZXpTajpYggc_jRKztRLtZcE
exp_04,4053,cf_upbeat_electronic,7,0,1,1,0.5455,0,0,0,1,g90g2CerdKE_ZheEZlDYtHQ
exp_04,4053,cf_lyrical_piano,0,-4,0,0,,0,0,0,1,g90g2CerdKE_ZheEZlDYtHQ
exp_04,4087,cf_upbeat_electronic,3,0,1,1,0.6667,1,1,0,1,-XiN_yDGDjE_Bt2ha5B3X3c
exp_04,4087,cf_lyrical_piano,9,-2,1,1,1.0,1,1,0,1,-XiN_yDGDjE_Bt2ha5B3X3c
exp_04,4147,cf_upbeat_electronic,3,0,1,1,0.75,0,0,0,1,EBQL5tLTOvo_SWEoM7bZSd0
exp_04,4147,cf_lyrical_piano,4,0,1,1,1.0,0,0,0,1,EBQL5tLTOvo_SWEoM7bZSd0
exp_04,4148,cf_upbeat_electronic,4,0,1,1,0.8571,1,1,0,1,Z1ltk4cjc0A_vixPS5KWjFM
exp_04,4148,cf_lyrical_piano,9,-3,1,1,1.0,1,1,0,1,Z1ltk4cjc0A_vixPS5KWjFM
exp_04,4150,cf_upbeat_electronic,2,0,1,1,1.0,0,0,0,1,Z0Ujpe2xWKs_bxU95SaM06c
exp_04,4150,cf_lyrical_piano,9,-5,1,1,1.0,0,0,0,1,Z0Ujpe2xWKs_bxU95SaM06c
exp_04,4180,cf_upbeat_electronic,6,0,1,1,0.8571,1,1,0,1,KDOK211mTgA_A4RbtN9IarQ
exp_04,4180,cf_lyrical_piano,9,0,1,1,1.0,1,1,0,1,KDOK211mTgA_A4RbtN9IarQ
